source_x,source_y,matched_reference_x,matched_reference_y,true_reference_x,true_reference_y,ground_truth_error_px,ransac_self_residual_px
124.41561889648438,49.76625061035156,124.41561889648438,48.07829666137695,120.85575745172233,59.70066600559952,12.155331450825514,1.618026040286277
149.2987518310547,49.76625061035156,149.2987518310547,47.99683380126953,145.8005839139286,59.51780760201499,12.040349500486835,1.6970263056412003
174.18186950683594,49.76625061035156,174.18186950683594,48.07991409301758,170.7453950795142,59.33494931056254,11.767972392804706,1.611489077317953
199.06500244140625,49.76625061035156,199.06500244140625,46.9619026184082,195.69022154172043,59.15209090697801,12.648708891885713,2.7270244145811477
223.9481201171875,49.76625061035156,223.9481201171875,47.96501922607422,220.63503270730604,58.96923261552556,11.49213907443237,1.7214636465791513
248.83123779296875,49.76625061035156,248.83123779296875,48.817344665527344,245.57984387289162,58.78637432407312,10.485853077193095,0.8667080454660684
273.7143859863281,49.76625061035156,273.7143859863281,49.056400299072266,270.52468563171857,58.60351580835649,10.065863246627769,0.6252083963916839
124.41561889648438,74.64937591552734,124.41561889648438,72.2906494140625,121.03861579924082,84.64548481949544,12.808048556049895,2.2987823754270056
149.2987518310547,74.64937591552734,149.2987518310547,73.38370513916016,145.9834422614471,84.4626264159109,11.56433198238325,1.2033013494081908
174.18186950683594,74.64937591552734,174.18186950683594,73.90401458740234,170.9282534270327,84.27976812445846,10.87392657030967,0.6805760447758409
199.06500244140625,74.64937591552734,199.06500244140625,73.72382354736328,195.87307988923894,84.09690972087392,10.853077275229914,0.858280945247853
223.9481201171875,74.64937591552734,223.9481201171875,73.4653549194336,220.81789105482454,83.91405142942148,10.907501672733984,1.1142718901608712
248.83123779296875,74.64937591552734,248.83123779296875,74.5259017944336,245.76270222041012,83.73119313796903,9.70326230086697,0.05209034160756742
273.7143859863281,74.64937591552734,273.7143859863281,75.38506317138672,270.707543979237,83.5483346222524,8.699430994963196,0.810435780433423
298.5975036621094,74.64937591552734,298.5975036621094,75.16984558105469,295.6523551448226,83.36547633079996,8.708746360702374,0.5976759818503262
323.4806213378906,74.64937591552734,323.4806213378906,75.0797348022461,320.59716631040817,83.18261803934752,8.600641234792501,0.5100147838896816
348.3637390136719,74.64937591552734,348.3637390136719,74.80570983886719,345.5419774759938,82.99975974789507,8.666302099924694,0.23847361748831417
373.24688720703125,74.64937591552734,373.24688720703125,74.8200912475586,370.4868192348207,82.81690123217844,8.459724885676724,0.2552842014031918
124.41561889648438,99.53250122070312,122.76359558105469,99.93225860595703,121.2214741467593,109.59030363339136,9.780387122709518,1.699359685966098
124.41561889648438,124.41561889648438,124.41561889648438,125.37152099609375,121.40433243821175,134.53511479897696,9.645688027197215,0.9959611520511608
149.2987518310547,124.41561889648438,149.2987518310547,124.25621032714844,146.34915890041802,134.35225639539243,10.518091303490705,0.11759474611356167
174.18186950683594,124.41561889648438,174.18186950683594,124.94959259033203,171.29397006600362,134.16939810393998,9.661510072918993,0.5789636350975167
199.06500244140625,124.41561889648438,199.06500244140625,124.27554321289062,196.23879652820986,133.98653970035545,10.11389601703223,0.09331455310551305
223.9481201171875,124.41561889648438,223.9481201171875,124.60374450683594,221.18360769379547,133.803681408903,9.606319167147438,0.23810307238072162
248.83123779296875,124.41561889648438,248.83123779296875,124.5201187133789,246.12841885938104,133.62082311745056,9.493579453401615,0.15697965196825597
273.7143859863281,124.41561889648438,273.7143859863281,124.76225280761719,271.07326061820794,133.43796460173394,9.068821221344287,0.40140408487404916
298.5975036621094,124.41561889648438,298.5975036621094,124.42256164550781,296.0180717837935,133.2551063102815,9.201484340588427,0.06446822551921724
323.4806213378906,124.41561889648438,323.4806213378906,123.84052276611328,320.9628829493791,133.07224801882904,9.568895324676435,0.5155325300625817
348.3637390136719,124.41561889648438,348.3637390136719,124.7131576538086,345.9076941149647,132.8893897273766,8.537149844374733,0.35963083471379736
373.24688720703125,124.41561889648438,373.24688720703125,124.4317855834961,370.8525358737916,132.70653121165998,8.614193724185897,0.08079569400858003
398.1300048828125,124.41561889648438,398.1300048828125,124.40095520019531,395.7973470393772,132.52367292020753,8.451025723161699,0.05242019678975875
423.01312255859375,124.41561889648438,423.01312255859375,124.57937622070312,420.7421582049628,132.34081462875508,8.086853854092249,0.23318593540882282
447.896240234375,124.41561889648438,447.896240234375,124.83322143554688,445.6869693705484,132.15795633730264,7.650661352507512,0.4894714611592323
472.7793884277344,124.41561889648438,472.7793884277344,125.06517028808594,470.6318111293753,131.975097821586,7.2359648127011615,0.7238703183960487
497.6624755859375,124.41561889648438,497.6624755859375,124.08499145507812,495.57659170171956,131.79223975439774,7.984521771891239,0.25385647626477487
522.5455932617188,124.41561889648438,522.5455932617188,124.89789581298828,520.5214028673051,131.6093814629453,7.010091752781501,0.5615013128636261
547.4287719726562,124.41561889648438,547.4287719726562,124.67350006103516,545.4662752193734,131.42652272296448,7.0324041820117715,0.3395612485506277
99.53250122070312,149.2987518310547,99.53250122070312,149.0387725830078,96.6423796762107,159.66279955263565,11.010120416840087,0.2328401110177822
124.41561889648438,149.2987518310547,124.41561889648438,149.46444702148438,121.58719084179629,159.4799412611832,10.40721529161317,0.1960627783161719
149.2987518310547,149.2987518310547,149.2987518310547,149.48876953125,146.53201730400255,159.29708285759867,10.1910661979506,0.22274536588492708
174.18186950683594,149.2987518310547,174.18186950683594,149.3607177734375,171.47682846958816,159.11422456614622,10.121666946141318,0.09744096478447038
199.06500244140625,149.2987518310547,199.06500244140625,149.1483154296875,196.4216549317944,158.9313661625617,10.13387229535489,0.11354082092661703
223.9481201171875,149.2987518310547,223.9481201171875,149.1492462158203,221.36646609738,158.74850787110924,9.940360245216898,0.11009786709380412
248.83123779296875,149.2987518310547,248.83123779296875,149.39112854003906,246.31127726296558,158.5656495796568,9.514306983651634,0.13486620925636145
273.7143859863281,149.2987518310547,273.7143859863281,149.40765380859375,271.25611902179253,158.38279106394018,9.305706057104663,0.15377053068988245
298.5975036621094,149.2987518310547,298.5975036621094,149.35354614257812,296.2009301873781,158.19993277248773,9.165267089704964,0.10214876783210024
323.4806213378906,149.2987518310547,323.4806213378906,149.2341766357422,321.1457413529637,158.01707448103528,9.087956816846486,0.01603881349096655
348.3637390136719,149.2987518310547,348.3637390136719,149.2256622314453,346.0905525185493,157.83421618958283,8.903627243532421,0.021602148226930188
373.24688720703125,149.2987518310547,373.24688720703125,149.5132598876953,371.0353942773762,157.65135767386622,8.433228121851915,0.2690403825890987
398.1300048828125,149.2987518310547,398.1300048828125,149.0790557861328,395.9802054429618,157.46849938241377,8.66050815407283,0.1627729572834863
423.01312255859375,149.2987518310547,423.01312255859375,149.35336303710938,420.92501660854737,157.28564109096132,8.202513126002318,0.11404369345747038
447.896240234375,149.2987518310547,447.896240234375,149.51657104492188,445.869827774133,157.10278279950887,7.852194358550862,0.27968421128377446
472.7793884277344,149.2987518310547,472.7793884277344,149.3831787109375,470.8146695329599,156.91992428379226,7.788623380638558,0.14874229236744502
497.6624755859375,149.2987518310547,497.6624755859375,149.32972717285156,495.75945010530415,156.73706621660398,7.647887138879517,0.09774224453210889
522.5455932617188,149.2987518310547,522.5455932617188,149.43856811523438,520.7042612708897,156.55420792515156,7.350022680572409,0.20903840341564706
547.4287719726562,149.2987518310547,547.4287719726562,149.51353454589844,545.649133622958,156.37134918517071,7.084965369169708,0.2864613331960465
572.3118896484375,149.2987518310547,572.3118896484375,149.5026092529297,570.5939447885435,156.1884908937183,6.903068003161384,0.2779960030023829
597.1950073242188,149.2987518310547,597.1950073242188,149.4481201171875,595.5387559541291,156.00563260226585,6.763441327673528,0.22597428136845327
622.078125,149.2987518310547,622.078125,149.39549255371094,620.4835671197147,155.8227743108134,6.622126970903077,0.17582623511674916
646.9612426757812,149.2987518310547,646.9612426757812,149.32691955566406,645.4283782853003,155.63991601936095,6.496429603270871,0.10977507874729893
124.41561889648438,174.18186950683594,124.41468048095703,174.54493713378906,121.77004913324873,184.4247524267688,10.22765003256749,0.38319625569018856
149.2987518310547,174.18186950683594,149.29855346679688,174.2891082763672,146.714875595455,184.24189402318427,10.282671611254878,0.13012599397461794
174.18186950683594,174.18186950683594,174.18161010742188,174.1518096923828,171.6596867610406,184.05903573173183,10.223170993374708,0.011362860522832913
199.06500244140625,174.18186950683594,199.06492614746094,174.26498413085938,196.60451322324684,183.8761773281473,9.921122236583587,0.11084499025672628
223.9481201171875,174.18186950683594,223.94833374023438,174.2332763671875,221.54932438883245,183.69331903669485,9.75949041584721,0.08167312110283048
248.83123779296875,174.18186950683594,248.83135986328125,174.24827575683594,246.49413555441802,183.5104607452424,9.55252261077686,0.0989603868851265
273.7143859863281,174.18186950683594,273.7143859863281,174.11801147460938,271.43897731324495,183.32760222952575,9.486519198451207,0.030002966204746916
298.5975036621094,174.18186950683594,298.5973815917969,174.2069091796875,296.3837884788305,183.1447439380733,9.207870798288901,0.06247164471022298
323.4806213378906,174.18186950683594,323.4806213378906,174.1713104248047,321.3285996444161,182.96188564662089,9.050160777554941,0.029517696274810937
348.3637390136719,174.18186950683594,348.3637390136719,174.31204223632812,346.27341081000174,182.77902735516844,8.72119882824157,0.17227576688796298
373.24688720703125,174.18186950683594,373.24688720703125,174.181640625,371.21825256882863,182.5961688394518,8.655613413682518,0.044418891978281964
398.1300048828125,174.18186950683594,398.1300048828125,174.0694122314453,396.1630637344142,182.41331054799934,8.572601507025485,0.06556704476784497
423.01312255859375,174.18186950683594,423.01312255859375,174.18153381347656,421.1078748999998,182.23045225654693,8.271339476999842,0.04910737354770066
447.896240234375,174.18186950683594,447.896240234375,174.29132080078125,446.0526860655854,182.04759396509448,7.972356324996204,0.1613117594758877
472.7793884277344,174.18186950683594,472.7793884277344,174.29159545898438,470.9975278244123,181.86473544937783,7.7799406504013815,0.16403571276276455
497.6624755859375,174.18186950683594,497.6624755859375,174.15782165527344,495.9423083967566,181.68187738218958,7.718185650816794,0.03271924875453895
522.5455932617188,174.18186950683594,522.5455932617188,174.3738555908203,520.8871195623421,181.49901909073714,7.315633254344484,0.25120541863750795
547.4287719726562,174.18186950683594,547.4287719726562,174.46014404296875,545.8319919144104,181.31616035075632,7.039507523048799,0.3399503417265518
572.3118896484375,174.18186950683594,572.3118896484375,174.70994567871094,570.776803079996,181.13330205930387,6.6042409075315875,0.5922056206689144
597.1950073242188,174.18186950683594,597.1950073242188,174.8207550048828,595.7216142455816,180.95044376785143,6.304281996789135,0.7054708221010914
622.078125,174.18186950683594,622.078125,174.5810546875,620.6664254111672,180.76758547639898,6.345554265082418,0.4682367523491368
646.9612426757812,174.18186950683594,646.9612426757812,174.28175354003906,645.6112365767527,180.58472718494656,6.445928423106534,0.17145561474210425
671.8443603515625,174.18186950683594,671.8443603515625,174.1096649169922,670.5560477423384,180.4018688934941,6.4227393113057705,0.006656372840980275
696.7274780273438,174.18186950683594,696.7274780273438,174.21212768554688,695.500858907924,180.21901060204166,6.130843077147141,0.10689203321360775
721.610595703125,174.18186950683594,721.610595703125,174.519287109375,720.4456700735095,180.03615231058922,5.638515174308162,0.4163360447845155
124.41561889648438,199.06500244140625,122.10340118408203,200.36212158203125,121.95290753683327,209.36957888897504,9.00871441851041,2.645957024119587
746.4937744140625,199.06500244140625,744.9432983398438,201.5198211669922,745.5734008291623,204.79812003281464,3.3383038508647207,2.968884050668159
796.260009765625,199.06500244140625,794.0686645507812,200.17996215820312,795.4630231603335,204.43240344990977,4.475208695853648,2.5038573569633624
99.53250122070312,223.9481201171875,99.53250122070312,224.20648193359375,97.19095466270012,234.4972483460131,10.55380090954315,0.2561529721812905
124.41561889648438,223.9481201171875,124.41561889648438,224.11241149902344,122.13576582828571,234.31439005456065,10.453616429744107,0.16463478957968747
149.2987518310547,223.9481201171875,149.2987518310547,224.13299560546875,147.08059229049198,234.13153165097611,10.241628522881477,0.18757622879829525
174.18186950683594,223.9481201171875,174.18186950683594,224.1447296142578,172.02540345607758,233.94867335952367,10.038309558307654,0.20170135189003735
199.06500244140625,223.9481201171875,199.06500244140625,224.2065887451172,196.97022991828382,233.76581495593913,9.786055266208853,0.2659297288489221
223.9481201171875,223.9481201171875,223.9481201171875,224.01431274414062,221.91504108386943,233.5829566644867,9.782247023567399,0.07637174189267489
248.83123779296875,223.9481201171875,248.83123779296875,224.0597381591797,246.859852249455,233.40009837303424,9.5461348139303,0.12404221995144124
273.7143859863281,223.9481201171875,273.7143859863281,224.00714111328125,271.8046940082819,233.2172398573176,9.406000336270138,0.07395873832603764
298.5975036621094,223.9481201171875,298.5975036621094,224.04393005371094,296.7495051738675,233.03438156586515,9.178415811290106,0.1130672515470129
323.4806213378906,223.9481201171875,323.4806213378906,224.01824951171875,321.69431633945305,232.85152327441273,9.012081386346933,0.08982640763048123
348.3637390136719,223.9481201171875,348.3637390136719,224.02772521972656,346.6391275050387,232.66866498296028,8.811363393229428,0.10170783453073756
373.24688720703125,223.9481201171875,373.24688720703125,224.00437927246094,371.5839692638656,232.48580646724363,8.642910583021314,0.08079821726043572
398.1300048828125,223.9481201171875,398.1300048828125,223.9331817626953,396.52878042945116,232.3029481757912,8.52155558333278,0.012170103256488415
423.01312255859375,223.9481201171875,423.01312255859375,223.93931579589844,421.47359159503674,232.12008988433877,8.324375068066521,0.02062360901765206
447.896240234375,223.9481201171875,447.896240234375,224.21629333496094,446.41840276062237,231.93723159288632,7.861099870980103,0.30002130068939303
472.7793884277344,223.9481201171875,472.7793884277344,224.0818328857422,471.36324451944927,231.75437307716967,7.802136666198764,0.1680144586050955
497.6624755859375,223.9481201171875,497.6624755859375,224.0072784423828,496.3080250917935,231.57151500998143,7.684543642382604,0.09592176980535799
522.5455932617188,223.9481201171875,522.5455932617188,223.95162963867188,521.2528362573792,231.38865671852898,7.548549030031992,0.042772671061202895
547.4287719726562,223.9481201171875,547.4287719726562,223.967529296875,546.1977086094474,231.20579797854816,7.342210192600423,0.06114434306025754
572.3118896484375,223.9481201171875,572.3118896484375,224.30865478515625,571.142519775033,231.02293968709571,6.815353816584904,0.4046661024884519
597.1950073242188,223.9481201171875,597.1950073242188,224.2880859375,596.0873309406186,230.84008139564327,6.644967377972261,0.38656044837395
622.078125,223.9481201171875,622.078125,224.0652618408203,621.0321421062042,230.65722310419082,6.674431324981229,0.16625336703786842
646.9612426757812,223.9481201171875,646.9612426757812,224.07835388183594,645.9769532717897,230.4743648127384,6.471304463478269,0.18181806649181684
671.8443603515625,223.9481201171875,671.8443603515625,224.0951690673828,670.9217644373754,230.29150652128595,6.264645326234969,0.20110393187262127
696.7274780273438,223.9481201171875,696.7274780273438,224.21539306640625,695.866575602961,230.1086482298335,5.955804681616926,0.32375149004886916
721.610595703125,223.9481201171875,721.610595703125,224.36328125,720.8113867685465,229.92578993838106,5.619629687926493,0.47407580009240013
746.4937744140625,223.9481201171875,746.4937744140625,224.07537841796875,745.7562591206148,229.74293119840024,5.715337551452756,0.18879422223378622
771.3768310546875,223.9481201171875,771.3768310546875,224.05166625976562,770.7010090997178,229.56007335547616,5.549710266932255,0.16761800817899536
796.260009765625,223.9481201171875,796.260009765625,223.98463439941406,795.645881451786,229.37721461549535,5.427437238027729,0.10333841566938956
821.14306640625,223.9481201171875,821.14306640625,223.95542907714844,820.590631430889,229.1943567725713,5.267973785040206,0.07693679673431318
846.0262451171875,223.9481201171875,846.0262451171875,224.12794494628906,845.5355037829571,229.01149803259048,4.908148103291743,0.2512630391730331
870.9093627929688,223.9481201171875,870.9093627929688,224.24295043945312,870.4803149485427,228.82863974113803,4.605716928383032,0.36864329717758704
895.79248046875,223.9481201171875,895.79248046875,224.1815643310547,895.4251261141284,228.6457814496856,4.479306163250803,0.30979939715902555
99.53250122070312,248.83123779296875,99.53250122070312,248.95205688476562,97.37381295415257,259.4420595115987,10.709812796828329,0.1089489245807419
124.41561889648438,248.83123779296875,124.41561889648438,248.8466033935547,122.31862411973816,259.2592012201462,10.621656207580797,0.012077950799991844
149.2987518310547,248.83123779296875,149.2987518310547,249.00726318359375,147.26345058194443,259.0763428165617,10.272721928957273,0.16872979263281834
174.18186950683594,248.83123779296875,174.18186950683594,248.98663330078125,172.20826174753003,258.8934845251093,10.101526061371228,0.15053527773206665
199.06500244140625,248.83123779296875,199.06500244140625,249.02935791015625,197.15308820973627,258.71062612152474,9.868250615469606,0.19561090124188385
223.9481201171875,248.83123779296875,223.9481201171875,249.11924743652344,222.09789937532187,258.52776783007226,9.588721123771093,0.28787354844828306
248.83123779296875,248.83123779296875,248.83123779296875,248.86090087890625,247.04271054090745,258.34490953861985,9.651178683916717,0.032567547546510645
273.7143859863281,248.83123779296875,273.7143859863281,248.9027099609375,271.9875522997344,258.1620510229032,9.418988877950703,0.07636564959043299
298.5975036621094,248.83123779296875,298.5975036621094,248.92103576660156,296.93236346531995,257.9791927314508,9.20993482467766,0.0970506194740256
323.4806213378906,248.83123779296875,323.4806213378906,249.01084899902344,321.87717463090553,257.7963344399983,8.930610044992598,0.18923476404389838
348.3637390136719,248.83123779296875,348.3637390136719,248.87591552734375,346.82198579649116,257.6134761485459,8.872540143153442,0.05680436460528769
373.24688720703125,248.83123779296875,373.24688720703125,248.7178192138672,371.76682755531806,257.43061763282924,8.837614659063666,0.09896415464985117
398.1300048828125,248.83123779296875,398.1300048828125,248.97669982910156,396.71163872090364,257.2477593413768,8.391792896922988,0.1624075743115194
423.01312255859375,248.83123779296875,423.01312255859375,248.93223571777344,421.6564498864892,257.06490104992434,8.245047370634355,0.12039096398800522
447.896240234375,248.83123779296875,447.896240234375,248.8291015625,446.60126105207485,256.8820427584719,8.15639828529557,0.019707523690829933
472.7793884277344,248.83123779296875,472.7793884277344,248.82269287109375,471.54610281090174,256.6991842427553,7.972459453678317,0.01577825599129777
497.6624755859375,248.83123779296875,497.6624755859375,248.97164916992188,496.490883383246,256.51632617556703,7.63510179427349,0.16717019770904512
522.5455932617188,248.83123779296875,522.5455932617188,248.91883850097656,521.4356945488315,256.3334678841146,7.49723976154977,0.11683213602730584
547.4287719726562,248.83123779296875,547.4287719726562,249.19992065429688,546.3805669008998,256.1506091441338,7.029281923155978,0.40035320671549085
572.3118896484375,248.83123779296875,572.3118896484375,249.12037658691406,571.3253780664853,255.96775085268132,6.918073390534209,0.32327566684920145
597.1950073242188,248.83123779296875,597.1950073242188,249.1248321533203,596.270189232071,255.78489256122887,6.723964094234519,0.33019558189255427
622.078125,248.83123779296875,622.078125,249.04898071289062,621.2150003976566,255.60203426977642,6.609651654859288,0.2568265621617176
646.9612426757812,248.83123779296875,646.9612426757812,248.88967895507812,646.1598115632421,255.41917597832398,6.578497032356417,0.10013952791899096
671.8443603515625,248.83123779296875,671.8443603515625,248.92327880859375,671.1046227288277,255.23631768687153,6.356230929500285,0.13617578134416983
696.7274780273438,248.83123779296875,696.7274780273438,249.0169219970703,696.0494338944134,255.0534593954191,6.074498136296117,0.23221248010089082
721.610595703125,248.83123779296875,721.610595703125,249.0514373779297,720.9942450599989,254.87060110396666,5.851713816114602,0.26918736754216743
746.4937744140625,248.83123779296875,746.4937744140625,248.9652099609375,745.9391174120672,254.68774236398585,5.749349658335345,0.1855298372811039
771.3768310546875,248.83123779296875,771.3768310546875,248.9446563720703,770.8838673911702,254.50488452106177,5.582038179946944,0.16751232304060054
796.260009765625,248.83123779296875,796.260009765625,248.9147491455078,795.8287397432383,254.32202578108095,5.424447847092328,0.14019726790160325
821.14306640625,248.83123779296875,821.14306640625,248.91348266601562,820.7734897223413,254.13916793815687,5.238737776293341,0.14145235665734882
846.0262451171875,248.83123779296875,846.0262451171875,249.0145263671875,845.7183620744095,253.95630919817606,4.951364409603028,0.24475351004380824
870.9093627929688,248.83123779296875,870.9093627929688,249.0554962158203,870.6631732399951,253.7734509067236,4.724373584022521,0.28816070991123494
895.79248046875,248.83123779296875,895.79248046875,248.95925903320312,895.6079844055807,253.59059261527116,4.635006962855193,0.19461279613683727
920.6756591796875,248.83123779296875,920.6756591796875,248.94126892089844,920.5528567576489,253.40773387529035,4.468152820089044,0.17920040522808575
945.5587768554688,248.83123779296875,945.5587768554688,248.96315002441406,945.4976679232345,253.2248755838379,4.262163657750043,0.2035164757445647
970.44189453125,248.83123779296875,970.44189453125,249.0513153076172,970.44247908882,253.04201729238548,3.990702027581256,0.2939682308956842
995.324951171875,248.83123779296875,995.324951171875,248.92349243164062,995.387229067923,252.8591594494614,3.9361597289107126,0.16908514418061824
74.64937591552734,273.7143859863281,74.60942077636719,273.78082275390625,72.61185265597328,284.56975961794404,10.972303178996091,0.04995433166793399
99.53250122070312,273.7143859863281,99.55329895019531,273.610107421875,97.5566714698692,284.3869012704256,10.960191921191498,0.13077660327596968
124.41561889648438,273.7143859863281,124.42729187011719,273.8448181152344,122.50148263545479,284.2040429789731,10.536711108586683,0.11257579495932336
149.2987518310547,273.7143859863281,149.30953979492188,273.747314453125,147.44630909766104,284.0211845753886,10.441457557274058,0.025510326104722952
174.18186950683594,273.7143859863281,174.19137573242188,273.7524108886719,172.39112026324665,283.83832628393617,10.245321328036745,0.029278815108550287
199.06500244140625,273.7143859863281,199.0729217529297,273.6924133300781,197.33594672545289,283.65546788035164,10.113334673479553,0.03811132811225266
223.9481201171875,273.7143859863281,223.9434356689453,273.72296142578125,222.2807578910385,283.47260958889916,9.890406295887628,0.0029169670346358293
248.83123779296875,273.7143859863281,248.83592224121094,273.73492431640625,247.22556905662407,283.28975129744674,9.689579764712628,0.016793845322251113
273.7143859863281,273.7143859863281,273.71417236328125,273.7154235839844,272.170410815451,283.1068927817301,9.517504578867605,0.006734635193661205
298.5975036621094,273.7143859863281,298.5919189453125,273.68994140625,297.1152219810366,282.9240344902777,9.351422833386877,0.027342411748217357
323.4806213378906,273.7143859863281,323.4774475097656,273.69622802734375,322.0600331466222,282.7411761988252,9.155334559787041,0.018591732990204314
348.3637390136719,273.7143859863281,348.3639221191406,273.735107421875,347.0048443122078,282.5583179073728,8.927269221699058,0.02295431297412815
373.24688720703125,273.7143859863281,373.24493408203125,273.73822021484375,371.9496860710347,282.37545939165614,8.73381749336756,0.028314675974904984
398.1300048828125,273.7143859863281,398.1300048828125,273.7449645996094,396.8944972366203,282.1926011002037,8.537507926202661,0.037531182002178184
423.01312255859375,273.7143859863281,423.0132141113281,273.78076171875,421.83930840220586,282.00974280875124,8.31229116390348,0.07576339707241155
447.896240234375,273.7143859863281,447.8965759277344,273.7588195800781,446.7841195677915,281.8268845172988,8.14439874907825,0.05627307533818327
472.7793884277344,273.7143859863281,472.7792053222656,273.8057556152344,471.7289613266184,281.6440260015822,7.9083180955175285,0.1056725862887588
497.6624755859375,273.7143859863281,497.6624755859375,273.80474853515625,496.67374189896265,281.4611679343939,7.719996911967124,0.1071295703444287
522.5455932617188,273.7143859863281,522.5455932617188,273.7769775390625,521.6185530645482,281.27830964294145,7.558398432198119,0.08184474508484348
547.4287719726562,273.7143859863281,547.4285888671875,273.9426574707031,546.5634254166165,281.09545090296064,7.2049262092508695,0.24995511739866422
572.3118896484375,273.7143859863281,572.3118896484375,273.8651428222656,571.508236582202,280.9125926115082,7.093123908600861,0.1749236699729428
597.1950073242188,273.7143859863281,597.1950073242188,273.8396301269531,596.4530477477877,280.7297343200558,6.929937936581312,0.15190165123440827
622.078125,273.7143859863281,622.078125,273.82470703125,621.3978589133733,280.5468760286033,6.756501903913932,0.1394762691829625
646.9612426757812,273.7143859863281,646.9612426757812,273.72857666015625,646.3426700789588,280.3640177371509,6.66421115690429,0.04621768394186272
671.8443603515625,273.7143859863281,671.8443603515625,273.7978820800781,671.2874812445444,280.1811594456984,6.407522474894153,0.11768709438212306
696.7274780273438,273.7143859863281,696.7274780273438,273.7573547363281,696.2322924101301,279.998301154246,6.260560756579026,0.07983303030202617
721.610595703125,273.7143859863281,721.610595703125,273.8870544433594,721.1771035757156,279.81544286279353,5.944216069105072,0.2117138164562443
746.4937744140625,273.7143859863281,746.4937744140625,273.8226013183594,746.1219759277839,279.6325841228127,5.8218669086851,0.14986286122546372
771.3768310546875,273.7143859863281,771.3768310546875,273.745849609375,771.0667259068869,279.4497262798887,5.71230026128904,0.07605057165140121
796.260009765625,273.7143859863281,796.260009765625,273.7509460449219,796.011598258955,279.2668675399079,5.521512312355617,0.08364116741143426
821.14306640625,273.7143859863281,821.14306640625,273.6946105957031,820.956348238058,279.0840096969838,5.3926325989462605,0.03168292349238771
846.0262451171875,273.7143859863281,846.0262451171875,273.76666259765625,845.9012205901262,278.901150957003,5.136010304179112,0.1042963924756287
870.9093627929688,273.7143859863281,870.9093627929688,273.71728515625,870.8460317557118,278.7182926655505,5.001408494450349,0.05833638408382027
895.79248046875,273.7143859863281,895.79248046875,273.81427001953125,895.7908429212974,278.5354343740981,4.7211646385605075,0.15665551821225598
920.6756591796875,273.7143859863281,920.6756591796875,273.7339172363281,920.7357152733656,278.3525756341173,4.619048833889515,0.07969071959682028
945.5587768554688,273.7143859863281,945.5587768554688,273.7724304199219,945.6805264389512,278.1697173426648,4.398972066517821,0.12019166258552992
970.44189453125,273.7143859863281,970.44189453125,273.7154846191406,970.6253376045368,277.9868590512124,4.27531178981056,0.06694826805855342
995.324951171875,273.7143859863281,995.324951171875,273.7259216308594,995.5700875836397,277.8040012082883,4.08544060050024,0.07962978115245645
1020.2080688476562,273.7143859863281,1020.2080688476562,273.86236572265625,1020.5148987492254,277.6211429168359,3.7712797011070136,0.21714213806759958
1045.0911865234375,273.7143859863281,1045.0911865234375,273.7919921875,1045.4597099148107,277.4382846253834,3.6648680784654277,0.14974598000795042
1069.974365234375,273.7143859863281,1069.974365234375,273.7892150878906,1070.4045822668788,277.2554258854026,3.4928074650408254,0.1495432782250995
49.76625061035156,298.5975036621094,50.42537307739258,298.6255798339844,47.849892133529806,309.6974291310482,11.367451295215325,0.671745846366904
74.64937591552734,298.5975036621094,74.843017578125,298.5770263671875,72.79471094742571,309.5145707835297,11.12768789609165,0.2127113849449704
1045.0911865234375,298.5975036621094,1045.7457275390625,298.69775390625,1045.6425682062631,302.38309579096904,3.686785409433002,0.6536321943283899
1069.974365234375,298.5975036621094,1071.2437744140625,298.1343994140625,1070.5874405583313,302.2002370509882,4.118471782108104,1.3100737347230564
1094.8575439453125,298.5975036621094,1095.13818359375,297.96160888671875,1095.5323129103997,302.01737831100735,4.074874665708999,0.6258959346174825
1144.623779296875,298.5975036621094,1143.9451904296875,297.5287170410156,1145.4219352415707,301.6516617281025,4.379434681805636,1.2209529788948055
49.76625061035156,323.4806213378906,49.76625061035156,323.5083312988281,48.03275042498224,334.64224029663376,11.268050073730269,0.023155038428183568
74.64937591552734,323.4806213378906,74.64937591552734,323.5114440917969,72.97756923887816,334.45938194911525,11.074849023431144,0.01811203663870342
99.53250122070312,323.4806213378906,99.53250122070312,323.52886962890625,97.92238805277408,334.27652360159675,10.867590824567715,0.011944582291571675
149.2987518310547,323.4806213378906,149.2987518310547,323.4552917480469,147.81202568056594,333.9108069065598,10.560688986824706,0.06354669430246562
174.18186950683594,323.4806213378906,174.18186950683594,323.4927978515625,172.75683684615154,333.7279486151073,10.333877744414698,0.024314594167377187
199.06500244140625,323.4806213378906,199.06500244140625,323.4711608886719,197.70166330835778,333.5450902115228,10.165763404363533,0.04275623849911664
223.9481201171875,323.4806213378906,223.9481201171875,323.4639587402344,222.64647447394339,333.36223192007037,9.983491038871973,0.04732701625911357
248.83123779296875,323.4806213378906,248.83123779296875,323.4402160644531,247.59128563952896,333.1793736286179,9.817773240529027,0.06841496698693414
273.7143859863281,323.4806213378906,273.7143859863281,323.47869873046875,272.53612739835586,332.9965151129013,9.590470373752893,0.02764781785715677
298.5975036621094,323.4806213378906,298.5975036621094,323.4888000488281,297.48093856394144,332.81365682144883,9.391468013486339,0.015180962220228463
323.4806213378906,323.4806213378906,323.4806213378906,323.48431396484375,322.425749729527,332.6307985299964,9.207113228950076,0.01699400334620114
348.3637390136719,323.4806213378906,348.3637390136719,323.4782409667969,347.37056089511265,332.44794023854394,9.024517039751467,0.020467399537790712
373.24688720703125,323.4806213378906,373.24688720703125,323.52093505859375,372.31540265393954,332.26508172282735,8.79362066263243,0.024816335902779364
398.1300048828125,323.4806213378906,398.1300048828125,323.51025390625,397.2602138195251,332.08222343137487,8.61598502978296,0.016562069681077637
423.01312255859375,323.4806213378906,423.01312255859375,323.50762939453125,422.2050249851107,331.89936513992245,8.430554578955386,0.01639172600038947
447.896240234375,323.4806213378906,447.896240234375,323.49127197265625,447.14983615069633,331.71650684847,8.259031893535381,0.00279280308441523
472.7793884277344,323.4806213378906,472.7793884277344,323.47698974609375,472.0946779095232,331.5336483327534,8.085701953185353,0.009585600731597435
497.6624755859375,323.4806213378906,497.6624755859375,323.49920654296875,497.0394584818675,331.35079026556514,7.876262899681825,0.015605482840304984
522.5455932617188,323.4806213378906,522.5455932617188,323.485107421875,521.9842696474531,331.16793197411266,7.703303012370611,0.005287845019982213
547.4287719726562,323.4806213378906,547.4287719726562,323.4854431152344,546.9291419995213,330.98507323413185,7.5162545213908825,0.007958024484615538
572.3118896484375,323.4806213378906,572.3118896484375,323.5062255859375,571.8739531651069,330.8022149426794,7.309120949684955,0.0302014830452773
597.1950073242188,323.4806213378906,597.1950073242188,323.4939270019531,596.8187643306925,330.61935665122695,7.135356086203976,0.02083627514262465
622.078125,323.4806213378906,622.078125,323.4783630371094,621.7635754962781,330.43649835977453,6.965241457323086,0.009836195080761468
646.9612426757812,323.4806213378906,646.9612426757812,323.48272705078125,646.7083866618636,330.25364006832206,6.775632756789424,0.015744712888860733
671.8443603515625,323.4806213378906,671.8443603515625,323.5079650878906,671.6531978274493,330.07078177686964,6.56560020133474,0.0421881287959392
696.7274780273438,323.4806213378906,696.7274780273438,323.4811706542969,696.5980089930349,329.88792348541716,6.408060866589257,0.019484859751580496
721.610595703125,323.4806213378906,721.610595703125,323.4720458984375,721.5428201586204,329.70506519396474,6.233387767726938,0.014679889464013508
746.4937744140625,323.4806213378906,746.4937744140625,323.4967956542969,746.4876925106887,329.5222064539839,6.025413869149073,0.039126518027246676
771.3768310546875,323.4806213378906,771.3768310546875,323.4984436035156,771.4324424897917,329.33934861105985,5.841169740631538,0.04329638266852286
796.260009765625,323.4806213378906,796.260009765625,323.4706115722656,796.3773148418599,329.15648987107903,5.687088227716157,0.02076730603037014
821.14306640625,323.4806213378906,821.14306640625,323.5002136230469,821.3220648209629,328.97363202815495,5.476344535348883,0.0501759256520251
846.0262451171875,323.4806213378906,846.0262451171875,323.48590087890625,846.266937173031,328.79077328817414,5.310329928013687,0.03922488586603157
870.9093627929688,323.4806213378906,870.9093627929688,323.4930114746094,871.2117483386166,328.6079149967217,5.1238340194364245,0.048486244214206116
895.79248046875,323.4806213378906,895.79248046875,323.4787902832031,896.1565595042023,328.42505670526924,4.959647675199783,0.03788685593990692
920.6756591796875,323.4806213378906,920.6756591796875,323.4900817871094,921.1014318562704,328.2421979652884,4.771151909448668,0.050906070655067415
945.5587768554688,323.4806213378906,945.5587768554688,323.49139404296875,946.0462430218561,328.059339673836,4.593881860685102,0.05473541727871324
970.44189453125,323.4806213378906,970.44189453125,323.47296142578125,970.9910541874416,327.8764813823836,4.43763048666555,0.04038892273437301
995.324951171875,323.4806213378906,995.324951171875,323.4573669433594,995.9358041665446,327.6936235394595,4.280071416354953,0.029976195623988833
1020.2080688476562,323.4806213378906,1020.2080688476562,323.4986267089844,1020.8806153321303,327.51076524800703,4.068116816180346,0.06938332710365293
1045.0911865234375,323.4806213378906,1045.0911865234375,323.49566650390625,1045.8254264977156,327.3279069565546,3.9019450568584997,0.06915489685794342
1069.974365234375,323.4806213378906,1069.974365234375,323.4849853515625,1070.7702988497838,327.1450482165738,3.745606826132771,0.06168349308204439
1094.8575439453125,323.4806213378906,1094.8575439453125,323.48760986328125,1095.7151712018522,326.962189476593,3.578858477280329,0.06672988164610028
1119.7406005859375,323.4806213378906,1119.7406005859375,323.4961242675781,1120.659921180955,326.7793316336689,3.4094869064385875,0.07736767289267349
1144.623779296875,323.4806213378906,1144.623779296875,323.5274353027344,1145.6047935330232,326.5964728936881,3.2220150009291433,0.11015622768893084
1169.5068359375,323.4806213378906,1169.5068359375,323.5102233886719,1170.5495435121263,326.413615050764,3.0849509282465455,0.09605451546929228
1194.3900146484375,323.4806213378906,1194.3900146484375,323.50396728515625,1195.4944158641945,326.2307563107832,2.941951807158816,0.09263153355297524
1219.2730712890625,323.4806213378906,1219.2730712890625,323.5083312988281,1220.4391658432974,326.0478984678591,2.794490636133223,0.09941076352923488
1244.15625,323.4806213378906,1244.15625,323.4994201660156,1245.3840381953657,325.8650397278783,2.665261668982395,0.09346773385686359
49.76625061035156,348.3637390136719,49.76625061035156,348.3619079589844,48.21560871643469,359.58705146221934,11.331740243730799,0.06040725425236135
74.64937591552734,348.3637390136719,74.64937591552734,348.36627197265625,73.16042753033061,359.40419311470083,11.137893446777749,0.05355947452769538
99.53250122070312,348.3637390136719,99.53250122070312,348.3556823730469,98.10524634422653,359.2213347671824,10.958989845446931,0.061404304884004265
124.41561889648438,348.3637390136719,124.41561889648438,348.3692321777344,123.05005750981212,359.0384764757299,10.756278714828863,0.045516048792355324
149.2987518310547,348.3637390136719,149.2987518310547,348.3706970214844,147.99488397201839,358.8556180721454,10.565682222763568,0.041509296452628096
174.18186950683594,348.3637390136719,174.18186950683594,348.3641662597656,172.939695137604,358.67275978069296,10.383164139282483,0.04536285914308694
199.06500244140625,348.3637390136719,199.06500244140625,348.3642883300781,197.88452159981023,358.4899013771084,10.19419318021615,0.04268574325400667
223.9481201171875,348.3637390136719,223.9481201171875,348.37060546875,222.82933276539583,358.30704308565595,9.999223852539384,0.033897147086530695
248.83123779296875,348.3637390136719,248.83123779296875,348.36712646484375,247.7741439309814,358.12418479420353,9.814154812085468,0.034776579068412715
273.7143859863281,348.3637390136719,273.7143859863281,348.3812255859375,272.71898568980833,357.9413262784869,9.611781676775378,0.018344192590411826
298.5975036621094,348.3637390136719,298.5975036621094,348.3641662597656,297.6637968553939,357.75846798703446,9.44058861215089,0.03263728017894636
323.4806213378906,348.3637390136719,323.4806213378906,348.3689270019531,322.6086080209795,357.575609695582,9.24788697195395,0.02537559023816251
348.3637390136719,348.3637390136719,348.3637390136719,348.3664245605469,347.5534191865651,357.39275140412957,9.062626247914224,0.025355467206833186
373.24688720703125,348.3637390136719,373.24688720703125,348.3584899902344,372.498260945392,357.2098928884129,8.883004815123064,0.030792947209539807
398.1300048828125,348.3637390136719,398.1300048828125,348.35467529296875,397.4430721109776,357.0270345969605,8.699522546125916,0.03214329949733926
423.01312255859375,348.3637390136719,423.01312255859375,348.3612060546875,422.3878832765632,356.84417630550803,8.505980745105187,0.023174908845060196
447.896240234375,348.3637390136719,447.896240234375,348.3565673828125,447.3326944421488,356.6613180140556,8.323849284259579,0.02540108005480685
472.7793884277344,348.3637390136719,472.7793884277344,348.359375,472.2775362009757,356.47845949833896,8.134579813897624,0.02024252208518727
497.6624755859375,348.3637390136719,497.6624755859375,348.36102294921875,497.22231677331996,356.2956014311507,7.946777678170105,0.016333717577986684
522.5455932617188,348.3637390136719,522.5455932617188,348.3658142089844,522.1671279389055,356.11274313969824,7.756168116931424,0.009697707967537803
547.4287719726562,348.3637390136719,547.4287719726562,348.3594970703125,547.1120002909738,355.9298843997174,7.577011852671904,0.013575106944624108
572.3118896484375,348.3637390136719,572.3118896484375,348.3565979003906,572.0568114565593,355.747026108265,7.3948288675071545,0.014314542785900167
597.1950073242188,348.3637390136719,597.1950073242188,348.36419677734375,597.001622622145,355.5641678168125,7.20256764023673,0.007361124922038187
622.078125,348.3637390136719,622.078125,348.3599548339844,621.9464337877306,355.3813095253601,7.02258957062799,0.008950464001429171
646.9612426757812,348.3637390136719,646.9612426757812,348.364013671875,646.8912449533161,355.1984512339077,6.834796007963488,0.008578041402588164
671.8443603515625,348.3637390136719,671.8443603515625,348.36260986328125,671.8360561189018,355.0155929424552,6.652988261830556,0.009650050636574451
696.7274780273438,348.3637390136719,696.7274780273438,348.3571472167969,696.7808672844874,354.8327346510028,6.475807519593519,0.010085295099088242
721.610595703125,348.3637390136719,721.610595703125,348.3601989746094,721.7256784500729,354.6498763595503,6.290730136103649,0.01212706195127084
746.4937744140625,348.3637390136719,746.4937744140625,348.3678894042969,746.6705508021412,354.4670176195695,6.101689510104298,0.019388304199652148
771.3768310546875,348.3637390136719,771.3768310546875,348.3670959472656,771.6153007812442,354.2841597766455,5.921867287557145,0.021219795546249906
796.260009765625,348.3637390136719,796.260009765625,348.3687438964844,796.5601731333123,354.1013010366646,5.740410212931893,0.025079819004312092
821.14306640625,348.3637390136719,821.14306640625,348.3552551269531,821.5049231124153,353.9184431937406,5.5749441021631085,0.017514077779495534
846.0262451171875,348.3637390136719,846.0262451171875,348.3624572753906,846.4497954644835,353.73558445375977,5.389795039852975,0.024908212479577085
870.9093627929688,348.3637390136719,870.9093627929688,348.3544921875,871.3946066300691,353.5527261623073,5.220833078952509,0.021417530199865458
895.79248046875,348.3637390136719,895.79248046875,348.36346435546875,896.3394177956548,353.3698678708549,5.036190683287545,0.03070957769881715
920.6756591796875,348.3637390136719,920.6756591796875,348.36328125,921.2842901477229,353.18700913087406,4.86197308959783,0.03307351654593991
945.5587768554688,348.3637390136719,945.5587768554688,348.3664855957031,946.2291013133085,353.0041508394216,4.685858917164751,0.03837626173302351
970.44189453125,348.3637390136719,970.44189453125,348.3700866699219,971.1739124788941,352.82129254796916,4.510995903837176,0.04414036581474666
995.324951171875,348.3637390136719,995.324951171875,348.3547058105469,996.1186624579971,352.6384347050451,4.3566398574218175,0.033504085236165534
1020.2080688476562,348.3637390136719,1020.2080688476562,348.3648376464844,1021.0634736235826,352.45557641359267,4.179217748742011,0.044598127234234355
1045.0911865234375,348.3637390136719,1045.0911865234375,348.3586120605469,1046.008284789168,352.2727181221402,4.020111377861018,0.04174146199044441
1069.974365234375,348.3637390136719,1069.974365234375,348.36431884765625,1070.9531571412363,352.0898593821594,3.851971686183964,0.049262924357566636
1094.8575439453125,348.3637390136719,1094.8575439453125,348.3555908203125,1095.8980294933046,351.90700064217856,3.7006920837091046,0.04422879363331295
1119.7406005859375,348.3637390136719,1119.7406005859375,348.3645935058594,1120.8427794724075,351.7241427992545,3.5357276128870363,0.05464252449464935
1144.623779296875,348.3637390136719,1144.623779296875,348.3676452636719,1145.7876518244757,351.54128405927366,3.38032283450152,0.059968572401305646
1169.5068359375,348.3637390136719,1169.5068359375,348.3699645996094,1170.7324018035788,351.3584262163496,3.230002248734044,0.06466396813775453
1194.3900146484375,348.3637390136719,1194.3900146484375,348.3690185546875,1195.677274155647,351.17556747636877,3.087677750137055,0.0663817536815396
1219.2730712890625,348.3637390136719,1219.2730712890625,348.363037109375,1220.6220241347498,350.99270963344475,2.9554781954423746,0.06353360497510468
1244.15625,348.3637390136719,1244.15625,348.3652648925781,1245.5668964868182,350.8098508934639,2.8223968938650668,0.06812396626165675
1269.0394287109375,348.3637390136719,1269.0394287109375,348.3696594238281,1270.5117688388864,350.62699215348306,2.6950577924675243,0.07472254794807043
1293.9224853515625,348.3637390136719,1293.9224853515625,348.3588562011719,1295.4565188179893,350.44413431055904,2.5887532654941463,0.06749832215344462
1318.8056640625,348.3637390136719,1318.8056640625,348.3611145019531,1320.4013911700577,350.2612755705782,2.4813216414872072,0.07209946934230414
1343.688720703125,348.3637390136719,1343.688720703125,348.369384765625,1345.3461411491605,350.07841772765414,2.380721781359325,0.08222819603318855
74.64937591552734,373.24688720703125,74.64415740966797,372.7264709472656,73.34328604604724,384.3490348735277,11.695138243079368,0.5854130721392286
99.53250122070312,373.24688720703125,99.69661712646484,372.79815673828125,98.28810485994316,384.1661765260093,11.454945687305466,0.5399808290771977
124.41561889648438,373.24688720703125,124.49028015136719,373.2954406738281,123.23291602552875,383.9833182345568,10.761584051526667,0.08428387487509273
149.2987518310547,373.24688720703125,149.3228302001953,373.41766357421875,148.177742487735,383.8004598309723,10.445749565181167,0.11761929907207574
174.18186950683594,373.24688720703125,174.14483642578125,373.4394226074219,173.1225536533206,383.61760153951985,10.229388468558273,0.14058659707658674
199.06500244140625,373.24688720703125,199.00921630859375,373.3759765625,198.06738011552684,383.4347431359353,10.102763997710257,0.09100401342599322
223.9481201171875,373.24688720703125,223.8815460205078,373.31170654296875,223.01219128111245,383.25188484448284,9.978122184499487,0.06281293252422923
248.83123779296875,373.24688720703125,248.73175048828125,373.3143310546875,247.95700244669803,383.0690265530304,9.785413572932356,0.09686649698917395
273.7143859863281,373.24688720703125,273.6533508300781,373.3409118652344,272.901844205525,382.8861680373138,9.574793867095376,0.07513963744389388
298.5975036621094,373.24688720703125,298.5835876464844,373.24285888671875,297.84665537111056,382.70330974586136,9.489109528124322,0.04818775789592907
323.4806213378906,373.24688720703125,323.5096740722656,373.2717590332031,322.79146653669613,382.5204514544089,9.276536722625403,0.03483952874164357
348.3637390136719,373.24688720703125,348.3619079589844,373.2975158691406,347.73627770228177,382.33759316295647,9.061700210019449,0.012651062619502699
373.24688720703125,373.24688720703125,373.2326354980469,373.3055114746094,372.68111946110866,382.1547346472398,8.866392766961075,0.026906562447771877
398.1300048828125,373.24688720703125,398.0977783203125,373.3245544433594,397.62593062669424,381.9718763557874,8.660185708351223,0.05525004293420418
423.01312255859375,373.24688720703125,422.98236083984375,373.3327331542969,422.5707417922798,381.7890180643349,8.466296989832962,0.0638216020738309
447.896240234375,373.24688720703125,447.88641357421875,373.250244140625,447.51555295786545,381.6061597728825,8.364141536952092,0.027531588159919733
472.7793884277344,373.24688720703125,472.7963562011719,373.1817626953125,472.46039471669235,381.42330125716586,8.248383355880692,0.09192818670774941
497.6624755859375,373.24688720703125,497.65509033203125,373.2797546386719,497.4051752890366,381.2404431899776,7.964610457492898,0.014711106416075674
522.5455932617188,373.24688720703125,522.53955078125,373.28802490234375,522.3499864546221,381.0575848985252,7.771872179095128,0.022939778271934247
547.4287719726562,373.24688720703125,547.422119140625,373.2850036621094,547.2948588066904,380.8747261585443,7.5907893374459965,0.02316143019112545
572.3118896484375,373.24688720703125,572.3169555664062,373.22686767578125,572.2396699722759,380.6918678670919,7.465400251783432,0.03595310410817533
597.1950073242188,373.24688720703125,597.1937866210938,373.243408203125,597.1844811378616,380.5090095756395,7.265607331552023,0.018883308604583794
622.078125,373.24688720703125,622.0780639648438,373.24444580078125,622.1292923034472,380.326151284187,7.081890771282428,0.015661236915459474
646.9612426757812,373.24688720703125,646.9607543945312,373.24334716796875,647.0741034690327,380.1432929927346,6.900876784684236,0.015252096081036417
671.8443603515625,373.24688720703125,671.84521484375,373.2455749511719,672.0189146346183,379.9604347012821,6.717106004895129,0.011498866409860361
696.7274780273438,373.24688720703125,696.7274169921875,373.2477722167969,696.963725800204,379.7775764098297,6.534078714868311,0.010901611194101851
721.610595703125,373.24688720703125,721.6105346679688,373.2462463378906,721.9085369657895,379.5947181183772,6.355462163929625,0.011532614417148963
746.4937744140625,373.24688720703125,746.493896484375,373.2474670410156,746.8534093178578,379.4118593783964,6.174866991814287,0.012181790593070448
771.3768310546875,373.24688720703125,771.3763427734375,373.2464599609375,771.7981592969608,379.2290015354724,5.997393839873742,0.013886436015060575
796.260009765625,373.24688720703125,796.260009765625,373.2461242675781,796.7430316490289,379.04614279549156,5.820096654179054,0.014860469036470291
821.14306640625,373.24688720703125,821.1430053710938,373.2460021972656,821.6877816281319,378.8632849525675,5.643637720765229,0.01664939878662204
846.0262451171875,373.24688720703125,846.0262451171875,373.2464294433594,846.6326539802001,378.68042621258667,5.467728284865009,0.01880462334776175
870.9093627929688,373.24688720703125,870.9093627929688,373.2470397949219,871.5774651457857,378.4975679211342,5.2928637199521935,0.021326002005047293
895.79248046875,373.24688720703125,895.79248046875,373.246337890625,896.5222763113713,378.3147096296818,5.1206439104058745,0.02310740352347641
920.6756591796875,373.24688720703125,920.6756591796875,373.2462158203125,921.4671486634395,378.13185088970096,4.949331837140076,0.025316129475477202
945.5587768554688,373.24688720703125,945.5587768554688,373.24627685546875,946.4119598290251,377.9489925982485,4.779482874093684,0.027704294238422078
970.44189453125,373.24688720703125,970.44189453125,373.24658203125,971.3567709946107,377.76613430679606,4.611220198017536,0.03032138554815578
995.324951171875,373.24688720703125,995.324951171875,373.2462463378906,996.3015209737137,377.583276463872,4.445617942596175,0.03248426539083318
1020.2080688476562,373.24688720703125,1020.2080688476562,373.2462463378906,1021.2463321392994,377.40041817241956,4.281954494569879,0.03492654314071957
1045.0911865234375,373.24688720703125,1045.0911865234375,373.2463073730469,1046.1911433048847,377.2175598809671,4.120770729210039,0.03743817379603052
1069.974365234375,373.24688720703125,1069.974365234375,373.2466125488281,1071.1360156569528,377.0347011409863,3.9622022773091716,0.040167321232345336
1094.8575439453125,373.24688720703125,1094.8575439453125,373.2461853027344,1096.0808880090212,376.85184240100546,3.8075364487453087,0.04231051410412541
1119.7406005859375,373.24688720703125,1119.7406005859375,373.24566650390625,1121.0256379881241,376.6689845580814,3.6565595339143466,0.04438254180190764
1144.623779296875,373.24688720703125,1144.623779296875,373.24603271484375,1145.9705103401923,376.48612581810056,3.508829978897067,0.04719889230668819
1169.5068359375,373.24688720703125,1169.5068359375,373.24609375,1170.9152603192954,376.30326797517654,3.366002596897317,0.049770848598670904
1194.3900146484375,373.24688720703125,1194.3900146484375,373.246337890625,1195.8601326713635,376.12040923519567,3.2282399376462427,0.05250702590428864
1219.2730712890625,373.24688720703125,1219.2730712890625,373.2462158203125,1220.8048826504664,375.93755139227164,3.0967294372965157,0.0549372092936282
1244.15625,373.24688720703125,1244.15625,373.24658203125,1245.7497550025348,375.7546926522908,2.971510908692963,0.0577934865428667
1269.0394287109375,373.24688720703125,1269.0394287109375,373.2469177246094,1270.694627354603,375.57183391231,2.853930242634617,0.060631347258715974
1293.9224853515625,373.24688720703125,1293.9224853515625,373.2464294433594,1295.6393773337059,375.38897606938593,2.7455826563856927,0.06275559958356967
1318.8056640625,373.24688720703125,1318.8056640625,373.24658203125,1320.5842496857742,375.2061173294051,2.6463456697932863,0.06544179048211902
1343.688720703125,373.24688720703125,1343.688720703125,373.2464904785156,1345.5289996648771,375.02325948648104,2.558033378346314,0.06791724105159759
1368.57177734375,373.24688720703125,1368.57177734375,373.2461853027344,1370.47374964398,374.84040164355696,2.481738175591443,0.07020651520099891
1393.4549560546875,373.24688720703125,1393.4549560546875,373.24603271484375,1395.4186219960484,374.65754290357614,2.41833515918619,0.07263167450286785
1418.338134765625,373.24688720703125,1418.338134765625,373.2469177246094,1420.3634943481165,374.4746841635953,2.3684365870950774,0.0759789437173345
74.64937591552734,398.1300048828125,74.98206329345703,398.1311950683594,73.52614433749967,409.29384603911336,11.257196662632794,0.35064895183195105
99.53250122070312,398.1300048828125,101.15470123291016,398.09698486328125,98.4709631513956,409.11098769159486,11.336256365849865,1.6348807218108243
124.41561889648438,398.1300048828125,122.64221954345703,398.1080322265625,123.41577431698119,408.92812940014244,10.84771357629591,1.767367356427815
1293.9224853515625,398.1300048828125,1292.0111083984375,400.5158386230469,1295.8222356251583,400.3337872349715,3.8154728994127263,3.1117550950719344
1318.8056640625,398.1300048828125,1320.913330078125,396.7820739746094,1320.7671079772267,400.1509284949907,3.372026346617825,2.449396525793361
1393.4549560546875,398.1300048828125,1392.7420654296875,396.1897888183594,1395.6014802875009,399.6023540691617,4.452174178990248,2.0278974423216893
1418.338134765625,398.1300048828125,1417.066162109375,396.4620056152344,1420.546352639569,399.4194953291809,4.567107567657201,2.0742637801691086
1443.22119140625,398.1300048828125,1442.575927734375,395.6745910644531,1445.491102618672,399.2366374862568,4.6028707691092094,2.49048968192509
1492.987548828125,398.1300048828125,1492.1285400390625,398.2129821777344,1495.3808473228084,398.8709200062952,3.3181899966937216,0.9088731787165313
1517.87060546875,398.1300048828125,1517.57568359375,398.248046875,1520.3255973019113,398.68806216337117,2.7848947657557837,0.38156142943138627
99.53250122070312,423.01312255859375,99.53250122070312,423.01312255859375,98.65382144284804,434.05579885718043,11.077579969802953,0.08300357100412935
124.41561889648438,423.01312255859375,124.41561889648438,423.01312255859375,123.59863260843363,433.872940565728,10.890505669753843,0.0804769195106013
149.2987518310547,423.01312255859375,149.2987518310547,423.01312255859375,148.5434590706399,433.6900821621435,10.703641134201384,0.07795461051105988
174.18186950683594,423.01312255859375,174.18186950683594,423.01312255859375,173.4882702362255,433.507223870691,10.516997779630492,0.07543708284120822
199.06500244140625,423.01312255859375,199.06500244140625,423.01312255859375,198.43309669843174,433.3243654671065,10.330587359214292,0.07292482844194609
223.9481201171875,423.01312255859375,223.9481201171875,423.01312255859375,223.37790786401735,433.14150717565406,10.144422948831009,0.07041841495036082
248.83123779296875,423.01312255859375,248.83123779296875,423.01312255859375,248.32271902960292,432.9586488842016,9.9585182244174,0.06791848730229426
273.7143859863281,423.01312255859375,273.7143859863281,423.01312255859375,273.2675607884299,432.775790368485,9.77288777812185,0.06542578592424922
298.5975036621094,423.01312255859375,298.5975036621094,423.01312255859375,298.21237195401545,432.5929320770325,9.587548009900619,0.0629411758592339
323.4806213378906,423.01312255859375,323.4806213378906,423.01312255859375,323.15718311960103,432.4100737855801,9.402515867756382,0.060465651123169414
348.3637390136719,423.01312255859375,348.3637390136719,423.01312255859375,348.10199428518666,432.2272154941276,9.217809876947179,0.05800037504548214
373.24688720703125,423.01312255859375,373.24688720703125,423.01312255859375,373.04683604401356,432.04435697841103,9.033449817955326,0.055546709210471466
398.1300048828125,423.01312255859375,398.1300048828125,423.01312255859375,397.99164720959914,431.86149868695856,8.849457777443382,0.05310626935884142
423.01312255859375,423.01312255859375,423.01312255859375,423.01312255859375,422.9364583751847,431.67864039550614,8.665856955827536,0.0506809626860374
447.896240234375,423.01312255859375,447.896240234375,423.01312255859375,447.88126954077035,431.49578210405366,8.48267275602738,0.04827307018226336
472.7793884277344,423.01312255859375,472.7793884277344,423.01312255859375,472.82611129959724,431.31292358833707,8.299932539489909,0.04588533050806938
497.6624755859375,423.01312255859375,497.6624755859375,423.01312255859375,497.7708918719415,431.1300655211488,8.117666976936366,0.04352107000406533
522.5455932617188,423.01312255859375,522.5455932617188,423.01312255859375,522.7157030375271,430.94720722969635,7.9359080705392975,0.04118432271802922
547.4287719726562,423.01312255859375,547.4287719726562,423.01312255859375,547.6605753895954,430.76434848971553,7.754691242041772,0.038880047551619355
572.3118896484375,423.01312255859375,572.3118896484375,423.01312255859375,572.6053865551809,430.5814901982631,7.574056321645774,0.036614388141445374
597.1950073242188,423.01312255859375,597.1950073242188,423.01312255859375,597.5501977207665,430.39863190681064,7.394045479329888,0.034394969585704295
622.078125,423.01312255859375,622.078125,423.01312255859375,622.4950088863521,430.2157736153582,7.214705428512681,0.03223134559864268
646.9612426757812,423.01312255859375,646.9612426757812,423.01312255859375,647.4398200519377,430.03291532390574,7.036087461998701,0.030135536130377272
671.8443603515625,423.01312255859375,671.8443603515625,423.01312255859375,672.3846312175233,429.8500570324533,6.858247998465459,0.028122706646052344
696.7274780273438,423.01312255859375,696.7274780273438,423.01312255859375,697.3294423831089,429.66719874100085,6.6812492040702365,0.02621198032967122
721.610595703125,423.01312255859375,721.610595703125,423.01312255859375,722.2742535486944,429.4843404495484,6.505159700437628,0.02442732873181852
746.4937744140625,423.01312255859375,746.4937744140625,423.01312255859375,747.2191259007627,429.3014817095676,6.330054943750087,0.02279837462206255
771.3768310546875,423.01312255859375,771.3768310546875,423.01312255859375,772.1638758798657,429.11862386664353,6.1560202874452425,0.021360779918386676
796.260009765625,423.01312255859375,796.260009765625,423.01312255859375,797.1087482319339,428.9357651266627,5.983147330067586,0.020155517012708117
821.14306640625,423.01312255859375,821.14306640625,423.01312255859375,822.0534982110369,428.75290728373864,5.81154151341742,0.01922634178260912
846.0262451171875,423.01312255859375,846.0262451171875,423.01312255859375,846.998370563105,428.5700485437578,5.641316715731535,0.01861463447310223
870.9093627929688,423.01312255859375,870.9093627929688,423.01312255859375,871.9431817286907,428.3871902523054,5.472603143701584,0.018352173727642734
895.79248046875,423.01312255859375,895.79248046875,423.01312255859375,896.8879928942763,428.2043319608529,5.305544508585954,0.018453865095433696
920.6756591796875,423.01312255859375,920.6756591796875,423.01312255859375,921.8328652463445,428.0214732208721,5.140301765174079,0.018913837381926694
945.5587768554688,423.01312255859375,945.5587768554688,423.01312255859375,946.7776764119301,427.8386149294197,4.977056635165106,0.019707016995406678
970.44189453125,423.01312255859375,970.44189453125,423.01312255859375,971.7224875775156,427.6557566379673,4.816011809070266,0.020795311627220665
995.324951171875,423.01312255859375,995.324951171875,423.01312255859375,996.6672375566186,427.4728987950432,4.657395926681262,0.022135231811973043
1020.2080688476562,423.01312255859375,1020.2080688476562,423.01312255859375,1021.6120487222041,427.2900405035907,4.501464938925165,0.023684115059328405
1045.0911865234375,423.01312255859375,1045.0911865234375,423.01312255859375,1046.5568598877896,427.1071822121383,4.3485081186255865,0.025403765811007253
1069.974365234375,423.01312255859375,1069.974365234375,423.01312255859375,1071.5017322398578,426.9243234721575,4.198850146849644,0.027261892407109033
1094.8575439453125,423.01312255859375,1094.8575439453125,423.01312255859375,1096.4466045919262,426.74146473217667,4.052856906175359,0.029232097021629933
1119.7406005859375,423.01312255859375,1119.7406005859375,423.01312255859375,1121.391354571029,426.5586068892526,3.910939510941462,0.031293207384415385
1144.623779296875,423.01312255859375,1144.623779296875,423.01312255859375,1146.3362269230972,426.3757481492718,3.773556377694238,0.033428430982672494
1169.5068359375,423.01312255859375,1169.5068359375,423.01312255859375,1171.2809769022003,426.1928903063477,3.6412221975984957,0.03562442489449932
1194.3900146484375,423.01312255859375,1194.3900146484375,423.01312255859375,1196.2258492542685,426.0100315663669,3.5145059824729787,0.03787063862046092
1219.2730712890625,423.01312255859375,1219.2730712890625,423.01312255859375,1221.1705992333714,425.8271737234428,3.3940383406528207,0.04015862596750121
1244.15625,423.01312255859375,1244.15625,423.01312255859375,1246.1154715854398,425.644314983462,3.2805064849100765,0.042481658524020804
1269.0394287109375,423.01312255859375,1269.0394287109375,423.01312255859375,1271.060343937508,425.46145624348117,3.174655286096205,0.04483427975031299
1293.9224853515625,423.01312255859375,1293.9224853515625,423.01312255859375,1296.0050939166108,425.2785984005571,3.0772778921852417,0.047212054840427356
1318.8056640625,423.01312255859375,1318.8056640625,423.01312255859375,1320.9499662686792,425.09573966057627,2.9892015564185397,0.04961138884301854
1343.688720703125,423.01312255859375,1343.688720703125,423.01312255859375,1345.894716247782,424.9128818176522,2.9112714722995396,0.052029277368017886
1368.57177734375,423.01312255859375,1368.57177734375,423.01312255859375,1370.839466226885,424.73002397472817,2.8443212447644197,0.0544632594548683
1393.4549560546875,423.01312255859375,1393.4549560546875,423.01312255859375,1395.7843385789533,424.54716523474735,2.789141422842449,0.056911282312831435
1418.338134765625,423.01312255859375,1418.338134765625,423.01312255859375,1420.7292109310215,424.36430649476654,2.74644192694814,0.05937159874010126
1443.22119140625,423.01312255859375,1443.22119140625,423.01312255859375,1445.6739609101244,424.18144865184246,2.716811384564993,0.061842729365847914
1468.1043701171875,423.01312255859375,1468.1043701171875,423.01312255859375,1470.6188332621925,423.99858991186164,2.7006796944372087,0.06432345069089362
1492.987548828125,423.01312255859375,1492.989013671875,423.01312255859375,1495.563705614261,423.8157311718808,2.696890651159148,0.06598688549261443
1517.87060546875,423.01312255859375,1517.8837890625,423.01312255859375,1520.5084555933638,423.63287332895675,2.6968436023622457,0.06284238969142986
1542.753662109375,423.01312255859375,1542.779296875,423.01312255859375,1545.453205572467,423.45001548603267,2.709365821079788,0.0614120932515609
1567.6368408203125,423.01312255859375,1567.760498046875,423.01312255859375,1570.398077924535,423.26715674605185,2.6497850817443336,0.10369720227149666
1592.52001953125,423.01312255859375,1592.351806640625,423.01312255859375,1595.3429502766032,423.08429800607104,2.991990340120883,0.21947568551023833
174.18186950683594,447.896240234375,174.18186950683594,447.896240234375,173.67112852767795,458.45203503627664,10.568143651921323,0.08538109009705852
223.9481201171875,447.896240234375,223.9481201171875,447.896240234375,223.5607661554698,458.08631834123963,10.197437664220375,0.08038108615752436
248.83123779296875,447.896240234375,248.83123779296875,447.896240234375,248.50557732105537,457.9034600497872,10.012517324676432,0.07789018657444359
273.7143859863281,447.896240234375,273.7143859863281,447.896240234375,273.4504190798823,457.72060153407057,9.827906871488688,0.07540615393346055
298.5975036621094,447.896240234375,298.5975036621094,447.896240234375,298.39523024546787,457.53774324261815,9.643624567196792,0.07292969631913764
323.4806213378906,447.896240234375,323.4806213378906,447.896240234375,323.34004141105345,457.3548849511657,9.459689349777912,0.07046160906362442
348.3637390136719,447.896240234375,348.3637390136719,447.896240234375,348.2848525766391,457.17202665971325,9.276121866299361,0.06800280355198028
373.24688720703125,447.896240234375,373.24688720703125,447.896240234375,373.229694335466,456.9891681439966,9.092944163713327,0.0655543212129198
398.1300048828125,447.896240234375,398.1300048828125,447.896240234375,398.17450550105156,456.8063098525442,8.910180744835948,0.06311736979798299
423.01312255859375,447.896240234375,423.01312255859375,447.896240234375,423.11931666663713,456.6234515610917,8.727857396277486,0.060693334915891725
447.896240234375,447.896240234375,447.896240234375,447.896240234375,448.06412783222277,456.4405932696393,8.54600228391856,0.05828382819168951
472.7793884277344,447.896240234375,472.7793884277344,447.896240234375,473.00896959104966,456.25773475392265,8.364645725371432,0.05589072570428514
497.6624755859375,447.896240234375,497.6624755859375,447.896240234375,497.9537501633939,456.0748766867344,8.183821546156437,0.05351623732111046
522.5455932617188,447.896240234375,522.5455932617188,447.896240234375,522.8985613289794,455.8920183952819,8.003565134047566,0.05116294518381765
547.4287719726562,447.896240234375,547.4287719726562,447.896240234375,547.8434336810477,455.7091596553011,7.823915529342739,0.04883391137776156
572.3118896484375,447.896240234375,572.3118896484375,447.896240234375,572.7882448466332,455.5263013638487,7.644916422980266,0.046532790817163834
597.1950073242188,447.896240234375,597.1950073242188,447.896240234375,597.7330560122189,455.3434430723962,7.466614125645562,0.04426393040039256
622.078125,447.896240234375,622.078125,447.896240234375,622.6778671778045,455.1605847809438,7.289059772776009,0.04203255452879562
646.9612426757812,447.896240234375,646.9612426757812,447.896240234375,647.62267834339,454.9777264894914,7.112309380488674,0.03984496126751875
671.8443603515625,447.896240234375,671.8443603515625,447.896240234375,672.5674895089757,454.7948681980389,6.936424407383574,0.03770877124851025
696.7274780273438,447.896240234375,696.7274780273438,447.896240234375,697.5123006745613,454.6120099065865,6.7614723897817575,0.03563323044860498
721.610595703125,447.896240234375,721.610595703125,447.896240234375,722.4571118401468,454.429151615134,6.587527660593831,0.03362957013997158
746.4937744140625,447.896240234375,746.4937744140625,447.896240234375,747.4019841922151,454.2462928751532,6.41467174076632,0.03171141379582726
771.3768310546875,447.896240234375,771.3768310546875,447.896240234375,772.3467341713181,454.06343503222917,6.242996374364571,0.029895239025708016
796.260009765625,447.896240234375,796.260009765625,447.896240234375,797.2916065233862,453.8805762922483,6.072599931181532,0.02820073659370044
821.14306640625,447.896240234375,821.14306640625,447.896240234375,822.2363565024892,453.69771844932427,5.903594897438827,0.026651142843780576
846.0262451171875,447.896240234375,846.0262451171875,447.896240234375,847.1812288545574,453.51485970934345,5.736102530297354,0.02527311009352232
870.9093627929688,447.896240234375,870.9093627929688,447.896240234375,872.126040020143,453.332001417891,5.570260597076541,0.024096102531103145
895.79248046875,447.896240234375,895.79248046875,447.896240234375,897.0708511857287,453.14914312643856,5.40622053596394,0.023150797244330105
920.6756591796875,447.896240234375,920.6756591796875,447.896240234375,922.0157235377968,452.96628438645774,5.244151045492813,0.02246645947391177
945.5587768554688,447.896240234375,945.5587768554688,447.896240234375,946.9605347033825,452.78342609500527,5.084241408561563,0.022067384871498116
970.44189453125,447.896240234375,970.44189453125,447.896240234375,971.905345868968,452.60056780355285,4.926701502627827,0.021969122451990574
995.324951171875,447.896240234375,995.324951171875,447.896240234375,996.850095848071,452.41770996062877,4.771766420180082,0.022175670478416374
1020.2080688476562,447.896240234375,1020.2080688476562,447.896240234375,1021.7949070136566,452.23485166917635,4.619697451918728,0.022678703211797446
1045.0911865234375,447.896240234375,1045.0911865234375,447.896240234375,1046.7397181792421,452.0519933777239,4.4707874931206435,0.023459155782511107
1069.974365234375,447.896240234375,1069.974365234375,447.896240234375,1071.6845905313103,451.86913463774306,4.3253624711219985,0.02449052328880617
1094.8575439453125,447.896240234375,1094.8575439453125,447.896240234375,1096.6294628833787,451.68627589776224,4.183786210219722,0.025742663621287548
1119.7406005859375,447.896240234375,1119.7406005859375,447.896240234375,1121.5742128624815,451.50341805483816,4.0464633705415425,0.02718508011025167
1144.623779296875,447.896240234375,1144.623779296875,447.896240234375,1146.5190852145497,451.32055931485735,3.9138402735073683,0.028789199899532027
1169.5068359375,447.896240234375,1169.5068359375,447.896240234375,1171.4638351936528,451.13770147193327,3.7864121597067912,0.030529529968797993
1194.3900146484375,447.896240234375,1194.3900146484375,447.896240234375,1196.408707545721,450.95484273195245,3.6647196689146324,0.0323841334802626
1219.2730712890625,447.896240234375,1219.2730712890625,447.896240234375,1221.3534575248239,450.77198488902843,3.549354055136381,0.03433448105774595
1244.15625,447.896240234375,1244.15625,447.896240234375,1246.2983298768922,450.58912614904756,3.4409505588468625,0.036365188595036464
1269.0394287109375,447.896240234375,1269.0394287109375,447.896240234375,1271.2432022289604,450.40626740906674,3.3401877396981803,0.038463522355935253
1293.9224853515625,447.896240234375,1293.9224853515625,447.896240234375,1296.1879522080633,450.2234095661427,3.2477772670895617,0.04061899249995894
1318.8056640625,447.896240234375,1318.8056640625,447.896240234375,1321.1328245601317,450.0405508261619,3.164450014739808,0.04282299164097942
1343.688720703125,447.896240234375,1343.688720703125,447.896240234375,1346.0775745392345,449.8576929832378,3.0909415291002893,0.04506838062043435
1368.57177734375,447.896240234375,1368.57177734375,447.896240234375,1371.0223245183374,449.67483514031375,3.0279665279374672,0.04734928063782637
1393.4549560546875,447.896240234375,1393.4549560546875,447.896240234375,1395.9671968704058,449.49197640033293,2.976193513114888,0.04966081032017243
1418.338134765625,447.896240234375,1418.338134765625,447.896240234375,1420.912069222474,449.3091176603521,2.936215456840683,0.05199887541876346
1443.22119140625,447.896240234375,1443.22119140625,447.896240234375,1445.8568192015769,449.12625981742804,2.908518875681136,0.05436004048414601
1468.1043701171875,447.896240234375,1468.1043701171875,447.896240234375,1470.801691553645,448.9434010774472,2.89345619680633,0.05674144354436461
1492.987548828125,447.896240234375,1492.987548828125,447.896240234375,1495.7465639057134,448.7605423374664,2.891225055883467,0.05914062975638014
1517.87060546875,447.896240234375,1517.87060546875,447.896240234375,1520.6913138848163,448.5776844945423,2.9018549667724858,0.061555507926182654
1542.753662109375,447.896240234375,1542.753662109375,447.896240234375,1545.6360638639194,448.39482665161825,2.9252056833768165,0.06398431175397205
1567.6368408203125,447.896240234375,1567.6368408203125,447.896240234375,1570.5809362159875,448.21196791163743,2.960976471541872,0.0664255257145754
1592.52001953125,447.896240234375,1592.52001953125,447.896240234375,1595.5258085680557,448.0291091716566,3.008724295823021,0.06887781965725685
1617.403076171875,447.896240234375,1617.403076171875,447.896240234375,1620.4705585471586,447.84625132873254,3.0678896677297214,0.07134003887554
1642.2861328125,447.896240234375,1642.2861328125,447.896240234375,1645.4153085262617,447.6633934858085,3.137826995854617,0.07381120090672413
1667.1693115234375,447.896240234375,1667.1693115234375,447.896240234375,1670.3601808783299,447.4805347458277,3.217834410469177,0.07629044892342364
1692.052490234375,447.896240234375,1692.052490234375,447.896240234375,1695.305053230398,447.2976760058469,3.307180850629684,0.07877700853042462
248.83123779296875,472.7793884277344,249.4176483154297,472.1130065917969,248.688435836772,482.8483018086141,10.760033189133253,0.9572110095177113
273.7143859863281,472.7793884277344,273.8442077636719,472.8053283691406,273.63327759559894,482.66544329289746,9.862370802474201,0.14476605999994452
298.5975036621094,472.7793884277344,298.3345031738281,471.98211669921875,298.5780887611845,482.48258500144505,10.5032932218627,0.9182531794482328
323.4806213378906,472.7793884277344,323.36505126953125,471.9178161621094,323.5228999267701,482.29972670999257,10.383110459917127,0.949033657405546
348.3637390136719,472.7793884277344,348.5221862792969,471.6245422363281,348.4677110923557,482.11686841854015,10.49246759632472,1.2429508181379445
373.24688720703125,472.7793884277344,373.4825134277344,472.4636535644531,373.4125528511826,481.9340099028235,9.470614745515915,0.45615190758373264
398.1300048828125,472.7793884277344,398.2195739746094,472.6238098144531,398.3573640167682,481.7511516113711,9.128381804760563,0.2448677169751266
423.01312255859375,472.7793884277344,423.1163024902344,472.5584716796875,423.3021751823538,481.5682933199186,9.011738713836111,0.30834275595566346
447.896240234375,472.7793884277344,447.90216064453125,472.8691101074219,448.2469863479394,481.3854350284662,8.52330305260416,0.02164139634271636
472.7793884277344,472.7793884277344,472.77435302734375,472.72381591796875,473.1918281067663,481.20257651274954,8.48903213950486,0.12169143877250883
497.6624755859375,472.7793884277344,497.69879150390625,472.8140563964844,498.13660867911057,481.0197184455613,8.217333724667943,0.04214933922192101
522.5455932617188,472.7793884277344,522.5374755859375,472.7507019042969,523.0814198446961,480.8368601541089,8.104432774577083,0.09066251958262099
547.4287719726562,472.7793884277344,547.3726196289062,472.72406005859375,548.0262921967644,480.654001414128,7.956837168635709,0.130097318810495
572.3118896484375,472.7793884277344,572.3428344726562,472.7809753417969,572.9711033623499,480.4711431226756,7.715789155739153,0.05902994520172217
597.1950073242188,472.7793884277344,597.2233276367188,472.7628173828125,597.9159145279356,480.28828483122317,7.557270467501737,0.07273500268526611
622.078125,472.7793884277344,622.1033935546875,472.7488708496094,622.8607256935212,480.1054265397707,7.395435321261031,0.08303841907250831
646.9612426757812,472.7793884277344,646.9638061523438,472.7644348144531,647.8055368591067,479.92256824831827,7.207453422653921,0.06400787092152717
671.8443603515625,472.7793884277344,671.8341064453125,472.79437255859375,672.7503480246924,479.7397099568658,7.005512844012264,0.037840177779988826
696.7274780273438,472.7793884277344,696.7274780273438,472.74468994140625,697.695159190278,479.5568516654134,6.880548974255288,0.07929118817670093
721.610595703125,472.7793884277344,721.6336059570312,472.72625732421875,722.6399703558635,479.3739933739609,6.72347855579821,0.09487987164321691
746.4937744140625,472.7793884277344,746.4877319335938,472.8199768066406,747.5848427079318,479.1911346339801,6.464928778574244,0.019899578289272257
771.3768310546875,472.7793884277344,771.3804931640625,472.7987365722656,772.5295926870348,479.00827679105606,6.314967889266826,0.020186326549815514
796.260009765625,472.7793884277344,796.2603149414062,472.7790832519531,797.4744650391029,478.82541805107525,6.167035346324198,0.03736617873341859
821.14306640625,472.7793884277344,821.1376953125,472.7969665527344,822.4192150182059,478.64256020815117,5.984417928283557,0.025697409993139513
846.0262451171875,472.7793884277344,846.0179443359375,472.7879333496094,847.3640873702741,478.45970146817035,5.829327118940714,0.03260510196411359
870.9093627929688,472.7793884277344,870.9042358398438,472.7815856933594,872.3088985358597,478.2768431767179,5.671942533029267,0.03352473641355866
895.79248046875,472.7793884277344,895.7935791015625,472.77679443359375,897.2537097014454,478.09398488526546,5.514027173315619,0.03198741988369736
920.6756591796875,472.7793884277344,920.6793823242188,472.7679138183594,922.1985820535135,477.91112614528464,5.362891091316819,0.03669972776098914
945.5587768554688,472.7793884277344,945.5610961914062,472.77569580078125,947.1433932190992,477.72826785383216,5.199195497815672,0.029177824211336262
970.44189453125,472.7793884277344,970.4408569335938,472.7828369140625,972.0882043846847,477.54540956237975,5.039429715266928,0.02599068282244916
995.324951171875,472.7793884277344,995.3248291015625,472.7825927734375,997.0329543637877,477.36255171945567,4.888119869506437,0.024870738402859447
1020.2080688476562,472.7793884277344,1020.2081909179688,472.7795715332031,1021.9777655293732,477.17969342800325,4.742622375271574,0.025657810219286824
1045.0911865234375,472.7793884277344,1045.0911865234375,472.7800598144531,1046.9225766949587,476.99683513655077,4.597301825788273,0.02537203321975636
1069.974365234375,472.7793884277344,1069.9737548828125,472.7814636230469,1071.8674490470269,476.81397639656996,4.455023777288552,0.02575193479277956
1094.8575439453125,472.7793884277344,1094.8572998046875,472.7798767089844,1096.8123213990953,476.63111765658914,4.319046916983917,0.0260729770942003
1119.7406005859375,472.7793884277344,1119.7406005859375,472.7795715332031,1121.7570713781981,476.44825981366506,4.186338275299666,0.02643107770957891
1144.623779296875,472.7793884277344,1144.6239013671875,472.7795715332031,1146.7019437302663,476.26540107368425,4.058234548179899,0.027097148858624034
1169.5068359375,472.7793884277344,1169.5069580078125,472.779296875,1171.6466937093694,476.0825432307602,3.935721707560177,0.028073763409513813
1194.3900146484375,472.7793884277344,1194.3900146484375,472.77923583984375,1196.5915660614376,475.89968449077935,3.818904084578241,0.029362406729383086
1219.2730712890625,472.7793884277344,1219.273193359375,472.7791442871094,1221.5363160405404,475.7168266478553,3.7083287236494247,0.030569217949176542
1244.15625,472.7793884277344,1244.15625,472.7793273925781,1246.4811883926088,475.5339679078745,3.604633531711493,0.03223978676612657
1269.0394287109375,472.7793884277344,1269.0394287109375,472.7793884277344,1271.426060744677,475.3511091678937,3.508526760598684,0.033900846464383655
1293.9224853515625,472.7793884277344,1293.9224853515625,472.7793884277344,1296.3708107237799,475.1682513249696,3.42066705044944,0.0356556005345602
1318.8056640625,472.7793884277344,1318.8056640625,472.7793884277344,1321.3156830758483,474.9853925849888,3.3416537506440673,0.037507627653308034
1343.688720703125,472.7793884277344,1343.688720703125,472.7793884277344,1346.2604330549511,474.8025347420647,3.272128577810411,0.03944321119835227
1368.57177734375,472.7793884277344,1368.57177734375,472.7793884277344,1371.205183034054,474.61967689914064,3.2127071431607943,0.04145065516498498
1393.4549560546875,472.7793884277344,1393.4549560546875,472.7793884277344,1396.1500553861224,474.4368181591598,3.1639585523381797,0.04352002688036661
1418.338134765625,472.7793884277344,1418.338134765625,472.7793884277344,1421.0949277381906,474.253959419179,3.126382430605202,0.04564289565923078
1443.22119140625,472.7793884277344,1443.22119140625,472.7793884277344,1446.0396777172934,474.07110157625493,3.1003851282703847,0.04781212544503632
1468.1043701171875,472.7793884277344,1468.1043701171875,472.7793884277344,1470.9845500693616,473.8882428362741,3.0862590066686946,0.05002170503850912
1492.987548828125,472.7793884277344,1492.987548828125,472.7793884277344,1495.92942242143,473.7053840962933,3.0841673458447594,0.05226650809812208
1517.87060546875,472.7793884277344,1517.87060546875,472.7793884277344,1520.8741724005329,473.5225262533692,3.0941344737404117,0.05454217446741408
1542.753662109375,472.7793884277344,1542.753662109375,472.7793884277344,1545.818922379636,473.3396684104452,3.1160446375921587,0.05684500724783718
1567.6368408203125,472.7793884277344,1567.6368408203125,472.7793884277344,1570.7637947317041,473.1568096704643,3.1496487992205235,0.05917184622916578
1592.52001953125,472.7793884277344,1592.52001953125,472.7793884277344,1595.7086670837723,472.9739509304835,3.1945778722207487,0.06151995758914763
1617.403076171875,472.7793884277344,1617.403076171875,472.7793884277344,1620.6534170628752,472.7910930875595,3.2503619655000664,0.06388698417197476
1642.2861328125,472.7793884277344,1642.2861328125,472.7793884277344,1645.5981670419783,472.6082352446354,3.316453550001979,0.06627090943935987
1667.1693115234375,472.7793884277344,1667.1693115234375,472.7793884277344,1670.5430393940464,472.4253765046546,3.392250607871744,0.06866998526930318
1692.052490234375,472.7793884277344,1692.052490234375,472.7793884277344,1695.4879117461146,472.2425177646738,3.4771182137192804,0.07108266718607371
1716.935546875,472.7793884277344,1716.935546875,472.7793884277344,1720.4326617252177,472.0596599217497,3.5704091359310897,0.07350760353226408
1741.8187255859375,472.7793884277344,1741.8187255859375,472.7793884277344,1745.3775340772859,471.8768011817689,3.671482209499707,0.07594364308717652
1766.701904296875,472.7793884277344,1766.701904296875,472.7793884277344,1770.322406429354,471.69394244178807,3.7797127774067927,0.07838973996688646
1542.753662109375,497.6624755859375,1543.6195068359375,500.2279052734375,1546.0017804468241,498.28444898278946,3.0744511560254457,2.7230776563345174
1567.6368408203125,497.6624755859375,1568.0469970703125,500.38385009765625,1570.9466527988923,498.10159024280864,3.690083114149941,2.7780771512914266
1592.52001953125,497.6624755859375,1593.6419677734375,498.11041259765625,1595.8915251509604,497.9187315028278,2.2577090239626716,1.1821969092510596
1716.935546875,497.6624755859375,1718.9189453125,496.392822265625,1720.6155197924058,497.00444049409396,1.8034527504937032,2.2902022215998166
1741.8187255859375,497.6624755859375,1743.102783203125,495.5361022949219,1745.560392144474,496.82158175411314,2.7734994408871367,2.4171067982723144
1816.4681396484375,497.6624755859375,1816.3311767578125,495.73486328125,1820.3948868277134,496.27300643122743,4.099187429489153,1.8802441361507727
1841.351318359375,497.6624755859375,1840.56005859375,496.4089660644531,1845.3397591797816,496.0901476912466,4.790321789525712,1.4615300281754269
1866.234375,497.6624755859375,1866.192138671875,498.19390869140625,1870.2845091588845,495.9072898483226,4.687869658650016,0.6004903061024346
398.1300048828125,522.5455932617188,398.1300048828125,522.5455932617188,398.72308037540887,531.6407433493009,9.11446617501894,0.09315231185126129
423.01312255859375,522.5455932617188,423.01312255859375,522.5455932617188,423.66789154099445,531.4578850578486,8.936311738053721,0.09073045207930251
447.896240234375,522.5455932617188,447.896240234375,522.5455932617188,448.6127027065801,531.2750267663961,8.75878574841635,0.08831829854714764
472.7793884277344,522.5455932617188,472.7793884277344,522.5455932617188,473.557544465407,531.0921682506794,8.58192698995358,0.08591666584264673
497.6624755859375,522.5455932617188,497.6624755859375,522.5455932617188,498.50232503775123,530.9093101834911,8.40577824173666,0.0835264705537449
522.5455932617188,522.5455932617188,522.5455932617188,522.5455932617188,523.4471362033369,530.7264518920388,8.230384414160918,0.08114871400288014
547.4287719726562,522.5455932617188,547.4287719726562,522.5455932617188,548.3920085554051,530.543593152058,8.055794620036663,0.07878451984341407
572.3118896484375,522.5455932617188,572.3118896484375,522.5455932617188,573.3368197209907,530.3607348606055,7.882063173070462,0.07643515870349439
597.1950073242188,522.5455932617188,597.1950073242188,522.5455932617188,598.2816308865763,530.177876569153,7.709247644952787,0.07410203504336406
622.078125,522.5455932617188,622.078125,522.5455932617188,623.2264420521619,529.9950182777005,7.537411035695275,0.07178673207199256
646.9612426757812,522.5455932617188,646.9612426757812,522.5455932617188,648.1712532177474,529.8121599862482,7.366621849511988,0.06949103106194819
671.8443603515625,522.5455932617188,671.8443603515625,522.5455932617188,673.1160643833331,529.6293016947957,7.196954655218195,0.0672169404763246
696.7274780273438,522.5455932617188,696.7274780273438,522.5455932617188,698.0608755489187,529.4464434033432,7.028490707662677,0.0649667297038368
721.610595703125,522.5455932617188,721.610595703125,522.5455932617188,723.0056867145042,529.2635851118908,6.8613186363125465,0.06274296807048203
746.4937744140625,522.5455932617188,746.4937744140625,522.5455932617188,747.9505590665725,529.08072637191,6.695534802516307,0.06054856448749415
771.3768310546875,522.5455932617188,771.3768310546875,522.5455932617188,772.8953090456755,528.8978685289859,6.53124616595094,0.05838684584273533
796.260009765625,522.5455932617188,796.260009765625,522.5455932617188,797.8401813977437,528.7150097890051,6.36856676765709,0.056261557368766764
821.14306640625,522.5455932617188,821.14306640625,522.5455932617188,822.7849313768467,528.5321519460811,6.2076247843266215,0.054177008615201534
846.0262451171875,522.5455932617188,846.0262451171875,522.5455932617188,847.7298037289148,528.3492932061002,6.048557265001634,0.05213806463131511
870.9093627929688,522.5455932617188,870.9093627929688,522.5455932617188,872.6746148945005,528.1664349146478,5.891517280740495,0.05015030453718141
895.79248046875,522.5455932617188,895.79248046875,522.5455932617188,897.6194260600861,527.9835766231953,5.736670919043383,0.04822005287547283
920.6756591796875,522.5455932617188,920.6756591796875,522.5455932617188,922.5642984121542,527.8007178832145,5.584200295285186,0.0463544898542058
945.5587768554688,522.5455932617188,945.5587768554688,522.5455932617188,947.5091095777399,527.6178595917621,5.434306160905279,0.044561750433542456
970.44189453125,522.5455932617188,970.44189453125,522.5455932617188,972.4539207433254,527.4350013003096,5.287207244464288,0.04285097042340448
995.324951171875,522.5455932617188,995.324951171875,522.5455932617188,997.3986707224284,527.2521434573855,5.143143738870039,0.04123235671852805
1020.2080688476562,522.5455932617188,1020.2080688476562,522.5455932617188,1022.343481888014,527.0692851659331,5.002377164627317,0.03971717080870516
1045.0911865234375,522.5455932617188,1045.0911865234375,522.5455932617188,1047.2882930535993,526.8864268744807,4.865194092589045,0.038317688682762134
1069.974365234375,522.5455932617188,1069.974365234375,522.5455932617188,1072.2331654056675,526.7035681344998,4.731905879929345,0.03704702213403332
1094.8575439453125,522.5455932617188,1094.8575439453125,522.5455932617188,1097.1780377577359,526.520709394519,4.602851268805476,0.035918848679263614
1119.7406005859375,522.5455932617188,1119.7406005859375,522.5455932617188,1122.1227877368387,526.337851551595,4.478396873776843,0.034946975480087884
1144.623779296875,522.5455932617188,1144.623779296875,522.5455932617188,1147.067660088907,526.1549928116142,4.358935470553322,0.034144741726153276
1169.5068359375,522.5455932617188,1169.5068359375,522.5455932617188,1172.01241006801,525.97213496869,4.244889844636117,0.03352433610507774
1194.3900146484375,522.5455932617188,1194.3900146484375,522.5455932617188,1196.9572824200782,525.7892762287092,4.136706782169736,0.033095979431369514
1219.2730712890625,522.5455932617188,1219.2730712890625,522.5455932617188,1221.902032399181,525.6064183857852,4.0348589763004465,0.03286718572133338
1244.15625,522.5455932617188,1244.15625,522.5455932617188,1246.8469047512494,525.4235596458044,3.939836734986392,0.03284212373418629
1269.0394287109375,522.5455932617188,1269.0394287109375,522.5455932617188,1271.7917771033176,525.2407009058236,3.8521457509224186,0.0330212589694589
1293.9224853515625,522.5455932617188,1293.9224853515625,522.5455932617188,1296.7365270824205,525.0578430628995,3.772297698557558,0.03340130383824149
1318.8056640625,522.5455932617188,1318.8056640625,522.5455932617188,1321.6813994344889,524.8749843229186,3.700799460347166,0.03397552062218866
1343.688720703125,522.5455932617188,1343.688720703125,522.5455932617188,1346.6261494135917,524.6921264799946,3.638144071671169,0.03473427521474577
1368.57177734375,522.5455932617188,1368.57177734375,522.5455932617188,1371.5708993926946,524.5092686370705,3.5847948399076577,0.03566579417801724
1393.4549560546875,522.5455932617188,1393.4549560546875,522.5455932617188,1396.515771744763,524.3264098970897,3.5411722038650173,0.03675695065109355
1418.338134765625,522.5455932617188,1418.338134765625,522.5455932617188,1421.4606440968312,524.1435511571088,3.5076393712736738,0.03799398934584653
1443.22119140625,522.5455932617188,1443.22119140625,522.5455932617188,1446.405394075934,523.9606933141848,3.4844877385510404,0.03936315202717126
1468.1043701171875,522.5455932617188,1468.1043701171875,522.5455932617188,1471.3502664280022,523.777834574204,3.4719247562059814,0.04085116881626689
1492.987548828125,522.5455932617188,1492.9874267578125,522.5455932617188,1496.2951387800706,523.5949758342232,3.470181926883203,0.04255994254286294
1517.87060546875,522.5455932617188,1517.8682861328125,522.5455932617188,1521.2398887591735,523.4121179912992,3.481173563190823,0.0462779046023438
1542.753662109375,522.5455932617188,1542.792724609375,522.5455932617188,1546.1846387382766,523.229260148375,3.4601274354787175,0.01987262131355026
1567.6368408203125,522.5455932617188,1567.61181640625,522.5455932617188,1571.1295110903447,523.0464014083942,3.5531654465117404,0.0708776916493632
1592.52001953125,522.5455932617188,1592.6151123046875,522.5455932617188,1596.074383442413,522.8635426684134,3.473852131210758,0.05750372078565816
1617.403076171875,522.5455932617188,1617.419189453125,522.5455932617188,1621.0191334215158,522.6806848254894,3.602477800924694,0.03885708935555807
1642.2861328125,522.5455932617188,1642.57861328125,522.5455932617188,1645.963883400619,522.4978269825654,3.3856070945276664,0.24942329029053395
1667.1693115234375,522.5455932617188,1666.045654296875,522.5455932617188,1670.908755752687,522.3149682425845,4.868566900944466,1.1697473558557918
1692.052490234375,522.5455932617188,1691.2362060546875,522.5455932617188,1695.8536281047552,522.1321095026036,4.635898532917167,0.8634639482493534
1716.935546875,522.5455932617188,1714.4403076171875,522.5455932617188,1720.7983780838583,521.9492516596796,6.385975521834889,2.5428392804135918
1741.8187255859375,522.5455932617188,1740.9578857421875,522.5455932617188,1745.7432504359265,521.7663929196988,4.848388229616894,0.909863415168372
1766.701904296875,522.5455932617188,1766.4970703125,522.5455932617188,1770.6881227879946,521.583534179718,4.3000556426178935,0.257265407234498
1791.5849609375,522.5455932617188,1789.7332763671875,522.3699340820312,1795.6328727670978,521.4006763367939,5.9786870012182876,1.9060711457439659
497.6624755859375,547.4287719726562,497.6624755859375,547.4287719726562,498.68518377773205,555.8541825355594,8.487253690036825,0.09353374170129433
522.5455932617188,547.4287719726562,522.5455932617188,547.4287719726562,523.6299949433177,555.6713242441069,8.313578949805631,0.09115150913996799
547.4287719726562,547.4287719726562,547.4287719726562,547.4287719726562,548.574867295386,555.4884655041261,8.140773569508001,0.08878107097298304
572.3118896484375,547.4287719726562,572.3118896484375,547.4287719726562,573.5196784609715,555.3056072126736,7.968894980739925,0.08642340980819588
597.1950073242188,547.4287719726562,597.1950073242188,547.4287719726562,598.4644896265571,555.1227489212213,7.7980040139128075,0.08407959416594132
622.078125,547.4287719726562,622.078125,547.4287719726562,623.4093007921427,554.9398906297688,7.6281670452875545,0.08175081491833543
646.9612426757812,547.4287719726562,646.9612426757812,547.4287719726562,648.3541119577283,554.7570323383163,7.459456067535747,0.07943839447636755
671.8443603515625,547.4287719726562,671.8443603515625,547.4287719726562,673.2989231233139,554.574174046864,7.291949235907841,0.07714380394187563
696.7274780273438,547.4287719726562,696.7274780273438,547.4287719726562,698.2437342888995,554.3913157554115,7.12573146964511,0.07486868269664305
721.610595703125,547.4287719726562,721.610595703125,547.4287719726562,723.188545454485,554.208457463959,6.960895113331213,0.0726148607607782
746.4937744140625,547.4287719726562,746.4937744140625,547.4287719726562,748.1334178065533,554.0255987239782,6.797540264058435,0.07038437883841392
771.3768310546875,547.4287719726562,771.3768310546875,547.4287719726562,773.0781677856563,553.8427408810542,6.635777560319428,0.06817954451190496
796.260009765625,547.4287719726562,796.260009765625,547.4287719726562,798.0230401377245,553.6598821410734,6.475724671717926,0.0660029054051484
821.14306640625,547.4287719726562,821.14306640625,547.4287719726562,822.9677901168275,553.4770242981492,6.31751318263561,0.06385736720442457
846.0262451171875,547.4287719726562,846.0262451171875,547.4287719726562,847.9126624688956,553.2941655581684,6.1612833352957095,0.06174614991438754
870.9093627929688,547.4287719726562,870.9093627929688,547.4287719726562,872.8574736344813,553.1113072667159,6.007190959096646,0.059672913215438994
895.79248046875,547.4287719726562,895.79248046875,547.4287719726562,897.8022848000669,552.9284489752636,5.855404391089307,0.05764174968244041
920.6756591796875,547.4287719726562,920.6756591796875,547.4287719726562,922.7471571521351,552.7455902352827,5.706107279718197,0.0556572609705609
945.5587768554688,547.4287719726562,945.5587768554688,547.4287719726562,947.6919683177207,552.5627319438303,5.559500948847995,0.05372462984038184
970.44189453125,547.4287719726562,970.44189453125,547.4287719726562,972.6367794833062,552.3798736523778,5.415803522627489,0.051849649918849175
995.324951171875,547.4287719726562,995.324951171875,547.4287719726562,997.5815294624092,552.1970158094538,5.275253062031039,0.050038806645156884
1020.2080688476562,547.4287719726562,1020.2080688476562,547.4287719726562,1022.5263406279947,552.0141575180013,5.138107107386244,0.0482993050431403
1045.0911865234375,547.4287719726562,1045.0911865234375,547.4287719726562,1047.4711517935802,551.8312992265488,5.004645932366496,0.04663913332483842
1069.974365234375,547.4287719726562,1069.974365234375,547.4287719726562,1072.4160241456484,551.648440486568,4.875171854027208,0.045067055620165844
1094.8575439453125,547.4287719726562,1094.8575439453125,547.4287719726562,1097.3608964977168,551.4655817465872,4.750011279200658,0.043592608383501506
1119.7406005859375,547.4287719726562,1119.7406005859375,547.4287719726562,1122.3056464768197,551.2827239036632,4.629514651542155,0.042226026451309705
1144.623779296875,547.4287719726562,1144.623779296875,547.4287719726562,1147.2505188288878,551.0998651636824,4.514054251583294,0.04097808883011111
1169.5068359375,547.4287719726562,1169.5068359375,547.4287719726562,1172.195268807991,550.9170073207583,4.404027377626643,0.03985995342867749
1194.3900146484375,547.4287719726562,1194.3900146484375,547.4287719726562,1197.140141160059,550.7341485807775,4.299850038250082,0.038882808444453666
1219.2730712890625,547.4287719726562,1219.2730712890625,547.4287719726562,1222.084891139162,550.5512907378534,4.201958389658526,0.038057525335733755
1244.15625,547.4287719726562,1244.15625,547.4287719726562,1247.0297634912304,550.3684319978726,4.110800511839235,0.037394151825765984
1269.0394287109375,547.4287719726562,1269.0394287109375,547.4287719726562,1271.9746358432985,550.1855732578917,4.026834269763177,0.0369014255183866
1293.9224853515625,547.4287719726562,1293.9224853515625,547.4287719726562,1296.9193858224014,550.0027154149677,3.9505186085288497,0.03658624275438575
1318.8056640625,547.4287719726562,1318.8056640625,547.4287719726562,1321.8642581744698,549.8198566749869,3.882303954547609,0.03645320595364702
1343.688720703125,547.4287719726562,1343.688720703125,547.4287719726562,1346.8090081535727,549.6369988320628,3.8226247050980113,0.03650430792209732
1368.57177734375,547.4287719726562,1368.57177734375,547.4287719726562,1371.7537581326756,549.4541409891388,3.771885654950134,0.036738779184312016
1393.4549560546875,547.4287719726562,1393.4549560546875,547.4287719726562,1396.698630484744,549.2712822491579,3.730451437455836,0.03715315067035092
1418.338134765625,547.4287719726562,1418.338134765625,547.4287719726562,1421.643502836812,549.0884235091771,3.6986350602214375,0.03774149668390341
1443.22119140625,547.4287719726562,1443.22119140625,547.4287719726562,1446.588252815915,548.905565666253,3.6766863001760473,0.03849583720963013
1468.1043701171875,547.4287719726562,1468.1043701171875,547.4287719726562,1471.5331251679831,548.7227069262722,3.6647822394442024,0.03940664792358953
1492.987548828125,547.4287719726562,1492.987548828125,547.4287719726562,1496.4779975200515,548.5398481862914,3.663020942265734,0.04046336092200322
1517.87060546875,547.4287719726562,1517.87060546875,547.4287719726562,1521.4227474991544,548.3569903433673,3.6714169400779184,0.041654867651704494
1542.753662109375,547.4287719726562,1542.753662109375,547.4287719726562,1546.3674974782575,548.1741325004433,3.689900864490705,0.042969960990996814
1567.6368408203125,547.4287719726562,1567.6368408203125,547.4287719726562,1571.3123698303257,547.9912737604625,3.718322439586658,0.04439766736488443
1592.52001953125,547.4287719726562,1592.52001953125,547.4287719726562,1596.2572421823938,547.8084150204817,3.7564560410025774,0.045927480289737525
1617.403076171875,547.4287719726562,1617.403076171875,547.4287719726562,1621.2019921614967,547.6255571775575,3.8040093471325234,0.04754953738678777
1642.2861328125,547.4287719726562,1642.2861328125,547.4287719726562,1646.1467421405998,547.4426993346335,3.8606344498829515,0.04925473268774156
1667.1693115234375,547.4287719726562,1667.1693115234375,547.4287719726562,1671.091614492668,547.2598405946527,3.9259391733582,0.051034742223569414
1692.052490234375,547.4287719726562,1692.052490234375,547.4287719726562,1696.0364868447361,547.0769818546719,3.999498128325672,0.052882004443275565
1716.935546875,547.4287719726562,1716.935546875,547.4287719726562,1720.9812368238393,546.8941240117477,4.080864565780464,0.054789707900561736
1741.8187255859375,547.4287719726562,1741.8187255859375,547.4287719726562,1745.9261091759074,546.7112652717669,4.169582211801946,0.056751775503886694
1766.701904296875,547.4287719726562,1766.701904296875,547.4287719726562,1770.8709815279756,546.5284065317861,4.26519201044859,0.058762753613826255
1791.5849609375,547.4287719726562,1791.5849609375,547.4287719726562,1795.8157315070787,546.3455486888621,4.367240810279061,0.06081778047262971
1816.4681396484375,547.4287719726562,1816.4681396484375,547.4287719726562,1820.7606038591468,546.1626899488813,4.475289118162835,0.06291255885710137
1841.351318359375,547.4287719726562,1841.351318359375,547.4287719726562,1845.705476211215,545.9798312089005,4.588912718238725,0.06504323916216537
1866.234375,547.4287719726562,1866.234375,547.4287719726562,1870.6502261903179,545.7969733659763,4.707707343048671,0.06720639613527332
1891.1175537109375,547.4287719726562,1891.1175537109375,547.4287719726562,1895.5950985423863,545.6141146259955,4.831292684512434,0.06939901318567324
1916.000732421875,547.4287719726562,1916.000732421875,547.4287719726562,1920.5399708944544,545.4312558860147,4.959310075740071,0.07161837501114449
1940.8837890625,547.4287719726562,1940.8837890625,547.4287719726562,1945.4847208735573,545.2483980430907,5.091424555340902,0.07386205975647467
1965.7667236328125,547.4287719726562,1965.7667236328125,547.4287719726562,1970.4293484796951,545.0655410972233,5.227325380475828,0.07612791557611936
1990.64990234375,547.4287719726562,1990.64990234375,547.4287719726562,1995.3742208317633,544.8826823572425,5.366726889445921,0.07841405304823332
2015.5330810546875,547.4287719726562,2015.5330810546875,547.4287719726562,2020.3190931838315,544.6998236172617,5.509362143363211,0.08071872867790651
572.3118896484375,572.3118896484375,572.7650146484375,571.1405029296875,573.7025367524238,580.2504183782593,9.158029655749623,1.3427347858115317
597.1950073242188,572.3118896484375,597.6536865234375,571.6046752929688,598.6473479180095,580.0675600868068,8.521020009414242,0.9176821645411912
622.078125,572.3118896484375,622.1764526367188,571.6842651367188,623.5921590835951,579.8847017953544,8.321741772971762,0.7239301746703882
646.9612426757812,572.3118896484375,647.2413330078125,571.2756958007812,648.5369702491806,579.701843503902,8.525176888254363,1.1562852551025704
671.8443603515625,572.3118896484375,671.9708862304688,571.8412475585938,673.4817814147663,579.5189852124495,7.824989440208049,0.5682610309678587
696.7274780273438,572.3118896484375,696.7661743164062,571.97705078125,698.4265925803519,579.336126920997,7.544069885800232,0.4192668480486864
721.610595703125,572.3118896484375,721.41845703125,572.2769165039062,723.3714037459374,579.1532686295446,7.148301856117995,0.2371068336905575
746.4937744140625,572.3118896484375,746.420166015625,572.315185546875,748.3162760980057,578.9704098895638,6.920061018229796,0.11668953704221453
771.3768310546875,572.3118896484375,771.4862670898438,572.2605590820312,773.2610260771087,578.7875520466397,6.7639786089938,0.15806492957966764
796.260009765625,572.3118896484375,796.3080444335938,572.2897338867188,798.2058984291768,578.6046933066589,6.593979243525203,0.10089780699935615
821.14306640625,572.3118896484375,821.1759643554688,572.34423828125,823.1506484082798,578.4218354637349,6.39034933481529,0.04184819407261036
846.0262451171875,572.3118896484375,846.072998046875,572.3002319335938,848.095520760348,578.238976723754,6.27369809675044,0.0853497933853702
870.9093627929688,572.3118896484375,870.8533325195312,572.3505249023438,873.0403319259336,578.0561184323016,6.110381651967476,0.08058588902564083
895.79248046875,572.3118896484375,895.7688598632812,572.3449096679688,897.9851430915193,577.8732601408491,5.956053248483035,0.05387945601605485
920.6756591796875,572.3118896484375,920.6759033203125,572.368408203125,922.9300154435874,577.6904014008683,5.779674131049309,0.021623099731497192
945.5587768554688,572.3118896484375,945.558837890625,572.2772216796875,947.874826609173,577.5075431094159,5.720145627754425,0.09637410607644922
970.44189453125,572.3118896484375,970.4341430664062,572.3661499023438,972.8196377747586,577.3246848179634,5.5025133814463745,0.03078839283271445
995.324951171875,572.3118896484375,995.333984375,572.3280029296875,997.7643877538616,577.1418269750394,5.392565486258831,0.04088515326370532
1020.2080688476562,572.3118896484375,1020.1832885742188,572.4441528320312,1022.7091989194472,576.9589686835869,5.173372714737512,0.09442342077574199
1045.0911865234375,572.3118896484375,1045.0693359375,572.4306030273438,1047.6540100850327,576.7761103921345,5.0560829410101915,0.08396962085158301
1069.974365234375,572.3118896484375,1069.9573974609375,572.3552856445312,1072.5988824371009,576.5932516521536,4.9937760022912245,0.04340808025059706
1094.8575439453125,572.3118896484375,1094.850341796875,572.3220825195312,1097.5437547891693,576.4103929121728,4.895789559778962,0.04849564095082917
1119.7406005859375,572.3118896484375,1119.728515625,572.3259887695312,1122.4885047682722,576.2275350692488,4.779079785881364,0.04881158808383422
1144.623779296875,572.3118896484375,1144.6229248046875,572.30908203125,1147.4333771203403,576.044676329268,4.674752076628528,0.05169974435427608
1169.5068359375,572.3118896484375,1169.5069580078125,572.334716796875,1172.3781270994434,575.8618184863439,4.547972985912595,0.03279406972630992
1194.3900146484375,572.3118896484375,1194.3885498046875,572.3110961914062,1197.3229994515116,575.678959746363,4.466934032930428,0.04770709426311236
1219.2730712890625,572.3118896484375,1219.2769775390625,572.2980346679688,1222.2677494306145,575.496101903439,4.37862427594395,0.05357972488052571
1244.15625,572.3118896484375,1244.1591796875,572.3055419921875,1247.2126217826828,575.3132431634582,4.285997545997631,0.04643404379386893
1269.0394287109375,572.3118896484375,1269.0404052734375,572.3087768554688,1272.157494134751,575.1303844234774,4.20448715507234,0.0441520680256199
1293.9224853515625,572.3118896484375,1293.9208984375,572.3154296875,1297.1022441138539,574.9475265805532,4.12903068127086,0.04133771601974113
1318.8056640625,572.3118896484375,1318.804931640625,572.3152465820312,1322.0471164659223,574.7646678405724,4.063425518350417,0.04020399041333015
1343.688720703125,572.3118896484375,1343.6884765625,572.312255859375,1346.9918664450252,574.5818099976484,4.007899786986132,0.04076913461544605
1368.57177734375,572.3118896484375,1368.57177734375,572.3121337890625,1371.936616424128,574.3989521547244,3.9594132050220554,0.04024252279580286
1393.4549560546875,572.3118896484375,1393.4554443359375,572.3110961914062,1396.8814887761964,574.2160934147436,3.9200503730885843,0.03998072527284118
1418.338134765625,572.3118896484375,1418.337890625,572.3114013671875,1421.8263611282646,574.0332346747626,3.890261738138216,0.0404589384828044
1443.22119140625,572.3118896484375,1443.22119140625,572.3115234375,1446.7711111073675,573.8503768318386,3.869108379672164,0.04027930963457256
1468.1043701171875,572.3118896484375,1468.1043701171875,572.3116455078125,1471.7159834594356,573.6675180918578,3.8577378602064596,0.04051216212003944
1492.987548828125,572.3118896484375,1492.9876708984375,572.3117065429688,1496.660855811504,573.484659351877,3.8559182690385336,0.04081029981201458
1517.87060546875,572.3118896484375,1517.87060546875,572.3118896484375,1521.605605790607,573.301801508953,3.863955602211319,0.041507570933327735
1542.753662109375,572.3118896484375,1542.753662109375,572.3118896484375,1546.55035576971,573.1189436660288,3.8815227601726416,0.042258283346960496
1567.6368408203125,572.3118896484375,1567.6368408203125,572.3118896484375,1571.4952281217782,572.936084926048,3.908551178212034,0.043151965331860574
1592.52001953125,572.3118896484375,1592.52001953125,572.3118896484375,1596.4401004738463,572.7532261860672,3.9448463260251057,0.0441799385583383
1617.403076171875,572.3118896484375,1617.403076171875,572.3118896484375,1621.3848504529492,572.5703683431432,3.9901550923542644,0.045333062428120185
1642.2861328125,572.3118896484375,1642.2861328125,572.3118896484375,1646.3296004320523,572.387510500219,4.044174687571264,0.04660205203330843
1667.1693115234375,572.3118896484375,1667.1693115234375,572.3118896484375,1671.2744727841205,572.2046517602382,4.10656169329983,0.04797772145585526
1692.052490234375,572.3118896484375,1692.052490234375,572.3118896484375,1696.2193451361886,572.0217930202574,4.176940965162145,0.04945116294793497
1716.935546875,572.3118896484375,1716.935546875,572.3118896484375,1721.1640951152917,571.8389351773334,4.2549155282110664,0.05101389744916057
1741.8187255859375,572.3118896484375,1741.8187255859375,572.3118896484375,1746.10896746736,571.6560764373526,4.340076769936709,0.05265799032113758
1766.701904296875,572.3118896484375,1766.701904296875,572.3118896484375,1771.053839819428,571.4732176973718,4.432010089560211,0.054376055528071
1791.5849609375,572.3118896484375,1791.5849609375,572.3118896484375,1795.9985897985312,571.2903598544476,4.530302731930417,0.056161295767544264
1816.4681396484375,572.3118896484375,1816.4681396484375,572.3118896484375,1820.9434621505993,571.1075011144668,4.6345510288609395,0.05800752591962524
1841.351318359375,572.3118896484375,1841.351318359375,572.3118896484375,1845.8883345026675,570.924642374486,4.744361968018719,0.05990909983274276
1866.234375,572.3118896484375,1866.234375,572.3118896484375,1870.8330844817704,570.741784531562,4.859357876897247,0.06186090430727774
1891.1175537109375,572.3118896484375,1891.1175537109375,572.3118896484375,1895.7779568338387,570.5589257915811,4.979180610441076,0.06385835193663617
1916.000732421875,572.3118896484375,1916.000732421875,572.3118896484375,1920.722829185907,570.3760670516003,5.103489686019358,0.06589728371373005
1940.8837890625,572.3118896484375,1940.8837890625,572.3118896484375,1945.6675791650098,570.1932092086763,5.231964693181449,0.06797395641891044
1965.7667236328125,572.3118896484375,1965.7667236328125,572.3118896484375,1970.6122067711476,570.010352262809,5.364306216216195,0.07008501384292351
1990.64990234375,572.3118896484375,1990.64990234375,572.3118896484375,1995.5570791232158,569.8274935228281,5.500237090696256,0.07222747144642624
2015.5330810546875,572.3118896484375,2015.5330810546875,572.3118896484375,2020.501951475284,569.6446347828473,5.639496588765044,0.07439859781046632
2040.4161376953125,572.3118896484375,2040.4161376953125,572.3118896484375,2045.4467014543868,569.4617769399232,5.78184349367454,0.07659594426961658
2065.29931640625,572.3118896484375,2065.29931640625,572.3118896484375,2070.3915738064557,569.2789181999424,5.92705670947527,0.07881733853684587
2090.182373046875,572.3118896484375,2090.182373046875,572.3118896484375,2095.3363237855583,569.0960603570184,6.074929320438513,0.08106078272153662
2115.065673828125,572.3118896484375,2115.065673828125,572.3118896484375,2120.281318510592,568.9132007199808,6.225273960731407,0.08332452808340415
1617.403076171875,597.1950073242188,1617.44970703125,599.9122314453125,1621.5677087444017,597.5151795087287,4.764850060201294,2.7142989045133503
1642.2861328125,597.1950073242188,1642.5802001953125,600.0734252929688,1646.5124587235048,597.3323216658047,4.793360640239056,2.8886151508119786
1667.1693115234375,597.1950073242188,1667.32568359375,599.7344360351562,1671.457331075573,597.1494629258239,4.873663600416571,2.5437675552620647
1692.052490234375,597.1950073242188,1692.9195556640625,599.3967895507812,1696.402203427641,596.966604185843,4.246720658710539,2.353454729856882
1716.935546875,597.1950073242188,1717.5299072265625,599.966796875,1721.3469534067442,596.783746342919,4.970075676629158,2.8317770672803007
1741.8187255859375,597.1950073242188,1742.953369140625,598.8102416992188,1746.2918257588124,596.6008876029382,4.00331588989311,1.9537246995913125
1816.4681396484375,597.1950073242188,1817.1783447265625,599.1925048828125,1821.1263204420518,596.0523122800524,5.044533856811968,2.119045396614472
1841.351318359375,597.1950073242188,1842.791015625,598.3644409179688,1846.07119279412,595.8694535400716,4.121228491200384,1.8265788494259856
1866.234375,597.1950073242188,1867.214111328125,597.57421875,1871.0159427732228,595.6865956971476,4.244648763631039,1.0091693615430368
1891.1175537109375,597.1950073242188,1891.535888671875,595.3946533203125,1895.9608151252912,595.5037369571668,4.426270818417237,1.813192038307986
1916.000732421875,597.1950073242188,1917.2576904296875,594.6612548828125,1920.9056874773594,595.320878217186,3.70715327482864,2.780350055740152
2040.4161376953125,597.1950073242188,2041.9869384765625,595.3798828125,2045.6295597458395,594.4065881055088,3.770410096799328,2.332289910423293
2065.29931640625,597.1950073242188,2066.54931640625,595.440185546875,2070.574432097908,594.223729365528,4.204916404920311,2.0860958280359676
2090.182373046875,597.1950073242188,2089.86474609375,595.6582641601562,2095.5191820770106,594.040871522604,5.881207803912391,1.5403556307853807
2115.065673828125,597.1950073242188,2115.427001953125,595.8042602539062,2120.464176802044,593.8580118855664,5.40009381120828,1.3775320548308734
2139.94873046875,597.1950073242188,2139.7119140625,597.1577758789062,2145.408926781147,593.6751540426424,6.677170716017849,0.2998480519294455
2164.831787109375,597.1950073242188,2165.0986328125,597.755126953125,2170.35367676025,593.4922961997182,6.766624928646059,0.6440515825591674
2189.715087890625,597.1950073242188,2190.427734375,596.77001953125,2195.2986714852836,593.3094365626806,5.975086845786503,0.7470654352162047
746.4937744140625,622.078125,746.4937744140625,622.078125,748.6819926809106,628.860032220735,7.1261886541141415,0.10010204629497782
771.3768310546875,622.078125,771.3768310546875,622.078125,773.6267426600136,628.677174377811,6.972055286826718,0.09782480632387432
796.260009765625,622.078125,796.260009765625,622.078125,798.5716150120818,628.4943156378301,6.8198989080796295,0.09556363746979815
821.14306640625,622.078125,821.14306640625,622.078125,823.5163649911848,628.311457794906,6.669856363168862,0.09331973095384995
846.0262451171875,622.078125,846.0262451171875,622.078125,848.461237343253,628.1285990549252,6.522072019712909,0.09109433961752984
870.9093627929688,622.078125,870.9093627929688,622.078125,873.4060485088386,627.9457407634727,6.376704031988777,0.08888887135634056
895.79248046875,622.078125,895.79248046875,622.078125,898.3508596744242,627.7628824720204,6.233921051450478,0.0867048406037562
920.6756591796875,622.078125,920.6756591796875,622.078125,923.2957320264924,627.5800237320395,6.0939044446218915,0.08454390349694292
945.5587768554688,622.078125,945.5587768554688,622.078125,948.240543192078,627.3971654405871,5.956849997504656,0.08240788778701588
970.44189453125,622.078125,970.44189453125,622.078125,973.1853543576635,627.2143071491346,5.822966502413842,0.08029877653502245
995.324951171875,622.078125,995.324951171875,622.078125,998.1301043367665,627.0314493062106,5.69247801585542,0.07821875121264613
1020.2080688476562,622.078125,1020.2080688476562,622.078125,1023.0749155023522,626.8485910147581,5.5656226731160094,0.07617018404026377
1045.0911865234375,622.078125,1045.0911865234375,622.078125,1048.0197266679374,626.6657327233056,5.442654866963461,0.07415568774305882
1069.974365234375,622.078125,1069.974365234375,622.078125,1072.9645990200056,626.4828739833248,5.32384369594258,0.07217811033624077
1094.8575439453125,622.078125,1094.8575439453125,622.078125,1097.909471372074,626.300015243344,5.209473893308432,0.07024057557567553
1119.7406005859375,622.078125,1119.7406005859375,622.078125,1122.8542213511769,626.11715740042,5.099844801694657,0.06834649819757815
1144.623779296875,622.078125,1144.623779296875,622.078125,1147.799093703245,625.9342986604391,4.995267448171887,0.06649957227124668
1169.5068359375,622.078125,1169.5068359375,622.078125,1172.7438436823481,625.7514408175151,4.896066608555649,0.06470385452124632
1194.3900146484375,622.078125,1194.3900146484375,622.078125,1197.6887160344163,625.5685820775343,4.802574460012855,0.06296370809583056
1219.2730712890625,622.078125,1219.2730712890625,622.078125,1222.6334660135192,625.3857242346102,4.715131535911809,0.06128388478071301
1244.15625,622.078125,1244.15625,622.078125,1247.5783383655876,625.2028654946293,4.634079405951767,0.05966946230680095
1269.0394287109375,622.078125,1269.0394287109375,622.078125,1272.5232107176557,625.0200067546485,4.559759349863502,0.0581258994647719
1293.9224853515625,622.078125,1293.9224853515625,622.078125,1297.4679606967586,624.8371489117245,4.492505800648575,0.05665899484338359
1318.8056640625,622.078125,1318.8056640625,622.078125,1322.412833048827,624.6542901717437,4.432639742639205,0.05527483698903295
1343.688720703125,622.078125,1343.688720703125,622.078125,1347.3575830279299,624.4714323288196,4.38046467039218,0.05397980577231121
1368.57177734375,622.078125,1368.57177734375,622.078125,1372.3023330070328,624.2885744858955,4.336257889764734,0.052780454571543525
1393.4549560546875,622.078125,1393.4549560546875,622.078125,1397.2472053591011,624.1057157459147,4.300264994130569,0.051683439665374094
1418.338134765625,622.078125,1418.338134765625,622.078125,1422.1920777111693,623.9228570059339,4.272693810844353,0.050695411478131766
1443.22119140625,622.078125,1443.22119140625,622.078125,1447.1368276902722,623.7399991630098,4.253708175513511,0.04982285830767171
1468.1043701171875,622.078125,1468.1043701171875,622.078125,1472.0817000423403,623.557140423029,4.24342314117669,0.04907193159157628
1492.987548828125,622.078125,1492.987548828125,622.078125,1497.0265723944087,623.3742816830481,4.241902110610958,0.048448291907396815
1517.87060546875,622.078125,1517.87060546875,622.078125,1521.9713223735116,623.1914238401241,4.249154438287618,0.047956907377363675
1542.753662109375,622.078125,1542.7550048828125,622.078125,1546.9160723526147,623.0085659972001,4.263824918722268,0.04639070221502981
1567.6368408203125,622.078125,1567.662109375,622.078125,1571.8609447046829,622.8257072572193,4.2648678006595,0.02579348513461555
1592.52001953125,622.078125,1592.5377197265625,622.078125,1596.805817056751,622.6428485172383,4.305295282658854,0.03111038631593695
1617.403076171875,622.078125,1617.4541015625,622.078125,1621.750567035854,622.4599906743143,4.313402016615406,0.014029308492062117
1642.2861328125,622.078125,1642.43798828125,622.078125,1646.695317014957,622.2771328313903,4.261977482789198,0.10595365246848433
1667.1693115234375,622.078125,1666.5916748046875,622.078125,1671.6401893670252,622.0942740914095,5.0485403909733195,0.6249491884785169
1692.052490234375,622.078125,1691.0283203125,622.078125,1696.5850617190933,621.9114153514287,5.559241599955499,1.0722852300166923
1716.935546875,622.078125,1715.1307373046875,622.078125,1721.5298116981965,621.7285575085045,6.408615335996725,1.8537529045731316
1741.8187255859375,622.078125,1740.1541748046875,622.078125,1746.4746840502646,621.5456987685237,6.34289482928653,1.7143315020318703
1766.701904296875,622.078125,1767.927490234375,622.078125,1771.4195564023328,621.3628400285429,3.564569919609891,1.1749668266059181
1791.5849609375,622.078125,1791.4996337890625,622.078125,1796.3643063814359,621.1799821856189,4.946887905139269,0.13685322725971316
1816.4681396484375,622.078125,1815.7835693359375,621.4326782226562,1821.309178733504,620.9971234456381,5.542749063259046,0.9751836613502891
1841.351318359375,622.078125,1839.9013671875,622.7614135742188,1846.2540510855722,620.8142647056573,6.644394737307991,1.6549170858045537
846.0262451171875,646.9612426757812,846.0262451171875,646.9612426757812,848.6440956347053,653.0734102205108,6.6491904339486165,0.1009671548411925
870.9093627929688,646.9612426757812,870.9093627929688,646.9612426757812,873.5889068002909,652.8905519290583,6.5066630701284724,0.09873709281117765
895.79248046875,646.9612426757812,895.79248046875,646.9612426757812,898.5337179658766,652.7076936376059,6.366795243472802,0.09652515645855947
920.6756591796875,646.9612426757812,920.6756591796875,646.9612426757812,923.4785903179447,652.524834897625,6.229765756171968,0.09433261548596095
945.5587768554688,646.9612426757812,945.5587768554688,646.9612426757812,948.4234014835304,652.3419766061727,6.095766718745306,0.09216086531095755
970.44189453125,646.9612426757812,970.44189453125,646.9612426757812,973.3682126491159,652.1591183147202,5.965002002080581,0.09001140504289498
995.324951171875,646.9612426757812,995.324951171875,646.9612426757812,998.3129626282189,651.9762604717962,5.837689265247757,0.0878858753395587
1020.2080688476562,646.9612426757812,1020.2080688476562,646.9612426757812,1023.2577737938046,651.7934021803437,5.714058604538049,0.08578604419770063
1045.0911865234375,646.9612426757812,1045.0911865234375,646.9612426757812,1048.20258495939,651.6105438888912,5.594354475493419,0.08371385110264384
1069.974365234375,646.9612426757812,1069.974365234375,646.9612426757812,1073.147457311458,651.4276851489104,5.478833972244434,0.08167139483439274
1094.8575439453125,646.9612426757812,1094.8575439453125,646.9612426757812,1098.0923296635265,651.2448264089296,5.367767528652329,0.07966096823653386
1119.7406005859375,646.9612426757812,1119.7406005859375,646.9612426757812,1123.0370796426294,651.0619685660056,5.261437731073532,0.07768506765918029
1144.623779296875,646.9612426757812,1144.623779296875,646.9612426757812,1147.9819519946975,650.8791098260248,5.160136323330793,0.07574637492509968
1169.5068359375,646.9612426757812,1169.5068359375,646.9612426757812,1172.9267019738006,650.6962519831006,5.064166094433017,0.07384784025346722
1194.3900146484375,646.9612426757812,1194.3900146484375,646.9612426757812,1197.8715743258688,650.5133932431198,4.973834681667569,0.07199262141403683
1219.2730712890625,646.9612426757812,1219.2730712890625,646.9612426757812,1222.8163243049717,650.3305354001958,4.889455531809463,0.07018417238142696
1244.15625,646.9612426757812,1244.15625,646.9612426757812,1247.76119665704,650.147676660215,4.8113409707958175,0.06842618308605088
1269.0394287109375,646.9612426757812,1269.0394287109375,646.9612426757812,1272.7060690091082,649.9648179202342,4.739801190478327,0.06672265184348515
1293.9224853515625,646.9612426757812,1293.9224853515625,646.9612426757812,1297.650818988211,649.78196007731,4.675138325809468,0.06507786332740746
1318.8056640625,646.9612426757812,1318.8056640625,646.9612426757812,1322.5956913402795,649.5991013373292,4.617640640480386,0.06349636590748692
1343.688720703125,646.9612426757812,1343.688720703125,646.9612426757812,1347.5404413193824,649.4162434944052,4.567579306935585,0.061983020486821555
1368.57177734375,646.9612426757812,1368.57177734375,646.9612426757812,1372.4851912984852,649.2333856514812,4.525200822409869,0.060542929400484606
1393.4549560546875,646.9612426757812,1393.4549560546875,646.9612426757812,1397.4300636505536,649.0505269115002,4.4907225494720135,0.059181434013994644
1418.338134765625,646.9612426757812,1418.338134765625,646.9612426757812,1422.3749360026218,648.8676681715194,4.464327765500567,0.05790408640105358
1443.22119140625,646.9612426757812,1443.22119140625,646.9612426757812,1447.3196859817247,648.6848103285954,4.4461605053149515,0.056716577868467274
1468.1043701171875,646.9612426757812,1468.1043701171875,646.9612426757812,1472.2645583337928,648.5019515886146,4.436321669093196,0.05562465052460817
1492.987548828125,646.9612426757812,1492.987548828125,646.9612426757812,1497.2094306858612,648.3190928486338,4.434866797616108,0.05463404200034925
1517.87060546875,646.9612426757812,1517.87060546875,646.9612426757812,1522.154180664964,648.1362350057098,4.4418040745862895,0.05375035850961953
1542.753662109375,646.9612426757812,1542.753662109375,646.9612426757812,1547.0989306440672,647.9533771627856,4.45709428651554,0.05297894545042758
1567.6368408203125,646.9612426757812,1567.6368408203125,646.9612426757812,1572.0438029961354,647.7705184228048,4.480652056771853,0.05232476568217354
1592.52001953125,646.9612426757812,1592.52001953125,646.9612426757812,1596.9886753482035,647.587659682824,4.512347845313442,0.051792265878181566
1617.403076171875,646.9612426757812,1617.403076171875,646.9612426757812,1621.9334253273064,647.4048018399,4.552011445744798,0.0513852307318896
1642.2861328125,646.9612426757812,1642.2861328125,646.9612426757812,1646.8781753064095,647.2219439969758,4.599436861697658,0.05110665510922098
1667.1693115234375,646.9612426757812,1667.1693115234375,646.9612426757812,1671.8230476584777,647.039085256995,4.654387122063287,0.05095864539917388
1692.052490234375,646.9612426757812,1692.052490234375,646.9612426757812,1696.7679200105458,646.8562265170142,4.7165990255268255,0.05094234136562397
1716.935546875,646.9612426757812,1716.935546875,646.9612426757812,1721.712669989649,646.6733686740902,4.785789035609774,0.051057868290225406
1741.8187255859375,646.9612426757812,1741.8187255859375,646.9612426757812,1746.657542341717,646.4905099341094,4.861659892474509,0.051304336738020144
1766.701904296875,646.9612426757812,1766.701904296875,646.9612426757812,1771.6024146937852,646.3076511941285,4.943903718228586,0.05167987306819203
1791.5849609375,646.9612426757812,1791.5849609375,646.9612426757812,1796.5471646728884,646.1247933512044,5.0322076054240075,0.0521816879980147
1816.4681396484375,646.9612426757812,1816.4681396484375,646.9612426757812,1821.4920370249565,645.9419346112236,5.126259238496132,0.0528061864314589
1841.351318359375,646.9612426757812,1841.351318359375,646.9612426757812,1846.4369093770247,645.7590758712428,5.225747891425047,0.053549074193425354
1866.234375,646.9612426757812,1866.234375,646.9612426757812,1871.3816593561276,645.5762180283187,5.330368609853741,0.05440549733618466
1891.1175537109375,646.9612426757812,1891.1175537109375,646.9612426757812,1896.326531708196,645.3933592883379,5.439826292497153,0.055370196070017134
1916.000732421875,646.9612426757812,1916.000732421875,646.9612426757812,1921.271404060264,645.2105005483571,5.553834487672176,0.056437614617339205
1940.8837890625,646.9612426757812,1940.8837890625,646.9612426757812,1946.216154039367,645.0276427054331,5.672118219135424,0.05760203684391196
1965.7667236328125,646.9612426757812,1965.7667236328125,646.9612426757812,1971.1607816455048,644.8447857595658,5.7944155634961625,0.05885770408002335
1990.64990234375,646.9612426757812,1990.64990234375,646.9612426757812,1996.105653997573,644.6619270195849,5.920479591639649,0.06019892555385495
2015.5330810546875,646.9612426757812,2015.5330810546875,646.9612426757812,2021.0505263496411,644.4790682796041,6.050073744661569,0.06162010389910413
2040.4161376953125,646.9612426757812,2040.4161376953125,646.9612426757812,2045.9952763287445,644.29621043668,6.182975394298623,0.06311583067192461
2065.29931640625,646.9612426757812,2065.29931640625,646.9612426757812,2070.940148680813,644.1133516966992,6.318977114888693,0.0646809485008492
2090.182373046875,646.9612426757812,2090.182373046875,646.9612426757812,2095.8848986599155,643.9304938537751,6.457881757161119,0.0663105292909538
2115.065673828125,646.9612426757812,2115.065673828125,646.9612426757812,2120.829893384949,643.7476342167375,6.599508044340243,0.06799996256933244
2139.94873046875,646.9612426757812,2139.94873046875,646.9612426757812,2145.774643364052,643.5647763738135,6.743681813671705,0.06974486712472233
2164.831787109375,646.9612426757812,2164.831787109375,646.9612426757812,2170.719393343155,643.3819185308894,6.890244444012873,0.0715411993016047
2189.715087890625,646.9612426757812,2189.715087890625,646.9612426757812,2195.6643880681886,643.1990588938519,7.039048189334311,0.07338520095605151
2214.59814453125,646.9612426757812,2214.59814453125,646.9612426757812,2220.6091380472913,643.0162010509277,7.189951075752654,0.07527333400058396
2239.481201171875,646.9612426757812,2239.481201171875,646.9612426757812,2245.5538880263944,642.8333432080037,7.342825045520982,0.07720237710289157
2264.364501953125,646.9612426757812,2264.364501953125,646.9612426757812,2270.498882751428,642.6504835709661,7.497551056067271,0.0791693593463816
2289.24755859375,646.9612426757812,2289.24755859375,646.9612426757812,2295.4436327305307,642.4676257280421,7.654013847746229,0.08117148552926534
2314.130615234375,646.9612426757812,2314.130615234375,646.9612426757812,2320.388382709634,642.2847678851181,7.812110485785193,0.08320623650416217
2339.013671875,646.9612426757812,2339.013671875,646.9612426757812,2345.333132688737,642.1019100421939,7.971743762828984,0.08527127681651464
2363.896728515625,646.9612426757812,2363.896728515625,646.9612426757812,2370.27788266784,641.9190521992699,8.132823194669388,0.08736445863792003
920.6756591796875,671.8443603515625,920.973388671875,670.7941284179688,923.6614486093972,677.4696460632107,7.196402021819543,1.1841946311510811
945.5587768554688,671.8443603515625,945.8573608398438,670.8837890625,948.6062597749828,677.2867877717582,6.9681301528007635,1.0948090576729457
970.44189453125,671.8443603515625,970.7097778320312,671.0145874023438,973.5510709405684,677.1039294803059,6.719600692828429,0.9579114842387584
995.324951171875,671.8443603515625,995.2922973632812,672.056884765625,998.4958209196714,676.9210716373817,5.824334906211757,0.13173669444858746
1020.2080688476562,671.8443603515625,1020.1290893554688,671.9801635742188,1023.4406320852571,676.7382133459292,5.797012409965013,0.1140353079328712
1045.0911865234375,671.8443603515625,1045.014892578125,671.7933959960938,1048.3854432508424,676.5553550544769,5.834112264181487,0.17428124951121057
1069.974365234375,671.8443603515625,1069.9659423828125,671.9581298828125,1073.3303156029106,676.3724963144961,5.550282709672332,0.04518484133156081
1094.8575439453125,671.8443603515625,1094.8975830078125,671.7620849609375,1098.275187954979,676.1896375745152,5.5687913702276886,0.1671087453702274
1119.7406005859375,671.8443603515625,1119.7838134765625,671.6171264648438,1123.2199379340818,676.0067797315911,5.574585822267718,0.3095323784755184
1144.623779296875,671.8443603515625,1144.645751953125,671.8015747070312,1148.16481028615,675.8239209916103,5.3444402124356705,0.12262295642854687
1169.5068359375,671.8443603515625,1169.518310546875,671.7981567382812,1173.109560265253,675.6410631486863,5.259753246957765,0.12487469110010849
1194.3900146484375,671.8443603515625,1194.3905029296875,671.8355102539062,1198.0544326173213,675.4582044087055,5.152503633685309,0.08927643938309114
1219.2730712890625,671.8443603515625,1219.2291259765625,672.0067749023438,1222.9991825964241,675.2753465657813,4.989678109456518,0.11854783702294665
1244.15625,671.8443603515625,1244.14892578125,671.8814086914062,1247.9440549484925,675.0924878258005,4.971321213057658,0.05252114587989868
1269.0394287109375,671.8443603515625,1269.0426025390625,671.822998046875,1272.8889273005607,674.9096290858197,4.931683824160953,0.09405770276428801
1293.9224853515625,671.8443603515625,1293.932373046875,671.8721313476562,1297.8336772796636,674.7267712428957,4.834164214036016,0.04502758920769602
1318.8056640625,671.8443603515625,1318.8052978515625,671.8480224609375,1322.778549631732,674.5439125029148,4.801515680183949,0.06922468784829049
1343.688720703125,671.8443603515625,1343.672119140625,671.8570556640625,1347.7232996108348,674.3610546599908,4.762570122719413,0.07154853572360322
1368.57177734375,671.8443603515625,1368.557373046875,671.8486938476562,1372.6680495899377,674.1781968170667,4.724854042843869,0.07461995038957693
1393.4549560546875,671.8443603515625,1393.4532470703125,671.8548583984375,1397.612921942006,673.9953380770859,4.678092377551537,0.0602073811506737
1418.338134765625,671.8443603515625,1418.3419189453125,671.8538818359375,1422.5577942940743,673.8124793371051,4.648624433945688,0.05603624220981356
1443.22119140625,671.8443603515625,1443.2171630859375,671.8646240234375,1447.5025442731771,673.629621494181,4.634620587672575,0.05361065474921287
1468.1043701171875,671.8443603515625,1468.105224609375,671.8545532226562,1472.4474166252453,673.4467627542002,4.624906776901262,0.055164267048193834
1492.987548828125,671.8443603515625,1492.9876708984375,671.8482055664062,1497.3922889773137,673.2639040142194,4.626538934873833,0.05899052815741314
1517.87060546875,671.8443603515625,1517.8695068359375,671.8468627929688,1522.3370389564166,673.0810461712953,4.634873445828874,0.05972335985924414
1542.753662109375,671.8443603515625,1542.7535400390625,671.8416137695312,1547.2817889355197,672.8981883283712,4.649880414231481,0.06154448168464842
1567.6368408203125,671.8443603515625,1567.63623046875,671.846923828125,1572.2266612875878,672.7153295883904,4.671850133191168,0.057430745764393436
1592.52001953125,671.8443603515625,1592.5196533203125,671.845947265625,1597.171533639656,672.5324708484096,4.702265957516091,0.057014363492892406
1617.403076171875,671.8443603515625,1617.40283203125,671.8433227539062,1622.1162836187589,672.3496130054855,4.740564912184418,0.057694800113479223
1642.2861328125,671.8443603515625,1642.2864990234375,671.843994140625,1647.061033597862,672.1667551625615,4.785431545812374,0.05610348675755355
1667.1693115234375,671.8443603515625,1667.1693115234375,671.84423828125,1672.0059059499301,671.9838964225806,4.838610342114726,0.055704039289783805
1692.052490234375,671.8443603515625,1692.052490234375,671.8438110351562,1696.9507783019983,671.8010376825998,4.89847481907478,0.055447437437979516
1716.935546875,671.8443603515625,1716.9354248046875,671.843994140625,1721.8955282811014,671.6181798396758,4.965241041001583,0.0551237200658124
1741.8187255859375,671.8443603515625,1741.8187255859375,671.8441772460938,1746.8404006331696,671.4353210996949,5.038291737130881,0.05471581229039393
1766.701904296875,671.8443603515625,1766.701904296875,671.8443603515625,1771.7852729852377,671.2524623597141,5.117712423982105,0.054557165629581135
1791.5849609375,671.8443603515625,1791.5849609375,671.8443603515625,1796.7300229643408,671.06960451679,5.203067351433525,0.054591190879767916
1816.4681396484375,671.8443603515625,1816.4681396484375,671.8443603515625,1821.674895316409,670.8867457768092,5.294084459066853,0.054748124766773924
1841.351318359375,671.8443603515625,1841.351318359375,671.8443603515625,1846.6197676684772,670.7038870368284,5.39047655631666,0.05502691584772281
1866.234375,671.8443603515625,1866.234375,671.8443603515625,1871.56451764758,670.5210291939044,5.491960123342143,0.05542572308321278
1891.1175537109375,671.8443603515625,1891.1175537109375,671.8443603515625,1896.5093899996484,670.3381704539236,5.598259244801863,0.05594198362970941
1916.000732421875,671.8443603515625,1916.000732421875,671.8443603515625,1921.4542623517166,670.1553117139428,5.70910448283468,0.05657248044749943
1940.8837890625,671.8443603515625,1940.8837890625,671.8443603515625,1946.3990123308195,669.9724538710186,5.824235707053293,0.057313439671815125
1965.7667236328125,671.8443603515625,1965.7667236328125,671.8443603515625,1971.3436399369573,669.7895969251513,5.9434037555893156,0.05816063792330788
1990.64990234375,671.8443603515625,1990.64990234375,671.8443603515625,1996.2885122890254,669.6067381851705,6.066372480691259,0.05910952032124975
2015.5330810546875,671.8443603515625,2015.5330810546875,671.8443603515625,2021.2333846410936,669.4238794451896,6.192914402388419,0.06015526776599806
2040.4161376953125,671.8443603515625,2040.4161376953125,671.8443603515625,2046.1781346201967,669.2410216022656,6.32281434220283,0.06129291667908773
2065.29931640625,671.8443603515625,2065.29931640625,671.8443603515625,2071.1230069722656,669.0581628622848,6.455870836529797,0.06251746102719624
2090.182373046875,671.8443603515625,2090.182373046875,671.8443603515625,2096.067756951368,668.8753050193608,6.591891478850604,0.0638238877484294
2115.065673828125,671.8443603515625,2115.065673828125,671.8443603515625,2121.012751676402,668.6924453823232,6.730698545231429,0.06520729487671145
2139.94873046875,671.8443603515625,2139.94873046875,671.8443603515625,2145.9575016555045,668.509587539399,6.872120552166999,0.06666286375571588
2164.831787109375,671.8443603515625,2164.831787109375,671.8443603515625,2170.9022516346076,668.326729696475,7.016000639803216,0.06818598558017402
2189.715087890625,671.8443603515625,2189.715087890625,671.8443603515625,2195.8472463596413,668.1438700594374,7.162192114935235,0.06977225232580674
2214.59814453125,671.8443603515625,2214.59814453125,671.8443603515625,2220.791996338744,667.9610122165134,7.3105535324752,0.07141742647967132
2239.481201171875,671.8443603515625,2239.481201171875,671.8443603515625,2245.736746317847,667.7781543735894,7.460956783724133,0.07311754606052534
2264.364501953125,671.8443603515625,2264.364501953125,671.8443603515625,2270.6817410428807,667.5952947365518,7.613282361623303,0.07486888548738106
2289.24755859375,671.8443603515625,2289.24755859375,671.8443603515625,2295.6264910219834,667.4124368936277,7.7674142712333785,0.07666790160160894
2314.130615234375,671.8443603515625,2314.130615234375,671.8443603515625,2320.5712410010865,667.2295790507036,7.923248495508962,0.07851133283999605
2339.013671875,671.8443603515625,2339.013671875,671.8443603515625,2345.5159909801896,667.0467212077796,8.080686548782342,0.08039612403098122
2363.896728515625,671.8443603515625,2363.896728515625,671.8443603515625,2370.4607409592927,666.8638633648554,8.239636496546597,0.08231943428220885
2388.780029296875,671.8443603515625,2388.780029296875,671.8443603515625,2395.405735684326,666.6810037278179,8.40001409264739,0.08427864591263987
2413.6630859375,671.8443603515625,2413.6630859375,671.8443603515625,2420.350485663429,666.4981458848938,8.561736051641237,0.0862712758868339
2438.546142578125,671.8443603515625,2438.546142578125,671.8443603515625,2445.2952356425317,666.3152880419698,8.724729095893311,0.08829507945515976
2463.429443359375,671.8443603515625,2463.429443359375,671.8443603515625,2470.2402303675653,666.1324284049322,8.888924920026637,0.09034798204421356
1741.8187255859375,696.7274780273438,1743.1693115234375,699.2581176757812,1747.023258924622,696.3801322652805,4.809959521051316,2.8175817546378967
1766.701904296875,696.7274780273438,1767.701171875,698.5852661132812,1771.9681312766902,696.1972735252997,4.889729147501654,2.0603266565026876
1791.5849609375,696.7274780273438,1793.85595703125,698.6116943359375,1796.9128812557933,696.0144156823757,4.011314263286742,2.89392492652203
1816.4681396484375,696.7274780273438,1817.1292724609375,698.4671630859375,1821.8577536078615,695.8315569423949,5.413405000616077,1.820747887085464
1841.351318359375,696.7274780273438,1842.5047607421875,698.5912475585938,1846.8026259599296,695.648698202414,5.208669901561359,2.145764703058589
1866.234375,696.7274780273438,1866.810302734375,698.6775512695312,1871.7473759390325,695.4658403594899,5.889802950678892,2.000620842385527
1891.1175537109375,696.7274780273438,1892.529296875,698.8997192382812,1896.692248291101,695.2829816195091,5.514612905350491,2.5470606857915086
1916.000732421875,696.7274780273438,1917.8416748046875,697.6644897460938,1921.637120643169,695.1001228795283,4.580544349658216,2.0089274994015556
1965.7667236328125,696.7274780273438,1966.81201171875,697.0977783203125,1971.5264982284098,694.7344080907369,5.27369907103241,1.0509456897356328
1990.64990234375,696.7274780273438,1991.254638671875,697.07275390625,1996.471370580478,694.5515493507561,5.7940283237898615,0.6421955892630623
2015.5330810546875,696.7274780273438,2016.52685546875,696.9432983398438,2021.416242932546,694.3686906107753,5.525822538745289,0.9573456450328802
2040.4161376953125,696.7274780273438,2041.4464111328125,696.8270874023438,2046.360992911649,694.1858327678513,5.579367357066523,0.9741870025459465
2065.29931640625,696.7274780273438,2067.293701171875,697.2703247070312,2071.305865263718,694.0029740278704,5.17426721000041,2.0076044869403358
2090.182373046875,696.7274780273438,2091.6044921875,696.8300170898438,2096.2506152428205,693.8201161849463,5.535879596096974,1.3635162805193801
2115.065673828125,696.7274780273438,2117.58251953125,696.483154296875,2121.195609967854,693.6372565479087,4.599299566309167,2.4647981705560644
2139.94873046875,696.7274780273438,2142.397705078125,696.3229370117188,2146.140359946957,693.4543987049847,4.715503948083496,2.417202913839784
2189.715087890625,696.7274780273438,2192.489501953125,696.1024169921875,2196.0301046510936,693.088681225023,4.649566725959373,2.776504188290999
2214.59814453125,696.7274780273438,2215.4033203125,694.889892578125,2220.974854630196,692.905823382099,5.914264555114669,1.9655576207242944
2289.24755859375,696.7274780273438,2289.173583984375,694.0194091796875,2295.8093493134356,692.3572480592132,6.840771966143834,2.688609638825924
2339.013671875,696.7274780273438,2339.454345703125,694.7070922851562,2345.698849271642,691.9915323733651,6.809411902047552,2.0261736065048104
2363.896728515625,696.7274780273438,2363.646240234375,695.9413452148438,2370.643599250745,691.8086745304411,8.126622926511065,0.8214297366745982
2388.780029296875,696.7274780273438,2388.689208984375,694.624755859375,2395.588593975778,691.6258148934035,7.522975486932123,2.076081516180907
2413.6630859375,696.7274780273438,2411.534912109375,695.7744750976562,2420.5333439548813,691.4429570504794,9.986682345566015,2.3853306135226453
2438.546142578125,696.7274780273438,2438.063232421875,695.0127563476562,2445.478093933984,691.2600992075554,8.310391498293212,1.7669422227228448
2463.429443359375,696.7274780273438,2463.239990234375,696.7733764648438,2470.4230886590176,691.0772395705178,9.167490305258259,0.27852257893589516
2488.3125,696.7274780273438,2488.095947265625,696.3958740234375,2495.3678386381207,690.8943817275937,9.118487901763453,0.4111414790413581
2513.195556640625,696.7274780273438,2513.056884765625,696.487060546875,2520.3125886172234,690.7115238846696,9.273729676811664,0.2908087503612281
2538.078857421875,696.7274780273438,2537.6865234375,696.3953247070312,2545.257583342257,690.528664247632,9.57802970486611,0.54948309264768
1094.8575439453125,721.610595703125,1094.8575439453125,721.610595703125,1098.640904537884,726.0792599056864,5.855149624789781,0.1085598237283776
1119.7406005859375,721.610595703125,1119.7406005859375,721.610595703125,1123.5856545169868,725.8964020627624,5.757827358039289,0.10643833312883927
1144.623779296875,721.610595703125,1144.623779296875,721.610595703125,1148.530526869055,725.7135433227816,5.665408702148441,0.10433812907280612
1169.5068359375,721.610595703125,1169.5068359375,721.610595703125,1173.475276848158,725.5306854798574,5.578138320176951,0.10226054433994267
1194.3900146484375,721.610595703125,1194.3900146484375,721.610595703125,1198.4201492002262,725.3478267398766,5.4962605767540404,0.10020696482163668
1219.2730712890625,721.610595703125,1219.2730712890625,721.610595703125,1223.364899179329,725.1649688969526,5.420020690418407,0.09817891763525936
1244.15625,721.610595703125,1244.15625,721.610595703125,1248.3097715313975,724.9821101569718,5.349658944669287,0.09617799742648812
1269.0394287109375,721.610595703125,1269.0394287109375,721.610595703125,1273.2546438834656,724.799251416991,5.285410505559751,0.09420594338127593
1293.9224853515625,721.610595703125,1293.9224853515625,721.610595703125,1298.1993938625685,724.6163935740668,5.2275010523647,0.0922646159102716
1318.8056640625,721.610595703125,1318.8056640625,721.610595703125,1323.144266214637,724.433534834086,5.176142769634335,0.09035597589175894
1343.688720703125,721.610595703125,1343.688720703125,721.610595703125,1348.0890161937398,724.250676991162,5.131532871586011,0.08848215797009237
1368.57177734375,721.610595703125,1368.57177734375,721.610595703125,1373.0337661728427,724.0678191482378,5.093848385077822,0.08664541133404983
1393.4549560546875,721.610595703125,1393.4549560546875,721.610595703125,1397.978638524911,723.884960408257,5.063243812355684,0.08484813479913902
1418.338134765625,721.610595703125,1418.338134765625,721.610595703125,1422.9235108769792,723.7021016682762,5.039848339468257,0.08309289928126336
1443.22119140625,721.610595703125,1443.22119140625,721.610595703125,1447.868260856082,723.5192438253522,5.023762745795635,0.08138243329254413
1468.1043701171875,721.610595703125,1468.1043701171875,721.610595703125,1472.8131332081502,723.3363850853714,5.015057211905701,0.07971960130086507
1492.987548828125,721.610595703125,1492.987548828125,721.610595703125,1497.7580055602186,723.1535263453906,5.013770277906587,0.07810745465680889
1517.87060546875,721.610595703125,1517.87060546875,721.610595703125,1522.7027555393215,722.9706685024665,5.0199076011449675,0.07654920327516249
1542.753662109375,721.610595703125,1542.753662109375,721.610595703125,1547.6475055184246,722.7878106595424,5.033441999855691,0.07504819583220429
1567.6368408203125,721.610595703125,1567.6409912109375,721.610595703125,1572.5923778704928,722.6049519195616,5.050244958176593,0.07111670142381389
1592.52001953125,721.610595703125,1592.5318603515625,721.610595703125,1597.537250222561,722.4220931795808,5.07074510451747,0.0652689386904226
1617.403076171875,721.610595703125,1617.3955078125,721.610595703125,1622.4820002016638,722.2392353366567,5.1251919587336845,0.07616974734893232
1642.2861328125,721.610595703125,1642.2855224609375,721.610595703125,1647.426750180767,722.0563774937326,5.160517791072894,0.07011054357896292
1667.1693115234375,721.610595703125,1667.3668212890625,721.610595703125,1672.371622532835,721.8735187537518,5.011702706687475,0.15621110295016144
1692.052490234375,721.610595703125,1691.858154296875,721.610595703125,1697.3164948849032,721.690660013771,5.458927758155057,0.24826665675588924
1716.935546875,721.610595703125,1716.68115234375,721.610595703125,1722.2612448640064,721.507802170847,5.581039244164042,0.307979345897105
1741.8187255859375,721.610595703125,1740.8480224609375,721.610595703125,1747.2061172160745,721.3249434308661,6.364508318475788,1.0229014525078948
1766.701904296875,721.610595703125,1765.3309326171875,721.610595703125,1772.1509895681427,721.1420846908853,6.836130439280827,1.4237139274121728
1791.5849609375,721.610595703125,1791.812255859375,721.610595703125,1797.0957395472458,720.9592268479612,5.323483940566937,0.17786140341308956
1816.4681396484375,721.610595703125,1816.0250244140625,721.610595703125,1822.040611899314,720.7763681079804,6.0731563847158245,0.49813971188889544
1169.5068359375,746.4937744140625,1169.5068359375,746.4937744140625,1173.6581355881387,750.4755578319257,5.75220722646218,0.1119201492503319
1194.3900146484375,746.4937744140625,1194.3900146484375,746.4937744140625,1198.603007940207,750.2926990919449,5.672842425514549,0.10982682204369772
1219.2730712890625,746.4937744140625,1219.2730712890625,746.4937744140625,1223.5477579193098,750.1098412490207,5.599007513988516,0.10775522868479409
1244.15625,746.4937744140625,1244.15625,746.4937744140625,1248.4926302713782,749.9269825090399,5.530923221435677,0.10570662605453675
1269.0394287109375,746.4937744140625,1269.0394287109375,746.4937744140625,1273.4375026234463,749.7441237690591,5.468804720358707,0.10368238776755771
1293.9224853515625,746.4937744140625,1293.9224853515625,746.4937744140625,1298.3822526025492,749.5612659261351,5.412857665744686,0.10168397864621218
1318.8056640625,746.4937744140625,1318.8056640625,746.4937744140625,1323.3271249546176,749.3784071861543,5.363274636709814,0.09971293148617903
1343.688720703125,746.4937744140625,1343.688720703125,746.4937744140625,1348.2718749337205,749.1955493432301,5.320234061514971,0.09777092105880483
1368.57177734375,746.4937744140625,1368.57177734375,746.4937744140625,1373.2166249128234,749.0126915003061,5.283895554162362,0.09585970180590335
1393.4549560546875,746.4937744140625,1393.4549560546875,746.4937744140625,1398.1614972648918,748.8298327603253,5.254398039784861,0.09398114314012575
1418.338134765625,746.4937744140625,1418.338134765625,746.4937744140625,1423.10636961696,748.6469740203445,5.231857427527795,0.0921372528347859
1443.22119140625,746.4937744140625,1443.22119140625,746.4937744140625,1448.0511195960628,748.4641161774204,5.2163639619164215,0.09033016271998183
1468.1043701171875,746.4937744140625,1468.1043701171875,746.4937744140625,1472.995991948131,748.2812574374395,5.20798038550681,0.08856210725784336
1492.987548828125,746.4937744140625,1492.987548828125,746.4937744140625,1497.9408643001993,748.0983986974587,5.206741135946346,0.08683548033671629
1517.87060546875,746.4937744140625,1517.87060546875,746.4937744140625,1522.8856142793022,747.9155408545347,5.212651262186005,0.08515281025211256
1542.753662109375,746.4937744140625,1542.753662109375,746.4937744140625,1547.8303642584053,747.7326830116107,5.225686483424728,0.08351674484117769
1567.6368408203125,746.4937744140625,1567.6368408203125,746.4937744140625,1572.7752366104735,747.5498242716299,5.245793800561757,0.08193006844601064
1592.52001953125,746.4937744140625,1592.52001953125,746.4937744140625,1597.7201089625416,747.366965531649,5.272892263384783,0.0803957139449438
1617.403076171875,746.4937744140625,1617.403076171875,746.4937744140625,1622.6648589416445,747.1841076887249,5.306874593049055,0.07891674034828006
1642.2861328125,746.4937744140625,1642.2861328125,746.4937744140625,1647.6096089207476,747.0012498458009,5.347609670581934,0.07749631036500078
1667.1693115234375,746.4937744140625,1667.1693115234375,746.4937744140625,1672.5544812728158,746.8183911058201,5.394944784350131,0.07613769413832917
1692.052490234375,746.4937744140625,1692.052490234375,746.4937744140625,1697.499353624884,746.6355323658393,5.4487077469578615,0.07484426548259725
1716.935546875,746.4937744140625,1716.935546875,746.4937744140625,1722.444103603987,746.4526745229151,5.5087100520467525,0.0736194661761931
1741.8187255859375,746.4937744140625,1741.8187255859375,746.4937744140625,1747.3889759560552,746.2698157829343,5.5747508154404,0.07246676381558748
1766.701904296875,746.4937744140625,1766.701904296875,746.4937744140625,1772.3338483081234,746.0869570429535,5.646617900945001,0.07138965733331244
1791.5849609375,746.4937744140625,1791.5849609375,746.4937744140625,1797.2785982872265,745.9040992000295,5.724091467494676,0.0703916217319421
1816.4681396484375,746.4937744140625,1816.4681396484375,746.4937744140625,1822.2234706392946,745.7212404600486,5.806947866515161,0.0694760547038476
1841.351318359375,746.4937744140625,1841.351318359375,746.4937744140625,1847.1683429913628,745.5383817200678,5.894959776698333,0.06864626138974406
1866.234375,746.4937744140625,1866.234375,746.4937744140625,1872.1130929704657,745.3555238771437,5.987899403052138,0.06790538969868536
1891.1175537109375,746.4937744140625,1891.1175537109375,746.4937744140625,1897.057965322534,745.1726651371629,6.08554186878224,0.06725637089974486
1916.000732421875,746.4937744140625,1916.000732421875,746.4937744140625,1922.0028376746022,744.9898063971821,6.187664119893315,0.06670189023943505
1940.8837890625,746.4937744140625,1940.8837890625,746.4937744140625,1946.947587653705,744.806948554258,6.294047571794017,0.06624432368356609
1965.7667236328125,746.4937744140625,1965.7667236328125,746.4937744140625,1971.892215259843,744.6240916083907,6.404479796723917,0.06588568892463449
1990.64990234375,746.4937744140625,1990.64990234375,746.4937744140625,1996.837087611911,744.4412328684099,6.518756655926021,0.06562760331889385
2015.5330810546875,746.4937744140625,2015.5330810546875,746.4937744140625,2021.7819599639793,744.2583741284291,6.6366785412585285,0.0654712600163164
2040.4161376953125,746.4937744140625,2040.4161376953125,746.4937744140625,2046.7267099430826,744.075516285505,6.758054044668504,0.06541738850567273
2065.29931640625,746.4937744140625,2065.29931640625,746.4937744140625,2071.671582295151,743.8926575455242,6.88270161511055,0.06546624122791221
2090.182373046875,746.4937744140625,2090.182373046875,746.4937744140625,2096.6163322742536,743.7097997026001,7.010445530323511,0.06561758826942822
2115.065673828125,746.4937744140625,2115.065673828125,746.4937744140625,2121.5613269992873,743.5269400655626,7.141121492557714,0.06587072611611212
2139.94873046875,746.4937744140625,2139.94873046875,746.4937744140625,2146.50607697839,743.3440822226385,7.2745690008552994,0.06622448258604706
2164.831787109375,746.4937744140625,2164.831787109375,746.4937744140625,2171.450826957493,743.1612243797144,7.4106395299196715,0.06667725815420883
2189.715087890625,746.4937744140625,2189.715087890625,746.4937744140625,2196.3958216825267,742.9783647426768,7.549192616162974,0.06722705802718242
2214.59814453125,746.4937744140625,2214.59814453125,746.4937744140625,2221.3405716616294,742.7955068997528,7.690091430917732,0.06787151373809315
2239.481201171875,746.4937744140625,2239.481201171875,746.4937744140625,2246.2853216407325,742.6126490568287,7.833210669533208,0.06860796272869386
2264.364501953125,746.4937744140625,2264.364501953125,746.4937744140625,2271.230316365766,742.4297894197912,7.978432275985898,0.06943348639487945
2289.24755859375,746.4937744140625,2289.24755859375,746.4937744140625,2296.175066344869,742.246931576867,8.125640757851011,0.07034493294166408
2314.130615234375,746.4937744140625,2314.130615234375,746.4937744140625,2321.119816323972,742.064073733943,8.274731414751402,0.07133901649611286
2339.013671875,746.4937744140625,2339.013671875,746.4937744140625,2346.064566303075,741.881215891019,8.425604332293364,0.07241233379247511
2363.896728515625,746.4937744140625,2363.896728515625,746.4937744140625,2371.009316282178,741.6983580480949,8.57816547170265,0.07356141666905018
2388.780029296875,746.4937744140625,2388.780029296875,746.4937744140625,2395.9543110072113,741.5154984110573,8.732327869552568,0.07478278498186226
2413.6630859375,746.4937744140625,2413.6630859375,746.4937744140625,2420.8990609863145,741.3326405681332,8.888005258924075,0.07607293376531069
2438.546142578125,746.4937744140625,2438.546142578125,746.4937744140625,2445.843810965417,741.1497827252092,9.045120842830991,0.07742843599259902
2463.429443359375,746.4937744140625,2463.429443359375,746.4937744140625,2470.7888056904508,740.9669230881716,9.20360252827984,0.0788459353085387
2488.3125,746.4937744140625,2488.3125,746.4937744140625,2495.733555669554,740.7840652452476,9.363377918415289,0.08032212240855635
2513.195556640625,746.4937744140625,2513.195556640625,746.4937744140625,2520.6783056486565,740.6012074023234,9.524383376630338,0.08185383502434068
2538.078857421875,746.4937744140625,2538.078857421875,746.4937744140625,2545.62330037369,740.418347765286,9.686559162977241,0.08343803107621049
2562.9619140625,746.4937744140625,2562.9619140625,746.4937744140625,2570.5680503527933,740.2354899223618,9.849844366566318,0.08507174839385656
2587.844970703125,746.4937744140625,2587.844970703125,746.4937744140625,2595.512800331896,740.0526320794378,10.01418622708568,0.08675220369698378
2612.728271484375,746.4937744140625,2612.728271484375,746.4937744140625,2620.4577950569296,739.8697724424002,10.17953519465717,0.08847675104285774
2637.611328125,746.4937744140625,2637.611328125,746.4937744140625,2645.4025450360327,739.6869145994762,10.345839815606702,0.09024282980676826
2662.494140625,746.4937744140625,2662.494140625,746.4937744140625,2670.347050269205,739.5040585506656,10.513054633695546,0.09204804734312999
2687.37744140625,746.4937744140625,2687.37744140625,746.4937744140625,2695.2920449942385,739.321198913628,10.681141758465413,0.09389019876353802
2712.260498046875,746.4937744140625,2712.260498046875,746.4937744140625,2720.2367949733416,739.138341070704,10.850055867494461,0.09576710113465241
1269.0394287109375,771.3768310546875,1269.1109619140625,771.1256103515625,1273.6203604663706,774.6888737481621,5.747305571927147,0.36025176226532807
1293.9224853515625,771.3768310546875,1293.8875732421875,771.4430541992188,1298.5651104454735,774.5060159052381,5.591161659321359,0.08169349495049735
1318.8056640625,771.3768310546875,1318.8907470703125,771.4579467773438,1323.5099827975419,774.3231571652573,5.435694000835554,0.05174414728195418
1343.688720703125,771.3768310546875,1343.7694091796875,771.5166625976562,1348.4547327766447,774.1402993223331,5.3698907690266395,0.05787782865231467
1368.57177734375,771.3768310546875,1368.561767578125,771.2195434570312,1373.3994827557476,773.9574414794091,5.5587385008417876,0.2595574211019003
1393.4549560546875,771.3768310546875,1393.5101318359375,771.2958374023438,1398.344355107816,773.7745827394283,5.432669057515841,0.1766424511434889
1418.338134765625,771.3768310546875,1418.4468994140625,771.2284545898438,1423.2892274598842,773.5917239994475,5.388244909589743,0.2502293536818622
1443.22119140625,771.3768310546875,1443.2130126953125,771.4266357421875,1448.233977438987,773.4088661565233,5.3980852505995855,0.06446152865830325
1468.1043701171875,771.3768310546875,1468.103271484375,771.42626953125,1473.1788497910552,773.2260074165425,5.385216021943768,0.058331933635545355
1492.987548828125,771.3768310546875,1492.9583740234375,771.4376220703125,1498.1237221431236,773.0431486765617,5.4091160905381495,0.0769501156576751
1517.87060546875,771.3768310546875,1517.872802734375,771.3702392578125,1523.0684721222265,772.8602908336377,5.40511184773044,0.09892430236507319
1542.753662109375,771.3768310546875,1542.755859375,771.3934936523438,1548.0132221013296,772.6774329907136,5.41187241727048,0.07697064381603944
1567.6368408203125,771.3768310546875,1567.6357421875,771.3524780273438,1572.9580944533977,772.4945742507327,5.443511497717823,0.11267568260804217
1592.52001953125,771.3768310546875,1592.50341796875,771.432373046875,1597.902966805466,772.3117155107519,5.470682846670706,0.0667791284368196
1617.403076171875,771.3768310546875,1617.3697509765625,771.4674682617188,1622.8477167845688,772.1288576678279,5.51774821283096,0.08321912406048475
1642.2861328125,771.3768310546875,1642.278076171875,771.4080200195312,1647.7924667636719,771.9459998249039,5.540570897469569,0.06915259019429583
1667.1693115234375,771.3768310546875,1667.171630859375,771.3970947265625,1672.73733911574,771.7631410849231,5.577732364629825,0.06727501624655668
1692.052490234375,771.3768310546875,1692.05322265625,771.38818359375,1697.6822114678082,771.5802823449422,5.632265704923467,0.07362458036859307
1716.935546875,771.3768310546875,1716.9290771484375,771.4140625,1722.6269614469113,771.3974245020181,5.697908590155797,0.06336364937009861
1741.8187255859375,771.3768310546875,1741.814453125,771.388916015625,1747.5718337989795,771.2145657620373,5.760019985732548,0.07450429121698719
1766.701904296875,771.3768310546875,1766.701904296875,771.3787231445312,1772.5167061510476,771.0317070220565,5.82514727646837,0.07737787020070823
1791.5849609375,771.3768310546875,1791.5869140625,771.378173828125,1797.4614561301507,770.8488491791325,5.898341215005221,0.0752302630866103
1816.4681396484375,771.3768310546875,1816.4698486328125,771.3721923828125,1822.406328482219,770.6659904391516,5.978337075444856,0.07854916853175839
1841.351318359375,771.3768310546875,1841.3521728515625,771.375,1847.351200834287,770.4831316991708,6.064962143619379,0.07596192086324847
1866.234375,771.3768310546875,1866.2352294921875,771.3753051757812,1872.29595081339,770.3002738562467,6.155325764836336,0.07469699596022564
1891.1175537109375,771.3768310546875,1891.1173095703125,771.3776245117188,1897.2408231654583,770.1174151162659,6.251843445762492,0.07310762868907321
1916.000732421875,771.3768310546875,1916.000244140625,771.3783569335938,1922.1856955175265,769.9345563762851,6.351721718187703,0.07206128647253529
1940.8837890625,771.3768310546875,1940.8834228515625,771.3771362304688,1947.1304454966294,769.751698533361,6.45502437138366,0.0719405038895624
1965.7667236328125,771.3768310546875,1965.7667236328125,771.3770141601562,1972.0750731027672,769.5688415874937,6.562374653096756,0.07104383554558397
1990.64990234375,771.3768310546875,1990.6495361328125,771.3772583007812,1997.0199454548354,769.3859828475129,6.674375840549048,0.07065962813166284
2015.5330810546875,771.3768310546875,2015.533203125,771.3761596679688,2021.9648178069035,769.2031241075321,6.7887959877580055,0.07029092329473301
2040.4161376953125,771.3768310546875,2040.41650390625,771.3764038085938,2046.9095677860066,769.020266264608,6.907333977214298,0.06954165859874048
2065.29931640625,771.3768310546875,2065.29931640625,771.3766479492188,2071.854440138075,768.8374075246272,7.029750285281486,0.06944924323642847
2090.182373046875,771.3768310546875,2090.182373046875,771.3768310546875,2096.7991901171777,768.6545496817031,7.154934242573201,0.06916682842176627
2115.065673828125,771.3768310546875,2115.065673828125,771.3768920898438,2121.7441848422113,768.4716900446655,7.283042515911902,0.06903633650188092
2139.94873046875,771.3768310546875,2139.94873046875,771.3768310546875,2146.688934821314,768.2888322017415,7.413912032801473,0.06904529785782837
2164.831787109375,771.3768310546875,2164.831787109375,771.3768310546875,2171.633684800417,768.1059743588174,7.5474708163941715,0.06913047413653439
2189.715087890625,771.3768310546875,2189.715087890625,771.3768310546875,2196.5786795254508,767.9231147217798,7.683556900150039,0.06931260485893748
2214.59814453125,771.3768310546875,2214.59814453125,771.3768310546875,2221.5234295045534,767.7402568788558,7.822035777071589,0.06959092523694214
2239.481201171875,771.3768310546875,2239.481201171875,771.3768310546875,2246.4681794836565,767.5573990359317,7.962783864654528,0.0699642886400496
2264.364501953125,771.3768310546875,2264.364501953125,771.3768310546875,2271.41317420869,767.3745393988942,8.105684367430502,0.07043118861724648
2289.24755859375,771.3768310546875,2289.24755859375,771.3768310546875,2296.357924187793,767.19168155597,8.250622716350756,0.07098977056273867
2314.130615234375,771.3768310546875,2314.130615234375,771.3768310546875,2321.302674166896,767.008823713046,8.397494713793355,0.07163789392150063
2339.013671875,771.3768310546875,2339.013671875,771.3768310546875,2346.247424145999,766.8259658701219,8.546200667330213,0.0723731531235248
2363.896728515625,771.3768310546875,2363.896728515625,771.3768310546875,2371.192174125102,766.6431080271979,8.69664649976215,0.07319292224674735
2388.780029296875,771.3768310546875,2388.780029296875,771.3768310546875,2396.1371688501354,766.4602483901602,8.848744967693332,0.0740944055665847
2413.6630859375,771.3768310546875,2413.6630859375,771.3768310546875,2421.0819188292385,766.2773905472362,9.002409397743229,0.07507464215818062
2438.546142578125,771.3768310546875,2438.546142578125,771.3768310546875,2446.026668808341,766.0945327043122,9.15756236906575,0.07613059818936371
2463.429443359375,771.3768310546875,2463.429443359375,771.3768310546875,2470.971663533375,765.9116730672746,9.314131037325629,0.0772591804062809
2488.3125,771.3768310546875,2488.3125,771.3768310546875,2495.916413512478,765.7288152243505,9.472042204560847,0.07845723311129393
2513.195556640625,771.3768310546875,2513.195556640625,771.3768310546875,2520.8611634915806,765.5459573814264,9.631231291322297,0.07972163460660626
2538.078857421875,771.3768310546875,2538.078857421875,771.3768310546875,2545.806158216614,765.3630977443888,9.791637549448676,0.08104929307524039
2562.9619140625,771.3768310546875,2562.9619140625,771.3768310546875,2570.7509081957173,765.1802399014648,9.953199059975228,0.08243712688953705
2587.844970703125,771.3768310546875,2587.844970703125,771.3768310546875,2595.69565817482,764.9973820585408,10.115861963899366,0.08388216138244044
2612.728271484375,771.3768310546875,2612.728271484375,771.3768310546875,2620.6406528998536,764.8145224215032,10.279575587599787,0.08538150730086866
2637.611328125,771.3768310546875,2637.611328125,771.3768310546875,2645.5854028789568,764.6316645785791,10.444287384599605,0.08693232587644449
2662.494140625,771.3768310546875,2662.494140625,771.3768310546875,2670.529908112129,764.4488085297685,10.609950763928284,0.08853190996622429
2687.37744140625,771.3768310546875,2687.37744140625,771.3768310546875,2695.4749028371625,764.265948892731,10.77652665501956,0.09017771148346931
2712.260498046875,771.3768310546875,2712.260498046875,771.3768310546875,2720.4196528162656,764.0830910498069,10.943968649885019,0.09186720046445315
2737.1435546875,771.3768310546875,2737.1435546875,771.3768310546875,2745.3644027953683,763.9002332068828,11.112239152863786,0.09359802626414471
2762.02685546875,771.3768310546875,2762.02685546875,771.3768310546875,2770.309397520402,763.7173735698452,11.281302752762608,0.09536795580173674
2786.909912109375,771.3768310546875,2786.909912109375,771.3768310546875,2795.254147499505,763.5345157269212,11.451121078131044,0.09717481864201083
1841.351318359375,796.260009765625,1842.9005126953125,798.4298095703125,1847.5340595742678,795.428004051239,5.520923206658123,2.584046112380911
1866.234375,796.260009765625,1867.8870849609375,797.7949829101562,1872.4788095533706,795.245146208315,5.2521997238121205,2.1741952790360197
1891.1175537109375,796.260009765625,1892.80078125,798.7265014648438,1897.423681905439,795.0622874683341,5.898955389073174,2.9074273088805014
1916.000732421875,796.260009765625,1917.841796875,798.0426635742188,1922.3685542575072,794.8794287283533,5.522462049682235,2.4834485982159835
1940.8837890625,796.260009765625,1942.8062744140625,798.1547241210938,1947.31330423661,794.6965708854292,5.680857472483389,2.6211499366937026
1965.7667236328125,796.260009765625,1967.3929443359375,797.5982666015625,1972.257931842748,794.5137139395619,5.760431282992315,2.0287268139442642
1990.64990234375,796.260009765625,1993.1785888671875,797.2559814453125,1997.202804194816,794.330855199581,4.97500477955425,2.6441706718586535
2040.4161376953125,796.260009765625,2042.93505859375,796.7443237304688,2047.0924265259875,793.9651386166762,5.000757744654626,2.495886046567622
2065.29931640625,796.260009765625,2067.727294921875,796.5416259765625,2072.037298878056,793.7822798766954,5.11762884558339,2.376899329790864
2090.182373046875,796.260009765625,2092.5595703125,796.7271118164062,2096.9820488571586,793.5994220337714,5.416711165861091,2.352613533626171
2115.065673828125,796.260009765625,2116.679443359375,796.3970336914062,2121.9270435821923,793.4165623967338,6.0349413615111835,1.5520058763845095
2139.94873046875,796.260009765625,2142.755615234375,796.68798828125,2146.871793561295,793.2337045538097,5.3735463233011975,2.7693868513514515
2164.831787109375,796.260009765625,2165.453857421875,796.4113159179688,2171.816543540398,793.0508467108856,7.1955908676494085,0.5685103578919823
2189.715087890625,796.260009765625,2191.3916015625,796.3948974609375,2196.7615382654317,792.867987073848,6.4245869183981545,1.6124447728048406
2239.481201171875,796.260009765625,2242.252197265625,796.290283203125,2246.6510382236374,792.5022713879999,5.805069791605858,2.701617008996981
2264.364501953125,796.260009765625,2265.6123046875,796.30810546875,2271.596032948671,792.3194117509623,7.191292059001404,1.1779248711154027
2363.896728515625,796.260009765625,2366.66357421875,796.1907348632812,2371.375032865083,791.587980379266,6.586591790617447,2.694401420987416
2388.780029296875,796.260009765625,2390.828857421875,795.6097412109375,2396.3200275901163,791.4051207422285,6.916052566491213,2.0808969853041552
2438.546142578125,796.260009765625,2440.01123046875,794.6683959960938,2446.209527548322,791.0394050563804,7.1825108372458,2.11397592718234
2712.260498046875,796.260009765625,2712.4931640625,794.351318359375,2720.6025115562466,789.0279634018751,9.700496109883865,1.8894710229756695
2737.1435546875,796.260009765625,2736.560791015625,795.0882568359375,2745.547261535349,788.845105558951,10.942284508694268,1.3255135251104149
2762.02685546875,796.260009765625,2762.710693359375,794.642333984375,2770.492256260383,788.6622459219135,9.813978521330514,1.6962550270946415
2786.909912109375,796.260009765625,2786.88818359375,795.21533203125,2795.437006239486,788.4793880789894,10.883717634900542,1.018262168451066
2811.79296875,796.260009765625,2813.04541015625,795.2760620117188,2820.3817562185886,788.2965302360653,10.125998091731367,1.5017265032142344
2836.67626953125,796.260009765625,2837.2607421875,795.4036254882812,2845.3267509436223,788.1136705990277,10.872163517037121,0.9570531643847421
1443.22119140625,821.14306640625,1443.22119140625,821.14306640625,1448.5996940218918,823.2984884876946,5.794319177922833,0.11820239863052684
1468.1043701171875,821.14306640625,1468.1043701171875,821.14306640625,1473.54456637396,823.1156297477138,5.786772973625933,0.11623380983059674
1492.987548828125,821.14306640625,1492.987548828125,821.14306640625,1498.4894387260283,822.932771007733,5.785657698932755,0.11429013654691668
1517.87060546875,821.14306640625,1517.87060546875,821.14306640625,1523.4341887051312,822.7499131648088,5.790977027551817,0.11237268099342435
1542.753662109375,821.14306640625,1542.753662109375,821.14306640625,1548.3789386842343,822.5670553218848,5.8027132425712376,0.11048279812666321
1567.6368408203125,821.14306640625,1567.636962890625,821.14306640625,1573.3238110363025,822.384196581904,5.82070837140241,0.10856902182186379
1592.52001953125,821.14306640625,1592.5244140625,821.14306640625,1598.2686833883706,822.2013378419232,5.840939010099309,0.10489157841101467
1617.403076171875,821.14306640625,1617.40625,821.14306640625,1623.2134333674735,822.018479998999,5.872795554234002,0.10355637797737684
1642.2861328125,821.14306640625,1642.3162841796875,821.14306640625,1648.1581833465766,821.835622156075,5.882807097187137,0.09258517911146223
1667.1693115234375,821.14306640625,1667.1505126953125,821.14306640625,1673.1030556986448,821.6527634160942,5.974325003576894,0.11204244737388014
1692.052490234375,821.14306640625,1692.1396484375,821.14306640625,1698.047928050713,821.4699046761134,5.917312839672649,0.09280518488670939
1716.935546875,821.14306640625,1716.8035888671875,821.14306640625,1722.992678029816,821.2870468331893,6.190763686840871,0.20202188841220803
1741.8187255859375,821.14306640625,1740.9703369140625,821.14306640625,1747.9375503818842,821.1041880932084,6.9673219409914555,0.904991327376157
1766.701904296875,821.14306640625,1765.3658447265625,821.14306640625,1772.8824227339524,820.9213293532276,7.51984788821289,1.3920976459021666
1791.5849609375,821.14306640625,1791.1722412109375,821.14306640625,1797.8271727130555,820.7384715103036,6.667219085023972,0.4735023822457796
1816.4681396484375,821.14306640625,1817.0897216796875,821.14306640625,1822.7720450651236,820.5556127703228,5.7126089338443515,0.5707962179054177
1841.351318359375,821.14306640625,1841.4615478515625,821.14306640625,1847.7169174171918,820.372754030342,6.30262084843108,0.08903511913284722
1517.87060546875,846.0262451171875,1517.87060546875,846.0262451171875,1523.6170474451121,847.6947855168771,5.9837799469142405,0.12174080175206779
1542.753662109375,846.0262451171875,1542.753662109375,846.0262451171875,1548.5617974242152,847.511927673953,5.995138738592413,0.11979668801310973
1567.6368408203125,846.0262451171875,1567.6368408203125,846.0262451171875,1573.5066697762834,847.3290689339722,6.012673437825778,0.1178775340274465
1592.52001953125,846.0262451171875,1592.52001953125,846.0262451171875,1598.4515421283515,847.1462101939914,6.036330184241627,0.1159845888742191
1617.403076171875,846.0262451171875,1617.403076171875,846.0262451171875,1623.3962921074544,846.9633523510673,6.066037192292272,0.11411916585500542
1642.2861328125,846.0262451171875,1642.2861328125,846.0262451171875,1648.3410420865575,846.7804945081432,6.101706192600967,0.11228262688890427
1667.1693115234375,846.0262451171875,1667.1693115234375,846.0262451171875,1673.2859144386257,846.5976357681624,6.143233553928275,0.11047640369041123
1692.052490234375,846.0262451171875,1692.052490234375,846.0262451171875,1698.2307867906939,846.4147770281816,6.190501222331042,0.10870201701010851
1716.935546875,846.0262451171875,1716.935546875,846.0262451171875,1723.175536769797,846.2319191852575,6.243378549266791,0.10696105973270854
1741.8187255859375,846.0262451171875,1741.8187255859375,846.0262451171875,1748.1204091218651,846.0490604452767,6.3017248373899255,0.10525517317339382
1766.701904296875,846.0262451171875,1766.701904296875,846.0262451171875,1773.0652814739333,845.8662017052959,6.365389461077471,0.10358609906162765
1791.5849609375,846.0262451171875,1791.5849609375,846.0262451171875,1798.0100314530364,845.6833438623718,6.4342142022293025,0.10195565323870164
1816.4681396484375,846.0262451171875,1816.4681396484375,846.0262451171875,1822.9549038051045,845.500485122391,6.508036016829413,0.10036570189696353
1841.351318359375,846.0262451171875,1841.351318359375,846.0262451171875,1847.8997761571727,845.3176263824101,6.586686575267954,0.09881820816852058
1866.234375,846.0262451171875,1866.234375,846.0262451171875,1872.8445261362756,845.1347685394861,6.6699946426511945,0.09731520480176267
1891.1175537109375,846.0262451171875,1891.1175537109375,846.0262451171875,1897.789398488344,844.9519097995053,6.757788773602308,0.09585876947287722
1916.000732421875,846.0262451171875,1916.000732421875,846.0262451171875,1922.7342708404121,844.7690510595245,6.849896096477581,0.09445106427428117
1940.8837890625,846.0262451171875,1940.8837890625,846.0262451171875,1947.679020819515,844.5861932166005,6.946144549887349,0.09309430634557522
1965.7667236328125,846.0262451171875,1965.7667236328125,846.0262451171875,1972.6236484256528,844.4033362707331,7.046364363171159,0.09179075378954528
1990.64990234375,846.0262451171875,1990.64990234375,846.0262451171875,1997.568520777721,844.2204775307523,7.1503900320963885,0.09054268560371281
2015.5330810546875,846.0262451171875,2015.5330810546875,846.0262451171875,2022.5133931297892,844.0376187907715,7.258056994259893,0.08935244042473259
2040.4161376953125,846.0262451171875,2040.4161376953125,846.0262451171875,2047.458143108892,843.8547609478474,7.369205095705947,0.08822236401997728
2065.29931640625,846.0262451171875,2065.29931640625,846.0262451171875,2072.403015460961,843.6719022078665,7.483680297458614,0.08715478562685071
2090.182373046875,846.0262451171875,2090.182373046875,846.0262451171875,2097.3477654400635,843.4890443649425,7.601331186414437,0.08615203932634459
2115.065673828125,846.0262451171875,2115.065673828125,846.0262451171875,2122.292760165097,843.3061847279049,7.722014338460822,0.08521639937105431
2139.94873046875,846.0262451171875,2139.94873046875,846.0262451171875,2147.2375101442,843.1233268849809,7.8455875127442525,0.08435011754077543
2164.831787109375,846.0262451171875,2164.831787109375,846.0262451171875,2172.182260123303,842.9404690420567,7.971917430225469,0.08355534131912358
2189.715087890625,846.0262451171875,2189.715087890625,846.0262451171875,2197.1272548483366,842.7576094050193,8.100876398751788,0.08283412226791079
2214.59814453125,846.0262451171875,2214.59814453125,846.0262451171875,2222.0720048274393,842.5747515620951,8.232338397308439,0.0821884111699725
2239.481201171875,846.0262451171875,2239.481201171875,846.0262451171875,2247.0167548065424,842.3918937191711,8.366186626248112,0.08161999250163439
2264.364501953125,846.0262451171875,2264.364501953125,846.0262451171875,2271.961749531576,842.2090340821335,8.502309736443307,0.08113048645271001
2289.24755859375,846.0262451171875,2289.24755859375,846.0262451171875,2296.9064995106787,842.0261762392095,8.640597606506931,0.08072133833326466
2314.130615234375,846.0262451171875,2314.130615234375,846.0262451171875,2321.851249489782,841.8433183962854,8.780949223073648,0.08039376977737815
2339.013671875,846.0262451171875,2339.013671875,846.0262451171875,2346.795999468885,841.6604605533613,8.923267206370426,0.08014878104063071
2363.896728515625,846.0262451171875,2363.896728515625,846.0262451171875,2371.740749447988,841.4776027104373,9.067458967750332,0.07998713091506031
2388.780029296875,846.0262451171875,2388.780029296875,846.0262451171875,2396.6857441730212,841.2947430733997,9.213437973595333,0.07990932481395169
2413.6630859375,846.0262451171875,2413.6630859375,846.0262451171875,2421.6304941521244,841.1118852304757,9.36111781544203,0.07991560915670912
2438.546142578125,846.0262451171875,2438.546142578125,846.0262451171875,2446.575244131227,840.9290273875515,9.510420618108357,0.08000596295356528
2463.429443359375,846.0262451171875,2463.429443359375,846.0262451171875,2471.5202388562607,840.746167750514,9.661272626858382,0.08018010411228507
2488.3125,846.0262451171875,2488.3125,846.0262451171875,2496.464988835364,840.5633099075899,9.813599508589725,0.08043748505289328
2513.195556640625,846.0262451171875,2513.195556640625,846.0262451171875,2521.4097388144664,840.3804520646659,9.967335048896272,0.08077731138290349
2538.078857421875,846.0262451171875,2538.078857421875,846.0262451171875,2546.3547335395,840.1975924276283,10.122416593372543,0.0811985525046792
2562.9619140625,846.0262451171875,2562.9619140625,846.0262451171875,2571.299483518603,840.0147345847042,10.27878024463518,0.08169994092046434
2587.844970703125,846.0262451171875,2587.844970703125,846.0262451171875,2596.244233497706,839.8318767417801,10.436369822053917,0.0822800151345599
2612.728271484375,846.0262451171875,2612.728271484375,846.0262451171875,2621.1892282227395,839.6490171047426,10.595132186583994,0.08293713096238389
2637.611328125,846.0262451171875,2637.611328125,846.0262451171875,2646.1339782018426,839.4661592618185,10.75501235527504,0.08366946050588496
2662.494140625,846.0262451171875,2662.494140625,846.0262451171875,2671.0784834350147,839.2833032130079,10.915961112196795,0.08447504532027643
2687.37744140625,846.0262451171875,2687.37744140625,846.0262451171875,2696.0234781600484,839.1004435759703,11.077936564918543,0.08535183570931057
2712.260498046875,846.0262451171875,2712.260498046875,846.0262451171875,2720.9682281391515,838.9175857330463,11.24088971566205,0.08629763709091669
2737.1435546875,846.0262451171875,2737.1435546875,846.0262451171875,2745.912978118254,838.7347278901223,11.404780172386017,0.08731021476660651
2762.02685546875,846.0262451171875,2762.02685546875,846.0262451171875,2770.857972843288,838.5518682530846,11.569569723611153,0.08838728464433755
2786.909912109375,846.0262451171875,2786.909912109375,846.0262451171875,2795.802722822391,838.3690104101606,11.735217328027115,0.08952649835022437
2811.79296875,846.0262451171875,2811.79296875,846.0262451171875,2820.7474728014936,838.1861525672365,11.901688703709755,0.0907255248170861
2836.67626953125,846.0262451171875,2836.67626953125,846.0262451171875,2845.6924675265273,838.003292930199,12.068951407837599,0.09198203762051237
2861.559326171875,846.0262451171875,2861.559326171875,846.0262451171875,2870.6372175056304,837.8204350872749,12.236969776643464,0.0932936899058046
2886.4423828125,846.0262451171875,2886.4423828125,846.0262451171875,2895.581967484733,837.6375772443508,12.40571467758624,0.09465820109347364
2911.32568359375,846.0262451171875,2911.32568359375,846.0262451171875,2920.5269622097667,837.4547176073132,12.575158528706398,0.09607333309956144
2936.208740234375,846.0262451171875,2936.208740234375,846.0262451171875,2945.4717121888693,837.2718597643892,12.745270194665858,0.09753685547427461
2961.091796875,846.0262451171875,2961.091796875,846.0262451171875,2970.4164621679724,837.0890019214651,12.916024882503583,0.09904663621337477
2985.97509765625,846.0262451171875,2985.97509765625,846.0262451171875,2995.361456893006,836.9061422844276,13.087399107597824,0.10060060810487224
3010.85791015625,846.0262451171875,3010.85791015625,846.0262451171875,3020.3059621261787,836.723286235617,13.259363860256032,0.10219670965125197
1617.403076171875,870.9093627929688,1617.36328125,870.8129272460938,1623.579150398907,871.9081635166528,6.311621959899123,0.22769221317841645
1642.2861328125,870.9093627929688,1642.327880859375,870.8389282226562,1648.52390037801,871.7253056737288,6.259099205243193,0.18116318726786335
1667.1693115234375,870.9093627929688,1667.12841796875,870.8912963867188,1673.4687727300782,871.542446933748,6.373703439476402,0.15622401283314666
1692.052490234375,870.9093627929688,1692.03759765625,870.8551635742188,1698.4136450821463,871.3595881937672,6.395969431922406,0.17329502149108877
1716.935546875,870.9093627929688,1716.897705078125,870.8870849609375,1723.3583950612494,871.1767303508432,6.4671794091348715,0.15485528603781043
1741.8187255859375,870.9093627929688,1741.802734375,870.8775634765625,1748.3032674133176,870.9938716108624,6.5015734529699,0.1497638147849929
1766.701904296875,870.9093627929688,1766.767333984375,870.9061889648438,1773.2481397653858,870.8110128708814,6.481504613902885,0.10200080775234836
1791.5849609375,870.9093627929688,1791.596923828125,870.9476928710938,1798.1928897444889,870.6281550279574,6.603701295715157,0.07208931661533004
1816.4681396484375,870.9093627929688,1816.4600830078125,870.9292602539062,1823.137762096557,870.4452962879766,6.695193733759636,0.09767102088822967
1841.351318359375,870.9093627929688,1841.33544921875,870.9583740234375,1848.0826344486252,870.2624375479958,6.782981358082603,0.0841887741085967
1866.234375,870.9093627929688,1866.2296142578125,870.8921508789062,1873.027384427728,870.0795797050718,6.846163246340295,0.12289010115176728
1891.1175537109375,870.9093627929688,1891.110595703125,870.9622192382812,1897.9722567797965,869.8967209650909,6.943895110187047,0.07367037382213303
1916.000732421875,870.9093627929688,1916.0091552734375,870.9494018554688,1922.9171291318646,869.7138622251101,7.017596526368491,0.06722675872902222
1940.8837890625,870.9093627929688,1940.896484375,870.886474609375,1947.8618791109675,869.531004382186,7.0960568884866975,0.11444411223695693
1965.7667236328125,870.9093627929688,1965.7540283203125,870.936279296875,1972.8065067171053,869.3481474363186,7.229081154873256,0.09032524375909685
1990.64990234375,870.9093627929688,1990.6558837890625,870.8781127929688,1997.7513790691735,869.1652886963378,7.299302682864766,0.12124902490342422
2015.5330810546875,870.9093627929688,2015.5308837890625,870.8887939453125,2022.6962514212416,868.982429956357,7.414628578874791,0.11466145700880112
2040.4161376953125,870.9093627929688,2040.41943359375,870.899658203125,2047.6410014003447,868.799572113433,7.520731558124088,0.10113182955102983
2065.29931640625,870.9093627929688,2065.29833984375,870.9209594726562,2072.585873752413,868.6167133734522,7.643147293858219,0.08712306544739802
2090.182373046875,870.9093627929688,2090.1796875,870.9149169921875,2097.530623731516,868.4338555305281,7.758345793810868,0.09140847615886803
2115.065673828125,870.9093627929688,2115.06494140625,870.910888671875,2122.4756184565495,868.2509958934905,7.873573771568844,0.09164538606505901
2139.94873046875,870.9093627929688,2139.9482421875,870.9119262695312,2147.420368435652,868.0681380505664,7.994986060190909,0.0897544821610758
2164.831787109375,870.9093627929688,2164.8310546875,870.911865234375,2172.365118414755,867.8852802076424,8.119256934620608,0.08903844498487645
2189.715087890625,870.9093627929688,2189.71435546875,870.9110107421875,2197.310113139789,867.7024205706048,8.245640392736231,0.08869073260727403
2214.59814453125,870.9093627929688,2214.598388671875,870.9110717773438,2222.2548631188915,867.5195627276807,8.374003498432705,0.08704753884597617
2239.481201171875,870.9093627929688,2239.481201171875,870.909423828125,2247.1996130979946,867.3367048847567,8.505186847422486,0.08743828056295568
2264.364501953125,870.9093627929688,2264.364501953125,870.9093627929688,2272.1446078230283,867.1538452477191,8.639094824087865,0.08673915238231543
2289.24755859375,870.9093627929688,2289.248046875,870.9090576171875,2297.089357802131,866.9709874047951,8.77465407031387,0.08583314802231753
2314.130615234375,870.9093627929688,2314.130615234375,870.9093627929688,2322.034107781234,866.788129561871,8.913459361177432,0.08548609231499149
2339.013671875,870.9093627929688,2339.013671875,870.9091796875,2346.978857760337,866.6052717189469,9.053607567690857,0.08506168156850935
2363.896728515625,870.9093627929688,2363.896728515625,870.9092407226562,2371.9236077394403,866.4224138760228,9.195781925719428,0.08459003355355672
2388.780029296875,870.9093627929688,2388.780029296875,870.9093627929688,2396.8686024644735,866.2395542389853,9.339814121193811,0.08417242441583227
2413.6630859375,870.9093627929688,2413.6630859375,870.9092407226562,2421.8133524435766,866.0566963960612,9.485464172176512,0.08394062220827811
2438.546142578125,870.9093627929688,2438.546142578125,870.9093627929688,2446.7581024226793,865.8738385531371,9.632901372821339,0.08368775289292267
2463.429443359375,870.9093627929688,2463.429443359375,870.9093627929688,2471.703097147713,865.6909789160995,9.78186471464654,0.08356511840968298
2488.3125,870.9093627929688,2488.3125,870.9093627929688,2496.647847126816,865.5081210731755,9.932342313883229,0.08352283184352689
2513.195556640625,870.9093627929688,2513.195556640625,870.9093627929688,2521.5925971059187,865.3252632302514,10.08426777223413,0.08356101357653582
2538.078857421875,870.9093627929688,2538.078857421875,870.9093627929688,2546.5375918309524,865.1424035932139,10.2375781420679,0.0836795550165814
2562.9619140625,870.9093627929688,2562.9619140625,870.9093627929688,2571.4823418100555,864.9595457502897,10.392209189708726,0.08387811313736801
2587.844970703125,870.9093627929688,2587.844970703125,870.9093627929688,2596.427091789158,864.7766879073657,10.54810426511988,0.08415612233094708
2612.728271484375,870.9093627929688,2612.728271484375,870.9093627929688,2621.372086514192,864.5938282703281,10.705209693245251,0.08451280240731208
2637.611328125,870.9093627929688,2637.611328125,870.9093627929688,2646.316836493295,864.4109704274041,10.863469946903765,0.0849471554436744
2662.494140625,870.9093627929688,2662.494140625,870.9093627929688,2671.261341726467,864.2281143785935,11.022835185566144,0.08545799477860737
2687.37744140625,870.9093627929688,2687.37744140625,870.9093627929688,2696.2063364515006,864.0452547415559,11.183262809284312,0.08604397417538936
2712.260498046875,870.9093627929688,2712.260498046875,870.9093627929688,2721.1510864306038,863.8623968986319,11.344703174823008,0.08670355424423831
2737.1435546875,870.9093627929688,2737.1435546875,870.9093627929688,2746.0958364097064,863.6795390557078,11.507115160004837,0.08743507460887277
2762.02685546875,870.9093627929688,2762.02685546875,870.9093627929688,2771.04083113474,863.4966794186703,11.670459807336732,0.0882367542427484
2786.909912109375,870.9093627929688,2786.909912109375,870.9093627929688,2795.985581113843,863.3138215757461,11.834695359881128,0.08910668402263063
2811.79296875,870.9093627929688,2811.79296875,870.9093627929688,2820.930331092946,863.1309637328221,11.99978676998781,0.09004289312406463
2836.67626953125,870.9093627929688,2836.67626953125,870.9093627929688,2845.8753258179795,862.9481040957845,12.165700826911253,0.09104334702144826
2861.559326171875,870.9093627929688,2861.559326171875,870.9093627929688,2870.8200757970826,862.7652462528605,12.332401138450198,0.09210593296007995
2886.4423828125,870.9093627929688,2886.4423828125,870.9093627929688,2895.7648257761853,862.5823884099364,12.499857806664945,0.09322853566703161
2911.32568359375,870.9093627929688,2911.32568359375,870.9093627929688,2920.709820501219,862.3995287728989,12.668042490742575,0.0944090260751249
2936.208740234375,870.9093627929688,2936.208740234375,870.9093627929688,2945.6545704803216,862.2166709299747,12.83692334090228,0.09564523807050741
2961.091796875,870.9093627929688,2961.091796875,870.9093627929688,2970.5993204594247,862.0338130870507,13.006474821819078,0.09693505069426084
3010.85791015625,870.9093627929688,3010.85791015625,870.9093627929688,3020.488820417631,861.6680974012025,13.347487347955337,0.09966706781971103
3035.7412109375,870.9093627929688,3035.7412109375,870.9093627929688,3045.433815142664,861.485237764165,13.518901909418881,0.10110516887753451
3085.50732421875,870.9093627929688,3085.50732421875,870.9093627929688,3095.3233151008703,861.1195220783169,13.863428804452552,0.10411554423492615
3110.390625,870.9093627929688,3110.390625,870.9093627929688,3120.2683098259035,860.9366624412793,14.036502763312248,0.10568402539842192
1990.64990234375,895.79248046875,1993.085693359375,897.0740356445312,1997.9342373606257,894.1100998619235,5.682718913995949,2.6572429550434347
2090.182373046875,895.79248046875,2092.533935546875,896.9480590820312,2097.7134820229685,893.3786666961137,6.290330969246285,2.527579915380878
2139.94873046875,895.79248046875,2142.79296875,896.5323486328125,2147.603226727105,893.012949216152,5.96026459649993,2.8559152368605787
2164.831787109375,895.79248046875,2167.064697265625,896.0042114257812,2172.547976706208,892.830091373228,6.335723441844655,2.169128748967662
2214.59814453125,895.79248046875,2217.53271484375,895.8629150390625,2222.4377214103442,892.4643738932664,5.967342066448158,2.8644158587515633
2239.481201171875,895.79248046875,2242.3388671875,895.9129638671875,2247.3824713894473,892.2815160503422,6.214930135759458,2.787285637531814
2264.364501953125,895.79248046875,2267.07080078125,896.2344360351562,2272.327466114481,892.0986564133048,6.6885875568848485,2.6621174697336847
2911.32568359375,895.79248046875,2909.973388671875,893.1590576171875,2920.8926787926716,887.3443399384844,12.37100797935033,3.0002764523198193
2936.208740234375,895.79248046875,2935.843994140625,892.9060668945312,2945.8374287717743,887.1614820955604,11.526881201765779,2.9157782552055096
3010.85791015625,895.79248046875,3011.4814453125,896.1820678710938,3020.6716787090836,886.6129085667882,13.267599619933463,0.6636249836346026
3060.624267578125,895.79248046875,3060.742919921875,895.3106079101562,3070.56142341322,886.2471910868265,13.362205481243297,0.46300513307329794
3085.50732421875,895.79248046875,3085.66064453125,895.5662231445312,3095.506173392323,886.0643332439024,13.682848761785479,0.21145640916375633
3110.390625,895.79248046875,3110.70703125,895.4906616210938,3120.4511681173562,885.8814736068649,13.685199946751611,0.3517536762558688
3135.273681640625,895.79248046875,3135.5390625,895.008056640625,3145.3959180964594,885.6986157639408,13.558144846767613,0.775342270964702
3160.15673828125,895.79248046875,3160.244140625,895.25830078125,3170.3406680755625,885.5157579210168,14.030574041836031,0.5052840415488267
1791.5849609375,920.6756591796875,1790.6915283203125,920.6756591796875,1798.558606775922,920.5178385456112,7.8686613079516965,0.9567532686764333
1816.4681396484375,920.6756591796875,1814.972900390625,920.6756591796875,1823.5034791279902,920.3349798056304,8.537378756403822,1.5564980848575918
1841.351318359375,920.6756591796875,1841.1964111328125,920.6756591796875,1848.4483514800584,920.1521210656496,7.270813637885574,0.2400303194821977
1866.234375,920.6756591796875,1866.9134521484375,920.6756591796875,1873.3931014591612,919.9692632227255,6.51804038327279,0.6296816149599319
1891.1175537109375,920.6756591796875,1890.8287353515625,920.6422729492188,1898.3379738112296,919.7864044827447,7.5578550578883545,0.37530642374120965
1916.000732421875,920.6756591796875,1915.8043212890625,920.47607421875,1923.2828461632978,919.6035457427639,7.529252302583742,0.39734581822930104
1940.8837890625,920.6756591796875,1941.211181640625,920.1796875,1948.2275961424007,919.4206878998398,7.057347437513001,0.6536647686706615
1965.7667236328125,920.6756591796875,1966.1328125,921.493896484375,1973.1722237485385,919.2378309539725,7.392099999561725,0.7811471353709512
1990.64990234375,920.6756591796875,1989.2183837890625,921.2025146484375,1998.1170961006067,919.0549722139916,9.15418042816359,1.5553377020221157
2015.5330810546875,920.6756591796875,2015.3978271484375,921.5369262695312,2023.0619684526748,918.8721134740108,8.114202928599088,0.7929363163732108
2040.4161376953125,920.6756591796875,2040.479248046875,921.0684814453125,2048.006718431778,918.6892556310868,7.8945250566878356,0.3015458684882116
2065.29931640625,920.6756591796875,2065.19287109375,921.7927856445312,2072.9515907838463,918.506396891106,8.426035975957403,1.042579638070642
2090.182373046875,920.6756591796875,2090.0966796875,921.0353393554688,2097.896340762949,918.3235390481819,8.257637301218464,0.31275785702133374
2115.065673828125,920.6756591796875,2114.645263671875,922.2391967773438,2122.8413354879826,918.1406794111443,9.163702189390055,1.5578932663098761
2139.94873046875,920.6756591796875,2139.804443359375,922.3474731445312,2147.7860854670853,917.9578215682203,9.109097194397643,1.6044572808155622
2164.831787109375,920.6756591796875,2164.349609375,922.5606689453125,2172.7308354461884,917.7749637252962,9.651317262905595,1.8881959836347628
2189.715087890625,920.6756591796875,2189.40966796875,922.5798950195312,2197.675830171222,917.5921040882586,9.654402929837959,1.8657766733017696
1866.234375,945.5587768554688,1866.234375,945.5587768554688,1873.5759597506137,944.9140743883111,7.369837713383052,0.13242841653591256
1891.1175537109375,945.5587768554688,1891.1175537109375,945.5587768554688,1898.520832102682,944.7312156483302,7.449388464648165,0.13062280470698656
1916.000732421875,945.5587768554688,1916.000732421875,945.5587768554688,1923.4657044547503,944.5483569083494,7.5330442665065025,0.12884406843645183
1940.8837890625,945.5587768554688,1940.8837890625,945.5587768554688,1948.4104544338531,944.3654990654254,7.620669491359491,0.12709334465889172
1965.7667236328125,945.5587768554688,1965.7667236328125,945.5587768554688,1973.355082039991,944.1826421195581,7.7121287675437715,0.12537180611136092
1990.64990234375,945.5587768554688,1990.64990234375,945.5587768554688,1998.2999543920591,943.9997833795773,7.807288709898658,0.12368064604766382
2015.5330810546875,945.5587768554688,2015.5330810546875,945.5587768554688,2023.2448267441273,943.8169246395964,7.906014844441701,0.12202114531644694
2040.4161376953125,945.5587768554688,2040.4161376953125,945.5587768554688,2048.1895767232304,943.6340667966724,8.008174769021279,0.12039462098309374
2065.29931640625,945.5587768554688,2065.29931640625,945.5587768554688,2073.134449075299,943.4512080566916,8.113639761733209,0.11880241121331815
2090.182373046875,945.5587768554688,2090.182373046875,945.5587768554688,2098.0791990544017,943.2683502137675,8.222281629460563,0.11724592993546573
2115.065673828125,945.5587768554688,2115.065673828125,945.5587768554688,2123.0241937794353,943.08549057673,8.333977731671846,0.11572659582951829
2139.94873046875,945.5587768554688,2139.94873046875,945.5587768554688,2147.968943758538,942.9026327338058,8.448604784740281,0.11424592134321758
2164.831787109375,945.5587768554688,2164.831787109375,945.5587768554688,2172.913693737641,942.7197748908818,8.56604616511842,0.11280541312933717
2189.715087890625,945.5587768554688,2189.715087890625,945.5587768554688,2197.8586884626748,942.5369152538442,8.68618891208694,0.11140661575696317
2214.59814453125,945.5587768554688,2214.59814453125,945.5587768554688,2222.8034384417774,942.3540574109202,8.808920187878082,0.1100511476863168
2239.481201171875,945.5587768554688,2239.481201171875,945.5587768554688,2247.7481884208805,942.171199567996,8.934134432267117,0.10874061479643186
2264.364501953125,945.5587768554688,2264.364501953125,945.5587768554688,2272.693183145914,941.9883399309585,9.06172998069498,0.10747664870361895
2289.24755859375,945.5587768554688,2289.24755859375,945.5587768554688,2297.637933125017,941.8054820880344,9.191605212702584,0.10626093638184833
2314.130615234375,945.5587768554688,2314.130615234375,945.5587768554688,2322.58268310412,941.6226242451104,9.323666051870687,0.10509513933269476
2339.013671875,945.5587768554688,2339.013671875,945.5587768554688,2347.527433083223,941.4397664021864,9.457820944852642,0.10398093646696725
2363.896728515625,945.5587768554688,2363.896728515625,945.5587768554688,2372.472183062326,941.2569085592622,9.593982047119148,0.10292000345986257
2388.780029296875,945.5587768554688,2388.780029296875,945.5587768554688,2397.4171777873594,941.0740489222246,9.73206651651625,0.1019139943607146
2413.6630859375,945.5587768554688,2413.6630859375,945.5587768554688,2422.3619277664625,940.8911910793006,9.871990991851373,0.10096457098964501
2438.546142578125,945.5587768554688,2438.546142578125,945.5587768554688,2447.306677745565,940.7083332363766,10.01367962948423,0.10007333346237182
2463.429443359375,945.5587768554688,2463.429443359375,945.5587768554688,2472.251672470599,940.525473599339,10.15706001553065,0.09924184153769179
2488.3125,945.5587768554688,2488.3125,945.5587768554688,2497.196422449702,940.342615756415,10.302058760442005,0.09847162521192568
2513.195556640625,945.5587768554688,2513.195556640625,945.5587768554688,2522.1411724288046,940.1597579134908,10.448609829329648,0.0977641240865006
2538.078857421875,945.5587768554688,2538.078857421875,945.5587768554688,2547.0861671538382,939.9768982764533,10.596650276308592,0.09712070277330942
2562.9619140625,945.5587768554688,2562.9619140625,945.5587768554688,2572.0309171329413,939.7940404335292,10.74611570317904,0.09654265522887226
2587.844970703125,945.5587768554688,2587.844970703125,945.5587768554688,2596.975667112044,939.6111825906052,10.896948859716858,0.09603115523983001
2612.728271484375,945.5587768554688,2612.728271484375,945.5587768554688,2621.9206618370777,939.4283229535675,11.049095231728101,0.09558726710499721
2637.611328125,945.5587768554688,2637.611328125,945.5587768554688,2646.8654118161808,939.2454651106435,11.202498388784798,0.09521194523579686
2662.494140625,945.5587768554688,2662.494140625,945.5587768554688,2671.809917049353,939.062609061833,11.357107307391232,0.09490600102067821
2687.37744140625,945.5587768554688,2687.37744140625,945.5587768554688,2696.7549117743865,938.8797494247954,11.512877916705543,0.0946700990862604
2712.260498046875,945.5587768554688,2712.260498046875,945.5587768554688,2721.6996617534896,938.6968915818713,11.669759251513458,0.09450477196118998
2737.1435546875,945.5587768554688,2737.1435546875,945.5587768554688,2746.6444117325923,938.5140337389472,11.827708576434299,0.09441038773599303
2762.02685546875,945.5587768554688,2762.02685546875,945.5587768554688,2771.589406457626,938.3311741019096,11.98668523730011,0.09438715935366256
2786.909912109375,945.5587768554688,2786.909912109375,945.5587768554688,2796.534156436729,938.1483162589856,12.146645838445965,0.09443513977760261
2811.79296875,945.5587768554688,2811.79296875,945.5587768554688,2821.4789064158317,937.9654584160616,12.30755350947616,0.0945542200285367
2836.67626953125,945.5587768554688,2836.67626953125,945.5587768554688,2846.4239011408654,937.7825987790239,12.469373178847198,0.09474413422937328
2861.559326171875,945.5587768554688,2861.559326171875,945.5587768554688,2871.3686511199685,937.5997409360999,12.632066683765274,0.09500445387561768
2886.4423828125,945.5587768554688,2886.4423828125,945.5587768554688,2896.313401099071,937.4168830931758,12.79560221522563,0.09533460372878522
2911.32568359375,945.5587768554688,2911.32568359375,945.5587768554688,2921.258395824105,937.2340234561383,12.95994951420352,0.09573386559054659
2936.208740234375,945.5587768554688,2936.208740234375,945.5587768554688,2946.2031458032075,937.0511656132142,13.125074922591724,0.09620137118444394
2961.091796875,945.5587768554688,2961.091796875,945.5587768554688,2971.1478957823106,936.8683077702901,13.290950987572641,0.09673613461912171
2985.97509765625,945.5587768554688,2985.97509765625,945.5587768554688,2996.0928905073442,936.6854481332525,13.457551589726904,0.09733705358763653
3010.85791015625,945.5587768554688,3010.85791015625,945.5587768554688,3021.037395740517,936.502592084442,13.62484529700329,0.0980028926472532
3035.7412109375,945.5587768554688,3035.7412109375,945.5587768554688,3045.98239046555,936.3197324474044,13.792813335209615,0.09873236421841122
3060.624267578125,945.5587768554688,3060.624267578125,945.5587768554688,3070.927140444653,936.1368746044803,13.961426550715421,0.09952404887962567
3135.273681640625,945.5587768554688,3135.273681640625,945.5587768554688,3145.7616351278925,935.5882992815946,14.470922271998253,0.10225741415639136
3160.15673828125,945.5587768554688,3160.15673828125,945.5587768554688,3170.7063851069956,935.4054414386706,14.641901114062126,0.10328269917675267
3209.923095703125,945.5587768554688,3209.923095703125,945.5587768554688,3220.596129811132,935.0397239587089,14.985463987328231,0.10549468292143761
3284.572265625,945.5587768554688,3284.567626953125,945.5587768554688,3295.430379748441,934.4911504299367,15.507796522629395,0.11374366174820795
3334.338623046875,945.5587768554688,3334.39208984375,945.5587768554688,3345.320124452577,934.1254329499751,15.81591898287964,0.0612170705973541
1940.8837890625,970.44189453125,1940.9775390625,970.469970703125,1948.5933127253056,969.310310231011,7.703558975802505,0.09825229546308731
1965.7667236328125,970.44189453125,1965.7977294921875,970.5986328125,1973.5379403314435,969.1274532851437,7.878783728333176,0.04972427438629662
1990.64990234375,970.44189453125,1990.6466064453125,970.50146484375,1998.4828126835116,968.9445945451629,7.989366266119823,0.08780327273269722
2015.5330810546875,970.44189453125,2015.4979248046875,970.3784790039062,2023.4276850355798,968.7617358051821,8.092895395966856,0.2033368071051409
2040.4161376953125,970.44189453125,2040.4468994140625,970.3351440429688,2048.372435014683,968.5788779622579,8.117794349634632,0.22078772036005465
2065.29931640625,970.44189453125,2065.28564453125,970.4456787109375,2073.3173073667513,968.3960192222771,8.289071837222052,0.13204530907071546
2090.182373046875,970.44189453125,2090.179931640625,970.373291015625,2098.262057345854,968.2131613793531,8.365818307889684,0.18832375416006963
2115.065673828125,970.44189453125,2115.07763671875,970.4215698242188,2123.2070520708876,968.0303017423155,8.473815964906223,0.1363097046042107
2139.94873046875,970.44189453125,2139.93115234375,970.498779296875,2148.1518020499902,967.8474438993915,8.637630518994019,0.09725211224170298
2164.831787109375,970.44189453125,2164.8623046875,970.4495849609375,2173.0965520290933,967.6645860564673,8.692470775357092,0.09937887736389571
2189.715087890625,970.44189453125,2189.706787109375,970.470703125,2198.041546754127,967.4817264194298,8.854501684579871,0.10395053753900146
2214.59814453125,970.44189453125,2214.597900390625,970.41796875,2222.9862967332297,967.2988685765057,8.9495239590112,0.1380674483273017
2239.481201171875,970.44189453125,2239.47705078125,970.4432373046875,2247.9310467123328,967.1160107335817,9.085179352012634,0.11827371239072919
2264.364501953125,970.44189453125,2264.369873046875,970.433837890625,2272.8760414373664,966.9331510965441,9.198353587335527,0.11849600521002182
2289.24755859375,970.44189453125,2289.24658203125,970.451416015625,2297.820791416469,966.75029325362,9.338917297043077,0.10756514440428308
2314.130615234375,970.44189453125,2314.12109375,970.4678344726562,2322.765541395572,966.567435410696,9.483648450864202,0.10249127583299668
2339.013671875,970.44189453125,2339.01123046875,970.4552612304688,2347.7102913746753,966.3845775677719,9.604380569653891,0.10380617786788358
2363.896728515625,970.44189453125,2363.89453125,970.4537963867188,2372.6550413537784,966.2017197248479,9.737899836044257,0.10360815237294273
2388.780029296875,970.44189453125,2388.78076171875,970.4365234375,2397.6000360788116,966.0188600878103,9.863840515196525,0.11238661366940807
2413.6630859375,970.44189453125,2413.663330078125,970.4425048828125,2422.5447860579147,965.8360022448862,10.00500509116135,0.1073232776398485
2438.546142578125,970.44189453125,2438.545654296875,970.4430541992188,2447.4895360370174,965.6531444019621,10.145750659636166,0.10644675579226023
2463.429443359375,970.44189453125,2463.428466796875,970.4448852539062,2472.434530762051,965.4702847649246,10.288626641579484,0.10466450756350884
2488.3125,970.44189453125,2488.312255859375,970.441162109375,2497.379280741154,965.2874269220005,10.429378053766431,0.10555952737159008
2513.195556640625,970.44189453125,2513.194580078125,970.4427490234375,2522.324030720257,965.1045690790764,10.575586704552123,0.10424726457747914
2538.078857421875,970.44189453125,2538.0791015625,970.441650390625,2547.2690254452905,964.9217094420388,10.720282134690358,0.10312032264631123
2562.9619140625,970.44189453125,2562.961669921875,970.4420776367188,2572.2137754243936,964.7388515991148,10.868681772217746,0.102478849008009
2587.844970703125,970.44189453125,2587.844970703125,970.44189453125,2597.1585254034962,964.5559937561907,11.017537342376073,0.101667183212681
2612.728271484375,970.44189453125,2612.728271484375,970.4420166015625,2622.10352012853,964.3731341191532,11.168107347488345,0.10094241886100538
2637.611328125,970.44189453125,2637.611572265625,970.4415283203125,2647.048270107633,964.190276276229,11.319426587951192,0.10039672503597474
2662.494140625,970.44189453125,2662.494140625,970.4418334960938,2671.992775340805,964.0074202274185,11.472825962961446,0.09991130472380425
2687.37744140625,970.44189453125,2687.37744140625,970.44189453125,2696.937770065839,963.824560590381,11.627080139240952,0.09941347305277533
2712.260498046875,970.44189453125,2712.260498046875,970.44189453125,2721.882520044942,963.6417027474569,11.782440987658319,0.09901190537005565
2737.1435546875,970.44189453125,2737.1435546875,970.44189453125,2746.8272700240445,963.4588449045328,11.938899648142728,0.09867685297065902
2762.02685546875,970.44189453125,2762.02685546875,970.44189453125,2771.772264749078,963.2759852674952,12.09641507296577,0.09840899295194681
2786.909912109375,970.44189453125,2786.909912109375,970.44189453125,2796.7170147281813,963.0931274245712,12.254943482693088,0.09820888038226556
2811.79296875,970.44189453125,2811.79296875,970.44189453125,2821.661764707284,962.9102695816471,12.4144475522669,0.09807692697310386
2836.67626953125,970.44189453125,2836.67626953125,970.44189453125,2846.6067594323176,962.7274099446096,12.574891733638063,0.09801340772253722
2861.559326171875,970.44189453125,2861.559326171875,970.44189453125,2871.5515094114207,962.5445521016854,12.736237409158933,0.09801845691948673
2886.4423828125,970.44189453125,2886.4423828125,970.44189453125,2896.4962593905234,962.3616942587614,12.898452259463221,0.09809206301713504
2911.32568359375,970.44189453125,2911.32568359375,970.44189453125,2921.441254115557,962.1788346217238,13.061505504729189,0.09823407363521967
2936.208740234375,970.44189453125,2936.208740234375,970.44189453125,2946.3860040946597,961.9959767787998,13.225362995510215,0.09844418996562602
2961.091796875,970.44189453125,2961.091796875,970.44189453125,2971.330754073763,961.8131189358757,13.389996743592768,0.0987219781985235
2985.97509765625,970.44189453125,2985.97509765625,970.44189453125,2996.2757487987965,961.6302592988382,13.555380091665668,0.09906687278164086
3010.85791015625,970.44189453125,3010.85791015625,970.44189453125,3021.220254031969,961.4474032500276,13.721481115631702,0.09947816464898183
3035.7412109375,970.44189453125,3035.7412109375,970.44189453125,3046.1652487570022,961.26454361299,13.888280467332912,0.09995505020802296
3060.624267578125,970.44189453125,3060.624267578125,970.44189453125,3071.1099987361054,961.081685770066,14.055748502672712,0.10049658273536127
3085.50732421875,970.44189453125,3085.50732421875,970.44189453125,3096.0547487152085,960.8988279271418,14.223863178438428,0.10110172771759722
3110.390625,970.44189453125,3110.390625,970.44189453125,3120.9997434402417,960.7159682901042,14.392603493714534,0.1017693572483776
3135.273681640625,970.44189453125,3135.273681640625,970.44189453125,3145.944493419345,960.5331104471802,14.561944445766152,0.10249823737797041
3160.15673828125,970.44189453125,3160.15673828125,970.44189453125,3170.889243398448,960.3502526042562,14.731866917445947,0.1032870775220069
3209.923095703125,970.44189453125,3209.923095703125,970.44189453125,3220.778988102584,959.9845351242946,15.073379367443646,0.10503914089464056
3234.80615234375,970.44189453125,3234.80615234375,970.44189453125,3245.723738081687,959.8016772813704,15.244930353066142,0.1059994733415334
3259.689453125,970.44189453125,3259.689453125,970.44189453125,3270.6687328067205,959.6188176443329,15.416989836850767,0.1070140312783328
3284.572265625,970.44189453125,3284.572265625,970.44189453125,3295.613238039893,959.4359615955223,15.589535966543922,0.10808125732940312
3309.45556640625,970.44189453125,3309.45556640625,970.44189453125,3320.5582327649263,959.2531019584848,15.762559421250367,0.10919964855491332
2139.94873046875,995.324951171875,2142.466796875,995.6407470703125,2148.3346598929143,992.7921938784945,6.522734984929451,2.457324775896327
2164.831787109375,995.324951171875,2167.19775390625,995.9979248046875,2173.2794098720174,992.6093360355703,6.961973364796858,2.3641243634679854
3209.923095703125,995.324951171875,3212.49169921875,993.9109497070312,3220.9618459455082,984.9292851033974,12.345593733190064,2.8432296793891423
2115.065673828125,1020.2080688476562,2114.970947265625,1020.4769287109375,2123.5727682052643,1017.9198628870041,8.973845836961177,0.2185112677188873
2139.94873046875,1020.2080688476562,2139.9404296875,1020.6104736328125,2148.517518184367,1017.73700504408,9.045621527209727,0.2915343001987382
2164.831787109375,1020.2080688476562,2164.799072265625,1020.27880859375,2173.46226816347,1017.554147201156,9.081560596545739,0.11394693428657318
2189.715087890625,1020.2080688476562,2189.674560546875,1020.3939208984375,2198.4072628885037,1017.3712875641183,9.241017393189201,0.1315720425854111
2214.59814453125,1020.2080688476562,2214.6376953125,1020.3674926757812,2223.3520128676064,1017.1884297211943,9.27608601299397,0.05582093466795518
2239.481201171875,1020.2080688476562,2239.387451171875,1020.5416259765625,2248.2967628467095,1017.0055718782703,9.585380175318626,0.2775640292691885
2264.364501953125,1020.2080688476562,2264.329345703125,1020.3834228515625,2273.241757571743,1016.8227122412327,9.597382214249945,0.1275004436897466
2289.24755859375,1020.2080688476562,2289.109619140625,1020.7811889648438,2298.186507550846,1016.6398543983086,9.977001313199283,0.512539358602792
2314.130615234375,1020.2080688476562,2314.439697265625,1020.4568481445312,2323.131257529949,1016.4569965553845,9.567760059887272,0.2746195313074155
2339.013671875,1020.2080688476562,2339.197998046875,1019.921875,2348.076007509052,1016.2741387124605,9.598178578977226,0.4027919084265634
2363.896728515625,1020.2080688476562,2363.283935546875,1021.375732421875,2373.020757488155,1016.0912808695364,11.078408266768673,1.2717210165541037
2388.780029296875,1020.2080688476562,2388.86767578125,1020.7462158203125,2397.9657522131884,1015.9084212324989,10.304331673392062,0.4412956473731402
2413.6630859375,1020.2080688476562,2413.701416015625,1020.6043090820312,2422.9105021922915,1015.7255633895747,10.421584703917738,0.3044515558413535
2438.546142578125,1020.2080688476562,2438.42431640625,1020.4284057617188,2447.855252171394,1015.5427055466507,10.621328353731945,0.23892019650075125
2463.429443359375,1020.2080688476562,2463.09033203125,1022.183837890625,2472.800246896428,1015.3598459096131,11.867995333918653,1.9322989760821432
2214.59814453125,1045.0911865234375,2214.59814453125,1045.0911865234375,2223.5348711590586,1042.13324088678,9.413528839367592,0.14378974268640587
2239.481201171875,1045.0911865234375,2239.481201171875,1045.0911865234375,2248.4796211381617,1041.950383043856,9.530803134417352,0.14210958620876774
2264.364501953125,1045.0911865234375,2264.364501953125,1045.0911865234375,2273.4246158631954,1041.7675234068183,9.650512969590066,0.14045718028764193
2289.24755859375,1045.0911865234375,2289.24755859375,1045.0911865234375,2298.369365842298,1041.5846655638943,9.77256653696355,0.138833548790979
2314.130615234375,1045.0911865234375,2314.130615234375,1045.0911865234375,2323.314115821401,1041.40180772097,9.89687824417408,0.1372396960499436
2339.013671875,1045.0911865234375,2339.013671875,1045.0911865234375,2348.2588658005043,1041.218949878046,10.023364073907215,0.13567667154099772
2363.896728515625,1045.0911865234375,2363.896728515625,1045.0911865234375,2373.2036157796074,1041.036092035122,10.151942762527982,0.13414555287241867
2388.780029296875,1045.0911865234375,2388.780029296875,1045.0911865234375,2398.1486105046406,1040.8532323980844,10.282537090382709,0.13264743036145105
2413.6630859375,1045.0911865234375,2413.6630859375,1045.0911865234375,2423.0933604837437,1040.6703745551604,10.415068721635697,0.1311834643597858
2438.546142578125,1045.0911865234375,2438.546142578125,1045.0911865234375,2448.0381104628464,1040.4875167122364,10.549465865869536,0.12975479562604442
2463.429443359375,1045.0911865234375,2463.429443359375,1045.0911865234375,2472.98310518788,1040.3046570751987,10.685659478585812,0.12836258925844424
2488.3125,1045.0911865234375,2488.3125,1045.0911865234375,2497.927855166983,1040.1217992322747,10.823579123229035,0.1270080720765064
2513.195556640625,1045.0911865234375,2513.195556640625,1045.0911865234375,2522.872605146086,1039.9389413893505,10.96316093554976,0.12569244826355191
2538.078857421875,1045.0911865234375,2538.078857421875,1045.0911865234375,2547.8175998711195,1039.756081752313,11.104343628129953,0.12441693932456359
2562.9619140625,1045.0911865234375,2562.9619140625,1045.0911865234375,2572.7623498502226,1039.5732239093888,11.247064196460864,0.12318281679570399
2587.844970703125,1045.0911865234375,2587.844970703125,1045.0911865234375,2597.707099829325,1039.3903660664648,11.39126616248101,0.12199132363878408
2612.728271484375,1045.0911865234375,2612.728271484375,1045.0911865234375,2622.652094554359,1039.2075064294272,11.53689541310821,0.1208437097689155
2637.611328125,1045.0911865234375,2637.611328125,1045.0911865234375,2647.596844533462,1039.0246485865032,11.683895775122561,0.11974125966044491
2662.494140625,1045.0911865234375,2662.494140625,1045.0911865234375,2672.541349766634,1038.8417925376928,11.832216052996925,0.11868523021142967
2687.37744140625,1045.0911865234375,2687.37744140625,1045.0911865234375,2697.4863444916678,1038.6589329006551,11.981811559950575,0.11767684051347757
2712.260498046875,1045.0911865234375,2712.260498046875,1045.0911865234375,2722.431094470771,1038.4760750577311,12.13263084913916,0.1167173562373696
2737.1435546875,1045.0911865234375,2737.1435546875,1045.0911865234375,2747.3758444498735,1038.2932172148069,12.284630255007992,0.11580798257218272
2762.02685546875,1045.0911865234375,2762.02685546875,1045.0911865234375,2772.320839174907,1038.1103575777695,12.437768019677236,0.11494990064148354
2786.909912109375,1045.0911865234375,2786.909912109375,1045.0911865234375,2797.2655891540103,1037.9274997348452,12.591999660809934,0.11414428423194259
2811.79296875,1045.0911865234375,2811.79296875,1045.0911865234375,2822.210339133113,1037.7446418919212,12.747286916117456,0.11339224274431006
2836.67626953125,1045.0911865234375,2836.67626953125,1045.0911865234375,2847.1553338581466,1037.5617822548836,12.903593212999025,0.11269484217085785
2861.559326171875,1045.0911865234375,2861.559326171875,1045.0911865234375,2872.1000838372497,1037.3789244119596,13.060878953435466,0.11205311655019996
2886.4423828125,1045.0911865234375,2886.4423828125,1045.0911865234375,2897.0448338163524,1037.1960665690356,13.219110650247455,0.11146802022062986
2911.32568359375,1045.0911865234375,2911.32568359375,1045.0911865234375,2921.989828541386,1037.013206931998,13.378256304313537,0.11094044427687046
2936.208740234375,1045.0911865234375,2936.208740234375,1045.0911865234375,2946.9345785204887,1036.830349089074,13.538280616712175,0.11047122324198766
2961.091796875,1045.0911865234375,2961.091796875,1045.0911865234375,2971.879328499592,1036.64749124615,13.699154298249828,0.11006109793762119
2985.97509765625,1045.0911865234375,2985.97509765625,1045.0911865234375,2996.8243232246255,1036.4646316091123,13.86084936514931,0.10971072796651235
3010.85791015625,1045.0911865234375,3010.85791015625,1045.0911865234375,3021.768828457798,1036.2817755603016,14.02333268878955,0.10942069679982891
3035.7412109375,1045.0911865234375,3035.7412109375,1045.0911865234375,3046.713823182831,1036.0989159232643,14.186583451738219,0.10919147382805938
3060.624267578125,1045.0911865234375,3060.624267578125,1045.0911865234375,3071.6585731619343,1035.91605808034,14.350570778342663,0.10902345027264904
3085.50732421875,1045.0911865234375,3085.50732421875,1045.0911865234375,3096.6033231410374,1035.733200237416,14.515271248336031,0.1089169068077303
3110.390625,1045.0911865234375,3110.390625,1045.0911865234375,3121.5483178660706,1035.5503406003784,14.680662485770787,0.10887202379049321
3135.273681640625,1045.0911865234375,3135.273681640625,1045.0911865234375,3146.4930678451738,1035.3674827574544,14.846718214319747,0.10888887834987199
3408.98828125,1045.0911865234375,3409.194091796875,1045.0911865234375,3420.8862965990284,1033.3560393088358,16.565667305722187,0.09314156319676153
2289.24755859375,1069.974365234375,2289.208740234375,1070.0137939453125,2298.552224582279,1066.5295379159625,9.971997785679108,0.14386566264663042
2314.130615234375,1069.974365234375,2314.148681640625,1069.9234619140625,2323.496974561382,1066.3466800730384,10.009193217765198,0.18466095937186344
2339.013671875,1069.974365234375,2338.983642578125,1070.07470703125,2348.441724540485,1066.1638222301142,10.234761078524434,0.10934514740944248
2363.896728515625,1069.974365234375,2363.91357421875,1069.91748046875,2373.3864745195883,1065.9809643871902,10.258264910305343,0.18661230532524778
2388.780029296875,1069.974365234375,2388.769775390625,1070.0081787109375,2398.3314692446215,1065.7981047501526,10.447521816815431,0.12187908866451383
2413.6630859375,1069.974365234375,2413.6513671875,1070.0191650390625,2423.2762192237246,1065.6152469072285,10.584529825699086,0.11496174384886965
2438.546142578125,1069.974365234375,2438.550537109375,1069.947265625,2448.2209692028273,1065.4323890643045,10.67245834999554,0.1586263046376272
2463.429443359375,1069.974365234375,2463.433349609375,1069.9908447265625,2473.165963927861,1065.249529427267,10.826072798560535,0.1211355173876814
2488.3125,1069.974365234375,2488.321044921875,1069.975830078125,2498.110713906964,1065.0666715843429,10.951596045996578,0.12882970053947307
2513.195556640625,1069.974365234375,2513.195068359375,1069.980224609375,2523.0554638860667,1064.8838137414189,11.099585743523201,0.12941700651851565
2538.078857421875,1069.974365234375,2538.083251953125,1069.945068359375,2548.0004586111004,1064.7009541043813,11.218365398596175,0.15370055531742102
2562.9619140625,1069.974365234375,2562.965576171875,1069.9765625,2572.9452085902035,1064.5180962614572,11.374880961234902,0.12687675542573607
2587.844970703125,1069.974365234375,2587.85205078125,1069.9281005859375,2597.889958569306,1064.335238418533,11.490852883276462,0.16365735079685825
2612.728271484375,1069.974365234375,2612.7255859375,1069.98046875,2622.83495329434,1064.1523787814956,11.669016284011262,0.1257828566515651
2637.611328125,1069.974365234375,2637.6142578125,1069.952392578125,2647.779703273443,1063.9695209385713,11.795381913053108,0.14212513976388938
2662.494140625,1069.974365234375,2662.49267578125,1069.9818115234375,2672.724208506615,1063.786664889761,11.960940754094953,0.12179003636274781
2687.37744140625,1069.974365234375,2687.380615234375,1069.9659423828125,2697.6692032316487,1063.6038052527233,12.096769479481026,0.12869112675296793
2712.260498046875,1069.974365234375,2712.2607421875,1069.97412109375,2722.613953210752,1063.4209474097993,12.252879817577849,0.12367277983430111
2737.1435546875,1069.974365234375,2737.1435546875,1069.9716796875,2747.5587031898544,1063.2380895668753,12.402280203199373,0.12445182885536273
2762.02685546875,1069.974365234375,2762.026611328125,1069.97216796875,2772.503697914888,1063.0552299298377,12.554416560744032,0.12325870034143943
2786.909912109375,1069.974365234375,2786.90966796875,1069.9744873046875,2797.448447893991,1062.8723720869136,12.708498057567716,0.12076446685915143
2811.79296875,1069.974365234375,2811.79296875,1069.974609375,2822.393197873094,1062.6895142439894,12.862249746057728,0.11958962314541079
2836.67626953125,1069.974365234375,2836.676513671875,1069.9739990234375,2847.3381925981275,1062.506654606952,13.016628986066808,0.11891141626475735
2861.559326171875,1069.974365234375,2861.55908203125,1069.9742431640625,2872.2829425772306,1062.3237967640277,13.173098159865239,0.11833513237095515
2886.4423828125,1069.974365234375,2886.4423828125,1069.9742431640625,2897.2276925563333,1062.1409389211037,13.329799759680615,0.11737573283389739
2911.32568359375,1069.974365234375,2911.32568359375,1069.974365234375,2922.172687281367,1061.9580792840661,13.487710311105277,0.11659642416425049
2936.208740234375,1069.974365234375,2936.208740234375,1069.974365234375,2947.1174372604696,1061.775221441142,13.646451177842362,0.11594149177731666
2961.091796875,1069.974365234375,2961.091796875,1069.974365234375,2972.0621872395727,1061.592363598218,13.806064471081086,0.11534113762934232
2985.97509765625,1069.974365234375,2985.97509765625,1069.974365234375,2997.0071819646064,1061.4095039611805,13.966521858206173,0.11479621294214115
3010.85791015625,1069.974365234375,3010.85791015625,1069.974365234375,3021.951687197779,1061.22664791237,14.127789897675447,0.11430752572517767
3035.7412109375,1069.974365234375,3035.7412109375,1069.974365234375,3046.896681922812,1061.0437882753324,14.289847365368304,0.11387578070201351
3060.624267578125,1069.974365234375,3060.624267578125,1069.974365234375,3071.8414319019153,1060.8609304324084,14.452663054143656,0.11350164132086286
3085.50732421875,1069.974365234375,3085.50732421875,1069.974365234375,3096.7861818810184,1060.6780725894841,14.616213158857585,0.11318567427536459
3110.390625,1069.974365234375,3110.390625,1069.974365234375,3121.7311766060516,1060.4952129524468,14.780474915018944,0.11292836561890017
3209.923095703125,1069.974365234375,3209.923095703125,1069.974365234375,3221.510421268394,1059.7637797866369,15.44416294077154,0.11249242284408921
3234.80615234375,1069.974365234375,3234.80615234375,1069.974365234375,3246.4551712474968,1059.5809219437128,15.611640043764133,0.11253261970989083
3359.221923828125,1069.974365234375,3359.221923828125,1069.974365234375,3371.179410634873,1058.6666291408656,16.457411287745348,0.11362436152734368
3384.10498046875,1069.974365234375,3384.10498046875,1069.974365234375,3396.1241606139756,1058.4837712979413,16.628121973794656,0.11401847155977268
2463.429443359375,1119.7406005859375,2463.382568359375,1119.867919921875,2473.531680510766,1115.1391517584382,11.196683696748975,0.1290745839177219
2488.3125,1119.7406005859375,2488.285400390625,1119.7437744140625,2498.476430489869,1114.9562939155142,11.259532139821719,0.16582794598367498
2513.195556640625,1119.7406005859375,2513.057861328125,1119.662353515625,2523.4211804689717,1114.77343607259,11.458616730646497,0.3004613045768242
2538.078857421875,1119.7406005859375,2537.722900390625,1120.5252685546875,2548.3661751940053,1114.5905764355525,12.186052235617307,0.795593308236398
2562.9619140625,1119.7406005859375,2562.890869140625,1120.30712890625,2573.3109251731084,1114.4077185926283,11.974164261799695,0.47337401320416367
2587.844970703125,1119.7406005859375,2587.651123046875,1120.381591796875,2598.255675152211,1114.2248607497042,12.262212791416749,0.5939091168590915
2612.728271484375,1119.7406005859375,2612.266357421875,1120.198486328125,2623.2006698772448,1114.0420011126666,12.54836639088179,0.6474477483943893
2637.611328125,1119.7406005859375,2637.17822265625,1120.129150390625,2648.145419856348,1113.8591432697426,12.632988709001143,0.5897853436187216
2662.494140625,1119.7406005859375,2662.279541015625,1120.2222900390625,2673.08992508952,1113.6762872209322,12.63782246750175,0.47986610884399283
2687.37744140625,1119.7406005859375,2687.3271484375,1120.6612548828125,2698.0349198145536,1113.4934275838946,12.885422618228791,0.8250870456908064
2712.260498046875,1119.7406005859375,2712.1337890625,1120.52734375,2722.9796697936567,1113.3105697409705,13.027469283474826,0.715452995229982
2737.1435546875,1119.7406005859375,2736.876953125,1120.0841064453125,2747.9244197727594,1113.1277118980463,13.055188410382712,0.4315074027221852
2762.02685546875,1119.7406005859375,2761.75390625,1120.993896484375,2772.869414497793,1112.9448522610087,13.723761748021644,1.209569047488941
2786.909912109375,1119.7406005859375,2786.32958984375,1120.9197998046875,2797.814164476896,1112.7619944180847,14.087059424521165,1.27400198015636
2811.79296875,1119.7406005859375,2811.212158203125,1122.13525390625,2822.758914455999,1112.5791365751606,14.988227327099992,2.396338841503047
2562.9619140625,1144.623779296875,2562.9619140625,1144.623779296875,2573.4937839130894,1139.3525909446967,11.77733879931685,0.1556774468891512
2587.844970703125,1144.623779296875,2587.844970703125,1144.623779296875,2598.438533892192,1139.1697331017724,11.9151248813879,0.1541094481026991
2612.728271484375,1144.623779296875,2612.728271484375,1144.623779296875,2623.3835286172257,1138.986873464735,12.054427067578915,0.15256938446996063
2637.611328125,1144.623779296875,2637.611328125,1144.623779296875,2648.328278596329,1138.8040156218108,12.195190717594851,0.1510581410817514
2662.494140625,1144.623779296875,2662.494140625,1144.623779296875,2673.272783829501,1138.6211595730003,12.337365718798418,0.1495765901710659
2687.37744140625,1144.623779296875,2687.37744140625,1144.623779296875,2698.2177785545346,1138.4382999359627,12.480907996325824,0.1481255791063382
2712.260498046875,1144.623779296875,2712.260498046875,1144.623779296875,2723.1625285336377,1138.2554420930387,12.625766807448493,0.14670605807044446
2737.1435546875,1144.623779296875,2737.1435546875,1144.623779296875,2748.1072785127403,1138.0725842501147,12.771898709934993,0.14531893507090532
2762.02685546875,1144.623779296875,2762.02685546875,1144.623779296875,2773.052273237774,1137.889724613077,12.919261955154042,0.14396513347211118
2786.909912109375,1144.623779296875,2786.909912109375,1144.623779296875,2797.997023216877,1137.706866770153,13.067812043812816,0.14264562894163207
2811.79296875,1144.623779296875,2811.79296875,1144.623779296875,2822.9417731959797,1137.5240089272288,13.217510350909656,0.1413613680716545
2836.67626953125,1144.623779296875,2836.67626953125,1144.623779296875,2847.8867679210134,1137.3411492901912,13.368319788258338,0.14011330791853466
2861.559326171875,1144.623779296875,2861.559326171875,1144.623779296875,2872.8315179001165,1137.1582914472672,13.520200264451658,0.13890244910636462
2886.4423828125,1144.623779296875,2886.4423828125,1144.623779296875,2897.776267879219,1136.9754336043432,13.673117513503291,0.1377297600601108
2911.32568359375,1144.623779296875,2911.32568359375,1144.623779296875,2922.721262604253,1136.7925739673055,13.82703865252752,0.1365962129272542
2936.208740234375,1144.623779296875,2936.208740234375,1144.623779296875,2947.6660125833555,1136.6097161243815,13.981927557079864,0.13550281255190239
2961.091796875,1144.623779296875,2961.091796875,1144.623779296875,2972.6107625624586,1136.4268582814575,14.137753875416058,0.13445052680932362
2985.97509765625,1144.623779296875,2985.97509765625,1144.623779296875,2997.5557572874923,1136.24399864442,14.294488493050226,0.13344031866901906
3010.85791015625,1144.623779296875,3010.85791015625,1144.623779296875,3022.500262520665,1136.0611425956092,14.452097282230664,0.13247318007287617
3035.7412109375,1144.623779296875,3035.7412109375,1144.623779296875,3047.445257245698,1135.8782829585718,14.610558038203669,0.1315500225869263
3060.624267578125,1144.623779296875,3060.624267578125,1144.623779296875,3072.390007224801,1135.6954251156476,14.769838787840836,0.13067180656287303
3135.273681640625,1144.623779296875,3135.273681640625,1144.623779296875,3147.2245019080406,1135.146849792762,15.252353847521347,0.12831573463596002
3160.15673828125,1144.623779296875,3160.15673828125,1144.623779296875,3172.1692518871437,1134.963991949838,15.414667519014424,0.12762609835375116
3185.0400390625,1144.623779296875,3185.0400390625,1144.623779296875,3197.114246612177,1134.7811323128003,15.577682356685441,0.12698565981772303
3209.923095703125,1144.623779296875,3209.923095703125,1144.623779296875,3222.05899659128,1134.5982744698763,15.741373428112798,0.12639517953670287
3234.80615234375,1144.623779296875,3234.80615234375,1144.623779296875,3247.0037465703826,1134.4154166269523,15.905721402006703,0.12585535406688209
2637.611328125,1169.5068359375,2637.632080078125,1169.4595947265625,2648.511136439253,1163.7487656009139,12.286880670493723,0.19216791147108273
2662.494140625,1169.5068359375,2662.468017578125,1169.580322265625,2673.455641672425,1163.5659095521032,12.526014670525198,0.12887653417536116
2687.37744140625,1169.5068359375,2687.362060546875,1169.5506591796875,2698.4006363974586,1163.3830499150656,12.644744396393975,0.1350152811270501
2712.260498046875,1169.5068359375,2712.23583984375,1169.5618896484375,2723.3453863765617,1163.2001920721416,12.802078745928629,0.135538914444419
2737.1435546875,1169.5068359375,2737.180908203125,1169.427001953125,2748.2901363556643,1163.0173342292176,12.825708186142137,0.20977621561105156
2762.02685546875,1169.5068359375,2762.01318359375,1169.540771484375,2773.235131080698,1162.83447459218,13.073122175137952,0.1372272808692793
2786.909912109375,1169.5068359375,2786.90771484375,1169.4981689453125,2798.179881059801,1162.651616749256,13.188518043192387,0.15878321563456105
2811.79296875,1169.5068359375,2811.785888671875,1169.517333984375,2823.1246310389038,1162.468758906332,13.351010789324654,0.1461062268991505
2836.67626953125,1169.5068359375,2836.67333984375,1169.514892578125,2848.0696257639374,1162.2858992692943,13.495691054324762,0.14381026642956848
2861.559326171875,1169.5068359375,2861.543701171875,1169.56298828125,2873.0143757430405,1162.1030414263703,13.68309841356166,0.12447668232354217
2886.4423828125,1169.5068359375,2886.43701171875,1169.5198974609375,2897.959125722143,1161.9201835834463,13.802708506917133,0.13975629913165288
2911.32568359375,1169.5068359375,2911.314208984375,1169.533203125,2922.904120447177,1161.7373239464087,13.967883872755392,0.13514388670844651
2936.208740234375,1169.5068359375,2936.20556640625,1169.5196533203125,2947.8488704262795,1161.5544661034844,14.107116498489592,0.1362466471341578
2961.091796875,1169.5068359375,2961.093017578125,1169.5048828125,2972.7936204053826,1161.3716082605604,14.249710925434867,0.14220960439872463
2985.97509765625,1169.5068359375,2985.974365234375,1169.5079345703125,2997.7386151304163,1161.1887486235228,14.408554071584398,0.14029819591696557
3010.85791015625,1169.5068359375,3010.855224609375,1169.512451171875,3022.683120363589,1161.0058925747123,14.569168031823638,0.13767305368719465
3160.15673828125,1169.5068359375,3160.15673828125,1169.5068359375,3172.3521097300677,1159.9087419289408,15.519358664963507,0.13376577814044577
3185.0400390625,1169.5068359375,3185.0400390625,1169.5068359375,3197.297104455101,1159.7258822919034,15.681285223341993,0.13297298365377735
3284.572265625,1169.5068359375,3284.572265625,1169.5068359375,3297.076104371513,1158.994450920207,16.335734515184836,0.13027048065984673
3334.338623046875,1169.5068359375,3334.338623046875,1169.5068359375,3346.965849075649,1158.6287334402455,16.66673186688164,0.12921052413718662
2836.67626953125,1219.2730712890625,2836.40966796875,1219.8719482421875,2848.4353423468424,1212.1755216004656,14.277668832807226,0.5907232270222113
2861.559326171875,1219.2730712890625,2861.23974609375,1219.972412109375,2873.3800923259455,1211.9926637575413,14.528055286106799,0.7052942304519856
2886.4423828125,1219.2730712890625,2886.03564453125,1220.15673828125,2898.324842305048,1211.8098059146173,14.855829221442537,0.9088262687554077
2911.32568359375,1219.2730712890625,2911.110595703125,1219.6693115234375,2923.269837030082,1211.6269462775797,14.578298542523957,0.4146136719521099
2936.208740234375,1219.2730712890625,2936.290771484375,1219.1146240234375,2948.2145870091845,1211.4440884346557,14.17795799431131,0.2820281797485529
2961.091796875,1219.2730712890625,2961.338134765625,1219.6136474609375,2973.1593369882876,1211.2612305917316,14.474242278823343,0.26390548077955817
2985.97509765625,1219.2730712890625,2985.880615234375,1220.1634521484375,2998.1043317133212,1211.078370954694,15.230165621376974,0.7967242832665665
3010.85791015625,1219.2730712890625,3010.7080078125,1220.1993408203125,3023.048836946494,1210.8955149058836,15.455006967336791,0.8489216104376275
3035.7412109375,1219.2730712890625,3034.974365234375,1221.6219482421875,3047.993831671527,1210.712655268846,16.98585233323091,2.3989604769359705
2936.208740234375,1244.15625,2936.208740234375,1244.15625,2948.397445749165,1236.3889607867238,14.453211541001783,0.1665114140980411
2961.091796875,1244.15625,2961.091796875,1244.15625,2973.342195728268,1236.2061029437998,14.604010075296436,0.16507077587343136
2985.97509765625,1244.15625,2985.97509765625,1244.15625,2998.2871904533017,1236.0232433067622,14.755792995141391,0.16365852164645706
3010.85791015625,1244.15625,3010.85791015625,1244.15625,3023.2316956864743,1235.8403872579518,14.908525798769425,0.16227543397572972
3035.7412109375,1244.15625,3035.7412109375,1244.15625,3048.1766904115075,1235.6575276209142,15.062185492989919,0.16092220993049802
3085.50732421875,1244.15625,3085.50732421875,1244.15625,3098.0661903697137,1235.291811935066,15.37216254158375,0.15830850923550163
3110.390625,1244.15625,3110.390625,1244.15625,3123.011185094747,1235.1089522980285,15.528429824461224,0.1570495500803218
3185.0400390625,1244.15625,3185.0400390625,1244.15625,3197.8456797779863,1234.5603769751426,16.002037784085715,0.15347368387459054
3359.221923828125,1244.15625,3359.219970703125,1244.15625,3372.4594191235683,1233.2803684864473,17.133820157058267,0.14793456215398693
3010.85791015625,1269.0394287109375,3010.840576171875,1269.058837890625,3023.414554426455,1260.78525961002,15.051811409659495,0.1673748909095305
3035.7412109375,1269.0394287109375,3035.768310546875,1268.918701171875,3048.3595491514884,1260.6023999729823,15.089736751481485,0.2653099984086087
3284.572265625,1343.688720703125,3284.572265625,1343.688720703125,3298.356112860208,1333.6081902657888,17.07663721291806,0.17923208033863422
3508.520751953125,1343.688720703125,3508.650146484375,1343.688720703125,3522.8598416558566,1331.9624625030183,18.423370165146153,0.11692306203432695
3682.70263671875,1418.338134765625,3682.820068359375,1420.2845458984375,3698.0221563243244,1405.5169486975622,21.193994564058986,1.8169743221921537
3657.819091796875,1443.22119140625,3658.111572265625,1443.22119140625,3673.2597746962847,1430.6445601078162,19.688567537964463,0.21745967467627164
