source_x,source_y,reference_x,reference_y,confidence,ground_truth_error_px
200.8864,1820.9257,81.833855,1639.6573,1.0,0.07136216
264.27325,63.757454,415.93784,76.51775,1.0,0.03552503
905.4458,1327.9117,790.42126,1309.4767,1.0,0.059626944
905.4458,1327.9117,790.42126,1309.4767,1.0,0.059626944
1411.2673,1081.0356,1282.2731,1168.2992,1.0,0.08644483
264.36142,1910.9681,124.453926,1730.3192,1.0,0.07899922
905.12976,1085.7778,828.3637,1092.6544,1.0,0.058792952
1493.0447,1680.4298,1260.8369,1717.843,1.0,0.057111166
1182.7919,1247.3916,1051.4452,1281.1827,1.0,0.06489194
1493.0447,1680.4298,1260.8369,1717.843,1.0,0.057111166
905.12976,1085.7778,828.3637,1092.6544,1.0,0.058792952
641.1123,1240.9673,567.493,1189.9095,1.0,0.0584234
905.05554,852.5282,865.1504,883.7996,1.0,0.09591853
1217.0043,409.78918,1214.2953,536.6802,1.0,0.066000566
355.65042,1263.4585,308.3831,1165.0077,1.0,0.059905197
905.05554,852.5282,865.1504,883.7996,1.0,0.09591853
980.2582,1946.9423,760.00586,1875.5295,1.0,0.3800929
1131.4987,1186.0902,1014.62555,1218.1172,1.0,0.52293426
1492.0929,437.11804,1456.2883,604.5736,1.0,0.08929783
1492.0929,437.11804,1456.2883,604.5736,1.0,0.08929783
264.81586,1544.8988,182.6282,1402.6569,1.0,0.05885641
1641.2031,24.750626,1654.8444,258.98233,1.0,0.05197072
593.43616,1165.3152,536.76355,1114.6394,1.0,0.07558836
980.0238,1071.7881,897.7119,1091.9431,1.0,0.14615168
1377.6741,1431.4116,1196.9506,1476.6508,1.0,0.15707414
354.36005,489.6545,429.4316,472.02075,1.0,0.110349886
354.36005,489.6545,429.4316,472.02075,1.0,0.110349886
1197.1511,2002.6981,945.0725,1959.6855,1.0,0.06900021
1197.1511,2002.6981,945.0725,1959.6855,1.0,0.06900021
904.8783,274.0092,956.2626,365.86673,1.0,0.03252899
1490.2701,1525.0232,1282.8964,1578.3005,1.0,0.062221143
1489.7998,109.34651,1505.9486,310.78616,1.0,0.054903768
1446.1127,40.34706,1477.7375,242.07922,1.0,0.07824745
1489.7998,109.34651,1505.9486,310.78616,1.0,0.054903768
1489.7998,109.34651,1505.9486,310.78616,1.0,0.054903768
202.08185,778.94183,247.36276,706.96173,1.0,0.048527833
1056.3655,1023.8975,973.5602,1061.093,1.0,0.10241912
1638.866,1630.5634,1399.3287,1696.2286,1.0,0.12132696
537.9642,1566.073,423.85187,1464.6017,1.0,0.13799368
1446.0504,1839.2515,1193.7112,1852.6892,1.0,0.08684546
793.1652,560.91125,811.0092,605.1007,1.0,0.08227596
1157.6758,1550.7097,981.05273,1548.7467,1.0,0.057803385
537.99774,1803.302,386.45816,1677.0967,1.0,0.104319856
734.69574,1274.7927,645.9891,1234.9323,1.0,0.12074205
1488.5175,1380.661,1304.1515,1448.8263,1.0,0.10935599
794.0576,1494.427,664.4626,1440.9795,1.0,0.10536054
124.44921,506.72568,220.83884,451.02203,1.0,0.04608128
351.87955,535.8715,419.8924,512.96674,1.0,0.10248697
1488.5175,1380.661,1304.1515,1448.8263,1.0,0.10935599
265.63586,491.34137,349.67825,459.50763,1.0,0.06388475
351.87955,535.8715,419.8924,512.96674,1.0,0.10248697
7.6081395,499.59592,117.31135,426.23563,1.0,0.038636405
7.6081395,499.59592,117.31135,426.23563,1.0,0.038636405
351.87955,535.8715,419.8924,512.96674,1.0,0.10248697
1487.7778,1946.8802,1214.0969,1955.4595,1.0,0.1530862
794.6339,1341.1852,689.18384,1303.8882,1.0,0.11789877
794.6663,750.1857,782.42053,774.7643,1.0,0.03976594
1409.3387,111.53393,1433.6316,300.04025,1.0,0.11811588
350.85107,456.73334,431.46066,441.98325,1.0,0.08653998
1409.2125,1372.9578,1234.382,1429.3042,1.0,0.12496006
350.85107,456.73334,431.46066,441.98325,1.0,0.08653998
350.65268,1569.1781,255.60092,1437.9213,1.0,0.014347425
1487.6898,607.8293,1425.4436,756.64276,1.0,0.1648906
796.15796,1405.2026,680.3822,1361.4177,1.0,0.066097915
796.15796,1405.2026,680.3822,1361.4177,1.0,0.066097915
1445.0906,1264.9961,1283.6027,1338.3501,1.0,0.16942304
1129.474,532.5028,1116.5807,632.6778,1.0,0.1123021
796.7634,855.0813,767.79236,869.0121,1.0,0.08501882
1319.5399,1011.1812,1211.1199,1091.3217,1.0,0.022555277
349.88,1992.5278,188.09494,1816.7941,1.0,0.040123135
1056.5771,290.30475,1089.5981,404.37555,1.0,0.1314846
538.69,1755.0497,394.65875,1634.0,1.0,0.06951623
538.69,1755.0497,394.65875,1634.0,1.0,0.06951623
904.0926,1514.9038,759.6436,1476.6526,1.0,0.05003755
538.76886,1755.1106,394.65875,1634.0,1.0,0.08422854
977.9503,692.6464,955.5537,752.14087,1.0,0.07144308
538.76886,1755.1106,394.65875,1634.0,1.0,0.08422854
349.88,1992.5278,188.09494,1816.7941,1.0,0.040123135
904.0926,1514.9038,759.6436,1476.6526,1.0,0.05003755
594.88824,437.11795,652.9913,462.95212,1.0,0.04016475
203.65823,982.06323,216.77873,889.04425,1.0,0.118217535
203.65823,982.06323,216.77873,889.04425,1.0,0.118217535
797.4747,1857.2874,610.20135,1766.4442,1.0,0.07812445
904.0926,1514.9038,759.6436,1476.6526,1.0,0.05003755
1128.9873,191.9562,1169.903,327.76608,1.0,0.08316978
349.1839,444.06903,431.98383,430.41077,1.0,0.09956883
1485.885,1138.8853,1340.0046,1231.9049,1.0,0.13989902
797.58655,2021.4463,584.4153,1913.411,1.0,0.09614021
797.58655,2021.4463,584.4153,1913.411,1.0,0.09614021
1635.8419,1527.6747,1412.8298,1603.6227,1.0,0.09144826
797.58655,2021.4463,584.4153,1913.411,1.0,0.09614021
1485.5167,248.59154,1480.1619,434.74445,1.0,0.09204533
1635.5144,1954.0879,1345.0531,1985.2949,1.0,0.10414
1320.005,265.06375,1329.4966,423.37567,1.0,0.19946873
903.73224,443.56772,928.49634,517.5322,1.0,0.06534904
1320.005,265.06375,1329.4966,423.37567,1.0,0.19946873
595.47485,624.67,623.89685,630.96796,1.0,0.024267826
1376.4852,1084.928,1250.5302,1166.2836,1.0,0.10074499
799.2068,1678.3833,640.02313,1606.5177,1.0,0.09457828
903.6849,1942.3572,691.84656,1859.3416,1.0,0.053084623
1444.5092,750.8322,1364.1575,877.9192,1.0,0.085094586
11.797544,969.06104,46.998863,847.1326,1.0,0.054009933
1444.5092,750.8322,1364.1575,877.9192,1.0,0.085094586
127.752945,1340.7166,92.14661,1198.1672,1.0,0.061899826
1634.381,1129.1158,1474.422,1246.6099,1.0,0.07040442
1376.4591,651.8858,1318.8514,778.652,1.0,0.07826078
903.6849,1942.3572,691.84656,1859.3416,1.0,0.053084623
1484.1719,1501.0725,1281.1847,1555.8691,1.0,0.037215233
1158.5562,842.5944,1093.7233,914.9728,1.0,0.13632922
1158.5562,842.5944,1093.7233,914.9728,1.0,0.13632922
1128.2317,342.3473,1145.4558,462.24954,1.0,0.08457852
346.7146,1195.6716,311.09512,1102.8873,1.0,0.074957095
1484.0569,139.6442,1496.0364,337.00858,1.0,0.06644025
346.1853,989.63965,343.13037,918.34296,1.0,0.06243228
346.1853,989.63965,343.13037,918.34296,1.0,0.06243228
1634.1376,1709.9755,1382.554,1766.6183,1.0,0.11798543
595.9462,360.15195,666.1187,394.24002,1.0,0.066241704
540.2769,368.63504,614.97986,393.04297,1.0,0.1056835
730.2133,583.1151,751.1226,615.00073,1.0,0.073167786
1633.4739,479.45187,1576.1621,664.82214,1.0,0.064631015
730.2133,583.1151,751.1226,615.00073,1.0,0.073167786
1483.7145,1685.6401,1251.5477,1720.9528,1.0,0.123402156
680.33154,526.1515,715.4447,556.10187,1.0,0.08284362
680.33154,526.1515,715.4447,556.10187,1.0,0.08284362
1127.0431,1779.6724,917.2701,1748.7823,1.0,0.23536438
1127.0431,1779.6724,917.2701,1748.7823,1.0,0.23536438
345.08243,810.76324,370.415,758.0069,1.0,0.10094837
540.4512,609.1027,577.1752,608.35706,1.0,0.105715215
540.4512,609.1027,577.1752,608.35706,1.0,0.105715215
345.08243,810.76324,370.415,758.0069,1.0,0.10094837
345.08243,810.76324,370.415,758.0069,1.0,0.10094837
1483.7145,1685.6401,1251.5477,1720.9528,1.0,0.123402156
1086.4285,1211.8777,970.70465,1234.1482,1.0,0.04663693
802.9889,1825.0292,620.22705,1738.4011,1.0,0.06217146
802.9889,1825.0292,620.22705,1738.4011,1.0,0.06217146
205.66792,1518.4948,133.86052,1369.6161,1.0,0.08753567
1320.6075,917.3893,1226.8745,1007.4345,1.0,0.07838941
343.8929,1908.2374,196.07713,1740.3608,1.0,0.083576635
343.8929,1908.2374,196.07713,1740.3608,1.0,0.083576635
343.8929,1908.2374,196.07713,1740.3608,1.0,0.083576635
1443.968,958.51276,1330.8293,1063.771,1.0,0.036414005
1443.968,958.51276,1330.8293,1063.771,1.0,0.036414005
129.33607,1113.3479,129.45671,994.8653,1.0,0.05834583
729.25116,1733.639,568.6697,1644.856,1.0,0.11928525
342.51953,942.9083,347.26205,875.9537,1.0,0.091935985
807.0256,1058.513,744.93036,1052.7356,1.0,0.15398754
129.64143,1653.9224,44.415997,1478.9042,1.0,0.07344681
807.6876,526.4439,829.48035,576.47,1.0,0.12873025
341.43677,97.889565,479.81653,119.128845,1.0,0.25375754
807.967,1879.0658,616.1369,1787.4963,1.0,0.0735271
1239.3531,5.545442,1298.1097,178.29245,1.0,0.061102998
268.60443,1079.5211,259.54318,986.5901,1.0,0.113796
206.14954,1365.3809,158.46812,1232.6311,1.0,0.08435908
808.3796,2027.4448,593.09607,1920.4655,1.0,0.05811768
1124.6168,1102.6545,1022.24744,1142.4493,1.0,0.10014366
1124.6168,1102.6545,1022.24744,1142.4493,1.0,0.10014366
727.4608,1636.4165,582.27454,1557.7145,1.0,0.11754973
727.4608,1636.4165,582.27454,1557.7145,1.0,0.11754973
901.40247,38.163776,990.40216,154.18167,1.0,0.050663233
726.8509,24.112984,836.35706,114.06719,1.0,0.06297735
901.40247,38.163776,990.40216,154.18167,1.0,0.050663233
339.7851,163.11548,467.9233,177.36853,1.0,0.104046315
339.7851,163.11548,467.9233,177.36853,1.0,0.104046315
901.40247,38.163776,990.40216,154.18167,1.0,0.050663233
269.49435,1740.5779,155.91624,1578.5668,1.0,0.045793008
206.75432,1677.532,109.70673,1512.2184,1.0,0.053613313
206.75432,1677.532,109.70673,1512.2184,1.0,0.053613313
17.22822,1175.0068,19.365234,1032.2809,1.0,0.13174449
339.7744,1425.6296,268.52133,1307.6543,1.0,0.04034327
1481.4965,1583.3494,1265.8136,1629.0648,1.0,0.077885546
1124.2904,1085.2825,1024.49,1126.8583,1.0,0.11141175
809.927,1692.8458,647.32007,1621.1152,1.0,0.081775926
1481.4492,420.91794,1449.3322,588.44745,1.0,0.10216127
1057.1929,741.4309,1018.8526,808.35706,1.0,0.0593089
541.5421,295.46503,627.5965,327.68988,1.0,0.056273364
130.73428,1834.845,16.741566,1640.9908,1.0,0.06721232
810.3043,1120.0856,738.1265,1108.4473,1.0,0.12977493
1323.2345,425.3738,1306.9686,567.41614,1.0,0.08736033
812.1728,305.62195,868.29675,379.52856,1.0,0.05515317
1123.4915,929.2994,1048.4313,986.9912,1.0,0.1004339
1057.1929,741.4309,1018.8526,808.35706,1.0,0.0593089
1323.3643,1157.6649,1191.0098,1223.3297,1.0,0.47283626
338.0076,1035.3364,328.56268,958.0111,1.0,0.029696286
270.06952,541.5126,345.43463,505.10986,1.0,0.24220715
338.0076,1035.3364,328.56268,958.0111,1.0,0.029696286
337.82648,1087.475,320.22745,1004.60944,1.0,0.08689339
337.56717,115.01424,473.48547,133.93364,1.0,0.07077877
1323.5215,1101.3204,1200.5164,1172.6006,1.0,0.09187776
1087.6536,1683.9778,897.31744,1657.0603,1.0,0.032880053
1323.5215,1101.3204,1200.5164,1172.6006,1.0,0.09187776
598.03345,919.7094,579.5795,895.4789,1.0,0.043958873
1628.7333,1655.9741,1386.1521,1717.374,1.0,0.03299265
598.03345,919.7094,579.5795,895.4789,1.0,0.043958873
1628.6218,503.87503,1567.9758,685.9136,1.0,0.078522556
1628.6218,503.87503,1567.9758,685.9136,1.0,0.078522556
1323.9181,309.35748,1325.802,463.74377,1.0,0.068545505
1407.5509,1601.3854,1196.8021,1633.5245,1.0,0.1127302
681.02423,815.38074,670.4331,815.12036,1.0,0.124292396
1443.269,226.13391,1445.8191,407.9682,1.0,0.044312205
1407.5509,1601.3854,1196.8021,1633.5245,1.0,0.1127302
270.51178,1098.3346,258.24643,1003.7297,1.0,0.07973728
270.51178,1098.3346,258.24643,1003.7297,1.0,0.07973728
19.26218,443.7448,136.61191,378.02097,1.0,0.05042014
1122.5957,1118.9304,1017.81995,1156.653,1.0,0.062033612
1324.0768,1818.65,1087.798,1814.9698,1.0,0.11001272
131.8308,590.93665,214.12357,527.5484,1.0,0.03773291
898.9878,546.1082,908.04706,608.5364,1.0,0.045812037
1122.5642,509.5473,1113.9822,611.09955,1.0,0.045483477
1480.0317,294.64032,1467.8907,475.13037,1.0,0.015886767
1407.5509,1601.3854,1196.8021,1633.5245,1.0,0.1127302
208.16705,1348.7461,162.90787,1218.068,1.0,0.08873315
208.16705,1348.7461,162.90787,1218.068,1.0,0.08873315
644.6961,1083.1996,595.5888,1049.2913,1.0,0.047003925
644.6961,1083.1996,595.5888,1049.2913,1.0,0.047003925
1121.822,485.39645,1117.1108,589.36536,1.0,0.025879195
598.28516,1629.7377,467.8014,1531.1908,1.0,0.086274005
1626.6677,88.50766,1631.8066,313.7103,1.0,0.0942782
20.13093,342.05197,153.46225,287.10516,1.0,0.07149132
1479.8022,578.9738,1422.8625,729.62006,1.0,0.07148955
1121.5955,1038.9568,1029.5502,1084.8977,1.0,0.06195691
20.260363,625.78613,108.786606,541.1451,1.0,0.0715011
20.260363,625.78613,108.786606,541.1451,1.0,0.0715011
1324.2742,238.82033,1337.2832,400.5604,1.0,0.02859287
1626.5027,1761.4591,1367.5299,1811.4426,1.0,0.0651453
681.4564,819.1159,670.22235,818.53125,1.0,0.12073149
1120.4109,997.915,1034.9832,1047.956,1.0,0.080108635
333.6264,2024.4344,168.52277,1842.8428,1.0,0.051658124
645.0266,303.0018,719.0676,350.7965,1.0,0.05511641
20.583982,46.94677,200.4917,22.96456,1.0,0.11078522
1407.1863,1108.3899,1274.298,1192.1705,1.0,0.07691137
722.8893,1156.6877,653.999,1127.3496,1.0,0.058969185
1374.663,249.53082,1380.7173,418.13663,1.0,0.03433302
1478.549,932.5109,1365.9727,1046.0049,1.0,0.099556476
819.1451,1433.4851,696.48785,1390.3452,1.0,0.07279908
819.16473,880.33374,783.84216,895.3125,1.0,0.14867449
1374.663,249.53082,1380.7173,418.13663,1.0,0.03433302
819.4763,1401.254,701.89825,1361.5642,1.0,0.0804098
1325.3323,523.34357,1293.3597,655.4472,1.0,0.070304126
1352.3052,1769.0155,1120.8177,1774.9392,1.0,0.026884584
1406.8094,1368.7987,1232.8073,1425.1877,1.0,0.07663858
819.6903,1521.6836,682.99426,1469.4135,1.0,0.036491673
1352.3052,1769.0155,1120.8177,1774.9392,1.0,0.026884584
820.02765,232.82814,886.8156,315.6125,1.0,0.04751285
820.02765,232.82814,886.8156,315.6125,1.0,0.04751285
1406.5979,1069.9253,1279.7871,1157.5876,1.0,0.064349584
331.81775,898.2674,344.66077,834.3015,1.0,0.02467876
1625.2864,1739.9766,1369.8105,1792.0453,1.0,0.03333503
897.4161,1599.6831,740.1767,1551.6654,1.0,0.15380879
897.4161,1599.6831,740.1767,1551.6654,1.0,0.15380879
973.5886,1000.3295,903.1017,1026.9788,1.0,0.014303208
1624.4943,1492.511,1408.1874,1570.3848,1.0,0.052965153
897.1685,749.71704,874.2138,790.5023,1.0,0.054597132
543.1914,1689.7644,408.99365,1576.2554,1.0,0.07033011
331.81775,898.2674,344.66077,834.3015,1.0,0.02467876
1476.8413,777.2787,1388.944,906.7667,1.0,0.0966431
331.81775,898.2674,344.66077,834.3015,1.0,0.02467876
1119.3524,90.339294,1177.3574,235.33017,1.0,0.1201845
1119.3524,90.339294,1177.3574,235.33017,1.0,0.1201845
1623.2133,293.63257,1596.3146,496.84628,1.0,0.06935141
22.74646,796.8997,83.89247,694.7515,1.0,0.040866584
1214.2285,1256.226,1078.1437,1294.0309,1.0,0.042728968
1476.668,726.5371,1396.7936,861.29065,1.0,0.08701798
1476.668,726.5371,1396.7936,861.29065,1.0,0.08701798
1119.1031,1404.3269,969.68964,1411.6292,1.0,0.10195524
209.795,163.14305,351.48145,156.89595,1.0,0.04163269
721.5955,1911.6187,533.6524,1803.0286,1.0,0.043680366
1476.3252,1505.3752,1273.3772,1558.6174,1.0,0.13413884
1476.3252,1505.3752,1273.3772,1558.6174,1.0,0.13413884
1162.6503,1777.9673,949.66565,1752.9938,1.0,0.08365373
1162.6503,1777.9673,949.66565,1752.9938,1.0,0.08365373
1162.7744,1149.5688,1048.964,1190.4327,1.0,0.06655788
972.3573,850.3717,925.73956,892.443,1.0,0.12348649
823.2351,278.71887,882.4088,357.20416,1.0,0.013675995
1195.1592,408.09515,1195.0482,531.80084,1.0,0.11377682
1622.6151,556.39655,1554.286,731.99786,1.0,0.05676299
1374.4177,697.1746,1309.89,818.84143,1.0,0.091012485
682.9955,455.42346,728.9882,493.29694,1.0,0.050435513
543.90533,1180.6888,489.95004,1120.6151,1.0,0.022898536
1622.6151,556.39655,1554.286,731.99786,1.0,0.05676299
646.07654,1757.5474,490.37796,1653.158,1.0,0.06201443
682.9955,455.42346,728.9882,493.29694,1.0,0.050435513
329.92795,721.07996,370.98688,675.3312,1.0,0.08098648
210.45871,352.04398,322.31067,326.14734,1.0,0.1009424
1327.1069,230.4668,1341.1779,393.50616,1.0,0.07356801
329.74106,1390.6066,265.10168,1274.7623,1.0,0.0472349
1327.1069,230.4668,1341.1779,393.50616,1.0,0.07356801
1327.1069,230.4668,1341.1779,393.50616,1.0,0.07356801
896.1843,1129.6348,813.4344,1130.5039,1.0,0.062359653
1475.4585,1726.3884,1237.8522,1756.1942,1.0,0.07926434
329.5334,533.06494,400.3307,506.9507,1.0,0.09316934
1163.4606,1349.7122,1018.0075,1369.7356,1.0,0.08634108
896.1843,1129.6348,813.4344,1130.5039,1.0,0.062359653
896.1319,273.93826,948.4701,364.36542,1.0,0.08954203
896.1319,273.93826,948.4701,364.36542,1.0,0.08954203
1163.4606,1349.7122,1018.0075,1369.7356,1.0,0.08634108
646.28076,465.9231,694.459,496.8354,1.0,0.054388907
720.31964,297.84937,787.31024,358.06723,1.0,0.07580904
1163.4606,1349.7122,1018.0075,1369.7356,1.0,0.08634108
1163.4606,1349.7122,1018.0075,1369.7356,1.0,0.08634108
1163.4606,1349.7122,1018.0075,1369.7356,1.0,0.08634108
1163.464,1234.511,1036.1403,1266.6265,1.0,0.029647257
1163.5063,290.61588,1185.2694,421.5247,1.0,0.12437415
825.6488,131.86641,907.81116,226.0795,1.0,0.080187865
825.6488,131.86641,907.81116,226.0795,1.0,0.080187865
1327.7104,1667.1523,1114.8944,1679.867,1.0,0.036133636
26.385624,973.2457,59.346863,853.1491,1.0,0.06155879
1618.0193,273.27634,1594.8685,477.80814,1.0,0.060318556
719.2118,418.94785,767.22833,466.3101,1.0,0.10167997
1618.0061,593.6229,1544.3281,764.5193,1.0,0.12877533
1473.9774,228.18149,1473.256,414.56564,1.0,0.31174943
1473.9774,228.18149,1473.256,414.56564,1.0,0.31174943
1617.2336,873.40985,1499.4036,1014.9536,1.0,0.037879188
211.62514,756.45984,259.4842,688.3108,1.0,0.08932697
1617.0463,1134.0854,1458.1534,1248.3165,1.0,0.10508836
719.2118,418.94785,767.22833,466.3101,1.0,0.10167997
719.1493,1802.0549,548.83856,1704.5444,1.0,0.11444059
683.5812,1762.9839,523.1127,1664.0282,1.0,0.0658231
719.04926,1377.0201,615.949,1324.134,1.0,0.22669408
970.3108,1836.2673,768.2684,1774.8801,1.0,0.07805497
970.3108,1836.2673,768.2684,1774.8801,1.0,0.07805497
719.04926,1377.0201,615.949,1324.134,1.0,0.22669408
1328.3458,1047.0654,1213.3596,1124.8009,1.0,0.050622694
894.68304,1366.1111,774.72455,1341.9922,1.0,0.025275115
826.30634,1623.8201,672.96875,1561.892,1.0,0.1693492
1472.9707,1102.3153,1334.0901,1197.0797,1.0,0.047137637
1089.9343,1940.8623,858.7567,1887.3772,1.0,0.024609812
1472.9707,1102.3153,1334.0901,1197.0797,1.0,0.047137637
212.25171,880.16907,240.49426,799.1771,1.0,0.06431299
1213.522,349.6524,1220.6843,482.27533,1.0,0.08567759
1115.2347,1935.1215,882.4129,1886.2137,1.0,0.08561969
717.6982,1509.7542,593.5976,1442.6803,1.0,0.024599213
1615.8098,323.6439,1584.8823,522.5252,1.0,0.019689396
717.6982,1509.7542,593.5976,1442.6803,1.0,0.024599213
830.7172,399.75104,870.01776,466.73126,1.0,0.033405095
830.7172,399.75104,870.01776,466.73126,1.0,0.033405095
325.36728,1635.9698,222.4395,1493.6738,1.0,0.06696925
831.4539,1577.4171,684.7605,1521.116,1.0,0.08933873
1113.2286,1338.0392,974.9024,1351.4248,1.0,0.11958655
1113.2286,1338.0392,974.9024,1351.4248,1.0,0.11958655
1614.8777,693.5407,1525.7163,853.5405,1.0,0.06660133
137.64078,991.79785,156.12193,887.3708,1.0,0.09415432
29.38955,642.6527,114.28877,557.67456,1.0,0.06919364
29.38955,642.6527,114.28877,557.67456,1.0,0.06919364
137.64078,991.79785,156.12193,887.3708,1.0,0.09415432
716.35614,2016.0052,512.4454,1895.6791,1.0,0.017580774
212.67781,1983.7766,66.64109,1787.3552,1.0,0.040813748
1113.1968,255.34567,1145.7217,382.0589,1.0,0.039971564
323.77975,430.1507,411.46924,413.94168,1.0,0.13167088
323.77975,430.1507,411.46924,413.94168,1.0,0.13167088
274.37418,1622.3357,178.91464,1473.4305,1.0,0.045900963
967.65607,491.62585,978.12177,570.5794,1.0,0.05409399
274.37418,1622.3357,178.91464,1473.4305,1.0,0.045900963
647.1659,1621.8193,512.7884,1531.8463,1.0,0.051476233
1165.0254,242.54941,1194.218,378.48856,1.0,0.3139323
29.897951,378.47107,156.49632,321.29965,1.0,0.10957857
29.897951,378.47107,156.49632,321.29965,1.0,0.10957857
213.0483,1864.7793,85.82421,1680.8689,1.0,0.09743871
647.1659,1621.8193,512.7884,1531.8463,1.0,0.051476233
834.89307,1817.265,649.95276,1736.4424,1.0,0.033981677
715.88995,1817.962,543.35956,1718.2815,1.0,0.065048814
715.5806,24.365475,826.199,112.484795,1.0,0.033323828
836.9512,264.46765,896.9897,346.55862,1.0,0.08482201
836.9512,264.46765,896.9897,346.55862,1.0,0.08482201
715.4779,1137.833,650.33746,1109.293,1.0,0.062303502
715.4779,1137.833,650.33746,1109.293,1.0,0.062303502
715.4779,1137.833,650.33746,1109.293,1.0,0.062303502
274.6084,938.8918,287.0434,861.6149,1.0,0.04550175
274.6084,938.8918,287.0434,861.6149,1.0,0.04550175
274.6084,938.8918,287.0434,861.6149,1.0,0.04550175
322.1079,1619.023,222.21454,1478.0092,1.0,0.062607445
714.89294,64.77494,819.17334,148.55576,1.0,0.0082974145
838.0909,298.80545,892.5483,377.5319,1.0,0.024006376
714.31396,1894.1001,529.944,1786.2316,1.0,0.070809305
714.31396,1894.1001,529.944,1786.2316,1.0,0.070809305
1331.0132,1545.6145,1137.0778,1571.5562,1.0,0.081841476
546.57574,470.2246,604.5278,484.98502,1.0,0.051463097
1331.0132,1545.6145,1137.0778,1571.5562,1.0,0.081841476
1090.4152,1246.2036,968.8773,1265.4742,1.0,0.08035324
320.93008,1432.2291,250.6925,1310.5631,1.0,0.115062535
1469.119,1202.4421,1314.8661,1286.081,1.0,0.08910715
839.9778,108.00662,924.40436,206.96266,1.0,0.08763539
839.9778,108.00662,924.40436,206.96266,1.0,0.08763539
892.4029,1041.5952,823.9553,1051.1002,1.0,0.065991536
1612.394,70.07514,1621.8535,295.00375,1.0,0.013767216
685.1197,917.86707,657.9104,907.5871,1.0,0.07217401
966.4223,1949.315,746.9953,1875.4824,1.0,0.13263433
840.27124,540.3555,856.3664,594.1183,1.0,0.026660629
966.17065,1351.0768,841.1367,1339.8352,1.0,0.05873206
840.90015,1587.1494,691.7636,1531.4313,1.0,0.10736584
841.0694,1839.3812,652.01227,1757.2694,1.0,0.026478074
892.19525,65.35006,977.8513,177.14001,1.0,0.07974056
1110.933,115.77082,1165.7437,256.73105,1.0,0.055537164
1468.5684,334.99542,1451.4044,509.4607,1.0,0.13931239
31.684904,794.5765,92.39307,694.08167,1.0,0.09114419
712.49005,1220.8737,634.5588,1183.1761,1.0,0.057970192
685.3191,1710.3191,532.97394,1617.1202,1.0,0.047365207
841.6188,384.06604,882.30615,454.3688,1.0,0.099351175
841.6601,1044.7836,778.07495,1045.8999,1.0,0.13009249
841.6601,1044.7836,778.07495,1045.8999,1.0,0.13009249
139.71414,810.617,186.52989,725.56506,1.0,0.07628454
139.71414,810.617,186.52989,725.56506,1.0,0.07628454
892.0755,1853.3676,695.45667,1777.7095,1.0,0.115939036
318.19662,89.7612,460.12662,108.24484,1.0,0.08419389
318.11163,467.57248,400.403,446.51733,1.0,0.05419933
1467.2496,1792.0797,1220.1414,1813.7434,1.0,0.07575385
1466.9955,1461.2809,1272.1238,1517.4166,1.0,0.15347229
318.11163,467.57248,400.403,446.51733,1.0,0.05419933
1090.8984,1131.6328,987.6484,1163.0077,1.0,0.26678973
214.8384,340.1378,328.0631,316.13818,1.0,0.050462354
602.2992,170.30959,701.7626,225.25233,1.0,0.056827765
1466.694,2007.6035,1185.6349,2006.6271,1.0,0.089270465
602.4809,1802.9794,444.16385,1686.8671,1.0,0.13359228
602.51636,761.258,608.6473,754.39667,1.0,0.040540304
1466.694,2007.6035,1185.6349,2006.6271,1.0,0.089270465
1610.0281,1242.1956,1434.7219,1344.03,1.0,0.043968365
842.57153,1231.3912,749.3851,1213.1145,1.0,0.08704307
843.11316,362.46057,887.0199,435.3433,1.0,0.054552253
547.75415,582.7943,587.8608,585.93835,1.0,0.10076468
843.11316,362.46057,887.0199,435.3433,1.0,0.054552253
1403.3303,1297.1206,1241.0641,1360.5403,1.0,0.08822678
215.03146,1216.3254,189.94086,1100.5883,1.0,0.07519385
843.11316,362.46057,887.0199,435.3433,1.0,0.054552253
1110.1627,560.3186,1094.8707,654.58246,1.0,0.057227448
1609.6237,1598.9576,1378.0574,1663.2892,1.0,0.05749965
1110.1517,1191.7858,995.2238,1219.8965,1.0,0.11044368
1109.9312,1521.3215,942.9389,1514.917,1.0,0.03929285
1109.9312,1521.3215,942.9389,1514.917,1.0,0.03929285
844.886,975.1565,791.885,984.1125,1.0,0.050685644
1333.1497,1263.7988,1183.4349,1319.6243,1.0,0.030160261
33.701828,319.9347,169.0642,269.4092,1.0,0.06637683
33.701828,319.9347,169.0642,269.4092,1.0,0.06637683
1333.1497,1263.7988,1183.4349,1319.6243,1.0,0.030160261
315.0945,298.60052,424.4624,294.76492,1.0,0.13599719
314.63272,1727.2798,198.44826,1573.7762,1.0,0.06766696
314.63272,1727.2798,198.44826,1573.7762,1.0,0.06766696
891.2592,1073.6106,817.7344,1079.8735,1.0,0.28867346
845.8273,778.9554,823.67224,808.6376,1.0,0.02283604
710.1415,795.01605,699.66943,801.5138,1.0,0.0756656
603.3372,865.739,592.93207,848.0202,1.0,0.077775866
1109.214,403.69028,1118.6902,514.1993,1.0,0.03788848
141.09183,1910.4907,14.109986,1710.3805,1.0,0.03885534
141.09183,1910.4907,14.109986,1710.3805,1.0,0.03885534
1109.214,403.69028,1118.6902,514.1993,1.0,0.03788848
648.60706,1643.9259,510.56998,1551.8867,1.0,0.030333322
603.3372,865.739,592.93207,848.0202,1.0,0.077775866
1608.9999,79.318054,1617.4424,302.70337,1.0,0.093833014
648.60706,1643.9259,510.56998,1551.8867,1.0,0.030333322
1333.9191,93.83156,1368.8074,272.45016,1.0,0.15306646
1465.3429,899.96765,1359.2094,1014.79755,1.0,0.03995081
276.69302,1359.59,222.50879,1238.5908,1.0,0.053757284
313.77515,1404.9298,248.5967,1285.1165,1.0,0.11369879
1333.9191,93.83156,1368.8074,272.45016,1.0,0.15306646
847.08453,1000.95593,789.7609,1007.63983,1.0,0.06955622
1608.5928,1321.7723,1420.9633,1414.9526,1.0,0.12540098
1372.9384,532.2595,1334.5665,670.9531,1.0,0.06110485
847.7447,1881.9753,651.31305,1796.4043,1.0,0.07632128
847.7447,1881.9753,651.31305,1796.4043,1.0,0.07632128
1607.8809,1424.34,1404.0758,1506.7013,1.0,0.057703245
1607.8809,1424.34,1404.0758,1506.7013,1.0,0.057703245
1168.4391,60.57507,1225.9332,216.42981,1.0,0.055017024
276.98312,2022.3259,118.1449,1831.9828,1.0,0.0478179
141.65068,855.8211,181.12378,766.26965,1.0,0.04067778
276.98312,2022.3259,118.1449,1831.9828,1.0,0.0478179
708.9719,140.95341,801.9102,215.81187,1.0,0.06704125
1463.9623,1351.6138,1286.822,1418.8713,1.0,0.16761108
311.64337,1444.916,240.31378,1320.5328,1.0,0.03719422
36.262856,572.5552,131.5031,495.98706,1.0,0.07502565
36.262856,572.5552,131.5031,495.98706,1.0,0.07502565
962.921,1727.6776,778.7152,1676.4047,1.0,0.076703005
962.921,1727.6776,778.7152,1676.4047,1.0,0.076703005
1606.1233,1471.1337,1395.1665,1548.3481,1.0,0.104578
889.9757,1309.4875,779.5073,1290.4875,1.0,0.11381459
649.1214,293.30188,724.4407,342.55875,1.0,0.31535038
216.43051,1845.1874,91.85401,1663.8241,1.0,0.01930738
36.6611,243.08713,183.90552,201.09352,1.0,0.09881703
216.43051,1845.1874,91.85401,1663.8241,1.0,0.01930738
1334.6176,35.223434,1378.7002,219.93852,1.0,0.03589179
1334.6176,35.223434,1378.7002,219.93852,1.0,0.03589179
1605.5112,107.95017,1609.6774,327.62393,1.0,0.1913709
1334.8575,372.35764,1325.7148,521.76245,1.0,0.07090047
962.2089,743.0552,933.58075,794.8503,1.0,0.0663159
310.94656,1305.7323,261.71967,1195.7903,1.0,0.092826426
1211.9108,246.58214,1235.5002,389.79047,1.0,0.058385424
961.9706,502.09485,971.33514,579.0307,1.0,0.061272033
961.9706,502.09485,971.33514,579.0307,1.0,0.061272033
1211.8954,2020.4952,955.4698,1977.9257,1.0,0.07605989
851.4606,1580.5525,702.25525,1527.1764,1.0,0.100654595
851.4606,1580.5525,702.25525,1527.1764,1.0,0.100654595
310.85156,1617.4453,212.3826,1474.795,1.0,0.077211015
310.85156,1617.4453,212.3826,1474.795,1.0,0.077211015
851.8872,1652.7198,691.218,1591.8094,1.0,0.08172972
1107.472,1659.7996,918.9159,1638.4622,1.0,0.09732329
707.61456,1861.163,529.1656,1755.6478,1.0,0.0980528
707.5821,509.38364,742.53815,545.4619,1.0,0.097820394
707.49084,48.724968,815.0403,133.05762,1.0,0.04991064
707.3346,443.90125,752.5895,486.7724,1.0,0.040407497
1062.5208,1820.5895,853.2792,1775.346,1.0,0.07147631
1062.5208,1820.5895,853.2792,1775.346,1.0,0.07147631
308.82718,1705.6514,196.6471,1553.4923,1.0,0.050821915
852.6769,431.01068,884.83984,498.1663,1.0,0.1309789
1169.8323,1613.7588,981.83606,1607.1332,1.0,0.11091544
1603.6273,325.03534,1573.7325,521.7817,1.0,0.08799441
1105.8969,1549.3916,934.9166,1539.4192,1.0,0.053522125
1105.8969,1549.3916,934.9166,1539.4192,1.0,0.053522125
855.1877,1802.8722,670.4035,1726.7582,1.0,0.037036423
705.37524,933.57404,673.58606,924.78845,1.0,0.12476376
1336.8694,1194.0399,1197.7712,1257.7291,1.0,0.03799702
217.82292,1159.344,201.46164,1050.0457,1.0,0.09693755
855.8069,1019.7356,794.5778,1025.4893,1.0,0.2767334
704.938,1439.518,593.3073,1377.772,1.0,0.06707775
855.89844,269.64853,913.1266,354.22232,1.0,0.060088523
1603.2142,143.77266,1602.0662,359.4099,1.0,0.13065249
1171.7949,1063.0297,1070.7122,1114.3861,1.0,0.07466414
304.15442,1991.6373,147.396,1808.7463,1.0,0.14061265
650.2062,1718.9275,500.21097,1619.2621,1.0,0.08153612
304.1014,943.1846,312.86765,870.1022,1.0,0.14071535
650.2062,1718.9275,500.21097,1619.2621,1.0,0.08153612
304.1014,943.1846,312.86765,870.1022,1.0,0.14071535
303.91507,1967.5529,150.92311,1787.1221,1.0,0.10659046
1459.4248,1590.1887,1245.0236,1631.76,1.0,0.092155404
40.19165,76.05418,213.42903,52.115067,1.0,0.09156345
1105.0105,1735.1449,904.87305,1705.6774,1.0,0.14791529
888.0775,57.437595,975.4276,169.31038,1.0,0.05386184
959.6351,853.0523,913.87976,892.9057,1.0,0.040576674
857.9208,1188.1375,769.9263,1176.8792,1.0,0.04211992
1338.3468,333.208,1335.0626,487.34137,1.0,0.105936356
1103.6194,1111.6746,1001.9868,1147.2203,1.0,0.06540748
1458.3043,878.8015,1356.2699,994.6029,1.0,0.10688098
1458.3043,878.8015,1356.2699,994.6029,1.0,0.10688098
302.5561,59.90884,450.71234,78.942894,1.0,0.18644872
958.9277,778.672,925.0328,826.16327,1.0,0.099916026
1457.7308,226.07816,1458.7927,410.1476,1.0,0.1004876
301.56195,68.38528,448.5814,86.531334,1.0,0.03021977
301.2095,965.9377,306.58395,890.0436,1.0,0.034313824
1457.6731,137.04593,1472.8345,330.5578,1.0,0.08244018
301.2095,965.9377,306.58395,890.0436,1.0,0.034313824
301.1281,1488.7408,224.0444,1358.0988,1.0,0.09749201
1338.8805,81.13139,1375.3143,261.66913,1.0,0.091131024
300.71588,1830.5889,169.78096,1664.1075,1.0,0.17026158
1457.0171,1610.5239,1239.6528,1649.5854,1.0,0.087312706
1092.0953,1449.72,938.3458,1447.9861,1.0,0.108432114
1457.0171,1610.5239,1239.6528,1649.5854,1.0,0.087312706
1600.7587,1673.7301,1358.3197,1728.7975,1.0,0.087169655
958.4014,103.36112,1031.0524,221.47958,1.0,0.07966367
861.56683,981.19727,805.8694,992.1381,1.0,0.06163626
299.9713,1856.5178,164.84605,1687.1508,1.0,0.025021734
862.937,845.8146,828.5812,871.11316,1.0,0.17877522
1600.2517,1298.3785,1417.1945,1392.7985,1.0,0.12750903
700.85944,1547.6857,572.6152,1473.9856,1.0,0.10333135
700.85944,1547.6857,572.6152,1473.9856,1.0,0.10333135
863.17554,1613.6317,707.46967,1558.5891,1.0,0.064930044
1599.9819,1065.9314,1453.6117,1184.6099,1.0,0.08213663
958.4014,103.36112,1031.0524,221.47958,1.0,0.07966367
886.9226,1622.2455,727.4282,1570.1521,1.0,0.121914715
1436.5616,1363.5715,1260.3055,1425.3026,1.0,0.074106336
298.64136,1194.183,268.27893,1093.969,1.0,0.062373422
1599.2617,1560.2439,1374.8921,1627.051,1.0,0.043024372
700.3161,1060.3097,649.07367,1037.5238,1.0,0.1107593
298.1923,1106.0684,281.78806,1015.0274,1.0,0.060123418
1436.4467,1012.45026,1315.1992,1109.0552,1.0,1.884659
298.1923,1106.0684,281.78806,1015.0274,1.0,0.060123418
863.7325,1060.2979,795.3159,1063.3083,1.0,0.051317647
1173.2675,1831.5609,950.69244,1802.6404,1.0,0.0751402
1173.2675,1831.5609,950.69244,1802.6404,1.0,0.0751402
1101.3844,2015.2695,857.3209,1955.8074,1.0,0.04014114
1340.2362,1690.984,1122.4176,1703.1724,1.0,0.10684695
1340.2362,1690.984,1122.4176,1703.1724,1.0,0.10684695
552.3815,744.33124,566.4457,731.2776,1.0,0.049408477
220.40459,868.32245,249.67963,789.90894,1.0,0.06255773
1340.5231,1101.3806,1215.7075,1175.3477,1.0,0.069388896
552.48376,1706.3123,414.6795,1592.5629,1.0,0.045147248
297.04678,1632.7755,197.64908,1486.3269,1.0,0.11944054
1173.4658,959.09784,1088.4478,1021.6087,1.0,0.09734151
552.48376,1706.3123,414.6795,1592.5629,1.0,0.045147248
220.45967,1672.7499,122.72137,1510.0869,1.0,0.04491529
1100.7008,1120.4712,997.9468,1154.5746,1.0,0.043681093
885.57007,510.79126,901.6909,574.7899,1.0,0.12667207
1400.9476,1694.3503,1176.2065,1715.8097,1.0,0.07348309
1400.8196,123.99307,1423.9149,309.85748,1.0,0.0072737546
1100.1942,1847.0688,882.83716,1805.0325,1.0,0.06920173
552.80634,717.5497,571.0612,707.34094,1.0,0.0719559
552.80634,717.5497,571.0612,707.34094,1.0,0.0719559
1595.7037,769.84235,1496.5552,918.8381,1.0,0.11412616
45.86794,789.59717,105.87652,691.83215,1.0,0.09776985
293.55984,662.2629,347.7449,616.92004,1.0,0.11568967
293.55984,662.2629,347.7449,616.92004,1.0,0.11568967
956.94824,1615.67,791.1027,1575.2375,1.0,0.055397768
956.94824,1615.67,791.1027,1575.2375,1.0,0.055397768
46.1334,1201.772,41.03836,1060.9108,1.0,0.08234033
46.1334,1201.772,41.03836,1060.9108,1.0,0.08234033
885.05646,1474.839,749.02954,1437.8578,1.0,0.11264612
1595.2375,905.64655,1474.454,1040.3865,1.0,0.13572198
1595.2375,905.64655,1474.454,1040.3865,1.0,0.13572198
1099.558,1307.4922,967.45703,1321.8464,1.0,0.08240291
884.66943,778.58307,858.52075,814.4372,1.0,0.03675766
697.30725,1002.45386,655.4117,985.24347,1.0,0.030228427
688.87335,1128.8611,627.9581,1097.0825,1.0,0.065896064
46.609024,972.34735,77.67534,855.55615,1.0,0.08633506
46.609024,972.34735,77.67534,855.55615,1.0,0.08633506
46.676098,1156.2057,48.68952,1020.1718,1.0,0.068113305
697.30725,1002.45386,655.4117,985.24347,1.0,0.030228427
1099.558,1307.4922,967.45703,1321.8464,1.0,0.08240291
697.1295,1000.4598,655.63275,983.4721,1.0,0.07371207
1093.5415,1140.3395,988.2378,1171.4193,1.0,0.20528819
1174.1844,180.83914,1212.1776,324.93317,1.0,0.14047663
221.37344,330.87903,335.38763,308.86337,1.0,0.068062305
1435.705,1582.389,1225.0149,1621.0352,1.0,0.08803436
292.74368,778.3587,328.60834,720.73615,1.0,0.05048906
1454.1757,1430.4464,1265.4967,1487.948,1.0,0.05168521
281.3027,1005.7218,282.48962,922.4437,1.0,0.09331078
291.6532,1165.194,266.48242,1066.8086,1.0,0.13744381
221.81729,1287.2529,184.80211,1165.2091,1.0,0.05801476
1175.1715,1658.9396,979.62494,1648.4775,1.0,0.043935012
291.4832,1609.1595,196.43233,1464.3535,1.0,0.1324369
1592.9528,1045.2378,1450.5468,1164.9559,1.0,0.043883048
553.92957,901.04443,543.04803,871.74567,1.0,0.10347302
1343.0255,72.00763,1380.4652,254.17735,1.0,0.08281283
607.65405,719.95264,619.8111,718.1842,1.0,0.07730447
884.125,172.14565,953.8572,271.39758,1.0,0.12474161
1097.9342,1019.95605,1011.3791,1064.147,1.0,0.0752509
1343.0255,72.00763,1380.4652,254.17735,1.0,0.08281283
290.45685,1290.5242,245.7354,1178.9176,1.0,0.060686994
695.1915,1752.6315,535.1447,1656.5232,1.0,0.068273544
873.1077,1007.44617,812.06805,1017.40784,1.0,0.106074885
694.9697,1719.8352,540.1485,1627.1394,1.0,0.08674797
1094.0128,970.9673,1015.62634,1019.6987,1.0,0.0894365
874.1296,1196.7198,783.1232,1187.0966,1.0,0.081485935
874.1296,1196.7198,783.1232,1187.0966,1.0,0.081485935
694.5762,367.3203,753.25397,416.24542,1.0,0.040585913
1452.0554,1255.484,1291.2439,1330.912,1.0,0.08276061
149.64777,133.88483,302.2909,121.227325,1.0,0.0836808
694.5762,367.3203,753.25397,416.24542,1.0,0.040585913
694.1387,1887.4642,512.9442,1777.0789,1.0,0.08983131
608.09143,335.47684,680.8978,373.9979,1.0,0.0970678
608.09143,335.47684,680.8978,373.9979,1.0,0.0970678
1592.0831,1337.9691,1403.5334,1426.892,1.0,0.022799715
1591.8301,860.5668,1478.6283,999.4277,1.0,0.03585445
1591.8301,860.5668,1478.6283,999.4277,1.0,0.03585445
874.9453,1410.106,750.19244,1378.2311,1.0,0.114920564
1175.8636,788.8803,1117.6403,869.60815,1.0,0.078895204
1192.9854,1712.7504,987.07794,1699.4464,1.0,0.03350691
150.39075,990.0949,167.73572,887.8453,1.0,0.034726806
1451.9426,154.04208,1465.0149,344.77133,1.0,0.09380355
1097.1182,1801.8667,887.3543,1764.0414,1.0,0.20890824
1590.0348,1355.5524,1399.0042,1442.3341,1.0,0.10026811
875.89874,1361.3931,758.9593,1334.9143,1.0,0.34258288
693.48065,356.13904,754.0284,406.03442,1.0,0.021372177
882.5825,728.5629,864.5509,769.30554,1.0,0.036845677
1589.9342,1567.501,1365.4199,1632.089,1.0,0.07047592
50.644054,1301.0875,29.41943,1150.5273,1.0,0.1048437
881.98566,1656.3187,717.5184,1599.8347,1.0,0.016851895
690.0399,1652.2573,546.40955,1566.0472,1.0,0.18896125
282.59387,1207.3,251.82649,1103.0999,1.0,0.10944957
1434.006,343.29688,1419.0729,511.43732,1.0,0.06120004
555.06384,1272.4,485.49646,1204.445,1.0,0.07388212
1176.8862,49.281395,1235.2794,207.62096,1.0,0.048075505
1589.4264,1135.3716,1433.1135,1245.0734,1.0,0.030107597
1176.8862,49.281395,1235.2794,207.62096,1.0,0.048075505
1434.006,343.29688,1419.0729,511.43732,1.0,0.06120004
51.49484,808.0738,107.961525,709.23724,1.0,0.08252876
691.9722,970.73126,655.685,956.06573,1.0,0.06073688
955.3603,1268.4701,844.5049,1264.1302,1.0,0.07514677
1345.779,1141.6075,1214.0547,1212.233,1.0,0.0545698
1589.1617,252.5926,1572.283,454.81406,1.0,0.09772489
1096.2822,665.2179,1065.9331,746.3053,1.0,0.10226777
284.85596,1465.3654,213.2829,1334.5686,1.0,0.2158782
284.5854,1518.8833,204.41136,1382.5155,1.0,0.057454873
284.24097,797.34216,318.08148,736.4818,1.0,0.118140005
608.9158,188.4846,704.8743,242.64435,1.0,0.1233634
608.9158,188.4846,704.8743,242.64435,1.0,0.1233634
690.56903,362.47928,750.53534,411.36496,1.0,0.17612667
690.56903,362.47928,750.53534,411.36496,1.0,0.17612667
1449.8276,86.88928,1473.6711,284.3836,1.0,0.017931148
284.18985,30.11507,439.11145,49.519985,1.0,0.07087545
1449.8276,86.88928,1473.6711,284.3836,1.0,0.017931148
1065.4673,1016.4331,982.88184,1055.8911,1.0,0.079468735
880.2859,959.3912,826.08624,975.62714,1.0,0.0703139
1449.6195,202.18991,1455.204,387.5814,1.0,0.0620648
1449.6195,202.18991,1455.204,387.5814,1.0,0.0620648
284.1022,94.99408,428.81265,107.58521,1.0,0.093224615
1065.4673,1016.4331,982.88184,1055.8911,1.0,0.079468735
284.1022,94.99408,428.81265,107.58521,1.0,0.093224615
1448.4097,682.8624,1378.3042,817.7445,1.0,0.024960916
536.9105,1074.8334,500.43622,1024.7823,1.0,0.06513775
609.3175,1181.0117,548.4676,1131.2274,1.0,0.029836953
1645.2081,157.23631,1637.4866,378.18182,1.0,0.02875386
53.522366,1256.4242,39.02049,1110.9752,1.0,0.08722636
53.522366,1256.4242,39.02049,1110.9752,1.0,0.08722636
1233.3923,254.11859,1253.5193,399.87866,1.0,0.06292251
1645.4376,1128.6365,1484.4503,1247.8823,1.0,0.12785628
1648.29,61.98931,1655.2909,293.3867,1.0,0.041546978
535.46924,1777.8267,388.1921,1653.8982,1.0,0.07989472
1034.3419,811.07214,987.4174,867.0971,1.0,0.073061705
556.09235,1342.1609,475.3859,1267.091,1.0,0.04162742
1370.0294,395.89752,1353.5754,548.3234,1.0,0.18097027
1033.3848,281.99597,1070.0723,393.29626,1.0,0.05492079
1033.3848,281.99597,1070.0723,393.29626,1.0,0.05492079
1652.1559,49.058506,1660.8589,282.52948,1.0,0.12135571
534.1847,1953.703,359.21066,1811.1263,1.0,0.032342084
1065.6124,385.68353,1082.6003,491.15897,1.0,0.12012612
1065.6124,385.68353,1082.6003,491.15897,1.0,0.12012612
1034.4408,1147.0801,934.4259,1167.9846,1.0,0.025750255
1034.4408,1147.0801,934.4259,1167.9846,1.0,0.025750255
1370.0294,395.89752,1353.5754,548.3234,1.0,0.18097027
54.775307,1365.798,22.905996,1209.1249,1.0,0.10625275
224.71642,1864.9393,96.17906,1682.8494,1.0,0.032878414
224.7831,1035.6227,227.16965,940.34814,1.0,0.050192215
1033.052,2020.433,795.3538,1949.5994,1.0,0.081843026
55.19586,989.54486,82.53784,872.37305,1.0,0.041601673
953.52686,996.20154,885.8629,1020.0892,1.0,0.08974238
1192.0469,927.95844,1110.1146,996.7195,1.0,0.044929337
1654.2196,1375.9788,1453.1598,1470.7487,1.0,0.01765974
1654.2196,1375.9788,1453.1598,1470.7487,1.0,0.01765974
1033.052,2020.433,795.3538,1949.5994,1.0,0.081843026
1654.362,1777.9852,1389.9172,1830.5851,1.0,0.13926853
1034.5802,1438.5317,888.582,1428.9125,1.0,0.065680206
1656.125,806.2927,1544.8265,961.0282,1.0,0.0476226
225.42758,1210.1422,200.20213,1096.7397,1.0,0.05193845
1369.6731,270.9736,1372.9147,436.43552,1.0,0.12834992
1657.7639,841.6254,1540.7849,992.8867,1.0,0.11611499
1657.7639,841.6254,1540.7849,992.8867,1.0,0.11611499
1065.702,514.60315,1062.1781,606.66876,1.0,0.055879842
1585.2999,1613.2552,1354.0887,1672.3158,1.0,0.10757193
1585.2999,1613.2552,1354.0887,1672.3158,1.0,0.10757193
1243.5184,363.74567,1245.3009,499.6856,1.0,0.057761714
1208.2017,1105.4818,1096.661,1158.1416,1.0,0.1291396
1659.9117,249.63637,1636.0396,463.23727,1.0,0.013573463
1660.3833,1193.7609,1487.452,1308.5582,1.0,0.032853246
1584.9323,159.24976,1583.3026,370.4295,1.0,0.13127606
1584.7704,1537.5792,1365.5177,1604.4553,1.0,0.061533246
557.0411,1573.4972,439.76016,1474.3096,1.0,0.10192327
557.0411,1573.4972,439.76016,1474.3096,1.0,0.10192327
557.0411,1573.4972,439.76016,1474.3096,1.0,0.10192327
531.71484,1610.7606,411.12878,1503.7257,1.0,0.011946063
225.86723,2001.6716,75.6261,1805.4658,1.0,0.047347706
1432.7461,1324.297,1263.1085,1389.4799,1.0,0.09257695
531.62866,229.69809,629.0997,267.2553,1.0,0.046574112
1243.9087,163.40303,1277.3065,320.34198,1.0,0.0929263
1243.9087,163.40303,1277.3065,320.34198,1.0,0.0929263
154.92677,1850.662,35.98162,1659.038,1.0,0.059354465
154.92677,1850.662,35.98162,1659.038,1.0,0.059354465
1065.7594,1758.1256,866.00104,1719.9808,1.0,0.021471627
530.2724,1430.5674,438.36566,1342.2032,1.0,0.088739455
154.9669,1055.4028,161.50876,947.0373,1.0,0.026465343
154.9669,1055.4028,161.50876,947.0373,1.0,0.026465343
1065.7594,1758.1256,866.00104,1719.9808,1.0,0.021471627
57.220997,193.6279,210.11734,160.0701,1.0,0.092032276
57.220997,193.6279,210.11734,160.0701,1.0,0.092032276
1065.7594,1758.1256,866.00104,1719.9808,1.0,0.021471627
530.2724,1430.5674,438.36566,1342.2032,1.0,0.088739455
530.2724,1430.5674,438.36566,1342.2032,1.0,0.088739455
1207.8861,1408.2523,1048.5547,1429.1967,1.0,0.10140994
654.7876,1510.8955,537.0662,1433.7201,1.0,0.038842585
654.7876,1510.8955,537.0662,1433.7201,1.0,0.038842585
529.4106,1556.192,417.83105,1454.5076,1.0,0.15574877
1244.9023,84.71763,1290.5922,250.05986,1.0,0.06685066
226.47902,948.90405,242.44987,863.00604,1.0,0.11496497
1244.9023,84.71763,1290.5922,250.05986,1.0,0.06685066
528.8382,107.6188,645.91315,157.52654,1.0,0.078899056
528.8382,107.6188,645.91315,157.52654,1.0,0.078899056
1035.0438,1164.2834,932.28503,1183.4594,1.0,0.059802495
1031.3557,494.18433,1034.6809,582.96594,1.0,0.02689345
57.871883,700.82513,130.58282,614.2673,1.0,0.041851964
528.8382,107.6188,645.91315,157.52654,1.0,0.078899056
1244.9745,940.58234,1155.5988,1016.3135,1.0,0.114147164
1583.2654,1082.5531,1436.3705,1197.2415,1.0,0.5863544
1670.9624,1244.4071,1488.9703,1355.5724,1.0,0.07015635
1670.9989,272.44632,1642.419,485.37622,1.0,0.06527322
1670.9989,272.44632,1642.419,485.37622,1.0,0.06527322
1670.9989,272.44632,1642.419,485.37622,1.0,0.06527322
227.04016,1704.1233,123.83843,1539.2903,1.0,0.23065218
527.35144,665.46423,556.5516,656.69867,1.0,0.11620627
1671.927,177.80708,1658.1362,400.80264,1.0,0.036484323
655.14905,855.4346,640.9341,846.98773,1.0,0.064600974
1672.0927,1361.0464,1471.5782,1460.1714,1.0,0.07988483
525.5112,265.47577,618.0425,298.3834,1.0,0.107649565
1677.1997,378.13248,1631.133,581.01965,1.0,0.10584348
1677.1997,378.13248,1631.133,581.01965,1.0,0.10584348
1678.196,1611.4868,1437.452,1685.2898,1.0,0.08559218
1678.196,1611.4868,1437.452,1685.2898,1.0,0.08559218
524.4698,1195.0189,470.312,1130.3987,1.0,0.045476392
524.4698,1195.0189,470.312,1130.3987,1.0,0.045476392
1681.5237,1024.6646,1533.0917,1160.4977,1.0,0.05386732
1681.5237,1024.6646,1533.0917,1160.4977,1.0,0.05386732
1030.6647,91.57761,1097.7501,222.36139,1.0,0.11483393
1683.518,334.8263,1643.782,543.22974,1.0,0.05220019
1683.961,1410.9384,1474.2457,1506.7664,1.0,0.030909833
522.5354,1417.9766,433.45944,1329.8195,1.0,0.17493346
612.1847,159.93132,712.27673,217.49922,1.0,0.089368515
1685.6068,387.2764,1637.3518,590.41284,1.0,0.12265935
1686.0261,534.8017,1614.5524,722.68536,1.0,0.1438481
1686.1885,1690.3749,1432.1749,1757.2705,1.0,0.042740125
1030.3489,1712.1211,841.65924,1673.1737,1.0,0.12134202
1030.3232,1235.6918,916.7781,1246.5886,1.0,0.08471759
1431.3912,298.08243,1423.8527,470.56192,1.0,0.04666999
1687.7742,1898.8081,1400.7372,1944.1091,1.0,0.08855989
1247.7396,1120.1313,1129.7537,1177.5664,1.0,0.1430711
559.0614,771.82935,568.2284,756.85065,1.0,0.22394359
1247.9952,1112.5477,1131.2174,1170.5616,1.0,0.27093905
1207.4042,1158.8976,1087.4209,1205.8478,1.0,0.035321377
1207.4042,1158.8976,1087.4209,1205.8478,1.0,0.035321377
520.7972,1194.7584,466.97906,1129.5338,1.0,0.05878329
1431.3912,298.08243,1423.8527,470.56192,1.0,0.04666999
520.6451,934.48175,508.02286,896.5151,1.0,0.052599
655.6894,1980.0345,463.84415,1853.8887,1.0,0.03157095
520.6451,934.48175,508.02286,896.5151,1.0,0.052599
1029.6575,186.38605,1081.8079,307.0455,1.0,0.08935332
559.6954,1671.3065,426.66376,1562.3604,1.0,0.04688517
1580.05,247.97939,1564.8606,449.12784,1.0,0.06010435
1580.05,247.97939,1564.8606,449.12784,1.0,0.06010435
520.546,393.69656,593.29285,412.36298,1.0,0.039606795
520.546,393.69656,593.29285,412.36298,1.0,0.039606795
1690.9117,1097.1824,1530.0636,1226.9225,1.0,0.060259845
520.5062,2012.7769,337.68753,1861.8293,1.0,0.08221878
520.5062,2012.7769,337.68753,1861.8293,1.0,0.08221878
1691.2207,786.3158,1579.4415,948.635,1.0,0.09332409
1692.0903,115.38732,1686.4062,348.30298,1.0,0.39455205
1248.3787,1664.077,1044.3645,1664.6013,1.0,0.042192206
1579.6293,239.90257,1565.77,441.82666,1.0,0.071611024
655.8781,522.34424,694.185,548.84564,1.0,0.097071074
1248.3787,1664.077,1044.3645,1664.6013,1.0,0.042192206
157.76993,785.4817,206.6844,705.8498,1.0,0.0651704
559.9265,1222.4948,497.82065,1160.422,1.0,0.21832766
656.0188,207.04675,744.0682,266.6461,1.0,0.06397664
1028.2848,576.1483,1019.0551,655.8706,1.0,0.037637465
1696.0051,1579.0457,1458.5873,1659.1082,1.0,0.09632771
1696.0051,1579.0457,1458.5873,1659.1082,1.0,0.09632771
948.1552,447.7286,967.6382,528.1727,1.0,0.106796175
1696.798,1377.3774,1491.093,1478.647,1.0,0.085792854
517.67114,1365.672,437.33344,1282.0818,1.0,0.09315693
1697.2567,133.1071,1687.9374,364.85352,1.0,0.071117096
1698.7395,1413.3362,1487.108,1511.2172,1.0,0.00467228
948.10895,1964.0319,728.18195,1885.7129,1.0,0.049379103
1699.2412,688.50867,1601.971,862.3361,1.0,0.035521466
948.10895,1964.0319,728.18195,1885.7129,1.0,0.049379103
1250.1096,1236.0691,1113.4878,1281.6741,1.0,0.052152034
1701.5635,266.6644,1670.6849,485.02286,1.0,0.05945166
1702.2693,1861.3967,1419.5895,1912.9285,1.0,0.05959282
515.59076,1659.6023,389.085,1544.8993,1.0,0.10812681
1395.8578,103.40544,1422.8474,290.56677,1.0,0.14404514
1395.8434,504.40427,1359.451,649.7939,1.0,0.14752261
158.64163,451.12573,260.24683,406.70572,1.0,0.088962056
158.64163,451.12573,260.24683,406.70572,1.0,0.088962056
158.64163,451.12573,260.24683,406.70572,1.0,0.088962056
158.64163,451.12573,260.24683,406.70572,1.0,0.088962056
613.1073,1249.8928,541.0218,1193.523,1.0,0.062825784
613.1073,1249.8928,541.0218,1193.523,1.0,0.062825784
1231.5397,1048.9934,1126.4634,1111.2637,1.0,0.11884089
1430.3853,588.27856,1377.1381,730.1653,1.0,0.050994754
229.21172,82.1104,381.7243,87.3985,1.0,0.11012244
1231.348,436.1343,1223.0349,562.53503,1.0,0.11767136
1251.9149,1474.8679,1077.3911,1495.7794,1.0,0.03610579
1708.9694,673.6189,1612.9972,850.5691,1.0,0.039046668
1395.7219,1235.3408,1243.9944,1304.0189,1.0,0.077623375
229.38362,1583.5696,144.80756,1431.6586,1.0,0.062290795
229.38362,1583.5696,144.80756,1431.6586,1.0,0.062290795
1576.5767,1817.0762,1314.0829,1853.3673,1.0,0.08757896
1576.5767,1817.0762,1314.0829,1853.3673,1.0,0.08757896
1395.7219,1235.3408,1243.9944,1304.0189,1.0,0.077623375
561.1208,1502.6073,454.51486,1411.6407,1.0,0.08984529
561.1208,1502.6073,454.51486,1411.6407,1.0,0.08984529
561.1208,1502.6073,454.51486,1411.6407,1.0,0.08984529
1252.8103,2006.3706,994.33563,1971.7416,1.0,0.08148959
1714.754,990.2078,1568.232,1134.9717,1.0,0.046534576
1714.754,990.2078,1568.232,1134.9717,1.0,0.046534576
1714.9558,1593.9464,1473.1626,1675.4248,1.0,0.07051904
1714.9558,1593.9464,1473.1626,1675.4248,1.0,0.07051904
1714.9558,1593.9464,1473.1626,1675.4248,1.0,0.07051904
1367.018,1237.8191,1217.9023,1301.7058,1.0,0.07499728
1367.018,1237.8191,1217.9023,1301.7058,1.0,0.07499728
510.7889,512.7392,565.7764,517.42755,1.0,0.059245743
1253.6012,1246.202,1115.03,1291.2775,1.0,0.074733056
1716.0042,970.0784,1572.5756,1117.0754,1.0,0.049014688
1717.667,898.4383,1585.3671,1053.2511,1.0,0.043295056
509.17746,1272.2355,444.39062,1197.0388,1.0,0.065633036
509.17746,1272.2355,444.39062,1197.0388,1.0,0.065633036
657.07074,930.71185,630.79047,914.6895,1.0,0.08365204
1724.2997,464.84085,1659.7808,666.09204,1.0,0.06308476
1724.3235,63.640396,1723.168,306.89777,1.0,0.093757175
508.24908,1730.1141,371.2982,1606.8802,1.0,0.02459484
507.94836,894.8272,502.93906,859.01447,1.0,0.07429168
507.94836,894.8272,502.93906,859.01447,1.0,0.07429168
230.63698,520.3006,313.78732,479.95197,1.0,0.07048562
230.63698,520.3006,313.78732,479.95197,1.0,0.07048562
1255.3364,188.99843,1283.504,345.01254,1.0,0.12433118
1727.8958,935.23065,1588.7388,1087.7755,1.0,0.057550553
614.534,10.40967,737.9457,83.986786,1.0,0.07417366
506.81833,863.70966,506.85828,830.9819,1.0,0.09242746
1429.6503,1798.835,1185.4435,1813.8894,1.0,0.108068086
1728.9126,505.70538,1657.4116,703.34357,1.0,0.053600997
1190.8645,977.00977,1101.3313,1040.4116,1.0,0.03870245
562.17975,1001.68,534.6109,963.2111,1.0,0.071746245
1730.0701,262.04138,1696.9744,485.3738,1.0,0.09425671
1730.0701,262.04138,1696.9744,485.3738,1.0,0.09425671
1730.3755,107.83456,1721.4893,347.34912,1.0,0.07612257
1429.6503,1798.835,1185.4435,1813.8894,1.0,0.108068086
657.6509,292.57056,732.0587,343.397,1.0,0.11828741
1732.8392,16.458517,1738.2347,266.03784,1.0,0.09526198
504.90588,403.8668,577.772,418.99335,1.0,0.12651964
504.90588,403.8668,577.772,418.99335,1.0,0.12651964
944.3941,1772.5154,755.168,1713.755,1.0,0.12807782
1570.7218,194.05412,1565.0381,399.41385,1.0,0.06801525
1733.2921,374.5918,1682.0988,586.6479,1.0,0.0993684
1733.2921,374.5918,1682.0988,586.6479,1.0,0.0993684
1733.2921,374.5918,1682.0988,586.6479,1.0,0.0993684
657.99805,667.5736,673.12854,679.239,1.0,0.054681268
504.17676,1179.0538,454.65457,1112.8832,1.0,0.035324343
67.20886,1339.5232,38.18756,1187.5981,1.0,0.110222936
504.0353,1200.4486,451.16696,1131.9519,1.0,0.08754408
1230.5922,19.161575,1288.057,189.11559,1.0,0.023683218
504.0353,1200.4486,451.16696,1131.9519,1.0,0.08754408
1736.8862,348.7402,1689.3745,564.1131,1.0,0.060998555
67.343925,183.59935,220.80147,152.66673,1.0,0.13606721
1022.3974,398.08017,1041.9192,495.57697,1.0,0.09129489
943.9098,838.0091,902.1797,876.94806,1.0,0.04786067
1569.6177,758.1463,1475.0397,904.23596,1.0,0.1080676
231.94618,1472.9056,164.5693,1332.9786,1.0,0.062143594
231.94618,1472.9056,164.5693,1332.9786,1.0,0.062143594
1021.8086,1864.8645,809.8684,1808.6135,1.0,0.087745145
1021.8086,1864.8645,809.8684,1808.6135,1.0,0.087745145
1021.8086,1864.8645,809.8684,1808.6135,1.0,0.087745145
1739.2251,858.917,1610.9589,1021.2207,1.0,0.091235615
502.584,576.3251,548.3163,573.0106,1.0,0.03178672
1021.51135,813.9575,975.633,867.76855,1.0,0.23064716
1021.51135,813.9575,975.633,867.76855,1.0,0.23064716
1739.2572,519.87695,1664.4857,717.6812,1.0,0.072833866
1740.7771,1952.8763,1439.688,2000.927,1.0,0.12688532
1740.783,1577.6443,1498.8723,1664.9272,1.0,0.071271084
1568.8962,1972.2993,1282.6506,1991.16,1.0,0.034686875
1740.783,1577.6443,1498.8723,1664.9272,1.0,0.071271084
502.12015,1154.5374,456.59976,1090.3865,1.0,0.23618276
501.87766,2003.9807,322.43637,1851.0657,1.0,0.09913756
1742.7705,1341.0024,1538.0061,1453.3883,1.0,0.06630666
1747.959,1282.4332,1551.995,1401.8271,1.0,0.16557208
1749.9304,645.57587,1654.2307,831.88763,1.0,0.10828292
658.80286,877.1117,640.74603,866.9753,1.0,0.02719683
564.5996,633.59186,594.88007,634.0737,1.0,0.058742873
232.66653,85.540405,384.27112,91.15889,1.0,0.16610445
1567.2085,408.8404,1528.0571,591.1804,1.0,0.14275293
1069.002,951.2038,996.3274,998.0161,1.0,0.07945176
942.71686,645.3763,931.55316,704.3246,1.0,0.06968186
1750.5616,1258.4167,1558.0845,1380.7014,1.0,0.12952356
1751.6305,1847.7975,1465.8884,1908.5382,1.0,0.019434882
564.7828,234.87439,658.0474,277.11838,1.0,0.123086944
1752.6989,1334.1971,1548.0017,1448.8025,1.0,0.1250211
1752.9799,1024.1707,1597.1677,1171.3896,1.0,0.07322927
1566.5327,248.35732,1552.7765,447.296,1.0,0.14543661
498.26257,1414.3026,412.326,1322.5704,1.0,0.13748364
659.0907,1873.1919,483.80923,1758.7892,1.0,0.0759323
659.0907,1873.1919,483.80923,1758.7892,1.0,0.0759323
70.17379,942.89984,103.41805,832.9674,1.0,0.07331665
1753.8756,1068.3577,1590.9429,1211.0366,1.0,0.035402283
659.0907,1873.1919,483.80923,1758.7892,1.0,0.0759323
1428.1067,1077.2842,1297.9729,1167.6034,1.0,0.11514395
1040.1074,162.09767,1095.0265,287.03003,1.0,0.059828155
1753.8756,1068.3577,1590.9429,1211.0366,1.0,0.035402283
1260.527,67.86688,1307.3578,237.21017,1.0,0.31275406
1365.5774,269.05606,1369.4686,434.03183,1.0,0.13922125
565.40356,1375.883,478.38437,1298.769,1.0,0.021467224
1759.31,1556.8561,1518.7317,1649.258,1.0,0.057596624
1759.31,1556.8561,1518.7317,1649.258,1.0,0.057596624
71.123436,1152.8446,71.15015,1021.0423,1.0,0.098809965
1261.1318,883.7814,1179.085,968.05255,1.0,0.16702235
495.5603,1390.5012,413.54153,1300.9388,1.0,0.104357265
1760.4677,1757.5156,1488.1295,1828.979,1.0,0.15117909
1762.8657,685.41046,1659.5016,869.6175,1.0,0.078812174
164.91986,1513.4347,98.19144,1358.6375,1.0,0.10721392
1763.4755,174.61371,1740.6553,412.43512,1.0,0.047608204
1763.4755,174.61371,1740.6553,412.43512,1.0,0.047608204
71.40677,774.2722,131.09479,682.147,1.0,0.041970827
1565.3523,166.55305,1564.5671,373.81628,1.0,0.13782068
1763.4755,174.61371,1740.6553,412.43512,1.0,0.047608204
1427.7102,1208.0938,1276.8677,1284.604,1.0,0.07768507
1261.4961,1421.2247,1094.4858,1449.2661,1.0,0.08339976
1261.4961,1421.2247,1094.4858,1449.2661,1.0,0.08339976
1764.4987,696.4306,1659.2657,879.79767,1.0,0.12143642
1766.3016,610.6634,1674.3842,803.26526,1.0,0.081913635
1427.7102,1208.0938,1276.8677,1284.604,1.0,0.07768507
566.02,1360.6648,481.35278,1285.2252,1.0,0.041033424
492.24835,372.45746,571.353,388.94077,1.0,0.102182426
1767.8668,344.32977,1717.746,565.05237,1.0,0.016058164
1773.6685,384.50876,1716.5955,601.95844,1.0,0.004329626
941.1929,1642.7844,772.6841,1597.0665,1.0,0.025424715
659.9796,1287.2355,576.8641,1234.0903,1.0,0.29908624
1774.2603,82.10002,1764.9875,331.28888,1.0,0.121598855
1774.267,154.40121,1753.4314,396.03452,1.0,0.028989129
940.5453,1034.9165,868.102,1052.6545,1.0,0.097269535
489.73285,150.99359,604.03217,190.17719,1.0,0.06099972
489.71594,812.53815,499.57755,782.47473,1.0,0.044953883
489.71594,812.53815,499.57755,782.47473,1.0,0.044953883
1781.4211,54.72123,1775.6702,307.9577,1.0,0.07591719
566.44495,1279.6176,494.51846,1212.7079,1.0,0.052766517
940.5453,1034.9165,868.102,1052.6545,1.0,0.097269535
487.73495,1331.6492,415.86234,1246.8083,1.0,0.11492903
487.73495,1331.6492,415.86234,1246.8083,1.0,0.11492903
487.14908,1068.6666,456.86316,1011.39355,1.0,0.064077646
1786.6998,611.3535,1692.4514,807.0928,1.0,0.01029162
486.892,1104.2017,451.01035,1043.1162,1.0,0.05861486
486.892,1104.2017,451.01035,1043.1162,1.0,0.05861486
1391.8423,94.23742,1420.62,281.8555,1.0,0.06359851
1788.6929,306.36307,1742.6815,534.89716,1.0,0.6085002
1071.1571,281.63153,1104.0157,398.94678,1.0,0.120835066
1788.7327,1199.0208,1601.5393,1333.532,1.0,0.03859932
486.1958,1281.1322,422.45087,1201.4417,1.0,0.042969443
1790.4742,1064.5757,1624.3531,1213.4637,1.0,0.0653774
1790.4742,1064.5757,1624.3531,1213.4637,1.0,0.0653774
1071.4016,1582.6859,898.7137,1563.7538,1.0,0.04624858
1790.8608,88.536156,1778.7512,339.69864,1.0,0.03830441
1071.4016,1582.6859,898.7137,1563.7538,1.0,0.04624858
1790.8608,88.536156,1778.7512,339.69864,1.0,0.03830441
1264.5513,1068.9946,1152.8309,1134.3773,1.0,0.089786015
660.6291,1537.7128,538.1381,1458.6985,1.0,0.068562694
1017.9274,1259.6748,901.9228,1266.1365,1.0,0.086302415
1071.4016,1582.6859,898.7137,1563.7538,1.0,0.04624858
1794.4329,878.0704,1657.3357,1047.079,1.0,0.06856832
1794.7126,1096.8452,1623.0544,1243.0056,1.0,0.06722628
1794.7126,1096.8452,1623.0544,1243.0056,1.0,0.06722628
1794.9874,975.60693,1642.4196,1134.5107,1.0,0.04704714
1794.9874,975.60693,1642.4196,1134.5107,1.0,0.04704714
567.35675,2002.1694,381.247,1859.7408,1.0,0.04300272
1796.7683,1596.3687,1546.0344,1690.5083,1.0,0.07752426
1796.7683,1596.3687,1546.0344,1690.5083,1.0,0.07752426
938.8272,1055.5568,863.3102,1070.9169,1.0,0.065591104
483.97528,864.0337,486.2835,827.6294,1.0,0.04606153
483.6168,398.58524,559.5834,410.88535,1.0,0.16535929
167.43474,1330.9619,129.1511,1195.7188,1.0,0.017393205
482.9269,1684.452,355.85565,1562.0139,1.0,0.043375045
482.03094,1457.894,390.81772,1358.992,1.0,0.060705047
167.60486,888.61694,199.23178,799.79297,1.0,0.10479058
481.94388,1595.1172,369.02628,1481.8314,1.0,0.04407948
167.66049,832.29974,208.17618,749.2695,1.0,0.108891
1806.1686,303.4323,1758.6267,534.49725,1.0,0.13235272
1807.335,1004.8675,1648.8418,1162.7198,1.0,0.06412364
1071.8453,209.47615,1115.9602,334.41788,1.0,0.072717875
167.79883,1591.2914,88.43083,1428.8982,1.0,0.056517705
481.12314,984.18896,464.77008,934.8015,1.0,0.028757406
1808.3309,365.31223,1750.6846,590.2936,1.0,0.05712708
1267.1432,936.4023,1176.0411,1016.08905,1.0,0.047340978
1809.6472,499.94992,1730.5991,710.93945,1.0,0.049719945
618.6506,731.5917,627.6671,730.374,1.0,0.07797274
1811.1143,1790.1957,1528.306,1866.33,1.0,0.08954679
1812.5343,1736.1093,1538.1383,1818.083,1.0,0.12962723
236.91293,1309.7676,194.7502,1187.7461,1.0,0.045420162
1813.6154,1278.6279,1611.2831,1408.6842,1.0,0.09360318
1813.6154,1278.6279,1611.2831,1408.6842,1.0,0.09360318
1814.9818,1698.0623,1546.2974,1784.4863,1.0,0.0725112
1816.6107,1675.2385,1551.2488,1764.2997,1.0,0.038095523
477.03397,907.45386,473.2302,865.4017,1.0,0.05849
477.03397,907.45386,473.2302,865.4017,1.0,0.05849
936.87744,32.282944,1023.242,154.44096,1.0,0.21613668
936.87744,32.282944,1023.242,154.44096,1.0,0.21613668
1817.2693,1294.9464,1611.9774,1423.9115,1.0,0.07111201
1821.846,756.2989,1701.0944,942.3634,1.0,0.07682501
475.01486,768.9864,493.26556,741.0436,1.0,0.12059077
475.01486,768.9864,493.26556,741.0436,1.0,0.12059077
474.93484,722.9327,500.5294,699.9161,1.0,0.084739074
474.93484,722.9327,500.5294,699.9161,1.0,0.084739074
1558.9249,245.78455,1546.2753,443.8311,1.0,0.042853385
568.598,1203.0453,508.58994,1144.4796,1.0,0.101908244
1823.131,1585.5972,1571.5675,1684.8882,1.0,0.34625772
1823.9828,879.4959,1683.5425,1053.0688,1.0,0.04225555
1824.7343,282.62598,1778.4885,518.76575,1.0,0.09570694
1825.1116,616.9129,1726.0294,818.109,1.0,0.071157806
1825.1116,616.9129,1726.0294,818.109,1.0,0.071157806
1826.0575,1004.78796,1665.6058,1165.5265,1.0,0.03219626
1826.0575,1004.78796,1665.6058,1165.5265,1.0,0.03219626
473.4778,1558.0038,367.45407,1447.3219,1.0,0.14020382
1828.2367,1325.4835,1616.9514,1452.991,1.0,0.045242164
1390.6061,138.02539,1412.4343,320.75027,1.0,0.14150245
1828.2367,1325.4835,1616.9514,1452.991,1.0,0.045242164
473.1473,341.01202,559.1399,357.69962,1.0,0.012390287
1831.1598,494.87125,1750.6897,709.82825,1.0,0.042936355
1831.2638,1789.7292,1546.3998,1869.0818,1.0,0.074881755
1832.139,1201.5663,1640.0408,1342.661,1.0,0.079349175
1270.3463,2000.3958,1010.91174,1969.1232,1.0,0.05001979
471.56525,249.9719,572.0429,276.0084,1.0,0.0715953
471.56525,249.9719,572.0429,276.0084,1.0,0.0715953
1833.7446,806.78754,1703.7454,989.5302,1.0,0.04062159
471.2898,800.787,485.02335,769.0015,1.0,0.13920955
1014.11145,45.172157,1090.1718,178.19475,1.0,0.058263693
1835.5184,1798.2734,1548.7343,1877.5426,1.0,0.12287455
1557.3256,1644.1287,1324.1252,1695.4431,1.0,0.09398066
1204.4176,80.7882,1254.9979,240.12347,1.0,0.106797926
1014.11145,45.172157,1090.1718,178.19475,1.0,0.058263693
935.80005,951.7826,876.9284,977.5467,1.0,0.012395548
78.93125,977.85785,105.72147,865.5982,1.0,0.064911895
1835.5184,1798.2734,1548.7343,1877.5426,1.0,0.12287455
1556.9471,1999.8729,1267.6256,2013.8844,1.0,0.084564425
1556.9471,1999.8729,1267.6256,2013.8844,1.0,0.084564425
569.1481,1234.6405,504.10922,1172.8998,1.0,0.09747347
1836.186,1922.8701,1529.5228,1989.1724,1.0,0.21491344
1836.186,1922.8701,1529.5228,1989.1724,1.0,0.21491344
469.85736,258.2608,569.3372,283.24304,1.0,0.16076954
1838.6353,835.86145,1703.5958,1016.2714,1.0,0.0892391
1227.6184,1995.6294,973.45074,1958.1897,1.0,0.062327772
468.99152,1415.8004,385.81836,1319.303,1.0,0.073059015
662.8372,1165.8079,598.85114,1126.0278,1.0,0.10738464
1271.49,729.99396,1212.529,831.966,1.0,0.06292603
1839.5995,1182.095,1649.794,1326.4531,1.0,0.081418335
239.72816,133.11543,382.97327,134.72316,1.0,0.015205205
239.72816,133.11543,382.97327,134.72316,1.0,0.015205205
621.23553,1933.7932,440.31924,1807.0465,1.0,0.05094349
1839.5995,1182.095,1649.794,1326.4531,1.0,0.081418335
468.40247,1434.1548,382.39795,1335.6483,1.0,0.07852837
1555.577,1952.5577,1273.8623,1971.3083,1.0,0.08022704
934.7143,415.03992,960.72186,496.8132,1.0,0.05574712
1425.0825,55.30474,1456.4585,251.9661,1.0,0.23291944
80.55887,1556.3298,15.908651,1383.7793,1.0,0.10272583
1840.8798,490.92932,1760.0042,707.7953,1.0,0.056613915
663.19635,1777.5857,502.53436,1673.9386,1.0,0.09637666
663.19635,1777.5857,502.53436,1673.9386,1.0,0.09637666
1042.4677,1580.8839,873.15344,1557.6187,1.0,0.04604009
80.90407,1420.9506,37.533283,1262.6237,1.0,0.049006175
80.90407,1420.9506,37.533283,1262.6237,1.0,0.049006175
1555.4219,163.72676,1556.1124,369.82883,1.0,0.05366712
1840.8798,490.92932,1760.0042,707.7953,1.0,0.056613915
1042.4677,1580.8839,873.15344,1557.6187,1.0,0.04604009
1188.3486,1770.4465,973.8275,1750.3254,1.0,0.05188322
1842.9075,117.67854,1820.8058,374.01608,1.0,0.09809643
467.14325,1277.9032,405.88815,1195.5387,1.0,0.028188217
1554.4734,616.6284,1483.807,775.13354,1.0,0.09716467
1554.4734,616.6284,1483.807,775.13354,1.0,0.09716467
1188.3486,1770.4465,973.8275,1750.3254,1.0,0.05188322
622.1323,886.5296,606.4686,869.58624,1.0,0.07526397
622.1323,886.5296,606.4686,869.58624,1.0,0.07526397
466.30173,452.51825,535.4282,456.46286,1.0,0.024687948
622.1323,886.5296,606.4686,869.58624,1.0,0.07526397
1389.1158,1757.6252,1155.6237,1770.5697,1.0,0.06989088
465.78506,1894.1302,307.41116,1747.0164,1.0,0.046348
465.78506,1894.1302,307.41116,1747.0164,1.0,0.046348
1850.4318,331.4092,1793.8882,566.4994,1.0,0.18563399
1389.1158,1757.6252,1155.6237,1770.5697,1.0,0.06989088
1852.5834,837.376,1715.787,1019.8162,1.0,0.048642416
464.1223,1666.0829,341.9406,1542.5698,1.0,0.06868383
464.1223,1666.0829,341.9406,1542.5698,1.0,0.06868383
1362.3945,152.63681,1385.0287,329.43433,1.0,0.032038413
1854.8749,1005.7051,1691.3292,1170.9048,1.0,0.09237505
1011.0551,1470.9941,862.37634,1454.2089,1.0,0.080849744
172.88252,1993.9121,29.413671,1790.1003,1.0,0.03485124
1857.428,96.79542,1837.0254,357.58453,1.0,0.021522855
83.051575,382.76367,203.34827,333.5219,1.0,0.050651796
1226.1017,29.224508,1282.5294,197.42172,1.0,0.07179759
663.89496,1551.4497,538.90894,1471.4841,1.0,0.08560787
1859.1866,1866.7346,1559.2495,1942.4661,1.0,0.07515666
461.9533,840.94806,470.25443,803.5101,1.0,0.06413457
461.9533,840.94806,470.25443,803.5101,1.0,0.06413457
1860.0867,366.38522,1796.9127,599.24585,1.0,0.1518621
1552.2086,1098.4672,1405.6787,1206.1881,1.0,0.05529785
1860.2406,1269.2389,1654.7656,1410.6761,1.0,2.9909291
1226.1017,29.224508,1282.5294,197.42172,1.0,0.07179759
1552.2086,1098.4672,1405.6787,1206.1881,1.0,0.05529785
1388.7985,183.63281,1403.7678,361.43048,1.0,0.07551966
1860.2406,1269.2389,1654.7656,1410.6761,1.0,2.9909291
461.48773,344.48578,548.2487,358.95358,1.0,0.104093574
1188.0651,233.79471,1216.1788,374.57703,1.0,0.06695471
1863.0637,1022.1985,1695.9834,1186.9763,1.0,0.017942674
1863.0637,1022.1985,1695.9834,1186.9763,1.0,0.017942674
1388.7985,183.63281,1403.7678,361.43048,1.0,0.07551966
1864.9169,1070.3243,1690.0989,1230.2928,1.0,0.09603304
173.66983,356.9432,288.54987,324.67963,1.0,0.0492917
1074.3129,1965.6542,840.90173,1907.1406,1.0,0.031133913
459.08182,370.8786,541.91486,382.2341,1.0,0.08727833
242.04918,866.2168,269.32068,791.40875,1.0,0.026829934
459.08182,370.8786,541.91486,382.2341,1.0,0.08727833
459.04977,339.93558,546.70886,354.46188,1.0,0.06497435
84.62067,1115.6362,89.1062,989.86017,1.0,0.097543865
1867.6573,1147.9131,1680.3054,1300.263,1.0,0.07339025
1867.8104,1128.8102,1683.4543,1283.1597,1.0,0.07066395
458.524,582.93823,507.9232,571.9691,1.0,0.07531484
458.524,582.93823,507.9232,571.9691,1.0,0.07531484
1423.831,271.8789,1421.2139,445.98007,1.0,0.09353663
242.2553,85.944435,392.83682,92.900406,1.0,0.14927372
242.2553,85.944435,392.83682,92.900406,1.0,0.14927372
1868.2799,237.86543,1824.452,485.59818,1.0,0.006165759
932.5986,33.363087,1019.0604,154.81984,1.0,0.024382118
932.5986,33.363087,1019.0604,154.81984,1.0,0.024382118
1550.3566,405.393,1513.4583,585.4224,1.0,0.085764386
1550.3566,405.393,1513.4583,585.4224,1.0,0.085764386
1870.7764,788.2989,1739.8243,978.75275,1.0,0.048013877
1873.1907,1760.7661,1588.5281,1849.7965,1.0,0.087925375
1276.718,1696.7847,1064.6691,1698.33,1.0,0.14164744
1276.718,1696.7847,1064.6691,1698.33,1.0,0.14164744
1276.7877,344.0488,1278.2537,487.31326,1.0,0.11670683
1549.8414,213.69958,1543.2777,413.63104,1.0,0.12335575
1276.9703,194.11957,1302.0146,353.08704,1.0,0.044897914
1549.8414,213.69958,1543.2777,413.63104,1.0,0.12335575
1874.9557,1919.6565,1564.9973,1992.302,1.0,0.066601634
1276.9703,194.11957,1302.0146,353.08704,1.0,0.044897914
1878.5253,1708.7327,1601.5502,1804.0806,1.0,0.12159882
454.56973,618.42236,498.73688,603.0981,1.0,0.048059326
242.98392,1983.8271,93.78846,1792.1421,1.0,0.053900275
1879.2455,1638.4313,1613.2272,1741.2205,1.0,0.055660985
453.92654,1676.135,331.27945,1549.9169,1.0,0.13601989
86.54009,1393.6849,46.88458,1239.1683,1.0,0.070237435
243.01282,1755.9536,129.81874,1588.1298,1.0,0.0863054
1881.1772,828.5463,1742.815,1016.44415,1.0,0.06564277
1881.1772,828.5463,1742.815,1016.44415,1.0,0.06564277
453.12338,1057.4983,428.1614,995.9854,1.0,0.06263364
452.09827,539.719,508.9897,532.30286,1.0,0.069636405
452.09827,539.719,508.9897,532.30286,1.0,0.069636405
1075.0269,968.54834,999.0051,1014.51874,1.0,0.08780626
1886.3773,173.99883,1850.7432,431.22726,1.0,0.055900507
1008.35925,1804.0131,807.35974,1751.9839,1.0,0.017395448
1886.5416,1658.4832,1616.5969,1760.3563,1.0,0.060142398
1361.7512,233.10391,1371.797,401.32303,1.0,0.09668543
665.24133,1274.54,583.83075,1223.7708,1.0,0.09261528
450.50314,690.3388,483.83176,666.8491,1.0,0.11945745
449.96698,1097.7628,418.94922,1031.5593,1.0,0.029435148
1890.7493,1178.0642,1696.1421,1330.893,1.0,0.0045576547
87.6731,694.96204,158.22328,613.74744,1.0,0.0708137
1891.7897,1882.6656,1585.9868,1961.8624,1.0,0.1387548
449.1742,1036.6597,427.9214,976.7377,1.0,0.066312306
930.8703,241.02888,984.7568,340.4079,1.0,0.06739396
1892.1106,1693.4156,1616.0907,1792.5337,1.0,0.09027469
1892.1106,1693.4156,1616.0907,1792.5337,1.0,0.09027469
220.40459,868.32245,249.67963,789.90894,1.0,0.06255773
1892.8033,1067.6995,1715.5063,1232.4016,1.0,0.098688774
1422.7327,1133.1274,1284.3298,1216.7568,1.0,0.09785631
624.8173,320.12985,698.2132,362.93805,1.0,0.021201285
176.38477,1025.679,185.43596,923.7992,1.0,0.076597385
88.29038,126.46639,248.42311,104.86476,1.0,0.02930392
88.29038,126.46639,248.42311,104.86476,1.0,0.02930392
1894.9462,1043.6129,1721.191,1211.288,1.0,0.12173715
447.9047,18.52439,587.47174,64.97441,1.0,0.04448994
447.9047,18.52439,587.47174,64.97441,1.0,0.04448994
244.3193,1060.7426,240.69307,965.9157,1.0,0.052269656
625.07,305.572,700.8052,349.94168,1.0,0.066385746
625.07,305.572,700.8052,349.94168,1.0,0.066385746
1897.0448,9.798813,1886.2761,285.89316,1.0,0.096955344
1897.6129,306.224,1839.9796,551.41797,1.0,0.060180787
1898.3574,259.8082,1847.9857,509.98975,1.0,0.07023649
1361.4648,1117.8435,1231.9004,1193.3802,1.0,0.113534905
446.6274,1396.9023,368.7069,1298.8313,1.0,0.010509396
1361.4648,1117.8435,1231.9004,1193.3802,1.0,0.113534905
1899.0863,1546.2155,1645.5586,1661.8362,1.0,0.071405396
89.04059,738.0655,152.59541,652.5239,1.0,0.034099653
1546.0082,204.02823,1541.2566,404.3296,1.0,0.107410535
1387.3441,100.94478,1415.5757,287.0127,1.0,0.1196205
245.28772,1923.165,105.42154,1738.1667,1.0,0.06352949
930.03455,1436.2583,795.3002,1410.3304,1.0,0.061302666
1903.4419,1210.728,1702.4489,1362.124,1.0,0.09630922
1903.4564,1240.063,1697.8684,1388.3989,1.0,0.13268723
625.50604,1099.1266,575.9545,1060.4824,1.0,0.0933285
1905.7698,417.55606,1829.6802,652.3989,1.0,0.030779395
625.6485,410.9674,684.6283,444.45038,1.0,0.03597752
929.8072,1233.5529,827.0526,1228.9313,1.0,0.06154402
1006.3652,218.97612,1055.7837,332.59488,1.0,0.034976926
444.19366,1474.9143,354.29947,1368.1943,1.0,0.13638929
1908.5206,1454.0085,1668.5396,1580.731,1.0,0.04593803
1908.9269,1559.531,1652.1896,1675.3535,1.0,0.07312868
929.8072,1233.5529,827.0526,1228.9313,1.0,0.06154402
442.8652,1234.617,391.01462,1152.9792,1.0,0.06092722
1911.6908,747.7708,1782.9009,948.9304,1.0,0.086079046
1911.6908,747.7708,1782.9009,948.9304,1.0,0.086079046
1911.6908,747.7708,1782.9009,948.9304,1.0,0.086079046
1912.5984,1855.4128,1608.8851,1940.6854,1.0,0.12758748
1914.0406,1477.1927,1669.8601,1602.3992,1.0,0.08635998
1284.8014,1073.2672,1170.3134,1141.4634,1.0,0.12632154
1914.5913,95.72737,1888.3845,365.58124,1.0,0.08698348
1543.1018,1297.0653,1366.1787,1382.5328,1.0,0.062393095
1543.1018,1297.0653,1366.1787,1382.5328,1.0,0.062393095
1421.6625,1481.007,1228.4329,1528.0597,1.0,0.0732426
1542.8285,811.5932,1442.5801,947.9061,1.0,0.07485621
1045.1857,177.23352,1097.2247,301.33746,1.0,0.11223382
1005.2463,1816.7732,802.6244,1762.8696,1.0,0.09797367
1542.8285,811.5932,1442.5801,947.9061,1.0,0.07485621
1542.8285,811.5932,1442.5801,947.9061,1.0,0.07485621
928.12573,1104.0603,846.0875,1112.663,1.0,0.07694703
178.76671,406.9717,285.1857,370.24832,1.0,0.046444606
1542.4768,1399.524,1349.4379,1474.1946,1.0,0.05412232
1542.4768,1399.524,1349.4379,1474.1946,1.0,0.05412232
1919.4233,626.8693,1808.9011,841.943,1.0,0.07047275
438.10452,1518.2255,341.98434,1406.1318,1.0,0.062070332
178.8863,507.4311,269.51044,460.22357,1.0,0.09622952
438.10452,1518.2255,341.98434,1406.1318,1.0,0.062070332
1004.7864,1747.3716,813.19446,1700.7473,1.0,0.10735487
1919.7047,188.78828,1878.3214,449.79745,1.0,0.08351842
1004.7864,1747.3716,813.19446,1700.7473,1.0,0.10735487
437.7739,1598.7968,329.01932,1478.2322,1.0,0.115469515
437.7739,1598.7968,329.01932,1478.2322,1.0,0.115469515
1045.3485,2026.144,805.4374,1956.6678,1.0,0.05448635
1045.3485,2026.144,805.4374,1956.6678,1.0,0.05448635
1920.6527,1923.3143,1605.3765,2002.8093,1.0,0.105068155
1921.3488,127.154106,1889.4746,394.8365,1.0,0.043964136
1921.3488,127.154106,1889.4746,394.8365,1.0,0.043964136
436.7036,442.00186,510.65268,442.32825,1.0,0.09775985
1923.5696,295.5847,1864.9087,545.9359,1.0,0.0991538
1186.7753,722.4552,1137.9073,811.8326,1.0,0.09635671
1923.5696,295.5847,1864.9087,545.9359,1.0,0.0991538
1925.794,1477.7056,1680.2739,1604.677,1.0,0.055423282
927.44495,1844.0697,728.6475,1775.125,1.0,0.076239236
1926.4017,1715.5647,1643.322,1817.7026,1.0,0.11187503
1926.4017,1715.5647,1643.322,1817.7026,1.0,0.11187503
435.35312,706.5477,467.63635,678.9093,1.0,0.101202935
434.90375,865.5749,442.13602,821.2202,1.0,0.096955135
93.88885,515.0195,192.17749,453.6574,1.0,0.062544554
1929.4103,1742.6327,1641.689,1842.4159,1.0,0.059943486
1538.9818,1962.4552,1257.4545,1977.5251,1.0,0.10681327
627.1888,1338.228,539.6026,1274.7319,1.0,0.08614275
433.44565,1130.1649,399.06308,1057.9683,1.0,0.05077627
433.44565,1130.1649,399.06308,1057.9683,1.0,0.05077627
1932.7616,315.20557,1870.0315,564.9788,1.0,0.075164415
1933.6282,1818.9275,1633.3113,1911.9058,1.0,0.4957303
1933.6282,1818.9275,1633.3113,1911.9058,1.0,0.4957303
1933.657,1185.1074,1733.5029,1343.9819,1.0,0.05470398
247.52356,1086.8972,239.45105,989.89307,1.0,0.063753724
1287.2922,430.31558,1273.9943,566.2269,1.0,0.0809029
576.9936,543.98254,620.13464,555.85284,1.0,0.0768522
576.9936,543.98254,620.13464,555.85284,1.0,0.0768522
1287.3566,20.011402,1339.0472,198.49242,1.0,0.46898144
1076.8884,1178.3866,967.53,1202.7554,1.0,0.08511549
180.50854,1493.9691,115.191765,1343.7053,1.0,0.06483862
1076.8884,1178.3866,967.53,1202.7554,1.0,0.08511549
431.91193,1591.8246,324.75244,1471.1198,1.0,0.09158009
1935.9379,1207.3816,1732.014,1364.2473,1.0,0.046755478
1538.1161,1940.5371,1260.1616,1957.8445,1.0,0.086107
1538.1161,1940.5371,1260.1616,1957.8445,1.0,0.086107
1936.0398,220.488,1888.05,480.7839,1.0,0.19505265
1936.0398,220.488,1888.05,480.7839,1.0,0.19505265
1287.6151,219.15688,1307.5889,377.11282,1.0,0.087427594
1287.6151,219.15688,1307.5889,377.11282,1.0,0.087427594
1537.8306,164.95247,1540.1804,368.13403,1.0,0.068579756
627.6311,1872.0735,455.78116,1752.7986,1.0,0.045756273
95.73959,70.093544,264.09042,55.539818,1.0,0.0858468
1940.7642,289.5677,1881.3309,543.31506,1.0,0.14841807
668.0712,306.38434,739.2051,357.42703,1.0,0.106610514
1003.4096,1245.9471,891.06146,1251.5801,1.0,0.049005568
1942.3082,956.90594,1777.3092,1141.0265,1.0,0.09057222
1944.0553,256.057,1889.4799,513.8546,1.0,0.05947108
428.11478,493.77344,494.87567,487.37216,1.0,0.17264688
96.08632,867.9479,138.39134,769.90424,1.0,0.040859997
96.08632,867.9479,138.39134,769.90424,1.0,0.040859997
1535.8967,566.17706,1475.0974,727.0507,1.0,0.05119278
428.11478,493.77344,494.87567,487.37216,1.0,0.17264688
924.5123,1332.0293,806.84924,1316.1732,1.0,0.06666562
924.5123,1332.0293,806.84924,1316.1732,1.0,0.06666562
428.10834,803.95215,445.73096,765.0437,1.0,0.01833657
1420.0634,1747.3617,1184.9429,1766.2223,1.0,0.07797962
1288.6315,246.38373,1304.0929,401.79706,1.0,0.09738729
1288.6315,246.38373,1304.0929,401.79706,1.0,0.09738729
1944.6786,105.92887,1913.738,379.5102,1.0,0.069345616
1945.8417,1761.0215,1653.4596,1861.4893,1.0,0.01938575
1947.8416,1867.4929,1638.5323,1957.0807,1.0,0.12045068
1948.1168,28.68959,1929.0527,310.93002,1.0,0.10372724
96.71252,934.6359,128.44666,829.72675,1.0,0.041288897
425.807,869.10364,433.47803,823.0151,1.0,0.0922141
628.26465,1651.626,491.08505,1555.4901,1.0,0.07910609
1951.5486,137.72313,1914.9396,409.0852,1.0,0.13041729
578.1648,770.2003,585.4806,758.4896,1.0,0.089149155
1951.7632,581.39856,1845.0387,806.30634,1.0,0.08431165
1201.4379,1790.1285,982.43054,1770.0154,1.0,0.043748584
1951.7632,581.39856,1845.0387,806.30634,1.0,0.08431165
1952.2385,896.42285,1795.6995,1088.4698,1.0,0.046083283
424.82877,633.14294,469.83487,611.5795,1.0,0.08611801
424.7774,1638.6617,311.08466,1511.8119,1.0,0.10618147
1953.9398,320.07404,1888.2104,572.7167,1.0,0.047535572
1954.754,1624.04,1683.1633,1740.3135,1.0,0.12508497
1954.9225,603.16754,1844.4114,826.3104,1.0,0.060489383
1046.7311,806.55084,999.2342,865.02094,1.0,0.07616371
1534.884,1022.0268,1402.2288,1135.0111,1.0,0.049029127
423.88113,1235.4363,373.77945,1151.4543,1.0,0.762465
628.7125,1538.9286,509.35376,1454.7465,1.0,0.050262332
1290.5747,943.13477,1195.979,1025.7778,1.0,0.08181371
628.7125,1538.9286,509.35376,1454.7465,1.0,0.050262332
1957.075,1725.8278,1669.035,1831.8165,1.0,0.05617158
1957.075,1725.8278,1669.035,1831.8165,1.0,0.05617158
1957.6085,161.94751,1916.4064,431.64847,1.0,0.08976238
248.96542,645.2091,310.46277,594.6027,1.0,0.08095571
98.12015,166.85481,250.91502,142.62115,1.0,0.05236308
248.9851,1534.7045,170.08313,1390.9166,1.0,0.1219128
248.98627,1713.5674,141.81497,1551.1517,1.0,0.041515585
1533.3943,1656.9617,1300.6754,1703.2042,1.0,0.06519355
1533.3943,1656.9617,1300.6754,1703.2042,1.0,0.06519355
668.9605,76.62666,776.25415,151.88109,1.0,0.08628136
1960.9912,1209.0416,1754.1802,1369.7068,1.0,0.03823218
1961.1938,259.15573,1904.3588,519.3069,1.0,0.0877465
249.04874,1699.1293,144.16411,1538.1951,1.0,0.06477502
1961.3281,280.41965,1901.1014,538.40295,1.0,0.064102866
1961.3281,280.41965,1901.1014,538.40295,1.0,0.064102866
1961.3281,280.41965,1901.1014,538.40295,1.0,0.064102866
1078.18,1950.7163,846.71497,1894.3704,1.0,0.021111548
1961.7773,610.00073,1849.468,833.522,1.0,0.05614385
1961.7773,610.00073,1849.468,833.522,1.0,0.05614385
578.98236,383.82495,647.16925,412.73087,1.0,0.044116694
579.00195,1666.1387,444.84055,1560.8109,1.0,0.12677512
1964.7831,1080.6484,1777.8671,1255.3396,1.0,0.066265404
579.1443,1718.6266,436.64365,1607.7595,1.0,0.091440976
1965.3672,243.11194,1910.569,505.51514,1.0,0.11538664
1965.6791,1672.8304,1685.1335,1785.6476,1.0,0.028880918
1292.012,1196.1039,1157.2896,1252.468,1.0,0.06365519
1292.012,1196.1039,1157.2896,1252.468,1.0,0.06365519
1969.1716,603.9031,1857.0316,829.21954,1.0,0.04097387
1532.3267,1628.9713,1304.1415,1677.9885,1.0,0.065182
579.84155,1820.4872,421.16183,1699.0658,1.0,0.066796735
1532.1022,1523.5181,1320.612,1583.5364,1.0,0.0906154
1078.6885,115.3983,1136.9418,251.29376,1.0,0.065833606
1972.8461,1049.6091,1790.0042,1228.8578,1.0,0.080194995
1973.326,810.85425,1828.1097,1015.0319,1.0,0.15499456
99.98454,1547.1583,34.69612,1378.6218,1.0,0.05433556
1974.0929,1874.1385,1660.9347,1967.2334,1.0,0.055869542
1974.6292,892.32654,1816.4474,1088.295,1.0,0.10036801
1293.3505,1530.1046,1105.8379,1551.7351,1.0,0.107058376
100.13651,1295.3197,74.57355,1153.1677,1.0,0.048047893
1293.3505,1530.1046,1105.8379,1551.7351,1.0,0.107058376
1293.3505,1530.1046,1105.8379,1551.7351,1.0,0.107058376
1222.1553,866.4097,1146.8666,946.3257,1.0,0.10014796
416.31534,24.99989,558.1728,65.70927,1.0,0.1153669
998.9458,1253.7313,885.90765,1257.8282,1.0,0.12219976
1976.0277,634.13367,1858.5996,857.0259,1.0,0.4309727
580.4594,405.00534,645.1702,431.9444,1.0,0.062873796
1978.3989,537.4421,1875.8301,771.13745,1.0,0.09940242
1978.3989,537.4421,1875.8301,771.13745,1.0,0.09940242
1979.0706,150.16757,1937.5183,424.53903,1.0,0.052914217
1979.844,549.63055,1875.1439,782.2974,1.0,0.044604506
1047.9178,1143.2834,947.13855,1166.681,1.0,0.074468516
413.5555,987.9255,403.71173,927.42334,1.0,0.0706664
629.8957,910.45575,609.6227,892.2501,1.0,0.050425828
413.5555,987.9255,403.71173,927.42334,1.0,0.0706664
101.38092,1360.0145,65.47307,1211.3245,1.0,0.03578753
101.38092,1360.0145,65.47307,1211.3245,1.0,0.03578753
1980.929,338.02505,1909.5367,593.1244,1.0,0.079359315
412.68692,1388.6816,339.74173,1286.123,1.0,0.12283713
412.68692,1388.6816,339.74173,1286.123,1.0,0.12283713
1079.699,527.3831,1072.7794,620.32587,1.0,0.03313287
250.85806,912.71387,269.89597,834.4254,1.0,0.035345428
250.85806,912.71387,269.89597,834.4254,1.0,0.035345428
1985.711,346.54373,1912.4791,601.4224,1.0,0.052504428
1528.9124,2008.1893,1241.2148,2016.9675,1.0,0.058606464
580.6244,998.1978,551.6553,963.0299,1.0,0.044664267
1986.6581,485.38397,1891.4393,725.9041,1.0,0.080807805
997.6115,816.62146,955.0217,866.05505,1.0,1.4472957
1079.699,527.3831,1072.7794,620.32587,1.0,0.03313287
630.54333,1038.8262,590.00635,1007.2822,1.0,0.11699419
630.54333,1038.8262,590.00635,1007.2822,1.0,0.11699419
1989.548,606.5036,1874.8811,834.73193,1.0,0.07406975
1990.2227,1772.3206,1691.2979,1878.3887,1.0,0.2510972
1079.699,527.3831,1072.7794,620.32587,1.0,0.03313287
1200.2843,888.4625,1123.8,962.56244,1.0,0.11141549
1200.2843,888.4625,1123.8,962.56244,1.0,0.11141549
410.1867,903.95703,413.964,851.80756,1.0,0.076616794
186.28503,1696.2396,88.473175,1525.7295,1.0,0.09909818
186.28503,1696.2396,88.473175,1525.7295,1.0,0.09909818
581.42145,1011.3863,550.3178,974.9648,1.0,0.07451135
581.42145,1011.3863,550.3178,974.9648,1.0,0.07451135
1525.8312,86.2599,1541.831,295.79526,1.0,0.039326586
409.91013,1016.0357,396.01276,952.0431,1.0,0.056949694
670.7355,1045.8167,624.8118,1019.86255,1.0,0.05619187
670.7355,1045.8167,624.8118,1019.86255,1.0,0.05619187
581.6669,683.13995,602.3285,681.1503,1.0,0.047732536
409.6444,1583.011,306.24475,1459.6272,1.0,0.027333122
581.6669,683.13995,602.3285,681.1503,1.0,0.047732536
1993.1519,736.8963,1857.4716,952.06433,1.0,0.024888577
1993.1519,736.8963,1857.4716,952.06433,1.0,0.024888577
1993.9413,939.1381,1826.2517,1133.2389,1.0,0.037892167
1994.0519,1435.6691,1748.2023,1577.8418,1.0,0.2373256
1995.1482,472.3648,1901.1105,715.56915,1.0,0.09463845
1525.0541,1642.3218,1295.5253,1688.7719,1.0,0.07371672
1525.0541,1642.3218,1295.5253,1688.7719,1.0,0.07371672
630.94806,1947.0815,446.9987,1820.4932,1.0,0.12556203
1995.9962,259.14633,1935.4229,524.8101,1.0,0.0140910605
1995.9962,259.14633,1935.4229,524.8101,1.0,0.0140910605
1995.9962,259.14633,1935.4229,524.8101,1.0,0.0140910605
1997.1884,10.832207,1975.7676,302.6734,1.0,0.0701981
1297.0294,981.82214,1195.5781,1061.349,1.0,0.12600021
104.52929,1116.0511,106.81198,993.3373,1.0,0.07334817
1297.0294,981.82214,1195.5781,1061.349,1.0,0.12600021
582.0398,788.9437,585.98114,775.90894,1.0,0.07015627
582.0398,788.9437,585.98114,775.90894,1.0,0.07015627
582.0422,2016.9473,392.11243,1875.3179,1.0,0.054371912
582.0422,2016.9473,392.11243,1875.3179,1.0,0.054371912
1200.2709,1692.1853,996.8277,1682.151,1.0,0.026431818
1997.99,308.037,1929.5077,568.8894,1.0,0.015740918
406.17352,784.81366,429.20517,744.42206,1.0,0.09953401
187.31229,1652.1002,96.34413,1486.3246,1.0,0.09884336
2001.4169,787.5223,1856.9607,998.70404,1.0,0.08505956
2001.4169,787.5223,1856.9607,998.70404,1.0,0.08505956
631.4129,723.516,640.4954,725.09076,1.0,0.073288
1523.5771,312.94562,1504.0083,498.43634,1.0,0.032844756
631.4129,723.516,640.4954,725.09076,1.0,0.073288
582.2696,844.44727,577.45544,825.5854,1.0,0.119434014
1523.5771,312.94562,1504.0083,498.43634,1.0,0.032844756
2001.8032,564.7192,1892.4559,799.279,1.0,0.067649536
1048.7052,1036.1812,964.76624,1070.8961,1.0,0.09734189
404.14682,957.6523,400.1282,898.87476,1.0,0.11229185
917.7384,1693.9507,743.6372,1639.1586,1.0,0.046521604
2004.489,287.40765,1938.6794,551.4219,1.0,0.11009768
2004.5569,65.9482,1973.682,353.12842,1.0,0.1132357
995.0782,1058.5809,913.16345,1082.4415,1.0,0.09275948
2006.6324,1733.9521,1712.1768,1846.8486,1.0,0.037912216
1522.5573,1960.1882,1243.0953,1972.9664,1.0,0.055764224
2010.3169,548.5632,1902.6147,786.09766,1.0,0.10199586
402.07306,761.41254,429.24454,722.80286,1.0,0.124035425
402.07306,761.41254,429.24454,722.80286,1.0,0.124035425
1522.5573,1960.1882,1243.0953,1972.9664,1.0,0.055764224
402.07306,761.41254,429.24454,722.80286,1.0,0.124035425
2010.6364,1930.4271,1684.7869,2023.3354,1.0,0.09653323
917.17584,1549.707,765.8744,1509.9396,1.0,0.021075873
2012.153,256.9564,1950.2223,525.2997,1.0,0.11084536
400.73685,410.41373,483.4323,408.3978,1.0,0.08237752
2013.8215,1231.5931,1797.9152,1398.2107,1.0,0.048084702
2013.8215,1231.5931,1797.9152,1398.2107,1.0,0.048084702
993.919,142.11441,1056.8069,261.85718,1.0,0.037461866
400.53665,1407.956,325.72546,1301.4172,1.0,0.052285757
993.919,142.11441,1056.8069,261.85718,1.0,0.037461866
1049.5634,187.7891,1099.413,311.5488,1.0,0.041895732
399.93622,259.06815,506.56213,272.7645,1.0,0.044446044
107.42086,1186.2401,98.297226,1056.6831,1.0,0.021101952
107.42086,1186.2401,98.297226,1056.6831,1.0,0.021101952
2019.351,966.8375,1844.7251,1162.0758,1.0,0.09984941
2019.351,966.8375,1844.7251,1162.0758,1.0,0.09984941
1049.5634,187.7891,1099.413,311.5488,1.0,0.041895732
253.74178,495.1294,338.42673,461.04016,1.0,0.05197044
1519.9508,1062.2075,1382.5482,1168.6191,1.0,0.08166002
253.74178,495.1294,338.42673,461.04016,1.0,0.05197044
2020.3893,1524.948,1757.4916,1661.9199,1.0,0.040873326
2021.779,663.9207,1894.6898,891.1918,1.0,0.10929277
2022.1346,1893.3403,1700.9154,1992.0093,1.0,0.05714051
2022.1346,1893.3403,1700.9154,1992.0093,1.0,0.05714051
2022.3807,1843.4088,1709.0308,1947.3469,1.0,0.06991827
2022.5037,1052.3287,1833.9764,1239.042,1.0,0.08439509
672.46594,1296.4714,586.75354,1244.4915,1.0,0.08795013
1199.585,1546.1592,1019.33856,1551.3296,1.0,0.085477464
672.46594,1296.4714,586.75354,1244.4915,1.0,0.08795013
1220.6371,2035.5417,960.9577,1992.7495,1.0,0.118900195
1518.9863,338.08276,1495.9989,520.176,1.0,0.08357895
1199.585,1546.1592,1019.33856,1551.3296,1.0,0.085477464
1220.6371,2035.5417,960.9577,1992.7495,1.0,0.118900195
397.71304,1332.0546,335.07535,1233.046,1.0,0.07895577
2023.2627,454.55432,1929.0741,704.0604,1.0,0.07648901
397.48114,1866.4122,250.6464,1711.3838,1.0,0.070544444
2025.3392,1101.8019,1828.7405,1283.8677,1.0,0.059395205
2028.4249,484.50385,1928.9629,731.6652,1.0,0.07736227
2028.4249,484.50385,1928.9629,731.6652,1.0,0.07736227
2028.8016,1516.5535,1766.3652,1655.7677,1.0,0.069885656
1080.9731,425.73587,1089.9524,529.4876,1.0,0.032792695
108.77359,1401.999,65.53309,1250.006,1.0,0.12236213
395.1092,942.55676,394.39935,883.90894,1.0,0.09726884
1300.6711,647.8112,1251.6604,762.9913,1.0,0.095377564
1300.6711,647.8112,1251.6604,762.9913,1.0,0.095377564
2032.7996,160.21312,1983.9862,442.05826,1.0,0.0155609725
1516.7876,20.761442,1544.1045,235.71028,1.0,0.07449528
1199.1599,1858.8137,969.54895,1831.1544,1.0,0.040265676
1199.1599,1858.8137,969.54895,1831.1544,1.0,0.040265676
393.81415,1155.1935,359.6313,1074.0995,1.0,0.050512373
584.7203,1158.3563,530.02545,1107.14,1.0,0.07031441
109.36058,432.9847,218.98405,382.56012,1.0,0.08701049
2038.303,1482.2312,1780.4025,1626.482,1.0,0.17123093
2038.303,1482.2312,1780.4025,1626.482,1.0,0.17123093
2038.303,1482.2312,1780.4025,1626.482,1.0,0.17123093
992.12164,508.9403,997.3262,589.95154,1.0,0.078728914
992.12164,508.9403,997.3262,589.95154,1.0,0.078728914
992.12164,508.9403,997.3262,589.95154,1.0,0.078728914
1514.9246,965.0206,1393.3123,1080.8085,1.0,0.021986553
391.86597,1608.6178,286.3021,1479.7703,1.0,0.051944118
391.66122,194.2217,509.44077,213.46323,1.0,0.0924568
391.07184,602.8904,444.2885,579.1805,1.0,0.038076594
390.8026,1679.3544,274.1225,1542.8596,1.0,0.0465845
390.417,322.85587,488.11984,328.31677,1.0,0.20168409
585.4892,712.57367,601.10077,708.08044,1.0,0.0467918
390.0033,562.2984,449.84274,542.6117,1.0,0.1167523
1149.7802,451.13892,1147.5248,563.1257,1.0,0.0057816114
1149.5957,1798.8861,934.6392,1769.6481,1.0,0.064837836
755.0837,759.81464,745.51,777.0831,1.0,0.11065977
753.2204,165.96729,837.49963,245.15286,1.0,0.058273714
1302.9247,1708.7161,1086.1383,1713.1632,1.0,0.032997165
1513.0669,650.70996,1441.3013,799.12604,1.0,0.03980559
1302.9247,1708.7161,1086.1383,1713.1632,1.0,0.032997165
755.0837,759.81464,745.51,777.0831,1.0,0.11065977
755.60516,1987.6178,552.0815,1876.4844,1.0,0.011816255
753.05524,1717.287,592.5516,1634.0182,1.0,0.08766656
1184.7584,1187.5198,1062.6733,1227.9031,1.0,0.07893533
388.478,98.15306,521.6382,126.918465,1.0,0.032349553
1150.2097,1861.1844,925.38306,1825.5369,1.0,0.07447672
585.89594,1104.4529,539.58606,1058.9911,1.0,0.030133817
674.16815,751.02264,674.4533,756.41174,1.0,0.12981598
1198.7958,117.41271,1244.1914,272.0228,1.0,0.11508798
751.38403,1245.447,665.4922,1211.3003,1.0,0.065296665
991.0051,324.78592,1025.444,424.9157,1.0,0.12116593
1304.0696,1109.7317,1181.8281,1177.1255,1.0,0.13898025
1511.8606,677.8793,1435.951,823.27704,1.0,0.055587884
586.0778,1063.8405,546.16016,1022.63055,1.0,0.049988724
913.5039,899.601,865.23456,927.3114,1.0,0.0380942
635.83575,1608.0908,504.77686,1517.8115,1.0,0.031337854
760.7277,1238.4788,674.9824,1206.5562,1.0,0.06890296
635.83575,1608.0908,504.77686,1517.8115,1.0,0.031337854
193.4586,1516.1138,123.25195,1365.6105,1.0,0.02151583
913.3432,1924.2438,703.4072,1844.5786,1.0,0.1206242
1511.2845,13.036333,1540.3259,227.95462,1.0,0.011363035
586.3101,1068.2736,545.71686,1026.6307,1.0,0.089595474
762.1172,1535.779,629.3955,1472.8966,1.0,0.17983973
381.4481,659.9488,426.67783,628.72345,1.0,0.05100623
1145.8711,1090.4766,1042.9734,1134.9807,1.0,0.15560499
913.3365,21.532831,1003.69165,141.15027,1.0,0.04049056
380.805,1065.6199,362.1484,991.8159,1.0,0.085985325
748.59125,561.9518,771.0016,598.90247,1.0,0.17263584
764.0078,1535.4884,631.0126,1472.9983,1.0,0.042854548
764.0078,1535.4884,631.0126,1472.9983,1.0,0.042854548
1510.4558,1733.9927,1267.9908,1768.4506,1.0,0.13999741
764.0078,1535.4884,631.0126,1472.9983,1.0,0.042854548
764.0078,1535.4884,631.0126,1472.9983,1.0,0.042854548
1144.9734,815.27734,1085.8015,888.2945,1.0,0.0957619
764.41064,752.6582,754.98303,772.19745,1.0,0.07587574
764.41064,752.6582,754.98303,772.19745,1.0,0.07587574
674.83826,1597.721,541.30457,1514.7189,1.0,0.06399096
378.62924,1377.3984,310.9656,1270.6289,1.0,0.0591919
636.2815,736.087,642.9133,737.1615,1.0,0.09491016
636.2815,736.087,642.9133,737.1615,1.0,0.09491016
378.62924,1377.3984,310.9656,1270.6289,1.0,0.0591919
1144.0834,1377.1335,996.27545,1391.1871,1.0,0.06477302
912.9012,515.17126,925.37463,583.04486,1.0,0.030969854
766.07916,911.95337,731.3439,915.0281,1.0,0.113687135
766.07916,911.95337,731.3439,915.0281,1.0,0.113687135
1414.9846,323.689,1405.1426,490.8282,1.0,0.08456734
1414.9846,323.689,1405.1426,490.8282,1.0,0.08456734
1184.6122,1648.2626,989.8888,1640.3944,1.0,0.15947244
1144.0834,1377.1335,996.27545,1391.1871,1.0,0.06477302
747.33075,537.7769,773.56146,577.1252,1.0,0.033401623
747.30835,1684.664,592.5725,1603.8895,1.0,0.1081408
195.0293,251.53171,324.3423,233.65854,1.0,0.0842784
1507.3115,189.61221,1508.967,385.37173,1.0,0.082012996
195.0293,251.53171,324.3423,233.65854,1.0,0.0842784
587.59576,224.6927,679.9711,271.61633,1.0,0.02555444
195.0293,251.53171,324.3423,233.65854,1.0,0.0842784
747.30835,1684.664,592.5725,1603.8895,1.0,0.1081408
377.64203,1223.5641,334.40173,1132.8163,1.0,0.10515265
1144.0834,1377.1335,996.27545,1391.1871,1.0,0.06477302
1144.0085,1148.2799,1032.3422,1186.3414,1.0,0.03571073
377.42844,491.3714,449.72272,477.21112,1.0,0.01906997
1506.8256,132.52095,1517.5355,334.2013,1.0,0.06415902
766.36786,1285.9521,672.55743,1249.938,1.0,0.09119314
766.36786,1285.9521,672.55743,1249.938,1.0,0.09119314
766.65906,983.29205,720.4619,979.036,1.0,0.06399201
988.93164,605.9291,979.1961,676.3097,1.0,0.11005187
766.65906,983.29205,720.4619,979.036,1.0,0.06399201
1506.3796,942.2043,1389.3551,1058.9208,1.0,0.16312636
1506.1909,1505.7775,1300.1582,1563.5905,1.0,0.033818543
912.5877,1890.6786,707.9972,1814.5259,1.0,0.09409129
1307.2346,310.85794,1310.7031,462.35004,1.0,0.07519541
912.46405,94.99585,991.3729,206.79207,1.0,0.091446154
745.82605,278.06262,813.2823,344.36703,1.0,0.091952756
1505.7108,1399.2996,1316.5653,1468.1654,1.0,0.061504666
1505.7108,1399.2996,1316.5653,1468.1654,1.0,0.061504666
374.93024,1875.7114,228.89308,1716.1888,1.0,0.03965031
745.82605,278.06262,813.2823,344.36703,1.0,0.091952756
988.64026,521.34344,992.1501,600.4189,1.0,0.11928843
1505.0696,946.8305,1387.4182,1062.9572,1.0,0.06783607
745.5473,1486.6906,622.23145,1426.4498,1.0,0.0881827
988.64026,521.34344,992.1501,600.4189,1.0,0.11928843
374.4158,1387.8544,305.52536,1279.3494,1.0,0.03991579
1308.567,943.86694,1211.937,1029.2719,1.0,0.056506954
1141.1824,1034.3884,1047.7941,1083.967,1.0,0.050565112
1153.12,1679.7678,956.6364,1663.6061,1.0,0.0746288
196.22069,732.41437,249.4798,664.42224,1.0,0.06045636
1504.2803,1249.8108,1338.9255,1334.0637,1.0,0.11568949
675.65186,1510.5975,555.8634,1436.7496,1.0,0.07241417
1308.8813,182.8805,1332.4677,348.02484,1.0,0.16032594
771.34326,337.88388,826.8358,401.99054,1.0,0.23818113
588.33374,179.48657,687.8076,231.29356,1.0,0.050638128
771.34326,337.88388,826.8358,401.99054,1.0,0.23818113
771.42035,337.90155,826.8358,401.99054,1.0,0.17323919
1309.0839,422.86032,1294.6328,562.88336,1.0,0.07068799
771.42035,337.90155,826.8358,401.99054,1.0,0.17323919
744.5291,929.1087,709.2688,927.0377,1.0,0.026839511
1355.6707,1615.0905,1148.2501,1637.6836,1.0,0.1383083
675.95514,853.45636,659.9176,848.45544,1.0,0.120248936
744.5291,929.1087,709.2688,927.0377,1.0,0.026839511
1198.3406,58.373684,1253.007,219.1448,1.0,0.0070151277
1309.668,678.2121,1254.7753,791.57074,1.0,0.096663736
1198.3406,58.373684,1253.007,219.1448,1.0,0.0070151277
1309.8821,178.78142,1334.0247,344.41132,1.0,0.22279839
371.84998,1441.9429,294.6686,1327.3959,1.0,0.039215375
371.84998,1441.9429,294.6686,1327.3959,1.0,0.039215375
1502.7954,792.4867,1409.7712,924.3966,1.0,0.09902641
744.32336,1054.3716,689.32806,1039.1389,1.0,0.04564585
987.2638,1699.7023,804.96405,1655.272,1.0,0.0369478
1198.3182,174.76122,1234.6685,323.33575,1.0,0.05892953
744.32336,1054.3716,689.32806,1039.1389,1.0,0.04564585
1502.4381,1133.2046,1355.671,1229.388,1.0,0.09959023
744.32336,1054.3716,689.32806,1039.1389,1.0,0.04564585
986.8872,630.67505,973.4484,698.1324,1.0,0.09951378
1140.2963,731.731,1094.8342,812.8083,1.0,0.096651115
1140.2963,731.731,1094.8342,812.8083,1.0,0.096651115
1502.1259,315.86044,1484.3329,497.66797,1.0,0.038231216
588.8032,1349.4188,503.56912,1278.7457,1.0,0.08393819
196.8941,1555.9779,120.00612,1401.9775,1.0,0.14220141
909.67926,1007.5245,844.8013,1023.2686,1.0,0.09504381
1413.441,1243.0364,1258.5859,1313.5471,1.0,0.16591494
116.55661,675.1373,187.19461,600.53394,1.0,0.05745772
370.89658,932.87415,374.22513,871.4321,1.0,0.06844627
1310.6097,1772.7964,1082.8387,1771.7949,1.0,0.04810639
1198.0448,1672.7513,997.9507,1664.4142,1.0,0.06128869
743.5414,839.16693,722.6015,846.4095,1.0,0.037711084
1198.0448,1672.7513,997.9507,1664.4142,1.0,0.06128869
260.62985,1437.8877,195.83138,1306.1508,1.0,0.11602539
260.6468,2039.5522,100.831566,1844.7648,1.0,0.10489537
117.13126,1493.9476,58.41809,1333.6738,1.0,0.041817814
117.13126,1493.9476,58.41809,1333.6738,1.0,0.041817814
742.85223,1308.0071,647.9753,1265.9751,1.0,0.0528735
909.38403,1621.6786,747.5837,1573.1005,1.0,0.0702647
909.38403,1621.6786,747.5837,1573.1005,1.0,0.0702647
261.0686,2005.0962,106.59276,1814.0125,1.0,0.046422202
261.0686,2005.0962,106.59276,1814.0125,1.0,0.046422202
742.85223,1308.0071,647.9753,1265.9751,1.0,0.0528735
776.30316,992.16724,727.8834,988.488,1.0,0.13950203
986.1116,1034.3524,909.0292,1059.4031,1.0,0.10143632
638.7034,1734.6368,487.38702,1631.5513,1.0,0.03940154
986.1116,1034.3524,909.0292,1059.4031,1.0,0.10143632
1218.1635,218.03049,1245.8472,364.8871,1.0,0.44667438
1139.091,363.8534,1151.8323,483.24576,1.0,0.10579304
1138.9231,1770.6461,929.5482,1742.7249,1.0,0.043422084
777.1534,1020.1437,724.13464,1013.71014,1.0,0.038435385
367.90582,1329.3605,308.93768,1225.9197,1.0,0.052758705
367.90582,1329.3605,308.93768,1225.9197,1.0,0.052758705
676.7224,1171.4773,610.3654,1133.3411,1.0,0.07271754
1138.7014,591.4828,1115.5143,687.0188,1.0,0.06189398
778.258,1512.5354,647.4689,1454.6439,1.0,0.13519804
1138.1764,1683.2601,942.7148,1664.3687,1.0,0.08356934
779.0625,794.9534,761.4107,812.3574,1.0,0.07545456
1499.0364,290.8885,1485.5652,474.7073,1.0,0.09837095
1499.0364,290.8885,1485.5652,474.7073,1.0,0.09837095
676.8631,1055.7686,628.7685,1029.7678,1.0,0.08419191
198.0981,1536.913,124.15941,1384.8628,1.0,0.11055251
1137.0167,18.06372,1204.5348,173.363,1.0,0.0720431
740.75183,664.83704,747.6894,689.8771,1.0,0.093380876
740.36676,44.89501,845.1302,134.88724,1.0,0.10088737
740.36676,44.89501,845.1302,134.88724,1.0,0.10088737
364.3838,152.82593,491.53494,172.02548,1.0,0.07567722
364.3838,152.82593,491.53494,172.02548,1.0,0.07567722
1053.451,1147.0635,951.56946,1171.1868,1.0,0.26869208
984.872,1887.0627,773.21326,1822.6057,1.0,0.035386287
781.0323,938.6966,740.4686,941.3945,1.0,0.044514176
1378.8468,125.965096,1404.0435,308.16687,1.0,0.10659011
1136.1178,1192.5619,1018.3528,1224.68,1.0,0.119693175
262.77823,1979.951,112.09922,1791.801,1.0,0.031024463
781.4217,374.56348,829.88367,436.3952,1.0,0.056421876
118.94015,132.26411,275.0125,114.881584,1.0,0.04640846
1083.4121,1914.2085,857.3499,1862.2513,1.0,0.32190034
1354.8541,567.7687,1312.757,699.8861,1.0,0.049754698
263.027,1005.4343,266.20044,919.3971,1.0,0.069921464
1135.0995,306.20624,1157.2773,431.0415,1.0,0.016394842
1496.4272,2034.615,1207.9457,2035.5305,1.0,0.055887677
738.8888,1437.3768,623.9694,1381.1475,1.0,0.067400195
119.37138,215.2114,262.36288,189.26103,1.0,0.100162506
783.43774,1606.1151,637.209,1539.2205,1.0,0.09550403
1496.2589,582.3791,1437.0543,735.31116,1.0,0.050921027
1496.2589,582.3791,1437.0543,735.31116,1.0,0.050921027
783.43774,1606.1151,637.209,1539.2205,1.0,0.09550403
199.35199,148.33104,344.47845,141.96759,1.0,0.053011492
907.83026,651.0368,899.3825,703.86957,1.0,0.032714445
199.37143,1194.2769,179.43407,1078.3992,1.0,0.103127316
783.43774,1606.1151,637.209,1539.2205,1.0,0.09550403
784.1433,1221.8535,698.5725,1195.3883,1.0,0.06263757
907.76465,869.7072,864.82947,899.6086,1.0,0.06625461
784.1433,1221.8535,698.5725,1195.3883,1.0,0.06263757
784.1433,1221.8535,698.5725,1195.3883,1.0,0.06263757
1054.2217,1510.1608,894.8373,1496.1135,1.0,0.059688047
1134.2238,1144.9392,1023.9067,1181.781,1.0,0.16959807
1134.2238,1144.9392,1023.9067,1181.781,1.0,0.16959807
1054.2217,1510.1608,894.8373,1496.1135,1.0,0.059688047
1315.478,131.75275,1346.329,303.31345,1.0,0.045080982
784.71954,141.34119,869.67816,228.14935,1.0,0.07958351
640.21204,1674.1545,498.30063,1577.5701,1.0,0.06934013
1315.9854,324.00635,1316.3634,475.46603,1.0,0.078970745
907.4173,172.97087,974.48566,275.74612,1.0,0.08152517
199.90265,1905.9446,67.50093,1715.633,1.0,0.03988364
736.8679,1001.6552,691.0299,990.74066,1.0,0.10262871
736.8679,1001.6552,691.0299,990.74066,1.0,0.10262871
1156.4,978.5522,1070.1871,1036.356,1.0,0.010942839
357.3024,889.5942,368.85443,830.56354,1.0,0.033654455
357.3024,889.5942,368.85443,830.56354,1.0,0.033654455
787.8919,899.33386,752.8361,907.25055,1.0,0.05439003
787.8919,899.33386,752.8361,907.25055,1.0,0.05439003
200.28165,1979.0292,56.35066,1781.0851,1.0,0.093848325
640.6557,1380.2762,545.1049,1314.6,1.0,0.064667895
1494.603,836.3289,1395.5437,962.38806,1.0,0.113326624
640.6557,1380.2762,545.1049,1314.6,1.0,0.064667895
906.65216,1662.359,738.6686,1609.0674,1.0,0.0550528
640.76843,984.7262,607.5869,960.43726,1.0,0.03905344
200.5944,745.50793,251.36185,676.8713,1.0,0.10457321
905.9464,1820.052,713.12933,1750.117,1.0,0.071199045
356.4006,1485.5093,273.9941,1363.8859,1.0,0.06638757
121.92928,770.766,176.93852,687.0047,1.0,0.084561326
905.8639,1227.2109,806.74023,1219.4032,1.0,0.10079662
356.4006,1485.5093,273.9941,1363.8859,1.0,0.06638757
356.4006,1485.5093,273.9941,1363.8859,1.0,0.06638757
1643.4149,991.1198,1504.2936,1124.4457,1.0,0.07697402
1710.0522,1983.3203,1407.3872,2023.2676,1.0,0.13741024
1710.0522,1983.3203,1407.3872,2023.2676,1.0,0.13741024
1710.4766,1121.0197,1543.8602,1251.286,1.0,0.12875988
630.2111,1673.1895,489.49405,1575.1287,1.0,0.064646296
1711.2832,1522.908,1481.1183,1611.2966,1.0,0.08174173
630.2909,763.3179,633.31586,760.5813,1.0,0.16044639
1712.3594,1706.7262,1453.0428,1775.9995,1.0,0.06869696
1712.5222,113.757034,1704.6626,349.85663,1.0,0.080889985
1714.2571,1173.7688,1538.9366,1299.1633,1.0,0.12381354
1714.6003,1429.5782,1498.6267,1528.1824,1.0,0.1373074
1715.0786,1049.2853,1559.2039,1187.6718,1.0,0.19569105
510.98535,1534.2401,404.67456,1431.946,1.0,0.031218035
4.2708645,1123.0757,15.900222,983.9015,1.0,0.042495906
4.2708645,1123.0757,15.900222,983.9015,1.0,0.042495906
4.2708645,1123.0757,15.900222,983.9015,1.0,0.042495906
510.98535,1534.2401,404.67456,1431.946,1.0,0.031218035
1382.922,26.616922,1423.3813,219.78954,1.0,0.13177663
1241.4398,1027.3743,1138.5896,1093.6602,1.0,0.18148604
996.6124,772.10657,959.804,826.20886,1.0,0.115125716
1253.7705,6.671384,1310.81,181.61124,1.0,0.019277062
186.37175,98.99533,340.66672,95.66167,1.0,0.12723398
510.12988,663.8219,541.2977,652.5446,1.0,0.01569031
5.5816526,1011.8413,34.61951,884.4164,1.0,0.065416016
1640.1875,332.74652,1605.3976,534.4406,1.0,0.1653747
1640.1875,332.74652,1605.3976,534.4406,1.0,0.1653747
5.760331,575.51544,103.77741,493.77188,1.0,0.14586067
1639.9865,210.81018,1624.7401,425.42944,1.0,0.4127388
1639.6384,180.04492,1628.9409,397.77118,1.0,0.06494692
1639.6384,180.04492,1628.9409,397.77118,1.0,0.06494692
1639.5238,57.412483,1648.2085,287.90598,1.0,0.07691006
1639.2617,117.37829,1638.8423,341.1707,1.0,0.57697535
1639.0499,1215.9103,1464.902,1325.0544,1.0,0.07235568
1639.0499,1215.9103,1464.902,1325.0544,1.0,0.07235568
1717.4972,1142.4265,1546.6434,1271.5486,1.0,0.09037986
510.01138,678.12366,539.07025,665.296,1.0,0.15491249
6.6314917,663.1404,90.67089,572.4228,1.0,0.06273515
538.01764,1418.6499,447.17712,1332.7278,1.0,0.0837478
1718.2606,26.081896,1723.6691,272.23593,1.0,0.123592444
1718.2606,26.081896,1723.6691,272.23593,1.0,0.123592444
1718.7501,1574.7815,1479.6013,1658.8688,1.0,0.08173608
186.78734,901.7483,214.33926,814.4788,1.0,0.1045422
1718.7501,1574.7815,1479.6013,1658.8688,1.0,0.08173608
1719.4991,1162.497,1545.4054,1289.8885,1.0,0.122556955
1445.4758,609.9812,1387.2587,751.9668,1.0,0.08760637
187.10475,987.83417,201.39453,891.4386,1.0,0.4997187
1719.582,598.21924,1634.4072,784.8117,1.0,0.07129839
995.5152,545.0448,994.59546,622.7919,1.0,0.04777755
187.44391,634.8371,256.98782,575.6965,1.0,0.037868183
995.50885,1682.721,814.98395,1641.4032,1.0,0.027037127
631.472,1591.8473,503.45447,1502.5312,1.0,0.039673604
1720.8789,1650.203,1469.6057,1726.796,1.0,0.07690081
1722.0745,1411.6736,1508.2449,1513.3999,1.0,0.016616814
508.7928,1889.4417,346.7826,1750.3616,1.0,0.7655394
1382.3644,1480.8673,1193.2311,1521.7512,1.0,0.037834905
538.43097,1319.8989,463.0835,1244.3668,1.0,0.041040502
1637.2803,1773.0144,1375.3159,1823.4988,1.0,0.031087931
1636.503,139.66847,1632.4515,361.2272,1.0,0.12540638
1722.8966,670.1025,1626.0793,849.5126,1.0,0.11609766
1723.2094,1738.0986,1457.7568,1805.7583,1.0,0.074582964
188.11969,1177.826,171.95294,1061.915,1.0,0.09978429
188.11969,1177.826,171.95294,1061.915,1.0,0.09978429
1723.8438,145.02214,1709.823,379.646,1.0,0.04458727
1723.8438,145.02214,1709.823,379.646,1.0,0.04458727
946.393,595.101,942.82184,659.7336,1.0,0.19915918
946.393,595.101,942.82184,659.7336,1.0,0.19915918
230.40474,1570.4087,147.84465,1419.9269,1.0,0.15954871
230.40474,1570.4087,147.84465,1419.9269,1.0,0.15954871
1635.9288,244.14758,1615.4792,454.50958,1.0,0.055035878
1726.45,1527.1581,1494.1747,1617.572,1.0,0.2438245
188.50122,1228.1139,164.29259,1106.9836,1.0,0.035182048
188.50122,1228.1139,164.29259,1106.9836,1.0,0.035182048
539.5365,1601.3955,419.67807,1496.5133,1.0,0.103734925
1634.8317,1626.8398,1396.2258,1692.2549,1.0,0.045185313
1634.6892,1602.2059,1400.0022,1670.1906,1.0,0.057004876
994.61633,489.0055,1002.6781,572.5013,1.0,0.051577922
1726.9629,40.272736,1729.1599,286.3969,1.0,0.033868093
1727.1688,495.93326,1657.4838,694.3522,1.0,0.10657354
11.960787,521.60626,117.77926,446.6043,1.0,0.04651307
507.3022,1792.9478,360.56403,1663.0189,1.0,0.06256449
1727.5043,1711.1113,1465.9501,1782.3514,1.0,0.10123869
1727.5043,1711.1113,1465.9501,1782.3514,1.0,0.10123869
945.9405,1774.0885,756.3808,1715.3263,1.0,0.19341412
1199.764,908.8102,1120.4852,980.6656,1.0,0.4671372
12.333896,430.52036,132.42734,365.08832,1.0,0.024450203
1634.3535,301.74097,1605.1403,505.94864,1.0,0.2189593
1634.3535,301.74097,1605.1403,505.94864,1.0,0.2189593
506.80453,1645.8177,383.38824,1531.1942,1.0,0.09980792
993.8507,1270.4459,878.644,1272.0109,1.0,0.056039613
506.18082,1921.1837,339.31934,1777.5972,1.0,0.06392756
945.56604,1631.0245,778.5663,1587.177,1.0,0.13237403
993.5876,655.5979,975.4666,721.5298,1.0,0.056174234
945.56604,1631.0245,778.5663,1587.177,1.0,0.13237403
1633.9772,1151.1936,1470.5616,1266.2496,1.0,0.07611209
1239.6501,927.0919,1152.8397,1003.4622,1.0,0.045157645
540.37396,1845.1229,382.47665,1715.4161,1.0,0.77375555
505.3603,481.04395,565.9327,488.13037,1.0,0.07198266
1632.8369,155.31068,1626.7698,374.47803,1.0,0.088044316
1632.3691,1495.3069,1414.6925,1574.2097,1.0,0.09900113
189.48058,661.4209,254.65039,599.7293,1.0,0.080544695
505.2114,921.37036,496.22025,882.2486,1.0,0.10727939
540.56793,1641.4762,414.24323,1532.5771,1.0,0.07003297
1632.1166,192.15857,1620.2795,407.33524,1.0,0.080765195
1734.4675,1215.7344,1550.3506,1339.9613,1.0,0.067976505
1734.4675,1215.7344,1550.3506,1339.9613,1.0,0.067976505
504.12396,736.1951,524.6269,716.36456,1.0,0.14786918
504.03528,1315.4116,432.97552,1234.9799,1.0,0.033487782
1735.5189,1625.7263,1486.5831,1707.1047,1.0,0.10322068
1381.4501,286.0191,1381.0483,451.63507,1.0,0.2331243
1735.5189,1625.7263,1486.5831,1707.1047,1.0,0.10322068
1631.4365,746.66815,1532.1475,903.704,1.0,0.06577234
190.1642,500.76157,280.6112,456.03348,1.0,0.050621662
16.032305,728.9993,88.72366,632.8893,1.0,0.08473543
1735.8174,792.31085,1618.3613,961.1415,1.0,0.069365695
1735.8174,792.31085,1618.3613,961.1415,1.0,0.069365695
1736.244,1044.5332,1578.9637,1186.9099,1.0,0.07701321
943.9256,594.0035,940.388,657.9726,1.0,0.6247322
503.13605,56.191433,631.00024,107.4588,1.0,0.05506471
1737.8112,327.3429,1693.2935,545.1236,1.0,0.22743125
633.96216,1347.9988,544.1227,1284.5897,1.0,0.04793246
503.07767,338.31995,586.39484,360.0596,1.0,0.051494475
503.07767,338.31995,586.39484,360.0596,1.0,0.051494475
1630.4532,311.9807,1599.8551,514.30774,1.0,0.10953396
1739.187,584.28656,1654.2208,775.3388,1.0,0.042728968
943.435,818.13184,904.90796,859.0999,1.0,0.05342194
17.609043,473.1621,130.57016,404.08777,1.0,0.13263208
17.609043,473.1621,130.57016,404.08777,1.0,0.13263208
1739.28,1864.3363,1452.2844,1921.387,1.0,0.081421725
1739.28,1864.3363,1452.2844,1921.387,1.0,0.081421725
1740.0441,203.21864,1715.3594,434.24878,1.0,0.26208594
1740.0441,203.21864,1715.3594,434.24878,1.0,0.26208594
1741.3756,1120.3593,1571.5741,1255.6033,1.0,0.06778289
1628.9297,237.6302,1610.1595,447.557,1.0,0.06848909
541.7009,327.49103,622.6915,356.4389,1.0,0.04856132
1257.9338,1950.1793,1007.86865,1922.1642,1.0,0.18023074
232.39565,1569.9148,149.56116,1419.8512,1.0,0.07560315
1258.062,979.35675,1161.0834,1053.0829,1.0,0.03344927
943.1517,990.1406,877.50555,1013.0436,1.0,0.05971862
18.757845,827.92676,75.42847,721.98175,1.0,0.084522486
1743.7252,23.115837,1746.8364,273.63818,1.0,0.043016754
18.794603,992.00226,50.19291,868.68085,1.0,0.6098765
1258.3593,88.91972,1302.1886,256.06732,1.0,0.28913566
991.7606,1470.2014,845.27155,1450.4907,1.0,0.09345684
1744.9888,962.1847,1599.8344,1114.5605,1.0,0.11582472
1745.9714,1531.6422,1510.807,1624.5664,1.0,0.09613725
1745.9714,1531.6422,1510.807,1624.5664,1.0,0.09613725
1746.9653,501.08823,1674.4839,701.92377,1.0,0.2708725
542.36084,632.94293,575.12604,629.9965,1.0,0.1102919
542.36084,632.94293,575.12604,629.9965,1.0,0.1102919
1049.9443,104.13555,1113.0818,236.64502,1.0,0.16579355
500.3793,207.0641,604.683,242.06976,1.0,0.029539328
542.4394,1698.752,406.88934,1584.1904,1.0,0.056344807
1626.6975,452.98517,1574.2771,640.0464,1.0,0.06959346
1443.1787,327.3559,1429.8376,498.63306,1.0,0.09877435
1749.7166,1407.0342,1533.7369,1513.6174,1.0,0.0034375312
499.88373,2012.4058,319.2421,1858.2231,1.0,0.076140426
20.374216,80.543304,194.9969,53.051273,1.0,0.10264605
499.6482,1225.9395,443.2238,1154.1473,1.0,0.0595876
20.604263,489.8297,130.51768,419.47812,1.0,0.038826
20.604263,489.8297,130.51768,419.47812,1.0,0.038826
542.70404,785.1666,551.4375,766.33,1.0,0.14489076
20.703094,1144.4437,27.273895,1005.5923,1.0,0.03542559
21.006289,1106.9227,33.45531,972.05084,1.0,0.023979535
21.006289,1106.9227,33.45531,972.05084,1.0,0.023979535
1626.1802,229.90646,1609.054,440.2801,1.0,0.09458713
21.178553,680.51227,100.95106,590.3179,1.0,0.049270563
542.92957,1454.3173,445.95078,1365.4191,1.0,0.0937798
1442.7633,1844.5281,1189.9487,1856.7424,1.0,0.13186674
21.322407,353.84616,152.65372,297.8286,1.0,0.07157421
21.574387,885.0782,69.00637,773.48303,1.0,0.05413964
1750.6151,553.0186,1669.453,749.202,1.0,0.097297005
1750.6151,553.0186,1669.453,749.202,1.0,0.097297005
1750.7224,167.6268,1730.4479,404.3628,1.0,0.25254786
1190.2076,910.6294,1111.2197,980.8638,1.0,0.037578825
1190.077,972.38934,1101.3456,1036.1832,1.0,0.046487477
233.04669,1065.2632,229.8996,968.2237,1.0,0.0540704
233.04669,1065.2632,229.8996,968.2237,1.0,0.0540704
1625.4813,1465.8347,1413.1912,1546.2208,1.0,0.43262044
1190.0046,239.50778,1217.0543,379.4384,1.0,0.5726743
942.5848,2008.72,716.2388,1924.8657,1.0,0.09495111
1756.4579,1098.1499,1588.5771,1238.0846,1.0,0.07615407
1756.6586,1687.0405,1495.9192,1765.1185,1.0,0.32905456
1260.6517,119.98969,1299.0549,284.12363,1.0,0.028676929
22.566433,933.3751,62.29378,816.9001,1.0,0.06733214
990.6797,39.54773,1070.152,169.49225,1.0,0.09369702
990.6176,1165.0228,892.5408,1177.0613,1.0,0.213293
990.50244,2030.5126,755.62885,1951.9431,1.0,0.02796929
543.512,1230.8141,481.91852,1165.4221,1.0,0.25392264
543.5633,593.9868,582.2642,595.27875,1.0,0.03857697
22.969074,1121.9406,32.853916,985.829,1.0,0.04788445
1757.442,985.8867,1607.1858,1137.8733,1.0,0.091883354
1622.9741,46.695854,1635.0968,275.63354,1.0,0.1274431
23.15019,858.21936,74.69108,749.7177,1.0,0.07669944
543.7541,1458.9218,445.926,1369.627,1.0,0.08981456
1758.6093,429.95355,1696.1062,640.0652,1.0,0.25757992
543.7541,1458.9218,445.926,1369.627,1.0,0.08981456
543.7541,1458.9218,445.926,1369.627,1.0,0.08981456
24.097334,1134.1383,31.93918,996.8649,1.0,0.04409636
24.097334,1134.1383,31.93918,996.8649,1.0,0.04409636
24.104218,395.85,148.19734,335.94318,1.0,0.26277003
636.4006,351.23914,703.7662,392.5975,1.0,0.0973734
636.4006,351.23914,703.7662,392.5975,1.0,0.0973734
543.93005,1173.382,491.0917,1114.0807,1.0,0.016378844
1759.2709,1073.2323,1595.1737,1216.2786,1.0,0.18804254
24.480558,1245.6932,14.699825,1096.7919,1.0,0.07072233
1621.4532,1964.7114,1330.879,1992.5883,1.0,0.06258113
1759.3453,341.20874,1710.579,560.78564,1.0,0.14686257
1238.4204,30.051735,1293.459,200.08551,1.0,0.107942484
1261.1301,1235.9847,1123.3674,1283.3396,1.0,0.051632855
1760.024,1533.0419,1523.1193,1628.0029,1.0,0.07330178
1379.7578,1442.4427,1197.0679,1486.873,1.0,0.14421749
1238.4204,30.051735,1293.459,200.08551,1.0,0.107942484
1760.2334,1581.1481,1515.7443,1671.133,1.0,0.08249569
636.68964,1113.8794,583.62024,1075.4403,1.0,0.07814531
989.537,1149.2925,894.1403,1162.6768,1.0,0.34556067
1760.2334,1581.1481,1515.7443,1671.133,1.0,0.08249569
1619.9703,1295.7274,1435.2396,1393.4241,1.0,0.11085611
1761.4313,897.8392,1624.6191,1059.5804,1.0,0.021028006
1762.5072,1620.1895,1511.6476,1706.4258,1.0,0.11837882
637.09125,586.9724,667.0916,603.8077,1.0,0.015422099
1762.5072,1620.1895,1511.6476,1706.4258,1.0,0.11837882
1762.6204,1937.5586,1461.6566,1990.589,1.0,0.12207739
1365.5282,1832.6656,1122.663,1834.0002,1.0,0.07908536
1617.957,648.20807,1535.6564,813.43854,1.0,0.09329361
988.8322,897.20416,932.9964,937.0257,1.0,0.044385612
1764.4551,491.15945,1691.3859,695.9764,1.0,0.12848777
1365.5282,1832.6656,1122.663,1834.0002,1.0,0.07908536
1051.675,1174.8536,945.62555,1195.4086,1.0,0.23386012
27.304682,395.1173,151.48637,335.7183,1.0,0.06852238
1616.5042,1725.3832,1364.3579,1777.5518,1.0,0.14743067
988.5902,815.7602,945.7251,864.1003,1.0,0.070130244
1616.0956,1973.2429,1324.8329,1999.4241,1.0,0.10812901
1765.2024,784.07227,1646.216,958.3363,1.0,0.2724907
988.5902,815.7602,945.7251,864.1003,1.0,0.070130244
1441.5123,212.63403,1446.1322,395.40137,1.0,0.33247206
988.317,1538.5945,831.43774,1511.1799,1.0,0.13726595
1765.8467,1645.348,1510.6879,1729.5063,1.0,0.13165067
492.694,1386.933,411.68204,1297.2174,1.0,0.16095486
1767.2915,1379.0101,1553.9929,1491.2465,1.0,0.113910966
1237.38,690.11786,1188.2947,790.88135,1.0,0.07110038
988.188,1224.7194,880.84894,1230.1478,1.0,0.11710935
1767.2915,1379.0101,1553.9929,1491.2465,1.0,0.113910966
492.49454,1083.7084,459.23163,1025.6534,1.0,0.037867628
492.49454,1083.7084,459.23163,1025.6534,1.0,0.037867628
1769.2195,1023.6077,1611.7207,1173.4391,1.0,0.014554549
1773.3335,619.68726,1679.35,812.2711,1.0,0.25379965
1773.6506,1415.9176,1553.7294,1525.4197,1.0,0.075282656
1070.1984,1253.8217,949.66113,1269.1567,1.0,0.09967071
1441.1028,171.61876,1452.639,358.8169,1.0,0.17755699
29.519045,388.9266,154.46283,330.56964,1.0,0.06336196
1774.407,79.38511,1765.2764,329.0769,1.0,0.23178977
1774.407,79.38511,1765.2764,329.0769,1.0,0.23178977
1775.7944,603.6522,1683.7965,798.8127,1.0,0.34512827
1441.1028,171.61876,1452.639,358.8169,1.0,0.17755699
1052.6176,1153.2041,949.83466,1176.3071,1.0,0.12728201
986.62756,1074.4791,903.1324,1095.2998,1.0,0.14901157
197.00406,293.9922,319.3499,271.99808,1.0,0.030193793
638.41113,1599.5669,508.48062,1510.6887,1.0,0.14596716
1262.4119,135.09126,1298.295,297.92947,1.0,0.044958223
546.25806,1766.2668,399.68597,1645.1707,1.0,0.12277975
1776.9825,1345.1699,1567.9945,1462.5393,1.0,0.080566406
1777.6285,206.10866,1748.4113,442.8238,1.0,0.111522876
1613.3219,470.95657,1559.4066,653.93024,1.0,0.10815783
197.56342,1524.004,125.761894,1373.274,1.0,0.10915792
1378.9724,346.79388,1369.4559,506.02664,1.0,0.30318287
1378.9724,346.79388,1369.4559,506.02664,1.0,0.30318287
197.5792,1653.8838,105.19411,1489.6132,1.0,0.02750303
197.59872,1731.5469,93.01796,1559.1316,1.0,0.08855887
1777.8475,1434.634,1554.7216,1542.762,1.0,0.15640332
31.020603,863.6701,80.91214,755.84564,1.0,0.11207807
488.8006,477.75232,551.6589,482.61984,1.0,0.09731584
1780.3375,1630.1239,1526.0242,1718.1766,1.0,0.09015643
1780.6982,1425.1715,1558.5991,1534.6427,1.0,0.107642
985.3932,1302.937,866.0333,1299.9218,1.0,0.21276544
1780.6982,1425.1715,1558.5991,1534.6427,1.0,0.107642
1780.6982,1425.1715,1558.5991,1534.6427,1.0,0.107642
198.05684,932.3712,219.58905,843.7143,1.0,0.090056725
198.05684,932.3712,219.58905,843.7143,1.0,0.090056725
1611.3104,67.25482,1621.5118,291.84082,1.0,0.49043685
1781.7084,980.6537,1629.7773,1136.931,1.0,0.08982061
1782.1249,1963.9076,1475.0123,2017.2958,1.0,0.16968405
198.18257,867.4441,229.95857,785.59674,1.0,0.098182365
198.18257,867.4441,229.95857,785.59674,1.0,0.098182365
940.28345,1532.3567,789.31805,1498.0371,1.0,0.033660654
1782.977,1099.7208,1612.1343,1243.7316,1.0,0.10677803
1610.7151,1276.1866,1430.0009,1374.4712,1.0,0.0810181
32.15691,1088.9042,46.260197,957.5756,1.0,0.09253943
1782.977,1099.7208,1612.1343,1243.7316,1.0,0.10677803
32.380154,1053.9181,52.0259,926.3934,1.0,0.043321162
1784.1194,558.9361,1698.3512,759.679,1.0,0.11142628
1784.4912,1548.8953,1542.5243,1646.0516,1.0,0.08044471
1784.4912,1548.8953,1542.5243,1646.0516,1.0,0.08044471
639.67285,1176.1165,576.50446,1131.6549,1.0,0.11371045
639.67285,1176.1165,576.50446,1131.6549,1.0,0.11371045
1785.3029,449.22757,1716.8868,661.65314,1.0,0.11968028
547.5437,2007.4264,362.72726,1861.2992,1.0,0.08066151
1787.0509,1556.1198,1543.6057,1653.0585,1.0,0.0738365
1236.6493,1202.0164,1106.8158,1249.1311,1.0,0.07431917
1788.0293,1425.4087,1565.1914,1536.1198,1.0,0.054079354
1788.3218,859.2406,1654.8569,1029.2504,1.0,0.08901638
1439.8429,1792.8341,1195.4702,1810.1095,1.0,0.05998958
1439.8429,1792.8341,1195.4702,1810.1095,1.0,0.05998958
639.7105,1553.1125,516.9811,1469.1343,1.0,0.08047434
1439.8375,1721.511,1206.7063,1746.215,1.0,0.052600406
33.410194,806.5521,92.12824,705.0168,1.0,0.18388481
486.5557,330.4279,572.88556,350.3299,1.0,0.078532726
639.7105,1553.1125,516.9811,1469.1343,1.0,0.08047434
1790.238,1257.0734,1593.6995,1385.6892,1.0,0.072371945
639.80695,827.99475,631.43634,819.976,1.0,0.04216628
33.67823,299.6555,172.24092,251.28668,1.0,0.034076564
33.67823,299.6555,172.24092,251.28668,1.0,0.034076564
1609.314,250.28865,1590.5767,455.83472,1.0,0.06803655
1609.314,250.28865,1590.5767,455.83472,1.0,0.06803655
984.4782,1809.0096,785.1823,1752.6217,1.0,0.07774115
34.242344,296.17416,173.28403,248.28914,1.0,0.015184642
34.341915,658.4021,116.31074,572.5368,1.0,0.14456007
1053.9357,1910.7067,831.37396,1854.7157,1.0,0.06606429
199.41641,1395.948,147.57614,1258.8572,1.0,0.112730615
1439.619,1661.6116,1216.0198,1692.5778,1.0,0.094978705
1791.2406,413.6833,1727.8536,630.8645,1.0,0.12922917
1792.7952,132.29257,1773.528,379.14816,1.0,0.024869485
1439.619,1661.6116,1216.0198,1692.5778,1.0,0.094978705
1792.7952,132.29257,1773.528,379.14816,1.0,0.024869485
548.32214,1770.6416,401.45364,1650.581,1.0,1.2907876
640.129,1427.8408,537.1284,1357.0533,1.0,0.074899584
1608.3767,100.42141,1613.5417,321.5034,1.0,0.08144012
1608.2126,1285.7656,1426.1696,1382.7053,1.0,0.027140543
548.45905,347.0181,625.6792,374.94608,1.0,0.07396956
548.45905,347.0181,625.6792,374.94608,1.0,0.07396956
1439.5754,182.8398,1449.3988,368.66855,1.0,0.07089701
1792.9945,263.14526,1753.1378,496.30273,1.0,0.09243734
640.1863,645.7337,660.4969,656.81226,1.0,0.11303871
1364.9163,137.98686,1389.6349,316.70953,1.0,0.06849232
199.8824,692.6778,258.977,629.4188,1.0,0.008399156
1197.507,2033.5894,940.4962,1987.3807,1.0,0.05102145
1606.1913,16.902136,1624.7706,246.4021,1.0,0.07971276
1606.1913,16.902136,1624.7706,246.4021,1.0,0.07971276
200.03139,826.56647,238.03104,749.29565,1.0,0.062184
548.8032,2035.1188,359.53073,1886.3646,1.0,0.09812066
548.8032,2035.1188,359.53073,1886.3646,1.0,0.09812066
1794.5208,340.15405,1742.3727,565.7212,1.0,0.21069902
1794.5208,340.15405,1742.3727,565.7212,1.0,0.21069902
1606.0853,158.3996,1602.6832,373.18997,1.0,0.44082212
1364.8772,212.36472,1377.8231,383.27338,1.0,0.045556366
1071.7498,373.75488,1089.9137,481.501,1.0,0.037106413
1795.5828,798.40155,1670.8904,975.92957,1.0,0.036670905
1795.8341,1342.2131,1585.2435,1462.7031,1.0,0.16556628
1795.8341,1342.2131,1585.2435,1462.7031,1.0,0.16556628
1265.2866,1312.0646,1115.1306,1352.0814,1.0,0.10990125
1797.6913,290.92715,1752.873,521.8149,1.0,0.15141957
1604.5444,1736.6925,1351.7734,1785.768,1.0,0.08576958
37.717808,464.95563,149.76862,399.91003,1.0,0.041155282
1604.5084,1970.1833,1314.8904,1994.8562,1.0,0.057750482
200.87881,785.02527,245.49533,712.2373,1.0,0.2097257
1438.5922,1802.8136,1192.8076,1818.8354,1.0,0.09225108
1800.4359,869.7341,1663.9777,1040.6254,1.0,0.03436751
1800.4359,869.7341,1663.9777,1040.6254,1.0,0.03436751
38.150196,999.33417,65.877815,878.419,1.0,0.11099851
1800.5863,1712.1587,1531.1652,1794.7458,1.0,0.09361909
38.62904,978.2263,69.59015,859.52014,1.0,0.10311185
1603.9509,97.40642,1609.9471,318.06546,1.0,0.06808121
1603.9509,97.40642,1609.9471,318.06546,1.0,0.06808121
1800.776,1541.8148,1558.2856,1642.406,1.0,0.1268313
980.38885,1748.4417,791.1112,1698.1729,1.0,0.34590507
1265.7845,1346.7578,1110.0297,1383.2493,1.0,0.034002446
549.7984,1121.2596,504.6473,1068.3347,1.0,0.0617195
482.92242,312.55905,572.4329,333.83456,1.0,0.076781474
549.7984,1121.2596,504.6473,1068.3347,1.0,0.0617195
482.92242,312.55905,572.4329,333.83456,1.0,0.076781474
1265.8914,1152.4902,1140.7592,1209.3335,1.0,0.021705873
1802.0367,381.71732,1742.6053,603.9057,1.0,0.17082365
1266.0115,929.03125,1176.1648,1009.26953,1.0,0.05055686
481.89716,57.532887,611.7998,105.33783,1.0,0.08937426
481.89716,57.532887,611.7998,105.33783,1.0,0.08937426
980.0335,433.71533,998.3369,520.62036,1.0,0.10869669
550.43335,1502.6085,445.0298,1409.8586,1.0,0.07430905
1266.5497,370.72293,1264.5696,509.58948,1.0,0.19472061
1266.5497,370.72293,1264.5696,509.58948,1.0,0.19472061
480.91287,198.64215,588.5964,231.43478,1.0,0.05351573
1189.2993,1654.4934,993.0316,1646.6897,1.0,0.08927073
938.05817,536.4329,944.55414,606.0456,1.0,0.04534567
479.88773,645.42737,517.1007,631.3292,1.0,0.021755245
1810.6324,601.7289,1715.8822,802.5853,1.0,0.5787387
1377.5842,1609.0156,1168.7888,1635.5822,1.0,0.15808143
1189.2993,1654.4934,993.0316,1646.6897,1.0,0.08927073
1234.8221,202.7494,1263.1072,354.4432,1.0,0.36202
40.831802,1112.5345,50.38133,980.1607,1.0,0.089792736
641.5362,1525.6201,522.9574,1444.8132,1.0,0.08008596
202.55579,1719.2161,99.38961,1548.8638,1.0,0.07621222
938.05817,536.4329,944.55414,606.0456,1.0,0.04534567
1600.8704,905.6923,1479.7583,1041.3357,1.0,0.147168
1071.9545,1126.0878,971.3331,1155.0907,1.0,0.03373323
551.35956,1018.16406,522.17065,976.2331,1.0,0.11090147
1810.8485,1765.9508,1531.8883,1844.6631,1.0,0.100686625
1810.8485,1765.9508,1531.8883,1844.6631,1.0,0.100686625
1364.4365,1286.5696,1207.8795,1344.8014,1.0,0.1601274
1812.364,1640.2628,1553.0415,1732.2906,1.0,0.043011904
1812.419,1124.9678,1634.4714,1270.9738,1.0,0.07247821
478.75494,1578.7794,368.85025,1466.7294,1.0,0.09236453
202.93073,1608.2788,117.27741,1449.5593,1.0,0.12667948
1599.727,2008.9504,1304.5062,2028.8507,1.0,0.07515933
551.8784,1051.249,517.4956,1006.0256,1.0,0.02589114
202.93666,1328.2383,161.2823,1198.7952,1.0,0.13935067
236.88628,1787.1003,119.369995,1615.0306,1.0,0.052675787
1814.8413,1819.079,1527.0442,1892.7777,1.0,0.05204549
1268.3633,227.96565,1289.268,382.0011,1.0,0.34819335
1268.3633,227.96565,1289.268,382.0011,1.0,0.34819335
1598.829,133.87642,1599.7662,349.86996,1.0,0.16529548
1815.8884,988.9785,1658.9602,1149.7637,1.0,0.030210862
476.6055,1872.08,320.60562,1728.9958,1.0,0.0720873
642.0666,1589.5774,513.2728,1502.1775,1.0,0.017156525
1819.3978,1279.1742,1616.4285,1410.1396,1.0,0.12315007
1819.7428,1778.6176,1537.9218,1857.2913,1.0,0.16007812
475.78546,1533.3562,373.44824,1425.5922,1.0,0.1779045
1234.5344,1820.4829,1007.418,1802.3158,1.0,0.22236386
1821.2028,1373.2339,1603.3539,1494.6393,1.0,0.2806983
1821.2028,1373.2339,1603.3539,1494.6393,1.0,0.2806983
1269.4984,642.33514,1224.5637,753.1736,1.0,0.04364594
1597.0732,270.2281,1576.6722,471.77118,1.0,0.1350413
1269.4984,642.33514,1224.5637,753.1736,1.0,0.04364594
1596.7303,494.97168,1540.7957,672.9042,1.0,0.04626501
1596.7303,494.97168,1540.7957,672.9042,1.0,0.04626501
1825.4363,1258.1542,1625.1406,1392.2965,1.0,0.11120203
473.82614,427.7969,546.02356,435.48093,1.0,0.03905649
473.8086,823.3206,483.5896,789.36444,1.0,0.2521371
552.7962,434.21353,615.79877,453.67465,1.0,0.08566293
1188.9194,899.6523,1111.9006,970.8476,1.0,0.13738817
203.95262,1010.1063,212.58322,914.2278,1.0,0.07855327
203.95262,1010.1063,212.58322,914.2278,1.0,0.07855327
977.54364,1903.3392,764.1433,1836.0651,1.0,0.06508306
1056.7522,1163.1116,951.8861,1185.8784,1.0,0.04919619
473.44055,1864.6621,318.9462,1721.8203,1.0,0.08081682
1595.6727,1056.2025,1451.2599,1175.2162,1.0,0.05229128
46.034042,1368.3547,14.588059,1210.0701,1.0,0.030263584
204.80609,1783.1254,91.320366,1606.4082,1.0,0.088648744
1188.9194,899.6523,1111.9006,970.8476,1.0,0.13738817
1828.8745,1123.3295,1649.3868,1272.1804,1.0,0.058817625
1594.7621,316.08734,1567.3168,512.3804,1.0,0.116649665
1594.6564,1064.4862,1449.0194,1182.427,1.0,0.04897637
553.1729,514.76373,603.47644,525.8363,1.0,0.1403625
553.2257,500.48734,605.6031,513.2347,1.0,0.11816704
1594.6564,1064.4862,1449.0194,1182.427,1.0,0.04897637
472.58493,1511.1182,374.00497,1405.1736,1.0,0.09110593
472.58493,1511.1182,374.00497,1405.1736,1.0,0.09110593
1830.1213,272.169,1784.9729,510.32285,1.0,0.10350792
47.08172,1056.1014,64.75525,930.28394,1.0,0.37550902
1270.2218,864.8311,1190.103,952.4622,1.0,0.06827456
471.94336,27.003447,607.69366,76.360275,1.0,0.0751886
1832.7173,394.81836,1767.9009,620.48157,1.0,0.06925046
1594.2594,374.59888,1557.5619,564.698,1.0,0.06663854
1832.7173,394.81836,1767.9009,620.48157,1.0,0.06925046
1270.6743,49.939026,1319.1611,222.9972,1.0,0.070185654
1834.3903,1192.0656,1643.5812,1334.5466,1.0,0.103194475
1270.7969,63.566666,1317.0715,235.18263,1.0,0.058806352
1834.3903,1192.0656,1643.5812,1334.5466,1.0,0.103194475
205.7303,174.05164,346.1353,165.9916,1.0,0.063210204
1435.1996,1088.4452,1302.5287,1178.678,1.0,0.10310845
205.81357,1056.704,206.96109,956.23145,1.0,0.14675087
48.516384,1007.4984,73.70628,887.2685,1.0,0.113989085
1834.6022,85.40555,1818.4349,343.773,1.0,0.06953691
1834.6022,85.40555,1818.4349,343.773,1.0,0.06953691
1834.6022,85.40555,1818.4349,343.773,1.0,0.06953691
643.5336,638.7521,664.746,651.132,1.0,0.07861712
1592.458,353.42563,1559.328,545.4924,1.0,0.06338412
1592.1276,1304.3297,1408.9243,1396.7606,1.0,0.06896973
238.59879,1733.9974,129.30215,1567.8469,1.0,0.073272176
48.928318,662.01514,128.76921,578.0559,1.0,0.12723792
976.54193,1083.0741,892.73694,1101.494,1.0,0.07579898
643.55475,1893.6866,466.6252,1774.6537,1.0,0.051250935
1270.9288,288.33698,1281.8005,436.4672,1.0,0.1150212
662.2324,1857.1051,489.0838,1744.9257,1.0,0.03788907
976.2248,831.8828,932.13727,876.57513,1.0,0.098836124
976.2248,831.8828,932.13727,876.57513,1.0,0.098836124
1837.5244,804.03534,1707.6293,987.6999,1.0,0.113281265
469.61804,388.31802,548.86774,399.27246,1.0,0.42923057
1072.895,1133.1372,971.0251,1161.4769,1.0,0.0852641
1838.8296,1799.5387,1551.6307,1879.0963,1.0,0.07414614
1838.9812,1163.4218,1652.1871,1309.5631,1.0,0.08971047
554.6592,1317.9556,477.98648,1245.1298,1.0,0.13059242
1590.6473,98.08189,1598.2449,316.43683,1.0,0.3452673
934.7883,1793.8324,743.57196,1731.3022,1.0,0.48533595
206.93692,1359.8871,160.00797,1227.8112,1.0,0.07147915
1839.0938,578.76447,1744.8416,786.34393,1.0,0.36520314
1233.6628,882.186,1154.6344,962.18005,1.0,0.105559856
1233.6628,882.186,1154.6344,962.18005,1.0,0.105559856
934.7883,1793.8324,743.57196,1731.3022,1.0,0.48533595
1839.7863,420.56668,1770.0577,644.4871,1.0,0.19274981
468.32645,171.14966,581.6009,204.74577,1.0,0.13398461
468.32645,171.14966,581.6009,204.74577,1.0,0.13398461
1363.0554,140.8836,1387.5109,319.04904,1.0,0.07142691
1271.549,1253.9178,1129.8625,1301.0208,1.0,0.05842273
975.28186,607.16046,966.7854,675.21936,1.0,0.119979285
1271.549,1253.9178,1129.8625,1301.0208,1.0,0.05842273
207.54848,1696.0747,107.83355,1528.6812,1.0,0.47543997
1433.8651,92.42297,1458.677,286.72922,1.0,0.20666185
1057.3007,1186.0226,948.78955,1206.3864,1.0,0.09204241
975.045,1790.1871,779.8246,1734.4309,1.0,0.14033702
975.045,1790.1871,779.8246,1734.4309,1.0,0.14033702
1841.3583,703.2028,1726.8722,897.95105,1.0,0.021000706
208.06793,894.0551,234.58467,810.938,1.0,0.09263959
555.5236,1984.8469,373.44836,1842.3705,1.0,0.07244781
1588.0417,1367.2828,1395.405,1452.4855,1.0,0.13890298
1588.0417,1367.2828,1395.405,1452.4855,1.0,0.13890298
1841.619,1933.0826,1532.9812,1999.0586,1.0,0.031808864
1841.6836,1120.8965,1661.2389,1271.9729,1.0,0.0087013105
52.52624,889.50745,95.98453,782.3833,1.0,0.018209381
555.67706,1693.9769,419.5153,1582.022,1.0,0.07473914
555.67706,1693.9769,419.5153,1582.022,1.0,0.07473914
1842.6096,416.17987,1773.3905,641.14636,1.0,0.08403202
1843.169,175.60214,1811.968,425.46048,1.0,0.4680994
1844.6075,1806.6522,1555.7399,1886.3407,1.0,0.13634965
1587.8855,285.55927,1566.044,484.048,1.0,0.15267374
555.93634,1811.9579,400.88885,1687.6118,1.0,0.17662461
1587.8855,285.55927,1566.044,484.048,1.0,0.15267374
1272.0029,1910.9365,1026.6437,1889.4719,1.0,0.19184984
1846.5759,384.22812,1781.9764,613.187,1.0,0.066384956
1272.0723,1178.4734,1142.3027,1233.5613,1.0,0.11415532
1846.7214,821.0854,1713.1713,1004.2586,1.0,0.12442775
1272.0723,1178.4734,1142.3027,1233.5613,1.0,0.11415532
53.892498,1409.2297,15.159529,1247.8193,1.0,0.0613069
466.581,252.39581,567.30035,277.36398,1.0,0.060611937
466.37534,1310.7574,400.06238,1224.8584,1.0,0.07943702
1848.8451,1822.9622,1557.3097,1901.5693,1.0,0.48909643
1433.3114,1637.8263,1214.1039,1670.2145,1.0,0.10815099
1233.1997,121.66144,1274.2397,281.2914,1.0,0.029111402
1849.7452,1946.2706,1538.1798,2012.1633,1.0,0.020934258
1849.7452,1946.2706,1538.1798,2012.1633,1.0,0.020934258
465.05997,1197.1467,416.7914,1122.9274,1.0,0.04959963
1586.83,1058.3009,1443.0203,1175.6696,1.0,0.06487575
1586.83,1058.3009,1443.0203,1175.6696,1.0,0.06487575
645.8862,1699.1367,499.4044,1600.8604,1.0,0.026434371
55.22548,99.845055,223.1279,75.84173,1.0,0.080420196
55.22548,99.845055,223.1279,75.84173,1.0,0.080420196
1851.058,1288.6364,1643.1212,1423.6669,1.0,0.05910649
1851.058,1288.6364,1643.1212,1423.6669,1.0,0.05910649
1586.3177,645.4863,1507.6895,805.993,1.0,0.04047234
209.86058,705.7476,265.86526,642.6944,1.0,0.024084944
1433.3114,1637.8263,1214.1039,1670.2145,1.0,0.10815099
1585.9697,65.462906,1599.1814,286.59247,1.0,0.27785498
1852.1676,1250.9196,1650.1986,1390.0182,1.0,0.09496097
1272.706,1945.4211,1021.71027,1920.3285,1.0,0.021757985
210.01752,1118.7546,201.02258,1012.3915,1.0,0.25091434
210.01752,1118.7546,201.02258,1012.3915,1.0,0.25091434
210.01752,1118.7546,201.02258,1012.3915,1.0,0.25091434
1852.6672,1572.8657,1599.7904,1678.3325,1.0,0.06217802
1852.6672,1572.8657,1599.7904,1678.3325,1.0,0.06217802
1188.2728,1512.9087,1014.2288,1519.6553,1.0,0.19032145
210.34026,775.19867,255.382,704.81635,1.0,0.14621562
1362.4397,266.915,1366.969,431.62473,1.0,0.13716255
1232.7306,1931.3295,988.18854,1901.3716,1.0,0.07026164
1272.983,1704.7037,1059.9869,1704.8584,1.0,0.05032629
1584.8339,87.12837,1594.4976,305.90222,1.0,0.014413119
1853.8231,1559.9131,1602.8004,1666.8468,1.0,0.07824773
1854.2509,416.85666,1783.6317,643.51685,1.0,0.12019755
1854.4786,1532.9246,1607.9777,1642.9716,1.0,0.33912322
1855.5809,1263.86,1651.1759,1402.2251,1.0,0.09387207
1855.5809,1263.86,1651.1759,1402.2251,1.0,0.09387207
1856.5006,22.983845,1847.8875,291.34216,1.0,0.06416227
1362.342,1518.8555,1169.3931,1552.5464,1.0,0.12156738
1273.8885,700.69885,1219.3431,806.1388,1.0,0.10144353
1374.2843,134.19511,1398.6387,314.7984,1.0,0.085909456
1273.8885,700.69885,1219.3431,806.1388,1.0,0.10144353
1273.8885,700.69885,1219.3431,806.1388,1.0,0.10144353
462.68124,330.5627,551.56757,346.71616,1.0,0.15351595
211.13396,871.6005,240.36461,790.9422,1.0,0.61339325
1858.982,1279.6544,1651.8392,1416.8287,1.0,0.17041086
971.13556,141.68105,1036.4808,257.77606,1.0,0.0997785
1194.9952,1007.8261,1100.1699,1068.592,1.0,0.07136866
1859.2712,1782.0159,1572.6266,1866.6136,1.0,0.015352253
1859.2712,1782.0159,1572.6266,1866.6136,1.0,0.015352253
970.6084,59.383354,1048.7513,184.11873,1.0,0.20945024
1859.546,414.14792,1788.9225,642.0639,1.0,0.119144954
970.4733,1676.1471,793.7046,1631.5446,1.0,0.09078907
1859.546,414.14792,1788.9225,642.0639,1.0,0.119144954
933.408,1549.3425,780.4818,1512.1445,1.0,0.03849572
557.999,904.33075,546.2529,875.3979,1.0,0.08625131
557.999,904.33075,546.2529,875.3979,1.0,0.08625131
1362.2621,1461.3589,1178.3447,1501.072,1.0,0.06655351
1431.7865,733.54376,1355.4415,860.4681,1.0,0.02213549
1059.054,466.5958,1063.9446,562.6449,1.0,0.08445581
1861.8813,1762.2899,1578.1793,1849.3303,1.0,0.11612846
1582.8832,52.179752,1598.3385,274.2597,1.0,0.09790284
1582.45,145.81734,1583.0055,358.29474,1.0,0.234759
1861.8813,1762.2899,1578.1793,1849.3303,1.0,0.11612846
59.008617,887.6893,102.16761,781.73,1.0,0.10739495
1861.9569,1837.2773,1566.2191,1916.3873,1.0,0.16398896
1862.0851,260.78763,1815.2218,505.2143,1.0,0.09302919
1862.6003,275.76245,1813.384,518.7267,1.0,0.09045616
558.6713,1914.3474,387.34326,1779.7609,1.0,0.02833905
1373.8977,1874.8162,1123.5831,1873.1118,1.0,0.15547541
558.8219,1459.3016,459.36017,1372.3981,1.0,0.06103186
59.381603,1105.2169,68.10127,976.53656,1.0,0.05322399
59.381603,1105.2169,68.10127,976.53656,1.0,0.05322399
558.8219,1459.3016,459.36017,1372.3981,1.0,0.06103186
59.584198,880.3461,103.79076,775.2649,1.0,0.05291609
59.657715,479.43222,167.13962,416.3601,1.0,0.044715036
1863.1948,1497.3317,1621.1063,1612.366,1.0,0.03062019
1865.0864,932.44037,1712.007,1106.925,1.0,0.06262873
1865.4733,1262.4993,1660.2764,1402.5099,1.0,0.08910297
1865.4733,1262.4993,1660.2764,1402.5099,1.0,0.08910297
1275.1084,1024.8104,1169.1842,1096.4933,1.0,0.01725126
1865.9347,872.3293,1722.247,1053.1912,1.0,0.083996885
1865.9347,872.3293,1722.247,1053.1912,1.0,0.083996885
647.14496,765.06824,648.03265,764.8099,1.0,0.06579706
647.14496,765.06824,648.03265,764.8099,1.0,0.06579706
1866.6847,1084.0851,1689.4788,1242.9443,1.0,0.04250607
1866.6847,1084.0851,1689.4788,1242.9443,1.0,0.04250607
1866.6847,1084.0851,1689.4788,1242.9443,1.0,0.04250607
1275.5123,139.81624,1309.2736,304.22263,1.0,0.04381372
967.20306,841.2364,922.65753,883.57477,1.0,0.17340015
213.35219,263.98502,338.76193,247.75209,1.0,0.058160447
1074.3883,1605.95,897.89886,1585.0602,1.0,0.17451565
1275.5923,898.1863,1189.6887,983.2017,1.0,0.0982284
1867.6875,47.803787,1854.0024,315.46442,1.0,0.1360876
1867.6875,47.803787,1854.0024,315.46442,1.0,0.1360876
1275.5923,898.1863,1189.6887,983.2017,1.0,0.0982284
966.94025,703.2781,944.0654,759.96643,1.0,0.043572135
1194.5801,25.692211,1254.8196,189.32008,1.0,0.03186024
559.93225,1969.2148,379.85956,1829.1144,1.0,0.059300672
559.93225,1969.2148,379.85956,1829.1144,1.0,0.059300672
1867.9055,354.14633,1805.7201,589.72736,1.0,0.08795335
1868.9849,1270.8518,1662.162,1410.4274,1.0,0.1788318
1869.191,731.9073,1747.3789,928.0001,1.0,0.11489041
1869.6938,1355.2946,1649.4276,1486.2247,1.0,0.110335425
1871.3969,137.82039,1843.0525,396.571,1.0,0.046108495
1871.3969,137.82039,1843.0525,396.571,1.0,0.046108495
1871.3969,137.82039,1843.0525,396.571,1.0,0.046108495
242.48944,939.14166,258.255,856.75665,1.0,0.05753696
456.51846,440.74884,528.5578,444.36914,1.0,0.055624135
1577.9789,30.526278,1597.2579,254.13185,1.0,0.030502869
1577.9789,30.526278,1597.2579,254.13185,1.0,0.030502869
1873.7855,791.3639,1742.1031,982.0465,1.0,0.10524707
932.3954,1139.7772,844.28955,1145.3048,1.0,0.09625598
1577.4802,406.37274,1537.653,590.5202,1.0,0.15397902
1874.0632,1558.857,1621.1887,1669.1432,1.0,0.098473825
214.5285,872.6896,243.61203,792.80066,1.0,0.10091266
214.5285,872.6896,243.61203,792.80066,1.0,0.10091266
1576.8351,1713.4885,1330.7036,1760.7211,1.0,0.124587335
1430.3418,236.10368,1432.6644,414.89014,1.0,0.012015131
560.83264,1101.7139,518.5965,1052.2827,1.0,1.0898681
1430.1969,865.10345,1333.3152,978.03033,1.0,0.091776356
1874.2362,879.3499,1728.5167,1060.8213,1.0,0.031418584
63.65205,743.77075,128.92007,653.67487,1.0,0.033852816
63.65205,743.77075,128.92007,653.67487,1.0,0.033852816
1874.3727,366.53644,1809.7278,601.7418,1.0,0.13504586
1874.6168,794.52893,1742.2247,984.9254,1.0,0.054700747
1875.2727,1262.4905,1669.0205,1403.9756,1.0,0.08218007
964.9953,428.7671,985.7249,513.89764,1.0,0.103963725
214.89671,224.3179,346.4154,212.45044,1.0,0.067942545
1576.1981,126.04332,1580.7876,339.26642,1.0,0.21321324
215.11716,912.69904,238.0055,828.7825,1.0,0.12813227
964.76624,626.1197,954.3768,690.5913,1.0,0.114824146
561.2361,1790.1337,409.25668,1669.0028,1.0,0.025011478
1876.3909,1538.597,1626.3981,1651.4128,1.0,0.02261993
1876.7189,1295.8789,1664.9724,1434.1469,1.0,0.016601562
64.53136,466.13455,173.61295,405.203,1.0,0.060029287
64.53136,466.13455,173.61295,405.203,1.0,0.060029287
64.5765,837.57385,115.07602,737.71277,1.0,0.13017572
1231.074,1827.1154,1003.10535,1807.8511,1.0,0.019133233
561.5901,390.83276,630.50287,416.34262,1.0,0.08405765
561.5901,390.83276,630.50287,416.34262,1.0,0.08405765
561.5901,390.83276,630.50287,416.34262,1.0,0.08405765
1878.661,1079.4681,1700.8822,1240.6394,1.0,0.073913954
1878.661,1079.4681,1700.8822,1240.6394,1.0,0.073913954
561.6108,1645.4288,432.54138,1539.4982,1.0,0.12464187
1878.777,1336.7946,1660.412,1471.1085,1.0,0.041427903
215.72249,1140.9524,202.49547,1033.238,1.0,0.10796246
648.5149,1847.3799,478.39587,1734.0211,1.0,0.05623816
561.6568,221.71594,657.352,264.79767,1.0,0.16571023
648.5149,1847.3799,478.39587,1734.0211,1.0,0.05623816
1878.7992,1528.6979,1630.1914,1642.9374,1.0,0.09646876
964.3734,1079.7563,882.3156,1096.6447,1.0,0.016079145
1573.5222,1988.7921,1284.1515,2006.6609,1.0,0.018982228
65.42698,1241.001,52.11414,1099.0979,1.0,0.07732246
65.42698,1241.001,52.11414,1099.0979,1.0,0.07732246
215.9976,1320.3397,174.44257,1193.8245,1.0,0.14255598
215.9976,1320.3397,174.44257,1193.8245,1.0,0.14255598
65.52443,1026.1222,86.12679,906.85565,1.0,0.15109338
1879.0621,1849.7703,1579.6873,1930.4463,1.0,0.053124715
1277.3927,1894.5492,1033.9935,1875.5398,1.0,0.080535695
1879.0621,1849.7703,1579.6873,1930.4463,1.0,0.053124715
1230.8844,10.442762,1289.6917,181.4848,1.0,0.108820945
1879.4309,1567.6726,1624.625,1677.8285,1.0,0.14399682
66.00086,1357.8503,34.11365,1203.781,1.0,0.01466709
1572.4756,412.72845,1532.0781,595.4265,1.0,0.06680225
1572.4756,412.72845,1532.0781,595.4265,1.0,0.06680225
1879.4309,1567.6726,1624.625,1677.8285,1.0,0.14399682
1880.738,1698.664,1605.0663,1795.3356,1.0,0.087903254
1230.8844,10.442762,1289.6917,181.4848,1.0,0.108820945
1880.7416,156.65828,1848.4828,414.85162,1.0,0.057097606
1061.9661,1000.33624,982.1996,1040.8702,1.0,0.07331014
1429.5724,1679.6952,1204.1118,1707.203,1.0,0.0382238
1277.7881,938.61127,1185.2585,1019.7056,1.0,0.09504781
216.18239,1719.7725,111.4216,1551.5317,1.0,0.010262667
1061.9661,1000.33624,982.1996,1040.8702,1.0,0.07331014
1881.7124,988.9319,1717.9877,1160.093,1.0,0.088001184
962.76434,1531.8822,809.5731,1501.1726,1.0,0.087314434
1883.3674,412.28314,1810.4541,644.15894,1.0,0.034951568
1883.3674,412.28314,1810.4541,644.15894,1.0,0.034951568
1372.6102,1771.4584,1138.7034,1780.2964,1.0,0.12354059
961.9594,938.57465,902.4686,969.78326,1.0,0.08905935
1429.1483,625.36487,1370.1481,763.19073,1.0,0.01776123
1429.1483,625.36487,1370.1481,763.19073,1.0,0.01776123
1570.2893,178.16876,1567.172,385.09427,1.0,0.08450097
1883.9673,1732.3053,1602.7725,1825.7861,1.0,0.3040586
961.9594,938.57465,902.4686,969.78326,1.0,0.08905935
453.04962,366.7382,537.0486,377.5185,1.0,0.061184306
961.7847,1167.799,866.1781,1174.9735,1.0,0.123685256
1883.9993,1581.3759,1626.4452,1690.8273,1.0,0.076855935
1278.3816,1128.7327,1155.3265,1189.3835,1.0,0.7673305
961.4516,830.9054,918.9798,873.37366,1.0,0.017693037
452.77264,1407.7236,372.5383,1309.519,1.0,0.04200914
1884.414,1562.2349,1629.8514,1673.7958,1.0,0.043024372
1278.5688,12.08547,1332.2028,190.30396,1.0,0.09653103
1230.086,1634.0461,1032.7051,1634.7987,1.0,0.036803745
960.8285,725.442,935.1351,778.8004,1.0,0.10268749
1885.707,806.67944,1750.2954,997.59186,1.0,0.03715758
930.93225,1661.8711,760.5964,1612.5499,1.0,0.13341354
1886.9033,137.09245,1857.0526,398.2329,1.0,0.093353234
1886.9395,1002.4856,1720.5925,1173.1278,1.0,0.14246944
1887.3624,1375.74,1661.9348,1507.2789,1.0,0.059677526
1567.8976,1753.3628,1316.3986,1794.888,1.0,0.14487652
1567.8976,1753.3628,1316.3986,1794.888,1.0,0.14487652
1279.1984,117.267265,1315.8424,284.56058,1.0,0.26712078
1567.5033,124.995285,1573.1693,337.08035,1.0,0.17887112
1887.968,1157.043,1696.997,1311.6196,1.0,0.0258403
217.8723,1095.3512,211.57884,992.6818,1.0,0.10151689
68.99574,728.74023,136.23518,640.923,1.0,0.1771648
564.56445,496.16492,616.4418,511.05334,1.0,0.044866912
217.8723,1095.3512,211.57884,992.6818,1.0,0.10151689
960.23157,53.5031,1040.6166,177.13602,1.0,0.0685844
1888.5419,1327.047,1670.804,1463.8696,1.0,0.16203812
1567.0115,1774.2031,1312.2489,1813.4707,1.0,0.05313439
1566.9888,1294.6035,1387.9325,1384.1278,1.0,0.040353794
1566.4883,80.49456,1579.1991,297.0953,1.0,0.09507401
1566.4883,80.49456,1579.1991,297.0953,1.0,0.09507401
1372.3508,41.082054,1411.5823,231.10307,1.0,0.07123362
1372.3121,1798.6006,1134.1064,1804.6017,1.0,0.065245986
1888.8036,1133.8071,1701.4302,1290.9788,1.0,0.04198314
1565.9541,1296.7804,1386.8195,1385.9658,1.0,0.20565559
70.64021,1252.5874,54.88566,1110.2769,1.0,0.013259881
1565.5719,498.97232,1512.3184,671.57513,1.0,0.09387715
1565.5719,498.97232,1512.3184,671.57513,1.0,0.09387715
930.93225,1661.8711,760.5964,1612.5499,1.0,0.13341354
1889.234,325.65396,1829.3978,567.34,1.0,0.17330584
1889.4053,1934.3755,1575.6101,2007.6819,1.0,0.12379549
1372.2142,1875.6068,1121.7822,1873.493,1.0,0.041052304
1372.2142,1875.6068,1121.7822,1873.493,1.0,0.041052304
930.93225,1661.8711,760.5964,1612.5499,1.0,0.13341354
930.9205,812.52655,894.561,852.0882,1.0,0.035519578
1229.1829,512.1697,1209.1074,630.2676,1.0,0.13105157
1564.9077,1739.3164,1315.8662,1781.9208,1.0,0.040913228
566.01654,510.99307,615.4731,524.52155,1.0,0.04118426
566.01654,510.99307,615.4731,524.52155,1.0,0.04118426
1229.1829,512.1697,1209.1074,630.2676,1.0,0.13105157
1564.9077,1739.3164,1315.8662,1781.9208,1.0,0.040913228
930.9205,812.52655,894.561,852.0882,1.0,0.035519578
1891.831,1788.1731,1600.3641,1878.221,1.0,1.0367568
1304.9758,2027.0187,1037.781,1998.4855,1.0,0.08397302
1564.1605,1515.8556,1350.5271,1581.6884,1.0,0.114205636
1229.0432,500.0417,1210.8341,619.3987,1.0,0.06726949
651.0052,1223.1086,579.18427,1175.455,1.0,0.086811066
449.27982,1888.3015,293.52786,1739.1853,1.0,0.024150822
824.5,625.10986,828.90344,667.5231,1.0,0.05767874
219.93846,258.8826,345.49814,244.17763,1.0,0.09637961
1891.8958,320.95193,1832.5553,563.7328,1.0,0.07817851
1063.817,1128.1536,963.8661,1155.6349,1.0,0.17903313
896.0828,1800.6935,707.39075,1731.2559,1.0,0.05818072
449.02893,2004.0131,275.04697,1842.7317,1.0,0.03729454
1892.3252,71.18569,1872.3473,340.12714,1.0,0.07361672
1894.289,1773.42,1605.4281,1864.4358,1.0,0.09969109
1562.3756,1286.7015,1385.0548,1376.3331,1.0,0.04744391
447.98764,814.47565,461.93036,777.5626,1.0,0.08573969
244.35127,276.9553,364.4969,264.0568,1.0,0.2061659
1281.97,874.8521,1198.9447,963.4098,1.0,0.089584805
1562.1978,1466.6482,1356.5035,1537.3391,1.0,0.07780132
1562.1978,1466.6482,1356.5035,1537.3391,1.0,0.07780132
447.14328,143.30023,567.2308,176.609,1.0,0.16573328
1897.218,1096.8152,1714.838,1259.1725,1.0,0.073854156
1897.5873,1101.7019,1714.3323,1263.5713,1.0,0.03606181
1371.7537,345.45764,1363.0098,503.49747,1.0,0.0877257
1561.6865,163.79184,1561.7465,370.91626,1.0,0.092219785
1898.0756,336.2466,1835.6859,578.37463,1.0,0.09003985
665.59644,293.30334,739.0417,345.3444,1.0,0.08654727
1561.6865,163.79184,1561.7465,370.91626,1.0,0.092219785
446.86548,586.00934,496.9757,572.8722,1.0,0.055474546
1561.0944,207.2654,1554.2992,409.64578,1.0,0.077720076
446.86038,2036.675,267.93195,1871.5992,1.0,0.056048356
652.17584,1757.2638,495.94366,1653.8511,1.0,0.11855197
1899.0568,1836.2273,1599.819,1921.4298,1.0,0.13440213
665.59644,293.30334,739.0417,345.3444,1.0,0.08654727
930.2929,424.679,955.26764,504.76398,1.0,0.06958276
1426.7391,81.67012,1453.899,276.01813,1.0,0.10275834
76.03458,592.9452,163.90244,520.5662,1.0,0.0653388
1064.4901,41.869007,1135.8912,183.18199,1.0,0.13158168
1426.7391,81.67012,1453.899,276.01813,1.0,0.10275834
930.2929,424.679,955.26764,504.76398,1.0,0.06958276
665.70654,89.84331,771.26013,163.29097,1.0,0.0941154
1899.1476,1382.8802,1671.2963,1515.5387,1.0,0.059676778
221.68822,980.79663,233.0494,890.7232,1.0,0.0870773
1899.2427,1471.6901,1657.3169,1595.2467,1.0,0.1587076
1426.332,36.6869,1460.7565,235.24632,1.0,0.5253553
1900.2106,1598.3179,1638.3735,1708.5653,1.0,0.11802325
222.03706,1270.3938,187.69626,1150.0981,1.0,0.093719006
1900.778,398.68414,1828.266,634.6416,1.0,0.1276719
1560.2708,1079.1019,1415.9886,1190.1525,1.0,0.09488908
1371.2865,1036.7894,1253.3936,1122.3848,1.0,0.02563738
1900.778,398.68414,1828.266,634.6416,1.0,0.1276719
956.3328,258.9442,1004.673,360.48242,1.0,0.03177406
445.94174,1626.5442,331.82794,1504.3285,1.0,0.013969453
1900.8337,1323.8818,1682.2247,1463.0336,1.0,0.06874683
245.2084,1201.1914,219.28781,1091.8235,1.0,0.012856886
1559.4491,299.71942,1538.2405,492.23035,1.0,0.043017372
568.19727,119.05069,679.31067,173.95674,1.0,0.05770184
652.3607,485.71536,696.84247,515.5143,1.0,0.11103442
929.9162,46.15069,1014.6411,165.81187,1.0,0.031755768
1904.6643,156.23302,1869.9976,418.2525,1.0,0.0855193
1904.6643,156.23302,1869.9976,418.2525,1.0,0.0855193
1426.07,476.08615,1390.9689,629.0799,1.0,0.026296804
444.80185,961.4183,435.94156,908.56116,1.0,0.16598065
666.2285,624.9745,687.23535,642.28687,1.0,0.14575957
1426.07,476.08615,1390.9689,629.0799,1.0,0.026296804
1906.4976,1043.8469,1731.5085,1213.1799,1.0,0.0833658
1906.6708,1263.5055,1696.8326,1409.8214,1.0,0.11213505
1558.1044,1879.5137,1287.5448,1906.4685,1.0,0.11173228
1906.677,303.36713,1848.5343,550.29517,1.0,0.04815763
443.92654,749.721,468.62045,718.9498,1.0,0.17533042
1906.677,303.36713,1848.5343,550.29517,1.0,0.04815763
1908.019,266.67316,1855.5881,517.6871,1.0,0.10778891
245.625,1022.3238,247.97176,931.67535,1.0,0.119673416
1908.9845,1150.4763,1716.9155,1309.0791,1.0,0.088409
1557.8749,581.2758,1492.3678,744.067,1.0,0.030767107
1908.9845,1150.4763,1716.9155,1309.0791,1.0,0.088409
1557.5435,1906.2654,1282.9164,1930.2069,1.0,0.04726896
652.9538,1052.9554,607.7631,1023.4683,1.0,0.042763043
1909.3225,1401.1211,1677.613,1533.4996,1.0,0.055332333
1557.2404,233.04114,1546.7699,432.16138,1.0,0.03279072
1909.3225,1401.1211,1677.613,1533.4996,1.0,0.055332333
1557.2251,465.36423,1510.1274,640.1863,1.0,0.070868626
1557.1204,393.109,1521.4127,575.44324,1.0,0.05069259
1910.0424,498.44614,1820.9286,725.44366,1.0,0.2280921
1370.7029,261.15323,1375.3257,427.92456,1.0,0.028471854
1064.7697,1195.9822,953.9954,1216.4558,1.0,0.18239969
1910.0941,1213.7002,1707.9191,1365.8307,1.0,0.08138804
1284.569,110.15814,1321.5472,280.9217,1.0,1.8599396
1284.569,110.15814,1321.5472,280.9217,1.0,1.8599396
1910.4071,1422.8927,1675.2194,1553.1956,1.0,0.12283513
79.70511,230.95404,224.36609,197.03584,1.0,0.10327041
1556.6521,1627.9716,1326.0325,1680.9302,1.0,0.023981769
954.90594,264.4817,1002.38617,365.39044,1.0,0.20018096
1556.4454,1249.794,1385.557,1342.3531,1.0,0.03344749
1556.0979,931.6948,1435.4081,1057.5907,1.0,0.09956643
1556.0837,1035.025,1419.029,1149.9004,1.0,0.12802574
1284.5819,1176.3373,1153.9176,1233.6345,1.0,0.18879321
1192.5115,685.3619,1148.8561,779.43787,1.0,0.13212082
442.0511,267.0375,543.0114,286.57883,1.0,0.038670335
881.137,299.0666,931.0625,384.49326,1.0,0.081867784
283.34802,1960.9581,133.54582,1778.0094,1.0,0.076362036
80.56902,100.68277,245.61916,80.568855,1.0,0.014454616
80.56902,100.68277,245.61916,80.568855,1.0,0.014454616
442.0511,267.0375,543.0114,286.57883,1.0,0.038670335
1911.7828,612.6212,1804.2877,827.9809,1.0,0.048270628
1555.2511,1638.9596,1323.0406,1690.9155,1.0,0.35560665
1911.832,1838.4517,1610.8768,1925.4639,1.0,0.106010035
1555.213,1639.2618,1323.0406,1690.9155,1.0,0.13381518
245.85287,966.26276,256.99976,881.56104,1.0,0.07403866
81.20736,892.8625,121.185165,789.85004,1.0,0.07926082
1913.0763,356.60074,1845.8885,598.9692,1.0,0.07551085
1913.1292,503.97324,1822.5984,730.8615,1.0,0.06381957
81.43275,1592.4496,10.876268,1416.1573,1.0,0.104025066
1913.2225,1243.4438,1706.0109,1392.9426,1.0,0.072034515
1095.1698,1187.1107,982.46436,1213.417,1.0,0.020960934
1095.1698,1187.1107,982.46436,1213.417,1.0,0.020960934
1913.9869,1943.9149,1596.1544,2020.1864,1.0,0.10516377
1226.7263,1596.487,1035.692,1600.7743,1.0,0.13124306
440.80542,1535.6554,341.54236,1422.1655,1.0,0.05282927
690.69025,1972.6194,496.39563,1852.8083,1.0,0.06831631
1177.848,1178.7552,1057.8849,1218.9121,1.0,0.11027078
1913.9869,1943.9149,1596.1544,2020.1864,1.0,0.10516377
1554.1268,1928.4126,1276.3954,1949.4778,1.0,0.08515444
283.05817,563.6555,353.9089,527.0388,1.0,0.10399182
82.097984,1278.1543,61.1626,1134.948,1.0,0.07436997
82.097984,1278.1543,61.1626,1134.948,1.0,0.07436997
245.88834,1048.8855,243.90434,955.498,1.0,0.08572635
1553.3851,311.12112,1530.9783,501.43753,1.0,0.04228468
666.39764,1958.3522,476.89963,1836.2068,1.0,0.07004874
82.57055,465.61066,189.83751,407.5318,1.0,0.08666858
1553.1628,1655.0311,1318.6146,1704.5485,1.0,0.07061248
82.7005,775.48505,141.01183,685.0458,1.0,0.02290055
928.64435,1303.1179,815.0718,1290.9838,1.0,0.023344252
1346.5563,1877.2764,1098.5935,1870.9392,1.0,0.047625884
440.10287,801.6907,456.9192,764.92505,1.0,0.09191891
440.10287,801.6907,456.9192,764.92505,1.0,0.09191891
1095.5507,1698.6869,902.0663,1671.4469,1.0,0.03555501
928.64435,1303.1179,815.0718,1290.9838,1.0,0.023344252
1552.6477,699.97015,1468.9163,849.4669,1.0,0.025401186
1552.3741,239.8333,1541.3658,437.45856,1.0,0.061714005
1917.0217,106.12885,1889.0233,375.26038,1.0,0.16853376
438.5794,1249.5856,384.83078,1165.6405,1.0,0.083598696
1177.6746,81.99263,1230.8363,236.99254,1.0,0.07554206
571.74854,1181.4644,513.86945,1124.8389,1.0,1.2327167
83.66297,981.58704,109.417465,869.66986,1.0,0.11394901
1919.599,867.695,1770.9937,1057.5808,1.0,0.02299592
1225.8859,995.8285,1129.5743,1062.8558,1.0,0.124606766
1919.599,867.695,1770.9937,1057.5808,1.0,0.02299592
572.1302,1259.7218,502.79813,1195.7877,1.0,0.09088441
572.1302,1259.7218,502.79813,1195.7877,1.0,0.09088441
1920.0436,1059.6471,1741.0695,1229.5245,1.0,0.024305483
572.2623,86.27856,688.128,145.29408,1.0,0.044857167
572.31085,1766.363,422.99216,1649.4617,1.0,0.08713256
572.31085,1766.363,422.99216,1649.4617,1.0,0.08713256
1920.286,719.1285,1795.1216,924.67645,1.0,0.08280923
1921.119,1302.5718,1703.7059,1447.1053,1.0,0.05612049
436.95807,1428.0852,355.20084,1325.154,1.0,0.107223265
436.95807,1428.0852,355.20084,1325.154,1.0,0.107223265
436.91202,1253.0508,382.83188,1168.4711,1.0,0.124172516
436.91202,1253.0508,382.83188,1168.4711,1.0,0.124172516
1550.5415,151.10522,1553.9954,357.96222,1.0,0.3660273
927.7955,1097.3267,846.8137,1106.5896,1.0,0.03516245
285.30716,1950.8412,136.87622,1769.3407,1.0,0.05426698
1924.7731,1243.5859,1716.3448,1394.8646,1.0,0.1001051
1924.7968,895.21893,1771.2952,1083.042,1.0,0.015998663
1924.7968,895.21893,1771.2952,1083.042,1.0,0.015998663
572.67035,738.43933,585.5335,729.24054,1.0,0.037477426
1423.3508,720.1691,1350.0776,847.13007,1.0,0.10469051
1423.3322,361.45294,1406.6678,525.9689,1.0,0.08822805
878.36426,1668.9193,712.2977,1610.4998,1.0,0.028744968
86.72258,1131.105,88.51697,1004.0705,1.0,0.06614647
86.72258,1131.105,88.51697,1004.0705,1.0,0.06614647
1548.9222,1706.9496,1306.7516,1750.4038,1.0,0.1295323
878.23584,299.57806,928.4721,384.6122,1.0,0.1373112
1926.8517,1480.7324,1680.7758,1607.6217,1.0,0.104346626
881.8947,1732.5621,705.4575,1668.0394,1.0,0.057241995
572.9385,672.5652,596.20184,670.31445,1.0,0.06764353
572.9385,672.5652,596.20184,670.31445,1.0,0.06764353
1927.0822,285.20636,1869.6478,537.5322,1.0,0.26299933
87.34865,1018.9991,106.578125,903.9656,1.0,0.21407458
1927.0876,285.42288,1869.6478,537.5322,1.0,0.086132176
881.9404,1958.6299,669.79175,1870.4542,1.0,0.034342404
1927.0876,285.42288,1869.6478,537.5322,1.0,0.086132176
1286.7144,1982.1774,1028.6775,1955.5845,1.0,0.28643164
1548.117,93.134026,1560.7346,305.4429,1.0,0.08347485
282.64893,1429.4954,216.80968,1302.0315,1.0,0.11733097
1927.6091,1136.4637,1735.7225,1299.4082,1.0,0.059629567
877.60284,2007.7933,658.1762,1913.825,1.0,0.06862415
877.60284,2007.7933,658.1762,1913.825,1.0,0.06862415
1928.3492,114.559235,1897.8574,384.92947,1.0,0.28584954
667.0648,1578.5251,537.2829,1496.2924,1.0,0.11695306
1929.5897,1225.3081,1723.5352,1379.2955,1.0,0.07755193
1929.6973,339.33038,1863.4164,586.12036,1.0,0.01935546
1930.12,453.90906,1845.7266,688.7021,1.0,0.085343234
1930.2045,1839.3905,1627.1647,1929.0776,1.0,0.14801532
1286.6948,1997.4608,1026.0355,1969.0781,1.0,0.060002245
1547.3962,1035.3616,1411.4185,1149.1316,1.0,0.24524172
1547.3962,1035.3616,1411.4185,1149.1316,1.0,0.24524172
1931.0013,1354.2385,1704.2904,1494.9828,1.0,0.082626544
1931.3228,1371.1711,1702.0667,1510.2141,1.0,0.0857754
433.82504,333.667,525.42267,344.58948,1.0,0.4742626
693.14355,686.73975,701.6137,701.907,1.0,0.11270206
433.82504,333.667,525.42267,344.58948,1.0,0.4742626
1825.4363,1258.1542,1625.1406,1392.2965,1.0,0.11120203
1932.2756,292.9124,1873.1537,544.9868,1.0,0.09756628
1224.8135,109.86687,1268.5656,269.19724,1.0,0.23389265
1287.0833,489.65292,1264.382,619.2179,1.0,0.05896451
1546.072,229.1684,1537.3677,426.91824,1.0,0.036593873
1934.2233,1790.9598,1638.3137,1886.4082,1.0,0.060195643
1935.3019,1158.6007,1739.1423,1320.4794,1.0,0.041728947
432.04944,1227.7991,382.4524,1145.1216,1.0,0.10422076
693.47986,1103.7057,636.0488,1075.3328,1.0,0.056926794
1422.1791,1584.8969,1212.5466,1621.1448,1.0,0.124963574
1287.3912,1835.5336,1052.143,1824.2247,1.0,0.056108274
89.69112,905.32623,127.025894,802.4452,1.0,0.27933946
574.34204,1266.3955,503.68317,1202.153,1.0,0.034854494
574.34204,1266.3955,503.68317,1202.153,1.0,0.034854494
1422.0059,1416.3868,1238.7302,1470.2548,1.0,0.13796349
1935.69,1829.702,1633.5813,1921.4485,1.0,0.09390667
1545.2437,1601.5981,1320.0236,1655.5438,1.0,0.062148295
431.69525,166.27591,549.6934,194.74826,1.0,0.087340735
1935.9556,1630.5483,1665.2217,1743.088,1.0,0.052160602
667.91736,2010.8384,469.96555,1883.4707,1.0,0.07798431
1936.2218,24.041418,1919.0708,304.9596,1.0,0.07237205
1936.6194,668.7824,1817.6288,882.06506,1.0,0.120330185
1344.5405,1081.3143,1222.462,1158.0692,1.0,0.055831123
1937.332,1283.0168,1721.3649,1432.1936,1.0,0.08280543
1937.8365,1391.6909,1704.6895,1529.4835,1.0,0.14724559
1096.9683,1025.9456,1009.6047,1069.379,1.0,0.10160548
1940.5912,260.73697,1885.6282,517.45844,1.0,0.060817514
1543.7799,1523.2692,1330.8668,1585.1251,1.0,0.15815644
1543.6365,593.4445,1477.7008,752.63007,1.0,0.07378754
882.8862,1142.6903,799.47144,1140.0593,1.0,0.08497937
1224.0746,1477.5269,1052.1292,1493.6913,1.0,0.13175872
1941.0845,645.0026,1825.3907,861.52704,1.0,0.07804058
1941.0845,645.0026,1825.3907,861.52704,1.0,0.07804058
282.17972,182.63556,413.28864,185.81165,1.0,0.1272757
1223.9486,958.0206,1133.9122,1028.5697,1.0,0.05961082
1942.2208,1205.7737,1737.9595,1363.787,1.0,0.11237433
1094.0681,1664.6724,906.141,1640.7324,1.0,0.07784328
1942.2208,1205.7737,1737.9595,1363.787,1.0,0.11237433
1288.3103,1601.0999,1090.1206,1614.5726,1.0,0.116569035
1223.9486,958.0206,1133.9122,1028.5697,1.0,0.05961082
1288.606,1238.6812,1147.5675,1290.1604,1.0,0.09402584
1421.559,486.87436,1385.3217,637.95746,1.0,0.132985
92.12774,250.80978,232.31334,216.81651,1.0,0.058775242
288.55103,1509.8813,209.45851,1375.0131,1.0,0.11104996
1540.7748,91.53576,1554.6865,302.99548,1.0,0.35714272
874.8812,1467.5743,741.11945,1429.6183,1.0,0.18981121
1077.5187,213.45428,1120.4023,338.93317,1.0,0.05148083
427.59598,1160.891,388.9298,1084.5394,1.0,0.00406709
1945.2874,1072.5007,1761.6685,1245.0288,1.0,0.047016725
1945.5784,891.49927,1790.5492,1082.9905,1.0,0.07752849
1289.2059,1611.2057,1089.2773,1623.7412,1.0,0.06290543
1175.6593,513.58545,1160.9647,623.0368,1.0,0.14843047
1945.5784,891.49927,1790.5492,1082.9905,1.0,0.07752849
1539.6143,178.7045,1539.6401,380.72742,1.0,0.100522086
1945.7834,249.53352,1892.012,508.32294,1.0,0.040322036
1539.2391,1515.8303,1328.203,1577.7957,1.0,0.0766792
1077.7042,1185.918,967.0252,1209.5361,1.0,0.044054575
1289.2059,1611.2057,1089.2773,1623.7412,1.0,0.06290543
93.32097,1006.18396,114.13191,893.29504,1.0,0.0605273
1948.372,1322.2798,1725.0325,1469.1637,1.0,0.08848414
426.28992,41.81001,564.5011,82.416374,1.0,0.08845185
1949.1687,1730.5903,1661.2994,1834.721,1.0,0.09467275
1949.5272,1784.0321,1653.2167,1882.7949,1.0,0.1552624
1223.1962,919.136,1139.4081,993.6911,1.0,0.033887267
1950.0447,1063.5396,1767.3755,1237.6803,1.0,0.075780004
924.1305,440.33395,947.3104,517.8183,1.0,0.09856076
94.20158,1657.9065,12.018338,1476.9033,1.0,0.041271973
94.20158,1657.9065,12.018338,1476.9033,1.0,0.041271973
576.7708,580.24054,614.1992,588.2352,1.0,0.058134504
1223.1962,919.136,1139.4081,993.6911,1.0,0.033887267
1538.3962,89.839,1552.548,301.0219,1.0,0.06899924
1952.5106,181.78471,1908.7656,448.8717,1.0,0.18551752
248.77678,265.82004,370.21555,254.9189,1.0,0.10098043
1290.3447,561.3202,1256.0516,683.96094,1.0,0.07501884
1290.3822,969.301,1191.6791,1049.0975,1.0,0.13906172
1290.3822,969.301,1191.6791,1049.0975,1.0,0.13906172
424.16998,1120.5621,392.3209,1047.8691,1.0,0.0989295
424.16998,1120.5621,392.3209,1047.8691,1.0,0.0989295
1955.1029,1141.0143,1759.5966,1307.9247,1.0,0.04544837
95.85032,1131.5657,96.64675,1005.94006,1.0,0.099148326
1955.1376,1732.6018,1666.3794,1837.4808,1.0,0.13437392
689.19135,1005.9257,647.59503,987.06323,1.0,0.037042506
689.1885,1896.7449,507.01715,1784.6462,1.0,0.057674862
423.86993,1787.7644,286.77893,1645.2952,1.0,0.18747763
96.07458,576.92487,184.36385,509.36212,1.0,0.06421685
1955.464,1829.1462,1651.329,1923.9762,1.0,0.04156203
1955.5731,1684.4594,1674.3308,1794.5077,1.0,0.09080957
1956.501,819.3577,1811.6746,1020.10187,1.0,0.04503621
423.27625,46.407898,561.1454,86.08501,1.0,0.15209968
248.88144,512.2386,331.51242,475.51788,1.0,0.20680556
1342.8239,1020.2428,1230.5938,1103.1111,1.0,0.08017195
1957.286,1597.0474,1689.6105,1716.4792,1.0,0.043437995
1290.8201,761.28845,1224.9077,863.03394,1.0,0.075526044
1419.9186,1884.383,1163.2725,1888.8334,1.0,0.1743658
291.34766,464.45828,377.0173,439.5471,1.0,0.13227898
291.34766,464.45828,377.0173,439.5471,1.0,0.13227898
1959.8564,1332.132,1733.7084,1479.7306,1.0,0.013715945
1960.2244,1173.7957,1759.106,1338.0079,1.0,0.09099873
1960.2244,1173.7957,1759.106,1338.0079,1.0,0.09099873
422.4091,308.12042,519.01636,320.2549,1.0,0.11383292
1078.1008,1643.0321,895.19336,1618.8259,1.0,0.05673437
97.03314,1629.9299,18.89431,1452.3077,1.0,0.051063377
97.050575,1021.83026,114.9685,907.8745,1.0,0.023799114
248.99683,1471.6741,179.99237,1334.5818,1.0,0.023471693
1291.4136,1889.5598,1047.3141,1873.2759,1.0,0.0592827
1535.0701,1498.6317,1327.2163,1561.7253,1.0,0.10867858
1962.1022,1928.2269,1641.76,2013.6902,1.0,0.17045571
1962.1022,1928.2269,1641.76,2013.6902,1.0,0.17045571
1535.0701,1498.6317,1327.2163,1561.7253,1.0,0.10867858
1347.6283,489.0787,1318.729,628.2852,1.0,0.07158622
1098.5521,1050.9979,1007.08673,1092.0428,1.0,0.123327084
1098.5521,1050.9979,1007.08673,1092.0428,1.0,0.123327084
1964.1863,1473.7968,1715.283,1607.2455,1.0,0.074652456
1358.8186,174.33844,1378.4425,348.28638,1.0,0.074827366
1534.0343,1581.9219,1313.1246,1636.1145,1.0,0.09678267
870.72906,1710.4502,698.9422,1646.4596,1.0,0.061607696
1533.4951,163.27116,1536.5619,365.97534,1.0,0.060528412
696.033,1820.6416,525.2686,1717.4911,1.0,0.18746161
696.033,1820.6416,525.2686,1717.4911,1.0,0.18746161
922.9215,750.99347,897.06836,795.8114,1.0,0.0538816
1419.4441,111.83171,1442.5795,301.8947,1.0,0.06819941
98.67647,789.1814,153.12433,699.8813,1.0,0.048308276
98.67647,789.1814,153.12433,699.8813,1.0,0.048308276
1419.4441,111.83171,1442.5795,301.8947,1.0,0.06819941
1532.9296,1493.9526,1326.0245,1557.1677,1.0,0.104598016
420.3366,1418.0149,341.87057,1313.5603,1.0,0.047024656
292.33624,531.744,367.29395,499.91754,1.0,0.14497916
98.85912,587.4153,185.12375,519.2123,1.0,0.024522774
1358.8186,174.33844,1378.4425,348.28638,1.0,0.074827366
1966.3848,1873.1996,1654.2152,1965.1909,1.0,0.0909001
419.5622,1354.0167,351.255,1256.1388,1.0,0.036766082
419.5622,1354.0167,351.255,1256.1388,1.0,0.036766082
292.39938,596.18665,357.14682,557.57,1.0,0.12909149
1532.088,526.89307,1477.946,691.20825,1.0,0.13608044
870.144,1168.4984,784.0184,1161.1733,1.0,0.09752073
1967.7418,304.41843,1903.0237,560.8357,1.0,0.0621773
292.67593,1352.6931,237.99681,1234.9841,1.0,0.1422784
419.0422,1298.3861,359.56702,1206.2762,1.0,0.012076982
869.6617,1556.1003,722.36035,1508.1318,1.0,0.053259216
419.0422,1298.3861,359.56702,1206.2762,1.0,0.012076982
1971.1786,1904.3778,1653.5934,1993.808,1.0,0.10340573
922.11926,1497.8452,778.5117,1464.2188,1.0,0.07049812
1530.2993,1017.8345,1399.0175,1130.8313,1.0,0.40377325
1974.0176,1083.032,1785.703,1258.9386,1.0,0.019262757
580.53186,1800.1565,424.97867,1681.0084,1.0,0.0479107
1529.4404,851.99915,1424.2004,981.9541,1.0,0.055993993
922.11926,1497.8452,778.5117,1464.2188,1.0,0.07049812
1529.4404,851.99915,1424.2004,981.9541,1.0,0.055993993
922.11926,1497.8452,778.5117,1464.2188,1.0,0.07049812
1099.1571,866.8746,1036.6364,927.32184,1.0,0.061498486
1347.6283,489.0787,1318.729,628.2852,1.0,0.07158622
1099.1571,866.8746,1036.6364,927.32184,1.0,0.061498486
1293.4725,125.32439,1327.6504,294.04843,1.0,0.075516306
101.99005,1068.252,112.1029,950.17737,1.0,0.06594401
101.99005,1068.252,112.1029,950.17737,1.0,0.06594401
1975.467,1914.0177,1655.9065,2003.1251,1.0,0.09612105
1975.9,81.43361,1945.3978,363.10916,1.0,0.57452095
1527.8711,94.6531,1542.3887,303.58316,1.0,0.11314309
1293.6918,451.416,1276.3966,586.04224,1.0,0.08555041
293.52155,1455.6642,222.32227,1327.4187,1.0,0.142876
293.52155,1455.6642,222.32227,1327.4187,1.0,0.142876
1976.8062,273.1989,1916.1149,534.2602,1.0,0.13537164
1293.8243,1465.4446,1116.4602,1493.9292,1.0,0.09639768
1293.8243,1465.4446,1116.4602,1493.9292,1.0,0.09639768
414.7114,1241.9464,364.5346,1155.0972,1.0,0.06473572
697.40717,811.2744,685.6991,814.0792,1.0,0.056283947
414.60733,1241.9971,364.5346,1155.0972,1.0,0.0409424
250.48041,235.96483,376.43222,228.45348,1.0,0.087433934
414.15295,1558.9506,314.092,1438.8478,1.0,0.066916585
920.99634,321.47345,963.18964,410.88846,1.0,0.034696434
413.93723,495.18076,481.99197,486.267,1.0,0.23710017
1173.8713,948.0471,1090.6611,1011.7669,1.0,0.029668422
413.93723,495.18076,481.99197,486.267,1.0,0.23710017
1099.6388,866.9012,1037.5194,926.0602,1.0,1.4623908
920.99634,321.47345,963.18964,410.88846,1.0,0.034696434
1980.5194,1852.0151,1670.1356,1948.4138,1.0,0.026722249
250.6767,668.1669,308.4304,615.50275,1.0,0.11519403
1524.6534,1507.2233,1316.6288,1567.7041,1.0,0.2192117
1417.5864,79.6443,1445.9456,272.8409,1.0,0.038462803
413.39975,1434.745,332.99228,1327.4641,1.0,0.013884392
1981.9268,1437.336,1736.9951,1577.4012,1.0,0.14841264
1524.5505,80.112724,1541.6581,290.1786,1.0,0.07809638
867.5516,324.75604,914.8502,405.45364,1.0,0.058362186
867.5516,324.75604,914.8502,405.45364,1.0,0.058362186
280.66702,1383.495,222.284,1260.6018,1.0,0.055828195
1981.9268,1437.336,1736.9951,1577.4012,1.0,0.14841264
1983.2261,926.4694,1818.6433,1120.2113,1.0,0.034593098
1079.5028,1126.4468,978.0995,1156.5768,1.0,0.10426107
582.56696,1243.944,514.64355,1183.3573,1.0,0.08595451
105.66114,1434.8524,57.528683,1278.9694,1.0,0.07585433
105.66114,1434.8524,57.528683,1278.9694,1.0,0.07585433
1983.2261,926.4694,1818.6433,1120.2113,1.0,0.034593098
250.88628,1254.2943,216.02498,1140.2328,1.0,0.05949552
1523.0183,1508.9474,1314.8232,1568.9907,1.0,0.156867
106.46765,1213.5399,93.192184,1080.9619,1.0,0.079770446
106.46765,1213.5399,93.192184,1080.9619,1.0,0.079770446
1986.1832,1630.7834,1710.2689,1751.296,1.0,0.15186416
670.4818,1533.2529,547.60974,1456.3187,1.0,0.06846657
1986.6547,1529.6367,1726.6533,1660.7966,1.0,0.14466903
251.08253,1189.0516,226.51639,1081.8655,1.0,0.06845336
670.4818,1533.2529,547.60974,1456.3187,1.0,0.06846657
1988.7161,1714.5852,1699.0017,1826.8573,1.0,0.22611709
410.3806,67.281906,546.1303,102.66484,1.0,0.07608351
410.326,2024.1908,237.18845,1854.6917,1.0,0.019132508
919.5147,954.1821,861.9294,977.2481,1.0,0.11855714
409.56216,805.1877,429.034,763.19995,1.0,0.108873874
409.56216,805.1877,429.034,763.19995,1.0,0.108873874
107.23825,572.849,194.99644,507.58398,1.0,0.092277944
688.6154,1402.6344,584.56494,1342.155,1.0,0.117017895
1295.8969,74.64123,1337.8567,249.03757,1.0,0.11227325
1991.8917,1784.9694,1690.9836,1890.166,1.0,0.1027442
1993.1704,1592.3839,1722.4242,1717.994,1.0,0.01287538
688.6154,1402.6344,584.56494,1342.155,1.0,0.117017895
408.92966,1691.0145,288.56647,1556.1768,1.0,0.046561945
688.6154,1402.6344,584.56494,1342.155,1.0,0.117017895
1994.2157,151.39786,1950.8232,428.0713,1.0,0.026380058
408.692,245.49521,516.5891,262.0239,1.0,0.08114548
1185.3759,1900.6906,950.4657,1866.4219,1.0,0.12238596
1519.527,285.17145,1504.681,472.8481,1.0,0.08944108
1416.6982,112.47046,1439.9929,302.04117,1.0,0.039589804
1416.6982,112.47046,1439.9929,302.04117,1.0,0.039589804
1519.3005,1860.4191,1255.9751,1883.0757,1.0,0.124107815
1518.9288,1373.9407,1332.3414,1447.4481,1.0,0.11218368
866.02844,453.78027,893.09607,520.646,1.0,0.051255323
1995.7521,1052.811,1809.9691,1235.2726,1.0,0.07298304
108.53312,1720.2751,15.133867,1535.072,1.0,0.18840076
108.53312,1720.2751,15.133867,1535.072,1.0,0.18840076
108.53726,553.7621,199.17284,490.64346,1.0,0.05458758
408.21033,281.20496,510.45908,293.86432,1.0,0.055109728
1995.7521,1052.811,1809.9691,1235.2726,1.0,0.07298304
865.85504,1767.6284,685.6041,1696.9365,1.0,0.09489073
1517.5062,1642.0702,1288.7997,1687.3029,1.0,0.10234415
1517.5062,1642.0702,1288.7997,1687.3029,1.0,0.10234415
885.42596,105.4343,965.4674,211.78331,1.0,0.109919086
1996.5215,141.13103,1954.5851,419.07684,1.0,0.17498569
1996.5215,141.13103,1954.5851,419.07684,1.0,0.17498569
1997.0887,969.5551,1824.339,1160.9781,1.0,0.07802289
1516.1542,1759.0725,1269.2189,1791.9661,1.0,0.16440582
1357.6216,602.39575,1309.7789,731.3015,1.0,0.071248524
1100.5083,1787.1868,892.5785,1751.4792,1.0,0.07581048
109.277016,1599.2878,34.816875,1426.7606,1.0,0.08339746
1220.3842,14.598255,1279.543,183.49239,1.0,0.11868932
296.3769,1673.8423,190.52237,1523.0972,1.0,0.060914174
585.0068,1149.1188,531.68866,1098.821,1.0,0.03760999
1080.0497,1225.4569,962.87006,1245.2316,1.0,0.11220654
1999.0571,42.90593,1972.2847,331.71744,1.0,0.028717738
1999.0571,42.90593,1972.2847,331.71744,1.0,0.028717738
699.2067,16.875242,812.79785,103.1804,1.0,0.11000455
1357.6216,602.39575,1309.7789,731.3015,1.0,0.071248524
864.9638,1957.407,654.9043,1866.6888,1.0,0.1511865
699.3729,1488.7638,580.5695,1420.9004,1.0,0.11858339
699.3729,1488.7638,580.5695,1420.9004,1.0,0.11858339
864.5853,738.80853,846.7906,775.5976,1.0,0.046149842
110.54555,581.8282,196.5145,516.07495,1.0,0.026140796
110.54555,581.8282,196.5145,516.07495,1.0,0.026140796
2002.0222,218.37062,1947.3468,489.33014,1.0,0.104348384
2002.0222,218.37062,1947.3468,489.33014,1.0,0.104348384
2003.0365,1477.326,1749.4082,1616.4954,1.0,0.052326035
917.89575,1386.034,792.4291,1363.4813,1.0,0.09258317
404.58548,1428.567,326.09854,1320.546,1.0,0.030082857
404.58548,1428.567,326.09854,1320.546,1.0,0.030082857
297.32098,549.36127,368.8596,516.4403,1.0,0.05362536
297.32098,549.36127,368.8596,516.4403,1.0,0.05362536
403.82312,1273.3213,350.04202,1181.4375,1.0,0.14786217
1511.891,292.22333,1496.7281,477.76974,1.0,0.25130543
403.53363,931.21747,403.6486,875.07715,1.0,0.044291258
917.33075,574.1902,920.07056,636.64136,1.0,0.09236031
886.35175,1784.9495,701.18616,1715.6621,1.0,0.06068396
1415.466,1290.0339,1253.0231,1356.0983,1.0,0.06437505
1415.466,1290.0339,1253.0231,1356.0983,1.0,0.06437505
1348.2816,370.0678,1338.1078,521.92035,1.0,0.08332139
2005.9645,1167.271,1801.105,1339.3767,1.0,0.11227848
1415.4095,144.0675,1433.8665,329.95862,1.0,0.18701817
402.89908,158.6171,524.98193,183.27971,1.0,0.07220419
2009.0577,1257.875,1789.4958,1420.971,1.0,0.058565386
2009.0577,1257.875,1789.4958,1420.971,1.0,0.058565386
2009.6846,1856.0624,1695.6956,1956.568,1.0,0.13888496
402.41434,849.81226,415.6175,802.01746,1.0,0.13643564
1298.5867,72.21607,1340.7194,247.35667,1.0,0.15295736
700.17444,840.451,683.651,840.7304,1.0,0.11392995
1509.3484,215.10255,1506.6288,408.52057,1.0,0.084195696
700.17444,840.451,683.651,840.7304,1.0,0.11392995
402.091,1342.3678,337.52927,1243.044,1.0,0.10244958
1508.7274,1468.8278,1308.2461,1530.9177,1.0,0.023922356
886.83435,1238.9889,787.8257,1226.9407,1.0,0.082987905
1508.3544,1390.0476,1320.5146,1460.2834,1.0,0.18458687
886.87683,1511.4916,744.84344,1470.9143,1.0,0.08042676
402.091,1342.3678,337.52927,1243.044,1.0,0.10244958
112.60211,735.6528,174.1548,654.0632,1.0,0.1165035
1357.3064,214.1749,1370.9031,383.86877,1.0,0.22291103
917.33075,574.1902,920.07056,636.64136,1.0,0.09236031
1507.7664,763.8715,1418.698,899.6398,1.0,0.049300086
298.50537,1621.152,200.45177,1475.7949,1.0,0.4948003
2011.0111,643.4574,1888.1918,871.3149,1.0,0.06270319
700.37494,1658.3241,554.61255,1572.8624,1.0,0.082164295
700.37494,1658.3241,554.61255,1572.8624,1.0,0.082164295
1507.1776,63.52565,1528.6707,272.53024,1.0,0.020125411
886.87683,1511.4916,744.84344,1470.9143,1.0,0.08042676
2011.3743,1815.2179,1703.6116,1920.308,1.0,0.078836724
2011.6332,783.5406,1866.7494,996.7669,1.0,0.09753573
401.50504,873.30054,410.9879,822.9588,1.0,0.023202293
401.50504,873.30054,410.9879,822.9588,1.0,0.023202293
2011.83,146.0953,1967.5063,426.10672,1.0,0.049941678
1299.3008,926.2527,1206.3447,1012.08124,1.0,0.041558847
2012.5609,1471.2313,1759.006,1612.5453,1.0,0.09412088
2012.5609,1471.2313,1759.006,1612.5453,1.0,0.09412088
863.20135,1860.3441,668.52325,1779.4773,1.0,0.043898027
2013.4506,183.6229,1963.01,459.82544,1.0,0.13624835
1505.9498,348.9328,1482.5609,527.7696,1.0,0.07856702
588.04083,831.4804,584.7075,814.9017,1.0,0.14683934
588.04083,831.4804,584.7075,814.9017,1.0,0.14683934
863.0158,133.9826,940.7548,234.0492,1.0,0.17585678
1505.1638,1778.0336,1256.2823,1807.1367,1.0,0.06103528
687.9805,258.31494,766.1992,318.39352,1.0,1.8573036
1218.7716,1737.2305,1006.4412,1725.4192,1.0,0.17362261
687.9805,258.31494,766.1992,318.39352,1.0,1.8573036
1101.8774,298.22375,1128.8888,418.66058,1.0,0.10983287
1357.1476,2011.587,1086.9307,1992.8136,1.0,0.118934326
2013.5781,383.07025,1931.6339,638.4851,1.0,0.059458394
1101.8774,298.22375,1128.8888,418.66058,1.0,0.10983287
1504.3528,331.95074,1483.7896,512.3972,1.0,0.012344351
400.6751,1208.6145,357.4177,1122.9331,1.0,0.15237877
1101.8774,298.22375,1128.8888,418.66058,1.0,0.10983287
1357.1476,2011.587,1086.9307,1992.8136,1.0,0.118934326
299.63724,526.68884,374.5069,496.525,1.0,0.036417075
299.70157,1397.5077,237.1619,1276.2031,1.0,0.0907633
115.369606,1138.0917,113.04644,1014.86957,1.0,0.058612846
115.44174,973.3941,139.13782,867.38776,1.0,0.07961652
1101.9285,453.46997,1104.4517,557.55756,1.0,0.16481496
299.7784,33.096245,452.5834,54.679035,1.0,0.054275844
299.8804,689.84784,348.97272,642.654,1.0,0.02978178
2014.4761,1637.8848,1734.4336,1762.0963,1.0,0.10506248
2014.6415,580.5411,1901.4365,815.48804,1.0,0.047046665
2015.0222,1416.059,1769.9128,1563.5618,1.0,0.08003243
399.79263,835.85486,415.46344,789.1206,1.0,0.122756876
399.68027,1786.7485,264.35107,1640.2904,1.0,0.8001237
1299.6661,117.02595,1334.46,287.52203,1.0,0.13467495
1501.4581,11.463327,1531.6981,225.03406,1.0,0.091188565
1339.592,610.3587,1292.4253,735.67694,1.0,0.10976287
2020.986,562.36615,1909.9763,800.2125,1.0,0.04002287
1501.2839,271.66687,1490.609,457.8637,1.0,0.088550806
2020.986,562.36615,1909.9763,800.2125,1.0,0.04002287
117.16118,307.57172,245.8307,271.5925,1.0,0.12496327
2021.9658,1323.6317,1790.9694,1481.8892,1.0,0.329331
2021.9749,1760.4252,1721.8568,1872.9685,1.0,0.15992105
2022.1311,169.4223,1973.0974,448.55685,1.0,0.11702938
916.2286,713.5577,897.0542,761.1613,1.0,0.05573496
300.6181,550.9566,371.68594,518.46735,1.0,0.15853664
254.29024,273.55804,373.91132,262.75943,1.0,0.06724325
2023.4548,1535.157,1758.6295,1671.4803,1.0,0.07459135
1499.2294,97.73764,1516.3357,301.9088,1.0,0.16726033
1172.8059,230.0898,1203.2513,369.08615,1.0,0.3168434
1499.0654,595.57263,1437.4912,747.55566,1.0,0.059167877
2024.8058,1745.3357,1726.6433,1859.9652,1.0,0.052477174
1300.4506,1868.7401,1058.717,1855.9924,1.0,0.104909614
1185.0868,1928.3442,945.96704,1891.23,1.0,0.035806626
672.98267,1022.2177,630.58813,999.134,1.0,0.08128677
590.6568,330.19687,666.1292,366.56094,1.0,0.08482067
1102.9596,254.12865,1136.8002,379.3196,1.0,0.09607225
1497.5475,1921.1052,1226.882,1934.0463,1.0,0.058853842
672.98267,1022.2177,630.58813,999.134,1.0,0.08128677
1102.9596,254.12865,1136.8002,379.3196,1.0,0.09607225
1102.9596,254.12865,1136.8002,379.3196,1.0,0.09607225
2031.1421,913.2457,1863.6624,1115.9529,1.0,0.025320396
702.682,391.55896,756.7211,439.14426,1.0,0.087327145
1496.9539,1086.4889,1358.1139,1186.7455,1.0,0.06810528
702.682,391.55896,756.7211,439.14426,1.0,0.087327145
2031.1421,913.2457,1863.6624,1115.9529,1.0,0.025320396
1301.2699,1022.19196,1193.1451,1098.2865,1.0,0.14111349
1356.8422,1854.6133,1111.4032,1852.3549,1.0,0.07070812
2034.7184,1633.867,1753.1246,1761.4991,1.0,0.19549559
2036.6525,555.2215,1925.2128,796.2791,1.0,0.121762305
1301.839,490.2161,1277.5336,622.096,1.0,0.04335215
1217.6373,363.0771,1222.1979,494.99146,1.0,0.019175751
2038.5168,257.683,1973.7081,530.0897,1.0,0.13323061
673.3049,608.27094,696.23553,628.57996,1.0,0.09350604
673.4666,592.0664,698.91956,614.0786,1.0,0.07699272
302.25684,209.79231,426.9323,213.26364,1.0,0.07781397
1217.6373,363.0771,1222.1979,494.99146,1.0,0.019175751
391.8521,1909.8785,238.74869,1749.4279,1.0,0.06461225
1302.0714,1034.8413,1191.9331,1109.6143,1.0,0.24230321
673.4666,592.0664,698.91956,614.0786,1.0,0.07699272
391.1615,137.50294,517.9268,162.56848,1.0,0.06566167
391.1615,137.50294,517.9268,162.56848,1.0,0.06566167
1081.2963,1119.6694,980.74506,1150.8097,1.0,0.07014881
1081.7433,689.54224,1049.0565,765.76526,1.0,0.0932066
1302.1838,370.74554,1296.6754,515.16925,1.0,0.03786999
390.9764,365.99213,481.6797,367.05603,1.0,0.071874954
121.027985,1012.63135,137.87296,903.4145,1.0,0.006823119
1494.7551,1803.7151,1242.8422,1828.519,1.0,0.0140884165
1494.7551,1803.7151,1242.8422,1828.519,1.0,0.0140884165
255.81404,1276.3884,216.82025,1160.6941,1.0,0.15440916
121.20348,191.11368,267.83215,167.93236,1.0,0.12350295
121.20348,191.11368,267.83215,167.93236,1.0,0.12350295
390.13278,1487.1283,303.98206,1370.7358,1.0,0.10250318
914.88104,1029.2245,845.9718,1043.5585,1.0,0.028484527
121.819176,1668.8425,35.062965,1490.9468,1.0,0.11419154
389.87195,437.31186,469.38593,430.80264,1.0,0.023654431
255.97038,476.6171,343.29413,444.94165,1.0,0.11016847
1356.534,1084.7742,1232.6876,1162.9348,1.0,0.13546363
858.18396,53.350567,949.4135,160.9058,1.0,0.16016488
1411.349,330.2937,1400.9197,496.30075,1.0,0.16058563
303.72348,1339.1571,249.92632,1224.5409,1.0,0.060701635
303.72348,1339.1571,249.92632,1224.5409,1.0,0.060701635
592.5998,1108.4559,544.88116,1063.6233,1.0,0.05188778
1492.6105,972.15344,1372.2885,1083.6011,1.0,0.12357502
752.8056,1350.3096,650.29694,1305.4418,1.0,0.120851584
1149.2404,10.266393,1216.7216,168.32712,1.0,0.082102425
1104.951,1003.92755,1020.3177,1051.3676,1.0,0.4647438
1491.7656,798.4717,1398.9049,928.0495,1.0,0.04071905
1491.7656,798.4717,1398.9049,928.0495,1.0,0.04071905
752.5736,821.6938,733.4924,832.1752,1.0,0.07448772
1491.5966,1114.9404,1348.7639,1211.2855,1.0,0.082596965
1491.5966,1114.9404,1348.7639,1211.2855,1.0,0.082596965
1105.0869,482.11377,1102.6222,583.7346,1.0,0.061165024
1337.7714,144.09584,1364.359,317.95425,1.0,0.07467623
278.47104,1599.0677,186.3339,1453.3245,1.0,0.093912244
1490.338,82.957275,1510.3497,287.43515,1.0,0.26329413
304.12772,84.25168,448.33096,101.239174,1.0,0.084012985
123.77814,1685.5876,34.09651,1506.2694,1.0,0.06094439
888.21436,721.18463,870.8352,763.588,1.0,0.114054345
1489.341,1658.101,1261.2822,1697.27,1.0,0.2887168
674.15875,1157.0577,610.28577,1120.1294,1.0,0.097765595
124.265755,111.310425,283.08463,96.96533,1.0,0.04207481
124.265755,111.310425,283.08463,96.96533,1.0,0.04207481
1171.7976,158.41241,1213.3334,304.2883,1.0,0.2617256
1303.3492,127.316666,1336.2262,297.4241,1.0,0.09769699
1150.4001,1583.9747,969.37366,1577.4047,1.0,0.12573011
124.41971,385.8079,239.82765,342.6384,1.0,0.12948498
385.75983,1311.6898,327.77945,1212.971,1.0,0.1168665
385.75983,1311.6898,327.77945,1212.971,1.0,0.1168665
1148.1798,937.7331,1069.284,998.503,1.0,0.0060523367
913.9313,932.3877,860.53925,956.65784,1.0,0.15831846
125.1017,966.69183,148.87352,862.92255,1.0,0.10774775
125.1017,966.69183,148.87352,862.92255,1.0,0.10774775
1147.7511,1011.0545,1057.4508,1064.0684,1.0,0.1314504
1147.6547,1818.541,929.80505,1786.6107,1.0,0.383619
750.78033,1938.1018,555.6085,1831.3989,1.0,0.038444977
594.6022,1487.8568,486.8134,1403.6517,1.0,0.025248662
1487.4309,867.1894,1384.1683,988.92017,1.0,0.03344749
750.78033,1938.1018,555.6085,1831.3989,1.0,0.038444977
1171.6392,743.8424,1120.9619,828.5742,1.0,0.087282516
1486.5002,328.5979,1468.4333,506.60236,1.0,0.11016358
594.78436,45.99823,714.7711,112.74665,1.0,0.17171547
750.57574,1591.566,610.2018,1521.1035,1.0,0.10553833
750.57574,1591.566,610.2018,1521.1035,1.0,0.10553833
855.433,940.05145,806.9617,954.3149,1.0,0.14899462
750.5561,1008.2195,702.2314,998.84283,1.0,0.064490564
383.38593,1853.075,240.13295,1697.2667,1.0,0.05701207
760.4636,1365.4686,654.62317,1320.1896,1.0,0.055953663
383.15753,1398.0116,311.76456,1289.8431,1.0,0.06215244
1171.1036,921.8118,1092.4019,987.8967,1.0,0.09089674
1337.143,107.0394,1369.6569,284.6061,1.0,0.07336548
1304.5682,137.10437,1335.7285,306.39523,1.0,0.051147606
1304.5682,137.10437,1335.7285,306.39523,1.0,0.051147606
750.1225,1299.4408,655.8334,1259.4735,1.0,0.03594862
1151.3086,1313.7043,1012.7399,1335.5627,1.0,0.037810724
1146.709,901.00745,1073.8048,965.35486,1.0,0.05963597
1304.8925,107.48562,1340.6487,279.90668,1.0,0.034036953
1304.8925,107.48562,1340.6487,279.90668,1.0,0.034036953
1484.5447,768.2031,1397.6901,899.92694,1.0,0.51824623
1484.1598,676.1724,1411.4608,817.34875,1.0,0.099038824
278.02368,1166.0583,254.31973,1065.3772,1.0,0.21423452
277.98764,428.26788,370.65414,405.10016,1.0,0.08066582
381.69296,701.24084,420.481,665.7413,1.0,0.09737799
1305.0199,36.965424,1352.2203,216.23314,1.0,0.6775155
1305.0199,36.965424,1352.2203,216.23314,1.0,0.6775155
1305.1832,1647.0405,1097.9893,1658.3513,1.0,0.12575695
1408.3497,225.8259,1414.6538,402.16852,1.0,0.08485513
1305.1832,1647.0405,1097.9893,1658.3513,1.0,0.12575695
1145.3389,1016.3838,1054.4098,1068.5659,1.0,0.13123052
1145.239,927.18414,1068.324,988.57367,1.0,0.026565162
380.24863,140.76886,507.54312,163.70631,1.0,0.07342691
854.4204,2028.0947,634.4587,1928.2905,1.0,0.30437002
1483.5021,1147.1917,1336.5604,1238.9607,1.0,0.1402975
596.27686,1415.6738,499.7542,1339.2317,1.0,0.05095891
854.4204,2028.0947,634.4587,1928.2905,1.0,0.30437002
1483.5021,1147.1917,1336.5604,1238.9607,1.0,0.1402975
1106.135,944.0572,1030.686,997.51514,1.0,0.050061367
1145.239,927.18414,1068.324,988.57367,1.0,0.026565162
1483.1278,770.656,1395.4005,901.8806,1.0,0.14891958
1145.2051,1184.8308,1027.6411,1219.2439,1.0,0.035769936
1145.2051,1184.8308,1027.6411,1219.2439,1.0,0.035769936
1482.9559,327.86325,1465.2526,505.34335,1.0,0.020383183
1106.135,944.0572,1030.686,997.51514,1.0,0.050061367
307.0451,463.35736,391.13144,441.02676,1.0,0.018344112
307.0451,463.35736,391.13144,441.02676,1.0,0.018344112
1170.6532,1470.8417,1007.97766,1479.0304,1.0,2.753583
853.72437,1038.1373,789.87225,1041.9313,1.0,0.06672792
1482.4403,1302.0022,1311.1493,1377.3823,1.0,0.11909991
853.711,1260.5914,754.7368,1241.0623,1.0,0.057709828
1482.4403,1302.0022,1311.1493,1377.3823,1.0,0.11909991
706.1677,212.48665,788.13104,279.4277,1.0,0.08828419
1481.7715,1672.3779,1252.0453,1708.8228,1.0,0.09928452
853.711,1260.5914,754.7368,1241.0623,1.0,0.057709828
748.4179,1742.3497,584.4428,1655.7229,1.0,0.08762338
706.2539,351.90875,766.2071,404.2412,1.0,0.09951453
597.2257,1273.1987,523.16766,1211.862,1.0,0.1046308
1481.5828,685.04803,1407.8412,824.9034,1.0,0.18482527
277.94836,54.318066,429.7018,70.23752,1.0,0.06744688
1081.8743,1558.4065,912.1162,1543.6838,1.0,0.18306328
1145.0552,855.3588,1079.3759,924.3335,1.0,0.12925684
1145.0552,855.3588,1079.3759,924.3335,1.0,0.12925684
597.6254,328.0704,672.6352,365.80026,1.0,0.029085798
597.6254,328.0704,672.6352,365.80026,1.0,0.029085798
748.0986,1753.7378,582.25793,1665.847,1.0,0.056663375
1481.3772,648.1793,1412.6744,791.49805,1.0,0.72312963
1407.7924,133.08147,1428.6957,319.06442,1.0,0.048081797
1214.9497,922.0275,1131.5889,995.0269,1.0,0.06802332
748.0986,1753.7378,582.25793,1665.847,1.0,0.056663375
131.2046,1263.0659,107.51495,1129.2181,1.0,0.072117165
597.8732,1955.4553,416.00427,1822.7506,1.0,0.06984225
764.3295,835.9335,741.72394,846.67377,1.0,0.10116242
307.7847,1589.7654,213.90926,1449.5441,1.0,0.06755928
764.7149,1748.8395,597.92694,1664.1404,1.0,0.002581578
1214.9493,20.476292,1273.8722,187.8432,1.0,0.016388394
764.87335,652.74945,771.14105,682.7949,1.0,0.07333368
1144.3973,2031.4518,893.26373,1977.0013,1.0,0.09533035
1481.0327,94.562744,1500.3673,296.1369,1.0,0.04161865
1481.0327,94.562744,1500.3673,296.1369,1.0,0.04161865
1480.8235,1156.5776,1332.6185,1246.9392,1.0,0.07828515
378.34393,1172.9878,342.9716,1087.6307,1.0,0.060287356
258.4912,198.00403,389.5752,195.7853,1.0,0.04254052
1480.6354,883.7462,1375.5978,1002.62024,1.0,0.15974756
1480.1074,172.84206,1487.3838,366.05032,1.0,0.1999808
1184.6838,58.359966,1240.587,217.22284,1.0,0.30745766
912.71643,857.89435,871.2585,889.591,1.0,0.3220173
377.80444,523.067,445.07162,505.6108,1.0,0.052390505
376.41492,1280.4908,324.19434,1183.4764,1.0,0.067775436
376.41492,1280.4908,324.19434,1183.4764,1.0,0.067775436
767.61017,1749.2238,600.48737,1664.9761,1.0,0.046845306
767.9609,919.20605,731.81396,921.904,1.0,0.015157378
746.682,367.23578,799.9481,424.29114,1.0,0.10018711
1152.6104,799.20337,1095.1387,875.18384,1.0,0.02522222
1152.6104,799.20337,1095.1387,875.18384,1.0,0.02522222
133.1391,1662.4849,46.062843,1487.1031,1.0,0.06317712
768.03357,917.3926,732.1887,920.059,1.0,0.22809783
1406.9587,552.9903,1361.729,694.88806,1.0,0.03834038
768.03357,917.3926,732.1887,920.059,1.0,0.22809783
1307.5817,1552.1912,1115.1145,1573.7953,1.0,0.12729639
1152.6104,799.20337,1095.1387,875.18384,1.0,0.02522222
375.32574,246.79036,486.47556,257.85034,1.0,0.07739128
1477.8384,1205.5605,1322.1594,1290.2617,1.0,0.06890758
888.91077,449.11035,914.31805,520.11456,1.0,0.024282176
770.1846,1390.5929,659.4347,1344.1802,1.0,0.106848575
1107.464,267.1353,1138.7538,391.58517,1.0,0.1367328
309.1944,1735.704,192.22748,1580.4493,1.0,0.048901316
1335.5388,1837.6814,1095.009,1833.7875,1.0,0.059448745
888.95087,1533.8003,743.17645,1491.223,1.0,0.07708593
134.45857,294.4117,263.3539,262.51776,1.0,0.08386671
134.47618,1690.7306,42.88013,1512.5829,1.0,0.04506296
745.1689,373.46198,797.6199,429.68323,1.0,0.075073026
1476.2484,982.43024,1355.9545,1090.2676,1.0,0.047621347
1476.2484,982.43024,1355.9545,1090.2676,1.0,0.047621347
599.3516,969.1014,573.0103,939.9399,1.0,0.039657872
1475.6906,77.075935,1498.389,279.67383,1.0,0.032110192
599.3778,266.2809,683.9914,310.74033,1.0,0.048084702
745.1689,373.46198,797.6199,429.68323,1.0,0.075073026
134.74806,1325.7515,100.77058,1185.8685,1.0,0.06400234
134.74806,1325.7515,100.77058,1185.8685,1.0,0.06400234
1475.664,77.10031,1498.389,279.67383,1.0,0.06337807
373.41455,436.06137,454.90036,427.0867,1.0,0.063386664
309.89264,750.63727,348.34637,698.6538,1.0,0.037182447
134.90567,1558.2797,64.19077,1394.0918,1.0,0.04137486
134.90567,1558.2797,64.19077,1394.0918,1.0,0.04137486
373.41455,436.06137,454.90036,427.0867,1.0,0.063386664
373.41455,436.06137,454.90036,427.0867,1.0,0.063386664
1169.538,1709.5043,966.64325,1692.8219,1.0,0.07679086
1082.3348,86.41347,1144.8071,225.95193,1.0,0.08800891
1169.538,1709.5043,966.64325,1692.8219,1.0,0.07679086
1183.8057,1404.5087,1027.5421,1422.0239,1.0,0.054687638
1335.1566,994.8862,1227.7797,1079.0696,1.0,0.17493983
1474.7302,143.96733,1487.024,339.43155,1.0,0.08820811
1474.7302,143.96733,1487.024,339.43155,1.0,0.08820811
600.0522,713.18,614.0679,710.9164,1.0,0.07220583
1405.749,246.3871,1408.9923,420.13873,1.0,0.08129939
1153.2446,1186.5471,1034.6906,1222.0784,1.0,0.15676224
1153.2446,1186.5471,1034.6906,1222.0784,1.0,0.15676224
1335.1318,100.727684,1368.8304,278.69293,1.0,0.0547338
772.2878,646.77216,778.71075,678.6472,1.0,0.040108643
1169.5118,664.94086,1131.4797,757.5879,1.0,0.07157204
1179.8802,1370.8845,1029.3793,1391.3223,1.0,0.10048463
1091.5669,989.6726,1010.4885,1036.0438,1.0,0.09700098
1473.0488,1629.8029,1250.9398,1669.3975,1.0,0.06536794
1473.0488,1629.8029,1250.9398,1669.3975,1.0,0.06536794
136.98163,1570.0842,64.16177,1404.9874,1.0,0.023145014
137.03668,540.1308,226.71764,483.0887,1.0,0.18409292
259.997,1596.0712,170.20442,1447.6305,1.0,0.06603729
889.4499,1071.3141,816.58215,1077.2357,1.0,0.032352604
910.35803,1109.2173,829.37897,1114.3727,1.0,0.1458051
1140.4387,1129.9363,1032.1194,1169.1648,1.0,0.22454718
676.1746,1110.7876,619.43066,1078.8632,1.0,0.07866378
1107.9358,2028.5453,861.11664,1968.6268,1.0,0.12608334
1310.3457,1147.4989,1181.3959,1211.7855,1.0,0.12784696
371.0333,784.8768,397.71365,738.96466,1.0,0.06923088
371.0333,784.8768,397.71365,738.96466,1.0,0.06923088
773.44366,680.6197,774.40936,709.1459,1.0,0.03889812
311.22653,129.07005,447.72134,142.34157,1.0,0.111238174
850.9662,273.2208,908.15265,356.59155,1.0,0.094159134
773.97797,1974.447,570.7077,1867.5841,1.0,0.10231597
1404.9131,249.80614,1407.8937,423.09784,1.0,0.17654677
1471.5083,237.46362,1469.3807,422.60376,1.0,0.08710121
137.99832,1170.0258,128.27364,1046.9691,1.0,0.069229074
370.7519,1107.1906,346.52637,1027.4945,1.0,0.014744255
743.6145,1808.7695,569.6025,1714.46,1.0,0.02669498
743.6145,1808.7695,569.6025,1714.46,1.0,0.02669498
1213.1063,1745.5525,999.97815,1731.9684,1.0,0.09685002
676.3537,1552.2281,549.8956,1474.2095,1.0,0.0577589
311.54123,1573.6211,219.94719,1435.7239,1.0,0.07707236
775.0012,1139.5167,703.35876,1120.1974,1.0,0.06023032
775.35394,561.69116,794.94763,603.0828,1.0,0.13099757
775.35394,561.69116,794.94763,603.0828,1.0,0.13099757
1311.2208,174.71234,1335.7897,341.09387,1.0,0.097550035
369.56256,1716.8278,249.3109,1573.093,1.0,0.102310255
1311.3405,21.831562,1360.151,204.25641,1.0,0.21288769
742.76996,1754.4362,577.4253,1665.5952,1.0,0.093424074
1334.5187,1152.2926,1202.2634,1219.914,1.0,0.10262694
775.96063,1873.9767,588.19666,1778.006,1.0,0.07459987
776.2279,443.4119,814.3105,497.20773,1.0,0.024766289
848.6004,1046.5408,783.9955,1048.5508,1.0,0.12614755
1311.5099,635.43054,1263.3832,753.64935,1.0,0.15672351
1468.7892,1935.3186,1198.9049,1942.1936,1.0,0.08341342
601.6812,1996.6842,412.89877,1860.2296,1.0,0.084447965
601.6812,1996.6842,412.89877,1860.2296,1.0,0.084447965
601.72906,980.5383,573.3561,950.56726,1.0,0.06129428
601.72906,980.5383,573.3561,950.56726,1.0,0.06129428
1468.6105,101.416115,1488.0878,300.5163,1.0,0.18707854
776.57324,1763.252,606.2875,1679.1237,1.0,0.21141966
368.71707,1606.9604,265.7913,1474.5624,1.0,0.04136852
368.64398,1420.3218,295.3436,1307.5187,1.0,0.15161759
368.46042,1228.7262,325.4254,1135.9309,1.0,0.1508399
742.3113,1287.2332,650.8208,1247.3286,1.0,0.08120532
742.3113,1287.2332,650.8208,1247.3286,1.0,0.08120532
742.3113,1287.2332,650.8208,1247.3286,1.0,0.08120532
276.81802,1779.514,156.29941,1614.552,1.0,0.03365318
1467.2527,337.4104,1449.6375,511.3889,1.0,0.0745017
742.2866,332.9804,801.38556,392.9848,1.0,0.035613634
1466.3962,1868.1512,1207.3595,1881.6758,1.0,0.081841476
1153.9432,93.86834,1207.7156,243.92297,1.0,0.063178316
1153.9432,93.86834,1207.7156,243.92297,1.0,0.063178316
742.0423,1048.8171,688.2072,1033.7659,1.0,0.10503624
1168.2996,1612.0089,981.04364,1605.4086,1.0,0.20440263
742.0423,1048.8171,688.2072,1033.7659,1.0,0.10503624
777.93713,816.36414,757.0126,831.3741,1.0,0.051677894
847.4225,1440.2892,720.7358,1400.9913,1.0,0.06464845
777.93713,816.36414,757.0126,831.3741,1.0,0.051677894
1402.9475,1356.5042,1231.3789,1413.6273,1.0,0.12085189
140.96707,1548.8057,71.06112,1386.5492,1.0,0.03935381
140.96707,1548.8057,71.06112,1386.5492,1.0,0.03935381
741.9095,636.39087,753.25476,664.5231,1.0,0.14530553
603.59424,1331.1292,519.60754,1264.7286,1.0,0.013937549
741.8213,110.221146,836.25446,193.44658,1.0,0.15793662
313.12808,1227.8241,275.96487,1126.3588,1.0,0.09301902
709.4884,1667.9941,561.32385,1583.0891,1.0,0.09137841
1138.5785,1005.6779,1049.9961,1057.8181,1.0,0.039444014
709.5796,1149.6532,643.2534,1118.9955,1.0,0.0989407
846.7653,478.57474,871.9752,539.8178,1.0,0.07032365
1464.1182,216.6916,1466.0231,402.8587,1.0,0.067603156
778.53265,1762.2738,608.2654,1678.5642,1.0,0.23472856
1355.1212,448.18774,1331.8405,592.8375,1.0,0.05697742
846.6142,1726.3185,674.87067,1656.8989,1.0,0.0656911
741.1644,112.646484,835.17786,195.5927,1.0,0.0481049
1312.881,1630.7833,1107.395,1644.9828,1.0,0.069426246
1137.4098,1157.8163,1025.1554,1193.824,1.0,0.26239794
1312.881,1630.7833,1107.395,1644.9828,1.0,0.069426246
261.78204,1376.979,206.4506,1251.7982,1.0,0.09038621
261.78204,1376.979,206.4506,1251.7982,1.0,0.09038621
846.1886,1513.8215,708.0233,1466.6376,1.0,0.070129685
891.0899,353.7966,931.3081,435.0213,1.0,0.11380962
1313.3175,120.6562,1346.1794,293.0462,1.0,0.07285553
780.79877,1270.9209,687.8131,1238.829,1.0,0.047106016
1136.3969,1858.3951,913.4373,1820.818,1.0,0.08973123
1136.3969,1858.3951,913.4373,1820.818,1.0,0.08973123
740.4006,669.8097,746.4946,694.1304,1.0,0.13569994
1461.0428,192.47725,1467.4564,380.55112,1.0,0.44998953
143.54723,763.87683,197.39313,684.2605,1.0,0.0966307
143.76614,1470.1205,86.063225,1316.5945,1.0,0.060989697
143.76614,1470.1205,86.063225,1316.5945,1.0,0.060989697
780.9437,1250.6165,691.192,1220.5984,1.0,0.09991977
1183.3877,1595.1357,997.1086,1592.6191,1.0,0.088201016
1313.6644,228.92625,1329.4404,390.02985,1.0,0.114940934
1136.0938,1186.8356,1019.09393,1219.574,1.0,0.056754064
1135.9093,1098.6469,1032.9309,1140.6475,1.0,0.04336452
1314.2162,91.392456,1351.5762,266.97726,1.0,0.05146991
739.77466,580.70874,760.01373,614.39514,1.0,0.011680062
1460.0114,126.176414,1476.9895,321.23227,1.0,0.42659125
891.29224,60.603195,977.71,172.65022,1.0,0.05411692
363.235,1396.322,294.1712,1285.1432,1.0,0.03490464
781.94946,709.4171,777.5199,736.2935,1.0,0.07813263
1167.5795,957.8145,1083.5876,1019.5869,1.0,0.11840254
845.4282,523.40924,863.70514,579.7391,1.0,0.07771983
710.2843,881.4868,686.1911,879.02216,1.0,0.07250979
1401.688,253.60641,1404.2836,426.0033,1.0,0.059409127
1155.3231,953.3727,1073.3616,1013.6888,1.0,0.1657849
1167.5795,957.8145,1083.5876,1019.5869,1.0,0.11840254
781.94946,709.4171,777.5199,736.2935,1.0,0.07813263
908.39777,1526.7677,761.69147,1487.9489,1.0,0.089826666
1183.3743,281.1013,1204.4346,416.1744,1.0,0.02020183
1167.5698,937.90674,1086.5962,1001.67365,1.0,0.050112985
315.20532,13.138285,469.57144,39.20277,1.0,0.08774453
1401.4281,1317.6833,1236.1224,1378.6041,1.0,0.10417005
315.20532,13.138285,469.57144,39.20277,1.0,0.08774453
1155.6068,882.78516,1084.6195,950.4618,1.0,0.028281942
1314.4995,1654.9155,1105.0372,1666.8108,1.0,0.07754732
1314.4995,1654.9155,1105.0372,1666.8108,1.0,0.07754732
362.00345,1834.9146,223.804,1677.6534,1.0,0.027420226
361.9896,1102.561,339.48785,1021.89874,1.0,0.11024514
1134.6486,276.2209,1161.688,404.04086,1.0,0.13162327
891.38745,1832.413,698.21075,1758.9662,1.0,0.069976985
1083.4906,15.837109,1156.935,162.86203,1.0,0.08590403
361.57422,847.5291,379.37372,793.548,1.0,0.090895064
361.57422,847.5291,379.37372,793.548,1.0,0.090895064
1314.661,446.71396,1295.8916,585.1445,1.0,0.06763984
1455.8812,253.17091,1452.6432,434.89163,1.0,0.7099826
783.4839,1972.7587,579.41626,1867.5652,1.0,0.03439855
783.4839,1972.7587,579.41626,1867.5652,1.0,0.03439855
1167.3835,682.6334,1126.718,773.11707,1.0,0.0415821
606.20184,730.5411,616.6221,727.1032,1.0,0.3773702
844.35443,1554.6227,699.9464,1502.7501,1.0,0.10130955
361.11935,1857.0867,219.70267,1697.3657,1.0,0.19659549
1134.2832,1480.2455,971.18646,1482.0046,1.0,0.011254326
685.63477,1788.9203,520.86755,1687.4956,1.0,0.078634605
711.0112,251.75313,786.1916,315.3408,1.0,0.013843683
1134.2832,1480.2455,971.18646,1482.0046,1.0,0.011254326
146.97266,1664.1897,58.28753,1490.7874,1.0,0.06848144
146.98074,1804.0667,36.21655,1616.1768,1.0,0.1235222
263.32816,1852.0096,132.83446,1677.285,1.0,0.10219631
1455.4097,1151.4191,1310.6625,1238.2737,1.0,0.07245231
147.48283,1821.6373,33.968506,1631.8517,1.0,0.1307509
1455.4097,1151.4191,1310.6625,1238.2737,1.0,0.07245231
907.7036,1868.8201,707.03864,1794.091,1.0,0.05127941
607.20154,1746.689,457.2705,1637.3553,1.0,0.023788996
607.3657,235.88826,695.9452,284.7633,1.0,0.055899672
359.7546,1857.0116,218.26703,1696.9573,1.0,0.10204614
359.7097,1197.2017,322.53513,1106.2969,1.0,0.1235815
359.7097,1197.2017,322.53513,1106.2969,1.0,0.1235815
843.4815,1298.1453,739.6355,1273.0416,1.0,0.054061335
1454.4548,1904.8569,1190.8275,1912.6964,1.0,0.019808894
843.4815,1298.1453,739.6355,1273.0416,1.0,0.054061335
907.7036,1868.8201,707.03864,1794.091,1.0,0.05127941
843.3841,2032.8854,623.60156,1930.7883,1.0,0.10829783
316.84012,961.1677,321.3909,888.25507,1.0,0.0936744
1110.1948,1701.7396,914.7126,1676.4768,1.0,0.05833901
359.09338,904.5422,368.10812,844.21155,1.0,0.044776358
907.6134,1208.8066,811.18036,1203.224,1.0,0.06880092
358.95435,1109.9047,335.56534,1028.0433,1.0,0.046324033
1453.191,1053.4104,1324.0591,1150.2247,1.0,0.029354293
711.5436,46.562088,819.18134,131.66617,1.0,0.14687169
737.3564,1379.7397,631.77026,1329.3335,1.0,0.079423904
1133.4863,1286.1484,1001.15643,1308.081,1.0,0.04816598
1133.4863,1286.1484,1001.15643,1308.081,1.0,0.04816598
358.08273,662.6517,405.38025,627.494,1.0,0.036293957
737.0813,741.7346,732.281,758.0704,1.0,0.12757201
1110.2341,968.0619,1030.6023,1019.5744,1.0,0.1253951
317.36322,52.249832,465.34818,74.57778,1.0,0.10045385
608.03625,1698.0411,465.92224,1593.9463,1.0,0.24799092
608.05457,1308.7296,527.20374,1245.3926,1.0,0.05511309
891.8265,1559.5736,741.74994,1514.7587,1.0,0.14441048
842.7972,1762.9812,665.74286,1689.1033,1.0,0.14428465
842.7972,1762.9812,665.74286,1689.1033,1.0,0.14428465
842.7171,1050.8208,777.85504,1051.5415,1.0,0.09735643
1316.5034,964.4788,1215.7969,1048.9033,1.0,0.1266011
1084.1235,1659.0472,898.20215,1634.1549,1.0,0.14101341
1316.6117,1606.5543,1114.6674,1623.9634,1.0,0.1969149
1084.5065,1463.3755,929.3561,1459.0635,1.0,0.0633225
842.4959,939.0689,795.4759,951.4268,1.0,0.0830187
356.53033,542.48126,423.0302,519.57275,1.0,0.14463061
905.583,1435.8337,773.5476,1406.1335,1.0,0.09346284
1451.4164,931.03796,1341.9529,1040.3657,1.0,0.13681272
736.3077,1910.241,547.0699,1804.1566,1.0,0.054383695
1451.4164,931.03796,1341.9529,1040.3657,1.0,0.13681272
1156.8708,331.3712,1172.8657,457.0603,1.0,0.09690177
905.583,1435.8337,773.5476,1406.1335,1.0,0.09346284
905.0456,129.63475,979.2303,236.64355,1.0,0.0573166
1132.4125,1235.585,1008.2738,1262.7035,1.0,0.13363315
1209.5016,683.87335,1164.3622,780.9224,1.0,0.109447524
892.1461,305.733,939.8839,392.25916,1.0,0.059546176
905.0456,129.63475,979.2303,236.64355,1.0,0.0573166
678.5732,2007.1018,480.0367,1881.801,1.0,0.04467858
791.2723,977.67395,743.52234,977.88574,1.0,0.08860188
1317.448,106.310814,1352.232,280.85526,1.0,0.16211697
1354.056,1842.1539,1110.872,1840.7075,1.0,0.05096198
1450.228,1671.2819,1223.9092,1702.9164,1.0,0.012643562
1353.9868,1866.6458,1106.931,1862.636,1.0,0.038034454
1398.8298,111.5554,1424.186,298.37064,1.0,0.0939266
264.86304,1829.5802,137.73956,1657.4885,1.0,0.07092288
1317.8375,957.4123,1218.1552,1042.9015,1.0,0.09240166
1349.8561,1038.6964,1234.1924,1120.8508,1.0,0.31834787
1332.0819,20.811945,1378.7406,206.85634,1.0,0.23212828
1166.1885,497.881,1154.8898,607.5787,1.0,0.056715194
1447.6758,192.40071,1455.1731,378.44446,1.0,0.118099734
1447.6758,192.40071,1455.1731,378.44446,1.0,0.118099734
1033.9506,534.2981,1030.768,619.27094,1.0,0.0711179
264.95963,348.38678,371.6429,331.43988,1.0,0.05889922
319.09497,1462.0618,244.31046,1337.0416,1.0,0.066546254
841.5488,120.83952,923.75635,218.71248,1.0,0.057403736
792.8949,164.43912,873.26196,250.02605,1.0,0.0795184
792.8949,164.43912,873.26196,250.02605,1.0,0.0795184
1182.5244,254.85617,1207.896,392.51007,1.0,0.08597114
1208.7098,475.10632,1196.5254,593.8817,1.0,0.024576258
841.30457,470.55682,868.4108,531.7558,1.0,0.13282144
1332.0819,20.811945,1378.7406,206.85634,1.0,0.23212828
1131.1063,1963.6357,892.1525,1914.2897,1.0,0.11102602
1130.7866,1539.695,958.742,1534.6886,1.0,0.062437624
353.46725,1116.8474,329.58493,1033.1318,1.0,0.28520462
1182.4976,265.4604,1206.1885,402.011,1.0,0.07172481
1353.7863,1992.7078,1086.871,1975.4484,1.0,0.0588213
1353.7863,1992.7078,1086.871,1975.4484,1.0,0.0588213
1111.0605,1549.073,939.6264,1539.9843,1.0,0.08932486
1318.7118,965.36194,1217.5554,1050.1849,1.0,0.042421848
1157.8873,1486.849,991.3535,1491.575,1.0,0.10182905
1157.8873,1486.849,991.3535,1491.575,1.0,0.10182905
351.743,1242.5956,308.1682,1145.7129,1.0,0.04980966
351.743,1242.5956,308.1682,1145.7129,1.0,0.04980966
685.175,1151.6064,621.1872,1116.8295,1.0,0.19973546
1397.6162,1277.6464,1238.9961,1342.1561,1.0,0.075282946
1032.7821,914.773,969.62756,959.7116,1.0,0.04333565
1208.2146,97.54729,1255.7731,255.70479,1.0,0.1367043
794.8079,1686.7949,634.72644,1613.2882,1.0,0.08239927
840.2482,168.32489,915.0561,261.07816,1.0,0.019290585
1208.1316,263.00458,1229.4197,403.94333,1.0,0.06435818
840.2482,168.32489,915.0561,261.07816,1.0,0.019290585
351.503,769.46246,382.62405,722.04675,1.0,0.05387497
351.503,769.46246,382.62405,722.04675,1.0,0.05387497
734.1511,281.27466,802.38275,345.46362,1.0,0.1493996
734.1511,281.27466,802.38275,345.46362,1.0,0.1493996
1208.0143,229.56148,1234.8086,373.23956,1.0,0.7194943
1129.924,942.9719,1052.1024,1000.2557,1.0,0.05812781
1207.9608,594.09247,1177.1113,700.2854,1.0,0.064382106
1397.1924,358.95804,1383.6182,519.65656,1.0,0.03793329
1207.9608,594.09247,1177.1113,700.2854,1.0,0.064382106
1032.1409,1981.9441,800.66394,1915.0042,1.0,0.12224659
611.1915,1957.7837,427.60248,1826.9017,1.0,0.123946056
1129.924,942.9719,1052.1024,1000.2557,1.0,0.05812781
320.33313,899.13696,334.33817,833.21313,1.0,0.13204813
1031.6453,573.7817,1022.4617,654.2342,1.0,0.07026843
839.11163,905.28296,797.7442,920.5997,1.0,0.07816783
320.58563,200.0306,444.87753,207.46425,1.0,0.09064758
266.21887,1633.1378,169.9334,1481.8706,1.0,0.036585078
350.38626,560.1587,414.7403,534.4973,1.0,0.11038655
713.7829,1075.0156,658.7533,1052.7926,1.0,0.06922326
1031.1932,1344.3773,900.3669,1344.0554,1.0,0.046067595
320.89255,809.0743,348.98694,752.69183,1.0,0.060094465
713.7829,1075.0156,658.7533,1052.7926,1.0,0.06922326
684.9373,15.210252,800.4103,99.45772,1.0,0.23219901
733.1672,651.3731,743.0847,676.61176,1.0,0.15345675
1207.5345,1147.8704,1089.3539,1196.0038,1.0,0.109051496
611.91986,695.6852,627.3499,697.0961,1.0,0.06451358
838.7411,1053.2891,774.03204,1053.0996,1.0,0.03208691
1129.4146,1546.2169,956.5725,1540.2156,1.0,0.1758846
1085.1978,1153.3599,978.99457,1181.6064,1.0,0.1419299
838.4493,1253.9991,742.0917,1232.8284,1.0,0.07934995
797.0227,1007.3949,743.9757,1005.4796,1.0,0.0885838
1030.9374,1771.7714,832.5631,1726.6196,1.0,0.11543633
1129.3977,1189.4492,1012.8518,1220.9059,1.0,0.1253438
274.77505,1879.7274,138.7881,1703.9415,1.0,0.16019218
274.77505,1879.7274,138.7881,1703.9415,1.0,0.16019218
266.51926,2001.0345,112.12376,1811.2681,1.0,0.034177084
1396.73,165.97873,1413.8434,346.81433,1.0,0.21257293
274.77505,1879.7274,138.7881,1703.9415,1.0,0.16019218
1030.4417,14.105582,1109.7219,152.99661,1.0,0.04949831
1030.4417,14.105582,1109.7219,152.99661,1.0,0.04949831
1182.4318,482.5947,1171.7604,596.38513,1.0,0.060285065
1029.864,1925.1034,807.4806,1863.8231,1.0,0.02303865
838.3143,601.78345,844.93304,648.798,1.0,0.043450385
1029.7715,1771.0812,831.81213,1725.9501,1.0,0.11193954
714.5235,611.52277,732.5934,637.9683,1.0,0.06910069
714.5235,611.52277,732.5934,637.9683,1.0,0.06910069
732.6287,1806.4252,560.27655,1710.5715,1.0,0.17539105
838.3143,601.78345,844.93304,648.798,1.0,0.043450385
612.69775,1450.571,508.91663,1373.1683,1.0,0.06192443
1319.6836,1005.1593,1212.3403,1085.9419,1.0,0.16213162
1165.4478,876.8867,1094.4622,946.7048,1.0,0.12963495
321.78598,1098.4862,304.0618,1011.872,1.0,0.09711933
321.78598,1098.4862,304.0618,1011.872,1.0,0.09711933
1182.4318,482.5947,1171.7604,596.38513,1.0,0.060285065
1182.4318,482.5947,1171.7604,596.38513,1.0,0.060285065
1353.4717,1315.4283,1193.4545,1369.0281,1.0,0.028612666
1353.4717,1315.4283,1193.4545,1369.0281,1.0,0.028612666
798.9995,571.46387,814.5805,615.48456,1.0,0.097235575
798.9995,571.46387,814.5805,615.48456,1.0,0.097235575
799.07983,1069.5657,735.97833,1061.4008,1.0,0.057692785
731.71375,50.15069,836.632,138.16873,1.0,0.10091098
799.07983,1069.5657,735.97833,1061.4008,1.0,0.057692785
1128.5211,816.1619,1070.8452,886.5852,1.0,0.034061827
1037.1129,435.87842,1049.0891,531.615,1.0,0.061180733
1037.1129,435.87842,1049.0891,531.615,1.0,0.061180733
1128.1163,910.2229,1055.7411,970.7166,1.0,0.08265127
1128.1163,910.2229,1055.7411,970.7166,1.0,0.08265127
346.40466,503.175,420.03873,482.94055,1.0,0.06228459
346.40466,503.175,420.03873,482.94055,1.0,0.06228459
158.84262,1306.6199,125.37198,1172.5753,1.0,0.060823426
274.58395,360.46097,378.42926,343.7352,1.0,0.14074026
801.21893,1900.4803,606.74133,1805.631,1.0,0.07737816
1086.0374,17.111475,1159.0854,164.50389,1.0,0.11297613
1026.2777,485.5451,1031.5784,574.3982,1.0,0.060324878
715.5513,1591.018,578.86053,1515.056,1.0,0.043410074
1159.1008,217.70847,1192.8911,355.7502,1.0,0.22374156
801.2654,180.8703,878.6895,265.8236,1.0,0.6041343
1159.1008,217.70847,1192.8911,355.7502,1.0,0.22374156
1159.2351,1175.0186,1041.7864,1212.6848,1.0,0.06877338
1086.0386,1136.4257,982.3228,1166.4805,1.0,0.109752886
1112.6388,139.5675,1163.4894,276.32986,1.0,1.9835666
322.92398,1344.2496,266.3237,1232.0868,1.0,0.10305956
345.05325,1884.8286,200.83647,1719.5562,1.0,0.122464955
1395.5906,98.414,1423.1729,286.13126,1.0,0.104020596
345.05325,1884.8286,200.83647,1719.5562,1.0,0.122464955
159.4904,678.4392,225.08664,610.327,1.0,0.048510816
1320.6848,1157.1544,1189.2043,1222.1382,1.0,0.13102108
1320.8533,1115.2097,1195.9011,1184.633,1.0,0.053261
1320.8533,1115.2097,1195.9011,1184.633,1.0,0.053261
804.8318,1361.3958,695.1041,1323.6173,1.0,0.0999012
1126.1512,501.55728,1118.4384,604.5164,1.0,0.028757406
805.9635,1633.2535,653.08484,1567.1049,1.0,0.065393835
728.6998,1287.452,638.5983,1245.3986,1.0,0.08093513
728.6998,1287.452,638.5983,1245.3986,1.0,0.08093513
160.12445,131.94269,311.84903,121.08866,1.0,0.057180513
160.12445,131.94269,311.84903,121.08866,1.0,0.057180513
1024.7351,1426.3083,881.68146,1416.4521,1.0,0.05302322
808.345,623.8567,814.60364,663.81213,1.0,0.04538685
808.345,623.8567,814.60364,663.81213,1.0,0.04538685
1322.3636,1083.3591,1203.7079,1156.2346,1.0,1.4820783
340.5852,1365.2229,278.68362,1253.758,1.0,0.08918517
808.8864,1182.7063,726.88336,1164.255,1.0,0.04023328
893.3168,866.0454,852.4848,894.1079,1.0,0.06537298
1350.8147,151.96437,1374.8274,326.99686,1.0,0.09212161
808.92633,1679.7823,648.4775,1609.3087,1.0,0.06924959
1124.362,1441.2537,968.57697,1445.5295,1.0,0.10908854
1394.5834,1059.0377,1270.7406,1146.0343,1.0,0.031805113
1124.362,1441.2537,968.57697,1445.5295,1.0,0.10908854
809.1428,1779.891,632.85706,1698.9232,1.0,0.06283503
614.79736,590.57855,646.5656,603.512,1.0,0.0137363
1206.2007,2019.9918,950.31287,1976.5359,1.0,0.082352534
680.70764,160.87071,771.6081,230.88153,1.0,2.455205
680.7287,285.12805,753.8213,340.48294,1.0,0.04030499
339.71487,890.3482,353.00705,828.4475,1.0,0.051449787
339.71487,890.3482,353.00705,828.4475,1.0,0.051449787
1394.2335,1444.8523,1209.3768,1491.3237,1.0,0.13885406
1039.4867,485.9725,1043.3317,576.8573,1.0,0.06099376
1039.4867,485.9725,1043.3317,576.8573,1.0,0.06099376
1394.1388,1974.8794,1125.8425,1965.8649,1.0,0.08798856
833.1361,755.783,816.05865,785.6478,1.0,0.2527632
1022.1961,1440.9988,876.92175,1429.5554,1.0,0.39325175
1022.0435,845.8872,970.9033,896.37573,1.0,0.054153077
1039.5995,200.95363,1088.4407,321.7554,1.0,0.064298645
1039.5995,200.95363,1088.4407,321.7554,1.0,0.064298645
811.73175,59.60517,906.9483,159.26965,1.0,0.26612908
811.79517,467.72934,842.3924,524.555,1.0,0.09920179
1021.3202,1669.902,840.14465,1633.934,1.0,0.04685119
163.1361,1111.6396,159.98395,998.6351,1.0,0.08047506
1329.4392,324.63022,1328.3086,478.4047,1.0,0.1870525
811.79517,467.72934,842.3924,524.555,1.0,0.09920179
1329.4392,324.63022,1328.3086,478.4047,1.0,0.1870525
811.79517,467.72934,842.3924,524.555,1.0,0.09920179
725.63605,834.46906,707.30237,839.36743,1.0,0.02354225
1123.4648,40.40872,1188.8253,191.20915,1.0,0.043262392
1205.8182,1717.5817,997.8942,1705.7268,1.0,0.13566236
1205.7516,125.372086,1248.9286,280.42343,1.0,0.17963773
1039.9603,767.2494,999.347,828.7693,1.0,0.047550734
831.0194,327.7946,881.7184,402.35803,1.0,0.102048635
1161.0934,1121.1124,1051.9878,1164.6422,1.0,0.123917244
337.70374,1929.689,187.12852,1758.675,1.0,0.057115413
616.1324,1635.3025,482.81415,1539.0286,1.0,0.014795204
1161.0934,1121.1124,1051.9878,1164.6422,1.0,0.123917244
164.57558,318.69043,286.41913,288.95932,1.0,0.0588108
164.57558,318.69043,286.41913,288.95932,1.0,0.0588108
1019.8213,1122.7423,925.24146,1143.8517,1.0,0.08944547
337.34137,1134.2426,312.44235,1046.4319,1.0,0.11258192
1205.6013,925.66095,1122.6564,996.70123,1.0,0.08815581
270.35114,1119.0985,254.8239,1022.2077,1.0,0.12291488
616.4673,1300.5621,535.9639,1239.4089,1.0,0.009573185
813.4161,400.21515,854.50256,464.3992,1.0,0.08353203
270.35114,1119.0985,254.8239,1022.2077,1.0,0.12291488
1122.978,1022.90247,1033.2993,1070.7355,1.0,0.050685644
681.0813,511.50156,718.45374,543.16064,1.0,0.07419136
1205.5802,2021.4376,949.81006,1977.6737,1.0,0.24490954
336.10428,180.57077,461.7785,192.44016,1.0,0.008197421
1114.5945,227.70921,1151.4033,357.56113,1.0,0.11093827
816.2075,1860.4019,626.42303,1772.1119,1.0,0.034880724
1019.2241,1942.916,795.01666,1877.9945,1.0,0.14954948
1120.9799,1613.3776,938.3627,1599.0437,1.0,0.11107252
1324.4108,91.01613,1360.9332,268.39145,1.0,0.2431713
1019.0778,1942.8453,795.01666,1877.9945,1.0,0.016490791
1019.0778,1942.8453,795.01666,1877.9945,1.0,0.016490791
335.1069,775.8075,367.0153,725.1505,1.0,0.107766256
1018.6689,1653.2386,840.6049,1618.6343,1.0,0.22610588
1018.6689,1653.2386,840.6049,1618.6343,1.0,0.22610588
165.8389,1023.91876,176.1997,920.5059,1.0,0.08545414
165.86272,747.17914,219.95744,672.85876,1.0,0.051821113
334.81653,40.27315,482.8795,66.56146,1.0,0.13213733
829.01624,1968.4728,620.8761,1870.8947,1.0,0.05950865
684.02057,387.49896,740.6441,432.58896,1.0,0.064236656
1040.7559,1561.3672,874.73615,1539.8726,1.0,0.08033794
1017.93396,1944.6255,793.62317,1879.4731,1.0,0.1260444
1017.93396,1944.6255,793.62317,1879.4731,1.0,0.1260444
817.1665,1503.1998,683.7752,1452.4463,1.0,0.124960534
334.70364,2017.4366,170.64577,1836.7474,1.0,0.10264941
723.4206,438.30215,767.922,484.2603,1.0,0.10126485
273.82608,772.4546,312.6729,712.5048,1.0,0.09452413
617.76996,664.18665,637.6233,669.8824,1.0,0.028970875
817.4927,1301.122,715.9526,1271.6538,1.0,0.09835603
827.8275,111.7179,912.9526,208.46405,1.0,0.09406173
1391.5056,178.21645,1407.0203,356.8976,1.0,0.039709643
270.98965,1528.9985,190.6659,1389.3868,1.0,0.05700998
1115.6617,1164.089,1004.44135,1196.0148,1.0,0.012476428
1324.9606,368.9771,1317.4321,517.1528,1.0,0.11900041
1040.8304,617.71735,1023.7559,695.0443,1.0,0.06779069
1017.65356,706.33105,989.0201,770.6947,1.0,0.07823614
1391.5056,178.21645,1407.0203,356.8976,1.0,0.039709643
1352.5424,1643.2642,1140.9227,1662.3811,1.0,0.06776002
1017.65356,706.33105,989.0201,770.6947,1.0,0.07823614
1352.5424,1643.2642,1140.9227,1662.3811,1.0,0.06776002
898.26904,1727.4607,720.92145,1666.0658,1.0,0.053223215
1164.2076,956.2956,1080.7421,1017.58295,1.0,0.084015705
827.00433,1035.9192,766.2986,1035.6823,1.0,0.066932194
1017.0705,1139.1943,920.2085,1158.1694,1.0,0.11264486
1120.0436,921.5247,1046.704,979.64734,1.0,0.11031646
1017.0705,1139.1943,920.2085,1158.1694,1.0,0.11264486
1017.0705,1139.1943,920.2085,1158.1694,1.0,0.11264486
326.88684,609.3526,385.8812,574.8384,1.0,0.056144357
722.65826,1937.7765,530.4922,1826.6603,1.0,0.04453547
722.65826,1937.7765,530.4922,1826.6603,1.0,0.04453547
168.18526,1084.0674,168.81438,974.8308,1.0,0.020153072
1391.2854,1701.4252,1166.4349,1720.5247,1.0,0.101192385
1115.8788,1251.1091,990.92975,1273.9413,1.0,0.04660113
1016.4867,541.9309,1013.92426,623.3455,1.0,0.0679622
326.95972,1552.6761,237.04765,1419.4054,1.0,0.06737038
897.89435,594.0431,899.5488,651.3142,1.0,0.092085145
1325.5894,1637.8333,1117.6455,1653.2365,1.0,0.08191636
1116.0082,1378.1309,970.99316,1387.6807,1.0,0.04671359
618.81494,734.80505,627.3824,733.31085,1.0,0.049510386
618.81494,734.80505,627.3824,733.31085,1.0,0.049510386
1016.2577,166.67513,1072.8818,287.4539,1.0,0.087290436
1016.2577,166.67513,1072.8818,287.4539,1.0,0.087290436
1391.1049,1209.7845,1243.8761,1280.4236,1.0,0.058959454
327.1637,385.46252,421.441,374.46246,1.0,0.019166036
327.1637,385.46252,421.441,374.46246,1.0,0.019166036
327.17596,132.94778,461.31366,148.4306,1.0,0.042754635
1325.954,474.93866,1301.5065,612.2634,1.0,0.027953101
1391.0563,1493.1796,1199.048,1534.1377,1.0,0.015970698
1089.8381,1178.4989,979.1088,1204.8154,1.0,0.0774439
820.4509,137.14644,902.29175,230.01775,1.0,0.04018098
820.4509,137.14644,902.29175,230.01775,1.0,0.04018098
1015.7486,1170.4542,914.0191,1185.9172,1.0,0.052875083
1015.7486,1170.4542,914.0191,1185.9172,1.0,0.052875083
1204.5884,32.1856,1262.7513,196.63306,1.0,0.061948255
1041.9452,1416.2493,898.6839,1410.1495,1.0,0.055329
1326.1288,1414.5107,1153.3503,1453.4539,1.0,0.024242561
1116.158,122.10495,1169.4491,263.32065,1.0,0.11903161
826.1294,976.40753,774.9068,982.3079,1.0,0.061384164
332.23923,1561.9163,240.35829,1428.4127,1.0,0.15202633
1390.5161,1924.4459,1130.4349,1920.2454,1.0,0.10719727
1390.4899,1976.1129,1122.3801,1966.368,1.0,0.09195031
332.06668,1049.758,321.02902,969.82074,1.0,0.16790502
1204.4995,1117.7103,1091.3087,1168.6299,1.0,0.105793275
1327.8499,1826.9867,1089.8187,1822.994,1.0,0.06490009
722.1678,1823.8262,548.07214,1724.4923,1.0,0.09733054
1390.1365,1257.9877,1235.4353,1323.3335,1.0,0.12670146
331.92975,522.86664,404.05255,498.2034,1.0,0.06026473
331.92975,522.86664,404.05255,498.2034,1.0,0.06026473
1181.0608,206.5018,1214.1736,348.95865,1.0,0.084126376
620.23975,1152.8931,562.5699,1108.207,1.0,0.42445925
1013.89594,1835.8373,807.3391,1781.2727,1.0,0.106546216
1389.8912,348.27853,1378.7354,508.94504,1.0,0.010760379
721.9879,1075.3088,666.06757,1054.3992,1.0,0.06820391
1088.679,1575.302,915.44653,1559.9244,1.0,0.0864027
271.8927,1331.2704,222.61603,1212.4504,1.0,0.05094671
1326.474,1390.1879,1157.4967,1431.6317,1.0,0.095251456
896.53467,916.7311,847.4144,939.9613,1.0,0.114481926
823.35645,1840.3221,636.059,1755.2957,1.0,0.07290552
273.03268,715.06104,320.9747,660.9953,1.0,0.046449568
330.14304,143.0625,462.36383,157.88641,1.0,0.030768152
330.14304,143.0625,462.36383,157.88641,1.0,0.030768152
1389.5063,2021.1006,1114.3696,2006.5277,1.0,0.05966654
719.566,1951.9305,525.4797,1838.8422,1.0,0.034669902
1117.2595,1580.683,940.1284,1569.2107,1.0,0.044665433
896.25165,677.5879,884.9537,725.81555,1.0,0.15536848
896.2216,1537.5867,749.1019,1495.763,1.0,0.09074967
1327.5345,530.44006,1294.2212,662.1336,1.0,0.08605491
1117.715,1170.8174,1005.2119,1202.4463,1.0,0.074649885
1117.6998,1752.6792,913.9008,1723.2516,1.0,0.5613984
1117.6528,201.98862,1158.1538,334.9985,1.0,0.06031207
1117.6482,105.199356,1173.3519,248.47678,1.0,0.1429913
824.3921,1552.3485,682.4551,1497.5885,1.0,0.098849915
824.74146,257.27734,887.1833,338.2588,1.0,0.05554891
171.4974,1330.8706,132.69937,1196.3734,1.0,0.13963693
824.41266,453.1832,855.983,513.52826,1.0,0.09505714
171.68123,1372.0647,126.58102,1233.2455,1.0,0.11515281
824.5,625.10986,828.90344,667.5231,1.0,0.05767874
720.34827,1309.85,627.627,1264.0696,1.0,0.12908743
329.04132,601.5508,389.01505,568.1945,1.0,0.033273187
1012.119,991.5448,939.01514,1025.0955,1.0,0.11617612
172.1296,277.21292,299.73416,253.06392,1.0,0.024722181
1011.82086,556.4659,1006.5481,635.0841,1.0,1.0053165
1011.7032,1449.952,866.303,1435.4744,1.0,0.09536858
954.2531,893.8576,902.49097,928.61475,1.0,0.09517297
1645.009,223.48846,1626.879,437.49362,1.0,0.047828242
1645.0162,780.3615,1538.9662,935.98047,1.0,0.0747511
172.45576,1599.8613,91.30192,1437.3057,1.0,0.10246856
1043.4222,1875.0837,827.57806,1821.12,1.0,0.07072592
622.41327,1783.2135,465.15985,1672.4407,1.0,0.05926212
1645.6337,407.3941,1598.4152,602.2585,1.0,0.0617436
1646.6064,300.86566,1616.2366,506.9326,1.0,0.20619263
1646.6064,300.86566,1616.2366,506.9326,1.0,0.20619263
1646.6064,300.86566,1616.2366,506.9326,1.0,0.20619263
1011.03076,1854.9155,801.8046,1798.0236,1.0,0.10677364
1011.03076,1854.9155,801.8046,1798.0236,1.0,0.10677364
172.95772,1347.3329,131.55748,1211.2693,1.0,0.036752097
1011.03076,1854.9155,801.8046,1798.0236,1.0,0.10677364
1648.4695,1551.6599,1420.353,1627.1234,1.0,0.09120867
173.06885,613.649,247.49687,554.40027,1.0,0.060868137
1649.0095,1828.7179,1377.1101,1875.239,1.0,0.10207429
1649.0095,1828.7179,1377.1101,1875.239,1.0,0.10207429
1649.0095,1828.7179,1377.1101,1875.239,1.0,0.10207429
1203.592,1370.699,1050.6481,1394.8645,1.0,0.109893456
1649.4729,222.19293,1631.0985,437.03467,1.0,0.06598169
1651.1691,339.92007,1614.0317,542.66296,1.0,0.07414867
1242.1838,1055.5583,1134.9796,1118.8435,1.0,0.14186272
173.89987,795.9333,219.3605,717.82367,1.0,0.08635845
623.127,1204.6816,557.0992,1154.578,1.0,0.046743724
623.127,1204.6816,557.0992,1154.578,1.0,0.046743724
1651.4624,642.49817,1566.5565,813.60956,1.0,0.09688477
1652.5496,1143.2073,1488.4365,1262.1216,1.0,0.057561815
1652.9146,1688.6984,1402.6296,1750.5214,1.0,0.025362734
1653.1124,1741.2058,1394.5831,1797.5027,1.0,0.09762428
1653.1124,1741.2058,1394.5831,1797.5027,1.0,0.09762428
623.49493,1107.544,572.8038,1067.6685,1.0,0.08085894
1242.7954,1588.4292,1051.2893,1595.8778,1.0,0.121112265
533.8733,1649.345,406.97473,1538.7786,1.0,0.15748236
533.8733,1649.345,406.97473,1538.7786,1.0,0.15748236
1009.5797,1920.6815,790.04126,1856.6146,1.0,0.031140912
1654.8229,422.49216,1604.249,617.1656,1.0,0.057873722
1203.1873,106.89995,1249.4769,263.2897,1.0,0.2173816
532.36096,1134.5944,486.94867,1077.566,1.0,0.082637995
532.36096,1134.5944,486.94867,1077.566,1.0,0.082637995
1659.0072,1602.3945,1421.7104,1674.195,1.0,0.024831934
1659.1447,317.72342,1624.6686,524.0517,1.0,0.06669679
1009.5797,1920.6815,790.04126,1856.6146,1.0,0.031140912
1660.1763,53.771698,1667.0543,287.8591,1.0,0.167446
225.69975,1743.3406,116.28768,1573.8766,1.0,0.25585315
175.29782,1417.3513,122.55673,1274.327,1.0,0.012342125
1661.4896,1624.9933,1420.4208,1694.8828,1.0,0.09621386
1663.6974,1723.0609,1406.7614,1782.9312,1.0,0.08728924
1665.1902,1698.9626,1412.0326,1761.6027,1.0,0.06343359
1665.1902,1698.9626,1412.0326,1761.6027,1.0,0.06343359
1665.1902,1698.9626,1412.0326,1761.6027,1.0,0.06343359
1665.4781,1549.4872,1435.9186,1627.8134,1.0,0.09707407
1665.4781,1549.4872,1435.9186,1627.8134,1.0,0.09707407
1666.6832,225.13223,1646.0502,442.35422,1.0,0.07790994
1244.77,1843.7582,1012.81445,1824.8278,1.0,0.11310243
1066.0619,1668.5051,880.4063,1639.7682,1.0,0.020674618
176.14891,1384.9716,128.42932,1245.4312,1.0,0.031919815
1667.3733,1989.0098,1368.1266,2021.608,1.0,0.04864973
1007.7806,816.42773,962.8138,867.7209,1.0,0.08444736
1667.4133,1540.2899,1439.0521,1619.9822,1.0,0.063446626
1202.7401,425.69473,1199.145,548.56006,1.0,0.23505916
625.04517,437.92773,679.8952,468.46686,1.0,0.06912868
625.04517,437.92773,679.8952,468.46686,1.0,0.06912868
176.49576,1122.4662,170.2091,1010.5013,1.0,0.022064969
1202.7401,425.69473,1199.145,548.56006,1.0,0.23505916
1667.4625,1794.6499,1398.9863,1847.6973,1.0,0.087329514
1668.6588,1203.8826,1493.3109,1318.9357,1.0,0.0739327
1668.6588,1203.8826,1493.3109,1318.9357,1.0,0.0739327
1669.6667,914.05457,1539.9307,1059.7123,1.0,0.09112563
1669.6667,914.05457,1539.9307,1059.7123,1.0,0.09112563
226.67769,1520.8313,152.26164,1375.0134,1.0,0.06722999
176.9753,1772.3837,68.089096,1592.3229,1.0,0.13191587
176.9753,1772.3837,68.089096,1592.3229,1.0,0.13191587
176.98886,1385.9004,129.00003,1246.2937,1.0,0.13913402
1245.5295,1214.6362,1112.8209,1261.7498,1.0,0.103876956
950.1661,1278.7026,838.1995,1272.4653,1.0,0.050799623
177.28123,1132.4666,169.35036,1019.54443,1.0,0.051434245
526.95447,46.287716,653.9549,102.25222,1.0,0.15257469
526.95447,46.287716,653.9549,102.25222,1.0,0.15257469
1674.5691,837.2284,1556.4884,991.6282,1.0,0.07870961
1202.3429,239.42853,1228.0911,381.86584,1.0,0.08661601
1202.3429,239.42853,1228.0911,381.86584,1.0,0.08661601
1675.7535,1945.8265,1382.5066,1984.34,1.0,0.048736487
1676.027,1548.5378,1445.514,1628.6659,1.0,0.087851025
178.09662,835.6747,216.96425,753.98755,1.0,0.07092901
178.09662,835.6747,216.96425,753.98755,1.0,0.07092901
1044.8325,1859.5789,831.28046,1807.5061,1.0,0.05145477
1066.4625,1712.9374,873.76495,1679.6035,1.0,0.03418361
1246.7074,346.0233,1251.0061,484.12463,1.0,0.21805398
949.337,251.55504,999.69135,352.7398,1.0,0.1240238
1246.7074,346.0233,1251.0061,484.12463,1.0,0.21805398
1368.5474,1883.2563,1117.388,1879.8295,1.0,0.08598127
524.91766,529.8737,575.78235,534.97516,1.0,0.11267713
178.80034,1528.3124,107.70323,1374.953,1.0,0.8835372
524.91766,529.8737,575.78235,534.97516,1.0,0.11267713
1678.8489,1488.8944,1457.4131,1575.7047,1.0,0.047776923
1679.6493,1097.6877,1519.8685,1225.5674,1.0,0.04905784
178.96913,825.4105,219.332,744.8871,1.0,0.06748834
948.8928,831.4665,907.77295,871.92566,1.0,0.13791159
1045.234,2015.1476,806.98846,1946.8744,1.0,0.053334005
1681.2692,45.86986,1687.3855,284.135,1.0,0.077437386
1201.8575,1508.939,1027.1465,1518.3691,1.0,0.01688149
1386.0194,1956.3453,1121.3911,1947.9484,1.0,0.050011598
523.9295,1360.0508,443.83563,1277.9916,1.0,0.12025654
1682.6335,658.32495,1591.9438,832.6991,1.0,0.077054314
948.8928,831.4665,907.77295,871.92566,1.0,0.13791159
1684.384,696.5603,1587.3586,867.26166,1.0,0.05231749
1684.7897,1693.0402,1430.4645,1759.6683,1.0,0.24161492
1684.9028,321.85892,1646.8036,531.7899,1.0,0.2244799
627.0957,1690.9916,483.89655,1590.6355,1.0,0.046765838
522.3456,1039.7623,492.94104,991.0346,1.0,0.06881481
1045.5768,124.33139,1105.8679,254.0696,1.0,0.045787152
179.88696,995.9504,193.1609,897.66003,1.0,0.11467222
655.4478,1470.5265,544.1523,1397.7455,1.0,0.11724629
1066.8809,844.85156,1011.2111,902.50836,1.0,0.056045465
1201.6188,407.95862,1200.7566,532.65,1.0,0.0065202005
1686.798,1434.0973,1473.1763,1527.8953,1.0,0.046538897
1686.8126,1614.9332,1444.6505,1689.7933,1.0,0.055248786
521.91473,307.95987,608.0318,335.7625,1.0,0.05908055
1385.6481,1077.1073,1259.6992,1160.5696,1.0,0.26897767
521.49915,763.35406,535.8389,743.44257,1.0,0.08855848
1045.6112,587.6767,1032.7734,668.8495,1.0,0.09036883
1003.72845,1444.0377,860.04297,1428.9559,1.0,0.03381948
1689.5922,615.72107,1604.856,795.6255,1.0,0.06409052
1003.72845,1444.0377,860.04297,1428.9559,1.0,0.03381948
520.7695,1465.6068,424.4761,1372.0131,1.0,0.24042934
1690.5662,8.308844,1701.5302,251.99797,1.0,0.06635987
1201.4801,976.8775,1110.7775,1041.9054,1.0,0.0715405
1690.8453,260.79355,1662.0374,478.09058,1.0,0.06602724
1201.4801,976.8775,1110.7775,1041.9054,1.0,0.0715405
948.55396,1026.4468,876.5661,1046.3574,1.0,0.059568845
948.55396,1026.4468,876.5661,1046.3574,1.0,0.059568845
1066.9186,1145.5035,963.8258,1171.6931,1.0,0.09801283
1690.8987,1685.2727,1437.2327,1753.4574,1.0,0.07979637
520.3467,1351.5991,441.89392,1269.9025,1.0,0.03963344
519.8605,1545.6727,410.79202,1443.5988,1.0,0.007671575
1692.796,516.2093,1623.4327,707.08966,1.0,0.029108906
1201.4695,1174.8584,1079.6497,1219.1222,1.0,0.13023718
1003.03784,626.1832,988.5439,696.662,1.0,0.027016038
1003.03784,626.1832,988.5439,696.662,1.0,0.027016038
1692.9899,1000.69214,1547.1958,1140.8339,1.0,0.10740779
181.33202,1185.9524,164.56125,1068.0895,1.0,0.067738496
181.33202,1185.9524,164.56125,1068.0895,1.0,0.067738496
1002.55676,1768.8424,807.6785,1719.596,1.0,0.026257604
1693.2161,1643.2032,1445.9536,1716.1093,1.0,0.08734453
1249.1573,241.6569,1269.5165,391.59927,1.0,0.33998588
519.04675,302.37622,606.3389,330.3159,1.0,0.052395083
1693.7465,1845.2561,1414.4597,1897.1353,1.0,0.021132624
1249.2505,958.9666,1156.7927,1033.3337,1.0,0.4036214
1695.3241,255.29692,1666.9327,473.93097,1.0,0.08001046
1046.5939,1738.2281,851.9677,1699.1262,1.0,0.010672779
1249.4097,98.66134,1292.4878,263.09888,1.0,0.22019379
1001.9979,1809.8274,800.9409,1756.1473,1.0,0.21258162
182.38832,294.65274,306.22226,270.32755,1.0,0.08213405
1696.4303,1027.0928,1546.0272,1165.0604,1.0,0.018579166
228.57233,1016.5311,233.62889,923.83606,1.0,0.10547162
1697.0531,313.1755,1659.2343,525.8942,1.0,0.10871031
1697.0531,313.1755,1659.2343,525.8942,1.0,0.10871031
948.1417,270.6688,995.5569,369.6761,1.0,0.07665849
182.60168,1242.9578,156.66708,1119.3466,1.0,0.035460275
1699.0763,1293.3273,1506.4194,1403.8015,1.0,0.073965445
1067.3539,22.158785,1141.4824,166.0458,1.0,0.031884562
1384.1393,1549.301,1184.056,1583.2545,1.0,0.07515933
1250.1017,1150.6914,1127.0905,1205.4698,1.0,0.2834254
1000.898,1715.0938,814.29803,1671.0062,1.0,0.45480275
1701.1614,200.56227,1680.8224,425.84204,1.0,0.10078862
1067.3539,22.158785,1141.4824,166.0458,1.0,0.031884562
1384.1393,1549.301,1184.056,1583.2545,1.0,0.07515933
1047.2854,123.28471,1107.692,253.39958,1.0,0.17293851
1367.5736,1998.4596,1098.3657,1982.7888,1.0,0.116849415
1702.2942,1004.1912,1555.0687,1145.3488,1.0,0.2329313
1384.1393,1549.301,1184.056,1583.2545,1.0,0.07515933
1702.5194,491.41992,1636.6666,686.46027,1.0,0.64365107
1047.3602,1106.6903,952.45593,1133.8098,1.0,0.119472556
1702.8882,491.40527,1636.6666,686.46027,1.0,0.3118464
229.0481,488.20032,317.4017,450.94955,1.0,0.03921396
1200.5374,1630.3993,1006.86633,1626.7502,1.0,0.16139926
1200.5374,1630.3993,1006.86633,1626.7502,1.0,0.16139926
1703.1407,1002.48315,1555.9722,1144.0509,1.0,0.07662205
1703.9777,487.34918,1638.03,682.90173,1.0,0.13650605
1250.5991,634.22046,1208.9343,742.90735,1.0,0.0614774
629.4633,712.51105,640.4942,714.96954,1.0,0.059636813
1191.3608,215.0644,1222.1309,358.3168,1.0,0.11238502
1704.9061,679.42145,1608.4987,855.11487,1.0,0.02264725
184.48923,1611.5015,100.19277,1449.5847,1.0,0.04942581
1706.3611,41.550137,1710.7266,284.32965,1.0,0.25034514
1251.3983,523.47845,1227.2042,643.9099,1.0,0.12237121
514.22925,1589.4419,398.9006,1481.8989,1.0,0.06591046
514.2239,1644.7579,390.08908,1531.4198,1.0,0.011474974
514.2239,1644.7579,390.08908,1531.4198,1.0,0.011474974
513.81287,1946.4448,342.12872,1801.4052,1.0,0.043755226
513.81287,1946.4448,342.12872,1801.4052,1.0,0.043755226
1709.31,243.54332,1681.2917,465.5773,1.0,0.060605176
1709.31,243.54332,1681.2917,465.5773,1.0,0.060605176
1709.7874,300.1304,1672.9811,516.3633,1.0,0.25584987
1193.3167,1817.7053,970.8554,1793.486,1.0,0.08775938
1193.3167,1817.7053,970.8554,1793.486,1.0,0.08775938
1193.3167,1817.7053,970.8554,1793.486,1.0,0.08775938
1866.7834,1621.369,1604.653,1723.6924,1.0,0.30378887
1866.297,574.48193,1769.6128,786.5844,1.0,0.10458493
1865.4989,520.66516,1777.3326,738.3183,1.0,0.03477424
910.008,1536.6835,761.5024,1497.1295,1.0,0.00811561
1456.1052,375.86417,1433.6688,544.0167,1.0,0.06964226
1456.2704,612.0832,1396.5406,755.5298,1.0,0.06912341
1456.4539,1463.443,1262.2837,1517.8535,1.0,0.02620904
744.0239,1261.8583,656.347,1224.8589,1.0,0.07382441
1064.5671,474.04556,1067.7197,570.11926,1.0,0.11451115
614.48663,18.756231,736.5519,91.50628,1.0,0.010169502
744.0239,1261.8583,656.347,1224.8589,1.0,0.07382441
462.0648,816.8305,474.15274,781.87946,1.0,0.0901119
462.0648,816.8305,474.15274,781.87946,1.0,0.0901119
462.0648,816.8305,474.15274,781.87946,1.0,0.0901119
1641.5714,296.06006,1612.196,501.96216,1.0,0.11160121
1641.5067,1204.8931,1468.895,1315.4686,1.0,0.15861368
1641.5067,1204.8931,1468.895,1315.4686,1.0,0.15861368
1446.4026,219.6365,1449.6921,402.7957,1.0,0.1254539
1152.1967,1875.1321,925.04504,1838.431,1.0,0.1606341
1909.9154,921.82294,1753.852,1104.5914,1.0,0.12532198
1310.4801,1115.067,1186.5814,1182.948,1.0,0.058641795
161.06131,1420.5039,109.373146,1274.8176,1.0,0.09114581
144.18867,1142.089,138.11052,1022.9371,1.0,0.06355953
1139.9961,1197.7826,1021.04114,1230.0664,1.0,0.14587219
773.9966,197.86252,851.156,277.0039,1.0,0.08877586
934.1229,78.531906,1013.29083,195.45465,1.0,0.038254682
1852.1514,1576.3278,1598.681,1681.4774,1.0,0.12696844
464.62845,1867.048,310.72202,1722.5504,1.0,0.12513216
774.5331,1799.413,598.75397,1710.9279,1.0,0.042554244
774.8924,697.1457,773.28033,724.12146,1.0,0.22779715
604.3946,1459.4491,500.17422,1379.7386,1.0,0.09497012
283.9175,1416.8169,219.97055,1290.9904,1.0,0.07792763
972.921,1681.0945,795.20374,1636.2584,1.0,0.20377679
245.9359,1785.5931,127.795456,1615.2003,1.0,0.13359551
1153.564,1957.8376,913.07544,1912.6752,1.0,0.042846203
245.9359,1785.5931,127.795456,1615.2003,1.0,0.13359551
1914.69,846.70105,1769.973,1037.8978,1.0,0.13874519
1402.382,377.1554,1385.4481,536.7625,1.0,0.093777195
307.8023,452.42847,393.48712,431.39212,1.0,0.04497211
1915.0219,504.5111,1824.2236,731.59064,1.0,0.116344534
1915.0219,504.5111,1824.2236,731.59064,1.0,0.116344534
1402.382,377.1554,1385.4481,536.7625,1.0,0.093777195
1021.69257,1325.4379,894.8778,1325.5706,1.0,0.084203325
1915.3029,1794.3247,1621.1819,1886.6077,1.0,0.35556552
307.8023,452.42847,393.48712,431.39212,1.0,0.04497211
1915.5953,312.6306,1854.9335,560.073,1.0,0.09941928
438.4846,1856.567,288.87082,1709.0778,1.0,0.018470196
1177.4629,938.28485,1095.428,1003.6836,1.0,0.06485254
1311.0342,698.1038,1252.9589,809.70154,1.0,0.056729082
1039.7859,1013.828,960.23584,1049.4834,1.0,0.03900987
1311.0342,698.1038,1252.9589,809.70154,1.0,0.056729082
927.8707,151.27684,996.27814,259.58148,1.0,0.09836297
691.7829,672.7849,702.6764,689.25494,1.0,0.17559819
645.8768,1052.5142,601.55896,1021.85626,1.0,0.15408505
691.7829,672.7849,702.6764,689.25494,1.0,0.17559819
603.6304,908.2075,586.4918,886.07806,1.0,0.08217372
1392.8872,1024.1655,1274.8145,1114.5144,1.0,0.09889873
1392.8872,1024.1655,1274.8145,1114.5144,1.0,0.09889873
436.52625,173.89655,552.95526,202.21397,1.0,0.24665509
691.98816,487.61948,731.95154,523.5225,1.0,0.037778
1402.8107,1631.0985,1187.9083,1659.3827,1.0,0.14171265
692.0592,1764.229,530.4988,1666.3647,1.0,0.09470125
1926.9677,432.45624,1846.2832,669.04663,1.0,0.03637142
1359.9778,1387.9447,1187.9318,1434.9768,1.0,0.1100073
1402.8107,1631.0985,1187.9083,1659.3827,1.0,0.14171265
616.7918,618.7117,643.98895,628.9487,1.0,0.106707625
1465.6617,1191.1765,1313.5753,1275.45,1.0,0.1043462
1845.1454,1579.4725,1591.9539,1683.0292,1.0,0.036945987
909.3284,1667.136,740.3234,1613.717,1.0,0.106274106
1040.463,1155.2784,938.55835,1176.228,1.0,0.06921303
1391.9178,1075.6876,1265.731,1160.5061,1.0,0.022966094
1363.066,1659.2975,1147.8304,1678.4231,1.0,0.076578185
934.60046,1154.6418,843.89075,1159.0079,1.0,0.07158092
282.6077,479.60715,366.75076,451.66553,1.0,0.09397284
1363.066,1659.2975,1147.8304,1678.4231,1.0,0.076578185
1839.8093,1917.0349,1533.9395,1984.4114,1.0,0.05925442
166.26312,819.48517,208.96295,737.6253,1.0,0.10808166
1096.5803,1006.7717,1012.32544,1052.0667,1.0,0.17442243
1091.3026,1165.3322,982.3445,1193.3123,1.0,0.08624345
1305.4247,512.0808,1277.3732,642.2395,1.0,0.122801416
763.3349,1420.4088,648.5619,1369.8002,1.0,0.085783385
261.21045,1655.5547,161.9767,1501.225,1.0,0.13327798
1057.2302,1389.1672,916.58014,1388.2892,1.0,0.020504996
1017.7793,266.78632,1058.5122,377.21307,1.0,0.06550839
1628.9078,912.9406,1503.5571,1052.0078,1.0,0.19111179
139.21834,1130.5216,135.44427,1011.68304,1.0,0.17485115
1933.5302,227.9503,1884.522,487.0102,1.0,0.08944623
261.21045,1655.5547,161.9767,1501.225,1.0,0.13327798
909.3284,1667.136,740.3234,1613.717,1.0,0.106274106
1391.4875,1434.8726,1208.6963,1481.9443,1.0,0.08447557
1933.5302,227.9503,1884.522,487.0102,1.0,0.08944623
1627.6812,1011.57117,1486.9163,1140.3143,1.0,0.010375977
1375.8243,1931.4756,1116.2065,1924.2083,1.0,0.08905027
1375.8243,1931.4756,1116.2065,1924.2083,1.0,0.08905027
542.4071,1536.1953,432.51407,1438.6926,1.0,0.052291006
542.4071,1536.1953,432.51407,1438.6926,1.0,0.052291006
1934.5974,383.93344,1860.7758,626.7895,1.0,0.05645409
1626.6449,176.3569,1617.8474,392.30008,1.0,0.093406126
1626.6449,176.3569,1617.8474,392.30008,1.0,0.093406126
1017.05817,1520.9241,859.8767,1499.9064,1.0,0.05579628
1837.816,983.82495,1679.3892,1148.6646,1.0,0.04047915
876.3718,82.79304,961.0925,190.19107,1.0,0.19579114
876.17865,226.10663,938.16626,318.35895,1.0,0.12237238
1837.816,983.82495,1679.3892,1148.6646,1.0,0.04047915
431.45102,1370.5197,359.41174,1272.8236,1.0,0.12661287
1625.5056,493.10577,1566.4369,675.48553,1.0,0.48084345
1625.5056,493.10577,1566.4369,675.48553,1.0,0.48084345
749.5547,1238.0879,665.0556,1204.4688,1.0,0.073490076
749.5547,1238.0879,665.0556,1204.4688,1.0,0.073490076
935.7415,978.097,872.7533,1001.11304,1.0,0.039094005
1835.351,1231.1356,1638.1777,1369.549,1.0,0.11197627
976.708,1440.0028,836.43176,1420.9169,1.0,0.19599773
976.708,1440.0028,836.43176,1420.9169,1.0,0.19599773
749.5547,1238.0879,665.0556,1204.4688,1.0,0.073490076
1041.6741,926.90826,975.6928,971.98486,1.0,0.060148094
643.12445,680.2703,657.80725,688.3255,1.0,0.07181683
925.40076,1150.5038,836.3127,1153.712,1.0,0.13505729
619.0528,480.29245,667.86456,505.42032,1.0,0.09221796
619.0528,480.29245,667.86456,505.42032,1.0,0.09221796
23.43942,930.01965,63.595814,813.96564,1.0,0.09840303
1622.8037,304.8263,1594.1416,506.79422,1.0,0.031071931
1405.0287,1802.3568,1162.7788,1813.0696,1.0,0.0741594
248.06708,1397.5348,190.96355,1268.0739,1.0,0.123505965
24.386166,955.6654,60.375683,837.1099,1.0,0.059163176
24.386166,955.6654,60.375683,837.1099,1.0,0.059163176
24.386166,955.6654,60.375683,837.1099,1.0,0.059163176
1304.9956,503.16467,1278.4197,634.11255,1.0,0.16976136
1405.0287,1802.3568,1162.7788,1813.0696,1.0,0.0741594
248.06708,1397.5348,190.96355,1268.0739,1.0,0.123505965
429.1768,1238.1204,378.13693,1153.9109,1.0,0.02539444
205.17993,1095.0452,200.3353,990.53064,1.0,0.14815697
472.734,1035.2405,449.21872,979.1395,1.0,0.05769163
1168.318,43.330704,1228.6791,200.88242,1.0,0.18947625
544.49884,1481.4147,443.014,1389.9696,1.0,0.029842697
1269.7202,1213.6499,1134.6107,1264.7836,1.0,0.102938
1056.737,1977.1791,823.38654,1914.7834,1.0,0.13465929
599.6504,1671.4354,462.47543,1568.4812,1.0,0.31981346
288.27512,23.360725,443.79248,44.144062,1.0,0.025000636
1146.1361,1728.4845,942.6398,1706.0864,1.0,0.04490483
599.3465,1235.1392,531.1051,1178.0924,1.0,0.13947771
1146.1361,1728.4845,942.6398,1706.0864,1.0,0.04490483
1389.6809,1794.8735,1150.2244,1803.9464,1.0,0.07749427
1138.3795,1086.1814,1037.0323,1129.8485,1.0,0.03972165
1614.9976,603.4557,1540.0164,772.83545,1.0,0.09760932
1441.3274,1091.5575,1307.4132,1182.4545,1.0,0.053625558
1614.9976,603.4557,1540.0164,772.83545,1.0,0.09760932
1336.8746,2016.1587,1067.5492,1993.2518,1.0,0.6801665
133.99747,978.7945,154.86794,875.1801,1.0,0.050490797
750.1755,1772.1533,581.0969,1683.1145,1.0,0.42101294
709.69037,118.171875,806.2216,195.75987,1.0,0.2520554
874.7148,982.0084,817.54456,995.0131,1.0,0.09177613
1072.6622,1700.8029,881.12756,1669.7737,1.0,0.08681072
1146.9025,1142.4606,1035.9187,1181.5626,1.0,0.10667583
1613.8474,288.4347,1588.8226,490.70868,1.0,0.14190376
1042.8186,1533.9934,880.8201,1515.7094,1.0,0.017133059
1269.1156,1318.4897,1117.4841,1358.4042,1.0,0.08657961
779.1222,47.17562,879.56226,142.9027,1.0,0.11716792
329.15335,37.934093,478.10052,63.61221,1.0,0.04552509
1948.8326,278.85403,1890.2249,535.0107,1.0,0.12637115
1237.0955,925.9388,1150.7548,1001.93414,1.0,0.04933049
1147.0598,112.86946,1198.524,259.7817,1.0,0.071486555
1948.8446,1889.9869,1635.9048,1977.3704,1.0,0.14633068
1948.8446,1889.9869,1635.9048,1977.3704,1.0,0.14633068
237.06262,681.8706,293.99442,625.5712,1.0,0.045798495
237.06262,681.8706,293.99442,625.5712,1.0,0.045798495
1237.0955,925.9388,1150.7548,1001.93414,1.0,0.04933049
1949.0874,457.57346,1862.1443,695.0294,1.0,0.043854345
1479.9813,1623.5287,1258.0778,1664.7485,1.0,0.114622205
1479.9813,1623.5287,1258.0778,1664.7485,1.0,0.114622205
365.48706,1150.7347,334.94858,1065.6351,1.0,0.025517678
1949.986,269.3788,1892.3364,526.77167,1.0,0.2958233
1949.986,269.3788,1892.3364,526.77167,1.0,0.2958233
1343.459,98.49936,1376.6498,277.90775,1.0,0.09586398
1951.0906,1833.1128,1646.7776,1926.8706,1.0,0.015770238
873.34326,298.064,924.39624,382.4355,1.0,0.19397123
281.8996,978.97406,287.22845,898.60876,1.0,0.07011662
1952.4135,654.3816,1834.0402,871.70435,1.0,0.081847325
1809.4684,1288.9828,1605.9906,1417.2898,1.0,0.1436782
1809.4684,1288.9828,1605.9906,1417.2898,1.0,0.1436782
1952.4866,148.64125,1913.9789,418.99628,1.0,0.05714
131.19658,1099.1313,133.37744,982.42487,1.0,0.07083976
1807.9386,1768.1505,1529.1815,1846.0509,1.0,0.3314959
1955.5856,56.14476,1931.3936,336.57294,1.0,0.15339363
759.62115,585.6651,777.07825,621.8816,1.0,0.12455624
1189.6149,1494.9315,1018.4564,1503.9348,1.0,0.058375653
913.91046,1208.091,816.9161,1203.5707,1.0,0.053433098
1607.471,257.15375,1587.9779,461.57706,1.0,0.1412729
1957.4015,830.34296,1810.6519,1030.0369,1.0,0.09126632
1118.5106,1059.786,1023.6625,1102.7827,1.0,0.37689593
1958.1292,1222.703,1749.4061,1381.4677,1.0,0.031082658
364.99036,965.9333,363.82608,900.03644,1.0,0.19066595
1189.6149,1494.9315,1018.4564,1503.9348,1.0,0.058375653
1197.3556,956.26917,1110.4791,1022.91223,1.0,0.11197422
759.0088,725.9159,754.4313,747.35516,1.0,0.15382954
1804.3011,1857.2465,1511.6053,1925.2174,1.0,0.11169
1197.3556,956.26917,1110.4791,1022.91223,1.0,0.11197422
822.67487,815.41034,797.26764,837.6253,1.0,0.09869096
1183.4525,943.1454,1100.1184,1008.9011,1.0,0.11674377
595.94867,693.8784,613.5083,692.9633,1.0,0.14394358
235.69221,916.6794,255.71684,835.56415,1.0,0.06477737
758.91406,677.8161,761.8481,704.29803,1.0,0.07108963
128.0832,237.86052,266.56754,210.87221,1.0,0.07946989
549.33997,1165.659,497.21976,1108.0675,1.0,0.064380325
549.33997,1165.659,497.21976,1108.0675,1.0,0.064380325
364.02945,919.14215,370.25836,858.06683,1.0,0.079335585
1604.0878,628.52704,1526.2959,793.5808,1.0,0.08010083
1604.0878,628.52704,1526.2959,793.5808,1.0,0.08010083
38.62123,1185.8104,36.794918,1045.1941,1.0,0.25645426
1342.4805,112.391396,1373.5034,290.28232,1.0,0.024554668
127.502075,1300.031,98.33829,1161.7008,1.0,0.057810027
127.502075,1300.031,98.33829,1161.7008,1.0,0.057810027
1342.3649,2016.3229,1072.9745,1994.787,1.0,0.11504245
127.502075,1300.031,98.33829,1161.7008,1.0,0.057810027
1167.6323,483.4098,1158.5425,594.80286,1.0,0.13106403
595.25165,664.5562,617.484,666.5389,1.0,0.15349302
1794.1035,941.6473,1647.0311,1103.9751,1.0,0.088144995
1794.1035,941.6473,1647.0311,1103.9751,1.0,0.088144995
982.80786,984.1774,913.87695,1013.88324,1.0,0.09798472
1969.0159,417.0986,1886.3539,661.8976,1.0,0.07356992
1378.3646,1657.2542,1161.821,1678.973,1.0,0.063825384
1437.8917,363.0471,1419.3647,529.65137,1.0,0.08405454
1437.8917,363.0471,1419.3647,529.65137,1.0,0.08405454
1437.8917,363.0471,1419.3647,529.65137,1.0,0.08405454
1088.2343,1003.1585,1005.3228,1047.6685,1.0,0.066159435
1792.01,1132.9408,1614.9165,1274.9137,1.0,0.04624854
1314.1234,980.85895,1211.085,1063.2609,1.0,0.06992701
1314.1234,980.85895,1211.085,1063.2609,1.0,0.06992701
1791.6893,603.19543,1698.3112,800.83594,1.0,0.26938695
1971.242,1816.0537,1667.588,1914.7152,1.0,0.11163135
719.1148,6.7693954,832.2108,97.133705,1.0,0.19432338
1167.6323,483.4098,1158.5425,594.80286,1.0,0.13106403
199.07928,1918.9215,64.76778,1727.0919,1.0,0.09537325
125.382614,1587.0917,51.106464,1418.2053,1.0,0.1985773
1180.8441,1237.5195,1051.2145,1271.8933,1.0,0.1620625
1600.7238,127.75119,1602.3491,344.77783,1.0,0.052406643
292.92783,791.67224,326.7536,732.70105,1.0,0.11086152
42.662224,1301.0675,22.096455,1149.274,1.0,0.07781001
292.92783,791.67224,326.7536,732.70105,1.0,0.11086152
1174.0638,970.63513,1087.3563,1032.0499,1.0,0.09840806
1174.0638,970.63513,1087.3563,1032.0499,1.0,0.09840806
594.3538,567.43506,632.0647,579.5578,1.0,0.15942645
594.3538,567.43506,632.0647,579.5578,1.0,0.15942645
1264.1085,82.77801,1308.2013,251.36014,1.0,0.17071958
1789.6042,286.98468,1746.4758,517.186,1.0,0.21629755
1789.4558,1361.685,1576.4702,1479.225,1.0,0.06919535
718.8046,449.47604,761.98425,493.53705,1.0,0.07144527
1598.4558,421.21927,1553.9984,607.15576,1.0,0.05944862
722.62976,1816.2701,549.61847,1717.8336,1.0,0.03312275
722.62976,1816.2701,549.61847,1717.8336,1.0,0.03312275
1488.5299,288.74585,1476.5228,471.19983,1.0,0.08588456
386.12546,1327.9441,325.6394,1227.4899,1.0,0.22170796
43.91433,169.43973,201.9333,136.29613,1.0,0.05017931
1488.5299,288.74585,1476.5228,471.19983,1.0,0.08588456
44.43115,251.02199,189.5762,209.42764,1.0,0.06833771
1789.4558,1361.685,1576.4702,1479.225,1.0,0.06919535
486.50824,1250.9348,427.49738,1174.4553,1.0,0.042726178
486.50824,1250.9348,427.49738,1174.4553,1.0,0.042726178
486.50824,1250.9348,427.49738,1174.4553,1.0,0.042726178
386.4358,1597.9425,283.3855,1469.2164,1.0,0.3225901
1115.7318,926.45245,1042.0032,983.1002,1.0,0.18356916
1490.6924,425.11142,1456.2997,593.97766,1.0,0.64515364
1788.3821,1640.036,1531.6636,1728.3457,1.0,0.09392063
710.49994,1962.0483,515.71387,1846.3887,1.0,0.0745194
1435.879,143.53679,1452.2838,332.84912,1.0,0.075642295
1787.3385,392.73868,1727.6245,611.43677,1.0,0.097403236
1787.3385,392.73868,1727.6245,611.43677,1.0,0.097403236
1093.1259,1001.61176,1009.9621,1046.9545,1.0,0.07479148
1784.3793,1052.4365,1620.8263,1201.6182,1.0,0.07943214
487.66727,342.81396,571.9836,361.6503,1.0,0.13778922
818.30273,1801.8756,637.55133,1720.063,1.0,0.02626108
1593.7554,939.64764,1467.8918,1070.5087,1.0,0.050056122
914.4694,87.78315,994.27484,200.6746,1.0,0.058082145
1978.833,1682.7404,1695.3168,1796.5747,1.0,0.053204313
1978.833,1682.7404,1695.3168,1796.5747,1.0,0.053204313
414.38065,421.95825,493.81525,420.8604,1.0,0.0831437
868.39404,1264.104,767.333,1246.4811,1.0,0.080088735
1979.6627,579.47766,1870.3248,808.9832,1.0,0.09230245
868.39404,1264.104,767.333,1246.4811,1.0,0.080088735
387.41635,1239.0164,341.06384,1148.0167,1.0,0.460197
1592.8386,1217.8728,1423.3264,1319.4303,1.0,0.19196181
1592.8386,1217.8728,1423.3264,1319.4303,1.0,0.19196181
1494.166,52.983124,1518.7743,261.00446,1.0,0.075725816
1494.166,52.983124,1518.7743,261.00446,1.0,0.075725816
1494.2893,1932.412,1222.1426,1943.6283,1.0,0.037081458
1981.9731,791.9645,1838.7963,999.66986,1.0,0.052331623
326.46298,444.8506,411.49356,427.4808,1.0,0.08373156
333.99332,1072.2521,319.2887,990.41437,1.0,0.17048675
387.67435,31.764767,531.49426,67.38725,1.0,0.07064621
1779.58,1913.1575,1480.667,1971.4325,1.0,0.09454777
1982.9789,1733.654,1690.7928,1843.0447,1.0,0.28604078
1779.58,1913.1575,1480.667,1971.4325,1.0,0.09454777
554.49084,249.3221,646.5154,288.46945,1.0,0.080940306
554.49084,249.3221,646.5154,288.46945,1.0,0.080940306
1590.9856,1640.9642,1354.869,1697.9974,1.0,0.16907272
1115.4679,1694.0353,920.6576,1670.3846,1.0,0.08170976
489.1218,1960.6083,317.232,1810.8939,1.0,0.8550135
1262.7058,1434.0098,1093.5126,1460.8896,1.0,0.044579737
1120.5658,1255.0569,994.5529,1278.2157,1.0,0.0932423
1985.1646,1477.0723,1733.5609,1613.4758,1.0,0.08975323
554.98926,882.24115,547.0238,855.1524,1.0,0.0641311
554.98926,882.24115,547.0238,855.1524,1.0,0.0641311
1120.6696,958.1369,1041.4261,1012.3565,1.0,0.07308518
1985.7538,1713.2941,1696.8319,1825.1066,1.0,0.1273057
51.28183,1121.6559,58.40293,989.9528,1.0,0.19767357
51.28183,1121.6559,58.40293,989.9528,1.0,0.19767357
893.8481,185.82954,960.34546,285.19315,1.0,0.068065144
411.5853,1094.3639,385.25183,1022.51117,1.0,0.16785814
1120.6696,958.1369,1041.4261,1012.3565,1.0,0.07308518
120.68829,1360.7626,82.67188,1215.0327,1.0,0.06606473
361.11954,327.47226,461.05215,327.9013,1.0,0.07589158
1495.1769,67.27999,1517.4055,274.01108,1.0,0.062512636
361.11954,327.47226,461.05215,327.9013,1.0,0.07589158
914.5672,1060.7048,840.6572,1071.5771,1.0,0.15572426
940.67804,913.16437,887.492,943.7107,1.0,0.11515501
940.91797,1471.3136,799.5832,1443.4764,1.0,0.09513946
1233.4119,26.637342,1289.4915,196.2665,1.0,0.07963378
723.8375,1420.6666,613.26337,1363.7059,1.0,0.21406035
1315.3763,311.9808,1317.7765,464.71054,1.0,0.044457734
1497.1387,402.02054,1466.2883,573.95044,1.0,0.039079137
1497.1387,402.02054,1466.2883,573.95044,1.0,0.039079137
914.5672,1060.7048,840.6572,1071.5771,1.0,0.15572426
492.727,393.69507,568.4284,407.9957,1.0,0.08532388
1767.0175,1820.0237,1484.1361,1886.0385,1.0,0.1183707
1767.0175,1820.0237,1484.1361,1886.0385,1.0,0.1183707
276.2276,732.0857,321.1662,676.75256,1.0,0.06541377
1767.0175,1820.0237,1484.1361,1886.0385,1.0,0.1183707
1766.1298,903.48804,1627.9823,1065.4014,1.0,0.059836496
1766.1298,903.48804,1627.9823,1065.4014,1.0,0.059836496
409.8943,293.35815,510.01343,304.98804,1.0,0.075741164
1433.4972,1925.3645,1168.8423,1927.6006,1.0,0.15570833
1766.0162,1359.8916,1555.8375,1474.0422,1.0,0.084884524
409.8943,293.35815,510.01343,304.98804,1.0,0.075741164
409.84982,221.12917,521.5013,240.36041,1.0,0.11414302
409.84982,221.12917,521.5013,240.36041,1.0,0.11414302
1764.4684,194.29327,1738.5632,430.32684,1.0,0.21052974
1357.9617,275.27115,1361.7107,438.534,1.0,0.04127061
754.1738,536.97174,779.9709,577.45325,1.0,0.18306355
233.89572,1487.5491,163.92973,1346.4023,1.0,0.017735578
295.3206,1563.2562,207.00516,1423.8131,1.0,0.07903789
295.3206,1563.2562,207.00516,1423.8131,1.0,0.07903789
1761.7604,1433.7725,1540.3284,1539.4805,1.0,0.035653308
1995.2998,768.9283,1854.3308,981.0298,1.0,0.07620639
1995.5631,1644.5735,1716.4335,1765.03,1.0,0.113474846
1995.5631,1644.5735,1716.4335,1765.03,1.0,0.113474846
1585.8457,110.754196,1591.8387,327.182,1.0,0.18217921
1100.049,1576.1528,925.56146,1562.3702,1.0,0.18581475
1296.6731,96.75265,1335.1357,269.0101,1.0,0.15733336
56.024055,797.7096,113.75455,700.78265,1.0,0.16368276
1296.6731,96.75265,1335.1357,269.0101,1.0,0.15733336
1104.1204,872.5451,1040.1423,933.1213,1.0,0.06980565
1104.1204,872.5451,1040.1423,933.1213,1.0,0.06980565
1761.282,669.7843,1660.4637,855.3528,1.0,0.050277114
814.2116,1847.7091,626.65155,1760.3921,1.0,0.077717
711.53986,1479.8003,592.8506,1414.8389,1.0,0.07075952
1302.5677,1680.039,1090.327,1687.35,1.0,0.09913943
814.2116,1847.7091,626.65155,1760.3921,1.0,0.077717
1760.7931,964.79675,1613.5807,1119.4773,1.0,0.1192257
1501.172,183.77022,1504.3988,379.20526,1.0,0.07349181
813.54065,7.178323,916.6462,112.54199,1.0,0.070658304
495.49515,1498.4181,396.51544,1397.4276,1.0,0.08428717
2043.5741,193.41495,1988.5167,473.4825,1.0,0.110361695
1501.7701,23.895275,1530.2251,236.02751,1.0,0.19914708
358.71735,933.55707,363.16635,870.02954,1.0,0.11242727
116.477615,820.27124,164.18933,730.4668,1.0,0.032065306
495.49515,1498.4181,396.51544,1397.4276,1.0,0.08428717
659.3026,686.34906,671.3447,696.2382,1.0,0.07209185
1133.6282,1138.661,1024.5443,1176.0736,1.0,0.024682665
1997.8342,1876.8712,1681.6781,1973.4391,1.0,0.028390206
1198.5278,133.22787,1241.38,286.13715,1.0,0.064118475
1997.8342,1876.8712,1681.6781,1973.4391,1.0,0.028390206
1997.8807,1749.6329,1701.8875,1859.5787,1.0,0.08315569
1332.4702,250.08176,1342.816,411.93634,1.0,0.022459693
1069.1442,1037.3097,982.7789,1075.1681,1.0,0.023227064
496.14713,1368.0419,417.65286,1280.8097,1.0,0.056552168
194.11095,991.4782,206.64572,895.986,1.0,0.026997693
1505.0021,849.85626,1402.6418,976.17645,1.0,0.039067697
1297.1395,951.81836,1200.382,1034.6779,1.0,0.057953708
1998.8428,1077.0612,1808.8698,1257.562,1.0,0.03219626
296.5165,1712.4747,184.60654,1557.6333,1.0,0.1135324
337.79556,1860.2266,198.18704,1696.4076,1.0,0.08095578
1087.3065,202.66908,1130.8813,330.8219,1.0,0.06443452
1505.1547,79.30067,1524.3997,286.27524,1.0,0.04800193
1757.4038,231.5111,1726.2988,462.43256,1.0,0.110750616
1332.4702,250.08176,1342.816,411.93634,1.0,0.022459693
942.59424,505.2933,953.5179,578.88354,1.0,0.03289076
942.59424,505.2933,953.5179,578.88354,1.0,0.03289076
1365.6085,1072.6396,1242.6704,1153.5884,1.0,0.03514438
1580.4855,78.3224,1592.1857,297.2465,1.0,0.22355755
1580.4855,78.3224,1592.1857,297.2465,1.0,0.22355755
1365.6085,1072.6396,1242.6704,1153.5884,1.0,0.03514438
942.59424,505.2933,953.5179,578.88354,1.0,0.03289076
1580.3838,1637.1176,1345.8402,1692.8673,1.0,0.0270352
1507.0955,155.5628,1514.2092,354.95038,1.0,0.13453232
60.94293,91.34295,229.52768,69.09117,1.0,0.030384388
60.94293,91.34295,229.52768,69.09117,1.0,0.030384388
2003.097,987.93365,1826.7838,1178.394,1.0,0.042308945
1259.9364,112.40829,1299.6138,277.2338,1.0,0.01786384
113.37175,1739.7761,16.292477,1553.1921,1.0,0.06944994
498.98004,847.5289,502.3353,815.22217,1.0,0.05238965
193.16508,1879.7113,65.72573,1691.0082,1.0,0.17052644
252.88266,1733.33,142.0808,1569.4949,1.0,0.07425519
725.7846,2029.631,518.8152,1909.3853,1.0,0.06801256
1749.734,216.25975,1721.7546,447.38348,1.0,0.16552122
2004.881,158.56386,1959.3007,436.16595,1.0,0.034362752
2005.0198,316.08942,1934.6033,577.1985,1.0,0.08321445
587.32886,823.91315,585.2398,808.0643,1.0,0.112048
1354.4462,291.7534,1356.018,452.70605,1.0,0.10178009
703.1008,983.0758,663.6703,968.84735,1.0,0.02178348
63.515774,753.5187,127.27475,662.33496,1.0,0.020722797
339.1076,1240.5167,297.2188,1141.8257,1.0,0.09092108
2005.6005,230.89554,1948.6221,501.01053,1.0,0.13329078
787.49634,933.7146,747.17053,937.9026,1.0,0.18299055
392.4969,1943.3942,234.03394,1779.5558,1.0,0.05889129
392.4969,1943.3942,234.03394,1779.5558,1.0,0.05889129
324.26163,1378.2133,262.1758,1262.8099,1.0,0.07176733
1340.1892,364.76404,1331.6453,515.9643,1.0,0.116540395
863.7754,566.923,873.2596,621.6009,1.0,0.07193135
703.1008,983.0758,663.6703,968.84735,1.0,0.02178348
297.79465,1458.3983,225.77953,1330.4043,1.0,0.026980456
716.7042,1956.1193,522.2806,1842.1327,1.0,0.05792352
716.7042,1956.1193,522.2806,1842.1327,1.0,0.05792352
402.57205,1899.1315,250.0063,1741.4696,1.0,0.05812958
1573.6533,1902.8088,1297.837,1929.6509,1.0,0.034903146
402.57205,1899.1315,250.0063,1741.4696,1.0,0.05812958
2037.764,1524.3772,1773.124,1664.1399,1.0,0.028693017
2010.274,464.4089,1915.9473,710.7392,1.0,0.16698019
906.6633,804.305,874.08014,840.9539,1.0,0.04764704
1744.6714,31.881369,1746.3657,281.68634,1.0,0.061496858
562.3422,641.56464,591.47034,640.7997,1.0,0.10170051
1510.8029,1186.453,1354.7397,1278.4519,1.0,0.08080871
2010.4395,1903.7518,1688.8383,1999.4393,1.0,0.10244143
586.3749,1111.5597,538.8843,1065.4309,1.0,0.021628158
716.46674,17.615639,828.01544,106.689735,1.0,0.09865677
712.0337,1366.2932,611.19257,1313.3042,1.0,0.05108526
274.15677,1582.9604,184.97446,1438.1633,1.0,0.054606907
274.15677,1582.9604,184.97446,1438.1633,1.0,0.054606907
1742.8915,623.59326,1651.3575,811.1276,1.0,0.05760917
2012.0497,1587.9462,1740.1459,1717.0125,1.0,0.10679318
1570.5826,1075.0643,1425.7914,1188.084,1.0,0.05758511
1740.4388,272.07584,1704.6256,496.12573,1.0,0.07970911
1086.5132,741.90515,1045.059,813.4281,1.0,0.078573205
834.30237,778.60114,813.42163,806.46564,1.0,0.037976082
1084.7214,1352.5631,947.0963,1359.8274,1.0,0.1267006
634.42664,278.3676,713.529,327.01923,1.0,0.13294736
862.39417,107.68886,944.45526,210.19958,1.0,0.06922859
1086.5132,741.90515,1045.059,813.4281,1.0,0.078573205
1514.4814,264.04068,1503.6869,453.10583,1.0,0.1413434
1569.0906,1414.2637,1370.9905,1491.5775,1.0,0.10523849
2033.6938,737.436,1893.6898,958.9291,1.0,0.044197544
1416.1082,951.6784,1307.0499,1053.272,1.0,0.103132725
1080.7123,1868.1956,861.99695,1820.8376,1.0,0.041736845
564.3655,612.2571,598.0526,615.03424,1.0,0.10935245
1515.0757,1479.7461,1312.4863,1541.6757,1.0,0.29663652
109.63485,1356.5973,73.41692,1209.5807,1.0,0.05400963
1515.1809,93.44326,1531.1696,300.4644,1.0,0.10887085
323.44614,142.16875,456.52338,156.0461,1.0,0.026087554
1156.9033,1097.8651,1051.8986,1143.2158,1.0,0.09376439
1567.0151,1547.5004,1348.0917,1610.5166,1.0,0.09939927
2016.3218,1875.4346,1698.537,1974.9834,1.0,0.09250723
109.27642,1157.9092,104.39198,1031.6046,1.0,0.025872735
109.27642,1157.9092,104.39198,1031.6046,1.0,0.025872735
253.76288,1223.2758,223.47409,1112.9729,1.0,0.033158455
253.76288,1223.2758,223.47409,1112.9729,1.0,0.033158455
887.5952,345.7992,929.62177,427.62192,1.0,0.27933463
253.76288,1223.2758,223.47409,1112.9729,1.0,0.033158455
1565.4647,447.5971,1520.3132,625.5163,1.0,0.09154338
1517.4282,134.47198,1526.7057,337.59268,1.0,0.07292462
108.88717,1021.70624,125.59414,909.6149,1.0,0.029954461
1159.8063,70.092155,1216.7821,223.47441,1.0,0.15300469
1112.8757,1861.0426,891.97485,1819.5176,1.0,0.068468526
268.13947,1696.4159,161.70297,1538.8059,1.0,0.07440118
728.6767,1583.27,591.8547,1510.1821,1.0,0.06529395
1256.9404,931.7658,1168.0049,1010.17883,1.0,0.44073573
657.80414,1564.2784,531.3419,1482.004,1.0,0.023583356
1102.6215,223.96234,1141.4652,352.30267,1.0,0.29731864
1732.9419,1896.5013,1441.5333,1949.1669,1.0,0.08393486
268.13947,1696.4159,161.70297,1538.8059,1.0,0.07440118
1519.9141,26.585348,1546.0024,241.42616,1.0,0.08746453
107.43693,539.2004,200.57326,477.31744,1.0,0.16775717
1520.6117,241.7451,1512.585,434.13947,1.0,0.054957278
1157.057,963.6865,1073.15,1023.0697,1.0,0.075488426
806.4353,2033.5767,590.34717,1925.579,1.0,0.06672167
1731.2938,1342.486,1527.5382,1452.9227,1.0,0.10474344
1157.057,963.6865,1073.15,1023.0697,1.0,0.075488426
583.40063,1246.5007,514.98254,1185.8334,1.0,0.09709809
73.95615,650.8507,152.94167,572.0438,1.0,0.114274494
2024.1495,956.3648,1850.5925,1153.4684,1.0,0.017335704
1427.3878,1663.6807,1204.6501,1692.4636,1.0,0.044116218
1112.8757,1861.0426,891.97485,1819.5176,1.0,0.068468526
1338.8434,1871.9113,1092.5925,1864.9496,1.0,0.08815488
1112.8757,1861.0426,891.97485,1819.5176,1.0,0.068468526
1317.4628,1218.0857,1176.627,1276.2034,1.0,0.053522646
1522.4757,1404.731,1330.6172,1475.6686,1.0,0.043281112
1562.6981,270.27084,1545.9049,466.3544,1.0,0.15140115
567.21405,1157.4113,514.6079,1103.3676,1.0,0.16742055
567.21405,1157.4113,514.6079,1103.3676,1.0,0.16742055
2024.2627,422.6933,1935.0203,675.67896,1.0,0.0998327
397.14188,932.2554,397.8129,875.0952,1.0,0.0800345
1080.9471,1769.448,877.8583,1732.5092,1.0,0.0679936
397.14188,932.2554,397.8129,875.0952,1.0,0.0800345
1725.4819,1356.9153,1519.9708,1464.9967,1.0,0.074342825
1080.9471,1769.448,877.8583,1732.5092,1.0,0.0679936
1523.3468,672.89484,1446.9313,820.51587,1.0,0.11501362
1049.2456,1051.628,962.85,1084.8827,1.0,0.12798192
230.02197,1522.8711,154.9509,1377.6122,1.0,0.19388764
2028.1965,197.35916,1974.0918,474.56387,1.0,0.07812395
509.51578,1355.2299,431.6481,1271.4106,1.0,0.077812865
395.90842,1714.3413,273.24985,1574.9166,1.0,0.13070154
1042.8186,1533.9934,880.8201,1515.7094,1.0,0.017133059
1644.3191,1083.3035,1490.4609,1207.0944,1.0,0.062315907
1203.8569,2014.5701,949.1551,1971.3704,1.0,0.022412123
1011.1874,326.5576,1043.1157,429.66763,1.0,0.038773227
509.51578,1355.2299,431.6481,1271.4106,1.0,0.077812865
1426.7725,1194.8741,1278.1018,1272.7343,1.0,0.03655797
172.57729,1093.5817,171.32909,984.0129,1.0,0.0909389
1646.9698,598.129,1569.5099,773.0359,1.0,0.18055074
535.9027,1976.7471,357.15927,1831.9934,1.0,0.08892825
535.9027,1976.7471,357.15927,1831.9934,1.0,0.08892825
1648.6007,984.2132,1510.1603,1119.0159,1.0,0.22579563
1010.7669,1812.3212,808.2222,1759.7971,1.0,0.035286557
1716.1948,259.30963,1685.4583,480.82224,1.0,0.5509948
1651.2643,299.95853,1620.3727,506.9028,1.0,0.03596105
1524.5746,165.68736,1528.2705,366.69574,1.0,0.14031631
729.5655,19.407217,839.5728,110.22078,1.0,0.11105174
344.72504,1631.9994,240.46614,1493.2323,1.0,0.102754496
1652.5914,222.06824,1633.9679,437.6491,1.0,0.26710582
1320.5858,193.38638,1341.3175,359.3015,1.0,0.18473597
1253.2582,175.46513,1283.7545,332.5462,1.0,0.12433061
581.71893,1491.0612,474.85815,1404.4543,1.0,0.07110176
1714.0059,301.26724,1676.4106,517.96735,1.0,0.09706096
1713.8074,435.45032,1655.3363,638.2304,1.0,0.38986814
1713.6129,328.02002,1671.7792,541.88824,1.0,0.032414954
511.82404,1903.8657,347.1043,1763.0157,1.0,0.058446858
1653.4214,1706.507,1400.3104,1766.5037,1.0,0.0658105
903.19666,562.157,909.1925,623.6159,1.0,0.055415954
533.51373,162.4792,641.4225,207.39597,1.0,0.059531815
1320.5591,1492.9912,1135.9988,1522.709,1.0,0.12859845
533.51373,162.4792,641.4225,207.39597,1.0,0.059531815
78.13322,1007.5721,100.303734,891.9493,1.0,0.1669857
1065.6436,283.51608,1098.7756,399.7474,1.0,0.11622088
1320.5591,1492.9912,1135.9988,1522.709,1.0,0.12859845
903.19666,562.157,909.1925,623.6159,1.0,0.055415954
1009.61304,687.70593,984.65436,752.71356,1.0,0.08227777
1711.7692,142.85504,1699.3845,375.80737,1.0,0.06211283
1243.4363,1903.3971,1002.1824,1878.0934,1.0,0.06526496
1243.4363,1903.3971,1002.1824,1878.0934,1.0,0.06526496
102.48226,153.2114,256.97388,130.98561,1.0,0.087633096
1227.8141,1093.7292,1116.0082,1150.7875,1.0,0.079116724
79.11137,80.6321,247.47382,62.39013,1.0,0.008480991
79.11137,80.6321,247.47382,62.39013,1.0,0.008480991
1527.7168,210.19138,1523.9229,407.02298,1.0,0.043394506
1157.5707,1123.4816,1048.3854,1166.3339,1.0,0.053928282
1157.5707,1123.4816,1048.3854,1166.3339,1.0,0.053928282
654.56165,1851.929,483.12106,1739.0455,1.0,0.085765935
1425.244,1622.2855,1209.362,1655.0707,1.0,0.10563569
1425.244,1622.2855,1209.362,1655.0707,1.0,0.10563569
892.8822,1615.5387,733.8816,1565.004,1.0,0.16748689
1555.5499,1568.1775,1334.5686,1627.2433,1.0,0.103424035
1318.2239,1185.1572,1182.5153,1246.7804,1.0,0.100907855
1661.322,436.97894,1607.775,631.1301,1.0,0.07734
101.36597,1046.0273,114.13669,930.063,1.0,0.86698395
1661.9393,1041.5382,1512.8531,1172.5137,1.0,0.029468289
1165.3721,975.12634,1078.8427,1034.6614,1.0,0.083170116
514.0356,414.23065,584.22424,429.6684,1.0,0.06356782
1708.3306,25.377558,1714.9406,270.13028,1.0,0.14466053
1158.7765,942.3257,1078.0884,1004.15546,1.0,0.14260635
999.09247,1601.4807,831.0608,1569.1934,1.0,0.041211523
1663.9979,997.8829,1521.6492,1133.8219,1.0,0.0748286
580.0165,1445.5071,480.4965,1363.4022,1.0,0.042881366
1552.9713,1406.9602,1357.6874,1482.5063,1.0,0.08109521
1552.9713,1406.9602,1357.6874,1482.5063,1.0,0.08109521
1130.4266,1218.1533,1009.1087,1246.7737,1.0,0.018207002
1130.4266,1218.1533,1009.1087,1246.7737,1.0,0.018207002
516.3399,1930.4937,346.92056,1787.5688,1.0,0.03582375
1699.3838,181.33667,1682.2269,408.3222,1.0,0.06150312
1666.0664,1149.4882,1499.6085,1269.8103,1.0,0.10885585
904.4495,1617.5602,743.83093,1568.6918,1.0,0.08257233
1130.3124,1869.1068,906.3518,1829.4247,1.0,0.14022793
572.025,890.19214,561.0096,864.99097,1.0,0.045971185
517.34564,229.213,616.4259,264.5375,1.0,0.09340389
1697.1481,1720.0374,1437.3849,1785.5599,1.0,0.123043545
1697.052,1010.997,1549.1741,1150.7565,1.0,0.06846828
1330.4983,1316.1477,1172.7672,1366.0826,1.0,0.009277344
1008.02997,1080.77,921.2394,1104.4147,1.0,0.028315643
1244.9579,926.6112,1157.8193,1003.76935,1.0,0.1525099
1697.052,1010.997,1549.1741,1150.7565,1.0,0.06846828
1112.0842,936.3019,1037.1685,991.4566,1.0,0.07217775
951.16473,243.58932,1002.49945,345.86685,1.0,0.088177636
85.42458,1335.0056,55.134514,1186.3514,1.0,0.06467779
1668.6727,374.7335,1624.2278,576.56604,1.0,0.10691701
96.178024,1246.0735,78.85037,1108.4545,1.0,0.08853222
85.7067,960.0786,114.5664,850.9292,1.0,0.14489283
684.77014,1418.4504,578.641,1355.7318,1.0,0.13088495
1670.27,368.90732,1626.4802,571.6616,1.0,0.011580607
625.39484,1124.2402,571.8605,1082.9563,1.0,0.06329472
351.13806,1885.8179,206.10233,1721.3696,1.0,0.13184059
1111.9607,992.029,1028.4221,1041.3696,1.0,0.14387922
519.9871,1676.6766,390.26578,1560.8563,1.0,0.06301998
625.39484,1124.2402,571.8605,1082.9563,1.0,0.06329472
627.8025,1880.945,454.54196,1760.8156,1.0,0.0482296
795.80054,1473.562,669.256,1422.5894,1.0,0.042955223
1245.8284,139.5738,1282.7279,299.3771,1.0,0.042873103
627.8025,1880.945,454.54196,1760.8156,1.0,0.0482296
1537.9865,247.09946,1527.3613,441.83948,1.0,0.1306178
1548.4015,1517.8883,1336.1031,1581.1267,1.0,0.106701046
1537.9865,247.09946,1527.3613,441.83948,1.0,0.1306178
95.09362,1211.6047,83.17698,1077.4188,1.0,0.070649795
626.11914,728.8543,634.92865,729.02893,1.0,0.08817001
227.63698,992.4533,236.56105,902.08887,1.0,0.10864943
1129.8246,737.25214,1084.495,816.13965,1.0,0.018542336
227.63698,992.4533,236.56105,902.08887,1.0,0.10864943
227.63698,992.4533,236.56105,902.08887,1.0,0.10864943
1246.5474,1909.8049,1003.90106,1884.2029,1.0,0.10757851
1246.7502,150.27701,1281.9736,309.08728,1.0,0.1385082
1689.1848,1148.4962,1520.4575,1272.5237,1.0,0.12646261
1386.5896,1706.8424,1161.3602,1724.727,1.0,0.05454959
1547.1982,1328.5952,1364.8441,1411.4694,1.0,0.055572167
1547.1907,33.507183,1569.2949,251.91501,1.0,0.06446504
1547.1907,33.507183,1569.2949,251.91501,1.0,0.06446504
1085.4082,49.24522,1153.3313,193.17624,1.0,0.026518565
1679.1122,140.17226,1670.5262,367.99057,1.0,0.2888217
1386.5581,1915.6663,1128.4458,1911.6903,1.0,0.13410528
1386.5581,1915.6663,1128.4458,1911.6903,1.0,0.13410528
1689.1747,84.61752,1688.304,320.26572,1.0,0.13535859
1689.1747,84.61752,1688.304,320.26572,1.0,0.13535859
1688.866,1376.2655,1484.1659,1476.4231,1.0,0.06722628
1003.7591,1578.1987,838.84753,1549.0234,1.0,0.084413715
521.67676,208.29893,623.67505,246.5097,1.0,0.14974764
1546.2217,639.5094,1472.5676,794.4962,1.0,0.20983745
1546.2217,639.5094,1472.5676,794.4962,1.0,0.20983745
350.3764,671.1379,397.1136,633.9232,1.0,0.038749635
1687.9554,846.2084,1567.6644,1001.31,1.0,0.83007216
1681.1714,224.92522,1659.0488,444.46924,1.0,0.06976274
1111.7212,1022.3202,1023.4158,1068.4702,1.0,0.1313369
179.3879,1509.8761,111.91957,1357.653,1.0,0.33364326
1385.6631,177.2546,1402.2665,355.09314,1.0,0.32913193
90.207436,468.43112,196.20049,411.45123,1.0,0.11759147
1540.9949,125.73335,1549.1478,333.53537,1.0,0.014833207
523.8712,788.6259,533.9041,766.45776,1.0,0.018191036
1247.1462,1188.1344,1118.5883,1238.5319,1.0,0.3256922
1247.1462,1188.1344,1118.5883,1238.5319,1.0,0.3256922
1003.92444,1652.4088,827.5434,1615.6449,1.0,0.2464746
91.873764,363.294,214.357,317.4785,1.0,0.086198695
91.873764,363.294,214.357,317.4785,1.0,0.086198695
1685.38,1773.0719,1418.4442,1831.1337,1.0,0.096980385
1682.9569,1697.0625,1428.2699,1762.7161,1.0,0.08846999
1867.1521,1548.3755,1616.7441,1658.7235,1.0,0.18310457
910.008,1536.6835,761.5024,1497.1295,1.0,0.00811561
1867.1521,1548.3755,1616.7441,1658.7235,1.0,0.18310457
647.46454,335.97916,716.00183,380.68045,1.0,0.043832295
242.42712,1153.9088,224.35745,1049.0513,1.0,0.10726426
242.42712,1153.9088,224.35745,1049.0513,1.0,0.10726426
242.42712,1153.9088,224.35745,1049.0513,1.0,0.10726426
1873.272,294.79645,1820.0057,536.97186,1.0,0.3962423
1309.6798,1126.8964,1184.0856,1193.2008,1.0,0.17337638
965.4636,472.98422,978.93304,553.5728,1.0,0.12978233
1880.0453,1893.9525,1573.6254,1970.11,1.0,0.074496605
963.3383,1251.8773,854.2279,1250.5717,1.0,0.025780255
1880.9987,1456.8475,1643.4498,1578.9423,1.0,0.041992188
1881.3842,901.2312,1731.4949,1081.4838,1.0,0.092591114
150.44255,401.38943,260.80222,360.84378,1.0,0.11145045
1062.3085,1478.5841,907.0108,1469.2124,1.0,0.05072653
1883.9331,1676.0712,1611.4556,1775.6238,1.0,0.055446267
1883.9331,1676.0712,1611.4556,1775.6238,1.0,0.055446267
649.52435,118.39329,752.27734,186.30083,1.0,0.10639568
373.43808,47.708603,516.17017,79.40082,1.0,0.018766357
452.58322,460.14124,521.91156,461.10092,1.0,0.019075513
931.08154,69.13133,1012.28876,186.69531,1.0,0.27486202
931.06885,642.82214,921.5725,700.2035,1.0,0.113892645
451.62427,1659.139,331.78403,1534.291,1.0,0.114746295
217.81581,1119.8008,207.69528,1014.62476,1.0,0.09534922
1887.6177,1239.1505,1683.7256,1385.0221,1.0,0.07008973
151.27765,1477.738,91.68209,1324.575,1.0,0.15676205
1887.6177,1239.1505,1683.7256,1385.0221,1.0,0.07008973
217.81581,1119.8008,207.69528,1014.62476,1.0,0.09534922
1450.3019,341.8099,1433.8804,512.596,1.0,0.09588118
1449.2881,897.43555,1345.0428,1009.9055,1.0,0.18197937
1448.2834,31.609556,1481.0944,234.72939,1.0,0.12766725
1372.4454,320.46417,1367.5538,481.21484,1.0,0.08306327
374.09613,27.03968,520.0743,60.96994,1.0,0.054643862
1033.8578,821.42755,985.34766,876.33704,1.0,0.059339296
1888.3345,1895.2933,1580.8018,1972.6023,1.0,0.04995406
450.93118,123.01831,573.7134,159.02168,1.0,0.057586744
1033.1278,78.275986,1102.0464,210.8147,1.0,0.121064045
1033.1278,78.275986,1102.0464,210.8147,1.0,0.121064045
1888.8777,1124.1655,1702.994,1282.3522,1.0,0.017334415
153.48076,270.2376,284.0515,243.90361,1.0,0.06778325
769.9219,688.39575,770.13214,715.52374,1.0,0.14573827
1891.0475,462.31644,1809.4581,690.08875,1.0,0.07868199
665.4852,596.1637,691.2323,616.4799,1.0,0.18156768
768.8418,2007.2119,560.7746,1896.1864,1.0,0.101211324
1034.8688,1934.4316,810.55164,1872.944,1.0,0.059057467
1082.1354,58.247437,1149.05,200.65411,1.0,0.07396293
651.45605,1785.0773,490.7073,1678.7129,1.0,0.10161879
1142.7998,716.98126,1099.3806,800.018,1.0,0.07051452
1896.5989,1619.1433,1631.8545,1726.5197,1.0,0.21089178
957.21423,1756.1691,769.33246,1701.0819,1.0,0.22164853
1035.9603,1845.9406,825.41315,1793.9417,1.0,0.058030795
277.9104,1822.3334,150.4753,1653.1237,1.0,0.04326889
1142.8158,915.1152,1068.0653,977.4082,1.0,0.018702272
1035.9603,1845.9406,825.41315,1793.9417,1.0,0.058030795
1898.0502,1895.2373,1589.5325,1974.1283,1.0,0.06514084
277.9104,1822.3334,150.4753,1653.1237,1.0,0.04326889
244.62726,754.88153,289.26038,692.1322,1.0,0.05912345
1143.2081,1083.6622,1041.8673,1128.2838,1.0,0.113710836
221.50798,248.10939,348.51102,234.77975,1.0,0.033188496
912.555,197.87384,975.2009,298.9283,1.0,0.07696572
767.3159,245.42253,837.6026,318.52597,1.0,0.046023797
767.3159,245.42253,837.6026,318.52597,1.0,0.046023797
1899.8829,1637.126,1631.9469,1743.2798,1.0,0.101128235
1026.2596,1874.9813,812.31323,1818.3792,1.0,0.14479779
1904.9541,907.1394,1751.7075,1090.538,1.0,0.08636585
1025.3857,1569.5708,859.6903,1543.8234,1.0,0.9730513
1025.3857,1569.5708,859.6903,1543.8234,1.0,0.9730513
1187.1118,257.36783,1211.6803,395.7865,1.0,0.2902358
1306.8923,257.572,1318.9011,414.70923,1.0,0.17966092
1306.8923,257.572,1318.9011,414.70923,1.0,0.17966092
652.4995,1682.4652,507.9577,1586.945,1.0,0.0574032
1906.5171,1090.7655,1724.1179,1255.2063,1.0,0.0757628
1906.5171,1090.7655,1724.1179,1255.2063,1.0,0.0757628
461.071,1526.8704,361.126,1417.3973,1.0,0.08240095
970.0988,410.6494,993.1061,498.50266,1.0,0.05355382
765.8121,1276.1364,673.6589,1241.1296,1.0,0.12914382
933.6063,678.5953,918.0905,732.60425,1.0,0.028130852
185.00186,280.93277,310.66907,258.442,1.0,0.021403942
185.00186,280.93277,310.66907,258.442,1.0,0.021403942
1780.2513,398.03192,1720.4906,615.04047,1.0,0.1465152
743.25146,1229.9078,660.71423,1196.1022,1.0,0.10173409
1976.6089,1881.4714,1662.0222,1974.1423,1.0,0.06984225
1976.6089,1881.4714,1662.0222,1974.1423,1.0,0.06984225
415.82028,1816.303,274.96298,1669.4337,1.0,0.050902013
1285.496,90.54704,1326.1392,261.7337,1.0,0.18698134
1848.0105,1587.4061,1593.3007,1690.5756,1.0,0.058431912
602.2452,733.63495,612.8586,729.6088,1.0,0.12546597
509.4219,884.00507,505.91852,849.7819,1.0,0.21537632
849.1714,294.80902,903.0515,375.7042,1.0,0.024139868
416.43878,544.05493,476.3847,530.58417,1.0,0.08525805
1145.4257,878.26,1076.352,944.86163,1.0,0.1550407
805.12836,1353.098,696.55365,1316.173,1.0,0.052965857
43.183437,550.91376,141.03638,477.7731,1.0,0.030025605
1974.5502,434.0789,1888.6931,678.00946,1.0,0.08287019
343.26886,2021.3319,177.7087,1841.5264,1.0,0.11625999
343.26886,2021.3319,177.7087,1841.5264,1.0,0.11625999
2030.8582,1139.5688,1827.7024,1318.5485,1.0,0.04230683
1971.9402,115.08207,1936.7524,392.02686,1.0,0.113925196
1839.2781,755.94946,1716.6565,944.9024,1.0,0.06444182
2023.6682,1109.9373,1826.0482,1290.8662,1.0,0.14823066
935.1827,1712.4496,756.3516,1658.4478,1.0,0.06697479
505.946,378.243,582.64246,396.20316,1.0,0.027189227
125.94493,1324.8193,93.03152,1183.6361,1.0,0.06591692
1145.4257,878.26,1076.352,944.86163,1.0,0.1550407
368.52554,1176.0837,333.63916,1088.6676,1.0,0.1504462
1486.0063,1841.4197,1229.008,1860.8467,1.0,0.07407777
1625.2297,862.6553,1508.2474,1006.5884,1.0,0.02566149
1172.822,1684.7754,973.46265,1671.2394,1.0,0.061217744
976.5549,670.1047,958.00574,731.78827,1.0,0.1330626
976.5549,670.1047,958.00574,731.78827,1.0,0.1330626
1354.9742,1681.6385,1137.0969,1697.1039,1.0,0.124466054
39.482998,351.09723,169.35551,298.28638,1.0,0.063632555
584.3674,1033.9896,549.3103,995.5943,1.0,0.083002895
643.3967,717.7583,652.17694,721.86426,1.0,0.09624741
976.907,1624.6268,807.5363,1586.403,1.0,0.039788228
543.4598,1748.0585,400.0497,1628.5544,1.0,0.09502427
1206.5176,1604.0249,1016.411,1604.2363,1.0,0.086159594
894.9574,1450.355,761.76135,1417.5051,1.0,0.11632707
23.816683,789.7999,86.00577,688.5624,1.0,0.00946525
549.405,960.7042,529.5764,924.4786,1.0,0.06871187
331.40234,1758.3768,208.5353,1604.2617,1.0,0.050849758
287.90985,1616.9327,191.88567,1470.7378,1.0,0.03849573
861.9202,1998.4893,645.64136,1902.9514,1.0,0.10545893
331.40234,1758.3768,208.5353,1604.2617,1.0,0.050849758
364.06393,1815.3704,228.82736,1660.4402,1.0,0.09850683
977.6063,1819.0834,777.50256,1760.6184,1.0,0.06847266
1359.2052,1038.5803,1242.3857,1122.0316,1.0,0.12428293
27.027163,571.9657,123.32353,494.0164,1.0,0.062091187
1569.6636,1424.1932,1369.857,1500.5786,1.0,0.032497767
313.17078,641.8333,368.47067,601.7881,1.0,0.04908776
1945.1945,1485.8125,1696.3684,1614.9828,1.0,0.0649328
1945.1945,1485.8125,1696.3684,1614.9828,1.0,0.0649328
253.26555,1775.6096,135.85794,1607.3578,1.0,0.047715843
2012.4993,1438.6321,1764.0127,1583.4337,1.0,0.040530287
253.26555,1775.6096,135.85794,1607.3578,1.0,0.047715843
942.81964,58.149635,1024.3274,178.52563,1.0,0.101549335
1316.6163,125.81275,1348.4209,298.20325,1.0,0.1733888
331.11014,1445.581,257.5536,1324.1809,1.0,0.049420096
2011.569,605.04895,1894.756,836.9108,1.0,0.048041336
779.534,1693.3896,620.02936,1616.7684,1.0,0.10465351
313.37958,1836.872,180.00078,1671.7195,1.0,0.04506967
1298.7606,2023.7919,1032.7164,1994.6016,1.0,0.07337248
1948.3127,1926.1478,1629.6848,2009.6764,1.0,0.10755081
596.7882,732.87305,607.9833,727.9831,1.0,0.07290025
478.06866,1546.6469,373.2721,1437.8416,1.0,0.061144922
1948.3127,1926.1478,1629.6848,2009.6764,1.0,0.10755081
290.84198,589.3995,356.76108,551.2361,1.0,0.08845269
811.05383,1038.3856,751.68726,1035.4,1.0,0.12007204
1290.1448,1900.868,1044.4543,1883.1705,1.0,0.12179718
1333.8354,289.527,1337.8632,447.45926,1.0,0.052214283
272.5506,1769.5033,154.11006,1604.9293,1.0,0.07108529
132.36002,1643.9181,48.431843,1470.385,1.0,0.076279
2040.163,1577.5536,1767.0605,1712.0994,1.0,0.2138681
272.5506,1769.5033,154.11006,1604.9293,1.0,0.07108529
1333.8354,289.527,1337.8632,447.45926,1.0,0.052214283
1949.6847,1892.0945,1636.2477,1979.4386,1.0,0.05731861
811.90234,846.57153,782.6962,863.82404,1.0,0.09129398
887.7279,837.01526,852.0519,867.20026,1.0,0.054613404
998.90265,916.61896,938.9781,955.9079,1.0,0.12970918
998.90265,916.61896,938.9781,955.9079,1.0,0.12970918
1706.9734,1030.6737,1554.9814,1169.9122,1.0,0.09914702
100.27813,752.574,160.37448,667.29,1.0,0.03864157
1152.2347,1147.9565,1039.8779,1187.3016,1.0,0.16417603
887.7279,837.01526,852.0519,867.20026,1.0,0.054613404
1361.3226,1050.4275,1242.3153,1133.0398,1.0,0.0072062854
1664.1602,1714.1733,1408.7015,1775.1178,1.0,0.054285616
558.05756,507.33853,608.87756,520.0365,1.0,0.023074599
1395.9135,23.732597,1435.4409,219.33101,1.0,0.085794546
1395.9135,23.732597,1435.4409,219.33101,1.0,0.085794546
1664.1602,1714.1733,1408.7015,1775.1178,1.0,0.054285616
858.7284,962.9604,806.2884,975.3882,1.0,0.13270567
557.7235,1009.9428,529.2823,969.95245,1.0,0.028331688
175.60732,584.4422,254.51056,528.6954,1.0,0.18611008
858.7284,962.9604,806.2884,975.3882,1.0,0.13270567
182.56342,589.97076,259.78244,534.6766,1.0,0.113936946
84.82739,1587.7946,14.676974,1412.6362,1.0,0.017834617
1535.1234,1929.5802,1259.1876,1947.5608,1.0,0.06204463
1535.1234,1929.5802,1259.1876,1947.5608,1.0,0.06204463
1249.4979,111.698006,1290.4972,274.91165,1.0,0.12412751
611.85095,634.066,637.01654,641.9446,1.0,0.04470595
1384.4673,468.32816,1355.0822,615.45166,1.0,0.19098309
1296.9779,573.28,1260.1179,695.57574,1.0,0.15966322
259.43283,876.4914,283.26843,803.3453,1.0,0.032231245
625.29535,553.52136,661.91284,571.90936,1.0,0.13323605
153.76898,1997.169,11.806774,1790.0347,1.0,0.051920947
959.2632,1102.078,874.2934,1115.8381,1.0,0.09431883
180.6767,1640.4136,92.30087,1474.8765,1.0,0.13511509
887.7279,837.01526,852.0519,867.20026,1.0,0.054613404
1006.1775,1811.4082,804.1665,1758.3721,1.0,0.11655511
903.8061,973.01605,845.20886,991.31995,1.0,0.3444073
576.41235,1975.2538,393.57916,1837.1154,1.0,0.022360202
875.00104,1796.0599,689.2373,1723.7947,1.0,0.039715085
948.8124,1839.2579,748.5362,1774.1501,1.0,0.06384464
708.3158,1913.3477,521.53656,1802.4843,1.0,0.07839699
866.9396,1650.0349,705.0207,1591.8251,1.0,0.024824733
315.8647,833.73254,340.63898,773.98615,1.0,0.099456154
310.8141,1419.9551,243.56183,1298.0438,1.0,0.084547505
1869.8436,1265.7618,1663.659,1406.1127,1.0,0.07317349
310.8141,1419.9551,243.56183,1298.0438,1.0,0.084547505
1455.5934,606.17096,1396.9342,750.134,1.0,0.11084125
459.75513,1424.2017,376.2568,1325.3068,1.0,0.116283685
411.89987,653.1685,455.0563,627.4422,1.0,0.07495011
81.32859,977.3648,108.06887,865.58405,1.0,0.17751214
1631.384,378.78857,1590.1799,574.3468,1.0,0.06772175
974.4729,957.68823,910.78296,988.7962,1.0,0.2293137
198.1019,1163.3875,183.17693,1050.4143,1.0,0.17065363
1657.2969,911.8867,1529.1656,1055.7198,1.0,0.016720068
1135.1809,1879.6736,909.0033,1839.7339,1.0,0.062265072
764.2408,1320.6326,665.22076,1280.7107,1.0,0.121089704
1039.8209,339.17114,1066.8793,445.5367,1.0,0.123454615
141.85014,1382.6132,98.324905,1237.8451,1.0,0.24060118
1756.7063,8.5731945,1760.823,262.68036,1.0,0.070786476
1663.509,57.181534,1669.7004,291.559,1.0,0.067738086
396.61295,81.79667,531.5501,113.56784,1.0,0.017017895
396.61295,81.79667,531.5501,113.56784,1.0,0.017017895
1726.2996,1313.7776,1527.5757,1426.4352,1.0,0.08143883
1726.2996,1313.7776,1527.5757,1426.4352,1.0,0.08143883
1531.9027,135.35168,1539.4575,340.6866,1.0,0.045909476
325.234,1832.8496,191.29353,1669.9349,1.0,0.09471814
1100.5692,1116.0957,998.54297,1150.6742,1.0,0.046021964
301.28378,1326.5975,249.78241,1212.9393,1.0,0.100982055
446.0975,1605.4143,335.37482,1485.356,1.0,0.09774587
1432.2998,1355.767,1257.7085,1417.6072,1.0,0.055280738
1665.659,834.0255,1548.9755,987.39166,1.0,0.056940828
1156.909,1446.563,996.7728,1455.4696,1.0,0.04134045
1666.3763,206.66168,1648.6993,425.8266,1.0,0.08743993
1300.7285,1546.3242,1109.9142,1567.4363,1.0,0.13586727
652.1871,1826.4816,485.01138,1715.9341,1.0,0.097738735
1156.909,1446.563,996.7728,1455.4696,1.0,0.04134045
1666.3763,206.66168,1648.6993,425.8266,1.0,0.08743993
1299.6821,1095.0007,1180.1277,1163.1836,1.0,0.05345523
308.54282,92.66761,451.02676,109.27339,1.0,0.12739626
652.1871,1826.4816,485.01138,1715.9341,1.0,0.097738735
1534.3645,1722.125,1291.5625,1761.8456,1.0,0.3874681
1381.4298,1812.923,1139.9974,1818.8956,1.0,0.061717983
1896.4639,47.982365,1879.6737,319.99756,1.0,0.05915525
1896.4639,47.982365,1879.6737,319.99756,1.0,0.05915525
1738.6671,1839.7368,1455.6417,1899.2394,1.0,0.10759465
1738.6671,1839.7368,1455.6417,1899.2394,1.0,0.10759465
191.33232,1759.1797,82.95568,1582.9553,1.0,0.075330324
1997.0695,130.92209,1956.7784,410.172,1.0,0.1427594
1696.4109,1524.4404,1467.496,1610.3176,1.0,0.016239481
1997.0695,130.92209,1956.7784,410.172,1.0,0.1427594
2038.6251,1215.6215,1822.7334,1387.8075,1.0,0.1361483
1385.1177,848.0921,1295.5121,955.5541,1.0,0.10971622
1385.1177,848.0921,1295.5121,955.5541,1.0,0.10971622
1156.1152,230.332,1188.1531,366.3824,1.0,0.11207996
195.48196,958.6975,213.11798,866.851,1.0,0.085063316
403.89267,1413.7721,327.8859,1307.2015,1.0,0.10117422
357.56982,1478.6976,276.19363,1357.8579,1.0,0.20206404
1156.0973,1180.6571,1038.0221,1217.2189,1.0,0.021574698
1433.4573,182.44696,1443.9995,367.26807,1.0,0.11762344
914.71436,1858.9365,714.8984,1786.2979,1.0,0.10560804
1674.2452,1726.7632,1415.8066,1787.9105,1.0,0.11851085
1674.2452,1726.7632,1415.8066,1787.9105,1.0,0.11851085
1202.3862,1438.5852,1038.7349,1455.4819,1.0,0.018510465
889.11865,486.77173,908.5497,553.8546,1.0,0.022827474
374.04114,1478.9329,290.7685,1360.7899,1.0,0.033855755
755.6109,1329.3539,656.0062,1287.1149,1.0,0.030236252
904.3168,74.355316,987.3604,187.05753,1.0,0.1138536
573.6866,215.89577,668.9786,261.52243,1.0,0.09359637
1476.5278,1882.6064,1214.1504,1896.1531,1.0,0.1310975
1881.5356,229.06378,1837.7063,479.82462,1.0,0.0080882525
1042.1478,1323.9414,913.4249,1327.5016,1.0,0.051782135
1496.8918,1197.4122,1340.5315,1286.0424,1.0,0.05185503
1496.8918,1197.4122,1340.5315,1286.0424,1.0,0.05185503
1943.5741,1125.2596,1751.799,1291.9938,1.0,0.04399428
1881.1287,1503.9854,1636.1431,1621.1226,1.0,0.07307364
660.7796,2035.7412,459.63937,1904.5903,1.0,0.05429029
1943.1458,1536.4921,1686.5402,1660.0376,1.0,0.06895028
1539.6144,1717.7936,1296.6067,1758.663,1.0,0.027718564
1824.5809,1769.7076,1543.5898,1850.1246,1.0,0.08078851
1042.1478,1323.9414,913.4249,1327.5016,1.0,0.051782135
740.3302,1786.2883,570.30707,1693.8176,1.0,0.12269621
1495.9478,1673.6884,1264.4971,1712.2894,1.0,0.048474364
889.2661,1484.9739,751.1518,1447.5247,1.0,0.07468718
1238.1923,230.61378,1261.5101,379.5977,1.0,0.050878074
1962.165,203.36055,1914.1288,469.49405,1.0,0.18079804
1014.4802,1879.0253,801.09644,1820.1172,1.0,0.11079394
1014.4802,1879.0253,801.09644,1820.1172,1.0,0.11079394
1014.4802,1879.0253,801.09644,1820.1172,1.0,0.11079394
904.3168,74.355316,987.3604,187.05753,1.0,0.1138536
312.60806,289.9298,423.50388,286.66757,1.0,0.045855816
197.51178,1062.6372,198.51074,960.1679,1.0,0.10804332
1683.0253,1138.2267,1516.5808,1262.4083,1.0,0.11945689
1150.5616,1163.4077,1035.9023,1200.9413,1.0,0.11833066
1936.0155,1885.5023,1625.0298,1971.3748,1.0,0.039371412
138.72058,1197.4336,124.62486,1071.6484,1.0,0.09188595
138.72058,1197.4336,124.62486,1071.6484,1.0,0.09188595
1626.5271,1993.6439,1330.658,2019.3853,1.0,0.18954505
1790.7283,1550.6641,1547.8477,1648.656,1.0,0.072725736
1456.932,829.3661,1362.7655,950.2424,1.0,0.04243436
1778.6493,333.76584,1729.1554,557.3078,1.0,0.087179914
1437.0908,657.6976,1372.4573,793.4147,1.0,0.3158823
1241.319,1938.6134,994.7069,1909.1971,1.0,0.09040015
1911.1051,1074.5991,1730.7052,1241.4369,1.0,0.038711883
380.53232,1538.4702,287.23923,1415.2056,1.0,0.076741464
380.53232,1538.4702,287.23923,1415.2056,1.0,0.076741464
1980.0695,1793.2247,1679.153,1895.6456,1.0,0.17402287
1495.8114,983.5545,1373.3193,1094.3583,1.0,0.066985354
1043.7869,1007.2083,964.9126,1044.1912,1.0,0.07123553
2002.4316,617.9095,1884.6372,846.9889,1.0,0.08565518
823.61285,99.57748,911.095,196.89706,1.0,0.08271573
1975.931,811.01154,1830.4055,1015.71674,1.0,0.054146577
824.3255,1566.5443,680.1112,1510.2546,1.0,0.09633289
1289.5607,525.3894,1261.0359,651.55524,1.0,0.13799337
1075.7217,1119.5817,975.753,1149.876,1.0,0.051956836
1191.4913,1924.4551,952.40515,1888.7277,1.0,0.11679195
765.32465,1785.5034,592.7032,1696.9395,1.0,0.120475315
151.89244,1586.1309,75.0043,1421.6687,1.0,0.070057765
151.89244,1586.1309,75.0043,1421.6687,1.0,0.070057765
1539.1002,265.2643,1525.4235,458.14313,1.0,0.026321389
1539.1002,265.2643,1525.4235,458.14313,1.0,0.026321389
1593.0292,1721.1659,1343.9183,1770.0815,1.0,0.06379
1040.2192,863.276,984.51013,914.7699,1.0,0.13657542
2000.9135,93.719185,1965.9205,377.4796,1.0,0.03277913
693.0441,1051.9171,643.8458,1028.8895,1.0,0.06675821
1488.7946,1437.9669,1295.2915,1500.0835,1.0,0.05427244
2000.9135,93.719185,1965.9205,377.4796,1.0,0.03277913
222.88605,1733.7037,115.2539,1565.0435,1.0,0.027453238
793.4393,1319.095,691.4835,1283.8967,1.0,0.034059588
1037.927,958.204,967.43774,999.33716,1.0,0.13341846
1119.72,1967.0015,881.3483,1915.3878,1.0,0.11248075
1037.927,958.204,967.43774,999.33716,1.0,0.13341846
994.3269,176.77583,1051.6993,292.89557,1.0,0.06374958
1999.836,1740.39,1705.1279,1851.4872,1.0,0.1093059
711.62836,1626.5283,569.67065,1546.2241,1.0,0.04853124
711.62836,1626.5283,569.67065,1546.2241,1.0,0.04853124
1642.5938,1564.5182,1413.0253,1637.6842,1.0,0.056630757
861.57965,1296.8215,755.9757,1274.6565,1.0,0.094637975
1485.3362,68.04466,1508.4492,273.10303,1.0,0.03311977
1485.3362,68.04466,1508.4492,273.10303,1.0,0.03311977
96.93245,47.21126,268.77176,35.266026,1.0,0.07718472
1867.9136,465.04156,1788.308,688.90753,1.0,0.052900724
1867.9136,465.04156,1788.308,688.90753,1.0,0.052900724
1416.0043,1019.7688,1296.1542,1114.1222,1.0,0.11763588
1775.2196,1090.3447,1606.5315,1234.1213,1.0,0.03137231
638.00964,15.543134,758.1196,92.331825,1.0,0.020368913
1415.3815,118.35028,1437.7781,307.1359,1.0,0.07479414
1032.1726,358.36194,1056.9546,461.49506,1.0,0.07437239
328.18668,1520.5358,243.30736,1390.7369,1.0,0.18097022
1528.6038,1128.0308,1379.8927,1228.9269,1.0,0.06926132
1471.4764,294.38083,1460.3583,473.5981,1.0,0.086386114
1700.3109,1594.414,1460.0385,1673.5632,1.0,0.11435376
543.0694,1996.5491,360.53104,1851.0161,1.0,0.17308596
759.87384,1541.0966,626.48615,1477.3286,1.0,0.11365783
1515.0754,1990.9081,1231.5858,1999.3047,1.0,0.089661285
987.53925,867.9517,936.5072,910.6269,1.0,0.055189993
1539.0574,404.69388,1503.4313,582.9212,1.0,0.09279825
87.608734,121.27523,248.66022,100.19578,1.0,0.07258904
2030.6636,1482.9996,1773.3016,1626.0018,1.0,0.036160022
1376.6064,1156.585,1239.3408,1230.559,1.0,0.12105197
1376.6064,1156.585,1239.3408,1230.559,1.0,0.12105197
945.5907,1185.3158,848.8329,1188.1334,1.0,0.048099615
935.6449,720.89087,913.28735,770.82965,1.0,0.056857288
196.25208,1110.0747,189.91791,1002.5951,1.0,0.11131722
1427.7202,1948.1056,1160.0819,1947.1952,1.0,0.036340274
233.50648,1590.4489,147.42484,1438.4955,1.0,0.07631248
959.053,1037.6442,884.21765,1058.0646,1.0,0.046568383
571.98517,1252.0747,503.86438,1188.9897,1.0,0.06696625
866.78125,1890.059,666.99744,1806.6742,1.0,0.016159914
