source_x,source_y,reference_x,reference_y,dx_px,dy_px,displacement_px
1188.375,237.625,1889.0,264.0,700.625,26.375,701.1212671499845
1151.625,240.625,1848.0,258.0,696.375,17.375,696.591724936494
1124.625,243.625,1820.0,255.0,695.375,11.375,695.4680303579742
1117.125,252.625,1817.0,263.0,699.875,10.375,699.9518956685523
1063.125,254.125,1759.0,246.0,695.875,-8.125,695.9224319203973
1088.625,262.375,1777.0,260.0,688.375,-2.375,688.3790970460972
972.375,263.875,1667.0,250.0,694.625,-13.875,694.7635614005674
1069.125,264.625,1763.0,262.0,693.875,-2.625,693.879965303798
1047.375,265.375,1740.0,254.0,692.625,-11.375,692.718399676232
1059.375,269.125,1749.0,256.0,689.625,-13.125,689.7498867343147
995.625,271.375,1690.0,261.0,694.375,-10.375,694.4525046754458
1088.625,272.125,1787.0,268.0,698.375,-4.125,698.3871821919414
976.125,273.625,1673.0,257.0,696.875,-16.625,697.0732789671399
1113.375,273.625,1811.0,274.0,697.625,0.375,697.6251007883819
873.375,275.125,1551.0,260.0,677.625,-15.125,677.7937785565754
986.625,279.625,1685.0,270.0,698.375,-9.625,698.4413226964739
946.875,281.125,1641.0,269.0,694.125,-12.125,694.230891886842
1056.375,282.625,1751.0,274.0,694.625,-8.625,694.6785452639227
1087.875,282.625,1783.0,278.0,695.125,-4.625,695.1403860012739
837.375,284.875,1531.0,273.0,693.625,-11.875,693.7266437509807
969.375,284.875,1662.0,272.0,692.625,-12.875,692.7446544362504
1050.375,285.625,1746.0,275.0,695.625,-10.625,695.7061385743265
1210.875,287.125,1913.0,278.0,702.125,-9.125,702.1842929388267
802.125,287.875,1495.0,272.0,692.875,-15.875,693.056838397833
922.875,288.625,1622.0,282.0,699.125,-6.625,699.1563889788894
986.625,288.625,1685.0,280.0,698.375,-8.625,698.4282577688277
956.625,289.375,1651.0,274.0,694.375,-15.375,694.5451974133865
1129.875,289.375,1826.0,279.0,696.125,-10.375,696.2023098568404
1246.875,293.125,1949.0,283.0,702.125,-10.125,702.1980000327543
987.375,295.375,1684.0,285.0,696.625,-10.375,696.7022543741336
1027.125,296.125,1719.0,282.0,691.875,-14.125,692.019169712805
781.125,299.125,1476.0,285.0,694.875,-14.125,695.0185474143838
989.625,299.875,1685.0,295.0,695.375,-4.875,695.3920881416469
1187.625,300.625,1879.0,292.0,691.375,-8.625,691.4287969487531
1078.125,301.375,1773.0,293.0,694.875,-8.375,694.9254681258991
1205.625,302.125,1906.0,295.0,700.375,-7.125,700.4112408078557
1159.875,303.625,1856.0,295.0,696.125,-8.625,696.1784298942333
922.125,304.375,1614.0,293.0,691.875,-11.375,691.9685009088203
813.375,306.625,1508.0,295.0,694.625,-11.625,694.7222691478948
883.875,306.625,1578.0,295.0,694.125,-11.625,694.222339204091
1089.375,308.875,1787.0,305.0,697.625,-3.875,697.6357618772134
1193.625,308.875,1886.0,303.0,692.375,-5.875,692.3999250794297
969.375,309.625,1665.0,296.0,695.625,-13.625,695.7584216162963
662.625,310.375,1357.0,298.0,694.375,-12.375,694.4852635225603
1204.125,311.125,1897.0,300.0,692.875,-11.125,692.964307342016
843.375,311.875,1538.0,299.0,694.625,-12.875,694.7443099802978
705.375,312.625,1399.0,301.0,693.625,-11.625,693.722409361266
781.125,314.125,1472.0,304.0,690.875,-10.125,690.949188616645
919.875,314.875,1611.0,303.0,691.125,-11.875,691.2270113718068
997.125,315.625,1687.0,303.0,689.875,-12.625,689.9905117101249
1054.125,316.375,1744.0,303.0,689.875,-13.375,690.004642194529
805.125,317.125,1502.0,307.0,696.875,-10.125,696.9485499303374
1214.625,317.125,1910.0,302.0,695.375,-15.125,695.5394713817469
1135.125,317.875,1831.0,307.0,695.875,-10.875,695.9599710112644
1240.125,317.875,1947.0,298.0,706.875,-19.875,707.1543546143232
820.125,318.625,1513.0,304.0,692.875,-14.625,693.0293328929158
1023.375,318.625,1709.0,298.0,685.625,-20.625,685.9351509071394
852.375,320.875,1546.0,308.0,693.625,-12.875,693.744481960037
1206.375,322.375,1902.0,310.0,695.625,-12.375,695.735065416427
619.875,323.125,1313.0,313.0,693.125,-10.125,693.198947813685
782.625,323.875,1477.0,314.0,694.375,-9.875,694.4452147217951
1034.625,323.875,1729.0,307.0,694.375,-16.875,694.5800214878052
829.875,324.625,1524.0,314.0,694.125,-10.625,694.2063138937876
1126.875,326.125,1821.0,317.0,694.125,-9.125,694.1849762491263
805.125,327.625,1500.0,316.0,694.875,-11.625,694.9722341575957
1077.375,327.625,1773.0,320.0,695.625,-7.625,695.6667889514347
1081.125,327.625,1778.0,321.0,696.875,-6.625,696.9064903198994
1120.125,329.125,1815.0,318.0,694.875,-11.125,694.9640503292238
1135.875,329.125,1828.0,319.0,692.125,-10.125,692.1990546439658
1001.625,329.875,1692.0,315.0,690.375,-14.875,690.5352317224662
1252.875,329.875,1938.0,316.0,685.125,-13.875,685.2654823132418
1078.125,331.375,1773.0,325.0,694.875,-6.375,694.9042425039582
850.125,332.125,1544.0,320.0,693.875,-12.125,693.9809300333835
1157.625,332.875,1852.0,328.0,694.375,-4.875,694.3921127504258
1272.375,332.875,1975.0,295.0,702.625,-37.875,703.6450854301478
1003.875,333.625,1694.0,320.0,690.125,-13.625,690.2594847229554
1045.125,333.625,1740.0,318.0,694.875,-15.625,695.0506501327799
774.375,334.375,1470.0,321.0,695.625,-13.375,695.7535707777575
1213.125,334.375,1908.0,321.0,694.875,-13.375,695.0037095224744
1225.875,334.375,1919.0,324.0,693.125,-10.375,693.2026444337904
864.375,335.125,1556.0,323.0,691.625,-12.125,691.7312745929593
955.125,335.875,1647.0,323.0,691.875,-12.875,691.9947841205163
1111.875,336.625,1807.0,330.0,695.125,-6.625,695.1565695942173
1167.375,337.375,1862.0,326.0,694.625,-11.375,694.7181307911865
1150.125,338.125,1847.0,328.0,696.875,-10.125,696.9485499303374
644.625,338.875,1338.0,325.0,693.375,-13.875,693.5138111458199
1007.625,340.375,1699.0,325.0,691.375,-15.375,691.5459357483059
1041.375,341.875,1729.0,324.0,687.625,-17.875,687.8572935209744
790.125,342.625,1483.0,329.0,692.875,-13.625,693.0089510605184
614.625,343.375,1309.0,333.0,694.375,-10.375,694.4525046754458
955.125,343.375,1648.0,332.0,692.875,-11.375,692.9683659807279
1159.875,344.125,1855.0,338.0,695.125,-6.125,695.1519842811355
702.375,344.875,1393.0,333.0,690.625,-11.875,690.7270852152824
1202.625,345.625,1899.0,338.0,696.375,-7.625,696.4167439471856
1156.125,346.375,1849.0,338.0,692.875,-8.375,692.9256137927072
1017.375,347.875,1710.0,330.0,692.625,-17.875,692.8556171743144
1051.125,347.875,1744.0,334.0,692.875,-13.875,693.0139112961587
688.125,348.625,1381.0,332.0,692.875,-16.625,693.0744233125329
1166.625,349.375,1860.0,340.0,693.375,-9.375,693.4383759570853
1041.375,350.875,1735.0,338.0,693.625,-12.875,693.744481960037
902.625,354.625,1597.0,344.0,694.375,-10.625,694.4562846212856
1154.625,357.625,1848.0,350.0,693.375,-7.625,693.4169245482835
961.125,359.875,1659.0,348.0,697.875,-11.875,697.9760248389625
1130.625,359.875,1824.0,349.0,693.375,-10.875,693.4602773411034
1212.375,359.875,1907.0,347.0,694.625,-12.875,694.7443099802978
892.125,362.875,1585.0,352.0,692.875,-10.875,692.9603388722908
1043.625,363.625,1738.0,352.0,694.375,-11.625,694.4723041633841
823.875,365.125,1520.0,355.0,696.125,-10.125,696.1986291641201
944.625,365.125,1638.0,352.0,693.375,-13.125,693.4992114270931
724.875,365.875,1417.0,352.0,692.125,-13.875,692.2640617928971
712.125,368.875,1407.0,361.0,694.875,-7.875,694.9196221506485
1249.875,370.375,1944.0,357.0,694.125,-13.375,694.2538485669345
691.125,371.125,1387.0,359.0,695.875,-12.125,695.9806256283289
979.125,371.125,1674.0,363.0,694.875,-8.125,694.9225001753792
1041.375,371.125,1734.0,362.0,692.625,-9.125,692.685106126875
1105.875,371.875,1800.0,362.0,694.125,-9.875,694.1952400081694
1015.875,373.375,1708.0,360.0,692.125,-13.375,692.2542208249798
868.875,374.125,1562.0,360.0,693.125,-14.125,693.2689097673427
1088.625,377.875,1780.0,367.0,691.375,-10.875,691.4605239997436
1120.875,377.875,1815.0,370.0,694.125,-7.875,694.1696703616487
642.375,378.625,1336.0,367.0,693.625,-11.625,693.722409361266
1001.625,378.625,1695.0,367.0,693.375,-11.625,693.4724444777889
842.625,381.625,1536.0,370.0,693.375,-11.625,693.4724444777889
1258.125,381.625,1957.0,373.0,698.875,-8.625,698.9282196692304
1195.875,383.125,1889.0,375.0,693.125,-8.125,693.1726200954564
1240.875,383.125,1930.0,371.0,689.125,-12.125,689.2316600751884
1250.625,386.875,1944.0,376.0,693.375,-10.875,693.4602773411034
1203.375,387.625,1897.0,376.0,693.625,-11.625,693.722409361266
1214.625,387.625,1907.0,374.0,692.375,-13.625,692.5090477748287
650.625,389.875,1343.0,377.0,692.375,-12.875,692.4946976331299
994.875,389.875,1690.0,378.0,695.125,-11.875,695.2264244474601
732.375,390.625,1427.0,380.0,694.625,-10.625,694.7062553698505
608.625,392.125,1301.0,380.0,692.375,-12.125,692.4811594910002
634.875,393.625,1330.0,383.0,695.125,-10.625,695.2061969300906
970.125,393.625,1663.0,382.0,692.875,-11.625,692.972514786842
1236.375,394.375,1931.0,380.0,694.625,-14.375,694.7737266549449
799.875,396.625,1494.0,384.0,694.125,-12.625,694.2398045704381
980.625,397.375,1674.0,385.0,693.375,-12.375,693.4854225216274
700.875,398.125,1392.0,388.0,691.125,-10.125,691.199161783346
1243.125,398.875,1937.0,391.0,693.875,-7.875,693.9196864551401
655.875,401.125,1348.0,390.0,692.125,-11.125,692.214404104682
1204.125,401.875,1898.0,389.0,693.875,-12.875,693.9944389186414
666.375,403.375,1362.0,393.0,695.625,-10.375,695.7023654192934
1129.125,403.375,1816.0,389.0,686.875,-14.375,687.0254043701732
871.875,404.125,1563.0,392.0,691.125,-12.125,691.2313514663524
802.125,404.875,1493.0,393.0,690.875,-11.875,690.9770482801871
1201.875,407.125,1898.0,397.0,696.125,-10.125,696.1986291641201
1120.875,408.625,1812.0,396.0,691.125,-12.625,691.240302825291
1136.625,408.625,1826.0,398.0,689.375,-10.625,689.4568741045374
682.875,409.375,1372.0,396.0,689.125,-13.375,689.2547832623289
626.625,410.125,1308.0,397.0,681.375,-13.125,681.5013985678972
635.625,414.625,1330.0,399.0,694.375,-15.625,694.5507765815254
855.375,414.625,1550.0,403.0,694.625,-11.625,694.7222691478948
1048.125,414.625,1744.0,406.0,695.875,-8.625,695.9284490879792
835.125,415.375,1529.0,403.0,693.875,-12.375,693.9853429648208
874.875,415.375,1569.0,404.0,694.125,-11.375,694.2181978672123
1251.375,416.125,1946.0,399.0,694.625,-17.125,694.8360642986229
1117.875,418.375,1815.0,406.0,697.125,-12.375,697.2348286266256
1102.875,420.625,1793.0,410.0,690.125,-10.625,690.2067851376137
912.375,421.375,1607.0,407.0,694.625,-14.375,694.7737266549449
873.375,423.625,1567.0,412.0,693.625,-11.625,693.722409361266
624.375,424.375,1319.0,412.0,694.625,-12.375,694.7352238443075
815.625,425.125,1508.0,416.0,692.375,-9.125,692.4351278278709
958.125,425.125,1652.0,414.0,693.875,-11.125,693.9641786504545
858.375,425.875,1552.0,413.0,693.625,-12.875,693.744481960037
1138.875,425.875,1824.0,412.0,685.125,-13.875,685.2654823132418
1223.625,426.625,1920.0,399.0,696.375,-27.625,696.9227225812056
1122.375,427.375,1819.0,411.0,696.625,-16.375,696.8174303574789
712.875,428.125,1407.0,418.0,694.125,-10.125,694.1988412911678
741.375,428.875,1435.0,419.0,693.625,-9.875,693.6952906355931
1210.125,428.875,1904.0,411.0,693.875,-17.875,694.1052018606401
943.125,429.625,1640.0,416.0,696.875,-13.625,697.0081823407814
1058.625,431.125,1753.0,417.0,694.375,-14.125,694.5186507574869
1268.625,431.125,1964.0,412.0,695.375,-19.125,695.6379491157738
777.375,431.875,1472.0,420.0,694.625,-11.875,694.7264974434183
1046.625,433.375,1742.0,419.0,695.375,-14.375,695.5235662793892
1165.125,433.375,1858.0,422.0,692.875,-11.375,692.9683659807279
703.875,434.125,1397.0,424.0,693.125,-10.125,693.198947813685
864.375,434.875,1560.0,425.0,695.625,-9.875,695.6950885625109
876.375,436.375,1570.0,425.0,693.625,-11.375,693.7182650399224
715.875,438.625,1409.0,428.0,693.125,-10.625,693.206431194922
771.375,439.375,1465.0,430.0,693.625,-9.375,693.6883531168734
886.125,440.875,1580.0,429.0,693.875,-11.875,693.9766071345633
980.625,443.875,1674.0,431.0,693.375,-12.875,693.494525032462
1044.375,443.875,1738.0,430.0,693.625,-13.875,693.7637611247794
791.625,444.625,1485.0,431.0,693.375,-13.625,693.5088544856511
1132.875,444.625,1828.0,436.0,695.125,-8.625,695.1785067520428
1213.125,444.625,1912.0,428.0,698.875,-16.625,699.0727117045838
993.375,446.125,1688.0,434.0,694.625,-12.125,694.730815676115
1013.625,446.125,1708.0,431.0,694.375,-15.125,694.539708188092
670.125,446.875,1359.0,437.0,688.875,-9.875,688.9457752610143
1067.625,446.875,1758.0,436.0,690.375,-10.875,690.4606478648874
685.875,448.375,1382.0,438.0,696.125,-10.375,696.2023098568404
727.125,448.375,1422.0,437.0,694.875,-11.375,694.9680972893648
767.625,448.375,1461.0,437.0,693.375,-11.375,693.4682986625993
799.125,449.125,1496.0,441.0,696.875,-8.125,696.922363861284
742.875,449.875,1438.0,440.0,695.125,-9.875,695.1951389717854
622.125,450.625,1308.0,435.0,685.875,-15.625,686.0529544065822
979.125,454.375,1672.0,442.0,692.875,-12.375,692.9855021932277
818.625,456.625,1508.0,441.0,689.375,-15.625,689.5520511535007
769.125,457.375,1463.0,447.0,693.875,-10.375,693.9525605183686
712.125,458.875,1408.0,448.0,695.875,-10.875,695.9599710112644
1268.625,459.625,1964.0,450.0,695.375,-9.625,695.4416087997612
754.875,461.125,1448.0,446.0,693.125,-15.125,693.2900051565723
1087.125,463.375,1781.0,452.0,693.875,-11.375,693.9682314414688
1104.375,464.125,1795.0,448.0,690.625,-16.125,690.8132209577348
1003.125,468.625,1697.0,457.0,693.875,-11.625,693.9723742700426
733.875,470.125,1427.0,462.0,693.125,-8.125,693.1726200954564
1058.625,470.125,1751.0,457.0,692.375,-13.125,692.4993907939559
940.125,471.625,1634.0,461.0,693.875,-10.625,693.9563431873795
718.875,472.375,1414.0,456.0,695.125,-16.375,695.3178454850703
653.625,473.875,1343.0,462.0,689.375,-11.875,689.4772702925021
713.625,476.125,1406.0,462.0,692.375,-14.125,692.5190656220232
1230.375,476.125,1926.0,471.0,695.625,-5.125,695.643878899254
909.375,477.625,1606.0,463.0,696.625,-14.625,696.7785022874916
1090.125,478.375,1781.0,468.0,690.875,-10.375,690.9528972730341
1190.625,478.375,1890.0,461.0,699.375,-17.375,699.5907955726691
1099.125,479.125,1794.0,470.0,694.875,-9.125,694.9349115204963
1264.875,479.125,1965.0,465.0,700.125,-14.125,700.2674712208186
961.125,480.625,1655.0,467.0,693.875,-13.625,694.0087580499255
986.625,480.625,1683.0,466.0,696.375,-14.625,696.5285573829691
999.375,482.125,1692.0,470.0,692.625,-12.125,692.7311211790618
872.625,484.375,1566.0,472.0,693.375,-12.375,693.4854225216274
1269.375,485.125,1968.0,473.0,698.625,-12.125,698.7302099165314
892.125,486.625,1586.0,473.0,693.875,-13.625,694.0087580499255
971.625,486.625,1663.0,476.0,691.375,-10.625,691.4566372882684
1104.375,487.375,1798.0,476.0,693.625,-11.375,693.7182650399224
1165.125,488.125,1860.0,477.0,694.875,-11.125,694.9640503292238
1233.375,488.875,1935.0,478.0,701.625,-10.875,701.7092747356272
705.375,490.375,1400.0,480.0,694.625,-10.375,694.7024767841266
835.875,490.375,1526.0,479.0,690.125,-11.375,690.2187379736948
851.625,490.375,1544.0,476.0,692.375,-14.375,692.524209865619
887.625,490.375,1580.0,477.0,692.375,-13.375,692.5041741751453
1105.875,491.125,1799.0,481.0,693.125,-10.125,693.198947813685
1003.125,491.875,1696.0,478.0,692.875,-13.875,693.0139112961587
1095.375,494.125,1790.0,479.0,694.625,-15.125,694.7896489226074
1187.625,495.625,1881.0,488.0,693.375,-7.625,693.4169245482835
1246.875,499.375,1945.0,491.0,698.125,-8.375,698.1752331972253
1108.125,501.625,1805.0,492.0,696.875,-9.625,696.9414654402477
1234.125,501.625,1930.0,490.0,695.875,-11.625,695.9720944477588
972.375,502.375,1668.0,490.0,695.625,-12.375,695.735065416427
873.375,503.125,1567.0,490.0,693.625,-13.125,693.7491666661662
931.875,503.875,1629.0,492.0,697.125,-11.875,697.2261335104989
1160.625,503.875,1853.0,492.0,692.375,-11.875,692.4768272296193
1240.875,505.375,1935.0,490.0,694.125,-15.375,694.2952586976236
1112.625,507.625,1807.0,497.0,694.375,-10.625,694.4562846212856
1023.375,508.375,1719.0,500.0,695.625,-8.375,695.6754137167707
1036.125,509.125,1731.0,501.0,694.875,-8.125,694.9225001753792
853.125,509.875,1548.0,495.0,694.875,-14.875,695.0341943026976
1012.125,509.875,1706.0,498.0,693.875,-11.875,693.9766071345633
1173.375,509.875,1869.0,502.0,695.625,-7.875,695.6695740435972
1114.125,511.375,1808.0,502.0,693.875,-9.375,693.9383302931176
679.125,512.125,1371.0,499.0,691.875,-13.125,691.9994806717705
892.125,512.125,1587.0,496.0,694.875,-16.125,695.0620700700047
1183.125,514.375,1879.0,503.0,695.875,-11.375,695.9679635227473
734.625,515.875,1428.0,504.0,693.375,-11.875,693.4766803937966
776.625,515.875,1468.0,505.0,691.375,-10.875,691.4605239997436
772.875,516.625,1463.0,504.0,690.125,-12.625,690.240469872638
903.375,516.625,1597.0,503.0,693.625,-13.625,693.7588062504144
1238.625,517.375,1935.0,500.0,696.375,-17.375,696.591724936494
1157.625,518.875,1852.0,507.0,694.375,-11.875,694.4765339808106
1173.375,519.625,1864.0,503.0,690.625,-16.625,690.825072829584
1116.375,521.125,1810.0,508.0,693.625,-13.125,693.7491666661662
767.625,521.875,1461.0,512.0,693.375,-9.875,693.4453159766817
1184.625,521.875,1879.0,514.0,694.375,-7.875,694.4196542797446
663.375,522.625,1348.0,510.0,684.625,-12.625,684.7413973537747
925.875,524.125,1621.0,512.0,695.125,-12.125,695.2307395749989
1223.625,524.875,1914.0,517.0,690.375,-7.875,690.4199129877411
788.625,526.375,1482.0,512.0,693.375,-14.375,693.5239947182794
841.125,527.875,1536.0,517.0,694.875,-10.875,694.9600932787436
1254.375,527.875,1946.0,516.0,691.625,-11.875,691.7269376350757
861.375,529.375,1557.0,517.0,695.625,-12.375,695.735065416427
1049.625,530.125,1743.0,519.0,693.375,-11.125,693.4642429498438
1174.875,530.125,1868.0,517.0,693.125,-13.125,693.2492562203006
766.875,530.875,1461.0,520.0,694.125,-10.875,694.2101852105023
741.375,533.125,1436.0,524.0,694.625,-9.125,694.6849330811774
886.875,533.875,1580.0,522.0,693.125,-11.875,693.2267170630399
890.625,533.875,1585.0,523.0,694.375,-10.875,694.4601545445211
1013.625,534.625,1708.0,520.0,694.375,-14.625,694.5289995745318
1126.875,535.375,1820.0,523.0,693.125,-12.375,693.2354623430627
954.375,537.625,1646.0,524.0,691.625,-13.625,691.7591931084111
946.875,541.375,1640.0,531.0,693.125,-10.375,693.2026444337904
1045.125,542.875,1737.0,531.0,691.875,-11.875,691.9769008066671
771.375,544.375,1466.0,532.0,694.625,-12.375,694.7352238443075
1064.625,544.375,1760.0,532.0,695.375,-12.375,695.485104980689
1180.125,544.375,1875.0,532.0,694.875,-12.375,694.9851841945984
934.125,549.625,1627.0,536.0,692.875,-13.625,693.0089510605184
986.625,549.625,1683.0,538.0,696.375,-11.625,696.4720247432771
1024.875,550.375,1721.0,540.0,696.125,-10.375,696.2023098568404
698.625,556.375,1379.0,549.0,680.375,-7.375,680.414969889699
913.125,557.875,1608.0,543.0,694.875,-14.875,695.0341943026976
948.375,557.875,1641.0,548.0,692.625,-9.875,692.6953921096921
978.375,559.375,1674.0,546.0,695.625,-13.375,695.7535707777575
733.875,561.625,1415.0,546.0,681.125,-15.625,681.3041950920308
930.375,561.625,1625.0,548.0,694.625,-13.625,694.7586136565707
993.375,563.125,1686.0,555.0,692.625,-8.125,692.6726544696276
1201.875,563.125,1898.0,548.0,696.125,-15.125,696.2892942233135
985.875,564.625,1680.0,554.0,694.125,-10.625,694.2063138937876
1188.375,564.625,1885.0,552.0,696.625,-12.625,696.7393926354387
970.125,566.125,1665.0,557.0,694.875,-9.125,694.9349115204963
648.375,566.875,1334.0,558.0,685.625,-8.875,685.6824383415401
981.375,566.875,1675.0,553.0,693.625,-13.875,693.7637611247794
772.125,569.125,1466.0,554.0,693.875,-15.125,694.0398268471342
981.375,570.625,1677.0,561.0,695.625,-9.625,695.6915848635801
1104.375,570.625,1800.0,559.0,695.625,-11.625,695.7221293375682
1174.875,570.625,1867.0,558.0,692.125,-12.625,692.240136260532
916.875,574.375,1613.0,562.0,696.125,-12.375,696.2349863731354
1196.625,574.375,1889.0,562.0,692.375,-12.375,692.4855819798705
930.375,575.125,1624.0,562.0,693.625,-13.125,693.7491666661662
955.125,575.125,1649.0,562.0,693.875,-13.125,693.9991219374849
968.625,575.125,1663.0,563.0,694.375,-12.125,694.4808537677623
980.625,575.875,1675.0,568.0,694.375,-7.875,694.4196542797446
967.125,578.875,1664.0,568.0,696.875,-10.875,696.9598490946232
707.625,579.625,1393.0,575.0,685.375,-4.625,685.39060487433
807.375,585.625,1500.0,574.0,692.625,-11.625,692.7225499794272
1199.625,585.625,1894.0,573.0,694.375,-12.625,694.4897632434909
952.125,586.375,1649.0,573.0,696.875,-13.375,697.003340200031
1273.125,588.625,1968.0,579.0,694.875,-9.625,694.9416567237857
1015.875,590.875,1709.0,576.0,693.125,-14.875,693.284596143604
1099.125,590.875,1792.0,580.0,692.875,-10.875,692.9603388722908
1102.875,590.875,1797.0,579.0,694.125,-11.875,694.2265705445161
981.375,593.125,1675.0,581.0,693.625,-12.125,693.7309682074168
939.375,593.875,1636.0,581.0,696.625,-12.875,696.7439675016929
1020.375,593.875,1715.0,582.0,694.625,-11.875,694.7264974434183
968.625,594.625,1663.0,581.0,694.375,-13.625,694.5086617530411
1024.125,594.625,1720.0,582.0,695.875,-12.625,695.9895159052326
942.375,597.625,1638.0,586.0,695.625,-11.625,695.7221293375682
1200.375,602.125,1895.0,591.0,694.625,-11.125,694.7140823749005
1074.375,608.125,1765.0,592.0,690.625,-16.125,690.8132209577348
937.125,609.625,1629.0,595.0,691.875,-14.625,692.0295559078384
951.375,609.625,1639.0,600.0,687.625,-9.625,687.6923594529752
997.875,609.625,1691.0,599.0,693.125,-10.625,693.206431194922
958.125,611.125,1652.0,600.0,693.875,-11.125,693.9641786504545
760.125,614.875,1444.0,607.0,683.875,-7.875,683.9203398422948
1160.625,617.125,1851.0,609.0,690.375,-8.125,690.4228097694919
944.625,619.375,1639.0,611.0,694.375,-8.375,694.4255044639417
1273.125,619.375,1973.0,612.0,699.875,-7.375,699.9138563066172
1125.375,620.125,1820.0,607.0,694.625,-13.125,694.7489879445669
1207.125,620.125,1902.0,610.0,694.875,-10.125,694.9487616004507
1243.875,621.625,1939.0,613.0,695.125,-8.625,695.1785067520428
1240.125,622.375,1933.0,612.0,692.875,-10.375,692.9526724459615
1068.375,623.125,1756.0,612.0,687.625,-11.125,687.7149891124957
1075.125,623.125,1768.0,612.0,692.875,-11.125,692.964307342016
1255.875,623.125,1952.0,618.0,696.125,-5.125,696.1438653396293
875.625,624.625,1570.0,614.0,694.375,-10.625,694.4562846212856
998.625,624.625,1693.0,614.0,694.375,-10.625,694.4562846212856
1051.125,624.625,1746.0,615.0,694.875,-9.625,694.9416567237857
785.625,625.375,1479.0,615.0,693.375,-10.375,693.4526164418157
1267.125,626.875,1966.0,619.0,698.875,-7.875,698.9193667727344
1239.375,629.125,1930.0,619.0,690.625,-10.125,690.6992154693677
1210.875,630.625,1906.0,621.0,695.125,-9.625,695.1916327531568
944.625,632.125,1639.0,620.0,694.375,-12.125,694.4808537677623
1224.375,632.875,1918.0,624.0,693.625,-8.875,693.681775924667
893.625,634.375,1585.0,626.0,691.375,-8.375,691.4257235958177
1270.875,634.375,1966.0,624.0,695.125,-10.375,695.2024210616646
1001.625,635.875,1696.0,623.0,694.375,-12.875,694.4943529288054
1050.375,635.875,1742.0,625.0,691.625,-10.875,691.7104930894138
1231.125,637.375,1923.0,624.0,691.875,-13.375,692.0042675085176
1198.875,640.375,1890.0,634.0,691.125,-6.375,691.1544011651811
1240.875,644.125,1935.0,632.0,694.125,-12.125,694.230891886842
791.625,644.875,1475.0,630.0,683.375,-14.875,683.5368726338031
1057.125,647.125,1753.0,637.0,695.875,-10.125,695.948655613329
805.125,650.875,1499.0,640.0,693.875,-10.875,693.9602158985773
1242.375,658.375,1937.0,650.0,694.625,-8.375,694.675486288382
1159.125,659.125,1854.0,650.0,694.875,-9.125,694.9349115204963
974.625,662.875,1666.0,651.0,691.375,-11.875,691.4769744901128
880.125,663.625,1575.0,652.0,694.875,-11.625,694.9722341575957
1150.125,664.375,1845.0,658.0,694.875,-6.375,694.9042425039582
1267.875,664.375,1960.0,655.0,692.125,-9.375,692.188490405612
1182.375,666.625,1880.0,656.0,697.625,-10.625,697.705905987616
871.875,668.875,1569.0,661.0,697.125,-7.875,697.16947814
1100.625,671.875,1796.0,658.0,695.375,-13.875,695.5134119842694
1243.875,672.625,1940.0,663.0,696.125,-9.625,696.1915370427882
901.125,673.375,1594.0,663.0,692.875,-10.375,692.9526724459615
935.625,677.875,1630.0,665.0,694.375,-12.875,694.4943529288054
978.375,677.875,1674.0,666.0,695.625,-11.875,695.7263515564148
1028.625,678.625,1723.0,668.0,694.375,-10.625,694.4562846212856
1103.625,678.625,1799.0,668.0,695.375,-10.625,695.4561677417205
1162.875,679.375,1856.0,671.0,693.125,-8.375,693.1755955383888
1196.625,680.125,1890.0,672.0,693.375,-8.125,693.4226029269597
807.375,686.875,1495.0,670.0,687.625,-16.875,687.8320334572969
867.375,687.625,1562.0,678.0,694.625,-9.625,694.6916807116665
1096.125,688.375,1788.0,674.0,691.875,-14.375,692.0243176724356
856.125,689.875,1548.0,681.0,691.875,-8.875,691.9319195195435
1039.875,691.375,1736.0,682.0,696.125,-9.375,696.1881256169197
1131.375,692.125,1826.0,681.0,694.625,-11.125,694.7140823749005
1135.125,692.875,1831.0,682.0,695.875,-10.875,695.9599710112644
959.625,695.875,1653.0,686.0,693.375,-9.875,693.4453159766817
878.625,696.625,1582.0,688.0,703.375,-8.625,703.4278792100864
868.125,697.375,1562.0,684.0,693.875,-13.375,694.0038949818653
838.875,698.125,1535.0,691.0,696.125,-7.125,696.1614620546012
847.875,700.375,1543.0,685.0,695.125,-15.375,695.2950138250669
876.375,700.375,1573.0,694.0,696.625,-6.375,696.6541690465938
1269.375,700.375,1964.0,691.0,694.625,-9.375,694.6882619204099
851.625,701.125,1548.0,687.0,696.375,-14.125,696.5182382752084
1034.625,702.625,1730.0,695.0,695.375,-7.625,695.4168039744222
817.875,704.875,1516.0,700.0,698.125,-4.875,698.1420208310054
1007.625,707.875,1700.0,699.0,692.375,-8.875,692.4318784183755
841.125,709.375,1538.0,700.0,696.875,-9.375,696.9380576851862
1270.875,709.375,1970.0,703.0,699.125,-6.375,699.1540647453893
1027.875,710.875,1722.0,703.0,694.125,-7.875,694.1696703616487
895.875,711.625,1590.0,700.0,694.125,-11.625,694.222339204091
817.875,716.125,1513.0,709.0,695.125,-7.125,695.1615145058017
916.125,716.875,1603.0,704.0,686.875,-12.875,686.9956559178522
1000.875,717.625,1695.0,709.0,694.125,-8.625,694.178583831279
1123.125,717.625,1818.0,704.0,694.875,-13.625,695.0085655946982
986.625,718.375,1686.0,703.0,699.375,-15.375,699.5439809261459
1156.875,722.125,1851.0,711.0,694.125,-11.125,694.2141465354908
1249.125,722.125,1942.0,713.0,692.875,-9.125,692.935084441537
1172.625,722.875,1872.0,719.0,699.375,-3.875,699.3857349488907
906.375,723.625,1603.0,709.0,696.625,-14.625,696.7785022874916
880.125,724.375,1572.0,707.0,691.875,-17.375,692.0931340867355
995.625,724.375,1687.0,712.0,691.375,-12.375,691.4857418992817
919.125,727.375,1615.0,713.0,695.875,-14.375,696.0234595543458
925.125,727.375,1620.0,714.0,694.875,-13.375,695.0037095224744
1261.125,729.625,1953.0,720.0,691.875,-9.625,691.9419457223272
988.875,730.375,1679.0,710.0,690.125,-20.375,690.4257065390889
1013.625,730.375,1706.0,717.0,692.375,-13.375,692.5041741751453
1264.875,730.375,1958.0,719.0,693.125,-11.375,693.2183323095257
1228.875,731.125,1921.0,720.0,692.125,-11.125,692.214404104682
916.125,731.875,1605.0,730.0,688.875,-1.875,688.8775517100263
1268.625,731.875,1963.0,717.0,694.375,-14.875,694.5343089077745
958.875,732.625,1649.0,718.0,690.125,-14.625,690.2799477385969
856.125,734.875,1550.0,722.0,693.875,-12.875,693.9944389186414
898.875,737.125,1590.0,730.0,691.125,-7.125,691.1617258283331
1207.125,737.875,1901.0,728.0,693.875,-9.875,693.9452653127622
1103.625,738.625,1798.0,729.0,694.375,-9.625,694.4417047168179
1219.875,739.375,1915.0,727.0,695.125,-12.375,695.2351445734026
1135.875,740.125,1830.0,728.0,694.125,-12.125,694.230891886842
938.625,740.875,1634.0,729.0,695.375,-11.875,695.4763879888375
923.625,744.625,1618.0,729.0,694.375,-15.625,694.5507765815254
996.375,745.375,1692.0,729.0,695.625,-16.375,695.817706910366
1231.875,745.375,1928.0,739.0,696.125,-6.375,696.1541899967276
1141.125,746.125,1839.0,738.0,697.875,-8.125,697.9222959971977
989.625,746.875,1681.0,732.0,691.375,-14.875,691.5350000180757
1148.625,746.875,1844.0,735.0,695.375,-11.875,695.4763879888375
898.875,749.125,1601.0,736.0,702.125,-13.125,702.2476637554588
1067.625,749.875,1763.0,735.0,695.375,-14.875,695.5340798623745
979.125,750.625,1671.0,738.0,691.875,-12.625,691.9901778565936
919.875,752.125,1614.0,743.0,694.125,-9.125,694.1849762491263
1121.625,752.875,1816.0,742.0,694.375,-10.875,694.4601545445211
1210.125,753.625,1902.0,739.0,691.875,-14.625,692.0295559078384
934.875,754.375,1629.0,741.0,694.125,-13.375,694.2538485669345
1001.625,755.125,1693.0,742.0,691.375,-13.125,691.4995706795486
1096.875,755.125,1784.0,742.0,687.125,-13.125,687.2503410330183
883.125,757.375,1579.0,751.0,695.875,-6.375,695.9042004830837
1132.875,758.125,1832.0,751.0,699.125,-7.125,699.1613056012181
1207.875,758.125,1904.0,749.0,696.125,-9.125,696.1848039493536
946.875,758.875,1639.0,746.0,692.125,-12.875,692.2447408612072
1042.125,759.625,1738.0,752.0,695.875,-7.625,695.9167739392406
1171.875,759.625,1873.0,749.0,701.125,-10.625,701.205502153256
865.125,761.125,1551.0,757.0,685.875,-4.125,685.8874042071337
1079.625,761.125,1772.0,748.0,692.375,-13.125,692.4993907939559
1117.625,252.625,1817.0,263.0,699.375,10.375,699.4519506370684
1063.625,254.125,1759.0,246.0,695.375,-8.125,695.4224660233518
1087.625,261.625,1777.0,260.0,689.375,-1.625,689.3769152285272
1068.875,264.625,1759.0,256.0,690.125,-8.625,690.1788943817393
1047.125,265.375,1740.0,254.0,692.875,-11.375,692.9683659807279
1053.875,266.125,1749.0,256.0,695.125,-10.125,695.1987350750862
1067.375,276.625,1763.0,262.0,695.625,-14.625,695.7787229069311
1056.875,282.625,1751.0,274.0,694.125,-8.625,694.178583831279
1210.625,284.125,1913.0,278.0,702.375,-6.125,702.4017057567557
1050.125,285.625,1746.0,275.0,695.875,-10.625,695.9561094278863
1225.625,285.625,1925.0,280.0,699.375,-5.625,699.3976202776215
1130.375,288.625,1826.0,279.0,695.625,-9.625,695.6915848635801
1243.625,293.125,1939.0,279.0,695.375,-14.125,695.5184442198496
1361.375,298.375,2059.0,288.0,697.625,-10.375,697.702143647273
1188.125,300.625,1879.0,292.0,690.875,-8.625,690.928835879644
1159.625,303.625,1856.0,295.0,696.375,-8.625,696.4284107142672
1353.125,304.375,2047.0,297.0,693.875,-7.375,693.9141922817258
1197.875,307.375,1897.0,300.0,699.125,-7.375,699.1638979881612
1212.125,307.375,1906.0,295.0,693.875,-12.375,693.9853429648208
1089.125,308.875,1787.0,305.0,697.875,-3.875,697.8857580220418
1464.125,310.375,2151.0,301.0,686.875,-9.375,686.9389756375743
1392.875,311.875,2088.0,303.0,695.125,-8.875,695.1816534187305
1239.125,312.625,1947.0,298.0,707.875,-14.625,708.0260632561487
1360.625,312.625,2056.0,302.0,695.375,-10.625,695.4561677417205
1485.875,316.375,2177.0,312.0,691.125,-4.375,691.1388473020454
1215.125,317.125,1911.0,312.0,695.875,-5.125,695.893872117006
1134.125,317.875,1831.0,307.0,696.875,-10.875,696.9598490946232
1615.625,317.875,2315.0,345.0,699.375,27.125,699.9008188665019
1317.125,319.375,2011.0,306.0,693.875,-13.375,694.0038949818653
1574.375,320.125,2272.0,344.0,697.625,23.875,698.0334205824246
1498.625,321.625,2186.0,313.0,687.375,-8.625,687.4291099815312
1034.375,323.125,1729.0,307.0,694.625,-16.125,694.8121373795941
1482.875,323.875,2163.0,314.0,680.125,-9.875,680.1966857093615
1127.375,326.125,1821.0,317.0,693.625,-9.125,693.6850194793022
1395.125,326.875,2095.0,317.0,699.875,-9.875,699.9446629912968
1077.125,327.625,1773.0,320.0,695.875,-7.625,695.9167739392406
1321.625,327.625,2017.0,319.0,695.375,-8.625,695.428487516869
1120.625,328.375,1815.0,318.0,694.375,-10.375,694.4525046754458
1136.375,328.375,1828.0,319.0,691.625,-9.375,691.6885363008411
1392.875,330.625,2095.0,322.0,702.125,-8.625,702.1779733443651
1077.125,331.375,1773.0,325.0,695.875,-6.375,695.9042004830837
1216.625,331.375,1908.0,321.0,691.375,-10.375,691.4528409443409
1489.625,331.375,2172.0,318.0,682.375,-13.375,682.5060668228525
1044.875,334.375,1740.0,318.0,695.125,-16.375,695.3178454850703
1226.375,334.375,1919.0,324.0,692.625,-10.375,692.702700478351
1498.625,334.375,2186.0,324.0,687.375,-10.375,687.4532938680271
1149.875,335.125,1847.0,328.0,697.125,-7.125,697.1614097538676
1302.125,335.125,1999.0,316.0,696.875,-19.125,697.1373833398981
1112.375,336.625,1807.0,330.0,694.625,-6.625,694.6565923173838
1167.875,337.375,1862.0,326.0,694.125,-11.375,694.2181978672123
1423.625,337.375,2120.0,328.0,696.375,-9.375,696.4381029567523
1482.875,337.375,2166.0,326.0,683.125,-11.375,683.2196983767374
1438.625,338.875,2135.0,332.0,696.375,-6.875,696.4089360785084
1365.875,339.625,2066.0,327.0,700.125,-12.625,700.2388208675666
1422.875,341.125,2120.0,333.0,697.125,-8.125,697.1723468770115
1160.375,343.375,1855.0,338.0,694.625,-5.375,694.6457955317948
1432.625,343.375,2130.0,332.0,697.375,-11.375,697.4677635919813
1349.375,344.125,2047.0,333.0,697.625,-11.125,697.7136993423592
1203.125,345.625,1899.0,338.0,695.875,-7.625,695.9167739392406
1050.875,347.125,1744.0,334.0,693.125,-13.125,693.2492562203006
1155.875,347.125,1849.0,338.0,693.125,-9.125,693.1850627718402
1317.125,347.125,2013.0,336.0,695.875,-11.125,695.9639223767279
1435.625,347.125,2135.0,338.0,699.375,-9.125,699.4345260637339
1375.625,350.125,2072.0,337.0,696.375,-13.125,696.4986764165457
1430.375,350.125,2121.0,338.0,690.625,-12.125,690.7314284510297
1041.125,350.875,1735.0,338.0,693.875,-12.875,693.9944389186414
1725.125,350.875,2423.0,365.0,697.875,14.125,698.0179304645404
1304.375,353.125,2002.0,343.0,697.625,-10.125,697.6984708668924
1680.125,353.125,2375.0,351.0,694.875,-2.125,694.8782492278773
1335.875,353.875,2031.0,344.0,695.125,-9.875,695.1951389717854
1581.875,353.875,2310.0,363.0,728.125,9.125,728.1821758667263
1362.125,356.875,2061.0,344.0,698.875,-12.875,698.9935845556811
1139.375,358.375,1836.0,353.0,696.625,-5.375,696.6457358299124
1377.125,358.375,2072.0,349.0,694.875,-9.375,694.9382391623014
1467.875,359.125,2148.0,343.0,680.125,-16.125,680.316125966451
1131.875,359.875,1824.0,349.0,692.125,-10.875,692.2104313357319
1212.875,359.875,1907.0,347.0,694.125,-12.875,694.2443959082422
1154.375,360.625,1848.0,350.0,693.625,-10.625,693.7063725020839
1494.125,360.625,2178.0,351.0,683.875,-9.625,683.942728779245
1521.125,361.375,2201.0,355.0,679.875,-6.375,679.9048876497359
1044.125,363.625,1738.0,352.0,693.875,-11.625,693.9723742700426
1598.375,364.375,2295.0,354.0,696.625,-10.375,696.7022543741336
1374.125,365.125,2071.0,354.0,696.875,-11.125,696.9637947913794
1382.375,365.125,2078.0,352.0,695.625,-13.125,695.748809736675
1582.625,365.125,2282.0,356.0,699.375,-9.125,699.4345260637339
1458.125,366.625,2147.0,354.0,688.875,-12.625,688.9906793636617
1464.875,366.625,2157.0,359.0,692.125,-7.625,692.1670002607752
1347.125,368.125,2037.0,354.0,689.875,-14.125,690.0195875842946
1616.375,368.875,2311.0,358.0,694.625,-10.875,694.7101239006093
1249.625,369.625,1944.0,357.0,694.375,-12.625,694.4897632434909
1339.625,370.375,2036.0,359.0,696.375,-11.375,696.467896783477
1041.125,371.125,1734.0,362.0,692.875,-9.125,692.935084441537
1106.375,371.875,1800.0,362.0,693.625,-9.875,693.6952906355931
1277.375,371.875,1977.0,361.0,699.625,-10.875,699.7095156205895
1399.625,374.125,2092.0,357.0,692.375,-17.125,692.5867499815456
1424.375,374.125,2119.0,360.0,694.625,-14.125,694.7685990673441
1596.125,374.125,2292.0,365.0,695.875,-9.125,695.9348254326694
1377.125,374.875,2071.0,368.0,693.875,-6.875,693.9090583426621
1411.625,374.875,2103.0,360.0,691.375,-14.875,691.5350000180757
1667.375,378.625,2342.0,371.0,674.625,-7.625,674.6680896929986
1711.625,379.375,2404.0,382.0,692.375,2.625,692.3799760608332
1300.625,380.875,2000.0,368.0,699.375,-12.875,699.4934997910989
1340.375,381.625,2036.0,372.0,695.625,-9.625,695.6915848635801
1335.875,382.375,2028.0,371.0,692.125,-11.375,692.2184671402518
1383.125,382.375,2079.0,375.0,695.875,-7.375,695.9140796463311
1241.375,383.125,1930.0,371.0,688.625,-12.125,688.7317375074275
1358.375,383.875,2050.0,371.0,691.625,-12.875,691.7448274110909
1324.625,384.625,2019.0,374.0,694.375,-10.625,694.4562846212856
1401.125,386.125,2096.0,372.0,694.875,-14.125,695.0185474143838
1467.125,386.125,2146.0,370.0,678.875,-16.125,679.0664777840237
1592.375,386.125,2289.0,374.0,696.625,-12.125,696.7305119269573
1038.125,387.625,1733.0,378.0,694.875,-9.625,694.9416567237857
1203.875,387.625,1897.0,376.0,693.125,-11.625,693.2224796196384
1249.625,387.625,1944.0,376.0,694.375,-11.625,694.4723041633841
1282.625,387.625,1975.0,373.0,692.375,-14.625,692.5294443198787
1341.875,392.125,2039.0,382.0,697.125,-10.125,697.1985235569565
1324.625,393.625,2019.0,380.0,694.375,-13.625,694.5086617530411
1438.625,393.625,2121.0,376.0,682.375,-17.625,682.6025792875383
1236.875,395.125,1931.0,380.0,694.125,-15.125,694.2897674962522
1305.125,395.125,2001.0,380.0,695.875,-15.125,696.039353233709
1376.375,395.125,2072.0,389.0,695.625,-6.125,695.6519648861778
1454.375,395.125,2132.0,368.0,677.625,-27.125,678.167682988507
1396.625,395.875,2094.0,382.0,697.375,-13.875,697.5130151115461
1334.375,398.125,2026.0,387.0,691.625,-11.125,691.7144687296919
1242.125,398.875,1937.0,391.0,694.875,-7.875,694.9196221506485
1330.625,398.875,2021.0,386.0,690.375,-12.875,690.4950443341356
1289.375,401.125,1982.0,387.0,692.625,-14.125,692.7690136329713
1296.875,401.125,1992.0,388.0,695.125,-13.125,695.2488987765461
1592.375,401.125,2287.0,392.0,694.625,-9.125,694.6849330811774
1204.625,401.875,1898.0,389.0,693.375,-12.875,693.494525032462
1293.125,401.875,1987.0,388.0,693.875,-13.875,694.0137111397728
1431.875,404.125,2124.0,383.0,692.125,-21.125,692.4473129776734
1461.875,404.125,2156.0,393.0,694.125,-11.125,694.2141465354908
1491.125,404.125,2177.0,390.0,685.875,-14.125,686.0204306359979
1125.125,407.875,1816.0,389.0,690.875,-18.875,691.1327884350445
1202.375,407.875,1898.0,397.0,695.625,-10.875,695.710001545184
1119.875,409.375,1812.0,396.0,692.125,-13.375,692.2542208249798
1373.375,410.875,2067.0,396.0,693.625,-14.875,693.7844811250825
1288.625,412.375,1984.0,399.0,695.375,-13.375,695.5036169927515
1314.875,412.375,2003.0,398.0,688.125,-14.375,688.2751312157079
1449.875,412.375,2142.0,397.0,692.125,-15.375,692.2957505647424
1332.125,413.125,2028.0,403.0,695.875,-10.125,695.948655613329
1440.125,413.125,2132.0,395.0,691.875,-18.125,692.1123689474131
1353.125,413.875,2047.0,403.0,693.875,-10.875,693.9602158985773
1048.625,414.625,1744.0,406.0,695.375,-8.625,695.428487516869
1761.125,414.625,2454.0,404.0,692.875,-10.625,692.9564605731013
1251.125,416.125,1946.0,399.0,694.875,-17.125,695.0859883856098
1117.625,417.625,1815.0,406.0,697.375,-11.625,697.4718856341093
1479.125,417.625,2169.0,400.0,689.875,-17.625,690.1001059628958
1103.375,419.125,1793.0,410.0,689.625,-9.125,689.6853675771293
1290.875,419.125,1988.0,409.0,697.125,-10.125,697.1985235569565
1470.125,419.125,2154.0,406.0,683.875,-13.125,684.000936585616
1592.375,419.125,2289.0,408.0,696.625,-11.125,696.7138266533829
1456.625,419.875,2144.0,405.0,687.375,-14.875,687.5359308792523
1426.625,423.625,2120.0,413.0,693.375,-10.625,693.4564018379237
1387.625,424.375,2083.0,415.0,695.375,-9.375,695.4381936951694
1443.125,424.375,2133.0,409.0,689.875,-15.375,690.0463073229216
1782.125,424.375,2479.0,416.0,696.875,-8.375,696.9253232951146
1317.875,425.125,2012.0,413.0,694.125,-12.125,694.230891886842
1748.375,425.125,2452.0,421.0,703.625,-4.125,703.6370912977798
1157.375,425.875,1856.0,417.0,698.625,-8.875,698.6813696170809
1309.625,425.875,2001.0,414.0,691.375,-11.875,691.4769744901128
1585.625,426.625,2278.0,413.0,692.375,-13.625,692.5090477748287
1122.875,427.375,1819.0,411.0,696.125,-16.375,696.3175685346449
1544.375,427.375,2227.0,407.0,682.625,-20.375,682.9290089387036
1047.125,428.875,1742.0,419.0,694.875,-9.875,694.9451642036227
1707.875,429.625,2399.0,423.0,691.125,-6.625,691.1567523000842
1058.375,430.375,1753.0,417.0,694.625,-13.375,694.7537558372751
1413.125,431.125,2112.0,422.0,698.875,-9.125,698.934568647166
1332.875,431.875,2026.0,415.0,693.125,-16.875,693.3303911195585
1592.375,431.875,2283.0,422.0,690.625,-9.875,690.69559593934
1288.625,432.625,1984.0,421.0,695.375,-11.625,695.4721642524595
1424.375,432.625,2117.0,421.0,692.625,-11.625,692.7225499794272
1474.625,432.625,2165.0,412.0,690.375,-20.625,690.6830179250102
1329.125,435.625,2025.0,426.0,695.875,-9.625,695.9415609445954
1390.625,435.625,2086.0,423.0,695.375,-12.625,695.4895982327845
1726.625,436.375,2421.0,427.0,694.375,-9.375,694.4382846949036
1545.875,438.625,2232.0,423.0,686.125,-15.625,686.3028895830179
1713.125,438.625,2407.0,430.0,693.875,-8.625,693.9286031357981
1701.125,439.375,2397.0,434.0,695.875,-5.375,695.8957581779041
1374.875,440.125,2070.0,428.0,695.125,-12.125,695.2307395749989
1780.625,440.125,2470.0,431.0,689.375,-9.125,689.4353894673525
1291.625,443.125,1983.0,428.0,691.375,-15.125,691.5404227158381
1405.625,443.125,2098.0,432.0,692.375,-11.125,692.464371827172
1044.125,443.875,1738.0,430.0,693.875,-13.875,694.0137111397728
1314.875,443.875,2007.0,427.0,692.125,-16.875,692.3306877858297
1278.875,444.625,1970.0,428.0,691.125,-16.625,691.3249281271434
1747.625,444.625,2443.0,434.0,695.375,-10.625,695.4561677417205
1132.625,445.375,1828.0,436.0,695.375,-9.375,695.4381936951694
1437.125,445.375,2123.0,426.0,685.875,-19.375,686.1486036202361
1350.125,449.125,2044.0,438.0,693.875,-11.125,693.9641786504545
1470.125,449.875,2158.0,424.0,687.875,-25.875,688.3614829796915
1332.875,450.625,2023.0,442.0,690.125,-8.625,690.1788943817393
1768.625,450.625,2460.0,444.0,691.375,-6.625,691.4067408190348
1429.625,453.625,2116.0,442.0,686.375,-11.625,686.4734381241564
1637.375,453.625,2331.0,443.0,693.625,-10.625,693.7063725020839
1283.375,455.125,1985.0,445.0,701.625,-10.125,701.6980520494552
1296.875,455.875,1992.0,447.0,695.125,-8.875,695.1816534187305
1728.875,455.875,2425.0,446.0,696.125,-9.875,696.1950382256398
1419.875,456.625,2108.0,434.0,688.125,-22.625,688.4968454902317
1275.875,457.375,1973.0,446.0,697.125,-11.375,697.217796854039
1335.125,458.125,2031.0,438.0,695.875,-20.125,696.1659509412967
1368.125,458.875,2062.0,448.0,693.875,-10.875,693.9602158985773
1269.125,459.625,1964.0,450.0,694.875,-9.625,694.9416567237857
1405.625,461.875,2098.0,444.0,692.375,-17.875,692.6057004169111
1087.625,464.125,1781.0,452.0,693.375,-12.125,693.4810064089716
1472.375,464.875,2165.0,450.0,692.625,-14.875,692.7847113281297
1755.125,464.875,2445.0,455.0,689.875,-9.875,689.9456726801031
1464.125,467.875,2156.0,453.0,691.875,-14.875,692.0348844169635
1599.125,467.875,2291.0,455.0,691.875,-12.875,691.9947841205163
1386.125,468.625,2076.0,452.0,689.875,-16.625,690.0752902763581
1059.125,469.375,1751.0,457.0,691.875,-12.375,691.9856618818052
1410.875,469.375,2100.0,449.0,689.125,-20.375,689.4261427085573
1368.875,470.125,2061.0,453.0,692.125,-17.125,692.3368264436033
1506.875,470.125,2192.0,451.0,685.125,-19.125,685.3918815174279
1302.875,473.125,1996.0,462.0,693.125,-11.125,693.2142751343195
1410.125,473.125,2101.0,462.0,690.875,-11.125,690.9645658425619
1512.125,473.125,2201.0,458.0,688.875,-15.125,689.0410229079253
1524.875,473.125,2211.0,458.0,686.125,-15.125,686.291688169105
1508.375,473.875,2196.0,459.0,687.625,-14.875,687.7858723832585
1599.875,473.875,2288.0,464.0,688.125,-9.875,688.1958523923258
1586.375,475.375,2281.0,460.0,694.625,-15.375,694.7951361732464
1089.875,477.625,1781.0,468.0,691.125,-9.625,691.1920183639276
1190.375,478.375,1882.0,470.0,691.625,-8.375,691.6757052622277
1659.875,479.875,2354.0,469.0,694.125,-10.875,694.2101852105023
1335.125,482.125,2030.0,472.0,694.875,-10.125,694.9487616004507
1101.875,483.625,1794.0,470.0,692.125,-13.625,692.2590961843694
1269.125,485.125,1963.0,474.0,693.875,-11.125,693.9641786504545
1467.875,485.125,2156.0,465.0,688.125,-20.125,688.4192263802631
1680.875,485.125,2378.0,476.0,697.125,-9.125,697.1847181701561
1586.375,485.875,2282.0,476.0,695.625,-9.875,695.6950885625109
1104.125,487.375,1798.0,476.0,693.875,-11.375,693.9682314414688
1356.875,488.125,2049.0,472.0,692.125,-16.125,692.3128131487962
1344.125,488.875,2038.0,475.0,693.875,-13.875,694.0137111397728
1635.125,488.875,2329.0,480.0,693.875,-8.875,693.9317554702335
1460.375,492.625,2149.0,480.0,688.625,-12.625,688.7407213531084
1396.625,494.125,2088.0,477.0,691.375,-17.125,691.5870561614062
1674.125,494.125,2372.0,485.0,697.875,-9.125,697.9346539970629
1697.375,494.125,2391.0,482.0,693.625,-12.125,693.7309682074168
1455.125,494.875,2144.0,479.0,688.875,-15.875,689.0578939755353
1188.125,495.625,1881.0,488.0,692.875,-7.625,692.9169548005013
1464.125,496.375,2155.0,484.0,690.875,-12.375,690.9858220325508
1425.875,497.875,2119.0,481.0,693.125,-16.875,693.3303911195585
1563.125,497.875,2262.0,491.0,698.875,-6.875,698.9088146890122
1358.375,498.625,2054.0,487.0,695.625,-11.625,695.7221293375682
1650.875,498.625,2351.0,490.0,700.125,-8.625,700.1781246582901
1247.375,499.375,1935.0,490.0,687.625,-9.375,687.6889058651448
1447.625,499.375,2139.0,481.0,691.375,-18.375,691.6191374231919
1108.625,501.625,1805.0,492.0,696.375,-9.625,696.4415131581402
1167.875,501.625,1868.0,489.0,700.125,-12.625,700.2388208675666
1233.875,501.625,1923.0,495.0,689.125,-6.625,689.1568444483447
1505.375,501.625,2192.0,489.0,686.625,-12.625,686.7410583691643
1432.625,502.375,2124.0,483.0,691.375,-19.375,691.64642791675
1491.125,503.125,2175.0,489.0,683.875,-14.125,684.0208558589424
1675.625,504.625,2374.0,498.0,698.375,-6.625,698.406422686676
1240.625,505.375,1935.0,500.0,694.375,-5.375,694.3958030187107
1388.375,505.375,2079.0,490.0,690.625,-15.375,690.7961213339288
1524.875,507.625,2213.0,482.0,688.125,-25.625,688.6019577738651
1113.125,508.375,1807.0,497.0,693.875,-11.375,693.9682314414688
1036.625,509.125,1731.0,501.0,694.375,-8.125,694.4225343765854
1176.875,509.125,1869.0,502.0,692.125,-7.125,692.1616727687253
1539.125,509.125,2222.0,485.0,682.875,-24.125,683.3010180367069
1113.875,512.125,1808.0,502.0,694.125,-10.125,694.1988412911678
1570.625,512.125,2265.0,504.0,694.375,-8.125,694.4225343765854
1350.125,513.625,2048.0,508.0,697.875,-5.625,697.8976688956627
1182.875,515.125,1879.0,503.0,696.125,-12.125,696.2305877006554
1785.125,516.625,2475.0,500.0,689.875,-16.625,690.0752902763581
1500.875,517.375,2189.0,506.0,688.125,-11.375,688.2190103811431
1766.375,517.375,2463.0,508.0,696.625,-9.375,696.688080312847
1360.625,518.875,2056.0,510.0,695.375,-8.875,695.4316330524518
1509.875,519.625,2198.0,506.0,688.125,-13.625,688.2598755194145
1116.125,520.375,1810.0,508.0,693.875,-12.375,693.9853429648208
1246.625,521.875,1934.0,513.0,687.375,-8.875,687.4322921204677
1219.625,523.375,1914.0,517.0,694.375,-6.375,694.4042635597797
1350.125,524.875,2048.0,518.0,697.875,-6.875,697.9088631404533
1722.125,527.125,2417.0,514.0,694.875,-13.125,694.9989433445205
1254.875,527.875,1946.0,516.0,691.125,-11.875,691.2270113718068
1455.125,527.875,2149.0,517.0,693.875,-10.875,693.9602158985773
1785.125,527.875,2480.0,511.0,694.875,-16.875,695.0798740072971
1050.125,529.375,1743.0,519.0,692.875,-10.375,692.9526724459615
1581.125,529.375,2271.0,516.0,689.875,-13.375,690.004642194529
1175.375,530.125,1868.0,517.0,692.625,-13.125,692.749345903697
1305.125,530.125,1999.0,524.0,693.875,-6.125,693.9020328908109
1421.375,530.875,2115.0,520.0,693.625,-10.875,693.7102466087697
1436.375,533.125,2131.0,525.0,694.625,-8.125,694.6725172698284
1127.375,535.375,1820.0,523.0,692.625,-12.375,692.7355420721533
1460.375,536.125,2156.0,531.0,695.625,-5.125,695.643878899254
1755.875,537.625,2450.0,523.0,694.125,-14.625,694.2790550275876
1782.875,537.625,2479.0,526.0,696.125,-11.625,696.222059583004
1773.875,538.375,2468.0,529.0,694.125,-9.375,694.1883074858002
1179.125,539.875,1870.0,530.0,690.875,-9.875,690.9455703961058
1289.375,540.625,1986.0,529.0,696.625,-11.625,696.721989928551
1547.375,540.625,2239.0,533.0,691.625,-7.625,691.6670306223942
1471.625,541.375,2166.0,533.0,694.375,-8.375,694.4255044639417
1530.125,541.375,2215.0,525.0,684.875,-16.375,685.0707308373347
1758.875,541.375,2454.0,534.0,695.125,-7.375,695.1641218086561
1233.875,542.125,1929.0,533.0,695.125,-9.125,695.1848899753217
1451.375,542.125,2147.0,530.0,695.625,-12.125,695.7306635832576
1044.875,543.625,1737.0,531.0,692.125,-12.625,692.240136260532
1167.875,543.625,1865.0,527.0,697.125,-16.625,697.3232078813955
1179.875,543.625,1875.0,532.0,695.125,-11.625,695.2221991924596
1065.125,544.375,1760.0,532.0,694.875,-12.375,694.9851841945984
1442.375,544.375,2132.0,530.0,689.625,-14.375,689.7748047370243
1517.375,544.375,2208.0,539.0,690.625,-5.375,690.6459159728666
1761.125,545.125,2456.0,540.0,694.875,-5.125,694.8938992752778
1299.125,546.625,1990.0,540.0,690.875,-6.625,690.9067637894422
1391.375,546.625,2085.0,535.0,693.625,-11.625,693.722409361266
1522.625,547.375,2217.0,540.0,694.375,-7.375,694.4141640620531
1585.625,547.375,2280.0,537.0,694.375,-10.375,694.4525046754458
1485.875,548.125,2182.0,542.0,696.125,-6.125,696.15194551908
1437.125,548.875,2126.0,539.0,688.875,-9.875,688.9457752610143
1501.625,551.125,2200.0,545.0,698.375,-6.125,698.4018587102987
1029.875,551.875,1721.0,540.0,691.125,-11.875,691.2270113718068
1544.375,551.875,2229.0,543.0,684.625,-8.875,684.6825222320196
1443.875,554.125,2143.0,547.0,699.125,-7.125,699.1613056012181
1347.125,555.625,2044.0,551.0,696.875,-4.625,696.8903473646338
1286.375,559.375,1983.0,550.0,696.625,-9.375,696.688080312847
1578.875,560.875,2283.0,551.0,704.125,-9.875,704.1942425566968
1496.375,562.375,2191.0,553.0,694.625,-9.375,694.6882619204099
1202.375,563.125,1898.0,548.0,695.625,-15.125,695.789412286505
1187.375,563.875,1885.0,552.0,697.625,-11.875,697.7260610368513
1520.375,564.625,2216.0,554.0,695.625,-10.625,695.7061385743265
1541.375,565.375,2235.0,555.0,693.625,-10.375,693.7025884700157
1302.875,566.875,1994.0,555.0,691.125,-11.875,691.2270113718068
1278.875,567.625,1972.0,558.0,693.125,-9.625,693.1918250022861
1572.125,569.125,2265.0,554.0,692.875,-15.125,693.0400646788034
1777.625,569.875,2473.0,554.0,695.375,-15.875,695.5561848262151
1104.125,570.625,1800.0,559.0,695.875,-11.625,695.9720944477588
1174.625,570.625,1867.0,558.0,692.375,-12.625,692.4900946945017
1193.375,571.375,1889.0,562.0,695.625,-9.375,695.6881709861107
1276.625,571.375,1972.0,564.0,695.375,-7.375,695.4141077444432
1765.625,572.125,2461.0,561.0,695.375,-11.125,695.4639863069834
1218.875,573.625,1914.0,567.0,695.125,-6.625,695.1565695942173
1405.625,574.375,2102.0,566.0,696.375,-8.375,696.4253594248274
1546.625,574.375,2238.0,569.0,691.375,-5.375,691.3958932840143
1580.375,575.125,2274.0,567.0,693.625,-8.125,693.6725857708376
1584.125,575.875,2279.0,567.0,694.875,-8.875,694.9316737996621
1518.125,577.375,2216.0,566.0,697.875,-11.375,697.9676971393448
1745.375,577.375,2439.0,563.0,693.625,-14.375,693.7739410283439
1299.875,578.125,1995.0,567.0,695.125,-11.125,695.2140183065932
1514.375,578.125,2205.0,561.0,690.625,-17.125,690.837286377914
1563.875,578.875,2260.0,571.0,696.125,-7.875,696.1695420298133
1198.625,582.625,1894.0,573.0,695.375,-9.625,695.4416087997612
1760.375,582.625,2458.0,574.0,697.625,-8.625,697.6783150206118
1302.875,584.125,1998.0,575.0,695.125,-9.125,695.1848899753217
1506.125,586.375,2199.0,576.0,692.875,-10.375,692.9526724459615
1407.125,587.875,2099.0,577.0,691.875,-10.875,691.960462201418
1491.125,587.875,2186.0,574.0,694.875,-13.875,695.0135115593077
1746.125,588.625,2444.0,577.0,697.875,-11.625,697.9718162289936
1103.375,590.875,1797.0,579.0,693.625,-11.875,693.7266437509807
1099.625,591.625,1792.0,580.0,692.375,-11.625,692.4725851974214
1339.625,597.625,2033.0,589.0,693.375,-8.625,693.4286417865936
1737.875,597.625,2427.0,587.0,689.125,-10.625,689.2069038032048
1288.625,598.375,1982.0,586.0,693.375,-12.375,693.4854225216274
1446.875,599.125,2141.0,590.0,694.125,-9.125,694.1849762491263
1200.125,602.125,1895.0,591.0,694.875,-11.125,694.9640503292238
1527.125,603.625,2220.0,589.0,692.875,-14.625,693.0293328929158
1260.125,604.375,1955.0,593.0,694.875,-11.375,694.9680972893648
1294.625,605.125,1990.0,593.0,695.375,-12.125,695.4807015654712
1332.875,605.875,2028.0,596.0,695.125,-9.875,695.1951389717854
1342.625,607.375,2037.0,596.0,694.375,-11.375,694.4681643171269
1563.125,607.375,2259.0,598.0,695.875,-9.375,695.9381482933667
1074.125,608.875,1765.0,592.0,690.875,-16.875,691.0810598258355
1470.125,611.125,2155.0,594.0,684.875,-17.125,685.0890681145044
1623.125,611.125,2317.0,600.0,693.875,-11.125,693.9641786504545
1509.875,611.875,2203.0,603.0,693.125,-8.875,693.1818168777943
1332.875,613.375,2028.0,607.0,695.125,-6.375,695.1542319874058
1449.875,614.125,2138.0,601.0,688.125,-13.125,688.2501589175262
1417.625,615.625,2110.0,600.0,692.375,-15.625,692.551284202116
1491.875,615.625,2192.0,601.0,700.125,-14.625,700.2777350808749
1453.625,616.375,2150.0,604.0,696.375,-12.375,696.4849468940445
1353.125,617.125,2045.0,602.0,691.875,-15.125,692.0403031977256
1564.625,617.875,2261.0,609.0,696.375,-8.875,696.4315517335498
1125.125,619.375,1820.0,607.0,694.875,-12.375,694.9851841945984
1239.125,621.625,1933.0,612.0,693.875,-9.625,693.9417527790066
1243.625,621.625,1939.0,613.0,695.375,-8.625,695.428487516869
1603.625,622.375,2298.0,612.0,694.375,-10.375,694.4525046754458
1074.125,623.125,1768.0,612.0,693.875,-11.125,693.9641786504545
1256.375,623.125,1952.0,618.0,695.625,-5.125,695.643878899254
1298.375,623.875,1993.0,615.0,694.625,-8.875,694.6816941952624
1623.125,625.375,2322.0,610.0,698.875,-15.375,699.0441017918683
1341.875,626.125,2034.0,615.0,692.125,-11.125,692.214404104682
1459.625,627.625,2159.0,613.0,699.375,-14.625,699.527898836065
1507.625,627.625,2206.0,616.0,698.375,-11.625,698.4717469232381
1239.875,629.125,1930.0,619.0,690.125,-10.125,690.1992692331686
1540.625,632.125,2232.0,617.0,691.375,-15.125,691.5404227158381
1224.125,633.625,1918.0,624.0,693.875,-9.625,693.9417527790066
1525.625,635.875,2213.0,626.0,687.375,-9.875,687.4459296919285
1290.125,636.625,1988.0,623.0,697.875,-13.625,698.0079915373462
1391.375,639.625,2086.0,627.0,694.625,-12.625,694.739721946284
1437.125,641.125,2136.0,629.0,698.875,-12.125,698.9801722867395
1579.625,641.125,2272.0,628.0,692.375,-13.125,692.4993907939559
1404.875,641.875,2097.0,628.0,692.125,-13.875,692.2640617928971
1545.875,643.375,2240.0,627.0,694.125,-16.375,694.3181232331474
1057.625,647.125,1753.0,637.0,695.375,-10.125,695.4487085687916
1579.625,648.625,2281.0,637.0,701.375,-11.625,701.4713331633731
1260.875,652.375,1954.0,638.0,693.125,-14.375,693.2740484469327
1418.375,652.375,2112.0,640.0,693.625,-12.375,693.7353827288904
1286.375,653.125,1982.0,644.0,695.625,-9.125,695.6848469314249
1512.875,653.875,2211.0,640.0,698.125,-13.875,698.2628668703499
1642.625,656.875,2357.0,647.0,714.375,-9.875,714.4432491457947
1159.625,658.375,1854.0,650.0,694.375,-8.375,694.4255044639417
1332.875,660.625,2028.0,650.0,695.125,-10.625,695.2061969300906
1369.625,662.125,2064.0,650.0,694.375,-12.125,694.4808537677623
1547.375,662.125,2241.0,645.0,693.625,-17.125,693.8363684976451
1355.375,662.875,2047.0,649.0,691.625,-13.875,691.7641623053337
1053.875,663.625,1750.0,648.0,696.125,-15.625,696.3003348053195
1150.625,664.375,1845.0,658.0,694.375,-6.375,694.4042635597797
1554.875,665.125,2246.0,645.0,691.125,-20.125,691.4179497597672
1266.875,665.875,1960.0,655.0,693.125,-10.875,693.2103080956024
1461.875,665.875,2157.0,654.0,695.125,-11.875,695.2264244474601
1599.875,665.875,2298.0,646.0,698.125,-19.875,698.4078545162562
1182.125,666.625,1880.0,656.0,697.875,-10.625,697.9558770079954
1606.625,666.625,2301.0,655.0,694.375,-11.625,694.4723041633841
1382.375,668.125,2074.0,653.0,691.625,-15.125,691.7903629351886
1440.875,668.125,2138.0,657.0,697.125,-11.125,697.213762952224
1050.875,671.125,1746.0,658.0,695.125,-13.125,695.2488987765461
1101.125,671.875,1796.0,658.0,694.875,-13.875,695.0135115593077
1362.875,671.875,2058.0,659.0,695.125,-12.875,695.2442241759367
1244.375,672.625,1940.0,663.0,695.625,-9.625,695.6915848635801
1549.625,675.625,2251.0,668.0,701.375,-7.625,701.4164463783267
1590.875,677.125,2288.0,660.0,697.125,-17.125,697.3353076175048
1671.125,677.125,2376.0,658.0,704.875,-19.125,705.1344065141056
1083.875,677.875,1784.0,664.0,700.125,-13.875,700.2624731127607
1507.625,677.875,2209.0,664.0,701.375,-13.875,701.5122281542924
1104.125,678.625,1799.0,668.0,694.875,-10.625,694.9562261394598
1341.875,678.625,2033.0,668.0,691.125,-10.625,691.2066668153599
1162.625,679.375,1856.0,671.0,693.375,-8.375,693.4255772972324
1197.125,680.125,1892.0,667.0,694.875,-13.125,694.9989433445205
1289.375,680.875,1985.0,669.0,695.625,-11.875,695.7263515564148
1392.875,680.875,2086.0,668.0,693.125,-12.875,693.2445681359501
1404.125,681.625,2100.0,666.0,695.875,-15.625,696.0503977802182
1473.125,684.625,2169.0,674.0,695.875,-10.625,695.9561094278863
1359.125,686.125,2056.0,672.0,696.875,-14.125,697.0181355244639
1613.375,686.125,2299.0,667.0,685.625,-19.125,685.8916869666814
1447.625,688.375,2140.0,679.0,692.375,-9.375,692.4384674828515
1301.375,689.125,1997.0,681.0,695.625,-8.125,695.6724489657471
1350.875,689.125,2045.0,675.0,694.125,-14.125,694.268702484852
1458.875,689.125,2156.0,682.0,697.125,-7.125,697.1614097538676
1132.625,689.875,1831.0,677.0,698.375,-12.875,698.4936694416064
1406.375,689.875,2100.0,681.0,693.625,-8.875,693.681775924667
1128.875,692.125,1826.0,681.0,697.125,-11.125,697.213762952224
1530.125,692.125,2228.0,678.0,697.875,-14.125,698.0179304645404
1629.875,692.125,2331.0,677.0,701.125,-15.125,701.2881228496601
1125.125,692.875,1822.0,686.0,696.875,-6.875,696.9089117309378
1230.875,692.875,1919.0,680.0,688.125,-12.875,688.2454367810948
1313.375,692.875,2009.0,681.0,695.625,-11.875,695.7263515564148
1458.875,692.875,2151.0,680.0,692.125,-12.875,692.2447408612072
1405.625,693.625,2101.0,686.0,695.375,-7.625,695.4168039744222
1137.875,695.125,1831.0,682.0,693.125,-13.125,693.2492562203006
1362.125,697.375,2057.0,687.0,694.875,-10.375,694.9524489128735
1407.875,697.375,2107.0,685.0,699.125,-12.375,699.2345144870925
1533.125,697.375,2226.0,689.0,692.875,-8.375,692.9256137927072
1371.875,698.125,2066.0,683.0,694.125,-15.125,694.2897674962522
1481.375,698.125,2174.0,684.0,692.625,-14.125,692.7690136329713
1491.125,698.125,2186.0,685.0,694.875,-13.125,694.9989433445205
1149.125,698.875,1846.0,688.0,696.875,-10.875,696.9598490946232
1465.625,698.875,2156.0,687.0,690.375,-11.875,690.4771221771218
1575.125,698.875,2265.0,684.0,689.875,-14.875,690.0353478264718
1269.875,700.375,1964.0,691.0,694.125,-9.375,694.1883074858002
1053.875,701.125,1752.0,691.0,698.125,-10.125,698.1984182522903
1381.625,701.125,2075.0,687.0,693.375,-14.125,693.5188578906849
1425.125,701.125,2120.0,689.0,694.875,-12.125,694.9807776118704
1310.375,701.875,2003.0,690.0,692.625,-11.875,692.7267904809225
1480.625,701.875,2175.0,692.0,694.375,-9.875,694.4452147217951
1035.125,702.625,1730.0,695.0,694.875,-7.625,694.9168340528239
1401.125,703.375,2102.0,691.0,700.875,-12.375,700.9842410853471
1419.125,703.375,2114.0,696.0,694.875,-7.375,694.914135882988
1257.125,704.875,1952.0,695.0,694.875,-9.875,694.9451642036227
1271.375,708.625,1970.0,703.0,698.625,-5.625,698.6476445605467
1371.125,711.625,2071.0,700.0,699.875,-11.625,699.971539600004
1533.125,712.375,2228.0,703.0,694.875,-9.375,694.9382391623014
1377.875,713.125,2078.0,703.0,700.125,-10.125,700.1982085452661
1397.375,716.125,2095.0,708.0,697.625,-8.125,697.6723129449814
1122.875,718.375,1818.0,704.0,695.125,-14.375,695.2736196994676
1306.625,718.375,1999.0,704.0,692.375,-14.375,692.524209865619
1529.375,718.375,2219.0,703.0,689.625,-15.375,689.7963694091177
1487.375,719.125,2182.0,707.0,694.625,-12.125,694.730815676115
1575.125,719.125,2274.0,713.0,698.875,-6.125,698.9018394953615
1591.625,719.125,2284.0,711.0,692.375,-8.125,692.4226716753286
1603.625,719.875,2300.0,713.0,696.375,-6.875,696.4089360785084
1275.875,720.625,1971.0,713.0,695.125,-7.625,695.1668190082147
1157.375,722.125,1851.0,711.0,693.625,-11.125,693.7142107885638
1319.375,722.125,2014.0,711.0,694.625,-11.125,694.7140823749005
1107.125,723.625,1798.0,708.0,690.875,-15.625,691.0516668455406
1641.875,723.625,2339.0,707.0,697.125,-16.625,697.3232078813955
1456.625,727.375,2152.0,715.0,695.375,-12.375,695.485104980689
1464.875,727.375,2161.0,717.0,696.125,-10.375,696.2023098568404
1268.375,729.625,1963.0,717.0,694.625,-12.625,694.739721946284
1264.625,730.375,1958.0,719.0,693.375,-11.375,693.4682986625993
1527.125,730.375,2227.0,715.0,699.875,-15.375,700.0438602330571
1228.625,731.125,1921.0,720.0,692.375,-11.125,692.464371827172
1320.125,731.125,2016.0,720.0,695.875,-11.125,695.9639223767279
1407.125,731.125,2104.0,726.0,696.875,-5.125,696.8938450366742
1477.625,732.625,2174.0,725.0,696.375,-7.625,696.4167439471856
1621.625,732.625,2313.0,718.0,691.375,-14.625,691.5296676571439
1422.875,733.375,2118.0,728.0,695.125,-5.375,695.1457805741181
1557.125,733.375,2248.0,718.0,690.875,-15.375,691.0460594273004
1452.875,734.875,2150.0,725.0,697.125,-9.875,697.1949377684838
1589.375,736.375,2283.0,726.0,693.625,-10.375,693.7025884700157
1338.875,737.125,2030.0,722.0,691.125,-15.125,691.2904825397208
1519.625,737.125,2208.0,727.0,688.375,-10.125,688.4494580214295
1608.875,738.625,2305.0,728.0,696.125,-10.625,696.2060803023771
1104.125,739.375,1798.0,729.0,693.875,-10.375,693.9525605183686
1219.625,739.375,1915.0,727.0,695.375,-12.375,695.485104980689
1074.875,740.125,1757.0,727.0,682.125,-13.125,682.2512596177452
1581.875,740.125,2276.0,735.0,694.125,-5.125,694.1439196953323
1463.375,740.875,2160.0,728.0,696.625,-12.875,696.7439675016929
1285.625,743.125,1981.0,732.0,695.375,-11.125,695.4639863069834
1443.875,743.875,2140.0,734.0,696.125,-9.875,696.1950382256398
1232.375,745.375,1936.0,740.0,703.625,-5.375,703.6455295459497
1142.375,746.125,1839.0,738.0,696.625,-8.125,696.6723808577458
1374.125,746.875,2071.0,737.0,696.875,-9.875,696.944962855748
1063.625,747.625,1763.0,735.0,699.375,-12.625,699.488942907606
1147.625,747.625,1844.0,735.0,696.375,-12.625,696.4894336958745
1500.875,747.625,2199.0,741.0,698.125,-6.625,698.1564339386983
1392.875,748.375,2089.0,743.0,696.125,-5.375,696.1457507232232
1518.125,749.125,2213.0,738.0,694.875,-11.125,694.9640503292238
1629.875,750.625,2318.0,733.0,688.125,-17.625,688.3506782520084
1536.875,751.375,2234.0,741.0,697.125,-10.375,697.2021989710015
1452.875,752.125,2151.0,745.0,698.125,-7.125,698.1613576029541
1365.125,752.875,2059.0,744.0,693.875,-8.875,693.9317554702335
1661.375,752.875,2357.0,732.0,695.625,-20.875,695.9381482933667
1096.625,755.125,1784.0,742.0,687.375,-13.125,687.5002954544819
1574.375,755.875,2265.0,747.0,690.625,-8.875,690.6820225328006
1178.375,756.625,1873.0,749.0,694.625,-7.625,694.6668491082614
1590.125,756.625,2290.0,737.0,699.875,-19.625,700.1500955152402
1551.875,757.375,2248.0,748.0,696.125,-9.375,696.1881256169197
1394.375,758.125,2089.0,748.0,694.625,-10.125,694.6987881449053
1207.625,758.875,1904.0,749.0,696.375,-9.875,696.4450130843067
1171.625,759.625,1864.0,749.0,692.375,-10.625,692.4565193930952
1079.375,760.375,1772.0,748.0,692.625,-12.375,692.7355420721533
1137.875,760.375,1832.0,751.0,694.125,-9.375,694.1883074858002
1432.625,760.375,2125.0,751.0,692.375,-9.375,692.4384674828515
1631.375,760.375,2322.0,742.0,690.625,-18.375,690.8694024560648
1443.875,761.125,2139.0,750.0,695.125,-11.125,695.2140183065932
1593.125,761.125,2293.0,744.0,699.875,-17.125,700.0844815091962
1863.625,306.625,2526.0,372.0,662.375,65.375,665.5933677929792
1592.125,338.875,2289.0,374.0,696.875,35.125,697.7596514918299
1727.125,350.125,2423.0,365.0,695.875,14.875,696.0339655864503
1596.625,374.125,2287.0,392.0,690.375,17.875,690.6063685269634
1667.125,378.625,2363.0,386.0,695.875,7.375,695.9140796463311
1694.125,380.875,2382.0,385.0,687.875,4.125,687.8873681424889
1715.875,384.625,2408.0,388.0,692.125,3.375,692.133228685056
1660.375,389.125,2353.0,393.0,692.625,3.875,692.6358395650632
1710.625,398.875,2405.0,401.0,694.375,2.125,694.3782515675445
1821.625,401.875,2513.0,392.0,691.375,-9.875,691.4455193650473
1921.375,401.875,2616.0,388.0,694.625,-13.875,694.7635614005674
1806.625,402.625,2502.0,398.0,695.375,-4.625,695.3903804698481
1940.125,404.875,2636.0,397.0,695.875,-7.875,695.9195580309552
1832.125,405.625,2523.0,396.0,690.875,-9.625,690.9420426128374
1846.375,410.125,2541.0,394.0,694.625,-16.125,694.8121373795941
1701.625,411.625,2395.0,414.0,693.375,2.375,693.379067502041
1719.625,411.625,2415.0,408.0,695.375,-3.625,695.3844485246992
1958.125,413.875,2652.0,401.0,693.875,-12.875,693.9944389186414
2101.375,416.875,2795.0,412.0,693.625,-4.875,693.6421312535738
1555.375,418.375,2254.0,424.0,698.625,5.625,698.6476445605467
1814.125,419.125,2506.0,410.0,691.875,-9.125,691.9351712769051
1658.875,419.875,2348.0,437.0,689.125,17.125,689.3377483135534
1974.625,419.875,2669.0,408.0,694.375,-11.875,694.4765339808106
1826.125,420.625,2523.0,406.0,696.875,-14.625,697.0284472315316
1837.375,421.375,2534.0,407.0,696.625,-14.375,696.7732997539443
1949.125,421.375,2645.0,413.0,695.875,-8.375,695.9253956064543
1783.375,425.875,2479.0,416.0,695.625,-9.875,695.6950885625109
1724.125,427.375,2420.0,417.0,695.875,-10.375,695.9523376280879
1881.625,427.375,2580.0,413.0,698.375,-14.375,698.5229282206848
1708.375,429.625,2399.0,423.0,690.625,-6.625,690.6567752871175
1942.375,431.125,2638.0,423.0,695.625,-8.125,695.6724489657471
1592.125,431.875,2283.0,422.0,690.875,-9.875,690.9455703961058
1744.375,431.875,2440.0,425.0,695.625,-6.875,695.6589726654864
1854.625,431.875,2550.0,416.0,695.375,-15.875,695.5561848262151
1934.875,434.125,2629.0,421.0,694.125,-13.125,694.2490772410144
2243.125,434.125,2935.0,426.0,691.875,-8.125,691.9227061240294
1573.375,434.875,2268.0,429.0,694.625,-5.875,694.6498443460562
1701.625,437.875,2397.0,434.0,695.375,-3.875,695.3857966984946
1712.875,437.875,2407.0,430.0,694.125,-7.875,694.1696703616487
1931.875,437.875,2628.0,426.0,696.125,-11.875,696.2262787700562
2231.125,437.875,2922.0,435.0,690.875,-2.875,690.8809819715694
1846.375,438.625,2541.0,422.0,694.625,-16.625,694.8239210404316
1940.125,439.375,2633.0,430.0,692.875,-9.375,692.938421686949
1805.125,440.875,2500.0,425.0,694.875,-15.875,695.056315164462
2214.625,442.375,2909.0,434.0,694.375,-8.375,694.4255044639417
2027.875,443.125,2724.0,432.0,696.125,-11.125,696.2138904460325
1710.625,443.875,2409.0,441.0,698.375,-2.875,698.3809177304317
1748.125,443.875,2443.0,434.0,694.875,-9.875,694.9451642036227
2124.625,452.125,2820.0,442.0,695.375,-10.125,695.4487085687916
1637.125,453.625,2331.0,443.0,693.875,-10.625,693.9563431873795
2217.625,454.375,2914.0,445.0,696.375,-9.375,696.4381029567523
1739.125,455.125,2438.0,446.0,698.875,-9.125,698.934568647166
2206.375,455.125,2902.0,443.0,695.625,-12.125,695.7306635832576
1728.625,455.875,2425.0,446.0,696.375,-9.875,696.4450130843067
2111.125,455.875,2805.0,443.0,693.875,-12.875,693.9944389186414
2033.125,456.625,2726.0,446.0,692.875,-10.625,692.9564605731013
2272.375,456.625,2968.0,446.0,695.625,-10.625,695.7061385743265
1648.375,457.375,2342.0,449.0,693.625,-8.375,693.6755590692237
2036.875,457.375,2732.0,445.0,695.125,-12.375,695.2351445734026
2148.625,457.375,2846.0,444.0,697.375,-13.375,697.503248200322
2105.875,458.875,2800.0,447.0,694.125,-11.875,694.2265705445161
1715.875,459.625,2411.0,452.0,695.125,-7.625,695.1668190082147
1974.625,461.125,2669.0,451.0,694.375,-10.125,694.4488147084708
1694.875,461.875,2386.0,454.0,691.125,-7.875,691.1698642519074
1952.875,461.875,2647.0,457.0,694.125,-4.875,694.1421189136992
2114.125,461.875,2808.0,451.0,693.875,-10.875,693.9602158985773
1585.375,464.125,2281.0,460.0,695.625,-4.125,695.6372303507052
2180.125,464.875,2876.0,455.0,695.875,-9.875,695.9450633850347
1934.875,465.625,2631.0,456.0,696.125,-9.625,696.1915370427882
1599.625,467.875,2291.0,455.0,691.375,-12.875,691.4948707329651
2288.875,467.875,2983.0,461.0,694.125,-6.875,694.1590460766178
1698.625,468.625,2396.0,459.0,697.375,-9.625,697.4414177907704
1853.875,468.625,2546.0,457.0,692.125,-11.625,692.2226204408521
1966.375,470.125,2661.0,461.0,694.625,-9.125,694.6849330811774
1790.125,470.875,2486.0,460.0,695.875,-10.875,695.9599710112644
1652.875,473.875,2346.0,464.0,693.125,-9.875,693.1953413360479
2261.875,473.875,2956.0,465.0,694.125,-8.875,694.1817350305322
1589.875,474.625,2288.0,464.0,698.125,-10.625,698.2058480491265
1817.125,476.125,2514.0,466.0,696.875,-10.125,696.9485499303374
1838.875,477.625,2535.0,468.0,696.125,-9.625,696.1915370427882
2137.375,477.625,2831.0,465.0,693.625,-12.625,693.7398873136818
1947.625,478.375,2640.0,462.0,692.375,-16.375,692.5686112220218
1595.125,479.875,2290.0,470.0,694.875,-9.875,694.9451642036227
1917.625,480.625,2612.0,466.0,694.375,-14.625,694.5289995745318
2018.875,480.625,2713.0,470.0,694.125,-10.625,694.2063138937876
2275.375,481.375,2972.0,472.0,696.625,-9.375,696.688080312847
1819.375,482.125,2513.0,471.0,693.625,-11.125,693.7142107885638
1852.375,482.125,2548.0,475.0,695.625,-7.125,695.6614882613526
2011.375,482.125,2708.0,468.0,696.625,-14.125,696.7681868814046
2218.375,482.125,2914.0,469.0,695.625,-13.125,695.748809736675
2003.125,482.875,2700.0,474.0,696.875,-8.875,696.9315111616062
2015.125,482.875,2708.0,473.0,692.875,-9.875,692.9453667137115
2077.375,484.375,2774.0,471.0,696.625,-13.375,696.753386249396
1586.125,485.125,2282.0,476.0,695.875,-9.125,695.9348254326694
1681.375,485.125,2378.0,476.0,696.625,-9.125,696.684761028975
1830.625,485.125,2526.0,474.0,695.375,-11.125,695.4639863069834
1838.875,485.125,2537.0,477.0,698.125,-8.125,698.1722790615509
1889.125,485.125,2583.0,477.0,693.875,-8.125,693.9225686270768
1971.625,485.125,2668.0,478.0,696.375,-7.125,696.4114489653368
2282.875,485.125,2982.0,476.0,699.125,-9.125,699.1845473478372
2127.625,485.875,2822.0,471.0,694.375,-14.875,694.5343089077745
1935.625,486.625,2630.0,475.0,694.375,-11.625,694.4723041633841
1643.125,487.375,2336.0,474.0,692.875,-13.375,693.0040809764398
1596.625,488.125,2287.0,476.0,690.375,-12.125,690.4814669851755
1934.125,491.875,2630.0,484.0,695.875,-7.875,695.9195580309552
2204.125,491.875,2899.0,484.0,694.875,-7.875,694.9196221506485
1673.875,493.375,2372.0,485.0,698.125,-8.375,698.1752331972253
1697.125,493.375,2391.0,482.0,693.875,-11.375,693.9682314414688
2129.125,493.375,2825.0,481.0,695.875,-12.375,695.985025880586
2093.125,495.625,2791.0,481.0,697.875,-14.625,698.0282274020155
1727.875,496.375,2422.0,482.0,694.125,-14.375,694.2738337644593
1865.875,496.375,2563.0,485.0,697.125,-11.375,697.217796854039
1907.875,496.375,2607.0,484.0,699.125,-12.375,699.2345144870925
2270.125,497.125,2971.0,487.0,700.875,-10.125,700.9481302136414
1650.625,498.625,2351.0,490.0,700.375,-8.625,700.4281056967945
1888.375,499.375,2581.0,488.0,692.625,-11.375,692.718399676232
2114.125,499.375,2806.0,491.0,691.875,-8.375,691.9256869418854
2141.875,500.125,2839.0,489.0,697.125,-11.125,697.213762952224
1856.125,500.875,2551.0,489.0,694.875,-11.875,694.976460932311
2127.625,500.875,2824.0,492.0,696.375,-8.875,696.4315517335498
1718.125,501.625,2416.0,493.0,697.875,-8.625,697.9282959230125
1863.625,503.875,2557.0,491.0,693.375,-12.875,693.494525032462
2284.375,503.875,2980.0,490.0,695.625,-13.875,695.7633622504134
1640.875,504.625,2333.0,491.0,692.125,-13.625,692.2590961843694
1700.875,504.625,2395.0,492.0,694.125,-12.625,694.2398045704381
2096.125,504.625,2790.0,490.0,693.875,-14.625,694.029110520589
2218.375,504.625,2915.0,489.0,696.625,-15.625,696.8002089910708
1676.875,505.375,2370.0,493.0,693.125,-12.375,693.2354623430627
1798.375,505.375,2494.0,493.0,695.625,-12.375,695.735065416427
1899.625,505.375,2594.0,495.0,694.375,-10.375,694.4525046754458
1951.375,506.125,2645.0,498.0,693.625,-8.125,693.6725857708376
1879.375,506.875,2574.0,497.0,694.625,-9.875,694.6951894536193
1888.375,508.375,2581.0,499.0,692.625,-9.375,692.6884445766365
1919.125,508.375,2612.0,498.0,692.875,-10.375,692.9526724459615
1677.625,509.875,2374.0,498.0,696.375,-11.875,696.476242416064
1697.875,510.625,2393.0,502.0,695.125,-8.625,695.1785067520428
1711.375,511.375,2406.0,497.0,694.625,-14.375,694.7737266549449
1571.125,512.125,2265.0,504.0,693.875,-8.125,693.9225686270768
2145.625,512.875,2840.0,502.0,694.375,-10.875,694.4601545445211
1677.625,513.625,2374.0,504.0,696.375,-9.625,696.4415131581402
2134.375,515.875,2830.0,505.0,695.625,-10.875,695.710001545184
1766.125,517.375,2463.0,508.0,696.875,-9.375,696.9380576851862
1893.625,518.125,2592.0,508.0,698.375,-10.125,698.4483919732367
2117.125,519.625,2810.0,505.0,692.875,-14.625,693.0293328929158
2227.375,519.625,2923.0,511.0,695.625,-8.625,695.6784682955195
1653.625,523.375,2348.0,512.0,694.375,-11.375,694.4681643171269
1667.875,525.625,2362.0,517.0,694.125,-8.625,694.178583831279
1556.875,526.375,2251.0,520.0,694.125,-6.375,694.1542740990651
2246.875,526.375,2943.0,515.0,696.125,-11.375,696.2179301411304
2146.375,530.125,2843.0,517.0,696.625,-13.125,696.748632040279
2271.625,530.125,2968.0,518.0,696.375,-12.125,696.480549800208
1715.125,530.875,2410.0,523.0,694.875,-7.875,694.9196221506485
1835.875,533.125,2535.0,520.0,699.125,-13.125,699.2481900226843
2135.125,533.125,2830.0,520.0,694.875,-13.125,694.9989433445205
1754.875,534.625,2450.0,523.0,695.125,-11.625,695.2221991924596
2204.125,534.625,2899.0,522.0,694.875,-12.625,694.9896806787854
1658.875,536.125,2354.0,526.0,695.125,-10.125,695.1987350750862
1954.375,536.875,2654.0,525.0,699.625,-11.875,699.7257721779297
2129.125,536.875,2823.0,525.0,693.875,-11.875,693.9766071345633
1782.625,537.625,2479.0,526.0,696.375,-11.625,696.4720247432771
1773.625,538.375,2468.0,529.0,694.375,-9.375,694.4382846949036
1958.875,538.375,2654.0,530.0,695.125,-8.375,695.175449976479
1963.375,538.375,2659.0,528.0,695.625,-10.375,695.7023654192934
1975.375,539.125,2674.0,532.0,698.625,-7.125,698.661331583479
2007.625,539.125,2702.0,527.0,694.375,-12.125,694.4808537677623
1547.875,540.625,2239.0,533.0,691.125,-7.625,691.1670610279399
1954.375,540.625,2648.0,531.0,693.625,-9.625,693.6917768360815
1811.125,541.375,2509.0,530.0,697.875,-11.375,697.9676971393448
2136.625,541.375,2835.0,529.0,698.375,-12.375,698.4846320786163
2036.875,542.125,2732.0,531.0,695.125,-11.125,695.2140183065932
1759.375,543.625,2454.0,534.0,694.625,-9.625,694.6916807116665
2054.125,543.625,2750.0,529.0,695.875,-14.625,696.0286676926461
2297.125,544.375,2993.0,535.0,695.875,-9.375,695.9381482933667
1586.125,547.375,2280.0,537.0,693.875,-10.375,693.9525605183686
1760.875,547.375,2456.0,540.0,695.125,-7.375,695.1641218086561
1730.125,548.875,2427.0,539.0,696.875,-9.875,696.944962855748
1775.125,550.375,2473.0,542.0,697.875,-8.375,697.9252511909854
2025.625,551.125,2722.0,543.0,696.375,-8.125,696.4223978664098
2123.875,551.875,2821.0,540.0,697.125,-11.875,697.2261335104989
1544.125,552.625,2229.0,543.0,684.875,-9.625,684.9426298968403
1901.125,552.625,2598.0,543.0,696.875,-9.625,696.9414654402477
1793.875,555.625,2490.0,546.0,696.125,-9.625,696.1915370427882
1938.625,555.625,2635.0,544.0,696.375,-11.625,696.4720247432771
1980.625,555.625,2676.0,550.0,695.375,-5.625,695.3977503918171
1973.125,556.375,2669.0,545.0,695.875,-11.375,695.9679635227473
1663.375,557.125,2353.0,548.0,689.625,-9.125,689.6853675771293
2281.375,557.125,2977.0,548.0,695.625,-9.125,695.6848469314249
1802.875,560.125,2500.0,550.0,697.125,-10.125,697.1985235569565
1958.125,560.875,2654.0,548.0,695.875,-12.875,695.994095700531
1712.875,561.625,2407.0,555.0,694.125,-6.625,694.1566150732845
1997.125,561.625,2692.0,553.0,694.875,-8.625,694.9285260010557
2262.625,561.625,2957.0,551.0,694.375,-10.625,694.4562846212856
2049.625,563.125,2747.0,552.0,697.375,-11.125,697.4637311358921
1742.875,563.875,2436.0,549.0,693.125,-14.875,693.284596143604
2222.125,563.875,2918.0,552.0,695.875,-11.875,695.9763151501637
1541.875,566.125,2235.0,555.0,693.125,-11.125,693.2142751343195
1952.125,569.125,2650.0,558.0,697.875,-11.125,697.9636675716007
1841.125,571.375,2535.0,567.0,693.875,-4.375,693.8887924228204
1960.375,571.375,2657.0,563.0,696.625,-8.375,696.6753413534886
2024.875,572.125,2720.0,559.0,695.125,-13.125,695.2488987765461
2264.125,572.125,2963.0,561.0,698.875,-11.125,698.963540715823
2180.875,572.875,2876.0,561.0,695.125,-11.875,695.2264244474601
2111.875,574.375,2806.0,564.0,694.125,-10.375,694.2025325868525
1580.125,575.125,2274.0,567.0,693.875,-8.125,693.9225686270768
1584.625,576.625,2279.0,567.0,694.375,-9.625,694.4417047168179
1745.875,578.125,2440.0,568.0,694.125,-10.125,694.1988412911678
1563.625,578.875,2260.0,571.0,696.375,-7.875,696.4195260401592
2128.375,578.875,2825.0,567.0,696.625,-11.875,696.7262060881592
2072.875,579.625,2768.0,568.0,695.125,-11.625,695.2221991924596
1985.875,580.375,2686.0,569.0,700.125,-11.375,700.2173992768246
2030.875,581.125,2724.0,568.0,693.125,-13.125,693.2492562203006
2057.125,581.875,2754.0,567.0,696.875,-14.875,697.033737526384
1760.125,582.625,2458.0,574.0,697.875,-8.625,697.9282959230125
2120.875,582.625,2818.0,570.0,697.125,-12.625,697.2393106028948
2116.375,584.125,2813.0,571.0,696.625,-13.125,696.748632040279
2144.875,584.125,2841.0,574.0,696.125,-10.125,696.1986291641201
1745.125,585.625,2439.0,573.0,693.875,-12.625,693.9898459271576
1753.375,586.375,2444.0,577.0,690.625,-9.375,690.6886282906357
2018.125,586.375,2714.0,578.0,695.875,-8.375,695.9253956064543
1799.875,588.625,2494.0,584.0,694.125,-4.625,694.1404081668204
2105.875,588.625,2803.0,578.0,697.125,-10.625,697.2059640092015
1745.125,589.375,2435.0,582.0,689.875,-7.375,689.9144195115797
1851.625,591.625,2548.0,583.0,696.375,-8.625,696.4284107142672
1948.375,594.625,2644.0,585.0,695.625,-9.625,695.6915848635801
2000.125,594.625,2695.0,581.0,694.875,-13.625,695.0085655946982
2074.375,596.125,2770.0,585.0,695.625,-11.125,695.7139543303699
1737.625,597.625,2427.0,587.0,689.375,-10.625,689.4568741045374
2149.375,597.625,2846.0,589.0,696.625,-8.625,696.6783915480657
1911.625,599.125,2609.0,588.0,697.375,-11.125,697.4637311358921
2027.875,601.375,2725.0,591.0,697.125,-10.375,697.2021989710015
2141.125,601.375,2839.0,591.0,697.875,-10.375,697.9521160151318
1652.875,606.625,2345.0,589.0,692.125,-17.625,692.3493744129477
2279.875,608.125,2974.0,597.0,694.125,-11.125,694.2141465354908
1622.875,610.375,2317.0,600.0,694.125,-10.375,694.2025325868525
2274.625,610.375,2972.0,602.0,697.375,-8.375,697.4252872172044
2195.125,611.125,2890.0,598.0,694.875,-13.125,694.9989433445205
2242.375,611.875,2937.0,601.0,694.625,-10.875,694.7101239006093
1764.625,612.625,2460.0,607.0,695.375,-5.625,695.3977503918171
1775.875,617.125,2470.0,612.0,694.125,-5.125,694.1439196953323
1565.125,617.875,2261.0,609.0,695.875,-8.875,695.9315923637897
1899.625,620.125,2595.0,608.0,695.375,-12.125,695.4807015654712
2204.875,620.125,2898.0,610.0,693.125,-10.125,693.198947813685
2264.875,620.125,2961.0,608.0,696.125,-12.125,696.2305877006554
2189.125,620.875,2884.0,606.0,694.875,-14.875,695.0341943026976
2282.125,620.875,2974.0,612.0,691.875,-8.875,691.9319195195435
2081.125,621.625,2778.0,607.0,696.875,-14.625,697.0284472315316
1604.125,622.375,2298.0,612.0,693.875,-10.375,693.9525605183686
1807.375,623.875,2503.0,613.0,695.625,-10.875,695.710001545184
1925.125,623.875,2621.0,612.0,695.875,-11.875,695.9763151501637
2252.125,623.875,2948.0,613.0,695.875,-10.875,695.9599710112644
2235.625,624.625,2932.0,612.0,696.375,-12.625,696.4894336958745
1624.375,625.375,2322.0,610.0,697.625,-15.375,697.7944047138814
2112.625,629.125,2807.0,618.0,694.375,-11.125,694.4641144436479
2148.625,629.125,2844.0,618.0,695.375,-11.125,695.4639863069834
2276.125,629.875,2972.0,621.0,695.875,-8.875,695.9315923637897
1835.875,631.375,2532.0,623.0,696.125,-8.375,696.1753775091446
2009.125,631.375,2705.0,623.0,695.875,-8.375,695.9253956064543
2012.875,631.375,2710.0,619.0,697.125,-12.375,697.2348286266256
1902.625,632.125,2597.0,621.0,694.375,-11.125,694.4641144436479
1541.875,632.875,2232.0,617.0,690.125,-15.875,690.307562793571
2045.875,632.875,2743.0,623.0,697.125,-9.875,697.1949377684838
2247.625,632.875,2943.0,623.0,695.375,-9.875,695.445113758088
2141.875,634.375,2836.0,623.0,694.125,-11.375,694.2181978672123
2074.375,635.875,2772.0,624.0,697.625,-11.875,697.7260610368513
2204.875,635.875,2903.0,625.0,698.125,-10.875,698.2096971898915
2228.125,635.875,2924.0,624.0,695.875,-11.875,695.9763151501637
2174.875,638.125,2871.0,626.0,696.125,-12.125,696.2305877006554
2255.875,638.875,2952.0,628.0,696.125,-10.875,696.2099404992721
1883.125,642.625,2579.0,632.0,695.875,-10.625,695.9561094278863
1545.625,643.375,2240.0,627.0,694.375,-16.375,694.5680537211598
1757.875,643.375,2454.0,634.0,696.125,-9.375,696.1881256169197
2130.625,643.375,2827.0,631.0,696.375,-12.375,696.4849468940445
2138.875,644.125,2839.0,632.0,700.125,-12.125,700.2299845407936
2057.875,644.875,2755.0,634.0,697.125,-10.875,697.2098186701045
1946.875,647.125,2641.0,639.0,694.125,-8.125,694.1725514956638
1580.125,647.875,2281.0,637.0,700.875,-10.875,700.9593649064117
2008.375,648.625,2701.0,637.0,692.625,-11.625,692.7225499794272
2178.625,649.375,2873.0,638.0,694.375,-11.375,694.4681643171269
2257.375,650.125,2953.0,636.0,695.625,-14.125,695.7683926781957
1814.125,652.375,2508.0,640.0,693.875,-12.375,693.9853429648208
2132.875,652.375,2829.0,644.0,696.125,-8.375,696.1753775091446
2023.375,653.875,2721.0,643.0,697.625,-10.875,697.7097578864724
2033.125,656.125,2727.0,644.0,693.875,-12.125,693.9809300333835
1583.125,656.875,2267.0,642.0,683.875,-14.875,684.0367543122226
1750.375,656.875,2444.0,640.0,693.625,-16.875,693.8302431070585
2093.875,656.875,2785.0,645.0,691.125,-11.875,691.2270113718068
1831.375,659.125,2529.0,651.0,697.625,-8.125,697.6723129449814
2016.625,660.625,2712.0,651.0,695.375,-9.625,695.4416087997612
2111.125,660.625,2809.0,651.0,697.875,-9.625,697.9413702095613
2288.875,660.625,2985.0,651.0,696.125,-9.625,696.1915370427882
2249.125,661.375,2945.0,653.0,695.875,-8.375,695.9253956064543
2264.875,661.375,2962.0,650.0,697.125,-11.375,697.217796854039
1547.125,662.125,2241.0,645.0,693.875,-17.125,694.086292365726
2049.625,662.125,2746.0,652.0,696.375,-10.125,696.4486027338988
2036.125,662.875,2730.0,652.0,693.875,-10.875,693.9602158985773
2016.625,664.375,2714.0,656.0,697.375,-8.375,697.4252872172044
1554.625,665.125,2246.0,645.0,691.375,-20.125,691.6678438745002
1606.375,665.125,2301.0,655.0,694.625,-10.125,694.6987881449053
2058.625,665.125,2751.0,655.0,692.375,-10.125,692.4490279074698
2129.125,665.125,2825.0,654.0,695.875,-11.125,695.9639223767279
2042.125,665.875,2739.0,657.0,696.875,-8.875,696.9315111616062
2207.125,667.375,2905.0,658.0,697.875,-9.375,697.9379673366394
2180.875,668.125,2877.0,656.0,696.125,-12.125,696.2305877006554
1989.625,668.875,2685.0,658.0,695.375,-10.875,695.4600321010547
2123.125,668.875,2817.0,659.0,693.875,-9.875,693.9452653127622
1715.125,670.375,2410.0,652.0,694.875,-18.375,695.1179081637877
2020.375,670.375,2716.0,661.0,695.625,-9.375,695.6881709861107
2035.375,671.875,2734.0,662.0,698.625,-9.875,698.6947876218915
2161.375,672.625,2858.0,660.0,696.625,-12.625,696.7393926354387
1780.375,676.375,2473.0,665.0,692.625,-11.375,692.718399676232
2249.125,677.125,2946.0,668.0,696.875,-9.125,696.9347395918788
1757.875,678.625,2454.0,665.0,696.125,-13.625,696.2583258030025
2081.875,680.125,2777.0,669.0,695.125,-11.125,695.2140183065932
2031.625,681.625,2730.0,670.0,698.375,-11.625,698.4717469232381
2200.375,681.625,2896.0,673.0,695.625,-8.625,695.6784682955195
2185.375,683.125,2883.0,671.0,697.625,-12.125,697.7303607053373
1992.625,684.625,2687.0,671.0,694.375,-13.625,694.5086617530411
1648.375,686.875,2341.0,673.0,692.625,-13.875,692.763961425535
1816.375,686.875,2511.0,677.0,694.625,-9.875,694.6951894536193
2276.875,689.875,2973.0,680.0,696.125,-9.875,696.1950382256398
2255.125,691.375,2951.0,680.0,695.875,-11.375,695.9679635227473
2039.125,692.875,2734.0,682.0,694.875,-10.875,694.9600932787436
2240.875,692.875,2937.0,683.0,696.125,-9.875,696.1950382256398
1772.125,694.375,2466.0,686.0,693.875,-8.375,693.9255408543485
2290.375,694.375,2983.0,687.0,692.625,-7.375,692.6642630091436
1718.125,695.125,2414.0,679.0,695.875,-16.125,696.0618013150844
2051.125,695.875,2748.0,684.0,696.875,-11.875,696.9761697863134
2281.375,697.375,2976.0,687.0,694.625,-10.375,694.7024767841266
2192.875,698.875,2886.0,687.0,693.125,-11.875,693.2267170630399
1760.875,699.625,2449.0,687.0,688.125,-12.625,688.2408054235087
1942.375,700.375,2636.0,689.0,693.625,-11.375,693.7182650399224
1730.875,702.625,2424.0,684.0,693.125,-18.625,693.3751915449528
1715.125,706.375,2400.0,685.0,684.875,-21.375,685.2084764872659
1777.375,706.375,2474.0,699.0,696.625,-7.375,696.664037574784
1868.875,710.125,2565.0,702.0,696.125,-8.125,696.1724148872893
2194.375,710.125,2891.0,695.0,696.625,-15.125,696.7891763295409
1883.875,711.625,2577.0,701.0,693.125,-10.625,693.206431194922
2132.875,711.625,2827.0,700.0,694.125,-11.625,694.222339204091
1752.625,713.875,2450.0,700.0,697.375,-13.875,697.5130151115461
1948.375,714.625,2645.0,705.0,696.625,-9.625,696.6914892906328
1850.875,715.375,2545.0,707.0,694.125,-8.375,694.1755226525926
1976.875,715.375,2673.0,705.0,696.125,-10.375,696.2023098568404
2049.625,715.375,2746.0,707.0,696.375,-8.375,696.4253594248274
2018.875,716.875,2717.0,709.0,698.125,-7.875,698.1694144332018
2037.625,718.375,2736.0,708.0,698.375,-10.375,698.452060810189
1840.375,719.125,2535.0,704.0,694.625,-15.125,694.7896489226074
1720.375,721.375,2412.0,702.0,691.625,-19.375,691.8963298428457
1996.375,723.625,2692.0,711.0,695.625,-12.625,695.7395570542184
1549.375,725.875,2238.0,703.0,688.625,-22.875,689.0048303531696
1787.875,727.375,2480.0,721.0,692.125,-6.375,692.1543586874246
1713.625,731.125,2401.0,712.0,687.375,-19.125,687.6410082666682
1622.125,732.625,2313.0,718.0,690.875,-14.625,691.0297795681457
1885.375,733.375,2582.0,721.0,696.625,-12.375,696.734907443283
1903.375,733.375,2595.0,719.0,691.625,-14.375,691.7743716342778
1734.625,734.125,2427.0,717.0,692.375,-17.125,692.5867499815456
1892.125,735.625,2588.0,719.0,695.875,-16.625,696.073563820664
1651.375,737.125,2332.0,718.0,680.625,-19.125,680.8936453294302
1601.875,740.125,2296.0,725.0,694.125,-15.125,694.2897674962522
1633.375,743.125,2318.0,720.0,684.625,-23.125,685.0154423441854
1661.125,743.125,2357.0,732.0,695.875,-11.125,695.9639223767279
1630.375,750.625,2318.0,733.0,687.625,-17.625,687.8508422979505
1558.375,752.125,2208.0,727.0,649.625,-25.125,650.11068769095
1663.375,760.375,2356.0,739.0,692.625,-21.375,692.954746899103
2329.875,442.375,3024.0,439.0,694.125,-3.375,694.1332049758173
2299.125,449.125,2997.0,436.0,697.875,-13.125,697.9984106357263
2425.875,449.125,3109.0,447.0,683.125,-2.125,683.1283051155178
2125.125,452.125,2820.0,442.0,694.875,-10.125,694.9487616004507
2173.125,452.125,2860.0,443.0,686.875,-9.125,686.9356092458739
2218.125,454.375,2914.0,445.0,695.875,-9.375,695.9381482933667
2376.375,454.375,3072.0,446.0,695.625,-8.375,695.6754137167707
2145.375,456.625,2840.0,446.0,694.625,-10.625,694.7062553698505
2149.125,457.375,2846.0,444.0,696.875,-13.375,697.003340200031
2105.625,458.875,2800.0,447.0,694.375,-11.875,694.4765339808106
2200.125,458.875,2902.0,443.0,701.875,-15.875,702.0545073211908
2338.875,461.125,3034.0,451.0,695.125,-10.125,695.1987350750862
2114.625,461.875,2808.0,451.0,693.375,-10.875,693.4602773411034
2318.625,461.875,3015.0,450.0,696.375,-11.875,696.476242416064
2179.125,464.875,2876.0,455.0,696.875,-9.875,696.944962855748
2076.375,467.875,2767.0,450.0,690.625,-17.875,690.8562848016945
2458.875,467.875,3157.0,457.0,698.125,-10.875,698.2096971898915
2269.875,470.125,2962.0,459.0,692.125,-11.125,692.214404104682
2262.375,473.125,2956.0,465.0,693.625,-8.125,693.6725857708376
2474.625,473.875,3169.0,464.0,694.375,-9.875,694.4452147217951
2286.375,474.625,2983.0,461.0,696.625,-13.625,696.7582301272084
2137.125,476.875,2831.0,465.0,693.875,-11.875,693.9766071345633
2412.375,479.125,3110.0,465.0,697.625,-14.125,697.7679816744245
2215.125,479.875,2914.0,469.0,698.875,-10.875,698.9596063078324
2428.125,480.625,3118.0,472.0,689.875,-8.625,689.9289139107013
2275.125,481.375,2972.0,472.0,696.875,-9.375,696.9380576851862
2556.375,482.875,3263.0,477.0,706.625,-5.875,706.6494224507652
2077.875,484.375,2774.0,471.0,696.125,-13.375,696.2534784473253
2283.375,485.125,2982.0,476.0,698.625,-9.125,698.6845899617366
2146.875,488.125,2837.0,479.0,690.125,-9.125,690.1853238442557
2209.125,489.625,2908.0,477.0,698.875,-12.625,698.9890244131162
2464.125,490.375,3164.0,479.0,699.875,-11.375,699.9674322781025
2478.375,490.375,3176.0,476.0,697.625,-14.375,697.7730872210535
2294.625,493.375,2988.0,485.0,693.375,-8.375,693.4255772972324
2443.125,493.375,3135.0,483.0,691.875,-10.375,691.9527846970485
2207.625,494.875,2899.0,484.0,691.375,-10.875,691.4605239997436
2596.875,495.625,3295.0,486.0,698.125,-9.625,698.1913464445116
2317.875,496.375,3013.0,488.0,695.125,-8.375,695.175449976479
2753.625,497.125,3443.0,497.0,689.375,-0.125,689.3750113327288
2638.125,497.875,3330.0,491.0,691.875,-6.875,691.9091567901093
2506.125,498.625,3203.0,489.0,696.875,-9.625,696.9414654402477
2113.875,500.125,2806.0,491.0,692.125,-9.125,692.185149544542
2141.625,500.125,2839.0,489.0,697.375,-11.125,697.4637311358921
2128.125,500.875,2824.0,492.0,695.875,-8.875,695.9315923637897
2565.375,500.875,3263.0,492.0,697.625,-8.875,697.6814504127224
2561.625,501.625,3258.0,493.0,696.375,-8.625,696.4284107142672
2701.125,502.375,3397.0,491.0,695.875,-11.375,695.9679635227473
2269.875,503.125,2971.0,487.0,701.125,-16.125,701.3104029244112
2284.875,503.875,2980.0,490.0,695.125,-13.875,695.2634617538879
2218.125,504.625,2915.0,489.0,696.875,-15.625,697.0501461516237
2640.375,506.125,3335.0,501.0,694.625,-5.125,694.6439060770633
2116.875,507.625,2811.0,494.0,694.125,-13.625,694.2587098841468
2307.375,507.625,3006.0,491.0,698.625,-16.625,698.8227824348602
2320.875,510.625,3021.0,498.0,700.125,-12.625,700.2388208675666
2336.625,511.375,3032.0,500.0,695.375,-11.375,695.4680303579742
2719.125,511.375,3415.0,500.0,695.875,-11.375,695.9679635227473
2098.125,513.625,2791.0,501.0,692.875,-12.625,692.9900116524047
2134.125,515.875,2830.0,505.0,695.875,-10.875,695.9599710112644
2583.375,515.875,3280.0,505.0,696.625,-10.875,696.7098795409751
2709.375,515.875,3401.0,502.0,691.625,-13.875,691.7641623053337
2437.125,518.875,3134.0,504.0,696.875,-14.875,697.033737526384
2227.125,519.625,2923.0,511.0,695.875,-8.625,695.9284490879792
2709.375,519.625,3406.0,511.0,696.625,-8.625,696.6783915480657
2506.875,520.375,3204.0,510.0,697.125,-10.375,697.2021989710015
2781.375,520.375,3479.0,509.0,697.625,-11.375,697.7177303537585
2478.375,521.125,3175.0,509.0,696.625,-12.125,696.7305119269573
2356.125,521.875,3055.0,509.0,698.875,-12.875,698.9935845556811
2655.375,523.375,3351.0,514.0,695.625,-9.375,695.6881709861107
2729.625,523.375,3426.0,513.0,696.375,-10.375,696.4522821055294
2247.375,526.375,2943.0,515.0,695.625,-11.375,695.7179969283532
2701.875,527.125,3400.0,518.0,698.125,-9.125,698.1846326366687
2716.875,527.125,3416.0,512.0,699.125,-15.125,699.288589389245
2107.125,527.875,2800.0,519.0,692.875,-8.875,692.93183737652
2452.125,527.875,3150.0,513.0,697.875,-14.875,698.033510119679
2519.625,527.875,3216.0,515.0,696.375,-12.875,696.4940102039643
2788.875,529.375,3488.0,520.0,699.125,-9.375,699.1878547643687
2146.125,530.125,2843.0,517.0,696.875,-13.125,696.9985876958432
2272.125,530.125,2968.0,518.0,695.875,-12.125,695.9806256283289
2680.875,531.625,3379.0,518.0,698.125,-13.625,698.2579439218719
2134.875,532.375,2830.0,520.0,695.125,-12.375,695.2351445734026
2374.125,533.125,3068.0,522.0,693.875,-11.125,693.9641786504545
2804.625,533.125,3502.0,522.0,697.375,-11.125,697.4637311358921
2355.375,536.125,3059.0,526.0,703.625,-10.125,703.6978444261429
2216.625,541.375,2915.0,535.0,698.375,-6.375,698.4040959573476
2389.125,541.375,3087.0,534.0,697.875,-7.375,697.9139676564727
2767.875,542.875,3466.0,537.0,698.125,-5.875,698.1497197951168
2435.625,548.125,3133.0,534.0,697.375,-14.125,697.5180329210134
2077.125,548.875,2766.0,537.0,688.875,-11.875,688.9773445114142
2322.375,548.875,3025.0,541.0,702.625,-7.875,702.6691299964729
2373.375,548.875,3070.0,539.0,696.625,-9.875,696.6949879610158
2751.375,548.875,3447.0,537.0,695.625,-11.875,695.7263515564148
2701.875,550.375,3400.0,538.0,698.125,-12.375,698.234671331924
2123.625,551.875,2821.0,540.0,697.375,-11.875,697.4760972606875
2407.875,551.875,3106.0,543.0,698.125,-8.875,698.1814099859721
2662.125,551.875,3358.0,541.0,695.875,-10.875,695.9599710112644
2151.375,554.125,2852.0,541.0,700.625,-13.125,700.747926325865
2383.875,554.125,3085.0,545.0,701.125,-9.125,701.1843774999554
2419.125,555.625,3116.0,546.0,696.875,-9.625,696.9414654402477
2102.625,556.375,2796.0,544.0,693.375,-12.375,693.4854225216274
2281.125,557.125,2977.0,548.0,695.875,-9.125,695.9348254326694
2767.875,557.125,3464.0,547.0,696.125,-10.125,696.1986291641201
2798.625,557.125,3497.0,546.0,698.375,-11.125,698.4636040983095
2779.875,558.625,3477.0,549.0,697.125,-9.625,697.1914416069664
2745.375,559.375,3443.0,547.0,697.625,-12.375,697.7347499229202
2221.125,563.125,2918.0,552.0,696.875,-11.125,696.9637947913794
2419.125,563.125,3116.0,551.0,696.875,-12.125,696.980474080874
2602.125,563.125,3298.0,550.0,695.875,-13.125,695.9987652647094
2746.125,563.875,3444.0,552.0,697.875,-11.875,697.9760248389625
2753.625,565.375,3449.0,553.0,695.375,-12.375,695.485104980689
2618.625,566.125,3315.0,557.0,696.375,-9.125,696.4347824814611
2349.375,566.875,3048.0,558.0,698.625,-8.875,698.6813696170809
2404.875,566.875,3101.0,557.0,696.125,-9.875,696.1950382256398
2413.875,567.625,3110.0,558.0,696.125,-9.625,696.1915370427882
2515.125,567.625,3208.0,556.0,692.875,-11.625,692.972514786842
2581.125,567.625,3276.0,558.0,694.875,-9.625,694.9416567237857
2630.625,569.875,3327.0,559.0,696.375,-10.875,696.4599100091835
2572.125,572.125,3271.0,562.0,698.875,-10.125,698.9483394715235
2180.625,572.875,2876.0,561.0,695.375,-11.875,695.4763879888375
2794.875,572.875,3495.0,559.0,700.125,-13.875,700.2624731127607
2587.875,574.375,3285.0,563.0,697.125,-11.375,697.217796854039
2423.625,575.125,3121.0,568.0,697.375,-7.125,697.4113967021187
2381.625,575.875,3075.0,564.0,693.375,-11.875,693.4766803937966
2455.125,575.875,3148.0,564.0,692.875,-11.875,692.976753758739
2571.375,575.875,3267.0,567.0,695.625,-8.875,695.6816127008101
2716.875,575.875,3414.0,564.0,697.125,-11.875,697.2261335104989
2431.125,577.375,3126.0,565.0,694.875,-12.375,694.9851841945984
2560.875,577.375,3256.0,566.0,695.125,-11.375,695.2180638116361
2547.375,578.125,3245.0,568.0,697.625,-10.125,697.6984708668924
2578.875,578.125,3276.0,567.0,697.125,-11.125,697.213762952224
2339.625,579.625,3036.0,571.0,696.375,-8.625,696.4284107142672
2587.875,579.625,3284.0,568.0,696.125,-11.625,696.222059583004
2668.875,579.625,3364.0,568.0,695.125,-11.625,695.2221991924596
2347.125,580.375,3046.0,570.0,698.875,-10.375,698.9520056842243
2572.125,580.375,3268.0,572.0,695.875,-8.375,695.9253956064543
2128.125,581.875,2825.0,567.0,696.875,-14.875,697.033737526384
2056.875,582.625,2754.0,567.0,697.125,-15.625,697.30008335723
2120.625,582.625,2818.0,570.0,697.375,-12.625,697.4892696307235
2683.125,583.375,3380.0,570.0,696.875,-13.375,697.003340200031
2116.125,584.125,2813.0,571.0,696.875,-13.125,696.9985876958432
2145.375,584.875,2841.0,574.0,695.625,-10.875,695.710001545184
2581.875,584.875,3280.0,574.0,698.125,-10.875,698.2096971898915
2338.875,585.625,3037.0,579.0,698.125,-6.625,698.1564339386983
2308.875,587.125,3006.0,577.0,697.125,-10.125,697.1985235569565
2600.625,587.125,3295.0,576.0,694.375,-11.125,694.4641144436479
2242.125,587.875,2936.0,574.0,693.875,-13.875,694.0137111397728
2789.625,587.875,3487.0,575.0,697.375,-12.875,697.4938395785299
2105.625,588.625,2803.0,578.0,697.375,-10.625,697.4559349880105
2371.125,588.625,3068.0,579.0,696.875,-9.625,696.9414654402477
2409.375,588.625,3107.0,580.0,697.625,-8.625,697.6783150206118
2659.125,589.375,3357.0,582.0,697.875,-7.375,697.9139676564727
2765.625,589.375,3459.0,576.0,693.375,-13.375,693.50398791211
2404.875,590.125,3102.0,582.0,697.125,-8.125,697.1723468770115
2683.875,590.125,3380.0,575.0,696.125,-15.125,696.2892942233135
2725.875,590.125,3424.0,580.0,698.125,-10.125,698.1984182522903
2797.125,590.125,3497.0,576.0,699.875,-14.125,700.0175221021257
2638.125,590.875,3334.0,585.0,695.875,-5.875,695.8997997197586
2382.375,592.375,3082.0,579.0,699.625,-13.375,699.7528358284802
2400.375,593.125,3097.0,582.0,696.625,-11.125,696.7138266533829
2550.375,593.875,3247.0,586.0,696.625,-7.875,696.6695100619805
2765.625,593.875,3464.0,581.0,698.375,-12.875,698.4936694416064
2074.125,595.375,2770.0,585.0,695.875,-10.375,695.9523376280879
2703.375,596.125,3401.0,584.0,697.625,-12.125,697.7303607053373
2745.375,596.875,3444.0,583.0,698.625,-13.875,698.7627682196584
2474.625,597.625,3174.0,583.0,699.375,-14.625,699.527898836065
2800.125,600.625,3496.0,586.0,695.875,-14.625,696.0286676926461
2141.625,601.375,2839.0,591.0,697.375,-10.375,697.4521712992225
2506.875,601.375,3206.0,592.0,699.125,-9.375,699.1878547643687
2576.625,601.375,3274.0,587.0,697.375,-14.375,697.5231402971517
2676.375,601.375,3373.0,591.0,696.625,-10.375,696.7022543741336
2778.375,601.375,3473.0,587.0,694.625,-14.375,694.7737266549449
2233.125,603.625,2926.0,593.0,692.875,-10.625,692.9564605731013
2368.125,603.625,3063.0,594.0,694.875,-9.625,694.9416567237857
2357.625,604.375,3053.0,592.0,695.375,-12.375,695.485104980689
2761.875,605.125,3460.0,593.0,698.125,-12.125,698.2302852569487
2772.375,605.875,3468.0,588.0,695.625,-17.875,695.8546229278066
2789.625,605.875,3485.0,594.0,695.375,-11.875,695.4763879888375
2495.625,606.625,3192.0,598.0,696.375,-8.625,696.4284107142672
2731.875,606.625,3429.0,597.0,697.125,-9.625,697.1914416069664
2281.125,608.875,2974.0,597.0,692.875,-11.875,692.976753758739
2776.125,608.875,3470.0,595.0,693.875,-13.875,694.0137111397728
2764.125,611.875,3461.0,601.0,696.875,-10.875,696.9598490946232
2242.125,612.625,2937.0,601.0,694.875,-11.625,694.9722341575957
2539.875,612.625,3236.0,603.0,696.125,-9.625,696.1915370427882
2624.625,613.375,3321.0,605.0,696.375,-8.375,696.4253594248274
2809.125,613.375,3505.0,605.0,695.875,-8.375,695.9253956064543
2373.375,617.125,3070.0,603.0,696.625,-14.125,696.7681868814046
2359.125,617.875,3056.0,606.0,696.875,-11.875,696.9761697863134
2264.625,620.125,2961.0,608.0,696.375,-12.125,696.480549800208
2752.875,620.125,3449.0,607.0,696.125,-13.125,696.2487208246777
2080.875,620.875,2778.0,607.0,697.125,-13.875,697.2630645961393
2389.125,620.875,3084.0,611.0,694.875,-9.875,694.9451642036227
2743.875,621.625,3437.0,608.0,693.125,-13.625,693.2589027556733
2589.375,623.125,3286.0,612.0,696.625,-11.125,696.7138266533829
2581.125,623.875,3278.0,613.0,696.875,-10.875,696.9598490946232
2236.125,624.625,2932.0,612.0,695.875,-12.625,695.9895159052326
2252.625,624.625,2948.0,613.0,695.375,-11.625,695.4721642524595
2779.125,626.125,3477.0,617.0,697.875,-9.125,697.9346539970629
2756.625,626.875,3454.0,616.0,697.375,-10.875,697.4597882673954
2603.625,627.625,3301.0,618.0,697.375,-9.625,697.4414177907704
2333.625,629.125,3030.0,619.0,696.375,-10.125,696.4486027338988
2706.375,629.125,3401.0,618.0,694.625,-11.125,694.7140823749005
2148.375,629.875,2844.0,618.0,695.625,-11.875,695.7263515564148
2275.125,629.875,2972.0,621.0,696.875,-8.875,696.9315111616062
2112.375,630.625,2807.0,618.0,694.625,-12.625,694.739721946284
2683.125,631.375,3380.0,621.0,696.875,-10.375,696.9522266626315
2529.375,632.125,3226.0,623.0,696.625,-9.125,696.684761028975
2634.375,632.875,3329.0,621.0,694.625,-11.875,694.7264974434183
2766.375,632.875,3464.0,621.0,697.625,-11.875,697.7260610368513
2141.625,634.375,2836.0,623.0,694.375,-11.375,694.4681643171269
2301.375,634.375,2998.0,624.0,696.625,-10.375,696.7022543741336
2094.375,635.125,2791.0,625.0,696.625,-10.125,696.6985763226447
2446.125,635.125,3142.0,627.0,695.875,-8.125,695.9224319203973
2074.125,635.875,2772.0,624.0,697.875,-11.875,697.9760248389625
2204.625,635.875,2903.0,625.0,698.375,-10.875,698.4596668741868
2228.625,635.875,2924.0,624.0,695.375,-11.875,695.4763879888375
2491.125,636.625,3191.0,628.0,699.875,-8.625,699.9281436333304
2790.375,636.625,3490.0,627.0,699.625,-9.625,699.691204210829
2174.625,637.375,2871.0,626.0,696.375,-11.375,696.467896783477
2359.125,637.375,3057.0,627.0,697.875,-10.375,697.9521160151318
2556.375,637.375,3253.0,626.0,696.625,-11.375,696.7178634497611
2256.375,638.125,2952.0,628.0,695.625,-10.125,695.6986820815459
2586.375,638.125,3283.0,629.0,696.625,-9.125,696.684761028975
2346.375,638.875,3042.0,627.0,695.625,-11.875,695.7263515564148
2782.125,639.625,3479.0,627.0,696.875,-12.625,696.989351604456
2593.875,640.375,3292.0,628.0,698.125,-12.375,698.234671331924
2314.125,641.125,3011.0,632.0,696.875,-9.125,696.9347395918788
2725.875,641.125,3424.0,632.0,698.125,-9.125,698.1846326366687
2130.375,642.625,2827.0,631.0,696.625,-11.625,696.721989928551
2722.125,642.625,3419.0,631.0,696.875,-11.625,696.971955138799
2766.375,642.625,3457.0,631.0,690.625,-11.625,690.7228324371506
2139.375,643.375,2839.0,632.0,699.625,-11.375,699.7174653029607
2058.375,644.875,2755.0,634.0,696.625,-10.875,696.7098795409751
2302.875,647.125,2998.0,635.0,695.125,-12.125,695.2307395749989
2649.375,647.125,3347.0,636.0,697.625,-11.125,697.7136993423592
2608.875,648.625,3305.0,639.0,696.125,-9.625,696.1915370427882
2349.375,649.375,3045.0,638.0,695.625,-11.375,695.7179969283532
2473.125,649.375,3173.0,636.0,699.875,-13.375,700.0027901730107
2722.875,650.125,3414.0,640.0,691.125,-10.125,691.199161783346
2380.875,652.375,3076.0,645.0,695.125,-7.375,695.1641218086561
2461.875,652.375,3158.0,641.0,696.125,-11.375,696.2179301411304
2677.125,653.125,3375.0,641.0,697.875,-12.125,697.9803229676321
2227.875,653.875,2923.0,641.0,695.125,-12.875,695.2442241759367
2495.625,653.875,3190.0,645.0,694.375,-8.875,694.4317146055471
2637.375,654.625,3335.0,650.0,697.625,-4.625,697.6403308654109
2093.625,656.875,2785.0,645.0,691.375,-11.875,691.4769744901128
2335.125,656.875,3033.0,647.0,697.875,-9.875,697.9448626145191
2416.125,657.625,3112.0,646.0,695.875,-11.625,695.9720944477588
2311.125,658.375,3008.0,648.0,696.875,-10.375,696.9522266626315
2118.375,659.125,2809.0,651.0,690.625,-8.125,690.6727924639858
2054.625,659.875,2752.0,645.0,697.375,-14.875,697.5336237415369
2348.625,659.875,3047.0,651.0,698.375,-8.875,698.4313897943018
2686.125,659.875,3383.0,653.0,696.875,-6.875,696.9089117309378
2689.875,659.875,3388.0,654.0,698.125,-5.875,698.1497197951168
2288.625,660.625,2985.0,651.0,696.375,-9.625,696.4415131581402
2663.625,660.625,3373.0,655.0,709.375,-5.625,709.3973014115574
2264.625,661.375,2962.0,650.0,697.375,-11.375,697.4677635919813
2326.125,661.375,3023.0,651.0,696.875,-10.375,696.9522266626315
2590.875,664.375,3288.0,654.0,697.125,-10.375,697.2021989710015
2059.125,665.125,2751.0,655.0,691.875,-10.125,691.9490813997804
2482.125,665.125,3182.0,655.0,699.875,-10.125,699.9482346931093
2181.375,668.125,2877.0,656.0,695.625,-12.125,695.7306635832576
2302.125,668.875,2998.0,660.0,695.875,-8.875,695.9315923637897
2122.125,669.625,2817.0,659.0,694.875,-10.625,694.9562261394598
2326.875,671.125,3022.0,660.0,695.125,-11.125,695.2140183065932
2573.625,671.125,3268.0,663.0,694.375,-8.125,694.4225343765854
2097.375,671.875,2788.0,659.0,690.625,-12.875,690.7450008867238
2161.125,671.875,2858.0,660.0,696.875,-11.875,696.9761697863134
2354.625,671.875,3050.0,661.0,695.375,-10.875,695.4600321010547
2310.375,674.875,3007.0,664.0,696.625,-10.875,696.7098795409751
2081.625,680.125,2777.0,669.0,695.375,-11.125,695.4639863069834
2200.125,680.875,2896.0,673.0,695.875,-7.875,695.9195580309552
2238.375,680.875,2936.0,671.0,697.625,-9.875,697.6948876478887
2185.125,683.125,2883.0,671.0,697.875,-12.125,697.9803229676321
2310.375,684.625,3007.0,672.0,696.625,-12.625,696.7393926354387
2277.375,691.375,2973.0,680.0,695.625,-11.375,695.7179969283532
2209.875,692.125,2910.0,686.0,700.125,-6.125,700.1517915780835
2240.625,693.625,2937.0,683.0,696.375,-10.625,696.4560511977766
2193.375,698.875,2886.0,687.0,692.625,-11.875,692.7267904809225
2107.125,704.875,2807.0,692.0,699.875,-12.875,699.9934151475998
2759.375,479.125,3415.0,500.0,655.625,20.875,655.9572442240424
2565.875,503.125,3263.0,492.0,697.125,-11.125,697.213762952224
2728.625,513.625,3426.0,513.0,697.375,-0.625,697.3752800680563
2582.375,515.875,3258.0,493.0,675.625,-22.875,676.0121346913826
2709.125,515.875,3401.0,502.0,691.875,-13.875,692.0141120309614
2771.375,520.375,3459.0,509.0,687.625,-11.375,687.7190787305526
2781.875,520.375,3479.0,509.0,697.125,-11.375,697.217796854039
2709.125,522.625,3400.0,518.0,690.875,-4.625,690.8904806479823
2655.125,523.375,3349.0,509.0,693.875,-14.375,694.0238873770844
2716.625,527.125,3411.0,513.0,694.375,-14.125,694.5186507574869
2789.375,529.375,3488.0,520.0,698.625,-9.375,698.6878997449434
2875.625,531.625,3570.0,523.0,694.375,-8.625,694.4285645406588
2682.125,533.125,3379.0,518.0,696.875,-15.125,697.0391174460727
2805.125,533.875,3502.0,522.0,696.875,-11.875,696.9761697863134
2721.125,536.125,3418.0,525.0,696.875,-11.125,696.9637947913794
2921.375,543.625,3614.0,543.0,692.625,-0.625,692.6252819887533
2865.125,544.375,3562.0,534.0,696.875,-10.375,696.9522266626315
2751.125,548.125,3447.0,537.0,695.875,-11.125,695.9639223767279
2702.375,550.375,3400.0,538.0,697.625,-12.375,697.7347499229202
2583.125,551.125,3278.0,540.0,694.875,-11.125,694.9640503292238
2874.875,551.125,3568.0,547.0,693.125,-4.125,693.1372744630028
2685.125,553.375,3382.0,542.0,696.875,-11.375,696.9678301399571
3006.875,555.625,3702.0,546.0,695.125,-9.625,695.1916327531568
2628.875,557.125,3326.0,548.0,697.125,-9.125,697.1847181701561
2768.375,557.125,3464.0,547.0,695.625,-10.125,695.6986820815459
2997.125,557.875,3697.0,547.0,699.875,-10.875,699.9594854346929
2779.625,558.625,3477.0,549.0,697.375,-9.625,697.4414177907704
2744.375,559.375,3443.0,547.0,698.625,-12.375,698.7345928533953
2936.375,560.125,3623.0,562.0,686.625,1.875,686.6275600716883
2748.125,563.875,3444.0,552.0,695.875,-11.875,695.9763151501637
3005.375,564.625,3704.0,552.0,698.625,-12.625,698.7390652096103
2618.375,565.375,3315.0,557.0,696.625,-8.375,696.6753413534886
2752.625,566.125,3449.0,553.0,696.375,-13.125,696.4986764165457
2890.625,568.375,3580.0,570.0,689.375,1.625,689.3769152285272
2831.375,569.125,3526.0,560.0,694.625,-9.125,694.6849330811774
3046.625,572.125,3738.0,576.0,691.375,3.875,691.3858591625952
2587.625,572.875,3285.0,563.0,697.375,-9.875,697.4449126992038
2795.375,572.875,3495.0,559.0,699.625,-13.875,699.7625713411657
2718.875,575.125,3414.0,564.0,695.125,-11.125,695.2140183065932
2711.375,575.875,3405.0,568.0,693.625,-7.875,693.6697025602315
2571.125,577.375,3267.0,567.0,695.875,-10.375,695.9523376280879
2582.375,577.375,3276.0,567.0,693.625,-10.375,693.7025884700157
2588.375,579.625,3284.0,568.0,695.625,-11.625,695.7221293375682
2900.375,579.625,3590.0,575.0,689.625,-4.625,689.640508707254
2572.625,581.125,3268.0,572.0,695.375,-9.125,695.4348684456367
2683.625,581.125,3380.0,570.0,696.375,-11.125,696.4638585382589
2829.125,583.375,3525.0,578.0,695.875,-5.375,695.8957581779041
2582.375,584.125,3280.0,574.0,697.625,-10.125,697.6984708668924
2682.875,584.875,3380.0,575.0,697.125,-9.875,697.1949377684838
2763.875,585.625,3459.0,576.0,695.125,-9.625,695.1916327531568
2925.125,585.625,3624.0,577.0,698.875,-8.625,698.9282196692304
2601.125,587.125,3295.0,576.0,693.875,-11.125,693.9641786504545
2789.375,587.125,3487.0,575.0,697.625,-12.125,697.7303607053373
3120.125,588.625,3816.0,573.0,695.875,-15.625,696.0503977802182
2765.375,589.375,3464.0,581.0,698.625,-8.375,698.6751972483352
2662.625,590.125,3357.0,582.0,694.375,-8.125,694.4225343765854
2726.375,590.125,3424.0,580.0,697.625,-10.125,697.6984708668924
2797.625,590.125,3497.0,576.0,699.375,-14.125,699.5176239738353
3116.375,590.125,3814.0,582.0,697.625,-8.125,697.6723129449814
2812.625,591.625,3508.0,581.0,695.375,-10.625,695.4561677417205
3213.125,591.625,3911.0,581.0,697.875,-10.625,697.9558770079954
3123.875,592.375,3824.0,578.0,700.125,-14.375,700.2725585441714
2693.375,593.125,3391.0,583.0,697.625,-10.125,697.6984708668924
2838.125,593.125,3536.0,588.0,697.875,-5.125,697.893818033947
2703.125,596.125,3401.0,584.0,697.875,-12.125,697.9803229676321
3141.125,596.125,3833.0,576.0,691.875,-20.125,692.1676323333821
3221.375,596.125,3916.0,584.0,694.625,-12.125,694.730815676115
2745.875,596.875,3444.0,583.0,698.125,-13.875,698.2628668703499
2577.125,600.625,3274.0,587.0,696.875,-13.625,697.0081823407814
2799.125,600.625,3496.0,586.0,696.875,-14.625,697.0284472315316
2676.125,602.875,3373.0,591.0,696.875,-11.875,696.9761697863134
3034.625,602.875,3732.0,594.0,697.375,-8.875,697.4314706478336
2840.375,604.375,3541.0,599.0,700.625,-5.375,700.64561744865
3001.625,604.375,3700.0,594.0,698.375,-10.375,698.452060810189
2761.625,605.125,3460.0,593.0,698.375,-12.125,698.4802475732581
3227.375,605.125,3922.0,587.0,694.625,-18.125,694.8614295310972
2790.125,605.875,3485.0,594.0,694.875,-11.875,694.976460932311
2773.625,606.625,3470.0,595.0,696.375,-11.625,696.4720247432771
2882.375,611.875,3583.0,600.0,700.625,-11.875,700.7256283667667
2625.125,613.375,3321.0,605.0,695.875,-8.375,695.9253956064543
3060.875,616.375,3759.0,606.0,698.125,-10.375,698.2020884027776
2835.125,617.875,3532.0,606.0,696.875,-11.875,696.9761697863134
3066.875,619.375,3764.0,607.0,697.125,-12.375,697.2348286266256
3071.375,619.375,3769.0,607.0,697.625,-12.375,697.7347499229202
2743.625,621.625,3437.0,608.0,693.375,-13.625,693.5088544856511
2820.125,621.625,3518.0,612.0,697.875,-9.625,697.9413702095613
2908.625,621.625,3617.0,606.0,708.375,-15.625,708.5473034667481
2589.125,623.125,3286.0,612.0,696.875,-11.125,696.9637947913794
2919.125,623.875,3663.0,596.0,743.875,-27.875,744.3970924513341
2580.875,624.625,3278.0,613.0,697.125,-11.625,697.221920373994
2929.625,626.125,3629.0,611.0,699.375,-15.125,699.5385309259241
2604.125,627.625,3301.0,618.0,696.875,-9.625,696.9414654402477
2706.125,629.125,3401.0,618.0,694.875,-11.125,694.9640503292238
2925.125,629.875,3622.0,620.0,696.875,-9.875,696.944962855748
2634.125,632.875,3329.0,621.0,694.875,-11.875,694.976460932311
2766.125,632.875,3464.0,621.0,697.875,-11.875,697.9760248389625
2823.875,635.125,3521.0,626.0,697.125,-9.125,697.1847181701561
2789.375,635.875,3490.0,622.0,700.625,-13.875,700.7623750245157
2874.875,635.875,3572.0,625.0,697.125,-10.875,697.2098186701045
2793.125,637.375,3490.0,627.0,696.875,-10.375,696.9522266626315
2586.125,638.125,3283.0,629.0,696.875,-9.125,696.9347395918788
3192.875,638.125,3958.0,587.0,765.125,-51.125,766.8311621537039
2781.875,638.875,3479.0,627.0,697.125,-11.875,697.2261335104989
2593.625,640.375,3292.0,628.0,698.375,-12.375,698.4846320786163
2715.125,640.375,3418.0,626.0,702.875,-14.375,703.0219813419777
2718.875,642.625,3419.0,631.0,700.125,-11.625,700.2215051324831
2766.875,642.625,3457.0,631.0,690.125,-11.625,690.2229033073302
2853.875,642.625,3552.0,632.0,698.125,-10.625,698.2058480491265
2676.125,643.375,3365.0,637.0,688.875,-6.375,688.9044971910113
2721.875,646.375,3424.0,632.0,702.125,-14.375,702.2721383124921
2862.875,647.125,3563.0,633.0,700.125,-14.125,700.2674712208186
2608.625,647.875,3305.0,639.0,696.375,-8.875,696.4315517335498
2616.875,650.125,3310.0,647.0,693.125,-3.125,693.1320445990071
2592.125,650.875,3288.0,637.0,695.875,-13.875,696.0133125522816
2818.625,652.375,3524.0,635.0,705.375,-17.375,705.5889605499791
2637.125,653.875,3335.0,650.0,697.875,-3.875,697.8857580220418
2714.375,655.375,3414.0,640.0,699.625,-15.375,699.7939205580454
2859.875,662.125,3569.0,639.0,709.125,-23.125,709.5019600043399
2590.625,664.375,3288.0,654.0,697.375,-10.375,697.4521712992225
2573.375,671.875,3268.0,663.0,694.625,-8.875,694.6816941952624
770.625,517.875,1463.0,504.0,692.375,-13.875,692.5140115911013
774.375,517.875,1468.0,505.0,693.625,-12.875,693.744481960037
853.125,517.875,1552.0,510.0,698.875,-7.875,698.9193667727344
865.125,517.875,1563.0,508.0,697.875,-9.875,697.9448626145191
903.375,517.875,1597.0,503.0,693.625,-14.875,693.7844811250825
969.375,517.875,1666.0,508.0,696.625,-9.875,696.6949879610158
1157.625,518.625,1852.0,507.0,694.375,-11.625,694.4723041633841
745.125,519.375,1428.0,504.0,682.875,-15.375,683.0480629135844
1115.625,520.875,1810.0,508.0,694.375,-12.875,694.4943529288054
767.625,521.625,1461.0,512.0,693.375,-9.625,693.4418009105018
1184.625,521.625,1879.0,514.0,694.375,-7.625,694.4168641745389
925.875,523.125,1621.0,512.0,695.125,-11.125,695.2140183065932
1099.125,523.875,1788.0,509.0,688.875,-14.875,689.0355805399312
841.125,529.125,1536.0,517.0,694.875,-12.125,694.9807776118704
861.375,529.125,1557.0,517.0,695.625,-12.125,695.7306635832576
1174.875,529.125,1868.0,517.0,693.125,-12.125,693.2310446380774
1237.875,529.875,1934.0,513.0,696.125,-16.875,696.329506232502
766.875,530.625,1461.0,520.0,694.125,-10.625,694.2063138937876
887.625,535.125,1580.0,522.0,692.375,-13.125,692.4993907939559
1013.625,535.125,1708.0,520.0,694.375,-15.125,694.539708188092
1126.875,535.125,1820.0,523.0,693.125,-12.125,693.2310446380774
891.375,535.875,1585.0,523.0,693.625,-12.875,693.744481960037
908.625,535.875,1600.0,528.0,691.375,-7.875,691.4198480301242
1083.375,538.875,1772.0,529.0,688.625,-9.875,688.6958009527864
855.375,539.625,1543.0,524.0,687.625,-15.625,687.8025016311005
1179.375,540.375,1870.0,530.0,690.625,-10.375,690.7029254679612
1233.375,541.125,1929.0,533.0,695.625,-8.125,695.6724489657471
946.875,541.875,1640.0,531.0,693.125,-10.875,693.2103080956024
1045.125,542.625,1737.0,531.0,691.875,-11.625,691.972655709747
1168.875,542.625,1865.0,527.0,696.125,-15.625,696.3003348053195
757.125,544.125,1436.0,524.0,678.875,-20.125,679.1732336083336
1180.125,544.125,1875.0,532.0,694.875,-12.125,694.9807776118704
1064.625,544.875,1760.0,532.0,695.375,-12.875,695.4941813200165
706.125,545.625,1381.0,529.0,674.875,-16.625,675.0797406603164
786.375,547.125,1466.0,532.0,679.625,-15.125,679.7932819982851
834.375,547.125,1527.0,535.0,692.625,-12.125,692.7311211790618
1025.625,550.875,1721.0,540.0,695.375,-10.875,695.4600321010547
712.875,553.125,1415.0,546.0,702.125,-7.125,702.1611504847018
913.125,557.625,1608.0,543.0,694.875,-14.625,695.0288887880848
947.625,557.625,1641.0,548.0,693.375,-9.625,693.4418009105018
978.375,559.875,1674.0,546.0,695.625,-13.875,695.7633622504134
706.875,560.625,1379.0,549.0,672.125,-11.625,672.2255248426677
1187.625,563.625,1885.0,552.0,697.375,-11.625,697.4718856341093
970.125,565.875,1666.0,552.0,695.875,-13.875,696.0133125522816
982.875,566.625,1675.0,553.0,692.125,-13.625,692.2590961843694
986.625,566.625,1680.0,554.0,693.375,-12.625,693.489928730043
883.875,567.375,1573.0,552.0,689.125,-15.375,689.2964937166009
1174.875,571.125,1867.0,558.0,692.125,-13.125,692.2494357166353
1086.375,571.875,1784.0,561.0,697.625,-10.875,697.7097578864724
955.875,574.125,1649.0,562.0,693.125,-12.125,693.2310446380774
917.625,574.875,1613.0,562.0,695.375,-12.875,695.4941813200165
1193.625,574.875,1889.0,562.0,695.375,-12.875,695.4941813200165
930.375,575.625,1624.0,562.0,693.625,-13.625,693.7588062504144
979.875,575.625,1677.0,561.0,697.125,-14.625,697.2783922150463
718.875,576.375,1417.0,573.0,698.125,-3.375,698.1331579648685
968.625,576.375,1663.0,563.0,694.375,-13.375,694.5038021854164
983.625,580.125,1675.0,568.0,691.375,-12.125,691.4813130157604
724.125,583.125,1406.0,578.0,681.875,-5.125,681.8942595813518
1199.625,584.625,1894.0,573.0,694.375,-11.625,694.4723041633841
808.125,585.375,1500.0,574.0,691.875,-11.375,691.9685009088203
952.125,586.875,1649.0,573.0,696.875,-13.875,697.0131141162267
1273.125,589.125,1968.0,579.0,694.875,-10.125,694.9487616004507
1103.625,589.875,1797.0,579.0,693.375,-10.875,693.4602773411034
1099.875,590.625,1792.0,580.0,692.125,-10.625,692.2065488349558
1015.875,591.375,1709.0,576.0,693.125,-15.375,693.2955042764953
1021.125,593.625,1715.0,582.0,693.875,-11.625,693.9723742700426
817.875,594.375,1507.0,588.0,689.125,-6.375,689.1544864905111
969.375,594.375,1663.0,581.0,693.625,-13.375,693.7539414302452
1006.875,595.125,1702.0,586.0,695.125,-9.125,695.1848899753217
1024.875,595.125,1720.0,582.0,695.125,-13.125,695.2488987765461
1261.875,598.125,1955.0,593.0,693.125,-5.125,693.1439469908108
943.125,598.875,1638.0,586.0,694.875,-12.875,694.9942670626859
1074.375,608.625,1765.0,592.0,690.625,-16.625,690.825072829584
997.125,609.375,1691.0,599.0,693.875,-10.375,693.9525605183686
1047.375,616.125,1743.0,607.0,695.625,-9.125,695.6848469314249
1161.375,616.875,1851.0,609.0,689.625,-7.875,689.6699618295696
864.375,617.625,1556.0,601.0,691.625,-16.625,691.8247836338331
944.625,618.375,1639.0,600.0,694.375,-18.375,694.6180830139682
1125.375,619.125,1820.0,607.0,694.625,-12.125,694.730815676115
1273.125,619.125,1973.0,612.0,699.875,-7.125,699.9112666974293
1207.125,620.625,1902.0,610.0,694.875,-10.625,694.9562261394598
1243.875,622.125,1939.0,613.0,695.125,-9.125,695.1848899753217
785.625,625.125,1479.0,615.0,693.375,-10.125,693.4489211542549
998.625,625.125,1693.0,614.0,694.375,-11.125,694.4641144436479
1231.125,625.875,1930.0,619.0,698.875,-6.875,698.9088146890122
1267.875,626.625,1966.0,619.0,698.125,-7.625,698.1666393132803
1239.375,628.875,1943.0,620.0,703.625,-8.875,703.6809690832913
943.875,631.125,1639.0,620.0,695.125,-11.125,695.2140183065932
1002.375,632.625,1696.0,623.0,693.625,-9.625,693.6917768360815
1224.375,632.625,1918.0,624.0,693.625,-8.625,693.6786224542313
1270.125,634.125,1966.0,629.0,695.875,-5.125,695.893872117006
893.625,634.875,1585.0,626.0,691.375,-8.875,691.4319606801525
1051.125,636.375,1742.0,625.0,690.875,-11.375,690.968636227434
1231.125,637.875,1923.0,624.0,691.875,-13.875,692.0141120309614
922.125,643.125,1618.0,627.0,695.875,-16.125,696.0618013150844
1240.875,645.375,1944.0,636.0,703.125,-9.375,703.1874972224691
1230.375,647.625,1923.0,644.0,692.625,-3.625,692.6344860386321
805.125,650.625,1499.0,640.0,693.875,-10.625,693.9563431873795
1241.625,657.375,1937.0,650.0,695.375,-7.375,695.4141077444432
1015.875,658.875,1711.0,648.0,695.125,-10.875,695.2100626788999
974.625,661.875,1666.0,651.0,691.375,-10.875,691.4605239997436
1150.125,664.875,1845.0,658.0,694.875,-6.875,694.9090093314376
1267.125,664.875,1960.0,655.0,692.875,-9.875,692.9453667137115
871.875,668.625,1569.0,661.0,697.125,-7.625,697.1666990397633
1252.875,670.125,1948.0,664.0,695.125,-6.125,695.1519842811355
1100.625,671.625,1796.0,658.0,695.375,-13.625,695.5084695745984
900.375,673.125,1594.0,663.0,693.625,-10.125,693.6988945140391
1243.875,673.125,1940.0,663.0,696.125,-10.125,696.1986291641201
935.625,677.625,1630.0,665.0,694.375,-12.625,694.4897632434909
977.625,678.375,1674.0,666.0,696.375,-12.375,696.4849468940445
1027.875,678.375,1723.0,668.0,695.125,-10.375,695.2024210616646
1104.375,678.375,1799.0,668.0,694.625,-10.375,694.7024767841266
1162.875,679.125,1856.0,671.0,693.125,-8.125,693.1726200954564
1196.625,680.625,1890.0,672.0,693.375,-8.625,693.4286417865936
1096.125,688.125,1788.0,674.0,691.875,-14.125,692.019169712805
868.125,688.875,1562.0,678.0,693.875,-10.875,693.9602158985773
856.125,689.625,1548.0,681.0,691.875,-8.625,691.9287580741243
1039.875,691.125,1736.0,682.0,696.125,-9.125,696.1848039493536
1132.125,692.625,1826.0,681.0,693.875,-11.625,693.9723742700426
1136.625,693.375,1831.0,682.0,694.375,-11.375,694.4681643171269
848.625,696.375,1543.0,685.0,694.375,-11.375,694.4681643171269
878.625,696.375,1562.0,684.0,683.375,-12.375,683.48703809948
959.625,696.375,1653.0,686.0,693.375,-10.375,693.4526164418157
1269.375,700.125,1964.0,691.0,694.625,-9.125,694.6849330811774
855.375,700.875,1548.0,687.0,692.625,-13.875,692.763961425535
1034.625,703.125,1730.0,695.0,695.375,-8.125,695.4224660233518
1256.625,704.625,1952.0,695.0,695.375,-9.625,695.4416087997612
1226.625,705.375,1919.0,695.0,692.375,-10.375,692.4527285309806
1024.125,706.125,1714.0,700.0,689.875,-6.125,689.902189625457
1007.625,708.375,1700.0,699.0,692.375,-9.375,692.4384674828515
826.875,709.125,1517.0,692.0,690.125,-17.125,690.3374401334466
841.125,709.125,1538.0,700.0,696.875,-9.125,696.9347395918788
1270.875,709.125,1970.0,703.0,699.125,-6.125,699.1518298981989
1027.875,710.625,1722.0,703.0,694.125,-7.625,694.1668792516681
895.875,712.125,1590.0,700.0,694.125,-12.125,694.230891886842
1170.375,712.125,1864.0,706.0,693.625,-6.125,693.6520426337689
916.125,716.625,1603.0,704.0,686.875,-12.625,686.9910161348546
1123.125,718.125,1818.0,704.0,694.875,-14.125,695.0185474143838
1249.125,721.125,1942.0,713.0,692.875,-8.125,692.9226372763412
933.375,723.375,1627.0,713.0,693.625,-10.375,693.7025884700157
880.875,724.125,1572.0,707.0,691.125,-17.125,691.3371328447504
906.375,724.125,1601.0,716.0,694.625,-8.125,694.6725172698284
995.625,724.125,1687.0,712.0,691.375,-12.125,691.4813130157604
925.125,727.125,1615.0,713.0,689.875,-14.125,690.0195875842946
824.625,727.875,1513.0,709.0,688.375,-18.875,688.6337243048731
989.625,730.125,1681.0,719.0,691.375,-11.125,691.4645010772426
1013.625,730.125,1706.0,717.0,692.375,-13.125,692.4993907939559
1264.875,730.125,1958.0,719.0,693.125,-11.125,693.2142751343195
916.875,730.875,1605.0,730.0,688.125,-0.875,688.1255563122184
1228.125,730.875,1921.0,720.0,692.875,-10.875,692.9603388722908
1268.625,730.875,1963.0,717.0,694.375,-13.875,694.5136112777056
958.875,733.125,1649.0,718.0,690.125,-15.125,690.2907222685236
994.875,733.875,1689.0,717.0,694.125,-16.875,694.3300953077002
1207.125,737.625,1901.0,728.0,693.875,-9.625,693.9417527790066
1103.625,739.125,1798.0,729.0,694.375,-10.125,694.4488147084708
1075.125,739.875,1763.0,735.0,687.875,-4.875,687.892274451458
1219.875,739.875,1915.0,727.0,695.125,-12.875,695.2442241759367
938.625,740.625,1634.0,729.0,695.375,-11.625,695.4721642524595
997.125,745.125,1692.0,729.0,694.875,-16.125,695.0620700700047
1231.875,745.125,1928.0,739.0,696.125,-6.125,696.15194551908
1048.125,746.625,1745.0,731.0,696.875,-15.625,697.0501461516237
1148.625,746.625,1844.0,735.0,695.375,-11.625,695.4721642524595
989.625,747.375,1682.0,740.0,692.375,-7.375,692.4142771852701
979.875,750.375,1671.0,738.0,691.125,-12.375,691.2357819514265
1120.875,752.625,1816.0,742.0,695.125,-10.625,695.2061969300906
935.625,753.375,1629.0,741.0,693.375,-12.375,693.4854225216274
1096.875,755.625,1784.0,742.0,687.125,-13.625,687.2600717705052
1081.125,757.125,1772.0,748.0,690.875,-9.125,690.9352583636183
1159.875,758.625,1864.0,749.0,704.125,-9.625,704.1907811452803
1207.875,758.625,1904.0,749.0,696.125,-9.625,696.1915370427882
947.625,761.625,1639.0,746.0,691.375,-15.625,691.5515391133188
990.375,766.125,1682.0,755.0,691.625,-11.125,691.7144687296919
1027.125,767.625,1716.0,754.0,688.875,-13.625,689.0097287049001
863.625,768.375,1551.0,757.0,687.375,-11.375,687.469112942538
889.125,768.375,1579.0,751.0,689.875,-17.375,690.0937662738304
1068.375,769.125,1764.0,756.0,695.625,-13.125,695.748809736675
1080.375,769.125,1773.0,757.0,692.625,-12.125,692.7311211790618
1090.875,769.875,1787.0,754.0,696.125,-15.875,696.3059896697715
883.125,773.625,1575.0,762.0,691.875,-11.625,691.972655709747
968.625,773.625,1674.0,767.0,705.375,-6.625,705.4061108680587
1123.875,775.125,1818.0,765.0,694.125,-10.125,694.1988412911678
1087.875,775.875,1781.0,765.0,693.125,-10.875,693.2103080956024
1003.125,776.625,1699.0,767.0,695.875,-9.625,695.9415609445954
1142.625,777.375,1835.0,766.0,692.375,-11.375,692.4684333960646
1102.125,778.875,1796.0,768.0,693.875,-10.875,693.9602158985773
862.125,779.625,1555.0,763.0,692.875,-16.625,693.0744233125329
943.875,783.375,1638.0,770.0,694.125,-13.375,694.2538485669345
1164.375,784.875,1859.0,773.0,694.625,-11.875,694.7264974434183
855.375,787.875,1548.0,776.0,692.625,-11.875,692.7267904809225
1017.375,787.875,1713.0,777.0,695.625,-10.875,695.710001545184
1073.625,787.875,1768.0,776.0,694.375,-11.875,694.4765339808106
955.875,796.875,1649.0,784.0,693.125,-12.875,693.2445681359501
1338.125,517.875,2048.0,508.0,709.875,-9.875,709.9436817452495
1360.625,517.875,2056.0,510.0,695.375,-7.875,695.4195900677519
1500.125,517.875,2189.0,506.0,688.875,-11.875,688.9773445114142
1511.375,517.875,2198.0,506.0,686.625,-11.875,686.7276798338626
1766.375,517.875,2463.0,508.0,696.625,-9.875,696.6949879610158
1506.125,518.625,2193.0,513.0,686.875,-5.625,686.898031915946
1296.125,520.125,1983.0,507.0,686.875,-13.125,687.0003866447238
1603.625,520.125,2291.0,526.0,687.375,5.875,687.4001063791014
1116.125,520.875,1808.0,502.0,691.875,-18.875,692.1324159797748
1185.125,520.875,1879.0,514.0,693.875,-6.875,693.9090583426621
1390.625,520.875,2094.0,516.0,703.375,-4.875,703.3918937903678
1119.875,523.125,1810.0,508.0,690.125,-15.125,690.2907222685236
1219.625,523.125,1914.0,517.0,694.375,-6.125,694.4020134259405
1099.625,523.875,1788.0,509.0,688.375,-14.875,688.5356971501187
1455.875,523.875,2149.0,517.0,693.125,-6.875,693.1590951938812
1254.875,528.375,1946.0,516.0,691.125,-12.375,691.2357819514265
1431.125,528.375,2125.0,517.0,693.875,-11.375,693.9682314414688
1509.875,529.125,2197.0,527.0,687.125,-2.125,687.1282858753524
1175.375,530.625,1868.0,517.0,692.625,-13.625,692.7589994002243
1305.125,530.625,1999.0,524.0,693.875,-6.625,693.9066264635322
1335.875,531.375,2033.0,518.0,697.125,-13.375,697.2532941836847
1421.375,531.375,2115.0,520.0,693.625,-11.375,693.7182650399224
1297.625,534.375,1995.0,519.0,697.375,-15.375,697.5444654285488
1127.375,535.125,1820.0,523.0,692.625,-12.125,692.7311211790618
1447.625,535.125,2147.0,530.0,699.375,-5.125,699.3937776746374
1551.875,535.125,2239.0,533.0,687.125,-2.125,687.1282858753524
1596.875,535.125,2289.0,536.0,692.125,0.875,692.1255530971241
1083.875,538.125,1772.0,529.0,688.125,-9.125,688.1854991570224
1179.125,539.625,1870.0,530.0,690.875,-9.625,690.9420426128374
1547.375,540.375,2247.0,546.0,699.625,5.625,699.647612194882
1419.875,541.125,2112.0,531.0,692.125,-10.125,692.1990546439658
1471.625,541.125,2166.0,533.0,694.375,-8.125,694.4225343765854
1530.125,541.875,2242.0,545.0,711.875,3.125,711.8818590538742
1167.875,542.625,1854.0,528.0,686.125,-14.625,686.2808508548086
1452.125,542.625,2146.0,538.0,693.875,-4.625,693.8904137181894
1518.125,543.375,2208.0,539.0,689.875,-4.375,689.8888723917788
1299.875,544.875,1990.0,540.0,690.125,-4.875,690.1422181333352
1390.625,546.375,2085.0,535.0,694.375,-11.375,694.4681643171269
1427.375,546.375,2126.0,539.0,698.625,-7.375,698.6639258255717
1485.875,548.625,2182.0,542.0,696.125,-6.625,696.1565242458049
1450.625,550.875,2143.0,547.0,692.375,-3.875,692.3858434789088
1501.625,551.625,2200.0,545.0,698.375,-6.625,698.406422686676
1403.375,553.125,2091.0,542.0,687.625,-11.125,687.7149891124957
1387.625,556.875,2084.0,553.0,696.375,-3.875,696.3857811945904
1063.625,558.375,1753.0,536.0,689.375,-22.375,689.7380163873817
1287.125,559.125,1983.0,550.0,695.875,-9.125,695.9348254326694
1398.875,559.125,2096.0,552.0,697.125,-7.125,697.1614097538676
1284.875,562.875,1974.0,552.0,689.125,-10.875,689.2108032017491
1236.875,564.375,1927.0,551.0,690.125,-13.375,690.2545952400462
1077.875,565.125,1775.0,549.0,697.125,-16.125,697.3114664552706
1295.375,565.125,1994.0,555.0,698.625,-10.125,698.6983657129878
1541.375,565.875,2235.0,555.0,693.625,-10.875,693.7102466087697
1278.875,568.125,1972.0,558.0,693.125,-10.125,693.198947813685
1104.125,571.125,1800.0,559.0,695.875,-12.125,695.9806256283289
1398.125,571.125,2085.0,561.0,686.875,-10.125,686.9496206054706
1276.625,571.875,1972.0,564.0,695.375,-7.875,695.4195900677519
1495.625,571.875,2191.0,553.0,695.375,-18.875,695.6311208176356
1381.625,572.625,2073.0,566.0,691.375,-6.625,691.4067408190348
1194.875,574.125,1889.0,562.0,694.125,-12.125,694.230891886842
1546.625,574.125,2238.0,569.0,691.375,-5.125,691.3939949478879
1579.625,575.625,2274.0,567.0,694.375,-8.625,694.4285645406588
1583.375,575.625,2279.0,567.0,695.625,-8.625,695.6784682955195
1032.875,577.125,1725.0,562.0,692.125,-15.125,692.2902435034023
1517.375,577.125,2205.0,561.0,687.625,-16.125,687.8140419110387
1746.125,577.875,2439.0,563.0,692.875,-14.875,693.0346537150938
1563.875,578.625,2260.0,571.0,696.125,-7.625,696.166758937828
1746.125,581.625,2440.0,568.0,693.875,-13.625,694.0087580499255
1448.375,585.375,2139.0,574.0,690.625,-11.375,690.7186701183051
1505.375,585.375,2199.0,576.0,693.625,-9.375,693.6883531168734
1745.375,585.375,2439.0,573.0,693.625,-12.375,693.7353827288904
1353.875,586.875,2055.0,578.0,701.125,-8.875,701.1811686361807
1301.375,587.625,1998.0,575.0,696.625,-12.625,696.7393926354387
1491.875,587.625,2186.0,574.0,694.125,-13.625,694.2587098841468
1416.875,589.875,2111.0,574.0,694.125,-15.875,694.3065110237696
1095.125,591.375,1787.0,583.0,691.875,-8.375,691.9256869418854
1098.875,591.375,1792.0,580.0,693.125,-11.375,693.2183323095257
1102.625,591.375,1797.0,579.0,694.375,-12.375,694.4852635225603
1275.125,592.875,1968.0,579.0,692.875,-13.875,693.0139112961587
1359.125,594.375,2047.0,585.0,687.875,-9.375,687.9388826414742
1302.125,596.625,1992.0,581.0,689.875,-15.625,690.051922865229
1338.875,598.125,2033.0,589.0,694.125,-9.125,694.1849762491263
1289.375,598.875,1982.0,586.0,692.625,-12.875,692.7446544362504
1446.875,599.625,2141.0,590.0,694.125,-9.625,694.1917287392583
1417.625,601.875,2117.0,587.0,699.375,-14.875,699.533170228546
1500.875,603.375,2186.0,592.0,685.125,-11.375,685.2194219737207
1523.375,604.125,2220.0,589.0,696.625,-15.125,696.7891763295409
1260.125,604.875,1955.0,593.0,694.875,-11.875,694.976460932311
1342.625,607.125,2037.0,596.0,694.375,-11.125,694.4641144436479
1563.125,607.125,2259.0,598.0,695.875,-9.125,695.9348254326694
1074.125,608.625,1765.0,592.0,690.875,-16.625,691.075000452194
1356.875,608.625,2053.0,595.0,696.125,-13.625,696.2583258030025
1652.375,608.625,2345.0,589.0,692.625,-19.625,692.9029739076027
1081.625,609.375,1770.0,601.0,688.375,-8.375,688.4259446374751
1408.625,610.125,2110.0,600.0,701.375,-10.125,701.4480780856128
1514.375,610.125,2210.0,590.0,695.625,-20.125,695.9160554621512
1623.125,610.125,2317.0,600.0,693.875,-10.125,693.948867893017
1510.625,611.625,2203.0,603.0,692.375,-8.625,692.4287192556358
1332.875,613.125,2028.0,607.0,695.125,-6.125,695.1519842811355
1449.875,615.375,2138.0,601.0,688.125,-14.375,688.2751312157079
1453.625,615.375,2150.0,604.0,696.375,-11.375,696.467896783477
1491.875,615.375,2176.0,603.0,684.125,-12.375,684.2369152932338
1564.625,617.625,2261.0,609.0,696.375,-8.625,696.4284107142672
1407.875,619.125,2109.0,609.0,701.125,-10.125,701.198104140335
1125.875,619.875,1820.0,607.0,694.125,-12.875,694.2443959082422
1207.625,620.625,1902.0,610.0,694.375,-10.625,694.4562846212856
1239.125,622.125,1933.0,612.0,693.875,-10.125,693.948867893017
1602.875,622.125,2298.0,612.0,695.125,-10.125,695.1987350750862
1167.875,622.875,1851.0,609.0,683.125,-13.875,683.2658935216948
1255.625,622.875,1952.0,618.0,696.375,-4.875,696.3920636035422
1298.375,623.625,1993.0,615.0,694.625,-8.625,694.6785452639227
1051.625,624.375,1746.0,615.0,694.375,-9.375,694.4382846949036
1342.625,625.125,2034.0,615.0,691.375,-10.125,691.4491349694495
1630.625,625.125,2339.0,614.0,708.375,-11.125,708.462353445827
1556.375,625.875,2238.0,606.0,681.625,-19.875,681.9146986610568
1622.375,625.875,2322.0,610.0,699.625,-15.875,699.8050844699544
1503.125,627.375,2199.0,625.0,695.875,-2.375,695.8790528892215
1506.875,627.375,2206.0,616.0,699.125,-11.375,699.2175314235192
1458.875,628.125,2159.0,613.0,700.125,-15.125,700.2883557863861
1239.125,628.875,1930.0,619.0,690.875,-9.875,690.9455703961058
1362.125,631.875,2063.0,620.0,700.875,-11.875,700.9755924780834
1540.625,632.625,2232.0,617.0,691.375,-15.625,691.5515391133188
1289.375,636.375,1988.0,623.0,698.625,-13.375,698.7530187770211
1374.125,636.375,2079.0,622.0,704.875,-14.375,705.0215643865087
1416.875,636.375,2110.0,623.0,693.125,-13.375,693.2540344274961
1524.875,636.375,2213.0,626.0,688.125,-10.375,688.2032085438137
1584.875,637.875,2285.0,618.0,700.125,-19.875,700.4070468306269
1392.125,640.125,2086.0,627.0,693.875,-13.125,693.9991219374849
1203.125,640.875,1890.0,634.0,686.875,-6.875,686.9094054167551
1216.625,640.875,1911.0,631.0,694.375,-9.875,694.4452147217951
1403.375,640.875,2097.0,628.0,693.625,-12.875,693.744481960037
1578.875,640.875,2272.0,628.0,693.125,-12.875,693.2445681359501
1316.375,641.625,1996.0,629.0,679.625,-12.625,679.7422535417377
1428.125,643.125,2136.0,629.0,707.875,-14.125,708.015911720916
1545.875,643.125,2240.0,627.0,694.125,-16.125,694.31227214417
1240.625,644.625,1935.0,632.0,694.375,-12.625,694.4897632434909
1634.375,645.375,2338.0,634.0,703.625,-11.375,703.7169397207942
1057.625,646.125,1753.0,637.0,695.375,-9.125,695.4348684456367
1194.875,649.125,1893.0,644.0,698.125,-5.125,698.143811295352
1579.625,649.125,2281.0,637.0,701.375,-12.125,701.4797974639041
1418.375,651.375,2112.0,640.0,693.625,-11.375,693.7182650399224
1260.875,652.125,1954.0,638.0,693.125,-14.125,693.2689097673427
1314.875,652.125,1997.0,638.0,682.125,-14.125,682.271229973828
1511.375,655.875,2211.0,640.0,699.625,-15.875,699.8050844699544
1247.375,657.375,1937.0,650.0,689.625,-7.375,689.6644338009609
1285.625,657.375,1982.0,644.0,696.375,-13.375,696.5034323318156
1642.625,657.375,2357.0,647.0,714.375,-10.375,714.4503350478604
1313.375,658.875,2001.0,643.0,687.625,-15.875,687.8082263610984
1539.125,658.875,2223.0,642.0,683.875,-16.875,684.083168372092
1436.375,661.125,2135.0,652.0,698.625,-9.125,698.6845899617366
1547.375,661.875,2246.0,645.0,698.625,-16.875,698.8287746293795
1053.875,664.125,1758.0,658.0,704.125,-6.125,704.1516393860061
1190.375,664.125,1880.0,656.0,689.625,-8.125,689.6728617612846
1150.625,664.875,1845.0,658.0,694.375,-6.875,694.4090338194053
1267.625,664.875,1960.0,655.0,692.375,-9.875,692.4454175240096
1101.125,667.125,1796.0,658.0,694.875,-9.125,694.9349115204963
1593.125,667.875,2288.0,660.0,694.875,-7.875,694.9196221506485
1382.375,668.625,2074.0,653.0,691.625,-15.625,691.8014753164379
1440.875,668.625,2138.0,657.0,697.125,-11.625,697.221920373994
1344.125,669.375,2028.0,650.0,683.875,-19.375,684.1494034565842
1244.375,673.125,1940.0,663.0,695.625,-10.125,695.6986820815459
1362.875,673.125,2058.0,659.0,695.125,-14.125,695.2684957985656
1036.625,674.625,1723.0,668.0,686.375,-6.625,686.4069720289851
1550.375,675.375,2251.0,668.0,700.625,-7.375,700.6638147143036
1083.875,678.375,1784.0,664.0,700.125,-14.375,700.2725585441714
1162.625,679.125,1856.0,671.0,693.375,-8.125,693.4226029269597
1197.125,679.875,1890.0,672.0,692.875,-7.875,692.9197509452304
1300.625,679.875,1995.0,669.0,694.375,-10.875,694.4601545445211
1288.625,680.625,1985.0,669.0,696.375,-11.625,696.4720247432771
1392.875,681.375,2086.0,668.0,693.125,-13.375,693.2540344274961
1404.125,682.125,2100.0,666.0,695.875,-16.125,696.0618013150844
1627.625,683.625,2332.0,672.0,704.375,-11.625,704.4709229272703
1347.125,686.625,2036.0,673.0,688.875,-13.625,689.0097287049001
1370.375,688.875,2075.0,675.0,704.625,-13.875,704.7615953285195
1447.625,688.875,2140.0,679.0,692.375,-9.875,692.4454175240096
1406.375,689.625,2100.0,681.0,693.625,-8.625,693.6786224542313
1039.625,691.125,1736.0,682.0,696.375,-9.125,696.4347824814611
1458.125,691.875,2151.0,680.0,692.875,-11.875,692.976753758739
1313.375,692.625,2009.0,681.0,695.625,-11.625,695.7221293375682
1461.875,692.625,2156.0,682.0,694.125,-10.625,694.2063138937876
1125.125,693.375,1822.0,686.0,696.875,-7.375,696.9140235710571
1406.375,693.375,2107.0,685.0,700.625,-8.375,700.6750539658166
1139.375,695.625,1831.0,682.0,691.625,-13.625,691.7591931084111
1466.375,698.625,2156.0,687.0,689.625,-11.625,689.7229742802541
1480.625,698.625,2174.0,684.0,693.375,-14.625,693.5292216266017
1269.125,700.125,1964.0,691.0,694.875,-9.125,694.9349115204963
1410.875,700.875,2114.0,696.0,703.125,-4.875,703.1418997969045
1310.375,701.625,2003.0,690.0,692.625,-11.625,692.7225499794272
1035.125,703.125,1730.0,695.0,694.875,-8.125,694.9225001753792
1401.125,703.125,2090.0,691.0,688.875,-12.125,688.9816987772607
1323.125,703.875,2016.0,699.0,692.875,-4.875,692.8921497967775
1257.125,705.375,1952.0,695.0,694.875,-10.375,694.9524489128735
1281.125,705.375,1977.0,696.0,695.875,-9.375,695.9381482933667
1479.125,706.125,2175.0,692.0,695.875,-14.125,696.0183411735642
1310.375,709.875,1995.0,695.0,684.625,-14.875,684.7865771537873
1391.375,710.625,2102.0,712.0,710.625,1.375,710.6263302538121
1370.375,711.375,2071.0,700.0,700.625,-11.375,700.7173333449088
1529.375,712.875,2228.0,703.0,698.625,-9.875,698.6947876218915
1377.875,713.625,2078.0,703.0,700.125,-10.625,700.2056171225706
1411.625,715.875,2115.0,716.0,703.375,0.125,703.3750111071618
1306.625,718.125,1999.0,704.0,692.375,-14.125,692.5190656220232
1095.875,720.375,1798.0,708.0,702.125,-12.375,702.2340466326024
1602.875,720.375,2300.0,713.0,697.125,-7.375,697.1640095773735
1275.875,721.125,1971.0,713.0,695.125,-8.125,695.1724830932249
1156.625,721.875,1851.0,711.0,694.375,-10.875,694.4601545445211
1533.125,724.875,2227.0,715.0,693.875,-9.875,693.9452653127622
1456.625,727.125,2152.0,715.0,695.375,-12.125,695.4807015654712
1464.125,727.125,2161.0,717.0,696.875,-10.125,696.9485499303374
1263.875,729.375,1958.0,719.0,694.125,-10.375,694.2025325868525
1310.375,730.875,1996.0,720.0,685.625,-10.875,685.7112411576757
1320.125,731.625,2016.0,720.0,695.875,-11.625,695.9720944477588
1449.125,731.625,2140.0,729.0,690.875,-2.625,690.8799868645784
1622.375,732.375,2313.0,718.0,690.625,-14.375,690.7745878721944
1452.875,734.625,2150.0,725.0,697.125,-9.625,697.1914416069664
1589.375,736.875,2283.0,726.0,693.625,-10.875,693.7102466087697
1338.875,737.625,2030.0,722.0,691.125,-15.625,691.3016029563363
1104.125,739.125,1798.0,729.0,693.875,-10.125,693.948867893017
1219.625,739.125,1915.0,727.0,695.375,-12.125,695.4807015654712
1463.375,740.625,2160.0,728.0,696.625,-12.625,696.7393926354387
1599.875,740.625,2296.0,725.0,696.125,-15.625,696.3003348053195
1130.375,743.625,1830.0,728.0,699.625,-15.625,699.7994578806131
1443.875,743.625,2140.0,734.0,696.125,-9.625,696.1915370427882
1231.625,745.125,1928.0,739.0,696.375,-6.125,696.4019358459595
1141.625,745.875,1839.0,738.0,697.375,-7.875,697.4194621961736
1341.875,746.625,2036.0,731.0,694.125,-15.625,694.300839874186
1374.125,746.625,2071.0,737.0,696.875,-9.625,696.9414654402477
1085.375,749.625,1784.0,742.0,698.625,-7.625,698.6666095141516
1536.875,751.125,2234.0,741.0,697.125,-10.125,697.1985235569565
1630.625,751.125,2318.0,733.0,687.375,-18.125,687.613922379412
1121.375,752.625,1816.0,742.0,694.625,-10.625,694.7062553698505
1365.125,753.375,2059.0,744.0,693.875,-9.375,693.9383302931176
1345.625,754.875,2045.0,744.0,699.375,-10.875,699.4595458280629
1096.625,755.625,1787.0,754.0,690.375,-1.625,690.376912454349
1281.875,757.125,1945.0,738.0,663.125,-19.125,663.4007320240158
1206.875,758.625,1902.0,739.0,695.125,-19.625,695.4019745801704
1137.875,759.375,1832.0,751.0,694.125,-8.375,694.1755226525926
1171.625,759.375,1873.0,749.0,701.375,-10.375,701.4517312331619
1524.875,762.375,2213.0,738.0,688.125,-24.375,688.5565744730059
1080.875,768.375,1773.0,757.0,692.125,-11.375,692.2184671402518
1068.125,769.125,1764.0,756.0,695.875,-13.125,695.9987652647094
1071.125,775.125,1763.0,769.0,691.875,-6.125,691.9021110316112
1123.625,775.125,1818.0,765.0,694.375,-10.125,694.4488147084708
1088.375,775.875,1781.0,765.0,692.625,-10.875,692.7103696711923
1142.375,778.125,1835.0,766.0,692.625,-12.125,692.7311211790618
1766.125,517.875,2463.0,508.0,696.875,-9.875,696.944962855748
1784.125,517.875,2475.0,500.0,690.875,-17.875,691.1062011369888
1802.125,517.875,2495.0,508.0,692.875,-9.875,692.9453667137115
2098.375,517.875,2791.0,506.0,692.625,-11.875,692.7267904809225
1835.125,519.375,2531.0,510.0,695.875,-9.375,695.9381482933667
2246.875,526.125,2943.0,515.0,696.125,-11.125,696.2138904460325
2087.875,528.375,2782.0,519.0,694.125,-9.375,694.1883074858002
1787.125,530.625,2480.0,511.0,692.875,-19.625,693.1528736505389
2146.375,530.625,2843.0,517.0,696.625,-13.625,696.7582301272084
1754.875,535.125,2450.0,523.0,695.125,-12.125,695.2307395749989
1954.375,536.625,2654.0,525.0,699.625,-11.625,699.7215740921528
2125.375,536.625,2823.0,525.0,697.625,-11.625,697.7218509191181
1783.375,537.375,2479.0,526.0,695.625,-11.375,695.7179969283532
1963.375,538.125,2659.0,528.0,695.625,-10.125,695.6986820815459
1958.125,538.875,2654.0,530.0,695.875,-8.875,695.9315923637897
1811.125,541.125,2509.0,530.0,697.875,-11.125,697.9636675716007
2136.625,541.125,2835.0,529.0,698.375,-12.125,698.4802475732581
1847.125,541.875,2543.0,540.0,695.875,-1.875,695.8775260417598
1954.375,541.875,2648.0,531.0,693.625,-10.875,693.7102466087697
1979.875,541.875,2674.0,532.0,694.125,-9.875,694.1952400081694
2053.375,543.375,2750.0,529.0,696.625,-14.375,696.7732997539443
2297.125,544.125,2993.0,535.0,695.875,-9.125,695.9348254326694
1914.625,547.875,2614.0,535.0,699.375,-12.875,699.4934997910989
1931.125,549.375,2630.0,538.0,698.875,-11.375,698.9675645192701
2123.875,550.875,2821.0,540.0,697.125,-10.875,697.2098186701045
2025.625,551.625,2722.0,543.0,696.375,-8.625,696.4284107142672
1900.375,552.375,2598.0,543.0,697.625,-9.375,697.6879898994965
2151.625,554.625,2852.0,541.0,700.375,-13.625,700.5075169118459
1793.875,556.125,2490.0,546.0,696.125,-10.125,696.1986291641201
1981.375,556.125,2679.0,541.0,697.625,-15.125,697.7889410487959
1973.125,556.875,2669.0,545.0,695.875,-11.875,695.9763151501637
1802.875,560.625,2500.0,550.0,697.125,-10.625,697.2059640092015
1958.875,561.375,2654.0,548.0,695.125,-13.375,695.2536632409785
2040.625,563.625,2733.0,556.0,692.375,-7.625,692.4169850964086
2221.375,563.625,2918.0,552.0,696.625,-11.625,696.721989928551
1541.875,565.125,2235.0,555.0,693.125,-10.125,693.198947813685
1904.125,566.625,2605.0,563.0,700.875,-3.625,700.8843743799686
1767.625,568.125,2461.0,561.0,693.375,-7.125,693.4116066594213
1571.125,568.875,2265.0,554.0,693.875,-14.875,694.0344236779614
1952.125,569.625,2650.0,558.0,697.875,-11.625,697.9718162289936
1811.875,571.125,2509.0,566.0,697.125,-5.125,697.14383827873
1960.375,571.125,2657.0,563.0,696.625,-8.125,696.6723808577458
2180.875,572.625,2876.0,561.0,695.125,-11.625,695.2221991924596
2112.625,573.375,2806.0,564.0,693.375,-9.375,693.4383759570853
1583.875,575.625,2279.0,567.0,695.125,-8.625,695.1785067520428
1751.875,576.375,2440.0,568.0,688.125,-8.375,688.1759631446016
1745.875,577.125,2439.0,563.0,693.125,-14.125,693.2689097673427
1564.375,578.625,2260.0,571.0,695.625,-7.625,695.6667889514347
2127.625,578.625,2825.0,567.0,697.375,-11.625,697.4718856341093
1986.625,580.125,2686.0,569.0,699.375,-11.125,699.4634774239468
2123.875,581.625,2818.0,570.0,694.125,-11.625,694.222339204091
1841.125,582.375,2535.0,567.0,693.875,-15.375,694.0453200260052
1831.375,583.875,2527.0,576.0,695.625,-7.875,695.6695740435972
1937.875,583.875,2635.0,574.0,697.125,-9.875,697.1949377684838
2144.875,584.625,2841.0,574.0,696.125,-10.625,696.2060803023771
2018.125,586.125,2714.0,573.0,695.875,-13.125,695.9987652647094
1753.375,586.875,2444.0,577.0,690.625,-9.875,690.69559593934
1745.125,587.625,2435.0,582.0,689.875,-5.625,689.8979317623731
1852.375,592.875,2548.0,583.0,695.625,-9.875,695.6950885625109
1999.375,594.375,2695.0,581.0,695.625,-13.375,695.7535707777575
1948.375,595.125,2644.0,585.0,695.625,-10.125,695.6986820815459
1738.375,598.125,2427.0,587.0,688.625,-11.125,688.7148584501426
1911.625,599.625,2606.0,593.0,694.375,-6.625,694.4066036912379
2030.875,601.125,2725.0,591.0,694.125,-10.125,694.1988412911678
2142.625,601.875,2839.0,591.0,696.375,-10.875,696.4599100091835
2232.625,603.375,2926.0,593.0,693.375,-10.375,693.4526164418157
1730.875,606.375,2419.0,586.0,688.125,-20.375,688.4265801448983
2280.625,607.875,2974.0,597.0,693.375,-10.875,693.4602773411034
1652.125,608.625,2345.0,589.0,692.875,-19.625,693.1528736505389
2273.875,610.125,2972.0,602.0,698.125,-8.125,698.1722790615509
2195.125,611.625,2890.0,598.0,694.875,-13.625,695.0085655946982
2294.125,611.625,2990.0,600.0,695.875,-11.625,695.9720944477588
1652.125,612.375,2346.0,603.0,693.875,-9.375,693.9383302931176
2242.375,612.375,2937.0,601.0,694.625,-11.375,694.7181307911865
1764.625,613.875,2460.0,607.0,695.375,-6.875,695.4089848786828
2027.125,614.625,2720.0,605.0,692.875,-9.625,692.9418491114532
1817.125,616.875,2513.0,603.0,695.875,-13.875,696.0133125522816
1565.125,618.375,2261.0,609.0,695.875,-9.375,695.9381482933667
1899.625,620.625,2595.0,608.0,695.375,-12.625,695.4895982327845
2081.125,620.625,2778.0,607.0,696.875,-13.625,697.0081823407814
2264.125,620.625,2961.0,608.0,696.875,-12.625,696.989351604456
2278.375,621.375,2974.0,612.0,695.625,-9.375,695.6881709861107
1849.375,622.125,2547.0,614.0,697.625,-8.125,697.6723129449814
1791.625,623.625,2487.0,612.0,695.375,-11.625,695.4721642524595
1807.375,624.375,2503.0,613.0,695.625,-11.375,695.7179969283532
1926.625,624.375,2621.0,612.0,694.375,-12.375,694.4852635225603
2252.125,624.375,2948.0,613.0,695.875,-11.375,695.9679635227473
1622.875,625.875,2322.0,610.0,699.125,-15.875,699.3052132295311
2112.625,629.625,2807.0,618.0,694.375,-11.625,694.4723041633841
2275.375,629.625,2972.0,621.0,696.625,-8.625,696.6783915480657
1868.875,631.125,2566.0,615.0,697.125,-16.125,697.3114664552706
2008.375,631.125,2705.0,623.0,696.625,-8.125,696.6723808577458
2012.125,631.125,2710.0,619.0,697.875,-12.125,697.9803229676321
1835.875,631.875,2532.0,623.0,696.125,-8.875,696.1815720413748
1541.875,632.625,2232.0,617.0,690.125,-15.625,690.3018587907757
1583.125,633.375,2285.0,618.0,701.875,-15.375,702.0433791796629
2045.125,633.375,2743.0,623.0,697.875,-10.375,697.9521160151318
2247.625,633.375,2943.0,623.0,695.375,-10.375,695.4523932304784
2141.875,634.125,2836.0,623.0,694.125,-11.125,694.2141465354908
2204.875,634.875,2903.0,625.0,698.125,-9.875,698.1948375990759
2074.375,635.625,2772.0,624.0,697.625,-11.625,697.7218509191181
2227.375,635.625,2924.0,624.0,696.625,-11.625,696.721989928551
2255.875,638.625,2952.0,628.0,696.125,-10.625,696.2060803023771
1920.625,640.875,2615.0,628.0,694.375,-12.875,694.4943529288054
1883.875,641.625,2579.0,632.0,695.125,-9.625,695.1916327531568
1546.375,642.375,2240.0,627.0,693.625,-15.375,693.7953813985793
1757.875,643.125,2454.0,634.0,696.125,-9.125,696.1848039493536
2130.625,643.125,2827.0,631.0,696.375,-12.125,696.480549800208
2139.625,643.125,2839.0,632.0,699.375,-11.125,699.4634774239468
2058.625,644.625,2755.0,634.0,696.375,-10.625,696.4560511977766
1634.875,645.375,2338.0,634.0,703.125,-11.375,703.2170050916004
1580.125,647.625,2281.0,637.0,700.875,-10.625,700.9555308648331
2004.625,648.375,2701.0,637.0,696.375,-11.375,696.467896783477
2177.875,649.125,2873.0,638.0,695.125,-11.125,695.2140183065932
2132.875,652.125,2829.0,644.0,696.125,-8.125,696.1724148872893
1814.125,652.875,2508.0,640.0,693.875,-12.875,693.9944389186414
2023.375,654.375,2721.0,643.0,697.625,-11.375,697.7177303537585
1967.125,655.125,2660.0,643.0,692.875,-12.125,692.9810828947642
1583.125,656.625,2267.0,642.0,683.875,-14.625,684.0313634987799
2033.875,656.625,2727.0,644.0,693.125,-12.625,693.2399701762731
2093.875,656.625,2785.0,645.0,691.125,-11.625,691.2227616694925
1781.125,657.375,2474.0,653.0,692.875,-4.375,692.8888123285005
1832.125,659.625,2529.0,651.0,696.875,-8.625,696.9283723956142
1812.625,661.125,2512.0,653.0,699.375,-8.125,699.4221945649138
2264.875,661.125,2962.0,650.0,697.125,-11.125,697.213762952224
2016.625,661.875,2712.0,651.0,695.375,-10.875,695.4600321010547
2248.375,661.875,2938.0,651.0,689.625,-10.875,689.7107409994425
2036.125,662.625,2730.0,652.0,693.875,-10.625,693.9563431873795
1922.875,663.375,2619.0,649.0,696.125,-14.375,696.273406249298
2231.125,664.875,2927.0,650.0,695.875,-14.875,696.0339655864503
2207.125,667.875,2905.0,658.0,697.875,-9.875,697.9448626145191
2123.125,668.625,2817.0,659.0,693.875,-9.625,693.9417527790066
2180.875,668.625,2877.0,656.0,696.125,-12.625,696.2394747857952
1989.625,669.375,2685.0,658.0,695.375,-11.375,695.4680303579742
2042.125,669.375,2739.0,657.0,696.875,-12.375,696.98486802082
1715.125,670.125,2410.0,652.0,694.875,-18.125,695.1113444981314
2004.625,670.125,2700.0,654.0,695.375,-16.125,695.5619355959611
2020.375,670.875,2716.0,661.0,695.625,-9.875,695.6950885625109
2093.125,670.875,2788.0,659.0,694.875,-11.875,694.976460932311
1673.125,671.625,2376.0,658.0,702.875,-13.625,703.007045661706
1757.875,672.375,2454.0,665.0,696.125,-7.375,696.1640656124101
1727.125,674.625,2427.0,664.0,699.875,-10.625,699.9556459162252
1779.625,676.875,2473.0,665.0,693.375,-11.875,693.4766803937966
1888.375,678.375,2583.0,669.0,694.625,-9.375,694.6882619204099
1830.625,682.125,2519.0,668.0,688.375,-14.125,688.5199025808913
2031.625,682.125,2730.0,670.0,698.375,-12.125,698.4802475732581
2200.375,682.125,2896.0,673.0,695.625,-9.125,695.6848469314249
1628.125,683.625,2332.0,672.0,703.875,-11.625,703.97099105716
2185.375,683.625,2883.0,671.0,697.625,-12.625,697.7392286879103
1679.875,686.625,2387.0,673.0,707.125,-13.625,707.2562521816262
1736.125,686.625,2437.0,679.0,700.875,-7.625,700.9164759441741
1648.375,687.375,2341.0,673.0,692.625,-14.375,692.7741560205606
1744.375,690.375,2474.0,699.0,729.625,8.625,729.6759768897425
2277.625,691.125,2973.0,680.0,695.375,-11.125,695.4639863069834
1993.375,691.875,2689.0,676.0,695.625,-15.875,695.8061197273275
2255.125,691.875,2951.0,680.0,695.875,-11.875,695.9763151501637
2039.125,692.625,2734.0,682.0,694.875,-10.625,694.9562261394598
2240.875,693.375,2937.0,683.0,696.125,-10.375,696.2023098568404
1732.375,694.125,2424.0,684.0,691.625,-10.125,691.6991081749347
2290.375,694.125,2982.0,675.0,691.625,-19.125,691.8893742860921
1772.125,694.875,2466.0,686.0,693.875,-8.875,693.9317554702335
1719.625,695.625,2414.0,679.0,694.375,-16.625,694.5739926386533
2231.125,697.125,2920.0,684.0,688.875,-13.125,689.0000226777935
1574.875,698.625,2265.0,684.0,690.125,-14.625,690.2799477385969
2193.625,698.625,2886.0,687.0,692.375,-11.625,692.4725851974214
1760.875,700.125,2449.0,687.0,688.125,-13.125,688.2501589175262
1942.375,700.125,2636.0,689.0,693.625,-11.125,693.7142107885638
1640.125,701.625,2341.0,688.0,700.875,-13.625,701.0074223929445
2111.875,703.875,2807.0,692.0,695.125,-11.875,695.2264244474601
2136.625,710.625,2838.0,699.0,701.375,-11.625,701.4713331633731
1883.875,712.125,2577.0,701.0,693.125,-11.125,693.2142751343195
1850.875,715.875,2545.0,707.0,694.125,-8.875,694.1817350305322
1592.125,718.875,2284.0,711.0,691.875,-7.875,691.9198156217236
1603.375,720.375,2300.0,713.0,696.625,-7.375,696.664037574784
1720.375,720.375,2412.0,702.0,691.625,-18.375,691.8690492065678
1644.625,724.125,2350.0,712.0,705.375,-12.125,705.479203272499
1859.875,724.125,2555.0,715.0,695.125,-9.125,695.1848899753217
1787.875,727.875,2480.0,721.0,692.125,-6.875,692.1591444530658
1841.875,727.875,2538.0,715.0,696.125,-12.875,696.2440529368994
1589.125,737.625,2283.0,726.0,693.875,-11.625,693.9723742700426
1609.375,739.125,2305.0,728.0,695.625,-11.125,695.7139543303699
1601.875,740.625,2296.0,725.0,694.125,-15.625,694.300839874186
2131.125,517.875,2830.0,505.0,698.875,-12.875,698.9935845556811
2584.125,517.875,3280.0,505.0,695.875,-12.875,695.994095700531
2684.625,517.875,3383.0,508.0,698.375,-9.875,698.4448126015398
2367.375,518.625,3055.0,509.0,687.625,-9.625,687.6923594529752
2116.875,519.375,2819.0,507.0,702.125,-12.375,702.2340466326024
2436.375,519.375,3134.0,504.0,697.625,-15.375,697.7944047138814
2761.875,520.125,3459.0,509.0,697.125,-11.125,697.213762952224
2477.625,520.875,3175.0,509.0,697.375,-11.875,697.4760972606875
2489.625,520.875,3186.0,509.0,696.375,-11.875,696.476242416064
2781.375,520.875,3479.0,509.0,697.625,-11.875,697.7260610368513
2287.875,523.125,2980.0,516.0,692.125,-7.125,692.1616727687253
2656.875,523.125,3351.0,514.0,694.125,-9.125,694.1849762491263
2709.375,523.125,3406.0,511.0,696.625,-12.125,696.7305119269573
2729.625,523.125,3426.0,513.0,696.375,-10.125,696.4486027338988
2247.375,525.375,2943.0,515.0,695.625,-10.375,695.7023654192934
2716.875,526.125,3416.0,512.0,699.125,-14.125,699.2676749643158
2107.125,527.625,2800.0,519.0,692.875,-8.625,692.9286804931659
2519.625,527.625,3216.0,515.0,696.375,-12.625,696.4894336958745
2701.125,527.625,3400.0,518.0,698.875,-9.625,698.9412752513618
2789.625,529.125,3488.0,520.0,698.375,-9.125,698.4346112915654
2146.125,530.625,2843.0,517.0,696.875,-13.625,697.0081823407814
2681.625,532.125,3379.0,518.0,697.375,-14.125,697.5180329210134
2804.625,533.625,3502.0,522.0,697.375,-11.625,697.4718856341093
2125.125,536.625,2823.0,525.0,697.875,-11.625,697.9718162289936
2389.125,541.875,3087.0,534.0,697.875,-7.875,697.9194303427868
2767.875,542.625,3466.0,537.0,698.125,-5.625,698.147660778148
2053.875,544.125,2750.0,529.0,696.125,-15.125,696.2892942233135
2308.125,547.125,3004.0,535.0,695.875,-12.125,695.9806256283289
2644.125,547.125,3335.0,543.0,690.875,-4.125,690.8873144370216
2322.375,548.625,3025.0,541.0,702.625,-7.625,702.666372647788
2750.625,548.625,3447.0,537.0,696.375,-11.625,696.4720247432771
2701.875,550.125,3400.0,538.0,698.125,-12.125,698.2302852569487
2123.625,551.625,2821.0,540.0,697.375,-11.625,697.4718856341093
2407.875,551.625,3106.0,543.0,698.125,-8.625,698.1782768390893
2662.875,551.625,3358.0,541.0,695.125,-10.625,695.2061969300906
2685.375,553.125,3382.0,542.0,696.625,-11.125,696.7138266533829
2150.625,554.625,2852.0,541.0,701.375,-13.625,701.5073280087671
2419.125,556.125,3116.0,546.0,696.875,-10.125,696.9485499303374
2628.375,556.125,3326.0,548.0,697.625,-8.125,697.6723129449814
2767.875,557.625,3464.0,547.0,696.125,-10.625,696.2060803023771
2744.625,559.125,3443.0,547.0,698.375,-12.125,698.4802475732581
2221.125,563.625,2918.0,552.0,696.875,-11.625,696.971955138799
2749.125,563.625,3444.0,552.0,694.875,-11.625,694.9722341575957
2753.625,565.125,3449.0,553.0,695.375,-12.125,695.4807015654712
2377.875,565.875,3070.0,554.0,692.125,-11.875,692.2268640048579
2349.375,566.625,3048.0,558.0,698.625,-8.625,698.678238712213
2404.875,566.625,3101.0,557.0,696.125,-9.625,696.1915370427882
2413.875,568.125,3110.0,558.0,696.125,-10.125,696.1986291641201
2581.125,568.125,3276.0,558.0,694.875,-10.125,694.9487616004507
2389.125,569.625,3084.0,557.0,694.875,-12.625,694.9896806787854
2304.375,570.375,2996.0,553.0,691.625,-17.375,691.8432129102663
2630.625,570.375,3327.0,559.0,696.375,-11.375,696.467896783477
2180.625,572.625,2876.0,561.0,695.375,-11.625,695.4721642524595
2445.375,572.625,3148.0,564.0,702.625,-8.625,702.6779356504657
2794.875,572.625,3495.0,559.0,700.125,-13.625,700.2575642219083
2587.875,573.375,3285.0,563.0,697.125,-10.375,697.2021989710015
2112.375,574.125,2806.0,564.0,693.625,-10.125,693.6988945140391
2381.625,574.875,3075.0,564.0,693.375,-10.875,693.4602773411034
2712.375,575.625,3405.0,568.0,692.625,-7.625,692.6669699429879
2716.125,575.625,3414.0,564.0,697.875,-11.625,697.9718162289936
2430.375,576.375,3126.0,565.0,695.625,-11.375,695.7179969283532
2571.375,576.375,3267.0,567.0,695.625,-9.375,695.6881709861107
2422.875,577.125,3121.0,568.0,698.125,-9.125,698.1846326366687
2127.375,577.875,2825.0,567.0,697.625,-10.875,697.7097578864724
2560.875,577.875,3256.0,566.0,695.125,-11.875,695.2264244474601
2572.125,580.125,3268.0,572.0,695.875,-8.125,695.9224319203973
2683.125,580.125,3380.0,570.0,696.875,-10.125,696.9485499303374
2124.375,581.625,2818.0,570.0,693.625,-11.625,693.722409361266
2343.375,581.625,3041.0,570.0,697.625,-11.625,697.7218509191181
2185.875,583.875,2881.0,567.0,695.125,-16.875,695.3298003465693
2682.375,583.875,3380.0,575.0,697.625,-8.875,697.6814504127224
2581.875,584.625,3280.0,574.0,698.125,-10.625,698.2058480491265
2125.125,586.125,2815.0,577.0,689.875,-9.125,689.9353457027695
2338.875,586.125,3037.0,579.0,698.125,-7.125,698.1613576029541
2764.875,586.125,3459.0,576.0,694.125,-10.125,694.1988412911678
2309.625,587.625,3006.0,577.0,696.375,-10.625,696.4560511977766
2789.625,587.625,3487.0,575.0,697.375,-12.625,697.4892696307235
2105.625,589.125,2803.0,578.0,697.375,-11.125,697.4637311358921
2659.125,589.125,3357.0,582.0,697.875,-7.125,697.911370626672
2401.125,589.875,3097.0,582.0,695.875,-7.875,695.9195580309552
2383.125,592.125,3082.0,579.0,698.875,-13.125,698.9982340821756
2410.125,592.125,3107.0,580.0,696.875,-12.125,696.980474080874
2551.125,594.375,3247.0,586.0,695.875,-8.375,695.9253956064543
2094.375,595.875,2777.0,577.0,682.625,-18.875,682.8859028051465
2377.125,595.875,3068.0,579.0,690.875,-16.875,691.0810598258355
2475.375,598.125,3174.0,583.0,698.625,-15.125,698.7887064413677
2507.625,601.125,3206.0,592.0,698.375,-9.125,698.4346112915654
2577.375,601.125,3274.0,587.0,696.625,-14.125,696.7681868814046
2778.375,601.125,3473.0,587.0,694.625,-14.125,694.7685990673441
2686.125,601.875,3373.0,591.0,686.875,-10.875,686.9610842325786
2081.625,602.625,2770.0,585.0,688.375,-17.625,688.6005963183593
2770.875,603.375,3468.0,588.0,697.125,-15.375,697.294526186747
2357.625,604.125,3053.0,592.0,695.375,-12.125,695.4807015654712
2368.125,604.125,3063.0,594.0,694.875,-10.125,694.9487616004507
2789.625,605.625,3485.0,594.0,695.375,-11.625,695.4721642524595
2495.625,607.125,3192.0,598.0,696.375,-9.125,696.4347824814611
2709.375,607.125,3405.0,592.0,695.625,-15.125,695.789412286505
2731.875,607.125,3429.0,597.0,697.125,-10.125,697.1985235569565
2773.875,607.125,3470.0,595.0,696.125,-12.125,696.2305877006554
2281.125,607.875,2974.0,597.0,692.875,-10.875,692.9603388722908
2393.625,607.875,3090.0,600.0,696.375,-7.875,696.4195260401592
2274.375,610.125,2972.0,602.0,697.625,-8.125,697.6723129449814
2624.625,610.125,3323.0,600.0,698.375,-10.125,698.4483919732367
2764.125,611.625,3461.0,601.0,696.875,-10.625,696.9559930512112
2540.625,612.375,3236.0,603.0,695.375,-9.375,695.4381936951694
2809.125,613.125,3505.0,605.0,695.875,-8.125,695.9224319203973
2624.625,613.875,3321.0,605.0,696.375,-8.875,696.4315517335498
2698.125,613.875,3399.0,604.0,700.875,-9.875,700.9445636068518
2359.875,617.625,3056.0,606.0,696.125,-11.625,696.222059583004
2204.625,619.875,2898.0,610.0,693.375,-9.875,693.4453159766817
2064.375,620.625,2762.0,603.0,697.625,-17.625,697.8476060358737
2389.125,620.625,3084.0,611.0,694.875,-9.625,694.9416567237857
2281.875,621.375,2974.0,612.0,692.125,-9.375,692.188490405612
2589.375,623.625,3286.0,612.0,696.625,-11.625,696.721989928551
2183.625,626.625,2877.0,608.0,693.375,-18.625,693.6251013696087
2603.625,626.625,3301.0,618.0,697.375,-8.625,697.428334131902
2706.375,628.875,3406.0,616.0,699.625,-12.875,699.7434574542301
2148.375,629.625,2844.0,618.0,695.625,-11.625,695.7221293375682
2275.875,629.625,2972.0,621.0,696.125,-8.625,696.1784298942333
2334.375,629.625,3030.0,619.0,695.625,-10.625,695.7061385743265
2683.125,631.875,3380.0,621.0,696.875,-10.875,696.9598490946232
2634.375,632.625,3329.0,621.0,694.625,-11.625,694.7222691478948
2766.375,632.625,3464.0,621.0,697.625,-11.625,697.7218509191181
2140.875,634.125,2836.0,623.0,695.125,-11.125,695.2140183065932
2077.875,635.625,2772.0,624.0,694.125,-11.625,694.222339204091
2204.625,635.625,2903.0,625.0,698.375,-10.625,698.4558191109871
2227.875,635.625,2924.0,624.0,696.125,-11.625,696.222059583004
2301.375,635.625,2998.0,624.0,696.625,-11.625,696.721989928551
2375.625,636.375,3070.0,619.0,694.375,-17.375,694.5923489716828
2446.875,636.375,3142.0,627.0,695.125,-9.375,695.1882164205605
2491.125,637.125,3191.0,628.0,699.875,-9.125,699.9344835411383
2556.375,637.125,3253.0,626.0,696.625,-11.125,696.7138266533829
2175.375,637.875,2871.0,626.0,695.625,-11.875,695.7263515564148
2359.125,637.875,3057.0,627.0,697.875,-10.875,697.9597275273122
2794.125,637.875,3490.0,627.0,695.875,-10.875,695.9599710112644
2256.375,638.625,2952.0,628.0,695.625,-10.625,695.7061385743265
2346.375,638.625,3042.0,627.0,695.625,-11.625,695.7221293375682
2586.375,638.625,3283.0,629.0,696.625,-9.625,696.6914892906328
2593.875,640.125,3292.0,628.0,698.125,-12.125,698.2302852569487
2715.375,640.125,3418.0,626.0,702.625,-14.125,702.7669643985836
2314.875,641.625,3011.0,632.0,696.125,-9.625,696.1915370427882
2725.875,641.625,3424.0,632.0,698.125,-9.625,698.1913464445116
2263.875,643.875,2964.0,630.0,700.125,-13.875,700.2624731127607
2718.375,643.875,3419.0,631.0,700.625,-12.875,700.7432884088153
2059.125,644.625,2755.0,634.0,695.875,-10.625,695.9561094278863
2302.875,647.625,2998.0,635.0,695.125,-12.625,695.2396394409628
2178.375,649.125,2873.0,638.0,694.625,-11.125,694.7140823749005
2349.375,649.125,3045.0,638.0,695.625,-11.125,695.7139543303699
2257.125,649.875,2953.0,636.0,695.875,-13.875,696.0133125522816
2473.125,649.875,3173.0,636.0,699.875,-13.875,700.0125222094244
2132.625,652.125,2829.0,644.0,696.375,-8.125,696.4223978664098
2161.875,652.125,2852.0,647.0,690.125,-5.125,690.1440293518448
2461.125,652.875,3158.0,641.0,696.875,-11.875,696.9761697863134
2496.375,653.625,3190.0,645.0,693.625,-8.625,693.6786224542313
2676.375,653.625,3375.0,641.0,698.625,-12.625,698.7390652096103
2775.375,654.375,3468.0,631.0,692.625,-23.375,693.0193224218211
2093.625,656.625,2785.0,645.0,691.375,-11.625,691.4727263240395
2335.125,656.625,3033.0,647.0,697.875,-9.625,697.9413702095613
2311.125,658.125,3008.0,648.0,696.875,-10.125,696.9485499303374
2348.625,659.625,3047.0,651.0,698.375,-8.625,698.4282577688277
2058.375,661.125,2752.0,645.0,693.625,-16.125,693.8124071029574
2077.125,661.125,2777.0,655.0,699.875,-6.125,699.9018011478468
2184.375,661.125,2882.0,650.0,697.625,-11.125,697.7136993423592
2248.875,661.125,2945.0,653.0,696.125,-8.125,696.1724148872893
2264.625,661.125,2962.0,650.0,697.375,-11.125,697.4637311358921
2326.125,661.125,3023.0,651.0,696.875,-10.125,696.9485499303374
2663.625,661.125,3358.0,649.0,694.375,-12.125,694.4808537677623
2541.375,663.375,3234.0,643.0,692.625,-20.375,692.9246216220058
2590.875,664.875,3288.0,654.0,697.125,-10.875,697.2098186701045
2230.875,665.625,2927.0,650.0,696.125,-15.625,696.3003348053195
2485.875,665.625,3182.0,655.0,696.125,-10.625,696.2060803023771
2207.625,667.125,2905.0,658.0,697.375,-9.125,697.4346967637902
2180.625,668.625,2877.0,656.0,696.375,-12.625,696.4894336958745
2316.375,669.375,3017.0,656.0,700.625,-13.375,700.7526534020403
2687.625,669.375,3388.0,654.0,700.375,-15.375,700.5437397122324
2302.125,670.125,2998.0,660.0,695.875,-10.125,695.948655613329
2095.125,671.625,2788.0,659.0,692.875,-12.625,692.9900116524047
2099.625,671.625,2792.0,667.0,692.375,-4.625,692.3904471105881
2354.625,671.625,3050.0,661.0,695.375,-10.625,695.4561677417205
2161.875,672.375,2858.0,660.0,696.125,-12.375,696.2349863731354
2680.875,672.375,3383.0,653.0,702.125,-19.375,702.3922737687253
2200.125,674.625,2889.0,663.0,688.875,-11.625,688.9730809327749
2310.375,674.625,3007.0,664.0,696.625,-10.625,696.7060221140621
2053.875,676.875,2745.0,671.0,691.125,-5.875,691.149970158431
2244.375,676.875,2936.0,671.0,691.625,-5.875,691.6499521072781
2248.125,676.875,2946.0,668.0,697.875,-8.875,697.9314301921071
2417.625,677.625,3109.0,658.0,691.375,-19.625,691.6534762798492
2323.875,682.125,3022.0,672.0,698.125,-10.125,698.1984182522903
2122.125,682.875,2810.0,671.0,687.875,-11.875,687.9774932728541
2185.125,683.625,2883.0,671.0,697.875,-12.625,697.989187774424
2199.375,687.375,2896.0,673.0,696.625,-14.375,696.7732997539443
2278.875,691.125,2973.0,680.0,694.125,-11.125,694.2141465354908
2240.625,694.125,2937.0,683.0,696.375,-11.125,696.4638585382589
2231.625,697.125,2920.0,684.0,688.375,-13.125,688.5001134713051
2107.875,704.625,2807.0,692.0,699.125,-12.625,699.2389836457919
2583.125,517.875,3280.0,505.0,696.875,-12.875,696.9939248300519
2709.875,517.875,3406.0,511.0,696.125,-6.875,696.1589482654088
2684.375,518.625,3372.0,506.0,687.625,-12.625,687.7408896161403
2761.625,520.125,3459.0,509.0,697.375,-11.125,697.4637311358921
2781.875,520.125,3479.0,509.0,697.125,-11.125,697.213762952224
2709.125,523.125,3411.0,513.0,701.875,-10.125,701.9480260318423
2701.625,527.625,3400.0,518.0,698.375,-9.625,698.4413226964739
2717.375,527.625,3416.0,512.0,698.625,-15.625,698.7997075342834
2893.625,528.375,3590.0,519.0,696.375,-9.375,696.4381029567523
2732.375,529.125,3426.0,513.0,693.625,-16.125,693.8124071029574
2955.125,529.875,3655.0,527.0,699.875,-2.875,699.8809050474231
2880.125,530.625,3579.0,518.0,698.875,-12.625,698.9890244131162
2872.625,531.375,3570.0,523.0,697.375,-8.375,697.4252872172044
2876.375,531.375,3574.0,518.0,697.625,-13.375,697.7532022499073
2805.125,533.625,3502.0,522.0,696.875,-11.625,696.971955138799
2767.625,543.375,3466.0,537.0,698.375,-6.375,698.4040959573476
2921.375,543.375,3612.0,529.0,690.625,-14.375,690.7745878721944
2865.875,544.875,3562.0,534.0,696.125,-10.875,696.2099404992721
2620.625,546.375,3328.0,534.0,707.375,-12.375,707.4832374339338
2751.125,548.625,3447.0,537.0,695.875,-11.625,695.9720944477588
2703.125,550.125,3400.0,538.0,696.875,-12.125,696.980474080874
2661.875,551.625,3358.0,541.0,696.125,-10.625,696.2060803023771
2792.375,551.625,3488.0,537.0,695.625,-14.625,695.7787229069311
2972.375,551.625,3666.0,538.0,693.625,-13.625,693.7588062504144
2628.875,556.125,3326.0,548.0,697.125,-8.125,697.1723468770115
2948.375,556.875,3646.0,545.0,697.625,-11.875,697.7260610368513
2767.625,557.625,3464.0,547.0,696.375,-10.625,696.4560511977766
2883.125,557.625,3568.0,547.0,684.875,-10.625,684.9574119972716
3000.125,557.625,3697.0,547.0,696.875,-10.625,696.9559930512112
2745.125,559.125,3443.0,547.0,697.875,-12.125,697.9803229676321
2748.875,564.375,3444.0,552.0,695.125,-12.375,695.2351445734026
3006.125,564.375,3704.0,552.0,697.875,-12.375,697.9847106133486
2580.125,568.125,3276.0,558.0,695.875,-10.125,695.948655613329
2630.375,569.625,3327.0,559.0,696.625,-10.625,696.7060221140621
2572.625,571.125,3271.0,562.0,698.375,-9.125,698.4346112915654
2823.125,571.125,3511.0,559.0,687.875,-12.125,687.9818538668007
2795.375,572.625,3495.0,559.0,699.625,-13.625,699.7576589434374
2588.375,573.375,3285.0,563.0,696.625,-10.375,696.7022543741336
2924.375,573.375,3623.0,562.0,698.625,-11.375,698.7175976387026
2711.375,575.625,3405.0,568.0,693.625,-7.625,693.6669094385287
2718.875,575.625,3414.0,564.0,695.125,-11.625,695.2221991924596
2870.375,578.625,3569.0,563.0,698.625,-15.625,698.7997075342834
2571.125,580.125,3268.0,572.0,696.875,-8.125,696.922363861284
2683.625,581.625,3380.0,570.0,696.375,-11.625,696.4720247432771
2582.375,584.625,3280.0,574.0,697.625,-10.625,697.705905987616
3118.625,584.625,3816.0,573.0,697.375,-11.625,697.4718856341093
2682.875,585.375,3380.0,575.0,697.125,-10.375,697.2021989710015
2566.625,586.875,3263.0,582.0,696.375,-4.875,696.3920636035422
2696.375,587.625,3397.0,571.0,700.625,-16.625,700.822218005394
2789.375,588.375,3487.0,575.0,697.625,-13.375,697.7532022499073
2659.625,589.125,3357.0,582.0,697.375,-7.125,697.4113967021187
2765.375,589.125,3459.0,576.0,693.625,-13.125,693.7491666661662
2892.875,589.125,3590.0,575.0,697.125,-14.125,697.2680842043468
2925.875,589.125,3624.0,577.0,698.125,-12.125,698.2302852569487
3116.375,590.625,3814.0,582.0,697.625,-8.625,697.6783150206118
3124.625,591.375,3824.0,578.0,699.375,-13.375,699.502881516581
2838.125,592.875,3525.0,578.0,686.875,-14.875,687.0360479989387
3216.875,595.875,3916.0,584.0,699.125,-11.875,699.2258442377541
2745.125,597.375,3444.0,583.0,698.875,-14.375,699.0228224099696
2829.125,600.375,3524.0,587.0,694.875,-13.375,695.0037095224744
2565.875,601.125,3247.0,586.0,681.125,-15.125,681.2929114925532
2576.375,601.125,3274.0,587.0,697.625,-14.125,697.7679816744245
2676.125,602.625,3373.0,591.0,696.875,-11.625,696.971955138799
2699.375,603.375,3396.0,592.0,696.625,-11.375,696.7178634497611
2840.375,604.125,3536.0,588.0,695.625,-16.125,695.8118684314029
2731.625,606.375,3429.0,597.0,697.375,-9.375,697.4380124785284
2773.625,606.375,3473.0,587.0,699.375,-19.375,699.6433243088939
2882.375,612.375,3569.0,593.0,686.625,-19.375,686.898304882171
2586.875,613.125,3285.0,603.0,698.125,-10.125,698.1984182522903
2624.375,613.125,3323.0,600.0,698.625,-13.125,698.7482781731917
2699.375,613.125,3399.0,604.0,699.625,-9.125,699.6845047948397
2808.125,613.125,3505.0,605.0,696.875,-8.125,696.922363861284
2822.375,613.125,3518.0,598.0,695.625,-15.125,695.789412286505
2786.375,614.625,3485.0,594.0,698.625,-20.625,698.9293821624614
3060.875,616.875,3759.0,606.0,698.125,-10.875,698.2096971898915
2835.125,618.375,3532.0,606.0,696.875,-12.375,696.98486802082
3072.125,619.875,3769.0,607.0,696.875,-12.875,696.9939248300519
3068.375,620.625,3764.0,607.0,695.625,-13.625,695.7584216162963
2744.375,621.375,3449.0,607.0,704.625,-14.375,704.7716163765394
2927.375,625.875,3628.0,616.0,700.625,-9.875,700.6945884263699
2631.125,626.625,3329.0,621.0,697.875,-5.625,697.8976688956627
2706.125,629.625,3406.0,616.0,699.875,-13.625,700.00761156576
2682.875,631.125,3380.0,621.0,697.125,-10.125,697.1985235569565
2766.875,632.625,3464.0,621.0,697.125,-11.625,697.221920373994
2569.625,635.625,3274.0,624.0,704.375,-11.625,704.4709229272703
2586.125,637.125,3283.0,629.0,696.875,-8.125,696.922363861284
2715.125,640.125,3418.0,626.0,702.875,-14.125,703.0169139145943
2721.125,643.125,3419.0,631.0,697.875,-12.125,697.9803229676321
2766.875,643.125,3457.0,631.0,690.125,-12.125,690.231505547233
2722.625,646.875,3424.0,632.0,701.375,-14.875,701.5327193011029
2865.875,646.875,3563.0,633.0,697.125,-13.875,697.2630645961393
2608.625,648.375,3305.0,639.0,696.375,-9.375,696.4381029567523
2739.875,648.375,3431.0,627.0,691.125,-21.375,691.455462231661
2591.375,649.125,3288.0,637.0,696.625,-12.125,696.7305119269573
2775.125,654.375,3468.0,631.0,692.875,-23.375,693.2691802251129
2677.625,673.875,3414.0,640.0,736.375,-33.875,737.15375346667
2569.625,690.375,3263.0,652.0,693.375,-38.375,694.4361246723848
