source_x,source_y,reference_x,reference_y,ransac_residual_px
123.625,32.125,122.65234375,31.752464294433594,1.0999462880192235
118.375,47.125,119.12109375,45.89052963256836,1.4760694717467093
351.625,68.125,352.18359375,67.98126220703125,0.5775207900354865
282.625,74.125,282.44140625,74.16666412353516,0.21712846787558937
379.375,75.625,380.43359375,76.81755065917969,1.5024333738677693
363.625,78.625,363.66015625,78.58480834960938,0.1305962884907599
356.125,83.125,355.71484375,83.0029525756836,0.4871675891551005
388.375,86.125,388.37890625,85.65384674072266,0.5625866957093085
284.875,86.875,285.08984375,85.65384674072266,1.3023478944776758
378.625,87.625,379.55078125,87.42110443115234,0.9419649067154753
278.125,90.625,278.02734375,90.07199096679688,0.6297195750699692
290.125,90.625,290.38671875,90.07199096679688,0.6619827323332667
362.875,95.875,362.77734375,94.4901351928711,1.4692138033419646
380.125,99.625,380.43359375,98.90827941894531,0.8447391981281153
295.375,101.875,294.80078125,101.55916595458984,0.7092338864118379
346.375,101.875,346.88671875,104.21005249023438,2.314827084329618
352.375,101.875,354.83203125,102.44279479980469,2.4792376057858494
305.125,103.375,305.39453125,103.32642364501953,0.2663902559571583
103.375,104.125,103.23046875,104.21005249023438,0.18199797864270395
285.625,104.875,284.20703125,104.21005249023438,1.6144953189669755
367.375,106.375,366.30859375,105.9773178100586,1.1906648979552052
306.625,107.125,306.27734375,107.74457550048828,0.6736346957399753
107.125,107.875,107.64453125,108.62820434570312,0.888674189487401
316.375,109.375,315.98828125,108.62820434570312,0.9063251106302391
325.375,110.125,323.93359375,110.39546203613281,1.4824330717676824
98.125,113.875,97.93359375,114.81360626220703,0.9532830805972331
284.875,113.875,285.08984375,113.04634857177734,0.899103539460269
359.875,114.625,360.12890625,113.04634857177734,1.6603624754873259
349.375,116.125,350.41796875,113.92997741699219,2.476369875890781
328.375,118.375,329.23046875,118.3481216430664,0.8345901139302146
296.125,119.875,293.91796875,120.99900817871094,2.4770517468575934
113.875,122.125,113.82421875,121.88263702392578,0.2604594796859777
308.125,122.125,308.04296875,122.76626586914062,0.6008778991367811
359.125,122.875,358.36328125,121.88263702392578,1.3141592648563132
320.875,124.375,321.28515625,124.53352355957031,0.4006824164883721
295.375,125.875,294.80078125,126.30078887939453,0.7089780582595556
324.625,128.125,323.93359375,128.95167541503906,1.0560522599127042
353.875,128.125,353.94921875,128.0680389404297,0.12350291600502408
92.875,131.875,92.63671875,132.48619079589844,0.6665570009949395
116.125,136.375,116.47265625,136.0207061767578,0.48185187928714407
354.625,137.875,353.94921875,137.7879638671875,0.7116388787171525
90.625,139.375,91.75390625,136.9043426513672,2.700628214644149
89.875,143.125,89.98828125,143.08973693847656,0.09767989050250368
124.375,146.125,124.41796875,145.74063110351562,0.37948376834039665
161.875,155.875,162.37890625,155.46054077148438,0.6363759752976582
170.125,156.625,168.55859375,157.22779846191406,1.695819634119342
181.375,158.125,180.03515625,158.9950714111328,1.6129642820707528
272.125,164.875,272.73046875,166.06410217285156,1.3137855447116202
83.125,165.625,83.80859375,165.1804656982422,0.7878022814145363
197.875,167.125,196.80859375,166.94772338867188,1.0967697526672895
281.875,167.125,282.44140625,166.94772338867188,0.5814990251611308
326.875,168.625,326.58203125,168.71498107910156,0.3178583621804017
82.375,170.125,82.92578125,169.59861755371094,0.7303142935007496
187.375,173.125,188.86328125,173.1331329345703,1.4728732612851763
149.125,174.625,149.13671875,176.6676483154297,2.0615846194827885
272.125,174.625,271.84765625,174.900390625,0.39734953557967323
301.375,175.375,300.98046875,175.7840118408203,0.5704184983514027
206.875,176.125,206.51953125,177.55126953125,1.480834912719977
211.375,178.375,210.93359375,178.43490600585938,0.4614709696157438
286.375,178.375,285.97265625,178.43490600585938,0.4214814384197939
79.375,180.625,79.39453125,179.31854248046875,1.2684917300429672
184.375,182.125,184.44921875,181.08580017089844,1.0247660177120856
269.125,182.875,269.19921875,182.85305786132812,0.06364929468344109
216.625,185.125,217.11328125,186.3875732421875,1.3591152946669571
77.125,186.625,76.74609375,188.1548309326172,1.6201475285174258
308.125,188.125,307.16015625,188.1548309326172,0.9799633598879293
236.875,189.625,237.41796875,189.92208862304688,0.6117093602636707
202.375,191.125,202.98828125,192.57296752929688,1.5842225991940124
292.375,192.625,292.15234375,191.68934631347656,0.9654716493021629
255.625,193.375,254.19140625,194.34022521972656,1.7439332705693258
281.875,193.375,281.55859375,190.8057098388672,2.588033000401023
74.875,196.375,74.09765625,197.87474060058594,1.7379806087219478
314.125,196.375,313.33984375,198.7583770751953,2.5112167713509406
203.125,197.125,203.87109375,196.99111938476562,0.7423093950420213
215.875,197.125,216.23046875,196.99111938476562,0.3617099717771451
269.875,197.125,268.31640625,196.99111938476562,1.5767610583697347
299.125,197.125,299.21484375,199.64199829101562,2.5192736966820855
229.375,198.625,228.58984375,197.87474060058594,1.0832395429927815
239.125,198.625,238.30078125,198.7583770751953,0.84979195771809
293.875,198.625,294.80078125,198.7583770751953,0.9227795416562482
303.625,200.875,303.62890625,201.40927124023438,0.5369404467596101
281.875,204.625,282.44140625,204.06015014648438,0.7844152553005572
290.875,204.625,290.38671875,206.71104431152344,2.1528537943400807
303.625,206.125,303.62890625,205.82740783691406,0.2916854048262894
261.625,209.125,263.01953125,209.36192321777344,1.4063883367619803
203.875,209.875,204.75390625,210.2455596923828,0.9564178663039417
311.875,210.625,310.69140625,212.0128173828125,1.8370292243277002
188.875,212.875,187.09765625,213.7800750732422,2.019503300256901
290.875,215.125,291.26953125,215.54733276367188,0.5815890354252011
68.875,215.875,69.68359375,212.8964385986328,3.0232023759658846
245.125,215.875,245.36328125,215.54733276367188,0.3789724042646909
197.125,217.375,195.92578125,216.4309539794922,1.511360490122705
221.875,217.375,221.52734375,217.31459045410156,0.35846190000971667
311.125,221.125,310.69140625,220.84910583496094,0.5151697434372045
301.375,222.625,300.98046875,221.7327423095703,0.9638755498814386
66.625,224.125,66.15234375,225.2672576904297,1.3028502089043674
221.875,224.875,224.17578125,225.2672576904297,2.3319127173101877
281.125,225.625,280.67578125,226.15087890625,0.7156033752360923
283.375,229.375,284.20703125,231.45265197753906,2.258696760377223
65.125,230.125,64.38671875,230.56903076171875,0.9063782653233358
256.375,230.125,255.07421875,230.56903076171875,1.3928429998610767
244.375,234.625,243.59765625,234.98716735839844,0.8806717230982074
298.375,234.625,299.21484375,233.21990966796875,1.610680477204798
269.125,235.375,269.19921875,234.98716735839844,0.36139430934647854
61.375,242.875,62.62109375,241.17257690429688,2.041248026568985
149.875,243.625,147.37109375,242.0561981201172,2.925616894420232
270.625,243.625,270.08203125,243.82347106933594,0.5980245083677572
275.125,244.375,276.26171875,242.93983459472656,1.7977497342555118
241.375,246.625,240.94921875,249.125244140625,2.5825402252919725
296.875,246.625,295.68359375,246.47434997558594,1.2034149937604146
302.125,246.625,300.98046875,247.3579864501953,1.3824336737839005
59.875,248.125,59.97265625,247.3579864501953,0.6871912657765908
117.625,249.625,117.35546875,250.8925018310547,1.3698306360973138
130.375,249.625,129.71484375,250.0088653564453,0.8054672481941572
157.375,254.875,159.73046875,255.31063842773438,2.405673804756777
170.125,254.875,169.44140625,255.31063842773438,0.8513144481965919
57.625,256.375,57.32421875,256.19427490234375,0.3154651874349035
261.625,256.375,261.25390625,256.19427490234375,0.3983709619092172
303.625,256.375,303.62890625,256.19427490234375,0.1418512225055309
106.375,258.625,106.76171875,256.19427490234375,2.378869750025003
240.625,258.625,240.94921875,259.7287902832031,1.2012853098718292
56.125,260.125,56.44140625,260.6124267578125,0.6621270864925117
117.625,262.375,118.23828125,263.2633056640625,1.1478219076497198
130.375,262.375,130.59765625,262.3796691894531,0.23643200088054744
55.375,263.875,54.67578125,265.03057861328125,1.435506935776584
69.625,263.875,69.68359375,265.9141845703125,2.1344839299177054
204.625,263.875,202.10546875,264.1469421386719,2.5447116147634157
80.875,264.625,80.27734375,265.03057861328125,0.7789028320550657
140.875,266.875,140.30859375,268.5650939941406,1.8599604953682907
245.125,266.875,245.36328125,266.7978210449219,0.23621886459419908
155.875,267.625,157.08203125,267.68145751953125,1.2129292874974937
260.875,267.625,260.37109375,267.68145751953125,0.5190192580759865
85.375,270.625,86.45703125,271.2159729003906,1.2811650259830316
91.375,272.875,91.75390625,272.099609375,0.778144429092304
101.125,272.875,100.58203125,272.98321533203125,0.5794293691646657
117.625,275.125,118.23828125,273.8668518066406,1.3180166004065965
130.375,275.125,129.71484375,273.8668518066406,1.3430171672840616
196.375,275.125,195.04296875,274.75048828125,1.366427605242138
51.625,275.875,51.14453125,276.5177307128906,0.889405911330442
263.125,275.875,263.01953125,276.5177307128906,0.7112666120245392
284.125,275.875,282.44140625,275.6341247558594,1.6957149563232794
69.625,276.625,70.56640625,276.5177307128906,0.9421519800042677
140.875,278.875,141.19140625,278.2850036621094,0.5927451667601735
77.875,279.625,77.62890625,280.05224609375,0.5841536416151798
153.625,279.625,151.78515625,280.05224609375,1.9101222389084944
251.875,280.375,249.77734375,280.9358825683594,2.1901836915742465
129.625,285.625,128.83203125,286.2376708984375,1.0623530697015469
56.875,286.375,57.32421875,286.2376708984375,0.452215255786844
116.875,286.375,118.23828125,283.5867614746094,3.0157643171071107
166.375,287.125,165.91015625,288.0049133300781,1.073964786752986
179.875,287.125,180.91796875,286.2376708984375,1.316076940344582
213.625,287.125,214.46484375,288.0049133300781,1.2746333977957833
227.125,287.875,226.82421875,288.0049133300781,0.3642034700597071
230.875,287.875,232.12109375,288.8885498046875,1.6550401141278315
263.125,287.875,263.01953125,288.0049133300781,0.22449792154990808
275.875,289.375,275.37890625,288.0049133300781,1.3948073328982462
251.125,292.375,250.66015625,291.5394287109375,0.8919994083178172
289.375,292.375,288.62109375,292.4230651855469,0.7621163888624635
243.625,293.125,243.59765625,290.65582275390625,2.393406391848239
276.625,293.125,275.37890625,292.4230651855469,1.3972320632961865
68.125,294.625,67.91796875,294.1903381347656,0.37908778780837527
80.125,294.625,79.39453125,295.0739440917969,0.9186938654795487
158.875,294.625,158.84765625,292.4230651855469,2.1068097188573303
44.875,297.625,44.96484375,297.724853515625,0.240862498761035
131.875,297.625,133.24609375,296.8412170410156,1.5334325580183916
144.625,298.375,142.95703125,297.724853515625,1.7533164005024537
213.625,299.875,212.69921875,300.375732421875,1.0945562243873714
158.875,300.625,157.96484375,297.724853515625,2.9441648478968476
116.125,302.875,118.23828125,301.2593688964844,2.5980107187613006
231.625,302.875,232.12109375,303.026611328125,0.5518502124548202
266.875,303.625,267.43359375,304.79388427734375,1.3669464653008367
68.125,306.625,68.80078125,306.5611267089844,0.6833729870550865
80.125,306.625,80.27734375,303.9102478027344,2.5993153392614827
156.625,308.125,157.08203125,306.5611267089844,1.5304327392043282
279.625,308.125,278.91015625,309.2120361328125,1.3653946926697131
286.375,308.125,285.97265625,308.3283996582031,0.48797602052641703
52.375,309.625,52.02734375,307.44476318359375,2.08036244078571
133.375,310.375,134.12890625,310.09564208984375,0.7771239275106936
41.875,311.125,40.55078125,311.8629150390625,1.5790622849827158
124.375,311.125,124.41796875,311.8629150390625,0.8528091177178583
80.125,312.625,81.16015625,311.8629150390625,1.2208610875570454
194.125,312.625,194.16015625,310.9792785644531,1.5468270939085254
91.375,313.375,91.75390625,315.3974304199219,2.1788203608216477
113.875,313.375,113.82421875,313.6301574707031,0.3751975008455994
152.125,314.875,150.01953125,314.5137939453125,2.1152421592256716
144.625,316.375,144.72265625,316.28106689453125,0.10483408909409414
39.625,317.875,38.78515625,318.0483093261719,0.8885381048205035
255.625,317.875,253.30859375,316.28106689453125,2.758420687645606
97.375,320.125,97.05078125,320.6991882324219,0.768198399699711
108.625,320.125,108.52734375,320.6991882324219,0.7029692084085082
196.375,320.875,196.80859375,320.6991882324219,0.4448936329125594
77.875,322.375,78.51171875,322.4664611816406,0.681239872700296
144.625,322.375,145.60546875,322.4664611816406,1.0085085576858988
36.625,326.125,37.90234375,324.23370361328125,2.170573831409394
115.375,327.625,113.82421875,329.5354919433594,2.555435950775842
156.625,328.375,155.31640625,326.8846130371094,1.8915250585858692
108.625,329.125,109.41015625,328.65185546875,0.8644972485560651
35.875,329.875,36.13671875,328.65185546875,1.111563013175659
219.625,329.875,222.41015625,329.5354919433594,2.8014952108345783
128.125,330.625,127.94921875,331.3027648925781,0.8206323988485325
164.125,330.625,163.26171875,331.3027648925781,1.1685100954019443
170.875,331.375,170.32421875,331.3027648925781,0.5452669563764029
209.875,331.375,210.05078125,333.07000732421875,1.8124748739431285
80.125,332.125,78.51171875,331.3027648925781,1.744962558342545
179.125,332.125,180.03515625,332.1863708496094,0.9343668675996836
267.625,332.125,268.31640625,333.07000732421875,1.2533403614737795
276.625,332.125,277.14453125,332.1863708496094,0.548228131517424
35.125,333.625,35.25390625,333.9536437988281,0.49590379587278244
186.625,333.625,184.44921875,332.1863708496094,2.540523842028721
114.625,334.375,114.70703125,333.9536437988281,0.30426176690258855
89.875,336.625,89.98828125,337.4881591796875,1.008307201245088
158.125,341.125,156.19921875,339.2554016113281,2.5913706395685243
197.125,342.625,196.80859375,342.7899169921875,0.4183066204811497
209.125,343.375,209.16796875,343.6735534667969,0.41799480073537154
233.125,343.375,233.00390625,341.90631103515625,1.3623213336085527
267.625,343.375,268.31640625,343.6735534667969,0.8066454938198819
104.125,345.625,104.11328125,344.55718994140625,0.9273203981693307
131.125,345.625,131.48046875,345.4408264160156,0.36866788091544517
30.625,347.125,31.72265625,344.55718994140625,2.653264619076392
89.125,347.875,89.98828125,348.975341796875,1.5215912476028373
75.625,349.375,77.62890625,348.975341796875,2.030493535636675
175.375,350.125,174.73828125,350.7425842285156,0.974011584949755
218.125,350.125,217.99609375,349.8589782714844,0.18966689083921007
231.625,350.875,231.23828125,349.8589782714844,0.975669520388821
277.375,353.875,278.02734375,351.626220703125,2.240376452536013
143.125,355.375,142.07421875,355.1607360839844,1.0424407708674162
155.875,355.375,157.08203125,354.277099609375,1.552228039949814
216.625,356.125,216.23046875,357.8116149902344,1.849915355786712
108.625,356.875,108.52734375,356.9280090332031,0.21756190155459637
194.875,356.875,194.16015625,356.04437255859375,0.9946304964444829
94.375,358.375,93.51953125,357.8116149902344,0.9387919171407431
116.875,358.375,115.58984375,357.8116149902344,1.3399461256438838
251.875,359.125,251.54296875,357.8116149902344,1.2386193120281164
140.875,360.625,142.07421875,362.2297668457031,2.12581971880394
276.625,360.625,276.26171875,359.5788879394531,0.9977737343992379
156.625,362.125,156.19921875,363.1134033203125,1.2018104941561227
167.875,362.125,168.55859375,363.1134033203125,1.3232845587448234
26.125,362.875,27.30859375,360.4625244140625,2.543206526702525
65.875,362.875,64.38671875,363.1134033203125,1.528027627609384
203.125,365.875,202.10546875,367.53155517578125,2.05310599941465
187.375,366.625,188.86328125,366.6479187011719,1.5088635106344008
176.125,367.375,177.38671875,369.2987976074219,2.4246566199118598
24.625,368.125,25.54296875,367.53155517578125,1.0229937933989752
168.625,368.125,169.44140625,367.53155517578125,0.9443467155595322
181.375,368.125,181.80078125,368.4151611328125,0.6129949629703254
233.875,368.125,233.88671875,366.6479187011719,1.350221429852895
93.625,369.625,92.63671875,370.18243408203125,1.2092212526060069
102.625,369.625,102.34765625,370.18243408203125,0.7610864278152714
215.125,369.625,215.34765625,369.2987976074219,0.30472564584488027
82.375,371.125,81.16015625,371.94970703125,1.5540704206389029
141.625,371.125,142.07421875,371.0660705566406,0.47128781799673486
224.125,371.125,225.05859375,371.0660705566406,0.9487122253912966
155.875,371.875,156.19921875,371.0660705566406,0.7435247780495651
201.625,371.875,201.22265625,371.94970703125,0.44316674562204184
272.875,373.375,272.73046875,373.7169494628906,0.4825212570388396
131.875,377.875,132.36328125,378.1351013183594,0.6523211154249677
204.625,378.625,204.75390625,378.1351013183594,0.3775826057932741
108.625,379.375,108.52734375,379.01873779296875,0.2115171610981716
164.125,380.125,165.02734375,379.90234375,0.9196040895209431
176.875,380.125,177.38671875,379.90234375,0.5313262310200632
227.125,380.125,228.58984375,379.90234375,1.4809766707046337
148.375,380.875,149.13671875,382.5532531738281,1.9899110067203654
88.375,383.125,88.22265625,382.5532531738281,0.4258273102107963
224.125,383.875,224.17578125,383.4368591308594,0.30564967116111513
246.625,384.625,247.12890625,384.32049560546875,0.5449332942474493
209.125,385.375,208.28515625,385.2041320800781,0.8257015850470649
212.875,385.375,213.58203125,385.2041320800781,0.722116192460133
119.875,386.125,119.12109375,386.0877685546875,0.7488491930837159
74.875,387.625,76.74609375,388.7386474609375,2.2851706637455194
272.875,388.375,271.84765625,386.97137451171875,1.6259776888966058
264.625,389.125,263.90234375,391.3895263671875,2.5010192595384066
188.875,391.375,191.51171875,390.50592041015625,2.7476297037693347
17.875,392.125,18.48046875,390.50592041015625,1.5594894755478077
177.625,392.125,178.26953125,392.2731628417969,0.7267065493964081
209.125,392.875,209.16796875,392.2731628417969,0.457000330141139
227.125,393.625,227.70703125,394.0404357910156,0.8193993539823765
115.375,394.375,115.58984375,395.80767822265625,1.619288734162473
166.375,394.375,165.02734375,395.80767822265625,2.0749100005058017
17.125,395.875,17.59765625,394.9240417480469,0.9038117738983458
257.125,396.625,256.83984375,396.6913146972656,0.33984052643277013
263.875,396.625,263.90234375,397.574951171875,1.0899872935912551
202.375,397.375,202.10546875,396.6913146972656,0.5879520873367194
15.625,399.625,15.83203125,400.225830078125,0.8272927219821791
116.125,404.875,115.58984375,404.64398193359375,0.5194941733332347
177.625,404.875,179.15234375,403.7603454589844,1.8145123385746706
92.875,405.625,91.75390625,407.29486083984375,2.155176280022858
102.625,405.625,104.11328125,405.527587890625,1.5093348207753807
268.375,407.125,268.31640625,408.1784973144531,1.199301299021441
14.125,407.875,14.06640625,407.29486083984375,0.38137111350749825
143.125,410.125,142.95703125,409.94573974609375,0.14911636376638668
173.875,410.125,172.08984375,409.94573974609375,1.7666333679802968
125.875,410.875,126.18359375,410.8293762207031,0.35372946581412473
245.875,410.875,246.24609375,409.94573974609375,0.8687469907914559
257.875,410.875,257.72265625,409.94573974609375,0.7910038215198392
203.875,413.125,204.75390625,412.5966491699219,0.969044868395119
216.625,413.125,215.34765625,414.3638916015625,1.8820998348160651
144.625,416.125,143.83984375,414.3638916015625,1.7585976751306711
173.125,416.125,171.20703125,414.3638916015625,2.47606992255592
115.375,417.625,114.70703125,417.8984069824219,0.7935111446590656
101.875,418.375,102.34765625,417.8984069824219,0.5712251017457938
180.625,419.875,180.91796875,418.78204345703125,0.9722192334903542
226.375,423.625,225.05859375,423.2001953125,1.3223336115815905
257.125,426.625,257.72265625,426.7347106933594,0.6739956425717109
194.875,427.375,195.04296875,424.9674377441406,2.2412641310337045
135.625,428.125,135.89453125,425.85107421875,2.106543056312157
140.875,428.875,140.30859375,429.3855895996094,0.8850550398764057
185.875,428.875,187.09765625,426.7347106933594,2.3239354748942085
173.125,431.125,172.97265625,432.0364685058594,1.1006917229275255
240.625,436.375,241.83203125,434.6873779296875,1.952381117714802
208.375,437.875,208.28515625,437.3382568359375,0.36488808931668
224.875,437.875,225.05859375,439.9891357421875,2.2979617879998577
195.625,438.625,196.80859375,438.2218933105469,1.2261680472794816
47.125,440.125,48.49609375,439.9891357421875,1.3977209271584596
57.625,443.125,57.32421875,441.75640869140625,1.1868281390990991
263.125,443.125,262.13671875,441.75640869140625,1.5396538963396926
215.875,444.625,217.99609375,443.5236511230469,2.3332687389745934
71.875,446.875,70.56640625,445.2909240722656,1.8776098900880087
240.625,446.875,241.83203125,446.1745300292969,1.336755101783064
236.875,447.625,237.41796875,447.9418029785156,0.75214027175367
266.875,448.375,267.43359375,448.825439453125,0.852074001524857
196.375,449.875,194.16015625,447.9418029785156,2.8006022343523314
86.125,451.375,86.45703125,451.476318359375,0.47643177825624083
235.375,452.875,235.65234375,452.3599548339844,0.44898055372293155
100.375,455.125,98.81640625,454.127197265625,1.721984281896242
268.375,455.125,267.43359375,455.89447021484375,1.3178434216131416
251.125,455.875,251.54296875,455.89447021484375,0.4853309718091301
262.375,455.875,262.13671875,456.7781066894531,1.1023834758737971
274.375,457.375,272.73046875,456.7781066894531,1.6740487855164683
113.875,458.125,115.58984375,458.54534912109375,1.8522646481416678
245.125,461.125,242.71484375,459.4289855957031,2.8232785146986705
138.625,464.875,139.42578125,465.6143798828125,1.260202145056965
277.375,472.375,277.14453125,471.7997741699219,0.4397556288549882
174.625,475.375,175.62109375,476.2179260253906,1.468762459858313
180.625,477.625,180.03515625,477.1015625,0.643140558609826
260.125,479.875,260.37109375,478.86883544921875,0.8565934909369669
269.875,479.875,270.08203125,479.75244140625,0.2445593791084817
271.375,488.875,271.84765625,490.3559875488281,1.7521092018537305
227.125,489.625,225.94140625,490.3559875488281,1.4879713222861457
234.625,491.875,234.76953125,493.00689697265625,1.3509646266982624
239.125,494.125,239.18359375,493.8905029296875,0.09217607526405909
243.625,494.875,243.59765625,494.7741394042969,0.10698750600654394
282.625,495.625,283.32421875,495.65777587890625,0.7649154434600315
249.625,496.375,249.77734375,497.425048828125,1.2706951897882228
267.625,502.375,267.43359375,500.9595642089844,1.2185725573512571
281.875,506.125,282.44140625,505.377685546875,0.8055654723934796
336.625,521.125,336.29296875,521.2830200195312,0.4705273229727821
715.375,521.125,715.01953125,521.2830200195312,0.4314504109456221
727.375,521.875,728.26171875,522.1666259765625,1.003099771537941
347.125,524.125,346.88671875,523.9338989257812,0.20596403340906108
541.375,524.125,541.10546875,523.9338989257812,0.24087430576792387
563.875,524.125,563.17578125,524.8175659179688,1.0818156765298335
608.125,526.375,609.08203125,528.35205078125,2.3442842693368524
583.375,527.875,584.36328125,528.35205078125,1.199210835379347
587.875,527.875,588.77734375,529.2356567382812,1.77942234160872
752.875,527.875,752.09765625,526.5847778320312,1.3902796860059248
374.875,529.375,375.13671875,530.1193237304688,0.9911211879372709
521.125,530.125,519.91796875,530.1193237304688,1.1870740136151785
601.375,530.125,598.48828125,530.1193237304688,2.860030436213845
440.875,530.875,441.34765625,531.8865966796875,1.3021844644648706
464.875,530.875,466.06640625,532.7702026367188,2.4120322020349874
378.625,532.375,380.43359375,532.7702026367188,1.936855103796861
472.375,533.125,474.89453125,532.7702026367188,2.557800522633167
692.125,533.125,693.83203125,532.7702026367188,1.750630830590886
417.625,534.625,417.51171875,534.5374755859375,0.1347793821809979
386.875,535.375,386.61328125,534.5374755859375,0.6739705794654457
390.625,535.375,391.02734375,535.4210815429688,0.5019976309738311
398.875,535.375,398.97265625,536.3046875,1.1379297125285137
635.875,536.125,636.44921875,537.1883544921875,1.3556487937238504
438.625,537.625,438.69921875,538.0719604492188,0.6494499812190117
671.875,538.375,672.64453125,538.9556274414062,1.0792424640992373
647.125,539.875,644.39453125,540.7228393554688,2.877583722895686
656.125,540.625,653.22265625,540.7228393554688,2.881541373392605
419.125,542.875,418.39453125,543.373779296875,0.9870098854074246
695.125,552.625,694.71484375,553.0936889648438,0.7228178663355647
683.125,553.375,683.23828125,553.0936889648438,0.19593584358894717
683.125,564.625,683.23828125,563.6972045898438,0.7837265051887154
695.125,564.625,695.59765625,563.6972045898438,0.9238035521661104
493.375,565.375,495.19921875,565.4644775390625,1.883425134581283
671.875,572.875,672.64453125,569.8826293945312,2.938901730880603
778.875,183.625,780.08203125,185.4527587890625,2.0858525532150427
774.375,191.125,774.03515625,191.5,0.4494567336824936
811.125,192.625,811.32421875,192.50787353515625,0.2913432027680639
826.875,197.125,826.44140625,196.53936767578125,0.833190536308273
799.125,198.625,799.23046875,198.55511474609375,0.19612907946259833
835.125,201.625,835.51171875,200.57086181640625,1.2227956602087662
776.625,203.125,774.03515625,202.58660888671875,2.6849125649869467
810.375,204.625,809.30859375,204.60235595703125,1.0925035875988178
849.375,217.375,849.62109375,217.70472717285156,0.3207346238152565
781.875,221.875,782.09765625,221.73622131347656,0.30648535776929053
787.875,222.625,787.13671875,222.7440948486328,0.7546963418926843
917.625,222.625,919.16015625,223.75196838378906,1.8234740854273501
793.125,224.125,793.18359375,223.75196838378906,0.46338202169806497
866.625,224.875,865.74609375,224.7598419189453,0.9217160469098541
874.875,224.875,874.81640625,224.7598419189453,0.23318084619928772
922.875,225.625,924.19921875,225.76771545410156,1.3074964341268125
932.625,227.125,933.26953125,226.7755889892578,0.7817386574305424
886.125,228.625,885.90234375,228.7913360595703,0.24639089613297127
943.125,230.125,943.34765625,229.79920959472656,0.4883467898058173
907.125,230.875,908.07421875,228.7913360595703,2.382661752542358
837.375,231.625,837.52734375,230.8070831298828,0.921243912341814
955.125,233.875,956.44921875,233.83070373535156,1.3179201857477474
905.625,234.625,906.05859375,234.8385772705078,0.43173434837458513
865.125,235.375,862.72265625,236.8543243408203,2.7847757348405473
891.375,235.375,889.93359375,235.84645080566406,1.502678452586963
851.625,239.125,851.63671875,241.89370727539062,2.677475082546103
838.125,239.875,837.52734375,240.88583374023438,1.1072484977450252
802.875,242.875,803.26171875,242.90158081054688,0.3772004739962098
1000.875,246.625,1001.80078125,246.93307495117188,0.9303058515628887
816.375,248.875,817.37109375,248.94882202148438,0.9837245287905161
889.875,250.375,889.93359375,249.95669555664062,0.5125038556198674
862.125,251.125,860.70703125,250.96456909179688,1.451594788127414
865.875,251.125,865.74609375,251.97244262695312,0.774020661438823
799.875,251.875,800.23828125,251.97244262695312,0.35248047370983315
907.875,251.875,907.06640625,251.97244262695312,0.821662815002769
830.625,252.625,830.47265625,252.98031616210938,0.3224883851576479
1030.875,254.875,1032.03515625,257.0118103027344,2.3198391245317214
996.375,257.125,993.73828125,256.0039367675781,2.922453993892059
1040.625,257.875,1038.08203125,258.0196838378906,2.5569202527391237
866.625,260.125,867.76171875,260.0354309082031,1.13815521071842
1050.375,260.125,1049.16796875,261.0433044433594,1.4581977097612333
877.125,261.625,876.83203125,262.0511779785156,0.4593454071738375
1059.375,263.125,1060.25390625,263.0590515136719,0.8854683105250806
847.125,263.875,846.59765625,263.0590515136719,1.0399676809782652
1071.375,266.125,1072.34765625,266.0826721191406,0.9734675440512306
1075.125,266.875,1077.38671875,268.0984191894531,2.504194164481244
847.875,270.625,847.60546875,270.1141662597656,0.6442876909640292
1031.625,271.375,1034.05078125,273.1377868652344,2.926049222913601
877.875,272.125,877.83984375,272.1299133300781,0.0835616053430059
895.125,272.125,893.96484375,272.1299133300781,1.1725170980581152
876.375,275.875,875.82421875,277.1692810058594,1.3439493687401711
1075.875,275.875,1076.37890625,275.1535339355469,0.9712631262651954
918.375,278.875,918.15234375,278.1771545410156,0.8114343394827093
853.125,280.375,853.65234375,278.1771545410156,2.3212067296903056
1126.125,281.125,1125.76171875,281.2007751464844,0.3778335920996974
1129.875,282.625,1130.80078125,283.2165222167969,1.0273820984045046
879.375,283.375,877.83984375,282.2086486816406,1.9764596542883472
1106.625,283.375,1105.60546875,283.2165222167969,1.0668621619964305
1087.875,287.875,1087.46484375,288.25592041015625,0.49970766469753297
1152.375,287.875,1152.97265625,289.2637939453125,1.3937414971094177
1075.875,288.625,1076.37890625,288.25592041015625,0.6864441591203734
957.375,290.875,957.45703125,291.279541015625,0.33253425343974824
946.125,291.625,946.37109375,291.279541015625,0.48535854417051494
880.125,292.375,880.86328125,292.28741455078125,0.7466114133976622
1044.375,293.125,1044.12890625,293.2952880859375,0.2650535134626968
1057.125,293.125,1056.22265625,292.28741455078125,1.3078673159764176
919.125,296.875,919.16015625,297.3267822265625,0.3847171878288875
1181.625,296.875,1184.21484375,297.3267822265625,2.6004756144657164
1141.125,299.875,1140.87890625,300.35040283203125,0.442153290340705
946.125,302.875,945.36328125,301.3582763671875,1.762836875718017
1127.625,302.875,1127.77734375,303.3740234375,0.41533847814463576
887.625,303.625,887.91796875,303.3740234375,0.4212575789869641
979.875,305.125,979.62890625,306.39764404296875,1.2230810581651965
991.875,305.125,991.72265625,304.38189697265625,0.8368084517750063
1057.125,305.125,1057.23046875,304.38189697265625,0.841497573611599
1213.125,305.875,1215.45703125,306.39764404296875,2.3565791002150753
1158.375,306.625,1158.01171875,305.3897705078125,1.3990955400653928
1171.125,309.625,1171.11328125,308.41339111328125,1.3261802541801295
1129.125,312.625,1128.78515625,314.46063232421875,1.7666749594187474
831.375,313.375,830.47265625,311.43701171875,2.173925297725585
991.125,317.875,992.73046875,317.4842529296875,1.6658138655426191
977.625,318.625,977.61328125,318.49212646484375,0.2001010517880876
1061.625,318.625,1059.24609375,319.5,2.5118364854043382
907.875,319.375,910.08984375,318.49212646484375,2.4005216931687956
964.875,319.375,965.51953125,317.4842529296875,2.05634194067177
1169.625,320.875,1169.09765625,320.50787353515625,0.713744746703662
1129.875,321.625,1129.79296875,319.5,2.2243686408636516
840.375,326.875,840.55078125,328.57086181640625,1.673537123423629
820.125,328.375,821.40234375,327.56298828125,1.5268553792117805
1021.125,329.875,1022.96484375,329.5787353515625,1.872456830829741
1031.625,329.875,1032.03515625,329.5787353515625,0.5479690501533887
1012.875,330.625,1012.88671875,332.60235595703125,1.9109972237015675
988.875,333.625,989.70703125,334.61810302734375,1.2492023883118437
976.875,334.375,976.60546875,332.60235595703125,1.8488277744097805
951.375,335.125,951.41015625,334.61810302734375,0.5580016017034279
963.375,335.125,965.51953125,333.6102294921875,2.6548308342405718
905.625,335.875,906.05859375,334.61810302734375,1.366841441246046
913.875,336.625,915.12890625,335.6259765625,1.6283014097057964
1041.375,336.625,1041.10546875,336.63385009765625,0.27859467443504865
1054.125,336.625,1054.20703125,337.6417236328125,0.9486435595475596
1100.625,336.625,1100.56640625,337.6417236328125,0.9372852641048077
881.625,337.375,879.85546875,335.6259765625,2.5120608879469604
851.625,339.625,852.64453125,338.64959716796875,1.4288699113824785
1117.875,339.625,1116.69140625,337.6417236328125,2.383019267117788
1130.625,339.625,1129.79296875,338.64959716796875,1.3506691554979087
1191.375,342.625,1192.27734375,344.69683837890625,2.1695314720640693
1174.875,344.875,1174.13671875,344.69683837890625,0.7890676450061688
926.625,345.625,926.21484375,345.7047119140625,0.4121664235416743
883.125,346.375,884.89453125,346.71258544921875,1.797165897484569
891.375,346.375,889.93359375,345.7047119140625,1.6018070261629178
913.875,346.375,914.12109375,345.7047119140625,0.7467502957703499
898.125,347.125,897.99609375,346.71258544921875,0.4613004194208524
1159.125,348.625,1159.01953125,348.72833251953125,0.10909970703809108
935.625,350.125,936.29296875,349.7362060546875,0.7926231552668479
951.375,350.125,949.39453125,348.72833251953125,2.446484982271407
1147.875,350.125,1147.93359375,349.7362060546875,0.4750874232385542
846.375,351.625,846.59765625,351.7519836425781,0.25029906781871375
1084.875,351.625,1087.46484375,351.7519836425781,2.589550643837678
1021.875,353.875,1020.94921875,353.7677307128906,0.9394415539898794
1130.625,353.875,1130.80078125,353.7677307128906,0.253630895131211
930.375,355.375,929.23828125,354.7756042480469,1.2991693492701453
1042.875,355.375,1043.12109375,356.7913513183594,1.3817570606910548
866.625,356.875,868.76953125,356.7913513183594,2.1493761349523806
898.125,356.875,896.98828125,356.7913513183594,1.13976741351701
874.875,358.375,873.80859375,357.7992248535156,1.2184702674359718
884.625,358.375,884.89453125,358.8070983886719,0.4934100181265734
907.125,358.375,908.07421875,358.8070983886719,1.0347203303824917
922.125,358.375,922.18359375,357.7992248535156,0.6073615208955431
1135.875,361.375,1136.84765625,359.8149719238281,1.9006053429233751
1054.125,362.125,1054.20703125,363.8464660644531,1.6688001644014174
1066.125,362.875,1065.29296875,362.8385925292969,0.8363654767325165
1149.375,362.875,1149.94921875,362.8385925292969,0.5847698693998972
922.125,366.625,922.18359375,366.8700866699219,0.23036107271751383
1101.375,366.625,1101.57421875,366.8700866699219,0.2712754789754402
952.125,367.375,952.41796875,368.8858337402344,1.5109117897044562
880.125,368.125,879.85546875,369.8937072753906,1.7756135060082108
910.125,368.875,910.08984375,367.8779602050781,1.0166174974794218
932.625,374.125,935.28515625,373.9252014160156,2.67337545468316
945.375,374.875,945.36328125,374.9330749511719,0.03608329756811663
1054.125,375.625,1055.21484375,374.9330749511719,1.3184735541122585
1156.875,375.625,1157.00390625,374.9330749511719,0.7712301241894395
880.125,376.375,879.85546875,375.9409484863281,0.514836908382153
1258.875,376.375,1259.80078125,377.9566955566406,1.7560254387108454
910.125,377.125,909.08203125,377.9566955566406,1.3216879460991529
1040.625,377.125,1042.11328125,375.9409484863281,1.9307507599742675
859.875,378.625,859.69921875,378.9645690917969,0.3781766055023097
919.875,378.625,921.17578125,378.9645690917969,1.3454820677888484
1001.625,383.125,1002.80859375,380.9803161621094,2.477761053378189
1118.625,383.875,1118.70703125,384.0039367675781,0.1131949915880617
1144.125,383.875,1143.90234375,384.0039367675781,0.23027859407582757
880.875,384.625,880.86328125,384.0039367675781,0.6235363384071
929.625,386.875,930.24609375,388.0354309082031,1.308875882538669
1156.875,388.375,1157.00390625,387.0275573730469,1.4134980638130794
1243.875,389.875,1244.68359375,388.0354309082031,2.0818337778058025
1132.125,390.625,1133.82421875,393.0747985839844,2.9403565771230404
1122.375,391.375,1122.73828125,391.0590515136719,0.5189498002947484
1096.125,392.125,1096.53515625,392.0669250488281,0.42728115773736963
986.625,392.875,986.68359375,393.0747985839844,0.19111078538813941
886.125,395.125,885.90234375,394.0826721191406,1.0610529987256216
1002.375,395.125,1002.80859375,396.0984191894531,1.048242909791999
994.875,395.875,993.73828125,395.0905456542969,1.3871920267913214
904.875,398.125,905.05078125,398.1141662597656,0.18393287301636838
1047.375,398.125,1047.15234375,398.1141662597656,0.22026958341391148
1210.875,398.875,1212.43359375,399.1220397949219,1.5734552663987025
1222.875,398.875,1222.51171875,400.1299133300781,1.240741117999223
1096.125,404.125,1096.53515625,404.1614074707031,0.41657171744283544
1093.875,407.875,1094.51953125,409.2007751464844,1.4472743092566043
1107.375,407.875,1107.62109375,409.2007751464844,1.3139790976777879
1000.125,408.625,999.78515625,406.1771545410156,2.4827087553767604
904.875,410.125,905.05078125,408.1929016113281,1.9319962079103774
880.875,413.875,881.87109375,414.2401428222656,1.0765243914771918
892.875,413.875,892.95703125,415.2480163574219,1.3901579096728442
937.875,415.375,937.30078125,415.2480163574219,0.5772294279846082
1213.125,419.875,1213.44140625,420.28741455078125,0.48480869039680613
1236.375,419.875,1237.62890625,420.28741455078125,1.3101316596085182
1015.125,421.375,1012.88671875,419.279541015625,3.0640455082017812
961.875,422.125,959.47265625,422.30316162109375,2.398674843620994
880.125,425.875,879.85546875,425.3267822265625,0.583372420062101
940.125,426.625,941.33203125,425.3267822265625,1.7716846267495678
952.125,426.625,953.42578125,428.35040283203125,2.175294801130178
1096.875,431.125,1096.53515625,431.3740234375,0.4019722403677198
881.625,432.625,881.87109375,432.38189697265625,0.33634759911685225
895.125,434.125,893.96484375,434.39764404296875,1.1854375870686837
1128.375,435.625,1129.79296875,436.41339111328125,1.6207311586064794
941.625,438.625,941.33203125,437.4212646484375,1.2166465229890029
1249.125,440.125,1248.71484375,437.4212646484375,2.778761735259913
1062.375,440.875,1063.27734375,439.43701171875,1.7083588419461797
1093.875,443.875,1093.51171875,443.468505859375,0.5446939654384548
1129.875,447.625,1129.79296875,446.49212646484375,1.150249387338438
913.875,452.125,914.12109375,453.5472412109375,1.4800706059705897
926.625,452.125,927.22265625,454.55511474609375,2.537049266811635
1110.375,453.625,1111.65234375,454.55511474609375,1.5867485810503785
1120.125,453.625,1121.73046875,454.55511474609375,1.8622977375970278
1114.125,454.375,1116.69140625,454.55511474609375,2.5855648722250724
907.125,461.125,908.07421875,459.594482421875,1.774659568598588
928.875,461.875,930.24609375,461.6102294921875,1.4062816736046897
1106.625,466.375,1105.60546875,467.657470703125,1.6305435885219337
873.375,473.125,871.79296875,473.7047119140625,1.6877412176350741
931.875,475.375,932.26171875,474.71258544921875,0.737892300658737
865.125,476.125,865.74609375,475.720458984375,0.7270379144799544
937.125,476.875,937.30078125,474.71258544921875,2.125671039528413
1090.125,476.875,1090.48828125,476.72833251953125,0.4031637416830927
1102.125,476.875,1102.58203125,476.72833251953125,0.49313252929964535
904.125,478.375,904.04296875,477.7362060546875,0.5883360440150459
825.375,479.125,824.42578125,477.7362060546875,1.6118927818164162
888.375,479.875,887.91796875,478.74407958984375,1.1584068484506116
841.875,483.625,841.55859375,483.7834777832031,0.3739786885541289
973.125,485.125,974.58984375,484.7913513183594,1.5124943460424125
908.625,486.625,909.08203125,485.7992248535156,0.9039862945980097
795.375,488.875,793.18359375,488.8228454589844,2.1694204420588994
938.625,488.875,940.32421875,490.8385925292969,2.650419524559304
1090.125,488.875,1090.48828125,488.8228454589844,0.38322038930604846
1102.125,488.875,1101.57421875,489.8307189941406,1.1094868153303425
954.375,490.375,956.44921875,490.8385925292969,2.1569333708504543
1042.875,490.375,1043.12109375,490.8385925292969,0.5618428104125125
780.375,491.125,780.08203125,491.8464660644531,0.8543076143441714
883.875,492.625,883.88671875,492.8543395996094,0.2987221392793713
897.375,493.375,895.98046875,493.8622131347656,1.4798339907471774
971.625,494.125,971.56640625,494.8700866699219,0.795446284017008
841.875,495.625,841.55859375,495.8779602050781,0.44297704630494694
830.625,496.375,830.47265625,495.8779602050781,0.4352363082213332
1227.375,497.875,1228.55859375,496.8858337402344,1.5587949335750106
907.875,500.125,908.07421875,499.9094543457031,0.2667273331044341
944.625,500.875,945.36328125,501.9252014160156,1.3454175299919517
983.625,500.875,983.66015625,501.9252014160156,1.1029375629456881
795.375,503.125,795.19921875,500.9173278808594,2.1195288742616425
869.625,503.125,869.77734375,503.9409484863281,0.910525678955989
856.125,503.875,857.68359375,503.9409484863281,1.58901818595447
784.875,504.625,783.10546875,503.9409484863281,1.8410874094180159
842.625,505.375,843.57421875,505.9566955566406,1.179563635473476
884.625,505.375,884.89453125,504.9488220214844,0.45684692488550277
973.875,507.625,974.58984375,506.9645690917969,0.9524525732726588
1039.125,511.375,1038.08203125,512.0039672851562,1.223584420773712
1026.375,512.125,1026.99609375,512.0039672851562,0.6477939162963897
1095.375,512.125,1094.51953125,512.0039672851562,0.8380806818068262
792.375,512.875,792.17578125,514.0197143554688,1.2573370122379852
908.625,513.625,910.08984375,514.0197143554688,1.561805103143268
764.625,514.375,765.97265625,515.027587890625,1.5701857381458881
772.125,514.375,772.01953125,515.027587890625,0.7626859110936569
823.125,514.375,820.39453125,515.027587890625,2.806318670563822
984.375,514.375,983.66015625,513.0118408203125,1.4752166338800305
728.625,515.125,728.68359375,515.027587890625,0.08736562742486134
734.625,515.875,734.73046875,516.0354614257812,0.3056527522684094
869.625,515.875,868.76953125,515.027587890625,1.1266919700872156
738.375,516.625,739.76953125,517.0433349609375,1.5180992386304097
856.125,516.625,856.67578125,516.0354614257812,0.7631271109317804
976.125,517.375,975.59765625,517.0433349609375,0.5701557733329425
951.375,518.125,950.40234375,518.0512084960938,0.9481665360436806
1048.875,518.875,1049.16796875,519.05908203125,0.3929050275637613
796.125,520.375,795.19921875,520.0669555664062,0.9217728968334468
929.625,520.375,930.24609375,518.0512084960938,2.339085760661064
715.125,521.125,714.57421875,521.0748291015625,0.5279717611355665
727.875,521.875,726.66796875,523.090576171875,1.7820359153885144
816.375,522.625,816.36328125,525.1063232421875,2.583128383376722
541.125,524.125,541.23046875,524.0984497070312,0.19214012997372584
563.625,524.125,562.39453125,525.1063232421875,1.6546631693721772
792.375,524.125,794.19140625,525.1063232421875,2.141442228037948
1027.125,524.125,1025.98828125,524.0984497070312,1.1127059559145194
922.875,525.625,922.18359375,526.1141967773438,0.8761110837226289
1217.625,527.125,1217.47265625,525.1063232421875,2.005191050516013
576.375,527.875,577.51171875,528.1299438476562,1.2378432899790053
586.875,527.875,586.58203125,528.1299438476562,0.48681342822627643
752.625,527.875,751.86328125,527.1220703125,0.9693853391154728
767.625,528.625,768.99609375,529.1378173828125,1.5342415801911828
1264.875,528.625,1264.83984375,527.1220703125,1.494559390579806
520.875,530.125,519.05859375,530.1456909179688,1.7951573252202735
704.625,530.875,706.51171875,531.153564453125,1.9594275117412783
781.125,530.875,782.09765625,529.1378173828125,1.906372811904761
869.625,533.125,867.76171875,535.18505859375,2.8324543619515063
955.125,533.875,954.43359375,532.1614379882812,1.764518410112531
1122.375,533.875,1120.72265625,531.153564453125,3.1344306969071787
635.625,536.125,634.95703125,536.1929321289062,0.6732059381434081
994.875,537.625,993.73828125,537.2008056640625,1.164238189024117
671.625,538.375,672.24609375,540.2244262695312,2.096792309789541
647.625,539.875,645.03515625,540.2244262695312,2.6067329624903355
976.125,540.625,977.61328125,542.2401733398438,2.2731432526584805
1114.875,542.875,1113.66796875,542.2401733398438,1.3177431488759
1126.875,542.875,1126.76953125,542.2401733398438,0.5925259012913902
670.125,547.375,672.24609375,545.2637939453125,2.9127366109327233
1074.375,549.625,1071.33984375,549.2952880859375,3.019416564023048
838.875,550.375,840.55078125,550.3031616210938,1.7068184635092143
982.875,550.375,982.65234375,552.3189086914062,2.03695954883286
995.625,550.375,993.73828125,550.3031616210938,1.8581692601570954
865.125,551.125,864.73828125,553.3267822265625,2.3389247165344007
694.875,552.625,694.41796875,553.3267822265625,0.949642421385746
1040.625,552.625,1042.11328125,550.3031616210938,2.712667539726781
682.875,553.375,683.33203125,553.3267822265625,0.500489338733488
1126.875,554.875,1126.76953125,554.3346557617188,0.4910420230390086
694.875,564.625,696.43359375,563.405517578125,1.9155156732020004
1018.875,565.375,1018.93359375,565.4212646484375,0.15926920387300544
1003.125,569.125,1002.80859375,567.43701171875,1.6216068614733576
625.875,570.625,626.89453125,571.468505859375,1.4664163192358837
1112.625,572.875,1111.65234375,575.5,2.855338118464574
988.875,573.625,990.71484375,573.4842529296875,1.872320383066166
843.375,574.375,842.56640625,576.5078735351562,2.391572137829265
1000.875,575.125,1001.80078125,574.4921264648438,1.0979939160329377
535.125,576.625,533.16796875,576.5078735351562,1.9207723372987102
1030.875,576.625,1030.01953125,576.5078735351562,0.8240005116697876
1018.875,577.375,1019.94140625,576.5078735351562,1.343541178413538
1003.125,580.375,1002.80859375,580.5393676757812,0.38706765663513143
1042.125,580.375,1039.08984375,580.5393676757812,3.0136624186207066
1057.875,580.375,1059.24609375,580.5393676757812,1.4255600656188505
673.875,582.625,674.26171875,583.56298828125,1.1880542599930468
649.875,585.625,647.05078125,584.5708618164062,2.920553375068774
988.875,585.625,989.70703125,586.5866088867188,1.3741552820213503
1204.875,587.125,1206.38671875,586.5866088867188,1.615541102903347
1194.375,588.625,1194.29296875,587.594482421875,0.9688879897902325
584.625,590.875,586.58203125,591.6259765625,2.2099097480457073
760.875,591.625,758.91796875,592.6338500976562,2.2469631760009334
1000.875,593.125,1000.79296875,592.6338500976562,0.3862255074426535
599.625,595.375,597.66796875,594.6495971679688,1.988837485759923
1045.125,595.375,1045.13671875,596.6653442382812,1.3908295004145124
970.125,600.625,972.57421875,600.6968383789062,2.492641406256808
1202.625,602.125,1203.36328125,600.6968383789062,1.5621196437540041
988.875,605.125,988.69921875,602.7125854492188,2.2983468333024946
1000.875,605.125,1000.79296875,604.7283325195312,0.2846676213978873
1075.875,605.125,1076.37890625,602.7125854492188,2.3750348454756582
1045.875,608.875,1046.14453125,605.7362060546875,3.0458061877397644
664.125,613.375,664.18359375,612.7913208007812,0.40226001802049927
1022.625,614.875,1022.96484375,613.7991943359375,1.0300518694514484
1030.875,614.875,1031.02734375,614.8070678710938,0.19560077967373196
962.625,620.125,964.51171875,617.8306884765625,2.89414428699742
711.375,626.875,713.56640625,625.8936767578125,2.3694947578842034
995.625,627.625,995.75390625,625.8936767578125,1.608636746080501
1102.125,627.625,1103.58984375,627.909423828125,1.553658246039394
1133.625,627.625,1131.80859375,628.9172973632812,2.259633188104847
757.125,639.625,757.91015625,638.9960327148438,0.9379016205370152
1068.875,265.375,1067.33984375,265.0747985839844,1.6045795140239638
1076.375,267.625,1077.41796875,268.0984191894531,1.0886028077290213
1084.625,269.875,1082.45703125,270.1141662597656,2.1837861500260436
1089.875,272.125,1087.49609375,271.1220397949219,2.6424112223918175
1075.625,275.875,1075.40234375,275.1535339355469,0.8694239375070691
1087.625,275.875,1086.48828125,276.1614074707031,1.1607756790018533
1119.875,282.625,1120.75390625,282.2086486816406,1.0205469807204048
1087.625,287.875,1087.49609375,288.25592041015625,0.30402915449290135
1152.125,287.875,1153.00390625,289.2637939453125,1.533559823559033
1075.625,288.625,1075.40234375,288.25592041015625,0.5302259670646683
1044.125,293.125,1044.16015625,293.2952880859375,0.0772405885348076
1057.625,293.125,1056.25390625,293.2952880859375,1.3818482705424118
1150.625,296.125,1148.97265625,297.3267822265625,1.983745401131457
1182.125,296.875,1181.22265625,296.31890869140625,1.1386064035050518
1112.375,297.625,1111.68359375,298.33465576171875,0.9223617386765266
1056.875,305.125,1057.26171875,303.3740234375,1.8822125754141388
1120.625,305.125,1117.73046875,305.3897705078125,2.906897869017563
1158.125,306.625,1159.05078125,306.39764404296875,0.9787799448290878
1215.125,306.625,1216.49609375,306.39764404296875,1.407170812058585
1129.625,321.625,1129.82421875,319.5,2.230979867088019
1277.375,323.875,1278.98046875,323.531494140625,1.6663271768147048
1287.125,326.125,1289.05859375,326.55511474609375,1.9499330160093449
1041.125,336.625,1041.13671875,336.63385009765625,0.06042798908417455
1053.875,336.625,1054.23828125,338.64959716796875,1.9862499855629654
1067.375,336.625,1067.33984375,334.61810302734375,2.081518529242218
1100.375,336.625,1100.59765625,336.63385009765625,0.23105662128532425
1117.625,339.625,1116.72265625,337.6417236328125,2.2561358174019994
1308.125,343.375,1309.21484375,342.68109130859375,1.3575642372596053
1174.625,344.125,1174.16796875,345.7047119140625,1.5566531590122177
1191.125,344.125,1192.30859375,344.69683837890625,1.2724948001429903
1333.625,345.625,1334.41015625,344.69683837890625,1.3116330320215803
1159.625,348.625,1159.05078125,348.72833251953125,0.5767695492153406
1106.375,349.375,1105.63671875,349.7362060546875,0.7934746845151726
1370.375,349.375,1370.69140625,349.7362060546875,0.38705665541491957
1380.125,352.375,1381.77734375,352.7598571777344,1.667196141370021
1308.125,354.625,1308.20703125,355.7834777832031,1.046733661765414
1319.375,354.625,1320.30078125,353.7677307128906,1.341746475221099
1387.625,354.625,1386.81640625,353.7677307128906,1.2803316007392775
1042.625,355.375,1043.15234375,356.7913513183594,1.4584183458223952
1136.375,361.375,1136.87890625,359.8149719238281,1.7090015472932274
1149.875,362.875,1149.98046875,362.8385925292969,0.1533139375105485
1077.125,365.125,1078.42578125,366.8700866699219,2.1311730587586144
1101.125,366.625,1100.59765625,365.8622131347656,0.9784110037573426
1452.875,373.375,1452.32421875,372.9173278808594,0.8098424035820145
1150.625,374.875,1150.98828125,374.9330749511719,0.3649614134114291
1157.375,375.625,1157.03515625,374.9330749511719,0.8320742523273825
1404.875,379.375,1404.95703125,380.9803161621094,1.4880183726981502
1416.875,379.375,1417.05078125,378.9645690917969,0.5604761733419467
1371.125,382.375,1370.69140625,384.0039367675781,1.5794066608458943
1449.125,383.125,1450.30859375,381.9881896972656,1.7306314330815478
1119.125,383.875,1118.73828125,384.0039367675781,0.3906200946375218
1086.125,384.625,1083.46484375,386.0196838378906,2.978736757303071
1059.875,385.375,1057.26171875,386.0196838378906,2.6780841845426946
1156.625,387.625,1157.03515625,387.0275573730469,0.7768926536371435
1454.375,389.125,1454.33984375,388.0354309082031,1.2139521247406897
1122.125,391.375,1123.77734375,392.0669250488281,1.7765122305427339
1405.625,392.875,1405.96484375,393.0747985839844,0.3522765922475449
1417.625,392.875,1417.05078125,394.0826721191406,1.2353343533012262
1425.125,396.625,1426.12109375,397.1062927246094,1.0633634233463045
1047.125,397.375,1047.18359375,398.1141662597656,0.7119424520929111
1211.375,398.875,1211.45703125,398.1141662597656,0.8301317090536381
1222.625,398.875,1222.54296875,399.1220397949219,0.19595502621845895
1431.125,404.875,1432.16796875,403.1535339355469,2.1075421953740734
1441.625,404.875,1444.26171875,405.1692810058594,2.645382929470886
1148.375,405.625,1150.98828125,406.1771545410156,2.667591068528791
1223.375,407.125,1223.55078125,407.1850280761719,0.1810793633038892
1094.375,407.875,1093.54296875,410.2086486816406,2.443602457180744
1107.125,408.625,1108.66015625,408.1929016113281,1.6115091605511687
1419.875,413.875,1420.07421875,414.2401428222656,0.33380638889170644
1226.375,419.875,1226.57421875,419.279541015625,0.6817446556332057
1236.875,419.875,1238.66796875,420.28741455078125,1.8347472641140932
1629.875,422.875,1628.69140625,422.30316162109375,1.378892702607225
1419.875,425.875,1420.07421875,425.3267822265625,0.6725170831799574
1432.625,425.875,1430.15234375,426.33465576171875,2.4940308180963626
1343.375,431.125,1343.48046875,428.35040283203125,2.849168673136326
1096.625,431.875,1096.56640625,430.36614990234375,1.5279537659561915
1236.875,431.875,1236.65234375,431.3740234375,0.5899142160901026
1422.875,434.875,1424.10546875,437.4212646484375,2.7528573955189013
1128.125,435.625,1128.81640625,435.405517578125,0.7425489522408274
1062.125,440.875,1063.30859375,439.43701171875,1.873982306088308
1694.375,440.875,1694.19921875,441.4527587890625,0.4681917652459875
1698.125,441.625,1699.23828125,443.468505859375,2.0354336477931345
1584.875,443.125,1587.37109375,443.468505859375,2.5123512985377774
1093.625,443.875,1093.54296875,443.468505859375,0.4221674620152371
1469.375,443.875,1467.44140625,445.4842529296875,2.4523047776628024
1593.125,443.875,1592.41015625,442.46063232421875,1.6885146307421643
1129.625,446.875,1129.82421875,446.49212646484375,0.4511314165565415
1612.625,447.625,1612.56640625,447.5,0.25045631566891136
1294.625,448.375,1295.10546875,448.50787353515625,0.4976525524564301
1573.625,449.875,1574.26953125,450.52362060546875,0.8454261648697197
1714.625,450.625,1714.35546875,453.5472412109375,2.7946444259064127
1110.125,453.625,1111.68359375,454.55511474609375,1.822905071339744
1119.875,453.625,1120.75390625,454.55511474609375,1.2821920745559796
1320.125,455.125,1319.29296875,454.55511474609375,1.0297539725464424
1697.375,457.375,1697.22265625,457.5787353515625,0.16239813065785044
1577.375,461.875,1575.27734375,461.6102294921875,2.120992235878313
1260.875,463.375,1262.85546875,463.6259765625,2.005188717795289
1554.875,463.375,1555.12109375,463.6259765625,0.29813920338034505
1295.375,464.125,1295.10546875,464.63385009765625,0.5343398477012319
1219.625,467.125,1219.51953125,466.64959716796875,0.5057274841845739
1320.125,467.125,1319.29296875,466.64959716796875,0.969976965236615
1577.375,468.625,1576.28515625,470.68109130859375,2.235731761565385
1718.375,469.375,1719.39453125,469.6732177734375,1.0415625864453129
1264.625,473.875,1266.88671875,473.7047119140625,2.2846139262086083
1542.875,474.625,1543.02734375,474.71258544921875,0.1633795590519157
1554.125,474.625,1554.11328125,474.71258544921875,0.0021772562907565697
1089.875,476.875,1089.51171875,476.72833251953125,0.3714411884422234
1102.625,476.875,1102.61328125,476.72833251953125,0.1369829278626438
1506.125,476.875,1503.72265625,477.7362060546875,2.5156536026034493
1731.875,476.875,1731.48828125,476.72833251953125,0.4662133232190854
1584.125,479.125,1584.34765625,479.7519836425781,0.5827853031256235
1600.625,479.125,1600.47265625,481.7677307128906,2.5499093157091335
1488.125,480.625,1487.59765625,482.7756042480469,2.1420143762290946
1263.125,481.375,1262.85546875,479.7519836425781,1.664611089376651
1776.125,485.875,1776.83984375,486.8070983886719,1.0806640757520238
1542.125,486.625,1541.01171875,486.8070983886719,1.1053240336111942
1554.125,486.625,1551.08984375,486.8070983886719,3.024206731167813
1567.625,486.625,1568.22265625,486.8070983886719,0.6178337115308211
1089.875,488.875,1089.51171875,488.8228454589844,0.34612341883559267
1555.625,497.875,1555.12109375,495.8779602050781,2.1288545753932158
1566.875,497.875,1568.22265625,498.9015808105469,1.6600247686961411
1407.125,499.375,1408.98828125,498.9015808105469,1.9487893791316668
1556.375,509.875,1556.12890625,509.9881896972656,0.2347599299706611
1095.125,511.375,1094.55078125,512.0039672851562,0.8629406725885089
1578.875,511.375,1577.29296875,509.9881896972656,2.139615777211716
1039.625,512.125,1038.11328125,512.0039672851562,1.4910229770604826
1591.625,512.125,1592.41015625,513.0118408203125,1.1417191005978555
1652.375,512.125,1652.87890625,512.0039672851562,0.558883808288095
1442.375,512.875,1440.23046875,515.027587890625,2.9974570232109676
1047.875,518.875,1049.19921875,520.0669555664062,1.8320440324196579
1415.375,521.125,1418.05859375,522.0827026367188,2.8579084338677663
1566.875,521.875,1567.21484375,522.0827026367188,0.38610728414785944
1579.625,523.375,1579.30859375,522.0827026367188,1.388107299623028
1592.375,524.125,1592.41015625,525.1063232421875,0.9173028967712116
1329.125,524.875,1331.38671875,524.0984497070312,2.413614406935137
1264.625,528.625,1264.87109375,527.1220703125,1.5183349881958845
1366.625,533.125,1367.66796875,535.18505859375,2.3093541728417026
1580.375,539.125,1582.33203125,539.216552734375,1.9772102237326508
1065.875,539.875,1066.33203125,540.2244262695312,0.632677698955872
1328.375,540.625,1327.35546875,541.2322998046875,1.1682144396037633
1340.375,540.625,1340.45703125,541.2322998046875,0.6162097168080124
1114.625,542.875,1113.69921875,542.2401733398438,1.0729267641746183
1126.625,542.875,1126.80078125,542.2401733398438,0.6207773570491235
1366.625,544.375,1364.64453125,545.2637939453125,2.1482632454050763
1445.375,548.125,1446.27734375,548.2874145507812,0.9362990043969502
1433.375,548.875,1434.18359375,548.2874145507812,1.0268905283105954
1621.625,549.625,1620.62890625,551.31103515625,1.900210459186401
1074.125,550.375,1071.37109375,549.2952880859375,2.90935249467986
1328.375,552.625,1328.36328125,552.3189086914062,0.29603357177367107
1340.375,552.625,1338.44140625,553.3267822265625,2.0365171055790454
1115.375,554.875,1114.70703125,555.342529296875,0.8282926936959943
1126.625,554.875,1126.80078125,554.3346557617188,0.5257155176432138
1433.375,563.125,1433.17578125,563.405517578125,0.3254876605442451
1113.125,572.125,1111.68359375,574.4921264648438,2.8159998400187467
1410.125,584.125,1409.99609375,585.5787353515625,1.4703941382917953
1422.125,584.125,1422.08984375,582.5551147460938,1.5592881694632061
1044.875,595.375,1045.16796875,595.657470703125,0.5032764509808211
1410.125,596.125,1408.98828125,594.6495971679688,1.8275223623775532
1203.875,602.875,1203.39453125,599.68896484375,3.147727047068798
1076.375,605.125,1076.41015625,602.7125854492188,2.314172760423777
1046.375,608.125,1046.17578125,610.7755737304688,2.763170926652451
1030.625,614.875,1031.05859375,614.8070678710938,0.4733743468538639
1044.125,617.875,1044.16015625,616.8228149414062,0.9403593120210177
1032.125,619.375,1032.06640625,621.8621826171875,2.605494356973543
1470.875,628.375,1469.45703125,628.9172973632812,1.4973140053664946
1458.875,629.875,1456.35546875,627.909423828125,3.14850075560382
1470.875,640.375,1469.45703125,641.0118408203125,1.5377470441176528
1458.875,641.125,1458.37109375,641.0118408203125,0.4737160691587654
1670.875,434.125,1672.05859375,434.39764404296875,1.1944995483202068
1694.875,440.875,1696.24609375,441.4527587890625,1.4427593275565065
1584.625,443.875,1586.39453125,443.468505859375,1.8510232864698395
1594.375,443.875,1591.43359375,443.468505859375,2.981967571041438
1598.125,443.875,1596.47265625,443.468505859375,1.7282901324303064
1573.375,449.875,1573.29296875,450.52362060546875,0.5438468393558856
1714.375,450.625,1715.39453125,452.53936767578125,2.0491268566833503
1547.875,456.625,1545.07421875,457.5787353515625,2.919972642853079
1697.875,457.375,1698.26171875,457.5787353515625,0.3998663662793267
1576.375,461.875,1575.30859375,461.6102294921875,1.1196471801923025
1543.375,463.375,1544.06640625,462.61810302734375,1.102836286499065
1554.625,463.375,1555.15234375,463.6259765625,0.5582611269673685
1577.125,469.375,1576.31640625,470.68109130859375,1.4482401833771756
1542.625,474.625,1543.05859375,474.71258544921875,0.44463232725134116
1553.875,475.375,1554.14453125,474.71258544921875,0.8021298255727839
1718.875,477.625,1720.43359375,479.7519836425781,2.5441707722505793
1584.625,479.125,1584.37890625,479.7519836425781,0.5831262937964927
1604.125,479.125,1605.54296875,481.7677307128906,2.9188932385107207
1834.375,479.125,1836.33203125,479.7519836425781,2.0228087678054916
1826.875,479.875,1826.25390625,481.7677307128906,1.851746212359696
1732.375,482.125,1730.51171875,483.7834777832031,2.4066667150686154
1814.125,482.125,1814.16015625,483.7834777832031,1.518034576382131
1802.125,482.875,1801.05859375,484.7913513183594,2.0689605755287697
1751.125,484.375,1749.66015625,484.7913513183594,1.4836609649948218
1571.125,486.625,1568.25390625,487.8149719238281,3.064649565719716
1775.875,486.625,1776.87109375,486.8070983886719,1.0073505654318766
1795.375,486.625,1794.00390625,486.8070983886719,1.362278731489425
1835.875,488.875,1833.30859375,490.8385925292969,3.1397895861844445
1866.625,488.875,1865.55859375,487.8149719238281,1.6054053909931136
1556.125,497.875,1556.16015625,496.8858337402344,1.0651452965481558
1566.625,497.875,1568.25390625,498.9015808105469,1.8975950219004292
1924.375,504.625,1924.01171875,506.9645690917969,2.2175084557500666
1556.125,509.875,1556.16015625,509.9881896972656,0.06886902596785441
1575.625,509.875,1577.32421875,509.9881896972656,1.715410593482897
1592.125,512.125,1592.44140625,513.0118408203125,0.8787308778716337
1567.375,513.625,1567.24609375,514.0197143554688,0.3465374918550219
1907.875,513.625,1907.88671875,514.0197143554688,0.2550190924245852
1915.375,515.125,1912.92578125,515.027587890625,2.448626860493503
1923.625,515.125,1924.01171875,515.027587890625,0.46586509875972926
1975.375,518.875,1975.41015625,519.05908203125,0.05708453138496102
1945.375,519.625,1944.16796875,519.05908203125,1.3900462309453903
1567.375,522.625,1567.24609375,522.0827026367188,0.6135701103611829
1580.125,523.375,1579.33984375,522.0827026367188,1.5578957558495672
1958.875,523.375,1957.26953125,523.090576171875,1.6495599247467436
1991.125,523.375,1989.51953125,523.090576171875,1.6517770703067975
1592.125,524.125,1592.44140625,524.0984497070312,0.3463713422987964
1974.625,524.875,1975.41015625,524.0984497070312,1.2213233843510725
1997.125,524.875,1996.57421875,525.1063232421875,0.5438126048879182
1947.625,533.125,1948.19921875,533.1693115234375,0.5958743458123993
1958.125,533.125,1960.29296875,534.1771850585938,2.3656659575194596
2025.625,533.875,2024.79296875,533.1693115234375,1.1863202264925496
2037.625,536.875,2035.87890625,536.1929321289062,1.923312681036499
2051.125,540.625,2050.99609375,540.2244262695312,0.5665216024825912
1947.625,545.125,1948.19921875,545.2637939453125,0.5904717695162716
1959.625,545.125,1959.28515625,545.2637939453125,0.3239049580961354
2025.625,548.875,2023.78515625,550.3031616210938,2.231182978903186
2052.625,556.375,2055.02734375,557.3582763671875,2.5602213596753196
2039.875,561.625,2039.91015625,561.3897705078125,0.37696791033962646
2243.875,593.875,2243.48828125,593.6417236328125,0.538938461642702
2266.375,600.625,2266.66796875,600.6968383789062,0.3258083650923038
2189.875,611.875,2190.07421875,611.783447265625,0.31912927485920767
1943.875,613.375,1946.18359375,612.7913208007812,2.428011535997772
1962.625,632.125,1963.31640625,631.94091796875,0.7651169808951529
1968.625,632.875,1968.35546875,632.9487915039062,0.24107346843536617
2103.375,569.125,2103.43359375,569.0401611328125,0.24399571134578382
2244.375,593.875,2243.51953125,594.2633666992188,0.8662412595446605
2128.875,599.875,2128.62890625,601.3258666992188,1.33746188335976
2219.625,603.625,2220.33984375,606.3705444335938,2.6983009283086288
2286.375,605.875,2284.83984375,606.3705444335938,1.5506114332891292
2248.875,608.875,2248.55859375,609.3973388671875,0.472968499718003
2213.625,614.125,2214.29296875,613.4330444335938,1.0824237908163143
2233.875,614.125,2231.42578125,616.4598388671875,3.2681281149900836
2319.375,615.625,2319.10546875,615.4508666992188,0.41871176014402095
2321.625,626.875,2322.12890625,626.5491333007812,0.7145675530952623
2333.625,627.625,2334.22265625,627.5580444335938,0.6606072501545975
2235.375,637.375,2236.46484375,636.6383666992188,1.4133029278134177
2322.375,638.875,2322.12890625,639.6651611328125,0.678390441457321
2334.375,638.875,2335.23046875,637.6473388671875,1.6360952518788778
2353.875,639.625,2352.36328125,637.6473388671875,2.600011367411961
2439.375,665.125,2438.02734375,666.90625,2.0931809778513735
2394.375,760.375,2393.68359375,760.7366333007812,0.7063350853813513
2414.625,761.125,2416.86328125,761.7455444335938,2.3408168514842274
326.875,518.625,326.8973083496094,519.05859375,0.6412099591224202
336.625,520.875,335.9776916503906,521.07421875,0.7356643491289481
608.125,526.125,608.3883666992188,527.12109375,1.1822394713654505
612.625,526.875,613.4330444335938,529.13671875,2.5519356293564925
440.875,531.375,440.90625,531.15234375,0.07225817040055214
380.875,533.625,381.37945556640625,533.16796875,0.5949323187166426
386.875,535.125,386.4241027832031,535.18359375,0.4923456106931282
390.625,535.875,391.46875,535.18359375,1.004520141785639
439.375,538.125,436.87054443359375,539.21484375,2.784302480413451
750.375,517.875,750.84765625,518.05078125,0.5770233644140583
976.125,517.875,975.58984375,517.04296875,0.9224789057981159
796.125,520.125,795.19140625,521.07421875,1.3902673491277324
607.875,526.125,608.74609375,528.12890625,2.3340592261957687
611.625,526.875,613.78515625,527.12109375,2.225407796922003
781.125,530.625,782.08984375,529.13671875,1.6951045708656416
1001.625,577.125,1001.79296875,575.49609375,1.544725350803114
1035.375,594.375,1037.06640625,593.63671875,1.8396306304929029
1045.875,595.125,1045.12890625,596.66015625,1.7827841588650009
1024.125,603.375,1022.95703125,604.72265625,1.8452932666438298
2103.375,569.625,2103.43359375,569.4527587890625,0.3278544277345978
2130.375,592.875,2130.64453125,593.6417236328125,0.6931870205343921
2244.375,593.625,2242.51171875,593.6417236328125,1.8494781180383402
2266.125,600.375,2265.69140625,600.6968383789062,0.443318270636298
2190.375,611.625,2190.10546875,611.783447265625,0.2476631376153549
2167.875,613.125,2167.93359375,612.7913208007812,0.47294940387404705
2213.625,613.875,2213.28515625,613.7991943359375,0.38444985484408695
2322.375,627.375,2322.12890625,626.901611328125,0.6679516956849522
2333.625,627.375,2334.22265625,626.901611328125,0.8860605504440509
2235.375,637.125,2236.46484375,636.9803466796875,1.1492259950906656
2322.375,638.625,2322.12890625,638.99609375,0.31342707159008726
2334.375,638.625,2334.22265625,637.9881591796875,0.7986651985062593
2393.625,760.125,2393.68359375,759.94091796875,0.2870765845328897
2415.375,761.625,2416.86328125,761.9566650390625,1.5488752070734113
2392.875,775.875,2391.66796875,776.06689453125,1.1691995515316231
2393.625,779.625,2392.67578125,781.1063232421875,1.674651279243631
2414.625,781.125,2413.83984375,781.1063232421875,0.7469348099383963
2398.125,781.875,2397.71484375,782.1141357421875,0.40212077222047016
2394.375,829.125,2394.69140625,827.468505859375,1.7359333009988756
2406.375,829.125,2406.78515625,829.4842529296875,0.5595391107558656
2394.375,842.625,2393.68359375,841.5787353515625,1.2522690497632578
2406.375,842.625,2407.79296875,842.5866088867188,1.4728629507820818
2405.625,961.875,2404.76953125,961.5157470703125,0.8460744318470276
2421.375,963.375,2421.90234375,962.5236206054688,1.0061679457842976
2405.625,973.875,2404.76953125,973.6102294921875,0.8118894939852711
2421.375,974.625,2420.89453125,974.6181030273438,0.41082857025169
2413.125,975.375,2412.83203125,975.6259765625,0.37458029686033584
2505.375,1084.125,2505.55078125,1083.468505859375,0.6128338241453397
2490.375,1084.875,2490.43359375,1084.476318359375,0.326473493615235
2490.375,1097.625,2489.42578125,1096.57080078125,1.2741191648752213
2505.375,1097.625,2505.55078125,1097.5787353515625,0.27209957514469046
3165.125,856.125,3164.69140625,855.68896484375,0.7360256183517676
3201.875,865.875,3200.97265625,865.7677001953125,0.9061771907266124
3105.875,867.375,3106.23828125,868.7913818359375,1.3131631942636341
3125.375,877.125,3126.39453125,876.8543701171875,1.1549836024409652
3196.625,877.875,3196.94140625,876.8543701171875,1.2568998026468867
3171.125,880.875,3170.73828125,882.901611328125,1.8824654536912406
3276.875,887.625,3275.55078125,886.93310546875,1.5523353954325325
3005.375,888.375,3006.46484375,886.93310546875,1.9461208424965992
3120.875,888.375,3121.35546875,887.94091796875,0.796203607179476
3132.875,888.375,3131.43359375,887.94091796875,1.5127796668540205
3063.125,889.125,3062.90234375,888.9488525390625,0.36453098292837577
3075.125,889.125,3074.99609375,888.9488525390625,0.33366149556482333
3195.125,893.625,3195.93359375,897.0118408203125,3.3281878678663794
3225.875,898.875,3228.18359375,899.027587890625,2.3598395041954574
3237.875,898.875,3237.25390625,899.027587890625,0.5706364723785737
3063.125,900.375,3062.90234375,901.0433349609375,0.5562518707036924
3075.125,900.375,3074.99609375,901.0433349609375,0.5326643922126129
3120.875,903.375,3121.35546875,904.0669555664062,0.7611994809977874
3134.375,903.375,3135.46484375,903.05908203125,1.2348239130368543
3144.875,904.125,3144.53515625,905.0748291015625,0.8462183775515029
3156.875,904.125,3156.62890625,905.0748291015625,0.8166946511296129
3213.125,908.625,3213.06640625,909.1063232421875,0.3157691262097808
3318.875,910.125,3317.87890625,910.1141967773438,0.9650863611398955
3237.875,910.875,3238.26171875,911.1220703125,0.4462237394567691
3059.375,911.625,3060.88671875,911.1220703125,1.6898547172688223
3157.625,916.125,3157.63671875,915.153564453125,1.1220586219962698
3240.875,920.625,3240.27734375,921.2008056640625,0.6820921971133317
3274.625,920.625,3272.52734375,919.18505859375,2.60257305153905
3252.875,921.375,3252.37109375,921.2008056640625,0.5639569957481705
2636.375,925.125,2637.60546875,925.2322998046875,1.2949056963142782
3169.625,925.125,3169.73046875,925.2322998046875,0.1654976557167719
3210.125,925.875,3209.03515625,926.2401733398438,1.0560403498035622
2941.625,931.125,2942.97265625,929.2637939453125,2.4071668661639434
3240.875,932.625,3241.28515625,932.2874145507812,0.6787242816935457
3252.875,932.625,3253.37890625,931.279541015625,1.6047116339694516
3321.125,933.375,3318.88671875,935.31103515625,2.8064086505110915
3121.625,935.625,3121.35546875,934.3031616210938,1.4653489595386675
3264.875,940.125,3267.48828125,940.3504028320312,2.6707437903050923
3271.625,941.625,3272.52734375,942.3661499023438,1.1230855520873024
3241.625,943.125,3241.28515625,942.3661499023438,0.9510299259419501
3252.875,943.125,3253.37890625,943.3740234375,0.5694323800303343
3281.375,943.125,3280.58984375,943.3740234375,0.7340459282885674
3258.875,951.375,3259.42578125,952.4448852539062,1.105244385870423
3276.125,954.375,3275.55078125,954.4606323242188,0.5196729037059702
3235.625,955.875,3235.23828125,954.4606323242188,1.5881082171206506
3255.125,959.625,3252.37109375,959.5,2.707564848440611
3228.125,964.875,3229.19140625,965.5472412109375,1.2497263637649043
3140.375,965.625,3140.50390625,965.5472412109375,0.26938767049315027
3276.125,966.375,3275.55078125,969.5787353515625,3.105065037561042
3298.625,972.375,3299.73828125,972.6023559570312,1.1771142131124737
3129.875,977.625,3129.41796875,977.6417236328125,0.4026762078418716
3141.125,977.625,3141.51171875,977.6417236328125,0.4587174551485809
3169.625,1021.875,3169.73046875,1021.9881591796875,0.1776292477616445
3225.875,1029.375,3224.15234375,1032.06689453125,3.0829716887571967
3156.875,1034.625,3156.62890625,1035.090576171875,0.43148372339305807
3169.625,1035.375,3167.71484375,1035.090576171875,1.873269111934934
3271.625,1039.875,3271.51953125,1040.1298828125,0.1660665152150575
3260.375,1040.625,3260.43359375,1039.1220703125,1.5977488662242132
3259.625,1048.125,3260.43359375,1047.18505859375,1.3509445132700297
3276.125,1049.625,3276.55859375,1049.2008056640625,0.7191181226819165
3259.625,1060.125,3259.42578125,1059.279541015625,0.9305920424236094
3276.125,1060.875,3276.55859375,1059.279541015625,1.750318412057291
3173.875,859.125,3172.78515625,857.7047119140625,1.9185182404688415
3189.625,862.875,3189.91796875,862.7440795898438,0.46739363316913557
3197.125,865.125,3195.96484375,864.7598876953125,1.2444508123537599
3201.625,865.875,3203.01953125,867.783447265625,2.242007265353172
3209.125,868.125,3209.06640625,867.783447265625,0.5329005322293581
3196.375,877.875,3196.97265625,875.846435546875,2.303143352574268
3182.125,880.875,3183.87109375,881.8936767578125,1.982699183295555
3272.875,886.875,3271.55078125,885.9251708984375,1.7123482123397296
3121.375,888.375,3121.38671875,887.94091796875,0.5963333664632404
3159.625,893.625,3158.67578125,892.9803466796875,1.2083276863913883
3238.375,898.875,3237.28515625,899.027587890625,1.0391527239722786
3226.375,899.625,3228.21484375,899.027587890625,2.042510996702259
3121.375,903.375,3121.38671875,904.0669555664062,0.5466620818185657
3134.125,904.125,3134.48828125,903.05908203125,1.2865517872761387
3145.375,904.125,3143.55859375,905.0748291015625,1.9348380895885104
3157.375,904.125,3156.66015625,905.0748291015625,1.0333558501272784
3294.625,910.125,3296.74609375,911.1220703125,2.320731119361458
3318.625,910.125,3318.91796875,910.1141967773438,0.3975744607777931
3237.625,910.875,3238.29296875,911.1220703125,0.7248515340338799
3326.875,916.875,3324.96484375,917.1693115234375,1.8608954032722307
3336.625,917.625,3337.05859375,918.1771850585938,0.6082583477727759
3385.375,917.625,3385.43359375,918.1771850585938,0.3718926713400027
3241.375,921.375,3240.30859375,921.2008056640625,1.0670467422286016
3253.375,921.375,3252.40234375,921.2008056640625,0.9796006120079841
3398.125,922.875,3398.53515625,923.216552734375,0.4848579744513281
3169.375,925.125,3169.76171875,925.2322998046875,0.4439403674367282
3406.375,925.125,3406.59765625,925.2322998046875,0.2895032778494914
3209.875,925.875,3210.07421875,926.2401733398438,0.3308797565003233
3365.875,926.625,3364.26953125,927.248046875,1.6121688618460084
3385.375,926.625,3385.43359375,927.248046875,0.4460789372054986
3375.625,927.375,3375.35546875,927.248046875,0.382472281404246
3424.375,930.375,3424.73828125,930.2716674804688,0.5136067585502471
3241.375,932.625,3241.31640625,932.2874145507812,0.49363767522042656
3252.625,932.625,3252.40234375,934.3031616210938,1.528827657056984
3320.125,934.875,3317.91015625,935.31103515625,2.175826890057289
3121.375,935.625,3121.38671875,935.31103515625,0.44744027212551524
3446.875,936.375,3446.91015625,936.3189086914062,0.2693602196597196
3405.625,937.875,3405.58984375,938.3346557617188,0.27211636966956243
3392.875,938.625,3392.48828125,939.342529296875,0.6275305739961898
3253.375,939.375,3252.40234375,939.342529296875,0.9348887969498572
3350.125,940.875,3349.15234375,941.3582763671875,0.967700268576822
3362.125,940.875,3362.25390625,941.3582763671875,0.35763946191628165
3434.875,940.875,3435.82421875,941.3582763671875,1.0450479632383212
3272.125,941.625,3272.55859375,942.3661499023438,0.7627664254385083
3241.375,943.125,3241.31640625,943.3740234375,0.09985265295232976
3281.125,943.125,3280.62109375,943.3740234375,0.4563205246017625
3296.875,944.625,3295.73828125,945.3897705078125,1.2375976818357994
3371.875,946.875,3372.33203125,950.4291381835938,3.4178685369670503
3495.625,949.875,3494.27734375,949.4212646484375,1.4483935823263576
3395.875,950.625,3395.51171875,948.4133911132812,2.409006274896246
3258.625,951.375,3258.44921875,952.4448852539062,0.9298166685533088
3380.875,951.375,3380.39453125,950.4291381835938,1.1973734892831926
3368.125,952.125,3367.29296875,951.43701171875,1.156774330744766
3420.625,952.125,3419.69921875,955.468505859375,3.278709389736942
3353.875,952.875,3352.17578125,953.4527587890625,1.6924683886040057
3413.125,952.875,3411.63671875,953.4527587890625,1.4859176425272438
3277.375,954.375,3275.58203125,954.4606323242188,1.7356962352582221
3395.875,955.125,3395.51171875,953.4527587890625,1.8722818880483356
3134.125,955.875,3134.48828125,956.4763793945312,0.6431011206281715
3235.375,955.875,3235.26953125,954.4606323242188,1.5545993265499423
3242.875,956.625,3243.33203125,956.4763793945312,0.591764768502573
3396.625,958.875,3397.52734375,958.4921264648438,1.1090791032429115
3466.375,959.625,3466.05859375,960.5078735351562,0.7425184343487937
3475.375,959.625,3475.12890625,961.5157470703125,1.712111075770553
3424.375,960.375,3424.73828125,959.5,1.1335793533274297
3454.375,960.375,3451.94921875,959.5,2.5946310939193338
3367.375,963.375,3367.29296875,963.531494140625,0.02435189310049166
3357.625,964.125,3357.21484375,963.531494140625,0.8319669098770393
3227.875,964.875,3229.22265625,966.5551147460938,2.09275811897978
3140.875,965.625,3140.53515625,965.5472412109375,0.3370619095907001
3465.625,971.625,3467.06640625,973.6102294921875,2.3477442796886248
3299.125,972.375,3299.76953125,972.6023559570312,0.7103702936566277
3376.375,972.375,3376.36328125,972.6023559570312,0.08331179670705874
3386.875,972.375,3385.43359375,971.594482421875,1.6723470415200417
3422.125,972.375,3422.72265625,971.594482421875,1.1548142690845637
3454.375,972.375,3453.96484375,971.594482421875,1.0192164267687578
3457.375,976.125,3457.99609375,977.6417236328125,1.5049037027033034
3129.625,977.625,3129.44921875,977.6417236328125,0.1411600097447455
3397.375,977.625,3396.51953125,977.6417236328125,0.808043262190953
3410.125,977.625,3409.62109375,977.6417236328125,0.4673067618415633
3141.625,978.375,3140.53515625,977.6417236328125,1.3248227585065482
3402.625,979.125,3404.58203125,978.6495971679688,2.1153694933628504
3344.125,982.875,3343.10546875,981.6732177734375,1.6530303132101265
3375.625,982.875,3376.36328125,982.6810913085938,0.8713426838600813
3421.375,983.625,3419.69921875,984.6968383789062,1.8537018640178577
3626.125,986.625,3627.30859375,987.720458984375,1.5290295728974295
3458.125,987.375,3457.99609375,987.720458984375,0.19072067154254974
3407.875,988.125,3406.59765625,987.720458984375,1.3386114686391801
3469.375,988.125,3469.08203125,987.720458984375,0.6188863022764394
3479.875,988.125,3477.14453125,988.7283325195312,2.7043689036704377
3380.125,988.875,3380.39453125,988.7283325195312,0.4445563854416269
3439.375,995.625,3439.85546875,995.783447265625,0.5428415585401745
3450.625,996.375,3449.93359375,995.783447265625,0.9798793741622587
3380.125,997.875,3380.39453125,996.7913208007812,1.271517401130164
3389.125,997.875,3388.45703125,999.81494140625,1.8936490240823223
3372.625,998.625,3373.33984375,998.8070678710938,0.7795262856833238
3419.875,1000.125,3419.69921875,998.8070678710938,1.4728577476605624
3682.375,1001.625,3679.71484375,1000.8228149414062,2.7887363423455147
3686.125,1003.125,3684.75390625,1004.8543090820312,2.0092576728586224
3370.375,1003.875,3372.33203125,1003.846435546875,2.028233139607111
3407.875,1003.875,3407.60546875,1004.8543090820312,0.8587167331464555
3689.875,1003.875,3689.79296875,1006.8700561523438,2.788420833466639
3147.625,1006.875,3145.57421875,1007.8779296875,2.1844471650643804
3702.625,1008.375,3702.89453125,1007.8779296875,0.7773696340401631
3519.625,1009.875,3521.48828125,1011.909423828125,2.6839672241972887
3464.875,1012.125,3467.06640625,1012.9172973632812,2.344793284402278
3725.125,1013.625,3727.08203125,1013.9251708984375,2.0205857203376762
3404.125,1014.375,3402.56640625,1013.9251708984375,1.6046123830504346
3386.125,1015.125,3385.43359375,1015.94091796875,0.92577856853664
3671.125,1015.125,3669.63671875,1017.9566650390625,2.997295791494125
3359.125,1015.875,3359.23046875,1015.94091796875,0.18231135375955843
3440.875,1015.875,3441.87109375,1015.94091796875,1.0642784145676847
3452.875,1015.875,3452.95703125,1015.94091796875,0.1682298964496918
3659.875,1015.875,3661.57421875,1015.94091796875,1.7663219435434039
3416.875,1016.625,3416.67578125,1015.94091796875,0.8340291873597625
3583.375,1016.625,3581.95703125,1017.9566650390625,1.7808655415251742
3368.125,1017.375,3368.30078125,1015.94091796875,1.580856976596487
3689.125,1018.125,3687.77734375,1019.972412109375,2.0915559907991508
3406.375,1021.125,3406.59765625,1022.9960327148438,1.760959063985989
3170.125,1021.875,3169.76171875,1021.9881591796875,0.295479186529448
3155.875,1022.625,3154.64453125,1022.9960327148438,1.1970177430119275
3674.125,1024.125,3675.68359375,1026.019775390625,2.3531851140024673
3699.625,1024.125,3698.86328125,1024.00390625,0.7668952186188243
3479.125,1025.625,3479.16015625,1026.019775390625,0.2678839452919395
3491.125,1025.625,3490.24609375,1026.019775390625,0.8491020691442043
3752.875,1025.625,3753.28515625,1026.019775390625,0.5092051212606971
3728.125,1026.375,3728.08984375,1027.027587890625,0.453156150830281
3716.125,1027.125,3715.99609375,1027.027587890625,0.3017966906232452
3407.125,1027.875,3407.60546875,1028.035400390625,0.5487092713946247
3366.625,1030.875,3369.30859375,1032.06689453125,2.9536628805391762
3378.625,1030.875,3380.39453125,1030.05126953125,2.0665682996450747
3386.125,1030.875,3385.43359375,1030.05126953125,1.1336772162091693
3431.125,1030.875,3431.79296875,1031.05908203125,0.7372608235947503
3392.125,1031.625,3392.48828125,1032.06689453125,0.5358570810395623
3695.875,1033.875,3694.83203125,1033.0748291015625,1.3907845566144001
3156.625,1034.625,3156.66015625,1035.090576171875,0.4087344766443955
3169.375,1036.125,3167.74609375,1035.090576171875,1.9108805557287205
3754.375,1036.125,3755.30078125,1036.098388671875,1.0156109823858483
3405.625,1036.875,3405.58984375,1037.1063232421875,0.11291326061818674
3479.125,1037.625,3479.16015625,1038.1142578125,0.3651491634382853
3491.125,1037.625,3490.24609375,1039.1220703125,1.5796837250579752
3716.125,1037.625,3715.99609375,1037.1063232421875,0.7118967390693796
3728.125,1037.625,3728.08984375,1037.1063232421875,0.7122434324385931
3782.875,1037.625,3782.51171875,1038.1142578125,0.41275617379924334
3770.125,1038.375,3769.41015625,1038.1142578125,0.7979669144206896
3641.125,1039.125,3640.41015625,1039.1220703125,0.6721752589500278
3260.125,1040.625,3260.46484375,1040.1298828125,0.7145451024234455
3700.375,1042.875,3699.87109375,1044.161376953125,1.1866585364184883
3544.375,1044.375,3542.65234375,1043.153564453125,2.148236151569523
3430.375,1045.125,3431.79296875,1043.153564453125,2.56932222941338
3272.125,1045.875,3274.57421875,1045.1693115234375,2.6430250796347834
3418.375,1045.875,3417.68359375,1046.17724609375,0.6476446185864044
3718.375,1045.875,3718.01171875,1046.17724609375,0.319268022264414
3728.125,1046.625,3727.08203125,1046.17724609375,1.1649873730197275
3275.875,1048.875,3275.58203125,1050.208740234375,1.265657986530774
3404.875,1052.625,3405.58984375,1052.224365234375,0.938796429237897
3827.125,1052.625,3826.85546875,1052.224365234375,0.638618195787776
3695.875,1053.375,3695.83984375,1052.224365234375,1.326685853239068
3728.125,1054.125,3728.08984375,1054.240234375,0.07420515638647625
3804.625,1054.125,3803.67578125,1054.240234375,0.8868869641915843
3822.625,1054.875,3821.81640625,1054.240234375,1.1187743402390473
3614.875,1057.125,3615.21484375,1056.255859375,1.103335424065558
3821.875,1058.625,3821.81640625,1059.279541015625,0.4550658010529659
3733.375,1059.375,3733.12890625,1058.271728515625,1.295452111192416
3259.375,1060.125,3260.46484375,1059.279541015625,1.4846716463311374
3276.625,1060.875,3275.58203125,1060.287353515625,1.176867527678507
3771.625,1062.375,3769.41015625,1063.31103515625,2.2741605213898186
3374.875,1064.625,3377.37109375,1066.334716796875,3.0324611160249737
3742.375,1066.125,3743.20703125,1065.3267822265625,1.3278737174225497
3754.375,1066.125,3755.30078125,1066.334716796875,0.9948297366483096
3797.875,1066.875,3797.62890625,1066.334716796875,0.7506220774973806
3734.875,1068.375,3735.14453125,1067.342529296875,1.253406577914971
3821.875,1072.875,3821.81640625,1071.3740234375,1.6912379802958124
3797.875,1073.625,3797.62890625,1074.397705078125,0.6142094878860332
3452.125,1075.125,3451.94921875,1075.405517578125,0.20001323764469234
3464.125,1075.125,3463.03515625,1074.397705078125,1.3176151668262321
3394.375,1075.875,3391.48046875,1077.4212646484375,3.171376972868114
3699.625,1075.875,3698.86328125,1076.413330078125,0.7869902644363628
3423.625,1076.625,3422.72265625,1074.397705078125,2.471599393048054
3808.375,1076.625,3807.70703125,1075.405517578125,1.526559420903168
3791.875,1078.875,3791.58203125,1079.43701171875,0.4425066212901949
3824.875,1079.625,3823.83203125,1079.43701171875,1.0428429009412055
3719.875,1081.125,3720.02734375,1081.4527587890625,0.27784562912977845
3728.125,1081.125,3725.06640625,1081.4527587890625,2.991978446479902
3731.875,1081.125,3733.12890625,1081.4527587890625,1.3348531161227533
3551.125,1082.625,3552.73046875,1082.460693359375,1.7036905181930082
3755.875,1084.125,3755.30078125,1084.476318359375,0.5352246052187134
3828.625,1084.125,3826.85546875,1084.476318359375,1.707444113167932
3452.125,1087.125,3451.94921875,1086.4921875,0.7403954381819765
3463.375,1087.125,3464.04296875,1086.4921875,1.0459124444550392
3523.375,1093.125,3522.49609375,1094.55517578125,1.54359552931947
3826.375,1100.625,3825.84765625,1100.602294921875,0.49503816202710865
3831.625,1100.625,3830.88671875,1100.602294921875,0.6941971485452413
3820.375,1102.125,3818.79296875,1102.6181640625,1.5431337890110217
3832.375,1112.625,3830.88671875,1112.69677734375,1.4171480549897872
3819.625,1113.375,3820.80859375,1112.69677734375,1.5136277942853025
3734.125,1114.125,3731.11328125,1114.712646484375,2.9692926475530403
3479.125,1114.875,3476.13671875,1114.712646484375,2.920122162963192
3483.625,1124.625,3483.19140625,1124.791259765625,0.3629715113471346
3473.125,1125.375,3472.10546875,1126.80712890625,1.6459729442336901
3463.375,1127.625,3464.04296875,1127.81494140625,0.7574487041911269
3764.125,1127.625,3761.34765625,1127.81494140625,2.70048551797698
3488.125,1135.125,3488.23046875,1133.8621826171875,1.3529898984775548
3453.625,1138.125,3450.94140625,1136.8857421875,2.9109123457859334
3462.625,1143.375,3463.03515625,1143.94091796875,0.7022193855040059
3488.125,1145.625,3487.22265625,1145.9566650390625,0.8597949959024075
3469.375,1148.625,3471.09765625,1147.972412109375,1.9435837404984215
3736.375,1152.375,3737.16015625,1152.00390625,0.9956942170101244
3749.125,1152.375,3749.25390625,1150.99609375,1.5159885395754082
3392.125,1156.125,3389.46484375,1158.05126953125,3.189808524618277
3749.125,1162.125,3749.25390625,1161.0748291015625,1.1852636380573243
3734.875,1168.875,3735.14453125,1169.1378173828125,0.3852870802642587
3746.875,1168.875,3746.23046875,1169.1378173828125,0.5812541836826595
3784.375,1176.375,3784.52734375,1178.208740234375,1.7354789852380519
3681.625,1182.375,3681.73046875,1181.2322998046875,1.2457497385886844
3694.375,1182.375,3693.82421875,1182.240234375,0.5167331443835375
3619.375,1187.625,3618.23828125,1189.2952880859375,1.912416506646842
3680.125,1198.875,3680.72265625,1199.3740234375,0.8054994044846362
3694.375,1198.875,3693.82421875,1198.3662109375,0.7488463535415735
3606.625,1219.875,3609.16796875,1219.531494140625,2.664222326254327
3620.125,1221.375,3620.25390625,1220.539306640625,0.9123498114412721
3632.125,1232.625,3631.33984375,1232.6337890625,0.6921600678395284
3620.125,1233.375,3620.25390625,1232.6337890625,0.8139276235647527
3662.875,1243.125,3663.58984375,1244.728271484375,1.756665851177463
3662.875,1249.875,3663.58984375,1249.7677001953125,0.8241369070871415
3815.125,1260.375,3814.76171875,1259.846435546875,0.6521849458481036
3815.875,1269.375,3814.76171875,1269.9251708984375,1.1281744051479268
3713.125,1273.125,3711.96484375,1275.972412109375,3.0053626630167156
3702.375,1008.375,3702.92578125,1008.8858032226562,0.6832696925368811
3725.625,1013.625,3727.11328125,1013.9251708984375,1.5524585461995843
3689.625,1018.125,3686.80078125,1018.9645385742188,2.8353728715981306
3743.625,1025.625,3742.23046875,1024.00390625,2.2593499288175534
3752.625,1025.625,3753.31640625,1026.019775390625,0.7774767764853636
3727.875,1026.375,3728.12109375,1026.019775390625,0.6357975634116856
3695.625,1033.125,3696.87890625,1034.082763671875,1.5263368886995146
3754.125,1036.125,3755.33203125,1036.098388671875,1.2913086337564066
3728.625,1037.625,3728.12109375,1037.1063232421875,0.8362660752049873
3782.625,1037.625,3782.54296875,1038.1142578125,0.2850514351782838
3766.125,1038.375,3767.42578125,1038.1142578125,1.4411428640699926
3700.125,1042.875,3699.90234375,1043.153564453125,0.18332324588749854
3840.375,1045.125,3837.97265625,1046.17724609375,2.484080945283716
3718.125,1045.875,3718.04296875,1046.17724609375,0.1179349401744704
3865.125,1051.875,3865.18359375,1053.2322998046875,1.1506402039016728
3695.625,1052.625,3695.87109375,1052.224365234375,0.6564208205198389
3811.125,1052.625,3811.76953125,1052.224365234375,0.9311046636155085
3798.375,1054.125,3798.66796875,1054.240234375,0.36859123089375323
3805.875,1054.125,3803.70703125,1054.240234375,2.103380805702465
3733.125,1055.625,3733.16015625,1058.271728515625,2.4665964406336998
3615.375,1056.375,3615.24609375,1056.255859375,0.2818393423662789
3822.375,1057.875,3821.84765625,1059.279541015625,1.2895188438056524
3837.375,1058.625,3835.95703125,1059.279541015625,1.4249200217964602
3882.375,1065.375,3883.32421875,1065.3267822265625,1.0480160133707432
3754.125,1066.125,3755.33203125,1066.334716796875,1.275986254890341
3797.625,1066.125,3797.66015625,1066.334716796875,0.10521471339250618
3735.375,1068.375,3735.17578125,1068.350341796875,0.23779365213393255
3933.375,1070.625,3933.71484375,1071.3740234375,0.670678757973522
3841.875,1072.125,3842.00390625,1073.3897705078125,1.0877550019242397
3821.625,1072.875,3821.84765625,1072.3818359375,0.7428800715725687
3798.375,1073.625,3797.66015625,1074.397705078125,0.8733551468757785
3943.125,1073.625,3944.80078125,1074.397705078125,1.8298774360768588
3808.125,1076.625,3807.73828125,1075.405517578125,1.4396743101861258
3955.125,1077.375,3957.90234375,1078.42919921875,2.9659517965165403
3824.625,1079.625,3823.86328125,1078.42919921875,1.5457815213197428
3900.375,1079.625,3897.43359375,1081.4527587890625,3.300381205815426
3718.875,1081.125,3719.05078125,1081.4527587890625,0.2971574394115183
3731.625,1081.125,3730.13671875,1080.44482421875,1.6502651414552807
3915.375,1081.125,3915.57421875,1082.460693359375,1.161910683579589
3932.625,1081.125,3931.69921875,1081.4527587890625,0.8654193604387801
3735.375,1081.875,3735.17578125,1082.460693359375,0.43920855280879384
3827.625,1083.375,3825.87890625,1083.468505859375,1.6783918401482611
3755.625,1084.125,3755.33203125,1084.476318359375,0.287429941509877
3844.125,1086.375,3843.01171875,1086.4921875,1.0451603601405806
3792.375,1087.875,3792.62109375,1087.5,0.634144180379975
3803.625,1088.625,3803.70703125,1088.5078125,0.33080408542582557
3870.375,1088.625,3872.23828125,1088.5078125,1.9580045635265422
3888.375,1090.125,3887.35546875,1090.523681640625,0.9710838464884199
4000.875,1090.125,4002.24609375,1089.5157470703125,1.6606921646413937
4004.625,1090.875,4007.28515625,1091.531494140625,2.7642259102844524
3901.125,1092.375,3900.45703125,1092.539306640625,0.5981750398244912
4017.375,1095.375,4018.37109375,1094.55517578125,1.4874621903748335
4026.375,1096.875,4028.44921875,1097.5787353515625,2.1980359878064313
3844.125,1099.875,3844.01953125,1100.602294921875,0.550888792792521
3826.125,1100.625,3826.88671875,1100.602294921875,0.8570282559509157
3831.375,1100.625,3831.92578125,1100.602294921875,0.653723191811785
3820.125,1102.125,3818.82421875,1102.6181640625,1.269461163981718
4061.625,1106.625,4062.71484375,1107.657470703125,1.4165371191593579
3886.875,1107.375,3887.35546875,1108.665283203125,1.2389518514325304
3964.125,1107.375,3964.95703125,1106.649658203125,1.2925510235547877
3921.375,1108.875,3920.61328125,1109.6732177734375,0.920224191952252
4069.125,1108.875,4069.76953125,1109.6732177734375,0.919660242399707
4024.875,1109.625,4024.41796875,1112.69677734375,2.887404475832364
3857.625,1111.125,3859.13671875,1111.68896484375,1.6329968888130122
3905.625,1111.125,3904.48828125,1109.6732177734375,1.95060459903185
3820.125,1112.625,3820.83984375,1112.69677734375,0.7946509631075956
3832.125,1112.625,3830.91796875,1112.69677734375,1.136675238377934
4076.625,1117.125,4075.81640625,1116.728271484375,0.9585061759191887
4101.375,1117.875,4102.01953125,1117.7362060546875,0.8017672151684748
3964.125,1118.625,3963.94921875,1116.728271484375,2.090396624083027
3886.875,1120.125,3888.36328125,1119.751953125,1.6557725973796282
3898.125,1120.125,3896.42578125,1120.759765625,1.6882115366537267
4016.625,1120.125,4016.35546875,1118.744140625,1.594572556743315
3930.375,1120.875,3930.69140625,1120.759765625,0.4911333810036927
4001.625,1120.875,4004.26171875,1120.759765625,2.7281532327911924
3941.625,1121.625,3943.79296875,1120.759765625,2.475710391836802
3977.625,1121.625,3976.04296875,1121.7677001953125,1.5090274027809365
3992.625,1125.375,3993.17578125,1124.791259765625,0.9968864780678018
4125.375,1125.375,4127.21484375,1124.791259765625,2.075087062021375
3905.625,1126.125,3906.50390625,1125.7991943359375,1.0770178178092225
3838.875,1126.875,3838.98046875,1128.82275390625,1.7983473844740256
3922.125,1126.875,3921.62109375,1126.80712890625,0.4935070149532832
4144.875,1131.375,4145.35546875,1131.846435546875,0.6072163106608895
3929.625,1132.875,3929.68359375,1131.846435546875,1.2104408594279576
4126.875,1133.625,4126.20703125,1135.8779296875,2.1212205508061417
3976.875,1135.875,3977.05078125,1135.8779296875,0.30923290900160294
3937.875,1136.625,3936.73828125,1136.8857421875,1.06383850604325
4003.875,1136.625,4004.26171875,1135.8779296875,1.0431515372663325
3992.625,1137.375,3992.16796875,1138.901611328125,1.394617245018486
4107.375,1139.625,4110.08203125,1140.917236328125,2.985477295356402
4114.875,1139.625,4115.12109375,1141.9251708984375,2.114520580789601
4180.125,1139.625,4179.62109375,1140.917236328125,1.1512748979843654
4183.125,1143.375,4184.66015625,1141.9251708984375,2.321057608323726
4192.125,1144.125,4189.69921875,1143.94091796875,2.3865112957171863
4157.625,1145.625,4158.45703125,1144.94873046875,1.2720042473532351
4199.625,1145.625,4200.78515625,1145.9566650390625,1.239321807193452
4168.125,1147.125,4165.51171875,1148.980224609375,3.021049072752414
4126.125,1147.875,4126.20703125,1147.972412109375,0.19220582829356214
4141.125,1148.625,4142.33203125,1149.9881591796875,1.7248950537974104
4208.625,1148.625,4206.83203125,1147.972412109375,1.929078397346514
3871.875,1150.875,3870.22265625,1153.0118408203125,2.5341104593928274
4218.375,1150.875,4217.91796875,1150.99609375,0.39591572652199714
3736.125,1152.375,3736.18359375,1152.00390625,0.510267089962977
3748.875,1152.375,3749.28515625,1152.00390625,0.6962813846432748
3922.125,1152.375,3922.62890625,1153.0118408203125,0.7530194360659075
4165.125,1153.125,4164.50390625,1154.019775390625,0.8735050157489014
4232.625,1155.375,4233.03515625,1156.035400390625,0.6520275405066305
4189.125,1157.625,4187.68359375,1158.05126953125,1.3813652988261127
4219.875,1157.625,4218.92578125,1158.05126953125,0.8969917017344773
3748.875,1162.125,3749.28515625,1160.06689453125,2.2292535420912496
3935.625,1162.875,3934.72265625,1165.1063232421875,2.232174742437197
4153.875,1163.625,4153.41796875,1163.090576171875,0.8291889808817248
3922.125,1165.125,3923.63671875,1165.1063232421875,1.6015200899911022
4176.375,1165.125,4175.58984375,1165.1063232421875,0.7426062978121674
3734.625,1168.875,3735.17578125,1169.1378173828125,0.6528201357299319
3747.375,1168.875,3746.26171875,1169.1378173828125,1.0409727677122529
4162.125,1173.375,4159.46484375,1174.17724609375,2.6509080518193073
4180.875,1175.625,4181.63671875,1174.17724609375,1.8506662546258128
3920.625,1176.375,3917.58984375,1176.19287109375,2.9707636563255604
3682.125,1182.375,3681.76171875,1181.2322998046875,1.2618503105026253
3694.125,1182.375,3693.85546875,1182.240234375,0.2909201972076023
4179.375,1189.125,4178.61328125,1189.2952880859375,0.6810541304353621
4207.125,1189.125,4207.83984375,1189.2952880859375,0.7959815300365779
3917.625,1196.625,3918.59765625,1197.3582763671875,1.2178117837097722
3767.625,1197.375,3768.43359375,1200.3818359375,3.0445407084804934
3679.875,1198.875,3679.74609375,1198.3662109375,0.5872402968573213
3694.125,1198.875,3693.85546875,1198.3662109375,0.616182563853923
4137.375,1207.125,4135.27734375,1209.4527587890625,2.950692344226057
4009.125,1213.125,4008.29296875,1213.4842529296875,0.7773254668878421
3924.375,1214.625,3925.65234375,1213.4842529296875,1.858084633470518
3936.375,1215.375,3935.73046875,1215.5,0.556806751698619
3874.875,1221.375,3875.26171875,1219.531494140625,2.005465374696582
3901.875,1224.375,3902.47265625,1223.56298828125,1.1486954482336709
3913.875,1224.375,3914.56640625,1223.56298828125,1.2090036086595184
3924.375,1226.625,3924.64453125,1226.586669921875,0.3891996592202456
3935.625,1226.625,3935.73046875,1228.602294921875,1.8730774060136732
3947.625,1231.125,3947.82421875,1230.6181640625,0.684867417565234
3632.625,1232.625,3631.37109375,1232.6337890625,1.1605443306572505
3886.875,1232.625,3888.36328125,1232.6337890625,1.581713832951607
3875.625,1233.375,3875.26171875,1231.6259765625,1.8659412186857338
3901.875,1235.625,3901.46484375,1235.657470703125,0.326415459287298
3913.875,1235.625,3915.57421875,1235.657470703125,1.791544421865893
4248.375,1258.125,4248.15234375,1258.838623046875,0.5677291972415915
4259.625,1258.125,4260.24609375,1258.838623046875,0.8986339643692498
3802.875,1260.375,3802.69921875,1261.8621826171875,1.4259027023334356
3850.125,1267.875,3849.05859375,1267.909423828125,0.9707165482814187
3815.625,1269.375,3814.79296875,1269.9251708984375,0.8833078570210464
3908.625,1270.125,3907.51171875,1268.917236328125,1.641218043831346
4248.375,1270.125,4248.15234375,1269.9251708984375,0.37704065740808723
4260.375,1270.125,4260.24609375,1269.9251708984375,0.35813605910628
3865.875,1273.125,3867.19921875,1271.94091796875,1.8945453722301513
3877.875,1273.125,3878.28515625,1272.94873046875,0.5641649497988706
4202.625,1273.125,4200.78515625,1273.9566650390625,1.8783478074363515
4214.625,1273.125,4214.89453125,1272.94873046875,0.48374630709317157
4101.875,1117.875,4102.05078125,1117.7362060546875,0.437157776659212
4116.125,1122.375,4115.15234375,1121.7677001953125,1.2239183403816578
4119.875,1123.875,4122.20703125,1123.783447265625,2.42472085311857
4125.875,1125.375,4127.24609375,1124.791259765625,1.6531812687984069
4144.625,1130.625,4144.37890625,1131.846435546875,1.013848308406729
4126.625,1133.625,4126.23828125,1134.8701171875,1.0750944491413543
4179.875,1139.625,4179.65234375,1139.909423828125,0.16046336894689886
4183.625,1141.875,4184.69140625,1141.9251708984375,1.1537005967514484
4188.875,1144.875,4189.73046875,1143.94091796875,1.48431304361634
4209.125,1148.625,4210.89453125,1148.980224609375,1.8489890530306785
4218.125,1150.875,4217.94921875,1150.99609375,0.1448303640925415
4165.625,1153.125,4164.53515625,1154.019775390625,1.2221304663290835
4233.125,1155.375,4233.06640625,1156.035400390625,0.43525700874579115
4189.625,1157.625,4187.71484375,1158.05126953125,1.8459655400356054
4219.625,1157.625,4218.95703125,1158.05126953125,0.626521112517806
4153.625,1163.625,4153.44921875,1163.090576171875,0.7437624450229681
4270.625,1165.875,4271.36328125,1166.1142578125,0.8149366513920866
4162.625,1173.375,4160.50390625,1174.17724609375,2.1295408266551434
4180.625,1175.625,4181.66796875,1174.17724609375,1.9941989085803502
4179.875,1189.125,4178.64453125,1189.2952880859375,1.1496743585108111
4404.875,1204.125,4403.38671875,1203.405517578125,1.6986112360207273
4425.125,1209.375,4424.55078125,1209.4527587890625,0.5168173939479932
4451.375,1217.625,4449.74609375,1216.5078125,2.052868000565487
4458.875,1219.125,4460.83203125,1219.531494140625,2.0462955204268667
4467.125,1221.375,4468.89453125,1221.5472412109375,1.8526255982499151
4473.125,1222.875,4473.93359375,1223.56298828125,1.0001214663323021
4485.875,1225.875,4485.01953125,1226.586669921875,0.9085446659301922
4379.375,1228.125,4379.19921875,1227.594482421875,0.7457931253696276
4396.625,1228.875,4397.33984375,1228.602294921875,0.9348735456523837
4494.125,1228.875,4495.09765625,1230.6181640625,1.8416284688059197
4505.375,1232.625,4505.17578125,1232.6337890625,0.2533250821802806
4518.875,1236.375,4517.26953125,1235.657470703125,1.7950989153697334
4476.125,1237.875,4475.94921875,1238.68115234375,0.5890629269670951
4488.875,1237.875,4490.05859375,1236.665283203125,1.9160934141438193
4378.625,1238.625,4377.18359375,1237.6732177734375,1.7806379373194428
4541.375,1241.625,4540.44921875,1241.7047119140625,0.8560704741874682
4396.625,1242.375,4396.33203125,1242.712646484375,0.2463736187462408
4382.375,1243.875,4382.22265625,1244.728271484375,0.6566194766668557
4504.625,1247.625,4505.17578125,1247.751953125,0.6435387778518439
4475.375,1249.875,4475.94921875,1249.7677001953125,0.7352893020073606
4577.375,1252.125,4577.73828125,1251.783447265625,0.7318867805762374
4584.125,1254.375,4582.77734375,1253.7991943359375,1.5012510487077635
4555.625,1256.625,4556.57421875,1257.8306884765625,1.42313205948584
4566.125,1256.625,4568.66796875,1257.8306884765625,2.803598744032442
4248.125,1258.125,4248.18359375,1258.838623046875,0.5717318854378267
4260.125,1258.125,4260.27734375,1258.838623046875,0.6004969590910006
4476.125,1258.875,4474.94140625,1259.846435546875,1.3344555005301058
4455.875,1261.125,4453.77734375,1259.846435546875,2.49778344565034
4610.375,1261.125,4608.98046875,1260.854248046875,1.4039752971948554
4614.125,1262.625,4614.01953125,1262.8701171875,0.020551665998347148
4248.125,1270.125,4248.18359375,1269.9251708984375,0.3841721402305822
4260.125,1270.125,4260.27734375,1269.9251708984375,0.4316735601243618
4296.125,1271.625,4295.55078125,1269.9251708984375,1.9245136565035368
3260.375,1040.375,3260.42578125,1040.2564697265625,0.24122580363782242
3259.625,1047.875,3260.42578125,1047.3173828125,1.0836706341601259
3276.125,1049.375,3276.55078125,1049.334716796875,0.5139182418551169
3276.125,1060.625,3276.55078125,1059.4217529296875,1.3769183643922571
3366.625,1030.625,3368.29296875,1031.17822265625,1.7896821450458247
3431.125,1030.625,3431.78515625,1031.17822265625,0.8402042571575422
3386.125,1031.375,3384.41796875,1030.1695556640625,2.1095942212433862
3695.875,1032.875,3695.83203125,1032.18701171875,0.8773137135169855
3169.375,1035.125,3168.74609375,1034.204345703125,1.1397676977718754
3754.375,1035.875,3754.28515625,1036.2216796875,0.1491041504204059
3405.625,1036.625,3403.56640625,1039.247802734375,3.194612004497747
3716.125,1038.125,3715.98828125,1037.23046875,1.0869140006152658
3766.375,1038.125,3768.39453125,1038.2391357421875,2.0857886570441235
3773.875,1038.125,3773.43359375,1038.2391357421875,0.3872721975817533
3782.875,1038.125,3782.50390625,1038.2391357421875,0.31987167529227734
3260.125,1040.375,3260.45703125,1040.2564697265625,0.4536016320437198
3271.375,1040.375,3271.54296875,1040.2564697265625,0.31842155027331204
3700.375,1042.625,3699.86328125,1043.2825927734375,0.65066347583645
3430.375,1044.875,3431.78515625,1043.2825927734375,2.2658972147939886
3418.375,1045.625,3417.67578125,1046.3087158203125,0.844598325377994
3719.125,1045.625,3716.99609375,1045.300048828125,2.12508572005238
3727.375,1046.375,3727.07421875,1046.3087158203125,0.3453351388768762
3275.875,1047.875,3276.58203125,1049.334716796875,1.5772699849854737
3404.875,1052.375,3404.57421875,1052.36083984375,0.2627945922439207
3695.875,1053.125,3695.83203125,1052.36083984375,0.9402994842601856
3728.125,1053.875,3728.08203125,1054.3782958984375,0.32188386284057297
3802.375,1053.875,3802.66015625,1054.3782958984375,0.4652344343703053
3732.625,1056.125,3733.12109375,1054.3782958984375,2.0091806866654394
3821.875,1057.625,3821.80859375,1059.4217529296875,1.5965516268193354
3276.625,1060.625,3276.58203125,1059.4217529296875,1.2836167277570203
3771.625,1062.125,3769.40234375,1063.45654296875,2.440236062064074
3743.125,1065.875,3743.19921875,1065.473876953125,0.5962375430406924
3754.375,1066.625,3755.29296875,1066.482666015625,1.0378638261911326
3734.875,1068.125,3735.13671875,1068.5,0.386875549319338
3797.875,1074.125,3798.62890625,1073.54345703125,1.1242368619798053
3699.625,1075.625,3698.85546875,1075.5609130859375,0.7345322523515821
3808.375,1076.375,3808.70703125,1075.5609130859375,1.076736043228704
3709.375,1077.125,3709.94140625,1079.595703125,2.393987020296577
3791.875,1078.625,3791.57421875,1079.595703125,0.823744648403711
3824.875,1079.375,3824.83203125,1081.613037109375,2.0515786102129665
3713.875,1080.125,3714.98046875,1080.6043701171875,1.2186063017043351
3718.375,1080.875,3720.01953125,1081.613037109375,1.8096298633964252
3728.125,1080.875,3729.08984375,1079.595703125,1.7771018876274098
3735.625,1082.375,3734.12890625,1082.6217041015625,1.4272567194114367
3745.375,1083.875,3744.20703125,1083.63037109375,1.1712248676333659
3755.875,1083.875,3755.29296875,1083.63037109375,0.6571812341957012
3464.125,1086.875,3464.03515625,1085.6478271484375,1.3307540597872003
3826.375,1086.875,3826.84765625,1086.656494140625,0.6750377089367268
3831.625,1100.375,3830.87890625,1100.7783203125,0.7113844066885401
3826.375,1101.125,3825.83984375,1100.7783203125,0.6954353665679781
3820.375,1101.875,3817.77734375,1102.795654296875,2.6337036108946688
3820.375,1113.125,3820.80078125,1112.882568359375,0.6443271070692252
3473.125,1125.125,3472.09765625,1125.99560546875,1.2332431613776327
3483.625,1125.125,3483.18359375,1124.9869384765625,0.42320047802811406
3488.125,1135.625,3488.22265625,1134.065185546875,1.6464562970833043
3462.625,1143.875,3463.02734375,1144.1522216796875,0.5296262002050856
3488.125,1146.125,3487.21484375,1146.1695556640625,0.8272360546878823
3479.125,1148.375,3477.13671875,1148.18701171875,1.9214718185352073
3749.125,1152.125,3749.24609375,1152.2216796875,0.20372940507543827
3480.625,1155.125,3480.16015625,1158.27392578125,3.1097925744684063
3749.125,1161.875,3749.24609375,1160.291259765625,1.7121400780555054
3734.875,1168.625,3735.13671875,1169.36962890625,0.7235376484601748
3746.875,1169.375,3746.22265625,1169.36962890625,0.5806291841535021
3681.625,1182.125,3680.71484375,1181.473876953125,1.1072308844694487
3694.375,1182.125,3693.81640625,1182.482666015625,0.542615711821833
3680.125,1198.625,3680.71484375,1198.6217041015625,0.6830852392755766
3694.375,1198.625,3693.81640625,1198.6217041015625,0.4776791905089894
3632.125,1220.375,3631.33203125,1220.81298828125,0.7997510447327569
3620.125,1221.125,3620.24609375,1220.81298828125,0.4199078327725967
3632.125,1233.125,3631.33203125,1232.9173583984375,0.742995967125637
3575.125,1420.625,3574.89453125,1419.526123046875,1.0141123596830044
3745.375,1458.875,3746.22265625,1458.865234375,0.9750107337541976
3758.875,1459.625,3758.31640625,1458.865234375,0.8094903241846241
3758.875,1470.125,3758.31640625,1472.9869384765625,2.976638242347325
3695.625,1032.875,3694.85546875,1032.18701171875,1.1252083301205411
3754.125,1035.875,3754.31640625,1036.2216796875,0.29490578865415534
3769.875,1038.125,3767.41796875,1038.2391357421875,2.394223531552117
3775.125,1038.125,3772.45703125,1038.2391357421875,2.6051341344681958
3782.625,1038.125,3782.53515625,1038.2391357421875,0.09385935366421934
3700.875,1043.375,3700.90234375,1043.2825927734375,0.29106146522281334
3840.375,1044.875,3838.97265625,1045.300048828125,1.35460373431789
3718.125,1045.625,3718.03515625,1045.300048828125,0.5110510095056904
3727.875,1046.375,3727.10546875,1046.3087158203125,0.74769747615241
3695.625,1053.125,3695.86328125,1052.36083984375,0.9884034125835248
3810.375,1053.125,3811.76171875,1052.36083984375,1.7439672092176526
3802.125,1053.875,3802.69140625,1054.3782958984375,0.7023216496552228
3798.375,1054.625,3797.65234375,1054.3782958984375,0.7921979839548616
3823.125,1054.625,3820.83203125,1054.3782958984375,2.27169322280883
3733.125,1055.375,3733.15234375,1053.36962890625,2.1898453494818946
3822.375,1058.375,3821.83984375,1059.4217529296875,0.9678749128562354
3838.125,1059.125,3836.95703125,1059.4217529296875,1.1053954088767775
3771.375,1062.125,3768.42578125,1063.45654296875,3.100644486027789
3797.625,1066.625,3797.65234375,1066.482666015625,0.34487604918387943
3735.375,1068.125,3735.16796875,1067.4913330078125,0.8199268779695708
3696.375,1071.875,3693.84765625,1071.526123046875,2.510093136459672
3821.625,1072.625,3821.83984375,1071.526123046875,1.3200320276144943
3841.875,1072.625,3841.99609375,1072.5347900390625,0.3422333610658719
3798.375,1074.125,3798.66015625,1073.54345703125,0.8438712720921044
3915.375,1074.875,3914.55859375,1074.5521240234375,0.9183603949931637
3808.125,1076.375,3808.73828125,1075.5609130859375,1.2100284688969147
3955.125,1077.875,3955.87890625,1076.569580078125,1.7290265885955394
3785.625,1078.625,3787.57421875,1079.595703125,2.1690316908464635
3824.625,1079.375,3825.87109375,1077.5782470703125,2.3800751403082367
3900.375,1080.125,3897.42578125,1080.6043701171875,2.893672490692681
3717.375,1080.875,3715.01171875,1080.6043701171875,2.332647667859981
3932.625,1080.875,3932.69921875,1080.6043701171875,0.5004389159638171
3940.875,1081.625,3938.74609375,1081.613037109375,2.0723216027510043
3971.625,1081.625,3970.99609375,1081.613037109375,0.6056804147866551
3735.375,1082.375,3734.16015625,1081.613037109375,1.4723293039496044
3827.625,1083.125,3825.87109375,1082.6217041015625,1.8189309845515422
3745.125,1083.875,3744.23828125,1083.63037109375,0.9131911391273971
3755.625,1083.875,3755.32421875,1083.63037109375,0.472819662720547
3865.875,1084.625,3866.18359375,1084.63916015625,0.41821878433100784
3843.375,1086.125,3843.00390625,1086.656494140625,0.4578618177085271
3990.375,1086.875,3990.14453125,1086.656494140625,0.46516346868181124
3870.375,1089.125,3871.22265625,1088.6739501953125,1.1198529978256115
3958.875,1089.125,3960.91796875,1090.6912841796875,2.5106644873869426
3999.375,1089.125,3999.21484375,1088.6739501953125,0.6753417957490407
3887.625,1089.875,3886.33984375,1089.6826171875,1.2745622220650548
4003.125,1090.625,4004.25390625,1090.6912841796875,1.207532068213127
4017.375,1095.875,4016.34765625,1097.752197265625,1.9161145078252688
4021.125,1095.875,4021.38671875,1096.743408203125,0.7295747453977974
3721.875,1097.375,3722.06640625,1100.7783203125,3.2615658900490194
3919.125,1097.375,3916.57421875,1096.743408203125,2.6139569836779613
4030.125,1098.125,4029.44921875,1097.752197265625,0.8469316883529403
3806.625,1099.625,3806.72265625,1097.752197265625,2.0493355692088575
3826.125,1100.375,3825.87109375,1100.7783203125,0.2929670837776016
3831.375,1100.375,3831.91796875,1100.7783203125,0.6567529245375704
3844.125,1100.375,3845.01953125,1100.7783203125,0.993053835250367
3820.125,1101.875,3817.80859375,1102.795654296875,2.365458813653924
4053.375,1104.875,4052.62890625,1104.81298828125,0.7319120625346014
4057.125,1105.625,4057.66796875,1105.82177734375,0.6139530801341617
3964.125,1107.125,3964.94921875,1106.8304443359375,1.0228993288595307
3976.875,1107.125,3977.04296875,1107.839111328125,0.5659377761395118
4069.125,1108.625,4069.76171875,1108.8477783203125,0.7075561658962388
3910.125,1109.375,3908.51171875,1108.8477783203125,1.6972898642155199
3921.375,1109.375,3920.60546875,1109.8565673828125,0.7561214721134153
3943.125,1109.375,3943.78515625,1111.8739013671875,2.419815553525154
4024.875,1109.375,4024.41015625,1112.882568359375,3.3205619052243347
4075.125,1110.875,4074.80078125,1111.8739013671875,0.8187136083521167
3733.875,1113.125,3731.13671875,1113.891357421875,2.734276175216496
3820.125,1113.125,3820.83203125,1112.882568359375,0.8807044844598766
3832.125,1113.125,3830.91015625,1112.882568359375,1.2114416915824493
4075.125,1116.125,4075.80859375,1116.9173583984375,0.9496605879849878
4101.375,1117.625,4102.01171875,1117.926025390625,0.7128857364866125
4089.375,1118.375,4089.91796875,1117.926025390625,0.9075643232075192
3964.125,1119.125,3963.94140625,1119.9434814453125,0.6372031770925126
3898.125,1119.875,3896.41796875,1119.9434814453125,1.6360341972842498
4016.625,1119.875,4016.34765625,1118.934814453125,1.1600438919540956
3886.875,1120.625,3887.34765625,1119.9434814453125,1.01492546531746
3930.375,1120.625,3930.68359375,1119.9434814453125,0.9450749142590156
3976.875,1121.375,3977.04296875,1122.9696044921875,1.4231550462273865
4000.875,1121.375,4003.24609375,1120.9521484375,2.5220312127497393
3992.625,1125.125,3993.16796875,1124.9869384765625,0.70034150196853
3905.625,1125.875,3905.48828125,1127.00439453125,0.9576248974152347
3922.125,1126.625,3921.61328125,1127.00439453125,0.48122151059036405
3763.875,1128.125,3761.37109375,1128.0130615234375,2.439748738080514
3929.625,1132.625,3929.67578125,1132.0478515625,0.7622933784713464
4126.875,1133.375,4126.19921875,1135.073974609375,1.5997922607520463
3976.875,1136.375,3977.04296875,1136.0826416015625,0.5336799597296658
3949.125,1137.125,3950.83984375,1136.0826416015625,2.1662040115855055
3992.625,1137.125,3992.16015625,1139.108642578125,1.8399801728944576
3806.625,1137.875,3807.73046875,1137.09130859375,1.5041780590754683
4140.375,1138.625,4140.30859375,1142.134765625,3.2934642939755925
4180.125,1140.125,4179.61328125,1140.117431640625,0.49519064289857523
4168.125,1146.875,4165.50390625,1148.18701171875,2.7715164263464724
4126.125,1148.375,4126.19921875,1148.18701171875,0.4223824558166496
4141.125,1149.125,4142.32421875,1149.1956787109375,1.282513338109919
3871.875,1151.375,3870.21484375,1152.2216796875,1.7276027646447563
3736.875,1152.125,3737.18359375,1151.2130126953125,1.103108502897682
3748.875,1152.125,3749.27734375,1152.2216796875,0.4840153327037169
3922.125,1152.875,3922.62109375,1153.23046875,0.6074787954244253
4165.125,1153.625,4165.50390625,1153.23046875,0.7581240154848395
4232.625,1155.875,4233.02734375,1155.247802734375,0.9771015549147439
4177.125,1157.375,4177.59765625,1159.2825927734375,1.7822798369864272
4189.125,1157.375,4187.67578125,1158.27392578125,1.5339701156807133
4219.125,1157.375,4218.91796875,1158.27392578125,0.6903511392029712
3748.875,1161.875,3749.27734375,1160.291259765625,1.7677081407298458
3935.625,1162.625,3934.71484375,1164.3260498046875,1.7536638549362324
4153.875,1163.375,4153.41015625,1163.3173828125,0.46678156001867965
4129.125,1164.125,4131.23828125,1164.3260498046875,2.191325351822487
4141.125,1164.125,4142.32421875,1164.3260498046875,1.277113206108521
4231.125,1164.125,4232.01953125,1164.3260498046875,0.9714953253045655
3776.625,1164.875,3778.50390625,1163.3173828125,2.5811374893618537
3922.125,1164.875,3923.62890625,1165.334716796875,1.6142237690222903
3734.625,1168.625,3734.16015625,1169.36962890625,0.7414889581468834
4162.125,1173.125,4159.45703125,1174.4130859375,2.8089872955908484
3753.375,1173.875,3754.31640625,1176.430419921875,2.652323288642887
3952.125,1173.875,3949.83203125,1172.3956298828125,2.7482638729860014
4180.875,1175.375,4181.62890625,1174.4130859375,1.4304839423547029
3784.125,1176.875,3783.54296875,1176.430419921875,0.7483419746693051
3682.125,1182.125,3680.74609375,1181.473876953125,1.489436762156492
3694.125,1182.125,3693.84765625,1182.482666015625,0.3281644440937828
4179.375,1189.625,4178.60546875,1188.5347900390625,1.4548399411590707
4207.125,1189.625,4207.83203125,1188.5347900390625,1.5095107610849092
3917.625,1196.375,3918.58984375,1196.6043701171875,1.054755347640127
3694.125,1198.625,3693.84765625,1198.6217041015625,0.20670652877425458
3946.875,1206.125,3943.78515625,1206.6912841796875,3.0350521324358706
3923.625,1215.125,3924.63671875,1213.752197265625,1.8534857590669258
3936.375,1215.125,3935.72265625,1215.76953125,0.7692877955119004
3619.875,1221.125,3620.27734375,1220.81298828125,0.6127749928917997
3825.375,1221.125,3824.86328125,1222.8304443359375,1.6656716902395081
3874.875,1221.125,3875.25390625,1220.81298828125,0.6268623601831365
3901.875,1224.125,3902.46484375,1223.839111328125,0.7855422271463234
3913.875,1224.125,3914.55859375,1223.839111328125,0.8689410429813872
4155.375,1229.375,4156.43359375,1227.8739013671875,2.018051429172613
3946.875,1230.875,3946.80859375,1229.891357421875,1.0979300819634699
3886.875,1232.375,3888.35546875,1232.9173583984375,1.6323100657049114
3632.625,1233.125,3631.36328125,1232.9173583984375,1.194623243464902
3875.625,1233.125,3875.25390625,1231.90869140625,1.3429549124350473
3619.875,1233.875,3620.27734375,1232.9173583984375,1.1154492435261227
3913.875,1235.375,3915.56640625,1235.9434814453125,1.8418221519989597
3901.875,1236.125,3901.45703125,1235.9434814453125,0.43192305767899036
3805.875,1238.375,3807.73046875,1237.9609375,2.009410566937658
3662.625,1245.125,3663.61328125,1244.0130615234375,1.5837637967653357
3663.375,1248.875,3662.60546875,1249.0565185546875,0.6882049113705476
3713.625,1251.125,3714.00390625,1254.0999755859375,2.962994765655835
4129.125,1251.125,4131.23828125,1253.09130859375,2.8619647152971543
4260.375,1257.875,4260.23828125,1259.1434326171875,1.1050592790283225
4248.375,1258.625,4248.14453125,1259.1434326171875,0.38374984538676415
3814.875,1260.125,3814.78515625,1260.152099609375,0.03961441207654759
3836.625,1267.625,3836.95703125,1269.23046875,1.5978816712327306
3850.125,1267.625,3849.05078125,1268.2216796875,1.1112185645761157
4259.625,1269.875,4259.23046875,1270.2391357421875,0.3673599832131478
4296.375,1270.625,4296.51953125,1270.2391357421875,0.5981284961675968
3865.875,1272.875,3867.19140625,1272.256591796875,1.5715493731038896
3877.875,1272.875,3878.27734375,1273.2652587890625,0.5920767081209177
4201.875,1272.875,4200.77734375,1273.2652587890625,1.035185494974121
4214.625,1273.625,4214.88671875,1273.2652587890625,0.6160292297750047
3813.375,1275.875,3814.78515625,1275.2825927734375,1.6414082258023044
3800.625,1276.625,3801.68359375,1276.291259765625,1.219504169196447
3821.625,1276.625,3822.84765625,1277.300048828125,1.4580465160486298
3850.125,1279.625,3850.05859375,1279.3173828125,0.3701515549022937
3984.375,1279.625,3984.09765625,1277.300048828125,2.4220213318698347
3836.625,1280.375,3837.96484375,1281.334716796875,1.6975395024635909
4192.125,1280.375,4190.69921875,1282.343505859375,2.266310774044747
3919.875,1283.375,3920.60546875,1282.343505859375,1.381162744733689
3931.875,1283.375,3932.69921875,1283.3521728515625,0.927069160184935
4201.125,1290.125,4200.77734375,1289.404296875,0.8877923382063482
4213.125,1290.125,4212.87109375,1289.404296875,0.8683948965019463
4249.125,1290.125,4249.15234375,1293.4390869140625,3.175585822162431
3862.875,1291.625,3862.15234375,1291.4217529296875,0.6749318380389306
3874.875,1291.625,3874.24609375,1292.430419921875,0.915402348553619
3931.875,1293.875,3932.69921875,1296.4652099609375,2.684374366216258
3921.375,1294.625,3920.60546875,1295.45654296875,1.01688546573272
4226.625,1299.125,4225.97265625,1302.517333984375,3.309325621623656
3719.625,1308.875,3718.03515625,1307.560791015625,1.9929725090387818
3941.625,1308.875,3939.75390625,1309.5782470703125,1.8826536505820488
3937.875,1322.375,3937.73828125,1322.6912841796875,0.26616143518353824
3813.375,1323.125,3811.76171875,1324.708740234375,2.1694051923128823
3823.125,1327.625,3823.85546875,1325.7174072265625,2.104557064962693
3795.375,1332.875,3793.62109375,1332.7783203125,1.6513811409503316
3807.375,1332.875,3806.72265625,1332.7783203125,0.557943406725175
3937.875,1333.625,3937.73828125,1333.7869873046875,0.12139496939993184
3949.125,1333.625,3950.83984375,1332.7783203125,2.027137924503852
3949.125,1342.625,3949.83203125,1342.865234375,0.8367676190198902
3794.625,1344.875,3794.62890625,1345.891357421875,1.0160487181553146
3807.375,1344.875,3807.73046875,1344.882568359375,0.4633138400733234
3968.625,1347.875,3968.98046875,1346.9000244140625,1.1171379740575893
3826.125,1350.875,3824.86328125,1348.9173583984375,2.280180833945877
3938.625,1354.625,3935.72265625,1355.978271484375,3.091588443086113
3949.125,1355.375,3946.80859375,1353.9609375,2.640671200747915
3979.125,1355.375,3979.05859375,1354.9696044921875,0.4468990006795422
3994.125,1355.375,3993.16796875,1354.9696044921875,0.9609423034807707
3968.625,1359.125,3967.97265625,1359.00439453125,0.5662106281004712
3952.125,1359.875,3952.85546875,1360.0130615234375,0.8455119231884868
3998.625,1362.125,3999.21484375,1362.0303955078125,0.7105728494604138
3844.875,1362.875,3846.02734375,1362.0303955078125,1.521934997557453
3859.875,1363.625,3860.13671875,1363.0390625,0.7009290454446083
4036.125,1364.375,4035.49609375,1364.0478515625,0.640967892623766
3999.375,1374.125,3998.20703125,1374.134765625,1.0585200145204967
3845.625,1374.875,3845.01953125,1374.134765625,0.8881077022464235
3859.125,1374.875,3859.12890625,1377.160888671875,2.2879383069958505
3981.375,1374.875,3981.07421875,1375.1434326171875,0.30741732357155566
3775.125,1393.625,3775.48046875,1392.291259765625,1.386467961145236
3946.125,1413.125,3945.80078125,1414.482666015625,1.3787716345766738
3589.875,1421.375,3590.04296875,1420.5347900390625,0.8060369725244717
4143.375,1434.125,4143.33203125,1433.6478271484375,0.5063060212165204
4155.375,1434.125,4154.41796875,1433.6478271484375,0.9799449253545469
4301.625,1442.375,4302.56640625,1443.73486328125,1.6811525481731686
3992.625,1443.875,3993.16796875,1442.72607421875,1.3131230710040491
4143.375,1445.375,4143.33203125,1445.752197265625,0.368529049269301
4154.625,1446.125,4154.41796875,1445.752197265625,0.40114842760233055
4006.125,1455.875,4005.26171875,1456.847900390625,1.2396897716367379
3991.875,1456.625,3992.16015625,1456.847900390625,0.47569902646635936
3745.875,1458.875,3746.25390625,1458.865234375,0.5084955670533691
3759.375,1459.625,3758.34765625,1458.865234375,1.132161845643761
4273.875,1463.375,4273.33984375,1463.90869140625,0.6510482815696528
3855.375,1466.375,3855.09765625,1467.9434814453125,1.6353987724843153
3772.125,1467.125,3770.44140625,1466.934814453125,1.5618393182757315
4282.875,1467.125,4285.43359375,1466.934814453125,2.6873458314150986
3842.625,1467.875,3841.99609375,1466.934814453125,1.011166170734235
3744.375,1469.375,3745.24609375,1469.9609375,1.202616207174985
3759.375,1469.375,3758.34765625,1471.978271484375,2.832953431630156
3970.125,1469.375,3967.97265625,1467.9434814453125,2.4618364486297257
3982.125,1469.375,3982.08203125,1468.9521484375,0.39686370191125225
3889.125,1470.125,3890.37109375,1469.9609375,1.3751961013367644
3905.625,1470.875,3905.48828125,1470.969482421875,0.1467956266129421
3718.875,1473.875,3716.01953125,1473.99560546875,2.736534731402238
3723.375,1475.375,3723.07421875,1475.00439453125,0.3261392010232612
3733.875,1478.375,3734.16015625,1479.0390625,0.8632352844117079
4255.875,1478.375,4257.21484375,1479.0390625,1.597248388157872
4295.625,1478.375,4293.49609375,1481.0565185546875,3.3277274468405946
3757.875,1479.125,3758.34765625,1478.030517578125,1.1708401008669795
4283.625,1479.125,4283.41796875,1478.030517578125,1.1225245817717118
4263.375,1479.875,4262.25390625,1479.0390625,1.3158453534432812
4273.875,1479.875,4273.33984375,1480.0478515625,0.4402993178547978
3745.125,1480.625,3744.23828125,1481.0565185546875,0.9223489373501526
3855.375,1480.625,3855.09765625,1481.0565185546875,0.5227885113585151
3841.875,1481.375,3843.00390625,1481.0565185546875,1.279719449038422
3982.125,1481.375,3981.07421875,1481.0565185546875,0.9659329649986125
3889.875,1482.125,3889.36328125,1482.065185546875,0.3852575494469615
3897.375,1482.875,3897.42578125,1483.073974609375,0.3150335168879565
3905.625,1482.875,3905.48828125,1483.073974609375,0.25884425127989724
3757.875,1485.125,3758.34765625,1484.08251953125,1.1236507834907932
3949.125,1485.125,3948.82421875,1485.09130859375,0.1755323565591676
3960.375,1485.125,3961.92578125,1486.0999755859375,1.9648876912134197
3768.375,1488.125,3770.44140625,1489.1260986328125,2.4527018137753904
3776.625,1490.375,3778.50390625,1491.1435546875,2.184793804615559
3790.125,1494.125,3790.59765625,1495.17822265625,1.2938955637890375
3793.875,1495.625,3795.63671875,1496.18701171875,2.0012590868499127
4098.375,1497.125,4097.98046875,1497.195556640625,0.2857037997484906
4109.625,1497.125,4110.07421875,1497.195556640625,0.5829885125270415
3957.375,1508.375,3956.88671875,1508.291259765625,0.3593632288293045
3968.625,1508.375,3968.98046875,1508.291259765625,0.4851897300721469
4098.375,1508.375,4097.98046875,1508.291259765625,0.2713540233785096
4110.375,1509.125,4109.06640625,1509.300048828125,1.1990443093635155
3850.125,1512.125,3850.05859375,1512.326171875,0.2991072554127779
3866.625,1515.875,3867.19140625,1516.36083984375,0.904672804349153
3982.125,1518.125,3983.08984375,1520.3956298828125,2.580729691903242
3956.625,1519.625,3956.88671875,1519.386962890625,0.42614899521315935
3968.625,1519.625,3968.98046875,1519.386962890625,0.5145437574974682
4090.125,1529.375,4089.91796875,1529.473876953125,0.16731729442319485
4101.375,1529.375,4101.00390625,1529.473876953125,0.28156104391818004
4079.625,1539.875,4078.83203125,1539.560791015625,0.7080718958991716
4101.375,1540.625,4102.01171875,1540.569580078125,0.7689721190370917
4078.875,1551.875,4078.83203125,1552.673828125,0.8708195855823812
4090.875,1551.875,4090.92578125,1551.665283203125,0.2349442335094827
4081.125,1572.125,4078.83203125,1571.839111328125,2.1657730414931584
4084.125,1578.125,4083.87109375,1576.882568359375,1.1649992731302297
4339.125,1578.125,4336.83203125,1578.89990234375,2.30274374516675
4345.125,1578.875,4345.90234375,1578.89990234375,0.9135692735062352
4101.875,1117.625,4102.05078125,1117.9173583984375,0.2573926335005252
4115.375,1122.875,4115.15234375,1121.9521484375,1.1538754415016383
4158.125,1144.625,4158.48828125,1145.1522216796875,0.5373177597447503
4199.375,1146.125,4200.81640625,1146.160888671875,1.5276624975058772
4176.875,1151.375,4176.62890625,1151.204345703125,0.42246136084040703
4233.125,1155.875,4233.06640625,1156.247802734375,0.14863183842871938
4189.625,1157.375,4187.71484375,1158.2652587890625,1.9542873898688577
4219.625,1157.375,4219.96484375,1158.2652587890625,0.7877108439755693
4153.625,1163.375,4153.44921875,1163.3087158203125,0.2866152721502966
4162.625,1173.125,4164.53515625,1173.3956298828125,1.9903792543291985
4302.125,1174.625,4299.58203125,1174.404296875,2.5060131455410573
4180.625,1175.375,4181.66796875,1175.4130859375,1.133756566881298
4179.125,1189.625,4178.64453125,1188.526123046875,1.3506483254842443
4207.625,1189.625,4207.87109375,1188.526123046875,1.336987904424614
4378.625,1196.375,4376.17578125,1195.5869140625,2.579152866018216
4425.125,1209.875,4425.55859375,1210.7174072265625,0.7987533893470861
4431.125,1211.375,4433.62109375,1211.72607421875,2.5799578418568223
4450.625,1217.375,4449.74609375,1215.7608642578125,2.010992710452321
4461.125,1219.625,4460.83203125,1218.7869873046875,1.0915187594786255
4167.875,1221.125,4167.55859375,1219.795654296875,1.51534341898882
4478.375,1224.875,4479.98046875,1224.839111328125,1.7092444684151133
4484.375,1226.375,4485.01953125,1225.8477783203125,1.0523654060315664
4379.375,1227.875,4379.19921875,1227.865234375,0.23792588292507627
4491.125,1227.875,4491.06640625,1227.865234375,0.2449773835218874
4396.625,1228.625,4397.33984375,1228.8739013671875,0.79964431566393
4518.125,1236.125,4517.26953125,1235.934814453125,0.8809941596853852
4476.125,1237.625,4475.94921875,1237.9521484375,0.13757058908938044
4488.875,1237.625,4490.05859375,1235.934814453125,2.2985624499574375
4378.625,1238.375,4377.18359375,1238.9609375,1.408902227635024
4396.625,1242.125,4396.33203125,1241.9869384765625,0.4000204732762099
4495.625,1242.125,4497.11328125,1241.9869384765625,1.6145052241183842
4382.375,1244.375,4382.22265625,1244.00439453125,0.5740525376344311
4464.125,1244.375,4464.86328125,1245.0130615234375,0.9249133413037218
4504.625,1248.125,4505.17578125,1248.0390625,0.7075935113045599
4475.375,1250.375,4475.94921875,1250.0565185546875,0.8494917774578571
4247.375,1258.625,4248.18359375,1259.134765625,0.9639889461771219
4599.125,1258.625,4599.91015625,1259.134765625,0.912579109556187
4609.625,1260.875,4609.98828125,1261.152099609375,0.45097068241904464
4614.875,1263.125,4615.02734375,1263.1695556640625,0.30704888721705537
4618.625,1263.875,4620.06640625,1264.17822265625,1.5291148988046188
4622.375,1264.625,4625.10546875,1266.1956787109375,3.116004105458773
4260.125,1269.875,4259.26953125,1270.23046875,0.7893947991329483
4640.375,1269.875,4640.22265625,1270.23046875,0.13365379621788365
4296.125,1270.625,4296.55859375,1269.2216796875,1.652653225223429
4201.625,1272.875,4200.81640625,1273.256591796875,0.7549659119166067
4238.375,1275.125,4236.08984375,1277.291259765625,2.979840096279353
4665.125,1276.625,4664.41015625,1277.291259765625,0.7584609226580232
4672.625,1278.875,4670.45703125,1278.300048828125,2.234115073420957
4683.875,1281.875,4685.57421875,1283.343505859375,2.1685189229189468
4215.125,1282.625,4214.92578125,1285.36083984375,2.599598440815171
4650.125,1284.875,4650.30078125,1287.3782958984375,2.287433122170463
4698.875,1287.125,4699.68359375,1287.3782958984375,0.8973546057206164
4498.625,1289.375,4500.13671875,1291.4130859375,2.4424313287415176
4212.875,1290.125,4211.90234375,1290.404296875,0.8897244938675659
4715.375,1291.625,4716.81640625,1292.4217529296875,1.6283038292627778
4737.125,1296.875,4736.97265625,1297.4652099609375,0.35356978589622706
4650.875,1302.125,4652.31640625,1301.5,1.7503489166467512
4663.625,1302.875,4664.41015625,1302.5086669921875,1.0558712307406322
4635.125,1305.125,4636.19140625,1303.517333984375,2.15942675110025
4695.125,1306.625,4694.64453125,1306.54345703125,0.49633803234529655
4718.375,1309.625,4716.81640625,1311.5869140625,2.2697955105736924
4788.125,1311.125,4786.35546875,1310.5782470703125,1.8554569358366177
4737.125,1312.625,4737.98046875,1312.595703125,0.9826808211004553
4756.625,1314.125,4754.10546875,1314.613037109375,2.4408376255736197
4663.625,1315.625,4663.40234375,1314.613037109375,1.232836936676967
4635.125,1316.375,4635.18359375,1315.6217041015625,0.9726670903975015
4818.875,1320.125,4817.59765625,1319.656494140625,1.383475617649364
4635.875,1323.125,4635.18359375,1325.708740234375,2.454276349415297
4702.625,1323.125,4704.72265625,1323.6912841796875,2.2189939236900447
4832.375,1323.875,4830.69921875,1323.6912841796875,1.6405655421220215
4712.375,1324.625,4711.77734375,1324.699951171875,0.5239073562588387
4836.125,1325.375,4836.74609375,1324.699951171875,1.1643931343466634
4845.125,1326.875,4845.81640625,1327.72607421875,0.9902799667726943
4851.875,1329.125,4850.85546875,1328.7347412109375,1.12415023002275
4740.125,1329.875,4741.00390625,1328.7347412109375,1.6736217264897117
4678.625,1332.125,4679.52734375,1331.7608642578125,1.149369407506148
4622.375,1334.375,4622.08203125,1333.7783203125,0.8136422953467726
4635.125,1335.125,4635.18359375,1335.795654296875,0.5001234742356645
4727.375,1335.125,4726.89453125,1333.7783203125,1.6086314273727549
4822.625,1337.375,4823.64453125,1336.8043212890625,1.3743108099726828
4728.125,1341.875,4727.90234375,1341.8477783203125,0.26962604861602313
4626.125,1345.625,4626.11328125,1346.891357421875,1.0834824207808977
4587.125,1348.625,4588.82421875,1348.90869140625,1.80128226862774
4824.125,1348.625,4822.63671875,1348.90869140625,1.3934891533546894
4737.125,1349.375,4736.97265625,1348.90869140625,0.6764962668780612
4810.625,1349.375,4809.53515625,1349.9173583984375,1.043432383145928
4618.625,1356.125,4620.06640625,1355.9696044921875,1.5765447819359375
4634.375,1357.625,4634.17578125,1357.9869384765625,0.2072301801523777
4738.625,1362.125,4738.98828125,1362.021728515625,0.552762966949752
4634.375,1363.625,4634.17578125,1363.0303955078125,0.7772425185253963
4746.125,1365.125,4748.05859375,1365.0478515625,2.0515928875856853
4754.375,1365.125,4754.10546875,1364.0390625,1.2985362438332264
4618.625,1368.125,4619.05859375,1369.0826416015625,0.9520860591966517
4632.125,1368.125,4633.16796875,1368.073974609375,1.1657519783890695
4741.625,1374.875,4742.01171875,1375.134765625,0.49207492049806345
4752.125,1374.875,4752.08984375,1375.134765625,0.09239848749908272
4780.625,1374.875,4782.32421875,1374.1260986328125,2.0346285204937193
4632.125,1378.625,4632.16015625,1378.160888671875,0.6450241440321244
4764.125,1378.625,4764.18359375,1378.160888671875,0.6778183963082901
4583.375,1388.375,4583.78515625,1391.27392578125,2.797594971751042
4842.125,1388.375,4842.79296875,1391.27392578125,2.801444118127437
4632.875,1389.125,4634.17578125,1389.256591796875,1.4051252032369337
4752.125,1389.875,4751.08203125,1390.26513671875,0.9624317407711228
4741.625,1390.625,4742.01171875,1390.26513671875,0.7302911084545101
4749.875,1395.875,4750.07421875,1395.3087158203125,0.8056536765526028
4814.375,1396.625,4812.55859375,1396.3173828125,1.7853394275042003
4572.125,1398.125,4571.69140625,1398.334716796875,0.33477342332862503
4450.625,1402.625,4450.75390625,1403.3782958984375,0.6846865957157444
4637.375,1407.125,4636.19140625,1409.430419921875,2.4108215858986126
4826.375,1408.625,4825.66015625,1408.4217529296875,0.725279663609408
4365.125,1410.125,4365.08984375,1410.439208984375,0.23881378127252936
4841.375,1410.125,4841.78515625,1410.439208984375,0.5292638510538008
4826.375,1420.625,4824.65234375,1419.517333984375,2.0670723551842345
4635.875,1422.125,4636.19140625,1420.526123046875,1.7885540564824416
4780.625,1422.125,4780.30859375,1422.54345703125,0.32509849552958864
4365.875,1425.875,4366.09765625,1426.5782470703125,0.7099780784978654
4637.375,1425.875,4635.18359375,1427.5869140625,2.61110910268791
4843.625,1426.625,4844.80859375,1427.5869140625,1.5085893856236867
4832.375,1427.375,4832.71484375,1426.5782470703125,1.0719607604186603
4812.875,1431.125,4813.56640625,1433.63916015625,2.475820309383232
4638.875,1432.625,4639.21484375,1432.63037109375,0.467592295089714
4796.375,1433.375,4795.42578125,1434.6478271484375,1.3900916784689716
4143.125,1434.125,4143.37109375,1433.63916015625,0.6253947926941404
4155.125,1434.125,4154.45703125,1433.63916015625,0.752712994616413
4649.375,1434.875,4647.27734375,1434.6478271484375,2.0196175823971894
4779.875,1435.625,4780.30859375,1435.656494140625,0.5577172025731785
4369.625,1437.875,4372.14453125,1437.673828125,2.647760334506982
4377.875,1437.875,4378.19140625,1437.673828125,0.5100058343045375
4383.125,1438.625,4383.23046875,1437.673828125,1.0472837961268129
4339.625,1439.375,4339.89453125,1440.699951171875,1.3192983434732795
4559.375,1441.625,4556.57421875,1443.72607421875,3.345897444136677
4658.375,1441.625,4659.37109375,1441.708740234375,1.1083523286587662
4665.875,1443.875,4665.41796875,1443.72607421875,0.4444989105869009
4776.125,1443.875,4776.27734375,1444.73486328125,0.752526630439161
4143.125,1445.375,4143.37109375,1445.743408203125,0.5065446665568349
4155.125,1445.375,4154.45703125,1446.752197265625,1.4653725756869427
4371.125,1449.875,4370.12890625,1449.7783203125,0.8944694976140802
4383.125,1449.875,4382.22265625,1449.7783203125,0.8030622216261832
4819.625,1451.375,4820.62109375,1452.8043212890625,1.6847417893992411
4692.875,1453.625,4692.62890625,1452.8043212890625,0.9601838631263008
4776.125,1455.125,4775.26953125,1455.8304443359375,0.9298848300637719
4242.875,1456.625,4241.12890625,1457.847900390625,2.0175630326567884
4764.125,1459.625,4765.19140625,1459.865234375,1.1830678596348734
4773.125,1459.625,4770.23046875,1459.865234375,2.783765883564796
4401.875,1461.125,4400.36328125,1460.8739013671875,1.4292723639116034
4757.375,1461.125,4757.12890625,1460.8739013671875,0.41247178472668494
4273.625,1463.375,4273.37890625,1463.9000244140625,0.5082611779741117
4713.125,1464.875,4711.77734375,1464.90869140625,1.2372688740861209
4733.375,1466.375,4733.94921875,1465.9173583984375,0.9052913008980321
4283.375,1467.125,4285.47265625,1466.926025390625,2.229220347591832
4294.625,1467.125,4295.55078125,1467.934814453125,1.30103742079201
4820.375,1470.875,4821.62890625,1469.9521484375,1.7358961262092873
4728.875,1476.125,4728.91015625,1478.021728515625,1.7798315630469232
4256.375,1478.375,4256.24609375,1478.021728515625,0.3726849330203167
4295.375,1478.375,4293.53515625,1480.0390625,2.3731603132350596
4789.625,1479.125,4789.37890625,1478.021728515625,1.2446748978874964
4263.125,1479.875,4262.29296875,1479.030517578125,1.118821544729321
4273.625,1479.875,4273.37890625,1480.0390625,0.1889157674473398
4815.875,1485.875,4817.59765625,1488.108642578125,2.7893651180437264
4672.625,1486.625,4673.48046875,1487.0999755859375,1.0412510405453443
4293.875,1489.625,4295.55078125,1489.117431640625,1.8741995812267571
4742.375,1494.875,4742.01171875,1497.18701171875,2.211729884265425
4367.375,1512.875,4368.11328125,1515.343505859375,2.5954390848064004
4707.125,1514.375,4706.73828125,1514.334716796875,0.2974439151031991
4727.375,1515.125,4727.90234375,1514.334716796875,1.0992461952982318
4379.375,1524.875,4380.20703125,1524.4217529296875,1.0671434281355685
4842.875,1527.875,4839.76953125,1527.44775390625,3.032830967246218
4707.875,1530.125,4707.74609375,1530.473876953125,0.26552286922741597
4725.875,1532.375,4725.88671875,1531.482666015625,0.9874710214747617
4741.625,1535.375,4741.00390625,1538.54345703125,3.1210526580359015
4779.875,1536.125,4780.30859375,1535.517333984375,0.8966719378377077
4793.375,1536.125,4792.40234375,1535.517333984375,1.1043940054772965
4387.625,1536.875,4389.27734375,1537.5347900390625,1.895571267786064
4707.875,1538.375,4704.72265625,1538.54345703125,3.0291860040248153
4770.125,1538.375,4769.22265625,1541.569580078125,3.199251426639821
4797.875,1541.375,4798.44921875,1540.560791015625,1.1467280586175541
4402.625,1542.875,4404.39453125,1541.569580078125,2.308980114955686
4362.125,1543.625,4360.05078125,1541.569580078125,2.8293314382736883
4416.125,1548.125,4416.48828125,1546.613037109375,1.59820075360684
4362.875,1549.625,4363.07421875,1550.6478271484375,1.0785593300610588
4374.875,1549.625,4376.17578125,1548.63037109375,1.7418094140209184
4424.375,1550.375,4424.55078125,1551.656494140625,1.3089422139913185
4779.125,1550.375,4779.30078125,1550.6478271484375,0.3545799523184186
4798.625,1551.875,4796.43359375,1553.673828125,2.6819070806268863
4427.375,1560.125,4427.57421875,1559.72607421875,0.5201941387978957
4439.375,1560.125,4439.66796875,1559.72607421875,0.5859103279993945
4402.625,1561.625,4403.38671875,1561.743408203125,0.9015529603890003
4410.125,1561.625,4410.44140625,1561.743408203125,0.46372306022805754
4764.125,1561.625,4764.18359375,1562.752197265625,1.0684497399767934
4362.875,1562.375,4363.07421875,1559.72607421875,2.6571852144611907
4351.625,1563.875,4350.98046875,1563.7608642578125,0.5213517176567869
4338.875,1564.625,4339.89453125,1564.76953125,1.1638803473508148
4383.125,1566.125,4385.24609375,1564.76953125,2.6243652567523266
4423.625,1566.125,4424.55078125,1566.786865234375,1.2486853175615702
4787.375,1566.875,4787.36328125,1565.7783203125,1.1790149146053737
4427.375,1571.375,4428.58203125,1571.8304443359375,1.4164116666352522
4440.125,1571.375,4439.66796875,1571.8304443359375,0.5605548527902905
4372.625,1572.875,4374.16015625,1571.8304443359375,1.9595814573224657
4353.125,1575.875,4354.00390625,1575.865234375,1.01321418072642
4346.375,1578.875,4345.94140625,1578.891357421875,0.301973285858594
4372.625,1580.375,4373.15234375,1579.89990234375,0.8021026500758269
4314.875,1581.125,4316.71484375,1580.90869140625,1.9835686086629238
4326.875,1581.125,4326.79296875,1580.90869140625,0.19131996883435712
4364.375,1581.125,4364.08203125,1580.90869140625,0.248655981416276
4764.875,1581.125,4765.19140625,1580.90869140625,0.5262212559373789
4392.125,1581.875,4393.30859375,1581.9173583984375,1.3196130106748947
4413.875,1581.875,4413.46484375,1581.9173583984375,0.28155938037069583
4437.875,1583.375,4437.65234375,1582.926025390625,0.44783574115174696
4346.375,1588.625,4346.94921875,1588.978271484375,0.8086810569231266
4424.375,1590.125,4423.54296875,1589.9869384765625,0.7070391634685497
4326.875,1592.375,4326.79296875,1592.00439453125,0.335220340288032
4314.875,1593.125,4314.69921875,1592.00439453125,1.0782993232309015
4361.375,1594.625,4361.05859375,1595.030517578125,0.47470309028904617
4437.875,1596.125,4437.65234375,1594.021728515625,2.0867812113442885
4426.625,1596.875,4426.56640625,1598.0565185546875,1.2052445707341428
4448.375,1602.125,4448.73828125,1602.09130859375,0.5002765914757491
4464.125,1602.875,4462.84765625,1601.08251953125,2.110289960066437
4347.875,1607.375,4349.97265625,1606.1260986328125,2.539818165836567
4367.375,1608.875,4367.10546875,1610.160888671875,1.3342233747487358
4447.625,1615.625,4447.73046875,1616.2130126953125,0.6635130330577917
4359.125,1622.375,4358.03515625,1622.26513671875,0.9507781678446691
4453.625,1624.625,4453.77734375,1624.2825927734375,0.42527982872243575
4465.625,1625.375,4465.87109375,1625.291259765625,0.3895487553578765
4476.875,1625.375,4476.95703125,1624.2825927734375,1.0863406221087495
4365.875,1629.875,4367.10546875,1630.334716796875,1.4659513277234895
4284.125,1633.625,4284.46484375,1634.36962890625,0.9524288593361794
4476.875,1639.625,4476.95703125,1639.4130859375,0.28330730314496305
4463.375,1640.375,4462.84765625,1640.4217529296875,0.39526934789237056
4596.875,1647.125,4594.87109375,1648.4912109375,2.3200255477929073
4335.875,1647.875,4336.87109375,1648.4912109375,1.3334914220936733
4361.375,1655.375,4360.05078125,1653.5347900390625,2.1237381606382373
4367.375,1656.875,4366.09765625,1656.560791015625,1.157070811695704
4471.625,1662.875,4471.91796875,1662.613037109375,0.48476782023088066
4836.875,1662.875,4836.74609375,1661.6043701171875,1.2952791735887843
4848.875,1662.875,4848.83984375,1663.6217041015625,0.727191600013469
4476.875,1673.375,4476.95703125,1672.699951171875,0.6558723842180211
4836.875,1674.875,4837.75390625,1674.7174072265625,1.0361399285826813
4848.875,1674.875,4848.83984375,1673.708740234375,1.1904443381952825
4492.625,1680.125,4493.08203125,1680.76953125,0.9293076121940298
4505.375,1680.875,4506.18359375,1681.7783203125,1.3564855559995237
4518.125,1682.375,4518.27734375,1683.795654296875,1.5080256837027475
4842.875,1685.375,4839.76953125,1684.8043212890625,3.0181975324955235
4776.125,1686.875,4775.26953125,1686.82177734375,0.7122316554070878
4763.375,1687.625,4764.18359375,1686.82177734375,1.2421065948701047
4505.375,1694.375,4506.18359375,1693.882568359375,1.0477673212023102
4647.125,1697.375,4644.25390625,1697.9173583984375,2.7844798106370767
4764.125,1700.375,4764.18359375,1699.934814453125,0.4716551206373483
4776.125,1700.375,4775.26953125,1699.934814453125,0.827370453647394
4526.375,1701.875,4526.33984375,1701.9521484375,0.18534816280785257
4533.125,1704.125,4531.37890625,1702.9609375,1.935762533911775
4626.125,1704.125,4626.11328125,1704.978271484375,0.9117748764648705
4639.625,1704.125,4639.21484375,1703.969482421875,0.28346539387302666
4536.875,1704.875,4536.41796875,1704.978271484375,0.3511601157487806
4541.375,1706.375,4541.45703125,1705.9869384765625,0.39572504684069115
4561.625,1711.625,4559.59765625,1711.030517578125,1.9490021328056444
4565.375,1713.125,4564.63671875,1713.0478515625,0.5871097426046643
4569.125,1713.875,4569.67578125,1714.0565185546875,0.7447219952814532
4626.125,1716.125,4627.12109375,1716.073974609375,1.1470468622989005
4580.375,1716.875,4581.76953125,1718.09130859375,2.008909789609768
4599.125,1722.125,4598.90234375,1722.1260986328125,0.09713662621164176
4608.875,1725.125,4608.98046875,1726.160888671875,1.1312269291076515
4740.875,1725.125,4741.00390625,1725.152099609375,0.28696475777444536
4752.875,1725.125,4753.09765625,1725.152099609375,0.37835370451710787
4616.375,1727.375,4614.01953125,1726.160888671875,2.4843259823891675
4626.125,1730.375,4624.09765625,1730.195556640625,1.8778381890543907
4740.875,1737.125,4739.99609375,1735.2391357421875,1.97920291617366
4663.625,1740.875,4661.38671875,1739.27392578125,2.589751553139758
4667.375,1741.625,4666.42578125,1740.2825927734375,1.5058096374651244
4749.875,1746.125,4749.06640625,1744.3173828125,1.8768728434526523
4770.125,1747.625,4769.22265625,1748.3521728515625,1.0757243214401657
4691.375,1748.375,4692.62890625,1748.3521728515625,1.4092335182843987
4731.125,1751.375,4731.93359375,1751.378173828125,0.9651230489849705
4798.625,1751.375,4797.44140625,1749.36083984375,2.225190185491278
4811.375,1751.375,4810.54296875,1751.378173828125,0.6796091881367317
4742.375,1752.125,4742.01171875,1751.378173828125,0.7233135346651718
4730.375,1760.375,4730.92578125,1760.45654296875,0.7212573726370162
4810.625,1762.625,4809.53515625,1763.482666015625,1.3001841795923776
4833.875,1762.625,4833.72265625,1762.473876953125,0.10988518589250361
4743.125,1763.375,4744.02734375,1763.482666015625,1.0720371010484753
4821.875,1763.375,4822.63671875,1763.482666015625,0.9295432528401183
4834.625,1773.875,4833.72265625,1774.5782470703125,1.0588306224846167
4823.375,1776.125,4824.65234375,1776.595703125,1.5268524725454768
4812.125,1782.875,4812.55859375,1782.6478271484375,0.6151797341679385
4848.875,1782.875,4848.83984375,1782.6478271484375,0.21442855785492557
4404.625,1203.875,4403.80908203125,1203.171875,1.1889292276534138
4429.375,1210.625,4429.197265625,1210.421875,0.4456531458748205
4463.125,1220.375,4460.93212890625,1219.484375,2.391227615246701
4474.375,1223.375,4475.43994140625,1224.015625,1.2173892396605799
4478.125,1224.875,4479.9736328125,1224.921875,1.94005908479771
4482.625,1225.625,4484.5068359375,1225.828125,1.9645870960803784
4379.125,1227.875,4379.32763671875,1227.640625,0.528631240855715
4396.375,1228.625,4397.4619140625,1228.546875,1.2065575179415042
4505.125,1232.375,4505.36181640625,1233.984375,1.4120048206659583
4517.125,1235.375,4517.14892578125,1234.890625,0.7271068951339595
4475.875,1237.625,4476.3466796875,1237.609375,0.6055666872359888
4379.125,1239.125,4378.4208984375,1241.234375,2.0047556544380614
4382.125,1244.375,4382.95458984375,1244.859375,0.9592634066580253
4505.125,1248.125,4505.36181640625,1247.578125,0.8353597233996638
4475.125,1250.375,4475.43994140625,1250.296875,0.49727998316137245
4577.875,1251.875,4580.619140625,1253.015625,2.970001931285373
4555.375,1256.375,4556.1376953125,1257.546875,1.2683593115221066
4606.375,1260.125,4607.82080078125,1261.171875,1.7322282612830726
4610.125,1260.875,4612.3544921875,1262.078125,2.508480922262839
4615.375,1263.125,4616.88818359375,1262.984375,1.6436234799830445
4619.125,1263.875,4621.421875,1264.796875,2.47930610053123
4637.875,1269.125,4639.55615234375,1270.234375,1.9706759598948405
4653.625,1273.625,4654.970703125,1273.859375,1.4330011067414261
4664.125,1276.625,4664.9443359375,1276.578125,0.9511143150379441
4683.625,1281.875,4683.07861328125,1282.015625,0.46903196788409135
4687.375,1282.625,4687.6123046875,1282.921875,0.3302672049695841
4662.625,1284.875,4663.130859375,1285.640625,0.7976792650909378
4698.625,1287.875,4699.39990234375,1287.453125,1.087998831528342
4711.375,1290.125,4710.2802734375,1290.171875,1.024361267087804
4715.875,1291.625,4717.5341796875,1292.890625,2.0263737343008144
4736.875,1296.875,4737.48193359375,1297.421875,0.760251818115164
4650.625,1302.125,4651.34375,1301.046875,1.5302423998304637
4664.125,1302.875,4663.130859375,1301.046875,2.2405582539738593
4679.125,1302.875,4677.638671875,1302.859375,1.4158919954168132
4600.375,1306.625,4599.66064453125,1309.203125,2.452022569708056
4694.875,1306.625,4694.8662109375,1305.578125,1.2762748917751061
4718.125,1309.625,4716.62744140625,1311.015625,1.823210814289314
4789.375,1311.875,4787.3515625,1311.015625,2.225054484261759
4529.875,1312.625,4528.02978515625,1311.921875,1.964116537409491
4737.625,1312.625,4738.388671875,1312.828125,0.8560028954898015
4756.375,1314.125,4754.70947265625,1313.734375,1.693554487118
4805.125,1316.375,4802.765625,1315.546875,2.5085868925819472
4599.625,1317.875,4599.66064453125,1316.453125,1.625781367337007
4562.875,1319.375,4560.67138671875,1318.265625,2.4767354989573884
4616.875,1323.125,4615.9814453125,1321.890625,1.6409082180802634
4829.875,1323.125,4828.15380859375,1322.796875,1.7269249387258818
4712.875,1325.375,4712.09375,1324.609375,1.2002433216208457
4840.375,1326.125,4839.03466796875,1325.515625,1.5125770958875147
4796.125,1327.625,4796.4189453125,1328.234375,0.5386433395777847
4850.875,1329.125,4850.822265625,1329.140625,0.23367309649956755
4739.875,1329.875,4741.10888671875,1328.234375,2.2870727015614953
4769.125,1329.875,4767.40380859375,1330.953125,1.8361268265500752
4855.375,1329.875,4855.35546875,1330.046875,0.10450114495108387
4859.125,1330.625,4859.88916015625,1330.953125,0.8609548201791086
4679.125,1331.375,4679.4521484375,1331.859375,0.5052553603303498
4682.875,1333.625,4683.9853515625,1333.671875,1.2163824186166436
4870.375,1333.625,4868.0498046875,1333.671875,2.240938284291919
4621.375,1334.375,4622.32861328125,1333.671875,1.3801686593404552
4727.875,1335.125,4727.5078125,1333.671875,1.6903927963007321
4634.875,1336.625,4635.92919921875,1338.203125,1.7999260173859204
4810.375,1337.375,4810.01953125,1339.109375,1.5252098939066043
4822.375,1337.375,4822.7138671875,1337.296875,0.5340958686474585
4883.875,1338.125,4883.4638671875,1338.203125,0.35960826752574154
4727.875,1341.875,4727.5078125,1341.828125,0.3739963658168748
4625.875,1346.375,4625.95556640625,1347.265625,0.7271358470093003
4916.125,1347.125,4916.10595703125,1347.265625,0.13146746505402593
4587.625,1348.625,4588.77978515625,1349.078125,1.2838793534082318
4736.875,1349.375,4737.48193359375,1349.078125,0.8662843899621969
4810.375,1349.375,4810.01953125,1349.984375,0.46462161439432387
4924.375,1349.375,4923.359375,1349.078125,1.0702162585745505
4630.375,1355.375,4629.58203125,1355.421875,0.7065176854884745
4619.125,1356.125,4619.6083984375,1356.328125,0.583459221095653
4634.125,1357.625,4634.11572265625,1358.140625,0.34736004356559896
4967.125,1361.375,4965.06884765625,1360.859375,2.1043485821929413
4738.375,1362.125,4738.388671875,1361.765625,0.5704595666693826
4975.375,1363.625,4975.04248046875,1363.578125,0.37964745646752734
4634.875,1364.375,4634.11572265625,1362.671875,1.991205948573465
4754.125,1365.125,4753.802734375,1363.578125,1.7623729413740303
4891.375,1366.625,4892.53125,1368.109375,1.773573566117773
4619.125,1368.125,4618.70166015625,1369.921875,1.6583752332318245
4634.875,1368.125,4633.208984375,1368.109375,1.5763608936554645
4886.875,1368.875,4887.99755859375,1369.015625,1.2237208379318352
4992.625,1368.875,4991.36376953125,1368.109375,1.545526513667001
4823.875,1369.625,4820.900390625,1369.921875,2.876875635663678
4872.625,1369.625,4873.490234375,1369.015625,1.27401764327454
4742.125,1374.875,4742.015625,1375.359375,0.29216271917492154
4752.625,1374.875,4751.9892578125,1375.359375,0.6085829559305651
4780.375,1375.625,4781.00439453125,1378.984375,3.2424117188026416
4631.875,1379.375,4632.30224609375,1378.984375,0.7681763240995948
4633.375,1389.125,4633.208984375,1388.953125,0.33705958823787724
4751.875,1389.125,4751.0830078125,1389.859375,0.8814210398565205
5024.125,1392.875,5024.00537109375,1393.484375,0.3681837304765819
4814.875,1395.875,4812.73974609375,1395.296875,2.17430688801733
4630.375,1398.875,4630.48876953125,1398.921875,0.2433442926847056
5021.125,1403.375,5021.28515625,1406.171875,2.5759745644750396
4631.875,1405.625,4632.30224609375,1407.078125,1.4097218905869724
4637.125,1407.875,4636.8359375,1408.890625,0.8865857695321601
4826.125,1408.625,4825.43359375,1408.890625,0.591958121893109
4859.875,1408.625,4861.70263671875,1410.703125,2.6971554438689354
5004.625,1408.625,5004.0576171875,1407.078125,1.8340202724048278
4754.125,1409.375,4751.9892578125,1407.984375,2.5622174731970895
4364.875,1410.125,4364.81982421875,1409.796875,0.4192604240049832
4841.125,1410.125,4841.7548828125,1410.703125,0.8303045119866582
4754.875,1416.125,4754.70947265625,1417.046875,0.7560503096391032
5016.625,1417.625,5016.751953125,1417.046875,0.8344802726188388
4826.125,1420.625,4825.43359375,1419.765625,1.1933545385104738
5015.875,1421.375,5014.9384765625,1425.203125,3.7016575736280046
4781.125,1422.125,4780.09765625,1422.484375,0.9396660513000967
4795.375,1422.125,4795.51220703125,1421.578125,0.760102831768907
4378.375,1425.875,4377.51416015625,1427.015625,1.297987188513059
4637.125,1425.875,4635.92919921875,1427.921875,2.197977406628754
4943.125,1425.875,4944.21435546875,1427.015625,1.5191030739811637
4844.125,1426.625,4844.47509765625,1427.015625,0.5028926030650495
4832.125,1427.375,4831.78076171875,1427.015625,0.5869440051259126
4813.375,1431.125,4812.73974609375,1431.546875,0.5840063794990812
4796.125,1433.375,4795.51220703125,1434.265625,0.8830479721303404
4763.125,1434.125,4762.8701171875,1433.359375,0.9352440263293519
4649.875,1434.875,4646.81005859375,1435.171875,2.9590682818457386
4779.625,1435.625,4779.19091796875,1436.078125,0.4372705653726845
4366.375,1437.125,4367.5400390625,1437.890625,1.4560640927837525
4370.875,1437.875,4372.07373046875,1437.890625,1.3141351925882894
4376.875,1437.875,4378.4208984375,1436.984375,1.9189589348090768
4382.875,1438.625,4383.861328125,1438.796875,1.1049951986818105
4676.125,1441.625,4676.7314453125,1441.515625,0.7577758619379746
4661.875,1443.125,4660.41064453125,1442.421875,1.5890254151687877
4665.625,1443.875,4664.9443359375,1443.328125,0.8848565971765366
5009.125,1443.875,5009.498046875,1444.234375,0.5045039707619405
4370.875,1449.875,4370.26025390625,1449.671875,0.5652388348710148
4382.875,1449.875,4382.0478515625,1449.671875,0.7603236467666767
4818.625,1451.375,4819.99365234375,1453.296875,2.3014174982610687
4938.625,1452.875,4938.77392578125,1454.203125,1.172979031682272
4692.625,1453.625,4692.14599609375,1453.296875,0.5867406985593603
4950.625,1453.625,4950.56103515625,1453.296875,0.5161975758429458
4790.875,1456.625,4790.978515625,1456.921875,0.2609372198521861
5004.625,1458.125,5004.96435546875,1460.546875,2.27180059399047
4928.875,1459.625,4926.986328125,1459.640625,1.78548353384034
4402.375,1461.125,4400.18212890625,1460.546875,2.1722227001778007
4757.875,1461.125,4756.52294921875,1460.546875,1.4319328956167365
4274.875,1463.375,4273.2412109375,1464.171875,1.6963548662563932
4700.875,1464.125,4700.306640625,1462.359375,1.9445060486564472
4712.125,1464.875,4713.00048828125,1465.078125,0.9923519191586909
4746.625,1464.875,4746.54931640625,1464.171875,0.8384546670796604
4950.625,1464.875,4950.56103515625,1465.078125,0.053010640906532534
5003.125,1465.625,5003.15087890625,1465.078125,0.7490001409091129
4733.875,1466.375,4733.85498046875,1465.984375,0.5297380253782911
4294.375,1467.125,4295.00244140625,1467.796875,0.9815430343324864
4820.125,1470.875,4821.80712890625,1469.609375,2.2843530040124675
4955.125,1471.625,4954.18798828125,1471.421875,0.9077145832197795
5001.625,1471.625,5001.33740234375,1471.421875,0.42659016683575984
4936.375,1475.375,4936.0537109375,1475.046875,0.5388910204756164
4947.625,1475.375,4947.8408203125,1475.953125,0.5228985704095948
4295.125,1478.375,4294.095703125,1479.578125,1.485454523641266
4283.125,1479.125,4283.21533203125,1477.765625,1.400100356869466
4274.875,1479.875,4273.2412109375,1479.578125,1.545679734888516
4850.125,1481.375,4848.1015625,1480.484375,2.1722071292211145
4966.375,1484.375,4965.9755859375,1485.015625,0.5511371025107674
4997.875,1484.375,4997.71044921875,1485.015625,0.46724162122245055
4954.375,1485.125,4954.18798828125,1485.015625,0.2851998511366651
4989.625,1485.125,4988.6435546875,1485.921875,1.06840645414686
4978.375,1485.875,4976.85595703125,1485.015625,1.7426144466767441
4673.125,1486.625,4673.10498046875,1486.828125,0.138820012222817
4816.375,1486.625,4818.18017578125,1487.734375,2.1537681902179044
4936.375,1487.375,4936.0537109375,1486.828125,0.7374012323588663
4766.875,1490.375,4769.21728515625,1490.453125,2.4595977127370827
4879.375,1491.125,4880.74365234375,1491.359375,1.4869230612389182
4892.875,1491.125,4893.43798828125,1491.359375,0.6838181212483967
4916.125,1491.875,4916.10595703125,1492.265625,0.25584598890413046
4637.125,1492.625,4635.92919921875,1495.890625,3.3508261395779173
4742.125,1494.875,4742.015625,1496.796875,1.8080089012948457
4934.125,1496.375,4936.0537109375,1495.890625,2.1419496951983246
4574.875,1500.125,4573.36572265625,1502.234375,2.4637870761643783
4992.625,1503.125,4993.17724609375,1502.234375,1.2475001743252194
4919.125,1504.625,4918.826171875,1504.953125,0.25736299132107515
4953.625,1504.625,4955.0947265625,1504.953125,1.5959933374548019
4961.125,1506.875,4960.53515625,1505.859375,1.2611897308306579
4965.625,1506.875,4965.06884765625,1506.765625,0.512467948766802
4915.375,1510.625,4916.10595703125,1512.203125,1.6690111664021752
4880.125,1511.375,4881.650390625,1513.109375,2.2949558199387985
4892.125,1512.125,4891.62451171875,1513.109375,0.9311954902671556
4715.875,1513.625,4718.44091796875,1514.015625,2.7028993517827526
4706.875,1514.375,4707.56005859375,1514.015625,0.924639898596606
4727.875,1515.125,4727.5078125,1514.921875,0.3886502060618797
4770.625,1516.625,4771.9375,1515.828125,1.693741766853672
4844.125,1516.625,4844.47509765625,1516.734375,0.4699898104718784
4906.375,1521.125,4906.1318359375,1521.265625,0.12383114003745974
4896.625,1522.625,4897.064453125,1523.984375,1.3513480059298033
4850.125,1523.375,4848.1015625,1523.078125,1.9476631231895492
4985.125,1523.375,4984.10986328125,1523.078125,1.0004922105830774
4379.125,1524.875,4380.234375,1523.984375,1.5325788610179696
4962.625,1525.625,4962.3486328125,1525.796875,0.15969797129033758
4973.875,1527.875,4974.1357421875,1526.703125,1.3684037604490638
4708.375,1530.125,4707.56005859375,1530.328125,0.7018854606476443
4747.375,1530.875,4748.36279296875,1532.140625,1.616276923603617
4897.375,1531.625,4897.064453125,1532.140625,0.43541469193475235
4725.625,1532.375,4725.6943359375,1532.140625,0.37371874297310215
4917.625,1532.375,4917.91943359375,1532.140625,0.5509567935817988
4779.625,1536.125,4781.00439453125,1535.765625,1.569909509925047
4792.375,1536.125,4791.88525390625,1535.765625,0.586014368862644
4706.875,1539.125,4705.74658203125,1537.578125,1.9093395330145746
4722.625,1539.125,4722.06787109375,1541.203125,2.0437276130347213
4798.375,1540.625,4798.232421875,1540.296875,0.4247165350049495
4908.625,1541.375,4907.9453125,1540.296875,1.3209849981936257
4402.375,1542.875,4403.80908203125,1542.109375,1.7443234815933328
4295.875,1545.125,4294.095703125,1544.828125,1.6725774822118529
4958.875,1547.375,4958.7216796875,1547.546875,0.05467383821969311
4415.875,1548.125,4416.5029296875,1548.453125,0.8221542248382699
4363.375,1550.375,4363.00634765625,1550.265625,0.2602624205098812
4374.625,1550.375,4375.70068359375,1549.359375,1.5753270791104539
4424.125,1550.375,4422.85009765625,1551.171875,1.3902531015482094
4778.875,1550.375,4779.19091796875,1550.265625,0.48241713382128154
4286.125,1551.125,4286.841796875,1552.078125,1.2922944755140504
4392.625,1551.125,4392.92822265625,1549.359375,1.8193256837190284
4798.375,1551.875,4797.32568359375,1552.984375,1.3766932823723312
4909.375,1552.625,4908.85205078125,1552.984375,0.46914157374029003
4898.875,1553.375,4898.8779296875,1552.078125,1.412249556542099
4964.125,1554.125,4964.162109375,1553.890625,0.3921217832709237
4967.875,1557.875,4968.69580078125,1558.421875,1.0361869624439695
4772.125,1558.625,4771.03076171875,1560.234375,1.810860369292391
4427.125,1560.125,4428.29052734375,1559.328125,1.5234168600700146
4439.875,1560.125,4440.07763671875,1559.328125,0.8691067727183588
4764.625,1560.875,4763.77685546875,1562.953125,2.1283911985993607
4330.375,1561.625,4331.271484375,1562.046875,1.1194307246622168
4375.375,1561.625,4374.7939453125,1560.234375,1.4525280783839634
4402.375,1561.625,4402.90234375,1562.046875,0.7842553844323008
4450.375,1561.625,4450.95849609375,1563.859375,2.339182926678049
4779.625,1561.625,4780.09765625,1561.140625,0.8223294448229367
4913.875,1561.625,4914.29248046875,1561.140625,0.8030745138884362
4362.625,1562.375,4363.9130859375,1562.046875,1.4548934863125953
4409.875,1562.375,4410.15576171875,1562.046875,0.525547151942003
4338.625,1564.625,4339.431640625,1564.765625,0.9529253026829897
4383.625,1566.875,4383.861328125,1565.671875,1.2479618524256295
4394.875,1566.875,4394.74169921875,1567.484375,0.6178638501242519
4787.125,1566.875,4787.3515625,1565.671875,1.3278044559423643
4427.875,1571.375,4428.29052734375,1571.109375,0.6072975744499395
4439.875,1571.375,4439.1708984375,1572.015625,0.8598035894845831
4373.125,1572.875,4373.88720703125,1572.015625,1.2295311544790866
4730.125,1573.625,4731.134765625,1575.640625,2.2633349353025096
4352.875,1575.875,4353.03271484375,1575.640625,0.36014162543445
4919.125,1575.875,4919.73291015625,1575.640625,0.8073805021859927
4338.625,1578.125,4336.71142578125,1579.265625,2.1284078250357226
4346.125,1578.875,4345.77880859375,1579.265625,0.46802461347552077
4373.125,1580.375,4372.98046875,1580.171875,0.18136537631436497
4314.625,1581.125,4315.85693359375,1581.078125,1.3674216506260954
4326.625,1581.125,4326.73779296875,1581.078125,0.248494455371228
4364.125,1581.125,4363.9130859375,1581.078125,0.08027099418161825
4687.375,1581.125,4685.798828125,1582.890625,2.246616170880711
4764.625,1581.125,4764.68359375,1581.078125,0.2178923295184473
4392.625,1581.875,4392.92822265625,1581.984375,0.45618549744286957
4414.375,1581.875,4412.8759765625,1581.984375,1.3702702038596895
4438.375,1583.375,4437.357421875,1582.890625,1.0027248456997504
4346.125,1588.625,4346.685546875,1589.234375,0.9478174753741022
4424.125,1590.125,4423.7568359375,1590.140625,0.23510164545367182
4889.875,1590.125,4889.81103515625,1590.140625,0.09458764266461425
4901.875,1590.125,4901.59814453125,1590.140625,0.16337301120748754
4326.625,1592.375,4326.73779296875,1591.953125,0.4562962321364797
4964.125,1592.375,4964.162109375,1591.953125,0.5460660772743132
4314.625,1593.125,4314.9501953125,1591.953125,1.2198394801302421
4361.125,1594.625,4361.19287109375,1595.578125,1.008070938231163
4437.625,1596.125,4438.26416015625,1593.765625,2.4660564706181938
4934.125,1596.125,4935.14697265625,1596.484375,1.183204764260179
4942.375,1597.625,4941.494140625,1598.296875,0.9497576345290154
4448.125,1602.125,4448.23828125,1602.828125,0.7651382022481785
4889.875,1602.125,4889.81103515625,1601.921875,0.28696767425657466
4901.875,1602.125,4902.5048828125,1601.921875,0.8115372198378143
4942.375,1605.875,4944.21435546875,1605.546875,2.01343628573495
4348.375,1607.375,4350.3125,1606.453125,2.2538334748789794
4961.875,1608.125,4961.44189453125,1609.171875,1.0057063596911908
4367.875,1609.625,4367.5400390625,1609.171875,0.4552327431899407
4447.375,1616.375,4447.33154296875,1616.421875,0.12218523983930653
4348.375,1617.125,4347.59228515625,1615.515625,1.6852490243514282
4343.875,1617.875,4343.05859375,1618.234375,0.7918525819663247
4489.375,1621.625,4488.1337890625,1619.140625,2.69613308514511
4358.875,1622.375,4360.2861328125,1621.859375,1.6195378841360588
4453.375,1624.625,4452.77197265625,1624.578125,0.46325434760110556
4465.375,1625.375,4465.4658203125,1624.578125,0.7994516791932503
4476.625,1625.375,4476.3466796875,1624.578125,0.7802638356235868
4784.125,1626.875,4781.9111328125,1627.296875,2.113032775314533
4343.875,1628.375,4343.05859375,1628.203125,0.683819193901077
4349.875,1629.125,4350.3125,1629.109375,0.580992365823281
4955.875,1629.125,4956.908203125,1628.203125,1.533670853019637
4366.375,1629.875,4366.63330078125,1630.015625,0.44572452095507037
4455.625,1632.875,4456.39892578125,1631.828125,1.3616881845810607
4477.375,1639.625,4477.25341796875,1639.078125,0.509115677083579
4463.125,1640.375,4463.65234375,1640.890625,0.8710977369881625
4952.875,1641.125,4953.28125,1640.890625,0.6190916015619365
4311.625,1641.875,4312.22998046875,1641.796875,0.7491524356741182
4352.125,1643.375,4352.1259765625,1641.796875,1.5172824929177036
4361.875,1647.125,4362.099609375,1647.234375,0.40938770877598246
4464.625,1647.125,4465.4658203125,1647.234375,0.9960330830503632
4919.125,1647.125,4918.826171875,1648.140625,0.9763206862567554
4931.125,1647.875,4931.52001953125,1648.140625,0.5726669910166199
4502.125,1650.875,4500.828125,1649.046875,2.1279091324387784
4350.625,1652.375,4352.1259765625,1652.671875,1.6874267721956975
4597.375,1654.625,4596.9404296875,1656.296875,1.7188192485499938
4361.125,1655.375,4362.099609375,1654.484375,1.3863800744579062
4367.875,1656.875,4367.5400390625,1657.203125,0.44373112032931505
4915.375,1656.875,4916.10595703125,1656.296875,1.0703516260572956
4946.125,1659.875,4946.9345703125,1659.921875,0.9485536285751189
4836.625,1662.875,4837.22119140625,1661.734375,1.3786550321970603
4848.625,1662.875,4849.0087890625,1663.546875,0.8310613270255699
4944.625,1665.875,4944.21435546875,1666.265625,0.4382855367944877
4914.625,1668.125,4915.19921875,1668.078125,0.7197864240140098
4922.875,1671.125,4922.453125,1671.703125,0.6089823019673783
4929.625,1671.125,4926.986328125,1670.796875,2.524763423628596
4943.125,1671.875,4944.21435546875,1670.796875,1.6635011293611102
4836.625,1674.875,4837.22119140625,1674.421875,0.8754101189488473
4849.375,1674.875,4849.0087890625,1674.421875,0.5229430859093698
4492.375,1680.125,4491.7607421875,1680.765625,0.8430605948017802
4505.125,1680.125,4506.2685546875,1680.765625,1.4680538094445335
4517.875,1681.625,4518.0556640625,1683.484375,1.9440820585467993
4940.875,1681.625,4940.58740234375,1684.390625,2.7346066123013504
4904.875,1684.625,4905.22509765625,1686.203125,1.6294140436602056
4916.875,1685.375,4917.0126953125,1685.296875,0.29980192593418425
4763.125,1686.875,4763.77685546875,1687.109375,0.8327134042540589
4775.875,1686.875,4775.564453125,1688.015625,1.1568657153380222
4929.625,1692.875,4928.7998046875,1693.453125,0.8774991347835127
4505.125,1694.375,4505.36181640625,1694.359375,0.38965562477773696
4517.875,1694.375,4516.2421875,1697.078125,3.1408151676464096
4874.125,1695.125,4874.396484375,1694.359375,0.8817244635603031
4885.375,1695.125,4883.4638671875,1695.265625,1.7708989464905456
4917.625,1695.125,4917.0126953125,1692.546875,2.6409321534238996
4637.125,1695.875,4635.0224609375,1697.984375,2.9054530069831292
4891.375,1697.375,4890.7177734375,1696.171875,1.3203822147829423
4646.875,1698.125,4644.99658203125,1697.984375,1.7332485023944622
4908.625,1698.125,4906.1318359375,1697.984375,2.353546144759147
4936.375,1698.875,4936.0537109375,1697.984375,0.9301805935326769
4775.875,1700.375,4774.6572265625,1699.796875,1.2108099149909621
4530.625,1703.375,4530.75,1703.421875,0.2984071809402986
4625.875,1704.125,4625.95556640625,1704.328125,0.3404914084168818
4639.375,1704.125,4639.55615234375,1705.234375,1.200870375101426
4934.125,1705.625,4933.33349609375,1704.328125,1.4646835944862882
4865.875,1706.375,4866.236328125,1707.953125,1.6555287803142258
4544.875,1707.125,4547.07080078125,1707.953125,2.511623074314614
4908.625,1707.875,4908.85205078125,1707.953125,0.3793887541584705
4560.625,1711.625,4560.67138671875,1711.578125,0.19852847723928788
4883.125,1713.125,4883.4638671875,1713.390625,0.5532117815992684
4898.125,1714.625,4897.064453125,1715.203125,1.078614320604499
4626.625,1716.125,4625.95556640625,1716.109375,0.5200520945449402
4883.125,1722.125,4883.4638671875,1721.546875,0.7531059485074493
4741.375,1725.125,4741.10888671875,1725.171875,0.14246468889751238
4753.375,1725.125,4753.802734375,1725.171875,0.5840632997857615
4610.875,1725.875,4607.82080078125,1725.171875,2.970884095692713
4614.625,1726.625,4612.3544921875,1726.078125,2.1719871354601543
4899.625,1727.375,4898.8779296875,1726.984375,0.7120023048763497
4928.125,1728.125,4928.7998046875,1726.078125,2.208018671512381
4909.375,1728.875,4908.85205078125,1728.796875,0.3811592326185875
4920.625,1730.375,4919.73291015625,1729.703125,1.0005961966036705
4628.875,1731.125,4627.76904296875,1730.609375,1.054023952033704
4890.625,1732.625,4889.81103515625,1734.234375,1.7495816364707413
4636.375,1733.375,4635.92919921875,1733.328125,0.2930747814321879
4844.875,1733.375,4842.66162109375,1733.328125,2.0628235130456405
4848.625,1733.375,4849.0087890625,1735.140625,1.8628931086007758
4640.125,1734.125,4640.462890625,1734.234375,0.5211525640514095
4866.625,1734.875,4866.236328125,1735.140625,0.3687368204709562
4877.875,1734.875,4878.0234375,1735.140625,0.40908376207497943
4647.625,1736.375,4647.716796875,1736.046875,0.3601497538842817
4740.625,1736.375,4741.10888671875,1736.046875,0.6967420759214994
4907.125,1740.875,4907.9453125,1740.578125,1.0125038919627338
4922.875,1740.875,4922.453125,1741.484375,0.6740168456289276
4667.125,1741.625,4666.7578125,1740.578125,1.006002586004966
4750.375,1746.125,4749.26953125,1745.109375,1.3568314010298903
4760.875,1746.125,4760.14990234375,1746.015625,0.5749801927776658
4769.875,1746.875,4770.1240234375,1747.828125,1.0761278027984158
4688.875,1747.625,4687.6123046875,1747.828125,1.1395029537281682
4865.875,1749.125,4866.236328125,1748.734375,0.6305298856223709
4877.875,1749.125,4877.11669921875,1748.734375,0.7085990516572355
4697.125,1749.875,4699.39990234375,1750.546875,2.538383709418563
4811.125,1750.625,4810.92626953125,1750.546875,0.06013933158673773
4798.375,1751.375,4798.232421875,1750.546875,0.7865919064374803
4742.875,1752.125,4742.015625,1751.453125,0.937130257480896
4908.625,1753.625,4908.85205078125,1754.171875,0.6817190147101252
4921.375,1753.625,4920.6396484375,1754.171875,0.8104208864078121
4712.875,1754.375,4713.00048828125,1755.078125,0.8151482488446613
4811.125,1762.625,4810.01953125,1764.140625,1.8281333596081493
4822.375,1762.625,4822.7138671875,1763.234375,0.8189558510340722
4834.375,1762.625,4833.59423828125,1763.234375,0.9026172311076517
4742.875,1763.375,4743.8291015625,1763.234375,1.1131922156556926
4894.375,1764.125,4894.3447265625,1765.046875,0.9590904505906307
4906.375,1764.125,4906.1318359375,1764.140625,0.09828294222166241
4916.875,1766.375,4917.91943359375,1764.140625,2.513116990139273
4777.375,1773.125,4778.2841796875,1773.203125,1.075384979611374
4847.875,1773.125,4847.1953125,1773.203125,0.5376154251380396
4834.375,1773.875,4833.59423828125,1774.109375,0.6852261983582959
4787.125,1775.375,4787.3515625,1775.921875,0.7179508146979886
4880.125,1776.125,4878.93017578125,1775.015625,1.4905375150945182
4894.375,1776.125,4894.3447265625,1776.828125,0.7507471912070754
4906.375,1776.125,4907.03857421875,1777.734375,1.8367850539591735
4813.375,1776.875,4815.4599609375,1775.921875,2.4154705227185675
4796.875,1778.375,4798.232421875,1777.734375,1.6227679026323591
4910.875,1778.375,4911.572265625,1780.453125,2.2789114369628565
4898.125,1780.625,4896.158203125,1781.359375,1.9683008471937093
4806.625,1781.375,4804.5791015625,1780.453125,2.075498009376201
4862.875,1781.375,4862.609375,1780.453125,0.8813063132729058
4848.625,1782.875,4849.0087890625,1782.265625,0.7776381350039347
4910.875,1783.625,4910.66552734375,1784.984375,1.3986588016717987
4835.125,1785.125,4832.6875,1786.796875,2.859982021531019
4897.375,1785.125,4897.064453125,1785.890625,0.8222072189243077
3276.125,1060.875,3276.55078125,1060.2454833984375,0.8674792617302947
3732.625,1054.875,3733.12109375,1053.1829833984375,1.9574796091899958
3821.875,1057.875,3821.80859375,1059.236572265625,1.161534419411914
3276.625,1060.875,3276.58203125,1060.2454833984375,0.710021130305437
3797.875,1066.875,3797.62109375,1067.3079833984375,0.3066708325784623
3734.875,1068.375,3735.13671875,1068.3170166015625,0.4042810552635432
3464.125,1075.125,3463.02734375,1075.3795166015625,1.034192173019062
3699.625,1075.875,3698.85546875,1075.3795166015625,0.9593620577362325
3785.875,1078.125,3786.53515625,1080.424072265625,2.24227020120322
3713.875,1079.625,3714.98046875,1081.4329833984375,2.022895308258736
3728.125,1081.125,3729.08984375,1080.424072265625,1.3498519608689454
3735.625,1081.875,3734.12890625,1082.4420166015625,1.480453333278891
3827.125,1083.375,3826.84765625,1086.4776611328125,2.9255005363405724
3827.125,1100.625,3825.83984375,1100.6026611328125,1.2281755226153042
3473.125,1125.375,3472.09765625,1125.825927734375,1.0167816991660208
3479.125,1147.875,3479.15234375,1148.0223388671875,0.13711075759108152
3469.375,1148.625,3469.07421875,1149.03125,0.40495818906454367
3736.375,1152.375,3737.15234375,1151.049072265625,1.6813443748322434
3749.125,1152.375,3748.23828125,1151.049072265625,1.6574216853499653
3681.625,1182.375,3681.72265625,1181.31689453125,1.1609720225377171
3694.375,1182.375,3693.81640625,1182.325927734375,0.49293839877543505
3620.125,1221.375,3620.24609375,1220.6651611328125,0.7886947822924973
3620.125,1233.375,3620.24609375,1231.763427734375,1.6670776444145012
3632.125,1233.375,3631.33203125,1232.7723388671875,0.9523004470955404
3802.875,1054.875,3803.69921875,1054.1920166015625,1.252646386833469
3865.125,1057.125,3865.17578125,1057.21875,0.16468544179294814
3822.375,1057.875,3821.83984375,1059.236572265625,1.2523828374136743
3838.125,1058.625,3836.95703125,1059.236572265625,1.1747731827683894
3771.375,1062.375,3768.42578125,1063.2723388671875,2.967831629983583
3882.375,1065.375,3882.30859375,1065.2901611328125,0.2930931591349663
3838.125,1071.375,3836.95703125,1072.3526611328125,1.349879989378194
3821.625,1072.125,3821.83984375,1072.3526611328125,0.28588756246616065
3797.625,1073.625,3798.66015625,1074.3704833984375,1.2386329879609703
3943.125,1074.375,3945.80078125,1075.3795166015625,2.8544586087262656
3808.125,1075.875,3807.73046875,1075.3795166015625,0.7544518525517356
3954.375,1076.625,3955.87890625,1077.3973388671875,1.666961898037606
3785.625,1078.125,3786.56640625,1079.4151611328125,1.502543619972172
3888.375,1078.125,3889.36328125,1076.388427734375,2.2073073943203823
3792.375,1078.875,3791.60546875,1079.4151611328125,0.7868763319524639
3824.625,1079.625,3824.86328125,1080.424072265625,0.6857025436216998
3717.375,1080.375,3715.01171875,1080.424072265625,2.2949976190301835
3915.375,1080.375,3915.56640625,1082.4420166015625,1.8794951647944937
3932.625,1081.125,3932.69921875,1081.4329833984375,0.17382531077058588
3828.375,1084.125,3826.87890625,1085.46875,1.8377482303371804
3865.875,1084.125,3866.18359375,1085.46875,1.2119244883583489
3843.375,1086.375,3843.00390625,1086.4776611328125,0.3120343919115258
3792.375,1087.875,3791.60546875,1087.486572265625,0.89663228489074
3995.625,1088.625,3998.20703125,1089.5045166015625,2.7322891264116906
3959.625,1089.375,3960.91796875,1091.5223388671875,2.368974522296781
3888.375,1090.125,3886.33984375,1090.513427734375,1.9744158621445183
4000.875,1090.125,4003.24609375,1090.513427734375,2.4460761565758142
3919.125,1097.625,3918.58984375,1096.5670166015625,1.3362881572820562
3820.125,1102.125,3817.80859375,1102.6204833984375,2.266838466269713
4044.375,1102.125,4045.57421875,1103.6295166015625,1.8063988484047921
4048.125,1102.875,4050.61328125,1103.6295166015625,2.6138524692322678
4055.625,1105.125,4055.65234375,1104.638427734375,0.713150683646877
3976.875,1107.375,3977.04296875,1107.6651611328125,0.2556950836520236
4065.375,1108.125,4065.73046875,1108.674072265625,0.5385244310031096
3921.375,1108.875,3922.62109375,1109.6829833984375,1.4571211195395506
3943.125,1108.875,3943.78515625,1110.6920166015625,1.7816078238075737
3857.625,1111.125,3860.13671875,1112.7098388671875,2.9458719284246926
3905.625,1111.125,3903.47265625,1110.6920166015625,2.1685892211903433
4075.125,1111.125,4074.80078125,1110.6920166015625,0.7004505123554347
3820.125,1113.375,3820.83203125,1112.7098388671875,1.1390148704045597
4077.375,1117.125,4075.80859375,1116.7454833984375,1.6090008358384014
4081.125,1117.875,4080.84765625,1116.7454833984375,1.3621107325499953
4101.375,1117.875,4102.01171875,1117.7545166015625,0.7866660464984115
3964.125,1119.375,3963.94140625,1119.7723388671875,0.23408428031880632
4001.625,1120.875,4003.24609375,1120.78125,1.7194096292979453
4115.625,1122.375,4115.11328125,1121.7901611328125,0.9183900652633703
4129.125,1126.125,4127.20703125,1124.8170166015625,2.3971557938798087
3763.875,1128.375,3761.37109375,1127.84375,2.5180088098166062
4146.375,1130.625,4144.33984375,1131.8795166015625,2.2168147465583052
4126.875,1133.625,4125.19140625,1135.9151611328125,2.6251065158837914
3949.125,1136.625,3950.83984375,1136.924072265625,1.795365882979545
4180.125,1140.375,4179.61328125,1140.9598388671875,0.5673982303535
4157.625,1144.875,4158.44921875,1144.9954833984375,0.904211598049899
4195.875,1144.875,4195.73828125,1146.0045166015625,0.9073947164002786
4188.375,1146.375,4189.69140625,1144.9954833984375,2.1211152648566793
3871.875,1150.875,3871.22265625,1152.0579833984375,1.1812202382031032
3736.875,1152.375,3737.18359375,1151.049072265625,1.4973646453851959
3748.875,1152.375,3748.26953125,1152.0579833984375,0.6842234058064257
4165.125,1153.125,4165.50390625,1153.0670166015625,0.5291136878494038
4177.125,1157.625,4177.59765625,1160.1295166015625,2.3575161195491097
4219.875,1157.625,4219.92578125,1158.111572265625,0.29416668278183444
4231.125,1164.375,4232.01953125,1164.1651611328125,1.0618730327909034
4198.875,1171.125,4199.76953125,1169.2098388671875,2.3351504428165275
3952.125,1173.375,3949.83203125,1172.236572265625,2.5607905759417453
4162.125,1173.375,4159.45703125,1174.2545166015625,2.6771271324743187
3783.375,1177.125,3782.53515625,1177.28125,0.7569066738124544
3681.375,1182.375,3681.75390625,1181.31689453125,1.2370187892416469
3694.125,1182.375,3693.84765625,1182.325927734375,0.23711684010302087
4162.125,1184.625,4162.48046875,1185.3526611328125,0.691509872112467
4178.625,1189.875,4178.60546875,1189.388427734375,0.6804633989528613
4207.125,1189.875,4207.83203125,1188.37939453125,1.867213906376748
3679.875,1198.125,3679.73828125,1198.46875,0.2705483331311701
3606.375,1218.375,3608.18359375,1218.6473388671875,1.9139443811625694
3619.875,1221.375,3619.26953125,1220.6651611328125,0.9162550336206674
3924.375,1226.625,3923.62890625,1226.71875,0.6568558083707462
3947.625,1231.125,3945.80078125,1229.74560546875,2.288749802226519
3632.625,1232.625,3631.36328125,1232.7723388671875,1.1722971714850052
3887.625,1232.625,3888.35546875,1233.78125,1.3379266298727148
3619.875,1233.375,3620.27734375,1232.7723388671875,0.8133101487893144
3875.625,1233.375,3875.25390625,1231.763427734375,1.731323451147371
3901.875,1236.375,3901.45703125,1235.799072265625,0.7514031923029335
3662.625,1249.125,3662.60546875,1248.9151611328125,0.26170006766049553
3757.125,1252.875,3757.33984375,1250.93310546875,2.024300185245521
4260.375,1258.125,4260.23828125,1257.99560546875,0.2973107994454411
3802.875,1260.375,3802.69140625,1261.0223388671875,0.5903777684432542
3837.375,1267.875,3837.96484375,1268.0848388671875,0.7011910760463247
3907.875,1270.125,3906.49609375,1269.09375,1.6972804135912378
3990.375,1271.625,3992.16015625,1270.1026611328125,2.481359672667553
4201.875,1273.125,4200.77734375,1273.12939453125,1.014247835665058
4214.625,1273.875,4214.88671875,1273.12939453125,0.9575931737096339
4134.375,1275.375,4132.24609375,1278.174072265625,3.359867091101155
3800.625,1276.125,3801.68359375,1276.15625,1.1568806441371082
3813.375,1276.125,3814.78515625,1275.1473388671875,1.8280476965802197
3822.375,1276.875,3822.84765625,1277.1651611328125,0.6163984666580712
3836.625,1279.875,3837.96484375,1280.19189453125,1.461129457456557
3850.125,1279.875,3850.05859375,1278.174072265625,1.762232945563895
4192.125,1279.875,4190.69921875,1283.21875,3.474044087384398
3878.625,1282.875,3879.28515625,1281.200927734375,1.8974085193461852
3931.875,1282.875,3932.69921875,1283.21875,0.9595499369649035
3919.875,1283.625,3920.60546875,1282.2098388671875,1.7036895757590977
4201.125,1289.625,4200.77734375,1289.2723388671875,0.5454112324471835
4213.125,1289.625,4212.87109375,1289.2723388671875,0.511351879465605
3862.875,1291.875,3862.15234375,1291.2901611328125,0.8937695498191164
3874.875,1291.875,3873.23828125,1292.299072265625,1.5801460617257421
3931.875,1294.125,3931.69140625,1296.3348388671875,2.142075088895923
3921.375,1294.875,3920.60546875,1295.325927734375,0.7725787178600255
3719.625,1309.125,3720.05078125,1311.46875,2.389573035635275
3941.625,1309.125,3940.76171875,1310.4598388671875,1.483821530221905
3937.875,1321.875,3937.73828125,1322.56689453125,0.640194676707137
3949.875,1321.875,3950.83984375,1323.575927734375,1.9617136316912682
3813.375,1322.625,3810.75390625,1323.575927734375,2.6814117365262486
3780.375,1323.375,3780.51953125,1326.6026611328125,3.219895734197454
3794.625,1333.125,3793.62109375,1333.6651611328125,1.040351599240681
3807.375,1333.125,3806.72265625,1333.6651611328125,0.7563594293655196
3937.875,1333.875,3937.73828125,1333.6651611328125,0.2565934549735316
3949.125,1333.875,3949.83203125,1333.6651611328125,0.8512919237455921
3949.125,1342.875,3949.83203125,1342.74560546875,0.830581434724879
3807.375,1345.125,3807.73046875,1343.75439453125,1.4554219816501504
3969.375,1348.125,3968.98046875,1346.78125,1.4156573707230304
3852.375,1348.875,3850.05859375,1350.81689453125,2.9300509036501596
3826.125,1350.375,3824.86328125,1348.799072265625,1.9607241531031514
3949.125,1354.875,3946.80859375,1353.84375,2.4520800047981055
3994.125,1354.875,3994.17578125,1355.861572265625,0.9564604808538231
3968.625,1358.625,3967.97265625,1358.888427734375,0.5903914483068142
3844.875,1362.375,3846.02734375,1361.9151611328125,1.3454298606877126
3999.375,1362.375,3999.21484375,1361.9151611328125,0.5020045418044244
3859.875,1363.875,3860.13671875,1362.924072265625,1.028626805416198
3977.625,1366.875,3977.04296875,1365.950927734375,1.0665457677246157
3999.375,1373.625,3998.20703125,1374.0223388671875,1.1196143652180661
3980.625,1375.125,3981.07421875,1375.03125,0.5721654918004142
3589.875,1420.875,3590.04296875,1420.43310546875,0.4574360606423642
3799.125,1430.625,3800.67578125,1432.5401611328125,2.578481656096701
3589.875,1432.875,3588.02734375,1434.55810546875,2.477366843046692
4143.375,1445.625,4143.33203125,1445.65625,0.0766595505666266
4154.625,1445.625,4154.41796875,1446.6651611328125,1.0253469433512545
3991.875,1456.875,3992.16015625,1456.75439453125,0.41808932349342803
3759.375,1459.125,3758.34765625,1459.78125,1.162151641927688
4255.875,1465.125,4253.18359375,1466.84375,3.077888041098851
3842.625,1468.125,3841.99609375,1467.8526611328125,0.5453556939756743
3744.375,1468.875,3745.24609375,1469.87060546875,1.4709337183797462
3970.125,1468.875,3968.98046875,1467.8526611328125,1.4192064569339242
3889.125,1470.375,3889.36328125,1469.87060546875,0.5776857563240151
3714.375,1472.625,3716.01953125,1473.90625,2.2431565833155642
3729.375,1477.125,3727.10546875,1476.93310546875,2.144041471005478
3757.875,1478.625,3758.34765625,1477.94189453125,0.8445957928556915
4295.625,1478.625,4294.50390625,1479.9598388671875,1.6458510637929988
4283.625,1479.375,4283.41796875,1477.94189453125,1.4602209709778273
3745.125,1480.875,3744.23828125,1480.96875,0.7813401648323759
3855.375,1480.875,3855.09765625,1480.96875,0.22194354480017445
3841.875,1481.625,3841.99609375,1480.96875,0.6341210083334189
3889.125,1481.625,3889.36328125,1481.9776611328125,0.5525346990115576
3949.125,1485.375,3949.83203125,1485.00439453125,0.8921257244494872
3949.125,1496.625,3948.82421875,1497.111572265625,0.5725421649709984
3803.625,1498.125,3804.70703125,1499.12939453125,1.634047844115284
3957.375,1507.875,3956.88671875,1508.2098388671875,0.53716523910519
3968.625,1507.875,3968.98046875,1508.2098388671875,0.6266196802369495
4098.375,1508.625,4097.98046875,1509.21875,0.6827468534251528
4110.375,1509.375,4109.06640625,1509.21875,1.1873791690252284
3956.625,1519.875,3956.88671875,1519.30810546875,0.6311947768503984
3968.625,1519.875,3968.98046875,1519.30810546875,0.6951809180326066
4090.125,1528.875,4089.91796875,1529.3973388671875,0.577136616310614
4101.375,1528.875,4101.00390625,1529.3973388671875,0.6183261167424785
4079.625,1539.375,4078.83203125,1540.49560546875,1.3518852857774213
4090.125,1540.125,4089.91796875,1540.49560546875,0.43416624534264564
4101.375,1540.875,4101.00390625,1541.50439453125,0.7249885403184128
4339.125,1564.125,4339.85546875,1564.7098388671875,1.0532928416427514
4060.875,1570.875,4057.66796875,1569.75439453125,3.2403919247081876
4081.125,1572.375,4078.83203125,1571.7723388671875,2.2183460883744845
4069.125,1573.125,4069.76171875,1572.78125,0.8166895683390236
4084.125,1578.375,4083.87109375,1577.825927734375,0.47991936339412045
4338.375,1578.375,4336.83203125,1578.8348388671875,1.4904052822420082
4326.375,1581.375,4326.75390625,1580.8526611328125,0.709975699872172
4345.125,1589.625,4346.91015625,1588.924072265625,2.0338422058403856
4327.125,1591.875,4326.75390625,1591.950927734375,0.26117390157000175
4116.125,1122.375,4115.15234375,1121.57080078125,1.3649891102521312
4140.875,1129.125,4140.34765625,1129.6339111328125,0.5371090218079491
4145.375,1131.375,4145.38671875,1132.657470703125,1.0637272246294434
4126.625,1133.625,4125.23046875,1134.6732177734375,1.5608228291335018
4140.875,1138.125,4140.34765625,1141.7283935546875,3.416832173476187
4179.875,1139.625,4179.65234375,1140.720458984375,0.8838423936671329
4183.625,1141.875,4184.69140625,1141.7283935546875,1.1991606633247314
4158.125,1144.875,4158.48828125,1144.751953125,0.5541055153718702
4191.875,1144.875,4190.73828125,1144.751953125,1.117268983520386
4140.875,1148.625,4142.36328125,1150.7991943359375,2.5108759391206457
4176.875,1157.625,4178.64453125,1158.8621826171875,2.111712632211678
4219.625,1157.625,4219.96484375,1157.8543701171875,0.41592947283126896
4140.875,1163.625,4142.36328125,1163.901611328125,1.5679757145559683
4230.125,1163.625,4232.05859375,1164.909423828125,2.275000989731112
4128.875,1165.125,4131.27734375,1164.909423828125,2.5145241710419066
4276.625,1168.125,4276.40234375,1167.93310546875,0.4431523116348882
4180.625,1175.625,4181.66796875,1174.9881591796875,1.4002366807401274
4342.625,1186.875,4340.90234375,1186.0748291015625,1.9393466340141745
4179.125,1189.875,4178.64453125,1189.098388671875,1.04697492352994
4358.375,1190.625,4357.02734375,1190.1063232421875,1.4728608643295005
4404.875,1204.125,4403.38671875,1203.2086181640625,1.8161186437772958
4425.875,1210.125,4424.55078125,1210.2637939453125,1.246677841206965
4461.875,1219.875,4462.84765625,1220.342529296875,1.0803850568133158
4473.125,1222.875,4471.91796875,1223.3662109375,1.1539655754870062
4476.875,1224.375,4476.95703125,1224.3740234375,0.2861581316272882
4482.875,1225.875,4481.99609375,1226.3897705078125,0.8445590793679605
4486.625,1226.625,4487.03515625,1227.397705078125,0.7301846554346393
4497.125,1229.625,4495.09765625,1230.4212646484375,2.0240478611740578
4505.375,1232.625,4505.17578125,1233.44482421875,0.5971907167593694
4518.125,1235.625,4517.26953125,1235.460693359375,0.8690292921552747
4378.625,1238.625,4377.18359375,1238.4842529296875,1.398558974383163
4396.625,1242.375,4396.33203125,1241.5078125,1.0910523911093144
4495.625,1242.375,4497.11328125,1242.5157470703125,1.5753152791049707
4504.625,1247.625,4505.17578125,1247.55517578125,0.7007641493620814
4516.625,1248.375,4517.26953125,1246.5472412109375,2.179738158829281
4475.375,1249.875,4475.94921875,1249.57080078125,0.8407269337734434
4555.625,1256.625,4556.57421875,1257.6337890625,1.2959699533728044
4566.125,1256.625,4567.66015625,1257.6337890625,1.7978076255395734
4248.125,1258.125,4248.18359375,1259.649658203125,1.371189296911546
4260.125,1258.125,4260.27734375,1258.6417236328125,0.4277664919512908
4610.375,1261.125,4609.98828125,1260.657470703125,0.7670614867770755
4614.125,1262.625,4615.02734375,1262.6732177734375,1.0065900061379744
4618.625,1264.125,4620.06640625,1263.68115234375,1.6730025048717374
4622.375,1264.875,4625.10546875,1265.69677734375,2.8766851911279785
4632.125,1267.875,4630.14453125,1266.7047119140625,2.360248453085705
4637.375,1269.375,4639.21484375,1269.728271484375,1.930133176429982
4248.125,1270.125,4248.18359375,1269.728271484375,0.5705943319647467
4260.125,1270.125,4259.26953125,1269.728271484375,0.9430449598388537
4296.125,1271.625,4296.55859375,1269.728271484375,2.1257034565988167
4201.625,1273.125,4200.81640625,1273.7598876953125,0.869314840709405
4214.375,1273.125,4214.92578125,1273.7598876953125,0.8090043099030678
4653.125,1273.875,4654.33203125,1275.775634765625,2.106218350602906
4662.125,1276.125,4659.37109375,1275.775634765625,2.7306263558854895
4665.875,1276.875,4664.41015625,1276.783447265625,1.416557293651177
4675.625,1279.875,4676.50390625,1279.80712890625,1.0146654453184345
4191.875,1280.625,4190.73828125,1281.8228759765625,1.489245972744875
4679.375,1280.625,4681.54296875,1281.8228759765625,2.4507415560046586
4686.875,1282.875,4686.58203125,1283.838623046875,0.7515458794367396
4650.125,1285.125,4650.30078125,1286.8621826171875,1.529207399728341
4699.625,1288.125,4699.68359375,1286.8621826171875,1.509870785331293
4200.875,1289.625,4200.81640625,1289.8858642578125,0.1351851656421091
4212.875,1289.625,4212.91015625,1288.8779296875,0.8899450538386436
4498.625,1289.625,4500.13671875,1291.901611328125,2.6272032628466864
4710.125,1289.625,4711.77734375,1289.8858642578125,1.7413427340653016
4249.625,1290.375,4249.19140625,1292.909423828125,2.417516662842665
4716.125,1291.875,4716.81640625,1292.909423828125,1.113021956636787
4649.375,1294.125,4650.30078125,1294.9251708984375,1.167546821096278
4737.125,1297.125,4736.97265625,1296.94091796875,0.4307611775883585
4698.875,1300.125,4698.67578125,1298.9566650390625,1.4043809466017774
4683.125,1302.375,4684.56640625,1302.9881591796875,1.5803662949849964
4678.625,1303.125,4679.52734375,1302.9881591796875,1.0575515192268437
4635.125,1305.375,4636.19140625,1305.00390625,1.2980953885180626
4600.625,1306.875,4598.90234375,1308.027587890625,1.8848294804551011
4695.125,1306.875,4694.64453125,1306.0118408203125,1.1570900015953687
4701.875,1309.875,4702.70703125,1312.05908203125,2.165012338048387
4718.375,1309.875,4716.81640625,1311.0511474609375,1.7457407706940085
4530.125,1312.125,4528.35546875,1313.06689453125,1.8372906165806568
4756.625,1313.625,4754.10546875,1314.0748291015625,2.437218661393162
4635.125,1315.875,4635.18359375,1316.090576171875,0.15235811751842107
4663.625,1315.875,4663.40234375,1315.0826416015625,1.0145424435867787
4599.875,1318.125,4599.91015625,1316.090576171875,2.2367712425409274
4701.875,1318.125,4699.68359375,1318.1063232421875,2.1119516054629917
4562.375,1318.875,4560.60546875,1318.1063232421875,1.9296286506064833
4635.125,1319.625,4635.18359375,1321.1298828125,1.3085614229131628
4635.875,1323.375,4635.18359375,1326.1693115234375,2.6591711767708555
4701.875,1323.375,4703.71484375,1323.1456298828125,1.9845768093249039
4553.375,1324.875,4554.55859375,1328.18505859375,3.3776602851355357
4712.375,1324.875,4711.77734375,1325.161376953125,0.5082944190451829
4838.375,1325.625,4836.74609375,1325.161376953125,1.692149970762037
4851.125,1328.625,4850.85546875,1329.19287109375,0.3670375159123276
4740.125,1330.125,4741.00390625,1329.19287109375,1.5090548038281615
4769.375,1330.875,4767.20703125,1330.2008056640625,2.2612521943426613
4679.375,1332.375,4679.52734375,1332.216552734375,0.4410993339984573
4621.625,1333.875,4622.08203125,1334.2322998046875,0.5772060602963449
4714.625,1335.375,4714.80078125,1335.2401123046875,0.44045361313245596
4727.375,1335.375,4726.89453125,1334.2322998046875,1.41126771847656
4822.625,1336.875,4823.64453125,1337.255859375,1.1233590621716327
4728.125,1342.125,4727.90234375,1342.2952880859375,0.13278169523133848
4737.125,1348.875,4737.98046875,1349.350341796875,0.9892411173650638
4824.125,1348.875,4822.63671875,1349.350341796875,1.4142644713074162
4809.875,1349.625,4809.53515625,1350.3582763671875,0.5649487465453622
4851.875,1354.125,4848.83984375,1354.3897705078125,2.938983891480019
4618.625,1355.625,4620.06640625,1355.397705078125,1.5933057801295558
4634.375,1357.875,4634.17578125,1358.4212646484375,0.37948855684057287
4754.375,1364.625,4754.10546875,1363.460693359375,1.3765994949805875
4618.625,1368.375,4619.05859375,1369.5078125,1.1015710731520767
4632.125,1368.375,4634.17578125,1367.4921875,2.396835900632585
4752.125,1375.125,4752.08984375,1374.5472412109375,0.7748742819209008
4632.125,1378.125,4632.16015625,1378.5787353515625,0.3186433399427784
4582.625,1387.875,4583.78515625,1390.6732177734375,2.9353667673957395
4842.125,1388.625,4842.79296875,1390.6732177734375,1.9973238856301923
4632.875,1389.375,4634.17578125,1388.657470703125,1.6559921903695811
4752.125,1389.375,4751.08203125,1389.665283203125,0.9461948109252222
4630.625,1396.125,4630.14453125,1398.7362060546875,2.4854456259319218
4749.875,1396.125,4750.07421875,1394.7047119140625,1.6288208229534262
4572.125,1399.125,4571.69140625,1397.728271484375,1.5708378044774884
4749.875,1399.875,4750.07421875,1399.744140625,0.43271611807598204
4449.875,1402.875,4450.75390625,1403.775634765625,1.264353777910354
4637.375,1407.375,4636.19140625,1408.81494140625,1.6816643218625313
4826.375,1408.875,4825.66015625,1408.81494140625,0.6589448435724509
4841.375,1409.625,4841.78515625,1409.8228759765625,0.514651742142145
4826.375,1420.125,4824.65234375,1419.901611328125,1.6663387151504423
4780.625,1422.375,4780.30859375,1421.9173583984375,0.6613006395615941
4795.625,1422.375,4795.42578125,1421.9173583984375,0.6372610231370928
4365.875,1426.125,4367.10546875,1425.9488525390625,1.3667947461253394
4831.625,1426.875,4832.71484375,1426.9566650390625,1.2007336177232797
4843.625,1426.875,4844.80859375,1426.9566650390625,1.294254056778776
4636.625,1428.375,4635.18359375,1427.964599609375,1.4389235905778444
4812.875,1431.375,4813.56640625,1434.0118408203125,2.5924011360126245
4638.875,1432.125,4640.22265625,1433.00390625,1.6377689418369028
4155.125,1433.625,4154.45703125,1434.0118408203125,0.6588624109061036
4797.125,1433.625,4795.42578125,1435.019775390625,2.010188210971325
4143.125,1434.375,4142.36328125,1433.00390625,1.5366460458852957
4649.375,1435.125,4647.27734375,1434.0118408203125,2.3455266709349165
4779.875,1435.875,4780.30859375,1436.027587890625,0.5426138513593591
4370.375,1438.125,4372.14453125,1438.0433349609375,1.8899509692268235
4377.875,1438.125,4378.19140625,1438.0433349609375,0.4572058571705694
4383.125,1438.125,4384.23828125,1439.05126953125,1.4947872557203403
4339.625,1438.875,4340.90234375,1441.06689453125,2.543476602375329
4768.625,1440.375,4769.22265625,1440.05908203125,0.8499557767288168
4559.375,1441.875,4557.58203125,1444.090576171875,2.6948038443594324
4658.375,1441.875,4659.37109375,1442.0748291015625,1.1095754571236072
4665.875,1443.375,4664.41015625,1443.082763671875,1.4180548365234946
4776.125,1444.875,4776.27734375,1445.098388671875,0.2716624543816756
4155.125,1445.625,4154.45703125,1446.1063232421875,0.7186071874890295
4692.875,1453.875,4692.62890625,1453.161376953125,0.8541311484779648
4776.125,1454.625,4775.26953125,1456.18505859375,1.596346010687607
4242.125,1456.125,4241.12890625,1458.2008056640625,2.225386017145067
4769.375,1459.875,4768.21484375,1460.216552734375,1.0663427190573584
4402.625,1461.375,4400.36328125,1460.216552734375,2.46753892816329
4757.375,1461.375,4757.12890625,1461.224365234375,0.3188857342335789
4698.125,1462.125,4699.68359375,1461.224365234375,1.9621676146754359
4273.625,1462.875,4273.37890625,1464.248046875,1.3458461285107917
4712.375,1465.125,4712.78515625,1465.255859375,0.5241430855835321
4734.125,1466.625,4733.94921875,1466.2637939453125,0.4957020767299495
4283.375,1467.375,4285.47265625,1467.271728515625,2.22134680841617
4294.625,1467.375,4295.55078125,1468.279541015625,1.3597145817607093
4832.375,1469.625,4831.70703125,1473.31884765625,3.5870505146613803
4797.125,1470.375,4797.44140625,1468.279541015625,2.2782546582977665
4745.375,1475.625,4747.05078125,1475.334716796875,1.8388642483717235
4728.875,1476.375,4728.91015625,1478.3582763671875,1.866249595985134
4256.375,1478.625,4256.24609375,1479.3662109375,0.7220736969781244
4295.375,1478.625,4293.53515625,1481.3818359375,3.2253604480178772
4283.375,1479.375,4283.45703125,1478.3582763671875,1.0609231128891514
4672.625,1486.875,4673.48046875,1487.42919921875,1.0721211887999706
4815.875,1486.875,4817.59765625,1487.42919921875,1.8856354562004622
4742.375,1494.375,4742.01171875,1496.5,2.0256635024063034
4256.375,1497.375,4255.23828125,1498.5157470703125,1.5201418149826875
4727.375,1514.625,4727.90234375,1514.6417236328125,0.6532624141771145
4844.375,1516.125,4844.80859375,1516.657470703125,0.688790850373387
4379.375,1525.125,4379.19921875,1524.720458984375,0.4228534992527216
4707.875,1529.625,4707.74609375,1529.759765625,0.051337907636852045
4725.875,1531.875,4725.88671875,1531.775634765625,0.22949871142375244
4779.875,1536.375,4780.30859375,1535.80712890625,0.8657332505454732
4792.625,1536.375,4792.40234375,1535.80712890625,0.6729676679679203
4707.125,1539.375,4704.72265625,1537.82275390625,2.8005257081618047
4797.875,1540.875,4797.44140625,1539.838623046875,1.1739026511393484
4402.625,1542.375,4404.39453125,1541.854248046875,1.9709348721374236
4416.125,1548.375,4416.48828125,1547.901611328125,0.6890465598350276
4362.875,1549.875,4363.07421875,1550.9251708984375,1.104793624645958
4374.875,1549.875,4376.17578125,1548.909423828125,1.7253486286445237
4424.375,1549.875,4424.55078125,1551.93310546875,2.0717165824285924
4779.125,1550.625,4779.30078125,1550.9251708984375,0.369870256995435
4798.625,1552.125,4796.43359375,1552.94091796875,2.190287873540724
4427.375,1559.625,4427.57421875,1558.9881591796875,0.7202860281107324
4439.375,1560.375,4439.66796875,1559.99609375,0.5721892536755688
4764.125,1561.125,4764.18359375,1563.019775390625,1.828881480431971
4374.875,1561.875,4375.16796875,1559.99609375,1.9170347724924959
4402.625,1561.875,4403.38671875,1562.0118408203125,0.9042880348637302
4410.125,1561.875,4410.44140625,1562.0118408203125,0.46891985642456846
4780.625,1561.875,4780.30859375,1561.00390625,0.9682348033588986
4338.875,1564.125,4339.89453125,1564.027587890625,1.1549164672430978
4423.625,1566.375,4424.55078125,1567.05126953125,1.256518231085008
4787.375,1566.375,4787.36328125,1566.0433349609375,0.42471518838316824
4383.875,1567.125,4385.24609375,1565.035400390625,2.565439460911477
4428.125,1571.625,4428.58203125,1572.090576171875,0.7540775467491495
4383.125,1573.125,4383.23046875,1573.098388671875,0.2391999855207031
4338.875,1578.375,4336.87109375,1578.1378173828125,1.8808102262043045
4314.875,1580.625,4316.71484375,1580.153564453125,2.0228871367604193
4364.375,1580.625,4364.08203125,1581.161376953125,0.5823709499078705
4326.875,1581.375,4326.79296875,1581.161376953125,0.18859535321420318
4403.375,1581.375,4402.37890625,1581.161376953125,0.8840489925010633
4764.875,1581.375,4765.19140625,1581.161376953125,0.5247481424345475
4438.625,1582.875,4437.65234375,1583.17724609375,0.8945497737276323
4346.375,1588.875,4346.94921875,1589.224365234375,0.8069304306646761
4424.375,1590.375,4423.54296875,1590.2322998046875,0.7077821054918312
4314.875,1592.625,4314.69921875,1592.248046875,0.336514496837057
4361.375,1594.875,4361.05859375,1595.271728515625,0.466716361227811
4437.875,1596.375,4437.65234375,1594.2637939453125,2.094544188158133
4426.625,1597.125,4426.56640625,1598.2952880859375,1.1942031308528818
4448.375,1601.625,4448.73828125,1602.3267822265625,0.8777339687481653
4464.125,1603.125,4462.84765625,1601.31884765625,2.1216484793060757
4348.625,1606.875,4349.97265625,1606.3582763671875,1.5595223766414203
4367.375,1609.125,4367.10546875,1609.3818359375,0.3262487732809804
4447.625,1615.875,4447.73046875,1616.43701171875,0.6395736625367007
4488.875,1621.125,4488.04296875,1618.4527587890625,2.737827082712706
4465.625,1624.875,4465.87109375,1624.5,0.516955780705676
4476.875,1624.875,4476.95703125,1623.4921875,1.3722207717026862
4350.125,1629.375,4349.97265625,1628.531494140625,0.78452091639407
4271.375,1630.125,4269.34765625,1629.539306640625,1.9519181956443317
4365.875,1630.125,4366.09765625,1629.539306640625,0.6428706894192172
4303.625,1639.125,4301.59765625,1638.6102294921875,1.9340148298687352
4476.875,1639.125,4476.95703125,1639.6181640625,0.5763276884370043
4463.375,1640.625,4462.84765625,1639.6181640625,1.0390302615430782
4312.625,1642.125,4311.67578125,1641.6337890625,0.9060169046927781
4352.375,1644.375,4352.99609375,1643.649658203125,1.0084724487113765
4362.125,1646.625,4362.06640625,1646.6732177734375,0.14414347620344184
4351.625,1652.625,4350.98046875,1652.720458984375,0.5272646582294195
4361.375,1654.875,4360.05078125,1652.720458984375,2.391900783413029
4368.125,1657.125,4366.09765625,1656.751953125,1.9054113406752609
4471.625,1662.375,4471.91796875,1662.7991943359375,0.6487537907268144
4836.875,1662.375,4836.74609375,1661.791259765625,0.6087760419182746
4848.875,1663.125,4848.83984375,1663.80712890625,0.6635319688416944
4476.875,1672.875,4476.95703125,1672.8779296875,0.23711750944124294
4836.875,1675.125,4837.75390625,1674.8936767578125,1.0510579627369914
4848.875,1675.125,4848.83984375,1673.8857421875,1.2630033110831969
4491.125,1679.625,4493.08203125,1680.94091796875,2.5150210068922836
4505.375,1680.375,4506.18359375,1681.94873046875,1.891738915032241
4530.125,1684.125,4527.34765625,1682.9566650390625,2.8554458685268034
4763.375,1687.125,4764.18359375,1686.9881591796875,0.9624782293736914
4491.125,1692.375,4491.06640625,1692.027587890625,0.292148811158403
4505.375,1694.625,4505.17578125,1693.035400390625,1.5223683372729777
4764.125,1699.875,4765.19140625,1700.090576171875,1.2351184805020805
4775.375,1699.875,4775.26953125,1700.090576171875,0.2322137663718385
4533.125,1704.375,4531.37890625,1703.1142578125,1.9919605340380784
4626.125,1704.375,4626.11328125,1704.1220703125,0.24661005944064568
4639.625,1704.375,4639.21484375,1704.1220703125,0.3335535236752319
4557.875,1711.125,4558.58984375,1711.17724609375,0.8741402894911422
4561.625,1711.875,4563.62890625,1712.18505859375,2.1877900920697084
4566.875,1713.375,4568.66796875,1714.2008056640625,2.13942308670212
4740.875,1725.375,4741.00390625,1725.287353515625,0.2843002945301097
4752.875,1725.375,4753.09765625,1725.287353515625,0.3771371649220787
4611.125,1726.125,4608.98046875,1726.2952880859375,2.0059053944624847
4614.875,1726.875,4614.01953125,1726.2952880859375,0.8709346731015181
4625.375,1729.875,4624.09765625,1730.3267822265625,1.2375254916545833
4740.875,1736.625,4739.99609375,1735.3662109375,1.4150448284191575
4662.125,1740.375,4661.38671875,1739.397705078125,1.084242978575953
4667.375,1741.875,4666.42578125,1740.405517578125,1.6149587400304357
4749.875,1745.625,4749.06640625,1743.42919921875,2.245083977678152
4770.125,1747.125,4769.22265625,1748.468505859375,1.577477530245956
4688.375,1747.875,4687.58984375,1747.460693359375,0.7216199336473272
4797.875,1747.875,4797.44140625,1749.476318359375,1.6645081503709165
4811.375,1751.625,4810.54296875,1750.4842529296875,1.29383012928539
4742.375,1752.375,4742.01171875,1751.4921875,0.8542548033699876
4798.625,1762.875,4799.45703125,1761.57080078125,1.5970555847055108
4810.625,1762.875,4809.53515625,1763.586669921875,1.2033369815015216
4821.875,1762.875,4822.63671875,1762.5787353515625,0.9510127240352133
4833.875,1762.875,4833.72265625,1762.5787353515625,0.25484471182767837
4847.375,1772.625,4846.82421875,1772.657470703125,0.4019747554747583
4823.375,1775.625,4824.65234375,1776.68896484375,1.817401085337411
4848.875,1783.125,4848.83984375,1781.728271484375,1.3508862977766758
4429.375,1210.125,4430.38671875,1210.772216796875,1.1688161287073626
4445.875,1215.375,4448.04296875,1216.95751953125,2.623542400651567
4451.125,1216.875,4452.45703125,1216.95751953125,1.4216163786883798
4460.125,1219.125,4460.40234375,1218.724853515625,0.7279588910513303
4468.375,1221.375,4468.34765625,1221.375732421875,0.23895713237193603
4473.625,1222.875,4474.52734375,1224.026611328125,1.346226847069376
4477.375,1224.375,4478.94140625,1224.9102783203125,1.6762264891897893
4484.875,1225.875,4484.23828125,1225.7939453125,0.6374758880587331
4379.125,1228.125,4379.18359375,1227.5611572265625,0.7864720779125599
4396.375,1228.875,4396.83984375,1228.44482421875,0.8454054164511419
4505.125,1232.625,4505.42578125,1232.8629150390625,0.3840419932212192
4517.125,1235.625,4516.90234375,1235.5137939453125,0.3727380526624762
4475.875,1237.875,4475.41015625,1238.1646728515625,0.3860905068457724
4379.125,1239.375,4377.41796875,1238.1646728515625,2.1503094019418136
4496.125,1241.625,4496.59765625,1241.69921875,0.5776239050585441
4541.875,1241.625,4540.73828125,1241.69921875,1.0650054039033818
4396.375,1242.375,4395.95703125,1242.582763671875,0.33202373595842505
4382.125,1243.875,4382.71484375,1245.233642578125,1.341595317154771
4504.375,1247.625,4505.42578125,1247.8846435546875,1.1367366036551039
4489.375,1249.875,4488.65234375,1251.419189453125,1.4700012269020157
4475.125,1250.625,4475.41015625,1249.65185546875,1.245466876621573
4565.875,1256.625,4568.10546875,1256.720947265625,2.3203584689006718
4475.875,1258.875,4473.64453125,1259.371826171875,2.1621640629323915
4599.625,1258.875,4599.00390625,1258.4881591796875,0.8222067804972804
4610.125,1261.125,4612.24609375,1262.022705078125,2.3035855415636535
4615.375,1262.625,4616.66015625,1262.90625,1.372013972692848
4631.875,1267.875,4629.90234375,1267.324462890625,2.044287766123735
4648.375,1272.375,4650.20703125,1272.626220703125,1.9192447490892548
4665.625,1276.875,4665.21484375,1277.04443359375,0.33014012055448766
4675.375,1279.875,4675.80859375,1279.6953125,0.6693968911344558
4680.625,1281.375,4682.87109375,1282.34619140625,2.44596691326586
4649.875,1285.125,4650.20703125,1286.7642822265625,1.4698530729207617
4662.625,1285.125,4662.56640625,1285.880615234375,0.5227104602060643
4559.875,1290.375,4559.27734375,1289.4151611328125,1.2731343150815686
4715.875,1291.125,4717.30078125,1292.0660400390625,1.668576636048363
4698.625,1297.875,4698.76171875,1299.1351318359375,1.051656495005911
4664.125,1302.375,4663.44921875,1300.90234375,1.7934078098793953
4634.875,1305.375,4635.19921875,1306.2041015625,0.7422914775541689
4694.875,1306.125,4695.23046875,1306.2041015625,0.4707543316326279
4601.125,1306.875,4599.00390625,1307.971435546875,2.215152569760709
4775.875,1307.625,4775.56640625,1307.971435546875,0.24096767688527929
4657.375,1308.375,4657.26953125,1307.971435546875,0.6211463982326286
4718.125,1309.875,4717.30078125,1311.505859375,1.5811505148875353
4695.625,1312.125,4697.87890625,1313.273193359375,2.5219175786528325
4529.875,1312.875,4528.37890625,1313.273193359375,1.4175170785440563
4756.375,1313.625,4755.26171875,1314.15673828125,1.063619501502889
4727.875,1314.375,4726.12890625,1315.0404052734375,1.7105396446593226
4634.875,1315.875,4635.19921875,1316.8076171875,0.8367249116750185
4662.625,1315.875,4663.44921875,1315.0404052734375,1.393044528680339
4805.125,1315.875,4806.46484375,1316.8076171875,1.5881086626883159
4701.625,1318.125,4699.64453125,1317.6912841796875,1.9976202167026105
4819.375,1319.625,4817.05859375,1319.45849609375,2.2623428644599124
4823.125,1321.125,4821.47265625,1321.225830078125,1.566982909750631
4636.375,1321.875,4635.19921875,1321.225830078125,1.377453363225402
4616.875,1323.375,4614.89453125,1322.9930419921875,1.9730352139833833
4712.125,1324.875,4712.00390625,1324.7603759765625,0.33425697722651865
4839.625,1325.625,4838.24609375,1324.7603759765625,1.699336221235717
4586.125,1327.875,4583.99609375,1330.0621337890625,2.8503998111802678
4850.125,1328.625,4850.60546875,1329.178466796875,0.6504774944082861
4769.125,1330.875,4766.73828125,1330.94580078125,2.297963511102369
4859.125,1330.875,4860.31640625,1330.94580078125,1.2963313989410852
4867.375,1333.125,4866.49609375,1333.5966796875,0.8172678591714189
4688.125,1333.875,4688.16796875,1333.5966796875,0.5051043731724261
4622.125,1334.625,4622.83984375,1334.480224609375,0.8786166524114957
4727.875,1334.625,4727.01171875,1334.480224609375,0.8484897214458029
4634.875,1336.875,4636.08203125,1338.0147705078125,1.6105873526042849
4810.375,1336.875,4809.99609375,1336.24755859375,0.905287943994402
4876.375,1336.875,4876.20703125,1336.24755859375,0.8768970586283188
4873.375,1341.375,4870.91015625,1344.2001953125,3.505533166079017
4625.875,1345.875,4625.48828125,1345.9674072265625,0.3035694574754256
4871.875,1348.125,4870.91015625,1348.6182861328125,0.9062738699384358
4916.125,1348.125,4915.05078125,1346.85107421875,1.8095056556294449
4823.875,1348.875,4823.23828125,1348.6182861328125,0.7255689157476342
4922.875,1348.875,4923.87890625,1348.6182861328125,1.2092755561026585
4810.375,1349.625,4809.99609375,1349.501953125,0.44732034242601243
4893.625,1351.875,4893.86328125,1352.15283203125,0.3359407326261662
4754.125,1353.375,4754.37890625,1353.0364990234375,0.650555970499818
4852.375,1354.125,4849.72265625,1354.8037109375,2.5950879632323525
4941.625,1354.875,4939.76953125,1353.920166015625,2.132209816922802
4630.375,1355.625,4629.01953125,1355.6873779296875,1.2617212505470032
4946.125,1355.625,4944.18359375,1354.8037109375,2.1338818914184636
4871.125,1358.625,4870.91015625,1359.221923828125,0.384553746152439
4893.625,1360.875,4893.86328125,1360.9891357421875,0.3560261353821135
4965.625,1360.875,4964.48828125,1360.9891357421875,1.0495890601830702
4969.375,1361.625,4968.90234375,1361.872802734375,0.37664785191839584
4738.375,1362.375,4738.48828125,1361.872802734375,0.7332824168880977
4976.125,1363.875,4975.08203125,1363.6400146484375,1.0638344204062202
4619.125,1367.625,4619.30859375,1368.9417724609375,1.1812008913510723
4631.125,1367.625,4632.55078125,1368.05810546875,1.5487918448405862
4823.875,1369.125,4822.35546875,1369.825439453125,1.501688191605439
4872.625,1369.125,4874.44140625,1368.9417724609375,1.9575903172294364
4886.875,1369.125,4888.56640625,1368.9417724609375,1.8360335880406002
4632.625,1375.125,4633.43359375,1373.3599853515625,2.137177391630933
4742.125,1375.125,4742.01953125,1375.127197265625,0.19003966639543118
4752.625,1375.125,4751.73046875,1375.127197265625,0.8168769431561749
5018.875,1375.875,5018.33984375,1376.0108642578125,0.4527748604928425
4632.625,1378.875,4632.55078125,1377.778076171875,1.263223890563741
4948.375,1384.125,4945.94921875,1385.730712890625,2.7021102879794414
4633.375,1389.375,4633.43359375,1389.2652587890625,0.31438982102980656
4751.875,1389.375,4751.73046875,1390.14892578125,0.5904375157456274
5024.125,1392.375,5023.63671875,1393.683349609375,1.13487923612906
4814.125,1396.125,4812.64453125,1396.3343505859375,1.3777002980390394
4630.375,1399.875,4629.90234375,1398.9852294921875,1.104307379752919
4450.375,1402.875,4451.57421875,1404.2869873046875,1.844640558312486
4631.875,1405.125,4632.55078125,1406.9378662109375,1.8388468682639
4963.375,1406.625,4965.37109375,1406.9378662109375,2.1006958863947967
4637.125,1407.375,4636.96484375,1408.705078125,1.1829659827366457
4826.125,1408.875,4825.88671875,1408.705078125,0.3824028309571911
4859.125,1408.875,4861.19921875,1410.472412109375,2.590481223686494
4364.125,1410.375,4365.94140625,1410.472412109375,1.9268335497363815
4841.875,1410.375,4841.77734375,1410.472412109375,0.09360465780937814
5018.125,1414.125,5017.45703125,1415.774169921875,1.530741523869839
4754.875,1416.375,4755.26171875,1414.8905029296875,1.7245001154671964
4826.125,1420.125,4825.88671875,1420.1922607421875,0.17433166354957347
4780.375,1422.375,4780.86328125,1421.9595947265625,0.8346226369608122
4795.375,1422.375,4795.87109375,1421.9595947265625,0.8423493244099631
4636.375,1423.125,4636.08203125,1422.8431396484375,0.45831493456050265
4365.625,1426.125,4365.94140625,1427.2613525390625,1.1427603062762266
4943.125,1426.125,4943.30078125,1428.14501953125,1.8392446009600056
4832.125,1426.875,4832.06640625,1427.2613525390625,0.21404506970876838
4844.125,1426.875,4844.42578125,1426.377685546875,0.7909326822293056
4813.375,1431.375,4813.52734375,1434.330322265625,2.796605457087951
4638.625,1432.125,4639.61328125,1432.5631103515625,1.1401640989002395
4796.875,1433.625,4794.98828125,1434.330322265625,1.8583300522195734
4780.375,1435.125,4779.98046875,1436.09765625,0.8602350093662436
4377.625,1437.375,4378.30078125,1437.8648681640625,0.8933968745568188
4370.875,1438.125,4371.23828125,1437.8648681640625,0.5808432700453752
4382.875,1438.125,4384.48046875,1438.74853515625,1.8055617889371818
4339.375,1438.875,4341.22265625,1440.5157470703125,2.5179225335463546
4658.875,1441.875,4657.26953125,1441.3994140625,1.6124088039634528
4814.125,1442.625,4813.52734375,1444.05029296875,1.3527777614574557
4662.625,1443.375,4661.68359375,1443.1666259765625,0.8963861750405686
4666.375,1443.375,4666.09765625,1444.05029296875,0.5688964098486151
4370.875,1450.125,4370.35546875,1450.235595703125,0.4063658896012363
5007.625,1450.125,5007.74609375,1451.119384765625,0.8261293198869114
4692.625,1453.125,4691.69921875,1452.8865966796875,0.893019251089904
4775.875,1454.625,4774.68359375,1456.421142578125,1.970720495489218
5005.375,1456.875,5005.98046875,1456.421142578125,0.9658334243181684
4764.625,1459.875,4764.08984375,1459.95556640625,0.42696692820604454
4928.875,1459.875,4927.41015625,1459.95556640625,1.3577209410872961
5003.875,1460.625,5005.09765625,1460.8392333984375,1.3325848900025103
4402.375,1461.375,4401.25390625,1460.8392333984375,1.1684194976662936
4757.125,1461.375,4757.02734375,1460.8392333984375,0.6749793415448689
4274.875,1463.625,4273.24609375,1463.4901123046875,1.5190995096909665
4950.625,1464.375,4951.24609375,1465.25732421875,1.0151327623109923
4745.875,1465.125,4746.43359375,1464.373779296875,1.1116085435445051
4885.375,1465.875,4884.15234375,1467.908203125,2.1743734838256583
4294.375,1466.625,4295.31640625,1467.908203125,1.6378223478987568
5002.375,1468.125,5002.44921875,1467.024658203125,1.301378709262212
4820.125,1471.125,4821.47265625,1469.675537109375,2.163691176728326
4955.125,1471.875,4953.89453125,1471.44287109375,1.2727093779143666
5001.625,1471.875,5001.56640625,1471.44287109375,0.6195789145251576
4936.375,1474.875,4936.23828125,1474.977294921875,0.07100287710629669
4947.625,1475.625,4947.71484375,1474.977294921875,0.8433951615007694
4295.125,1478.625,4294.43359375,1480.279052734375,1.723592330132549
4283.125,1479.375,4282.95703125,1478.5118408203125,0.8888727905518742
4904.125,1480.125,4901.80859375,1480.279052734375,2.2026398750694947
4357.375,1483.125,4359.76171875,1482.929931640625,2.518431519189283
4954.375,1484.625,4954.77734375,1484.697265625,0.5246961112038871
4966.375,1484.625,4966.25390625,1484.697265625,0.097235459740318
4989.625,1485.375,4989.20703125,1485.580810546875,0.30617419214777725
4673.125,1486.875,4673.16015625,1488.231689453125,1.2618119052821168
4936.375,1486.875,4936.23828125,1486.4644775390625,0.5721996110372224
4879.375,1491.375,4880.62109375,1490.882568359375,1.5039789633299636
4916.125,1492.125,4915.93359375,1491.7662353515625,0.5177979404111706
4742.125,1494.375,4742.01953125,1497.068115234375,2.5789317551142568
4934.125,1495.875,4936.23828125,1495.30078125,2.3451514365354624
4893.625,1497.375,4893.86328125,1497.068115234375,0.5745173524656858
4674.625,1500.375,4675.80859375,1499.718994140625,1.5043224044487087
4992.625,1503.375,4992.73828125,1502.369873046875,1.1900751686915523
4919.125,1505.625,4919.46484375,1504.1370849609375,1.6959121869977618
4961.125,1507.125,4962.72265625,1506.7879638671875,1.7833466289632678
4965.625,1507.125,4967.13671875,1506.7879638671875,1.7011153384211357
4976.875,1507.125,4975.96484375,1506.7879638671875,0.934537117025073
4898.125,1507.875,4898.27734375,1509.4388427734375,1.4500170418618201
4919.125,1509.375,4919.46484375,1510.322509765625,0.9257372488574903
4978.375,1510.875,4977.73046875,1511.2060546875,0.5559936251272137
4880.875,1511.625,4880.62109375,1512.973388671875,1.222878469066027
4892.125,1512.375,4892.09765625,1512.0897216796875,0.4300300514065724
4706.875,1513.875,4707.58984375,1513.85693359375,0.8433136082921865
4727.875,1514.625,4727.89453125,1514.7406005859375,0.14150967120059033
4756.375,1516.125,4756.14453125,1513.85693359375,2.37368743553968
4844.125,1516.875,4845.30859375,1517.3914794921875,1.3618570496259286
4379.125,1525.125,4379.18359375,1524.46044921875,0.7047216383312646
4962.625,1525.875,4962.72265625,1525.34423828125,0.7064331192537551
4771.375,1526.625,4772.91796875,1527.1114501953125,1.7093972729536613
4973.875,1527.375,4974.19921875,1527.1114501953125,0.6018639373149173
4917.625,1528.125,4917.69921875,1527.9951171875,0.3248857895208249
4707.625,1529.625,4708.47265625,1529.7623291015625,0.97239616963866
4897.375,1531.125,4896.51171875,1532.4132080078125,1.3807540957273727
4725.625,1531.875,4726.12890625,1531.529541015625,0.7613949618266763
4741.375,1535.625,4739.37109375,1534.180419921875,2.425107194979733
4780.375,1535.625,4780.86328125,1535.94775390625,0.6523568802869334
4793.125,1536.375,4791.45703125,1535.94775390625,1.6315832457208774
4722.625,1539.375,4722.59765625,1541.24951171875,1.7965754522407913
4798.375,1540.875,4797.63671875,1540.3658447265625,0.8624748296483745
4416.625,1548.375,4416.26171875,1548.318603515625,0.24257083833242468
4363.375,1549.875,4363.29296875,1550.969482421875,1.0997497808722303
4374.625,1549.875,4375.65234375,1549.2021484375,1.33803579379468
4392.625,1550.625,4392.42578125,1553.620361328125,2.9945106614352
4778.875,1550.625,4779.09765625,1550.085693359375,0.7151249822037447
4798.375,1552.125,4796.75390625,1552.7366943359375,1.5845399618767921
4898.875,1552.875,4900.04296875,1552.7366943359375,1.3158461943681292
4909.375,1552.875,4908.87109375,1552.7366943359375,0.45498388720201993
4424.875,1553.625,4425.08984375,1551.85302734375,1.8118026478175253
4964.875,1553.625,4964.48828125,1553.620361328125,0.2928338840309204
4965.625,1557.375,4967.13671875,1558.0384521484375,1.7232337982780173
4772.125,1558.875,4772.03515625,1558.922119140625,0.048403394813293595
4427.125,1559.625,4427.73828125,1558.922119140625,1.0259367220350817
4439.875,1560.375,4440.09765625,1559.8056640625,0.6748974774380281
4402.375,1561.125,4403.01953125,1561.572998046875,0.8976191303045341
4763.875,1561.125,4764.08984375,1562.45654296875,1.301954412968989
4913.875,1561.125,4914.16796875,1561.572998046875,0.5390955265193392
4363.375,1561.875,4363.29296875,1560.6893310546875,1.1746859062662511
4375.375,1561.875,4374.76953125,1559.8056640625,2.1136149769213293
4409.875,1561.875,4410.08203125,1561.572998046875,0.45236807671899393
4338.625,1564.125,4340.33984375,1563.3402099609375,2.000017032874232
4881.625,1564.875,4881.50390625,1564.223876953125,0.7495112758111229
4966.375,1564.875,4967.13671875,1565.107421875,0.8943666162535703
4383.625,1566.375,4385.36328125,1565.9910888671875,1.9076478096295992
4787.125,1566.375,4787.04296875,1565.9910888671875,0.4630513344674368
4416.625,1567.125,4418.91015625,1566.874755859375,2.429858972800966
4424.125,1570.125,4424.20703125,1571.29296875,1.1917122664936939
4439.875,1571.625,4439.21484375,1573.06005859375,1.5306982913532337
4352.875,1576.125,4353.58203125,1575.7109375,0.9274637461999918
4919.875,1576.125,4920.34765625,1575.7109375,0.7896309851838207
4787.125,1576.875,4787.04296875,1575.7109375,1.2349909471928857
4338.625,1578.375,4335.92578125,1579.24560546875,2.7174168404503787
4314.625,1580.625,4316.50390625,1581.0128173828125,2.0581469301697592
4688.125,1580.625,4687.28515625,1583.6636962890625,3.07543533191308
4877.125,1580.625,4875.32421875,1582.780029296875,2.659497069202641
4364.875,1581.375,4364.17578125,1581.0128173828125,0.6576847314288639
4401.625,1581.375,4401.25390625,1581.0128173828125,0.41894263795617703
4764.625,1581.375,4764.97265625,1581.0128173828125,0.6389319974695643
4392.625,1582.125,4392.42578125,1581.896484375,0.2192974204902867
4414.375,1582.125,4413.61328125,1581.896484375,0.6629454906488362
4782.625,1582.875,4780.86328125,1584.54736328125,2.290375205010256
4346.125,1588.875,4346.51953125,1588.9654541015625,0.5449637557555539
4889.875,1589.625,4890.33203125,1590.732666015625,1.1798679108655719
4901.875,1590.375,4901.80859375,1589.84912109375,0.6152208799868765
4964.125,1591.875,4963.60546875,1591.6163330078125,0.5292820590760868
4314.625,1592.625,4314.73828125,1591.6163330078125,0.9978604206855216
4735.375,1593.375,4736.72265625,1593.383544921875,1.480224187562653
4942.375,1597.875,4942.41796875,1597.8017578125,0.2379259045536199
4901.875,1601.625,4902.69140625,1601.336181640625,1.016377380399007
4448.125,1602.375,4448.04296875,1602.219970703125,0.14559118279114597
4889.875,1602.375,4890.33203125,1602.219970703125,0.6320647756146432
4464.625,1603.125,4463.93359375,1602.219970703125,1.046961035160337
4942.375,1606.125,4944.18359375,1605.75439453125,1.9926119937111608
4348.375,1606.875,4349.16796875,1605.75439453125,1.4232170704060556
4961.875,1608.375,4961.83984375,1608.4052734375,0.11190020158750844
4367.125,1609.125,4367.70703125,1609.2889404296875,0.7497101343220496
4496.125,1609.875,4496.59765625,1608.4052734375,1.5777659667970085
4627.375,1609.875,4626.37109375,1612.823486328125,3.0603968120078253
4927.375,1611.375,4924.76171875,1611.9398193359375,2.5283455781154296
4447.375,1616.625,4448.04296875,1615.474365234375,1.3811872244154157
4959.625,1616.625,4960.07421875,1618.125244140625,1.5334643912836459
4348.375,1617.375,4348.28515625,1615.474365234375,1.8497323420998064
4343.875,1618.875,4343.87109375,1618.125244140625,0.7094805786391802
4489.375,1621.125,4487.76953125,1619.0087890625,2.5553966417804617
4358.875,1622.625,4356.23046875,1622.54345703125,2.503862017610798
4453.375,1624.875,4453.33984375,1624.310546875,0.5409872480555477
4465.375,1624.875,4465.69921875,1624.310546875,0.7069701087031351
4476.625,1624.875,4476.29296875,1625.1943359375,0.3976190891406717
4343.875,1628.625,4343.87109375,1627.84521484375,0.7329684446299983
4366.375,1630.125,4366.82421875,1630.49609375,0.7292113996657669
4276.375,1631.625,4274.12890625,1631.379638671875,2.1097285247260613
4280.125,1633.125,4279.42578125,1633.14697265625,0.5646041356912329
4455.625,1633.125,4455.98828125,1631.379638671875,1.7797166159121123
4851.625,1633.125,4851.48828125,1635.7978515625,2.6256074973020986
4283.875,1633.875,4283.83984375,1634.030517578125,0.2558849021040865
4730.875,1633.875,4733.19140625,1634.9141845703125,2.6572834029475496
4304.125,1639.125,4303.26171875,1639.332275390625,0.7729592516241618
4477.375,1639.125,4477.17578125,1639.332275390625,0.2517580983430096
4463.875,1639.875,4463.05078125,1640.2159423828125,0.7819659894929284
4580.875,1640.625,4581.34765625,1640.2159423828125,0.7282857349359892
4312.375,1642.125,4312.08984375,1641.983154296875,0.1557624032144051
4892.125,1642.125,4892.09765625,1640.2159423828125,1.9622718168704165
4352.125,1643.625,4351.81640625,1644.634033203125,1.0894870184167158
4322.875,1645.125,4321.80078125,1644.634033203125,1.0184290866218066
4361.875,1646.625,4362.41015625,1647.284912109375,0.9955455014652901
4919.125,1646.625,4918.58203125,1647.284912109375,0.7298983802217226
4934.125,1646.625,4934.47265625,1648.168701171875,1.5644332744674925
4597.375,1647.375,4595.47265625,1648.168701171875,1.9386316617034673
4352.875,1652.625,4350.93359375,1652.5867919921875,1.7965550954593041
4361.875,1654.875,4358.87890625,1654.35400390625,2.8856408477979234
4367.125,1656.375,4367.70703125,1657.0048828125,1.0116651728158539
4915.375,1657.125,4915.93359375,1656.121337890625,1.2597876879119916
4946.875,1660.125,4946.83203125,1659.65576171875,0.5282871432681903
4836.625,1662.375,4837.36328125,1662.306640625,0.883886793619395
4848.625,1663.125,4848.83984375,1663.1903076171875,0.3575397415382961
4914.625,1667.625,4915.05078125,1668.4920654296875,1.0036992536293734
4921.375,1670.625,4922.99609375,1671.14306640625,1.8261819109961432
4929.625,1671.375,4931.82421875,1671.14306640625,2.3556932112339632
4943.125,1671.375,4943.30078125,1671.14306640625,0.4185896233264087
4836.625,1674.375,4837.36328125,1674.677490234375,0.925784990104442
4849.375,1675.125,4848.83984375,1673.7939453125,1.4063253741164499
4488.625,1678.125,4488.65234375,1679.095703125,1.0462562720658721
4492.375,1680.375,4493.06640625,1680.8629150390625,1.002804379677135
4505.125,1680.375,4505.42578125,1679.979248046875,0.5606515354005585
4517.875,1681.875,4518.66796875,1679.979248046875,2.065243915176923
4940.875,1681.875,4940.65234375,1684.3974609375,2.489036462533494
4904.875,1684.875,4905.33984375,1686.1646728515625,1.4032288185499198
4916.875,1684.875,4917.69921875,1684.3974609375,1.09108556620333
4490.875,1692.375,4491.30078125,1692.35009765625,0.5767251189863636
4930.375,1693.125,4930.05859375,1694.1173095703125,0.9824744014439037
4517.875,1693.875,4518.66796875,1692.35009765625,1.7375912271943765
4505.875,1694.625,4505.42578125,1693.233642578125,1.356967942413959
4874.125,1694.625,4874.44140625,1695.0009765625,0.5876058123183648
4917.625,1694.625,4915.93359375,1696.768310546875,2.6260746513663893
4712.125,1695.375,4711.12109375,1695.0009765625,0.9258221567852595
4847.875,1695.375,4846.19140625,1693.233642578125,2.6413001254244857
4936.375,1696.875,4936.23828125,1697.65185546875,0.7529517903963543
4646.875,1697.625,4644.91015625,1697.65185546875,1.8180071870040964
4901.125,1697.625,4898.27734375,1697.65185546875,2.702749135667255
4904.875,1697.625,4903.57421875,1696.768310546875,1.448713642762906
4775.875,1699.875,4774.68359375,1700.302734375,1.13372181172405
4520.875,1700.625,4522.19921875,1701.186279296875,1.6031593258405483
4529.875,1702.875,4526.61328125,1702.070068359375,3.197541581540772
4534.375,1704.375,4532.79296875,1703.8372802734375,1.5066928464045863
4625.875,1704.375,4625.48828125,1704.720947265625,0.4602277545081803
4640.125,1704.375,4639.61328125,1704.720947265625,0.5333832463926986
4538.125,1705.125,4537.20703125,1704.720947265625,0.8379437500198773
4934.125,1707.375,4932.70703125,1709.1390380859375,2.1614070560407384
4873.375,1708.125,4874.44140625,1708.25537109375,1.2198537353565562
4908.625,1708.125,4908.87109375,1708.25537109375,0.4103130571438974
4883.125,1712.625,4883.26953125,1712.673583984375,0.29550678269872876
4931.875,1713.375,4930.05859375,1714.4407958984375,1.9742516501303375
4897.375,1714.875,4897.39453125,1715.324462890625,0.47599347549148185
4626.625,1716.375,4626.37109375,1715.324462890625,0.9998741453367173
4640.125,1717.125,4642.26171875,1716.2080078125,2.445162170803574
4931.125,1717.125,4930.94140625,1718.85888671875,1.7247025432800398
4586.875,1718.625,4587.52734375,1718.85888671875,0.8582470836812024
4597.375,1721.625,4597.23828125,1722.3935546875,0.8344468347672527
4894.375,1721.625,4892.98046875,1722.3935546875,1.46474398109072
4883.125,1722.375,4883.26953125,1721.509765625,0.9095210180151274
4928.875,1724.625,4929.17578125,1723.277099609375,1.4247511813405125
4608.625,1725.375,4606.94921875,1725.04443359375,1.5461456283089972
4741.375,1725.375,4741.13671875,1725.04443359375,0.3063307405923964
4753.375,1725.375,4753.49609375,1725.04443359375,0.40200327058701624
4899.625,1726.875,4900.04296875,1726.8115234375,0.5702501394306498
4909.375,1728.375,4908.87109375,1728.578857421875,0.4103441403323462
4928.125,1729.125,4928.29296875,1727.6953125,1.4654694209811503
4920.625,1729.875,4920.34765625,1729.4625244140625,0.4308904425508992
4890.625,1732.125,4889.44921875,1733.880615234375,2.041124873945034
4844.125,1733.625,4841.77734375,1732.1134033203125,2.6553471014244585
4847.875,1733.625,4848.83984375,1734.7642822265625,1.6083427329253719
4641.625,1734.375,4639.61328125,1732.9970703125,2.275654280812084
4865.875,1735.125,4865.61328125,1734.7642822265625,0.36180995566037877
4877.875,1735.125,4877.97265625,1735.64794921875,0.5913272585682247
4645.375,1735.875,4644.02734375,1734.7642822265625,1.5875044026082505
4740.625,1736.625,4741.13671875,1735.64794921875,1.1449083515089027
4651.375,1737.375,4650.20703125,1736.531494140625,1.2790214045819843
4907.875,1741.125,4907.98828125,1740.0660400390625,1.080625141851063
4922.875,1741.125,4922.99609375,1740.94970703125,0.3193577040416519
4667.125,1741.875,4668.74609375,1741.833251953125,1.775356900642321
4675.375,1744.125,4673.16015625,1743.6005859375,2.111409041972087
4749.625,1745.625,4749.08203125,1745.3677978515625,0.44176315452958376
4760.875,1745.625,4759.67578125,1746.25146484375,1.2432572430709854
4769.875,1747.125,4769.38671875,1748.018798828125,0.9966804129351863
4688.125,1747.875,4687.28515625,1747.135009765625,0.9630080718124404
4694.125,1748.625,4691.69921875,1748.018798828125,2.3352149376570557
4865.875,1748.625,4865.61328125,1748.90234375,0.3215806312201764
4877.875,1749.375,4877.08984375,1748.90234375,0.7760371380377434
4697.875,1750.125,4696.11328125,1749.785888671875,1.6304096072246892
4811.125,1750.875,4810.87890625,1750.669677734375,0.19070360826609586
4731.625,1751.625,4732.30859375,1751.55322265625,0.8384685473026062
4798.375,1751.625,4797.63671875,1749.785888671875,1.8899452660597886
4742.875,1752.375,4742.90234375,1751.55322265625,0.7887691024742813
4908.625,1753.125,4908.87109375,1754.2041015625,1.168160487172801
4920.625,1753.875,4921.23046875,1754.2041015625,0.8333581113340864
4885.375,1756.125,4885.03515625,1758.622314453125,2.530040484040456
4798.375,1762.875,4799.40234375,1762.15673828125,1.3590103311540909
4811.125,1762.875,4809.99609375,1763.924072265625,1.4655260748564352
4822.375,1762.875,4823.23828125,1763.0404052734375,1.039800920529817
4834.375,1762.875,4833.83203125,1763.0404052734375,0.43953741588656103
4743.625,1763.625,4743.78515625,1763.0404052734375,0.61137375534783
4907.125,1763.625,4906.22265625,1763.924072265625,0.8156395131018508
4894.375,1764.375,4893.86328125,1764.8076171875,0.5838867077003272
4903.375,1764.375,4901.80859375,1763.924072265625,1.4741214188188723
4916.875,1765.875,4916.81640625,1763.924072265625,1.9279172520531862
4776.625,1772.625,4773.80078125,1771.876708984375,2.7543610235405183
4847.875,1772.625,4847.07421875,1772.76025390625,0.6691405038434961
4834.375,1774.125,4833.83203125,1773.64404296875,0.5797164327230097
4823.125,1775.625,4825.00390625,1777.178466796875,2.5928650044804384
4894.375,1775.625,4893.86328125,1777.178466796875,1.629382648296584
4879.375,1776.375,4876.20703125,1775.4111328125,3.1499146498789177
4910.875,1778.625,4912.40234375,1777.178466796875,2.197117041004077
4806.625,1780.125,4803.81640625,1779.829345703125,2.661279538468397
4862.875,1780.875,4862.96484375,1780.7130126953125,0.2726293189819248
4898.125,1780.875,4896.51171875,1782.480224609375,2.196695868503302
4812.625,1783.125,4812.64453125,1782.480224609375,0.61188844897114
4830.625,1787.625,4832.94921875,1786.8984375,2.5712421354483097
4895.125,1794.375,4894.74609375,1793.9674072265625,0.4209468545788763
4861.375,1796.625,4862.08203125,1796.618408203125,0.868109382058042
4895.875,1798.125,4895.62890625,1798.385498046875,0.3233788532744369
4901.125,1800.375,4901.80859375,1801.036376953125,1.1040997772822723
4895.875,1802.625,4896.51171875,1802.8037109375,0.8300205757264428
