source_x,source_y,reference_x,reference_y,confidence
78.01905,58.51429,91.324974,42.964775,0.6585289
97.52381,58.51429,111.458855,42.2691,0.3895487
234.05716,58.51429,247.24199,43.53601,0.39460057
253.56192,58.51429,265.81647,43.148952,0.54458463
429.10477,58.51429,441.71817,44.164696,0.37792516
448.60953,58.51429,460.46,43.154392,0.832054
468.11432,58.51429,481.04166,43.80128,0.89592063
487.61908,58.51429,500.52133,43.519665,0.96552396
507.12384,58.51429,519.5132,43.89128,0.8859443
526.6286,58.51429,537.9704,44.318867,0.8313116
546.13336,58.51429,558.48724,44.10557,0.81821376
565.6381,58.51429,576.6773,44.16189,0.9291069
585.1429,58.51429,597.7364,43.601147,0.92463917
604.64764,58.51429,616.9084,43.970604,0.57537884
702.17145,58.51429,713.3262,44.434174,0.7830886
721.6762,58.51429,734.80963,43.882217,0.7050282
741.18097,58.51429,754.29224,44.6333,0.9803231
760.6857,58.51429,772.66187,44.199745,0.82094175
819.2,58.51429,830.52545,44.926792,0.8658818
838.7048,58.51429,851.62695,44.159317,0.65685034
877.7143,58.51429,890.86914,45.2567,0.9883148
916.7238,58.51429,928.6744,44.573696,0.9759525
936.22864,58.51429,948.16785,44.92571,0.80894345
955.7334,58.51429,967.3308,45.46122,0.7018039
975.23816,58.51429,987.5369,44.55853,0.7678711
994.7429,58.51429,1007.35333,45.011642,0.51287985
1014.2477,58.51429,1027.1818,45.44513,0.5232021
1053.2572,58.51429,1065.2072,45.973927,0.6298967
1072.762,58.51429,1085.1909,45.544476,0.9011348
1092.2667,58.51429,1104.751,45.046543,0.9476798
1111.7715,58.51429,1123.9846,45.880135,0.753183
1150.781,58.51429,1162.6997,45.365654,0.957058
1170.2858,58.51429,1182.3457,45.47866,0.7404242
1209.2953,58.51429,1221.8079,45.740063,0.98802835
1228.8,58.51429,1240.3922,46.13678,0.83012587
1267.8096,58.51429,1281.1921,45.436523,0.7902711
1482.3619,58.51429,1493.2761,47.368874,0.62214303
1638.4,58.51429,1651.1655,46.938675,0.966075
58.51429,78.01905,70.44905,62.614326,0.27540997
78.01905,78.01905,90.814705,61.61143,0.67273283
97.52381,78.01905,109.367004,62.696594,0.5033293
214.55238,78.01905,226.84346,63.003155,0.4077849
234.05716,78.01905,244.95824,63.099007,0.53373694
253.56192,78.01905,265.16602,62.8565,0.40975225
370.59048,78.01905,384.73514,63.955612,0.2584962
429.10477,78.01905,441.25858,63.154816,0.8442786
448.60953,78.01905,461.09076,63.439503,0.8482753
468.11432,78.01905,480.69797,63.240917,0.9373468
487.61908,78.01905,500.24582,63.495255,0.96486217
507.12384,78.01905,519.21716,62.94539,0.9832846
526.6286,78.01905,538.23096,63.080364,0.87404084
546.13336,78.01905,557.34406,63.777313,0.937935
565.6381,78.01905,577.8592,63.168877,0.9085575
585.1429,78.01905,599.0231,63.45328,0.8142084
604.64764,78.01905,616.8071,63.626133,0.5346735
682.6667,78.01905,694.62305,63.530186,0.54941285
702.17145,78.01905,714.2457,63.679672,0.6812974
721.6762,78.01905,733.5115,63.49991,0.94068706
741.18097,78.01905,753.21545,64.21335,0.9140173
760.6857,78.01905,773.3648,63.803764,0.86094916
819.2,78.01905,830.70184,63.987854,0.71174806
838.7048,78.01905,851.33655,63.939884,0.7337463
858.20953,78.01905,870.58655,63.826515,0.9718829
877.7143,78.01905,890.7411,64.18226,0.9915876
916.7238,78.01905,928.573,64.744835,0.9472179
936.22864,78.01905,948.6908,64.53612,0.90499073
955.7334,78.01905,967.85913,64.356575,0.7675826
1014.2477,78.01905,1026.1455,65.05841,0.8770193
1053.2572,78.01905,1064.611,64.85245,0.9089649
1092.2667,78.01905,1105.5563,64.69066,0.9669602
1150.781,78.01905,1163.839,64.84068,0.89802545
1228.8,78.01905,1240.1205,65.32342,0.8541158
1326.3239,78.01905,1339.269,65.43347,0.8143039
1345.8286,78.01905,1358.2096,66.041306,0.5596533
1423.8477,78.01905,1438.5984,66.686676,0.77292496
1443.3524,78.01905,1455.106,66.14719,0.67972875
1462.8572,78.01905,1476.3971,66.35508,0.9291825
1482.3619,78.01905,1495.0441,65.60266,0.7766094
58.51429,97.52381,70.73407,82.24316,0.40691465
78.01905,97.52381,91.32407,82.40509,0.44499794
97.52381,97.52381,109.63608,82.57518,0.6637745
117.02858,97.52381,129.08151,82.492775,0.65582633
136.53334,97.52381,148.34886,82.45178,0.47853625
175.54286,97.52381,188.21663,81.7448,0.38586634
195.04762,97.52381,207.28247,81.908966,0.37364677
214.55238,97.52381,226.55382,82.431274,0.7613893
351.08572,97.52381,362.84515,82.814514,0.46676514
370.59048,97.52381,383.0155,82.92356,0.46913534
390.09525,97.52381,402.94626,82.48542,0.27477473
409.6,97.52381,421.38205,82.6317,0.4626601
429.10477,97.52381,441.53323,82.632576,0.68713015
448.60953,97.52381,460.8505,83.24025,0.9212506
468.11432,97.52381,480.6016,82.79877,0.981184
487.61908,97.52381,500.14417,82.359375,0.9968418
507.12384,97.52381,519.58044,82.48917,0.98953515
526.6286,97.52381,540.40405,82.54815,0.9481634
546.13336,97.52381,558.7007,82.98827,0.8448326
565.6381,97.52381,578.45306,83.85244,0.8930034
585.1429,97.52381,598.8334,83.02148,0.84909827
604.64764,97.52381,617.5859,82.88909,0.81802344
624.1524,97.52381,637.1233,83.13096,0.46844825
702.17145,97.52381,713.6735,83.28952,0.60014194
721.6762,97.52381,733.7307,83.215965,0.8849326
741.18097,97.52381,753.08636,83.3279,0.90976477
760.6857,97.52381,773.7492,83.088425,0.8596023
819.2,97.52381,831.32153,83.81424,0.6422634
838.7048,97.52381,850.9497,84.302025,0.86752796
858.20953,97.52381,870.9843,83.92454,0.93225455
897.21906,97.52381,911.097,83.38399,0.95977527
916.7238,97.52381,929.01544,83.73916,0.9731812
936.22864,97.52381,948.00165,83.85159,0.8817292
994.7429,97.52381,1007.28925,84.487625,0.9604214
1111.7715,97.52381,1124.4528,85.05604,0.85642487
1131.2762,97.52381,1143.865,84.41294,0.94620144
1150.781,97.52381,1163.2761,84.3097,0.87417245
1170.2858,97.52381,1183.7483,85.23843,0.66127366
1189.7905,97.52381,1203.0364,85.22569,0.88501143
1209.2953,97.52381,1221.6567,84.35176,0.8352019
1228.8,97.52381,1242.4238,85.02982,0.94109964
1287.3143,97.52381,1300.0068,84.75572,0.7871465
1306.8191,97.52381,1319.0404,85.65526,0.5336536
1326.3239,97.52381,1339.4031,85.66574,0.6710946
1345.8286,97.52381,1358.7662,85.15449,0.3044161
1443.3524,97.52381,1455.7776,85.347786,0.78158444
1521.3715,97.52381,1533.8625,85.585915,0.85019475
1540.8762,97.52381,1552.9583,85.43891,0.9537701
1560.381,97.52381,1574.2108,85.86833,0.9573306
1657.9048,97.52381,1669.8232,86.352554,0.58236116
1930.9716,97.52381,1943.248,88.08916,0.8191214
1950.4763,97.52381,1962.7762,88.45836,0.55202925
39.009525,117.02858,52.6028,102.59024,0.22330485
58.51429,117.02858,72.180084,101.012474,0.25573942
78.01905,117.02858,91.4617,100.947205,0.9046768
97.52381,117.02858,109.203445,102.10684,0.82650286
117.02858,117.02858,129.62416,101.234276,0.75810665
136.53334,117.02858,148.15302,101.58222,0.8090069
175.54286,117.02858,188.0017,101.931465,0.5424462
195.04762,117.02858,209.1652,101.9725,0.7691914
214.55238,117.02858,226.26723,101.804115,0.9110414
234.05716,117.02858,246.64532,101.417274,0.8072796
253.56192,117.02858,265.95132,101.77075,0.4276795
351.08572,117.02858,362.2144,102.09286,0.46723002
370.59048,117.02858,383.1149,102.08649,0.8127928
390.09525,117.02858,401.58487,102.43742,0.64576226
409.6,117.02858,421.26968,102.1384,0.77915686
429.10477,117.02858,441.54443,102.84016,0.79595166
448.60953,117.02858,461.1585,102.50317,0.935573
468.11432,117.02858,480.9219,102.592964,0.991179
487.61908,117.02858,500.20358,102.43549,0.9933473
526.6286,117.02858,538.28687,102.40499,0.980363
546.13336,117.02858,558.66705,101.70813,0.8463665
565.6381,117.02858,577.59705,102.312614,0.6560979
585.1429,117.02858,597.7634,101.98433,0.81728387
604.64764,117.02858,616.5631,102.450775,0.9687337
643.65717,117.02858,656.11365,102.34723,0.83207256
663.1619,117.02858,675.50555,102.50742,0.87253946
682.6667,117.02858,694.84576,102.88094,0.47298515
721.6762,117.02858,734.9978,102.59696,0.9447386
741.18097,117.02858,753.2301,103.80184,0.86169547
760.6857,117.02858,772.47534,103.76471,0.71683717
780.1905,117.02858,792.39594,102.59348,0.7552384
858.20953,117.02858,870.0679,102.98188,0.7217217
877.7143,117.02858,889.96936,103.36955,0.9768001
897.21906,117.02858,911.0263,103.46601,0.9477831
916.7238,117.02858,929.3092,103.24537,0.92462957
936.22864,117.02858,949.8311,102.86369,0.8452488
955.7334,117.02858,967.5606,103.2813,0.48414066
1014.2477,117.02858,1027.4695,103.2218,0.891584
1111.7715,117.02858,1123.3031,104.209694,0.7963764
1150.781,117.02858,1163.7084,103.49615,0.9829814
1209.2953,117.02858,1222.094,104.102356,0.8191498
1228.8,117.02858,1241.4916,104.0806,0.9033488
1248.3048,117.02858,1259.6246,104.46677,0.88724667
1267.8096,117.02858,1279.9939,104.74567,0.9488423
1306.8191,117.02858,1318.9379,105.09117,0.33692753
1326.3239,117.02858,1338.8798,105.2801,0.61552125
1345.8286,117.02858,1357.972,105.34372,0.5092344
1365.3334,117.02858,1376.6915,104.76192,0.5500488
1462.8572,117.02858,1476.3634,104.94279,0.94783145
1482.3619,117.02858,1496.1724,104.83038,0.8763872
1521.3715,117.02858,1533.2993,105.20139,0.6480567
1540.8762,117.02858,1554.3584,105.39,0.8425876
1560.381,117.02858,1572.9897,104.891624,0.9757999
1579.8857,117.02858,1592.4806,104.93172,0.93621933
1657.9048,117.02858,1670.7543,105.98093,0.20463431
1755.4286,117.02858,1767.6826,105.64043,0.6375853
1911.4668,117.02858,1923.885,107.44738,0.26714623
58.51429,136.53334,72.82615,120.30566,0.6288333
78.01905,136.53334,91.50441,121.07285,0.7418479
97.52381,136.53334,109.90915,120.49314,0.8424496
117.02858,136.53334,128.98553,121.24133,0.7003148
136.53334,136.53334,149.22633,121.66128,0.6796159
156.0381,136.53334,167.4869,121.766235,0.30701408
175.54286,136.53334,187.50497,121.3502,0.75741917
195.04762,136.53334,207.322,121.40291,0.8565636
214.55238,136.53334,226.21361,120.84186,0.9516116
234.05716,136.53334,245.85371,121.569145,0.88858616
253.56192,136.53334,265.9877,121.77551,0.2630937
331.58096,136.53334,342.3079,121.99621,0.406097
351.08572,136.53334,363.3097,121.939995,0.72666514
370.59048,136.53334,383.2937,121.92935,0.7976089
390.09525,136.53334,402.9334,121.78853,0.9802023
409.6,136.53334,424.12463,121.24528,0.9661988
429.10477,136.53334,441.93915,121.785034,0.9759438
448.60953,136.53334,461.1756,121.928535,0.9780896
468.11432,136.53334,480.58783,121.53514,0.973124
487.61908,136.53334,499.89987,121.45944,0.93246067
526.6286,136.53334,537.72784,121.69647,0.98079926
546.13336,136.53334,558.17267,121.54039,0.79137677
565.6381,136.53334,578.81586,121.54294,0.8443402
585.1429,136.53334,598.45544,121.5975,0.8868874
604.64764,136.53334,617.06555,122.431206,0.89242214
624.1524,136.53334,636.4187,122.12093,0.9632301
643.65717,136.53334,656.21124,122.286575,0.9489721
663.1619,136.53334,675.46564,122.30713,0.90073454
682.6667,136.53334,695.37756,122.192566,0.81981736
702.17145,136.53334,714.4692,121.84111,0.9332571
741.18097,136.53334,753.2573,122.28254,0.7511077
760.6857,136.53334,773.3058,122.25365,0.9086491
799.69525,136.53334,811.75085,122.889366,0.77651083
819.2,136.53334,831.59265,122.15334,0.86591446
838.7048,136.53334,851.33813,122.10516,0.6484979
858.20953,136.53334,871.08655,122.435905,0.8821649
877.7143,136.53334,890.3369,122.63873,0.9543498
897.21906,136.53334,909.296,122.88064,0.9786787
916.7238,136.53334,928.8917,122.59897,0.77339387
955.7334,136.53334,967.3053,123.09068,0.7530859
1033.7524,136.53334,1046.8052,122.62375,0.6125514
1092.2667,136.53334,1105.0754,124.63263,0.84027326
1111.7715,136.53334,1123.6741,123.71638,0.73816144
1131.2762,136.53334,1144.537,122.95791,0.8598839
1209.2953,136.53334,1221.291,123.41808,0.7991942
1248.3048,136.53334,1260.56,124.60883,0.9837785
1267.8096,136.53334,1279.7269,124.196304,0.9559354
1287.3143,136.53334,1300.3837,124.81451,0.5321711
1326.3239,136.53334,1338.5212,125.32237,0.839203
1345.8286,136.53334,1357.6051,124.41467,0.5768843
1365.3334,136.53334,1377.7437,124.228096,0.6926519
1384.8381,136.53334,1397.3342,124.42574,0.8619179
1404.3429,136.53334,1417.9822,124.12259,0.9059054
1501.8667,136.53334,1514.4644,124.13317,0.7523068
1540.8762,136.53334,1553.6404,124.71528,0.8037823
1599.3905,136.53334,1612.2172,125.072044,0.9594599
1657.9048,136.53334,1669.8225,124.88117,0.5184614
1755.4286,136.53334,1769.3585,127.1795,0.3817028
1774.9333,136.53334,1788.09,125.02953,0.6964348
1852.9524,136.53334,1865.666,125.42613,0.68196356
78.01905,156.0381,91.68468,139.41158,0.6290382
97.52381,156.0381,111.52564,140.32271,0.6024236
117.02858,156.0381,129.10573,140.97968,0.8757576
136.53334,156.0381,148.85063,140.91342,0.94915944
156.0381,156.0381,167.27705,140.94781,0.88207734
175.54286,156.0381,186.98524,140.85544,0.9406863
195.04762,156.0381,206.69511,141.02861,0.96621954
214.55238,156.0381,226.03505,140.84325,0.8051041
234.05716,156.0381,247.01704,141.69533,0.84168094
253.56192,156.0381,266.84647,141.72475,0.4008401
292.57144,156.0381,306.85828,140.36224,0.5685526
351.08572,156.0381,362.78165,141.4555,0.80596066
370.59048,156.0381,382.88885,140.96368,0.94270617
390.09525,156.0381,403.79285,141.02301,0.9952804
409.6,156.0381,422.2523,141.22343,0.97389114
429.10477,156.0381,440.30994,141.50275,0.9201528
468.11432,156.0381,479.7338,140.98404,0.9914606
487.61908,156.0381,500.40363,140.88638,0.98166656
507.12384,156.0381,518.9774,140.84608,0.9764531
526.6286,156.0381,539.20886,141.38768,0.96588093
546.13336,156.0381,559.55896,141.27423,0.85929483
565.6381,156.0381,578.9449,141.91847,0.69159806
585.1429,156.0381,599.2748,141.57193,0.97184795
604.64764,156.0381,618.8993,141.22784,0.95461655
624.1524,156.0381,635.0425,142.00182,0.96848464
643.65717,156.0381,655.64655,141.58585,0.9584146
663.1619,156.0381,675.00543,141.68822,0.88154143
682.6667,156.0381,695.4127,141.71577,0.8144822
702.17145,156.0381,714.4414,141.05316,0.8856119
721.6762,156.0381,733.46387,141.44421,0.86947787
741.18097,156.0381,753.45776,142.10194,0.7786409
760.6857,156.0381,772.8953,141.64009,0.8406685
780.1905,156.0381,791.7407,142.40868,0.7937327
799.69525,156.0381,811.88434,142.24925,0.58107424
819.2,156.0381,831.78796,141.93266,0.8195086
838.7048,156.0381,850.74963,142.03009,0.8157198
858.20953,156.0381,871.52295,141.9834,0.9373033
955.7334,156.0381,968.1451,142.32137,0.89344066
975.23816,156.0381,988.1626,142.0864,0.97204626
1053.2572,156.0381,1065.3818,142.53632,0.6677548
1072.762,156.0381,1085.4585,142.38783,0.84379584
1092.2667,156.0381,1105.5387,142.80338,0.66945803
1111.7715,156.0381,1125.9341,143.8977,0.799273
1131.2762,156.0381,1144.8163,142.45168,0.8255276
1150.781,156.0381,1163.7878,142.416,0.8070302
1170.2858,156.0381,1182.5366,142.64041,0.93968713
1209.2953,156.0381,1220.7709,143.13103,0.9512992
1228.8,156.0381,1240.7972,143.02591,0.9440946
1267.8096,156.0381,1279.7499,143.71994,0.9864737
1287.3143,156.0381,1298.5413,144.42853,0.86316115
1306.8191,156.0381,1317.8693,144.76918,0.6833666
1365.3334,156.0381,1377.4738,143.37914,0.89528066
1404.3429,156.0381,1417.9419,143.45088,0.9584191
1423.8477,156.0381,1436.2883,143.73459,0.87877154
1462.8572,156.0381,1474.9108,143.62863,0.6384699
1560.381,156.0381,1572.6836,144.05083,0.820161
1579.8857,156.0381,1593.023,143.9723,0.76336795
1599.3905,156.0381,1611.4426,144.2979,0.89956206
1618.8953,156.0381,1631.1674,144.09642,0.88905156
1677.4095,156.0381,1691.4537,144.49277,0.383035
117.02858,175.54286,130.29967,160.31842,0.7409329
136.53334,175.54286,150.35562,160.18942,0.99003553
156.0381,175.54286,169.58481,160.62166,0.92652506
175.54286,175.54286,187.29378,160.43484,0.95296437
195.04762,175.54286,207.43272,160.52374,0.96790314
214.55238,175.54286,227.61903,160.88158,0.81055295
234.05716,175.54286,245.60992,161.09474,0.912436
253.56192,175.54286,265.45166,160.57692,0.8271872
273.06668,175.54286,286.78668,159.95639,0.7720953
292.57144,175.54286,305.91785,159.19496,0.31024623
331.58096,175.54286,342.64282,160.61998,0.5399865
351.08572,175.54286,362.40546,159.98776,0.9330828
370.59048,175.54286,383.1035,161.07765,0.9860844
390.09525,175.54286,402.66043,160.81918,0.9313858
409.6,175.54286,421.26465,160.47176,0.9039974
429.10477,175.54286,440.62387,160.84785,0.8953548
448.60953,175.54286,460.48987,160.25192,0.89029086
468.11432,175.54286,480.85764,159.67914,0.99648255
487.61908,175.54286,500.04697,160.79787,0.99655366
507.12384,175.54286,519.22015,160.23326,0.96412504
526.6286,175.54286,540.1437,160.8114,0.9487773
546.13336,175.54286,559.6587,160.87708,0.7590972
565.6381,175.54286,579.0785,160.98946,0.85840565
585.1429,175.54286,597.92773,160.33955,0.9780847
604.64764,175.54286,617.7663,160.44601,0.94904596
624.1524,175.54286,637.17487,160.962,0.9812674
643.65717,175.54286,654.858,161.07803,0.96353674
663.1619,175.54286,676.8496,160.7269,0.8557749
702.17145,175.54286,714.5029,160.93243,0.924661
721.6762,175.54286,735.2686,161.62312,0.9400338
741.18097,175.54286,754.9039,162.06178,0.95732015
760.6857,175.54286,772.9988,161.01808,0.8349435
780.1905,175.54286,791.58813,161.38548,0.810905
799.69525,175.54286,812.59814,162.3291,0.935806
819.2,175.54286,833.1041,161.67805,0.8807222
838.7048,175.54286,851.2931,161.5514,0.91358495
858.20953,175.54286,871.8707,161.02127,0.8815503
936.22864,175.54286,948.62445,161.26393,0.76186144
955.7334,175.54286,968.7752,161.73611,0.89861715
975.23816,175.54286,988.12335,161.36836,0.98583996
994.7429,175.54286,1006.7732,162.02411,0.98078954
1033.7524,175.54286,1046.3385,162.49516,0.8811887
1053.2572,175.54286,1066.1934,162.15456,0.92939633
1072.762,175.54286,1084.2079,162.34,0.8802276
1111.7715,175.54286,1125.0591,162.19406,0.8323098
1131.2762,175.54286,1144.0319,163.10901,0.6511482
1150.781,175.54286,1163.3022,162.56859,0.6969566
1170.2858,175.54286,1183.4705,161.98192,0.8967038
1189.7905,175.54286,1201.8947,162.30704,0.95580965
1209.2953,175.54286,1221.9143,162.59694,0.991692
1228.8,175.54286,1242.4725,162.87074,0.98004323
1248.3048,175.54286,1261.3481,162.44437,0.9676305
1287.3143,175.54286,1300.3204,163.33192,0.932359
1384.8381,175.54286,1396.5778,163.58963,0.9590201
1404.3429,175.54286,1418.0615,162.83122,0.9935176
1462.8572,175.54286,1475.5315,163.49783,0.8867298
1482.3619,175.54286,1494.4518,163.10355,0.7357312
1501.8667,175.54286,1514.2855,163.55338,0.8418434
1599.3905,175.54286,1611.007,163.89642,0.9423041
1618.8953,175.54286,1631.7766,164.206,0.9482506
1735.9238,175.54286,1748.0383,164.06255,0.34248477
1794.4381,175.54286,1808.1079,164.2528,0.7722087
117.02858,195.04762,132.10503,178.78046,0.7251603
136.53334,195.04762,150.42697,180.15137,0.9814181
156.0381,195.04762,168.53557,180.52306,0.97739655
175.54286,195.04762,187.77342,179.81671,0.97622293
195.04762,195.04762,206.61807,179.85693,0.96575886
214.55238,195.04762,226.41864,179.83649,0.7947299
234.05716,195.04762,245.39534,180.17542,0.76289564
253.56192,195.04762,265.23615,179.76602,0.73828083
273.06668,195.04762,286.58923,179.31825,0.6661617
292.57144,195.04762,305.3059,179.9479,0.6589677
331.58096,195.04762,342.76144,180.5393,0.8761002
351.08572,195.04762,363.74817,180.52283,0.9680551
370.59048,195.04762,384.0213,179.4941,0.9150945
390.09525,195.04762,402.9054,179.15921,0.77558815
409.6,195.04762,420.3669,180.1327,0.72641146
429.10477,195.04762,441.39706,179.12753,0.7288163
448.60953,195.04762,461.1405,180.17165,0.81414473
468.11432,195.04762,480.164,180.20146,0.937161
487.61908,195.04762,499.74496,180.50209,0.9774108
507.12384,195.04762,518.6455,180.52953,0.96231884
526.6286,195.04762,540.56805,180.37743,0.73427814
546.13336,195.04762,559.3646,179.94472,0.7925597
565.6381,195.04762,578.1021,180.54321,0.6190571
585.1429,195.04762,598.7089,180.73425,0.98336285
604.64764,195.04762,617.5336,180.46962,0.94160473
624.1524,195.04762,636.7235,180.83202,0.95859265
643.65717,195.04762,656.2818,180.44359,0.9669146
682.6667,195.04762,695.0722,180.73581,0.6660311
702.17145,195.04762,714.08105,180.83066,0.6395926
741.18097,195.04762,755.58813,180.6807,0.9492267
760.6857,195.04762,774.01276,180.80936,0.8414122
780.1905,195.04762,791.9947,181.2092,0.8807588
799.69525,195.04762,812.5789,181.29483,0.67859924
819.2,195.04762,834.46515,181.83736,0.66269803
838.7048,195.04762,851.8863,181.35101,0.9734442
858.20953,195.04762,870.402,180.90569,0.9475439
877.7143,195.04762,891.1309,180.85782,0.94643736
916.7238,195.04762,928.86127,181.0483,0.95927984
936.22864,195.04762,949.73816,180.80415,0.7815263
975.23816,195.04762,988.2371,180.90752,0.94160193
994.7429,195.04762,1008.4254,181.9743,0.89837396
1033.7524,195.04762,1045.7162,181.22006,0.987695
1053.2572,195.04762,1065.3596,182.29337,0.94625115
1111.7715,195.04762,1123.6702,181.8585,0.87883294
1131.2762,195.04762,1143.5624,181.997,0.71692353
1150.781,195.04762,1164.415,182.00728,0.51598036
1170.2858,195.04762,1183.1643,181.70963,0.64623874
1228.8,195.04762,1240.8561,181.77461,0.89421034
1248.3048,195.04762,1261.3088,182.40002,0.9272905
1267.8096,195.04762,1279.6361,182.72412,0.8267811
1306.8191,195.04762,1318.9977,182.1146,0.96663177
1365.3334,195.04762,1377.8195,182.22319,0.99068576
1384.8381,195.04762,1397.3481,182.41638,0.96725535
1404.3429,195.04762,1416.7941,182.47205,0.9656844
1482.3619,195.04762,1495.3564,183.40918,0.8835227
1501.8667,195.04762,1514.546,183.10756,0.8724597
1521.3715,195.04762,1534.562,182.69594,0.95005727
1657.9048,195.04762,1670.2871,183.19913,0.85384005
1677.4095,195.04762,1689.522,183.69612,0.85690475
1716.4191,195.04762,1728.309,183.65776,0.5739406
1794.4381,195.04762,1807.5358,183.58224,0.9112269
1969.9811,195.04762,1984.0375,184.40285,0.8052475
117.02858,214.55238,132.26172,199.45622,0.86254203
136.53334,214.55238,149.70245,199.11382,0.97679806
156.0381,214.55238,169.8674,199.34674,0.9966833
175.54286,214.55238,187.46118,199.38411,0.99467224
195.04762,214.55238,206.78801,199.61961,0.9526912
214.55238,214.55238,225.9647,199.45232,0.9362268
234.05716,214.55238,245.93195,199.15105,0.8687105
253.56192,214.55238,266.39346,199.80951,0.2697094
273.06668,214.55238,286.3805,199.76314,0.40318006
292.57144,214.55238,304.97223,199.77943,0.6035244
312.0762,214.55238,325.8208,199.60495,0.51524246
331.58096,214.55238,344.0103,200.11717,0.8490673
351.08572,214.55238,363.47992,200.24545,0.93975073
370.59048,214.55238,383.7976,198.52415,0.8467408
390.09525,214.55238,402.05325,199.59268,0.5874451
409.6,214.55238,421.5214,199.36987,0.6376426
429.10477,214.55238,440.6631,200.02635,0.58753824
448.60953,214.55238,460.12064,199.90875,0.58165246
487.61908,214.55238,500.9102,200.7753,0.8684294
507.12384,214.55238,520.02594,200.48083,0.9324627
526.6286,214.55238,540.5826,199.94109,0.9517891
546.13336,214.55238,560.2868,199.83307,0.94670755
565.6381,214.55238,577.3285,200.01686,0.91474414
585.1429,214.55238,599.3637,200.03004,0.9788863
604.64764,214.55238,617.3815,200.7721,0.9332752
624.1524,214.55238,637.4775,200.15446,0.9543084
643.65717,214.55238,655.9011,199.82063,0.9314798
663.1619,214.55238,675.0569,199.90428,0.76786786
702.17145,214.55238,714.33264,200.24411,0.35803154
721.6762,214.55238,734.26746,200.03381,0.7845461
741.18097,214.55238,753.4909,200.17189,0.5503413
780.1905,214.55238,791.7242,200.80916,0.8626147
799.69525,214.55238,812.1147,200.85657,0.9427996
819.2,214.55238,832.00433,201.18724,0.86476874
838.7048,214.55238,851.4344,200.37207,0.9546889
858.20953,214.55238,869.90643,200.35144,0.95113564
877.7143,214.55238,889.56396,200.54015,0.6796658
897.21906,214.55238,908.6574,200.85468,0.6634162
916.7238,214.55238,928.41223,200.62502,0.64720625
936.22864,214.55238,948.35516,201.11345,0.25286496
975.23816,214.55238,987.1494,200.4886,0.7873368
1014.2477,214.55238,1026.4431,200.6651,0.87392944
1033.7524,214.55238,1046.7372,200.46161,0.9468674
1111.7715,214.55238,1123.7959,201.05513,0.84081197
1131.2762,214.55238,1143.536,202.14337,0.82774884
1150.781,214.55238,1164.6093,202.06218,0.89852285
1170.2858,214.55238,1182.5184,202.4704,0.9319805
1189.7905,214.55238,1202.4912,202.08682,0.8564165
1228.8,214.55238,1240.6234,201.34381,0.80088145
1248.3048,214.55238,1260.1376,201.55817,0.93064576
1267.8096,214.55238,1280.4612,201.81392,0.95175505
1287.3143,214.55238,1299.5902,202.03072,0.74460083
1306.8191,214.55238,1318.8854,202.42688,0.6372062
1326.3239,214.55238,1338.2855,201.99252,0.8921603
1345.8286,214.55238,1359.0105,201.93166,0.9485929
1384.8381,214.55238,1398.0627,202.07945,0.9764033
1404.3429,214.55238,1416.9387,202.25531,0.92546326
1423.8477,214.55238,1437.0753,203.05977,0.39062217
1443.3524,214.55238,1455.7013,202.01706,0.5862463
1462.8572,214.55238,1475.3365,202.12431,0.73148865
1482.3619,214.55238,1494.4835,202.49416,0.86468095
1521.3715,214.55238,1534.8359,202.71135,0.7775282
1540.8762,214.55238,1553.5559,202.81413,0.7937391
1560.381,214.55238,1572.1682,202.70947,0.7343529
1579.8857,214.55238,1592.8083,202.59344,0.7921924
1599.3905,214.55238,1611.2921,202.53012,0.8317086
1618.8953,214.55238,1631.3247,203.32509,0.52612734
1638.4,214.55238,1650.0001,203.42975,0.52569294
1657.9048,214.55238,1669.8165,203.8275,0.9008016
1677.4095,214.55238,1690.2421,203.08566,0.77783924
1774.9333,214.55238,1787.3718,203.5469,0.9374582
1930.9716,214.55238,1943.6261,203.4705,0.64069307
97.52381,234.05716,113.69904,219.58109,0.8683833
117.02858,234.05716,130.5676,219.75224,0.77772903
136.53334,234.05716,150.14249,218.82755,0.9763531
156.0381,234.05716,169.84544,218.86945,0.9874009
175.54286,234.05716,189.95706,218.53452,0.9880167
195.04762,234.05716,207.75003,219.32187,0.98152107
214.55238,234.05716,226.39659,218.94528,0.9465251
234.05716,234.05716,245.88403,218.89459,0.97271395
253.56192,234.05716,265.52393,218.69511,0.21601917
312.0762,234.05716,324.17526,219.45184,0.7458803
331.58096,234.05716,343.84094,219.13237,0.8094162
351.08572,234.05716,363.97495,219.71399,0.95518774
370.59048,234.05716,381.77756,219.32895,0.9925934
390.09525,234.05716,402.16718,219.21085,0.9112898
409.6,234.05716,421.8928,218.86903,0.3969203
429.10477,234.05716,441.91843,219.41655,0.3104009
448.60953,234.05716,460.84076,219.57454,0.5163161
468.11432,234.05716,481.00296,219.60916,0.79405785
487.61908,234.05716,499.95847,219.15771,0.932767
507.12384,234.05716,520.3361,219.83572,0.94327384
526.6286,234.05716,539.9435,219.72107,0.7897891
546.13336,234.05716,561.2898,219.47737,0.79964685
565.6381,234.05716,581.0673,219.39702,0.89283866
585.1429,234.05716,599.361,219.45267,0.9370502
604.64764,234.05716,617.14136,219.96664,0.89450705
624.1524,234.05716,637.7173,220.2617,0.8304269
643.65717,234.05716,655.3429,220.09637,0.9187935
663.1619,234.05716,674.84045,219.56865,0.8269467
702.17145,234.05716,713.82043,220.0317,0.49325615
721.6762,234.05716,734.1058,220.12994,0.47649118
741.18097,234.05716,753.34625,220.3034,0.78869706
760.6857,234.05716,774.24164,220.14482,0.97750723
780.1905,234.05716,792.7023,219.93645,0.9644843
799.69525,234.05716,811.67365,219.97566,0.91289896
819.2,234.05716,831.5556,219.95354,0.8326641
838.7048,234.05716,851.4746,220.70918,0.7839138
858.20953,234.05716,869.6919,220.02304,0.7376449
877.7143,234.05716,890.126,219.60712,0.5753852
897.21906,234.05716,909.82117,220.07043,0.592826
916.7238,234.05716,929.01245,219.74803,0.58825755
936.22864,234.05716,948.00745,220.21007,0.80367655
955.7334,234.05716,968.41943,220.39517,0.41370988
975.23816,234.05716,988.4953,220.91861,0.48212668
994.7429,234.05716,1007.32465,220.68439,0.8498634
1014.2477,234.05716,1025.9022,220.39551,0.9609043
1033.7524,234.05716,1047.344,220.40297,0.81594944
1053.2572,234.05716,1066.248,220.34747,0.69789004
1072.762,234.05716,1084.8767,220.46857,0.7092368
1111.7715,234.05716,1124.0752,220.60057,0.5566944
1131.2762,234.05716,1143.8127,220.3486,0.70738596
1150.781,234.05716,1162.587,220.6417,0.84378415
1170.2858,234.05716,1182.6001,222.45299,0.83400303
1189.7905,234.05716,1201.2031,221.88135,0.86678225
1209.2953,234.05716,1220.52,221.55713,0.98337233
1228.8,234.05716,1241.7513,221.64531,0.92310166
1248.3048,234.05716,1261.1879,221.14201,0.8774332
1267.8096,234.05716,1279.8784,221.69344,0.9302477
1306.8191,234.05716,1318.6602,221.30208,0.68646204
1326.3239,234.05716,1339.1582,222.53174,0.77374375
1345.8286,234.05716,1357.8782,222.863,0.8485623
1365.3334,234.05716,1377.427,221.89798,0.9857345
1404.3429,234.05716,1415.8293,222.06201,0.6892515
1423.8477,234.05716,1436.2595,222.58304,0.68627065
1443.3524,234.05716,1455.7476,221.52057,0.8419857
1482.3619,234.05716,1495.6038,221.9576,0.79767215
1521.3715,234.05716,1533.8646,222.71439,0.9654574
1540.8762,234.05716,1553.7704,221.6978,0.9412935
1560.381,234.05716,1572.3953,222.25343,0.78714865
1599.3905,234.05716,1611.78,222.67601,0.8693657
1618.8953,234.05716,1631.3196,222.44363,0.9199152
1657.9048,234.05716,1669.396,222.49028,0.9674888
1794.4381,234.05716,1807.7152,222.64085,0.6561086
58.51429,253.56192,73.49167,237.5126,0.29305103
78.01905,253.56192,91.8574,238.32716,0.92878294
97.52381,253.56192,111.06324,238.42284,0.8787098
117.02858,253.56192,129.39139,238.71898,0.8888782
136.53334,253.56192,149.69853,239.53409,0.9343875
156.0381,253.56192,168.02899,238.70522,0.9875114
175.54286,253.56192,189.14291,238.67216,0.97762954
195.04762,253.56192,206.78409,238.5093,0.96228117
214.55238,253.56192,227.36346,238.54771,0.9899067
234.05716,253.56192,246.13132,238.00192,0.898373
253.56192,253.56192,264.97818,237.70638,0.64796525
292.57144,253.56192,303.8833,238.50307,0.25090382
312.0762,253.56192,322.9184,238.71754,0.66114044
331.58096,253.56192,342.8393,238.67975,0.89992464
351.08572,253.56192,364.44238,239.17288,0.99017113
370.59048,253.56192,383.21747,238.10025,0.98204404
390.09525,253.56192,404.18127,238.76959,0.87880623
409.6,253.56192,421.31818,238.75674,0.573519
429.10477,253.56192,443.11392,238.64236,0.22143407
448.60953,253.56192,462.27304,238.95859,0.66152567
468.11432,253.56192,480.27466,238.57072,0.9085817
487.61908,253.56192,500.47763,238.09023,0.7684727
507.12384,253.56192,519.8024,239.3094,0.53351164
526.6286,253.56192,538.1721,239.13904,0.45350167
546.13336,253.56192,560.4,239.47154,0.3553599
565.6381,253.56192,580.27966,238.66469,0.7684093
585.1429,253.56192,598.1986,239.0183,0.993535
604.64764,253.56192,618.2293,238.76227,0.96093917
624.1524,253.56192,637.58167,239.19524,0.5380246
643.65717,253.56192,656.56366,238.47592,0.6009401
663.1619,253.56192,675.9978,239.4269,0.6412685
682.6667,253.56192,693.544,239.32181,0.37703136
702.17145,253.56192,713.53375,238.8876,0.71002746
721.6762,253.56192,734.1599,240.00247,0.8503342
741.18097,253.56192,752.3276,239.267,0.93521535
760.6857,253.56192,775.0658,239.98988,0.98971033
780.1905,253.56192,792.1287,239.32924,0.96213585
799.69525,253.56192,812.46814,238.99706,0.93368745
819.2,253.56192,831.348,239.7082,0.7573703
838.7048,253.56192,850.27435,239.74367,0.580405
858.20953,253.56192,869.992,239.76782,0.44952193
897.21906,253.56192,908.80994,239.46754,0.8703693
916.7238,253.56192,929.0291,239.18254,0.7086372
936.22864,253.56192,948.9116,239.32565,0.40860084
955.7334,253.56192,967.8878,239.39629,0.34362236
975.23816,253.56192,988.9943,239.77917,0.37833166
994.7429,253.56192,1007.3097,239.81592,0.6098066
1014.2477,253.56192,1026.0288,239.90076,0.8243943
1033.7524,253.56192,1044.8301,240.4576,0.7886886
1092.2667,253.56192,1103.6404,240.58907,0.69042003
1150.781,253.56192,1162.4352,240.689,0.6995273
1189.7905,253.56192,1202.8818,240.23244,0.65651494
1209.2953,253.56192,1220.6615,242.34097,0.8112166
1228.8,253.56192,1240.9261,241.91757,0.8257032
1248.3048,253.56192,1261.6583,240.7876,0.55074126
1287.3143,253.56192,1299.7847,241.39728,0.5086149
1306.8191,253.56192,1318.3424,241.70866,0.5943309
1326.3239,253.56192,1338.9921,240.74197,0.7344682
1345.8286,253.56192,1358.644,241.30777,0.97303694
1384.8381,253.56192,1398.3265,240.93681,0.9888481
1404.3429,253.56192,1417.478,240.66637,0.8752142
1443.3524,253.56192,1456.7656,241.45978,0.8280904
1560.381,253.56192,1572.5088,241.33809,0.8310039
1579.8857,253.56192,1592.9214,241.63173,0.94099265
1599.3905,253.56192,1613.3175,241.4897,0.9592284
1638.4,253.56192,1650.7891,241.43935,0.9602681
1716.4191,253.56192,1728.114,241.94928,0.49103025
1774.9333,253.56192,1789.5975,242.4958,0.5328506
1891.962,253.56192,1905.5765,242.48203,0.445789
58.51429,273.06668,70.567665,257.40366,0.3414205
78.01905,273.06668,90.28191,257.67032,0.8512867
97.52381,273.06668,110.06689,257.67163,0.71556246
117.02858,273.06668,129.6925,257.11203,0.952767
136.53334,273.06668,150.44238,257.40637,0.9501689
156.0381,273.06668,168.92786,258.21317,0.96200025
175.54286,273.06668,187.45062,257.70438,0.89204466
195.04762,273.06668,205.93185,257.8587,0.87657374
214.55238,273.06668,226.89542,258.6715,0.96375835
234.05716,273.06668,246.75403,257.63806,0.8419789
253.56192,273.06668,264.73715,257.96738,0.44367406
273.06668,273.06668,283.78494,257.79614,0.47997007
292.57144,273.06668,304.3992,258.35455,0.43289733
312.0762,273.06668,325.31924,257.71774,0.6359283
331.58096,273.06668,343.714,258.00534,0.92683715
351.08572,273.06668,364.27472,258.4284,0.99011505
370.59048,273.06668,382.828,258.74976,0.9681462
390.09525,273.06668,403.26044,257.95193,0.49448067
409.6,273.06668,422.2355,258.5395,0.62090373
429.10477,273.06668,440.15836,258.58493,0.8020771
448.60953,273.06668,460.6252,258.066,0.9288184
468.11432,273.06668,481.65945,257.59418,0.95752186
487.61908,273.06668,500.3985,257.72894,0.8859412
565.6381,273.06668,579.3736,257.4033,0.3755068
585.1429,273.06668,597.2401,258.1684,0.7512853
604.64764,273.06668,618.3303,258.4682,0.9624614
624.1524,273.06668,637.50696,258.38272,0.5816865
643.65717,273.06668,657.4733,258.82397,0.4960348
663.1619,273.06668,676.807,258.6967,0.5526757
682.6667,273.06668,695.3854,258.54034,0.7268005
702.17145,273.06668,714.2106,258.49185,0.47147352
721.6762,273.06668,734.0886,259.04526,0.47441527
741.18097,273.06668,753.794,258.5121,0.8926127
760.6857,273.06668,773.686,258.45105,0.9855733
780.1905,273.06668,792.8015,258.78036,0.98118716
799.69525,273.06668,813.1584,259.08322,0.9878098
819.2,273.06668,830.6816,259.13776,0.65043014
877.7143,273.06668,888.88605,259.70557,0.7759677
916.7238,273.06668,930.0709,259.6004,0.7081832
936.22864,273.06668,949.95526,259.62372,0.7678136
955.7334,273.06668,968.86456,259.39447,0.6607796
975.23816,273.06668,988.0452,259.4988,0.8920033
994.7429,273.06668,1007.1143,259.5481,0.58735615
1014.2477,273.06668,1026.6641,259.39276,0.47388697
1092.2667,273.06668,1104.5168,260.22156,0.7252708
1111.7715,273.06668,1124.324,260.03683,0.2659209
1150.781,273.06668,1162.4231,260.67987,0.83931774
1170.2858,273.06668,1182.613,261.5229,0.7086217
1189.7905,273.06668,1201.6229,260.33685,0.91205275
1209.2953,273.06668,1221.5803,260.72314,0.7024763
1228.8,273.06668,1240.1938,260.60004,0.83448344
1248.3048,273.06668,1260.4237,260.62173,0.74030185
1267.8096,273.06668,1279.3003,260.3112,0.4902146
1326.3239,273.06668,1339.0807,260.3737,0.7740546
1384.8381,273.06668,1398.1586,260.98773,0.9746845
1404.3429,273.06668,1417.9401,261.06232,0.508619
1423.8477,273.06668,1435.9663,261.15515,0.39755845
1443.3524,273.06668,1456.7047,260.2307,0.645316
1462.8572,273.06668,1475.4568,260.61957,0.9438272
1501.8667,273.06668,1514.217,260.8093,0.98257136
1540.8762,273.06668,1552.7058,261.56915,0.94469035
1560.381,273.06668,1573.4149,261.23013,0.9087072
1618.8953,273.06668,1632.6139,261.18903,0.986183
1657.9048,273.06668,1671.6499,261.3806,0.9797146
1696.9143,273.06668,1709.8457,261.49005,0.49493578
1735.9238,273.06668,1748.4567,261.40448,0.29593182
1774.9333,273.06668,1789.0814,262.71664,0.3252509
1794.4381,273.06668,1806.8955,261.4712,0.70128924
1813.9429,273.06668,1826.51,262.16644,0.47645056
1833.4476,273.06668,1845.7802,262.30746,0.8606892
1852.9524,273.06668,1865.1904,262.151,0.9561411
1891.962,273.06668,1904.6278,261.81216,0.6715095
1930.9716,273.06668,1944.6172,262.1525,0.8727016
1950.4763,273.06668,1963.7224,261.98975,0.9718716
1969.9811,273.06668,1982.6346,262.06433,0.73237586
78.01905,292.57144,90.47991,277.00015,0.8533049
97.52381,292.57144,109.565414,277.3496,0.9655866
117.02858,292.57144,130.917,276.18713,0.9606517
136.53334,292.57144,151.72731,276.18085,0.99088454
156.0381,292.57144,169.08699,277.49417,0.9541189
175.54286,292.57144,188.96478,277.7811,0.96506816
195.04762,292.57144,206.7711,276.61652,0.9805995
214.55238,292.57144,225.54395,277.71442,0.9786062
234.05716,292.57144,245.71906,277.27072,0.83930683
253.56192,292.57144,264.85535,276.86636,0.5523855
273.06668,292.57144,284.68872,276.8461,0.8383097
292.57144,292.57144,303.88144,277.5427,0.8308481
312.0762,292.57144,323.27094,277.1879,0.24975145
331.58096,292.57144,344.17914,276.90152,0.954276
351.08572,292.57144,364.90756,277.55176,0.99205154
370.59048,292.57144,384.03333,277.31897,0.97438943
390.09525,292.57144,404.43454,277.9198,0.8311981
409.6,292.57144,421.52084,278.24695,0.541701
429.10477,292.57144,440.9702,277.6916,0.76551455
448.60953,292.57144,461.2383,277.51138,0.9579759
468.11432,292.57144,481.82047,277.4288,0.9783684
487.61908,292.57144,499.70474,277.74963,0.700526
546.13336,292.57144,558.54175,277.89816,0.7222289
565.6381,292.57144,579.7644,278.17072,0.6555442
585.1429,292.57144,598.0543,277.3406,0.95483154
604.64764,292.57144,617.7515,277.35852,0.97315764
624.1524,292.57144,636.8263,278.06573,0.6992265
643.65717,292.57144,656.2744,277.8954,0.6070151
663.1619,292.57144,674.9449,277.92303,0.77438384
682.6667,292.57144,696.1143,278.15936,0.42602572
721.6762,292.57144,734.56854,277.8473,0.5208931
741.18097,292.57144,753.42505,278.44244,0.9060112
760.6857,292.57144,773.33386,277.76553,0.9903297
780.1905,292.57144,792.8405,278.4941,0.99718285
799.69525,292.57144,813.02045,278.15805,0.93545
819.2,292.57144,831.26874,279.28754,0.9482559
838.7048,292.57144,850.9324,278.88766,0.26866278
858.20953,292.57144,869.0691,279.70956,0.60963696
877.7143,292.57144,889.58887,278.494,0.83177805
897.21906,292.57144,910.18225,278.94604,0.4845536
916.7238,292.57144,930.09247,278.46277,0.7345226
936.22864,292.57144,949.2946,278.285,0.84577614
955.7334,292.57144,967.36096,279.72205,0.5364014
994.7429,292.57144,1008.0913,278.41434,0.46835235
1014.2477,292.57144,1026.6571,279.18768,0.69978577
1033.7524,292.57144,1046.3729,278.3936,0.8575002
1072.762,292.57144,1085.075,279.11716,0.48223785
1092.2667,292.57144,1104.6951,279.56204,0.47345716
1150.781,292.57144,1163.4253,278.97986,0.9538603
1170.2858,292.57144,1182.6414,280.80978,0.8192267
1189.7905,292.57144,1200.8422,279.93896,0.8577161
1209.2953,292.57144,1220.359,280.3836,0.86949575
1228.8,292.57144,1240.8488,279.4473,0.8697563
1248.3048,292.57144,1261.4264,279.98837,0.9176235
1267.8096,292.57144,1281.3475,280.54544,0.93291664
1287.3143,292.57144,1299.946,279.92755,0.73398757
1306.8191,292.57144,1317.9486,280.40726,0.8148776
1326.3239,292.57144,1338.3447,279.6547,0.91514695
1365.3334,292.57144,1377.5371,279.823,0.98254687
1384.8381,292.57144,1399.027,279.8146,0.96411407
1404.3429,292.57144,1416.197,281.04544,0.7346942
1423.8477,292.57144,1436.0675,280.45337,0.7550201
1443.3524,292.57144,1456.0311,281.27286,0.8050931
1462.8572,292.57144,1475.0999,281.30698,0.5856115
1482.3619,292.57144,1495.7397,280.13678,0.9800547
1501.8667,292.57144,1513.6893,280.55685,0.9657787
1560.381,292.57144,1573.6351,280.08075,0.9240266
1579.8857,292.57144,1593.3392,281.03268,0.9803541
1618.8953,292.57144,1632.2756,280.61124,0.9820667
1638.4,292.57144,1651.2615,280.93527,0.9417153
1657.9048,292.57144,1671.0769,280.7618,0.8469103
1735.9238,292.57144,1749.0471,283.99777,0.38275293
1755.4286,292.57144,1769.3042,281.7489,0.3615883
1774.9333,292.57144,1787.4082,283.20706,0.3058075
1813.9429,292.57144,1827.4711,281.78046,0.9066299
1833.4476,292.57144,1846.2795,281.4481,0.72050816
1891.962,292.57144,1904.1655,281.3586,0.93284124
1930.9716,292.57144,1944.0891,281.4312,0.9423647
1969.9811,292.57144,1983.1938,281.76654,0.7584921
58.51429,312.0762,70.73733,296.5787,0.3485851
78.01905,312.0762,89.82875,296.81686,0.71056366
97.52381,312.0762,110.046005,296.15082,0.8788391
117.02858,312.0762,130.11118,296.34866,0.9787745
136.53334,312.0762,149.38977,296.90717,0.995002
156.0381,312.0762,168.5652,296.69775,0.9915093
175.54286,312.0762,187.58641,296.56012,0.99654347
195.04762,312.0762,208.52626,296.56137,0.9910636
214.55238,312.0762,226.25218,297.01498,0.99375266
234.05716,312.0762,245.90817,296.7005,0.9569275
253.56192,312.0762,264.75226,297.1696,0.8949103
273.06668,312.0762,284.791,297.16614,0.70573616
292.57144,312.0762,304.04636,297.16013,0.6685852
312.0762,312.0762,324.772,297.3421,0.20838633
331.58096,312.0762,344.5073,296.60614,0.9404127
351.08572,312.0762,363.92007,297.29007,0.9870879
370.59048,312.0762,385.1502,297.99948,0.97469455
409.6,312.0762,422.06134,297.04672,0.9539312
429.10477,312.0762,442.22565,296.6627,0.97083265
448.60953,312.0762,461.7501,296.00702,0.98223394
468.11432,312.0762,481.77213,296.84512,0.9728529
487.61908,312.0762,501.25024,297.91678,0.92054206
507.12384,312.0762,519.76825,298.14166,0.87178314
526.6286,312.0762,539.3782,297.72827,0.4673728
546.13336,312.0762,558.85486,297.52612,0.65280294
565.6381,312.0762,579.26276,296.56616,0.96074
585.1429,312.0762,597.0199,297.49512,0.9440806
604.64764,312.0762,616.5716,297.33502,0.9438279
624.1524,312.0762,636.65515,297.7566,0.4565638
643.65717,312.0762,656.8797,296.88538,0.25866297
721.6762,312.0762,734.5667,298.01773,0.4052775
741.18097,312.0762,754.8715,298.2842,0.7756742
760.6857,312.0762,773.6882,297.37378,0.98417187
780.1905,312.0762,794.07623,297.42978,0.99570984
799.69525,312.0762,813.3746,297.57205,0.9724623
819.2,312.0762,831.3572,298.34476,0.7000771
838.7048,312.0762,851.15985,297.74246,0.7880393
858.20953,312.0762,870.0518,298.33295,0.9530746
916.7238,312.0762,930.79065,298.1261,0.9015295
936.22864,312.0762,950.0738,297.63773,0.94233817
955.7334,312.0762,968.91516,297.88803,0.9069002
975.23816,312.0762,987.10864,298.61075,0.77955425
994.7429,312.0762,1006.9354,297.99335,0.8481124
1014.2477,312.0762,1025.8706,298.55637,0.30342647
1033.7524,312.0762,1045.1837,298.53574,0.7752979
1053.2572,312.0762,1065.0889,298.6352,0.89502084
1111.7715,312.0762,1123.6274,299.01288,0.88423026
1131.2762,312.0762,1144.2219,299.09653,0.91786546
1150.781,312.0762,1163.2753,299.26068,0.98692113
1170.2858,312.0762,1183.4341,298.9054,0.9940245
1209.2953,312.0762,1220.5774,300.57065,0.57614154
1228.8,312.0762,1240.5494,298.74658,0.8387833
1248.3048,312.0762,1260.351,299.82706,0.9781578
1267.8096,312.0762,1281.008,299.6795,0.9409289
1306.8191,312.0762,1319.0682,299.6491,0.88455325
1326.3239,312.0762,1339.4518,299.88495,0.7616206
1345.8286,312.0762,1357.8516,299.91507,0.8472065
1365.3334,312.0762,1378.06,299.2188,0.99057513
1384.8381,312.0762,1397.5004,299.34457,0.9503411
1404.3429,312.0762,1416.52,299.87808,0.9703545
1423.8477,312.0762,1436.7914,299.999,0.95593286
1443.3524,312.0762,1457.0764,299.26578,0.9281979
1462.8572,312.0762,1476.7137,301.126,0.78170294
1482.3619,312.0762,1495.232,299.92947,0.9354111
1501.8667,312.0762,1514.7255,300.64017,0.9514598
1521.3715,312.0762,1533.5383,300.17044,0.7951111
1579.8857,312.0762,1592.3165,300.22903,0.9553005
1599.3905,312.0762,1611.2484,300.4077,0.9323393
1618.8953,312.0762,1630.7413,300.71722,0.76374257
1657.9048,312.0762,1669.9985,300.25076,0.82383394
1735.9238,312.0762,1749.1996,302.66046,0.3670898
1755.4286,312.0762,1768.9231,300.44897,0.28844795
1774.9333,312.0762,1786.6147,302.42886,0.24312295
1794.4381,312.0762,1807.8596,300.69476,0.2600785
1813.9429,312.0762,1826.6777,301.28653,0.52063733
1911.4668,312.0762,1924.137,301.13733,0.61908895
58.51429,331.58096,71.283905,315.76508,0.48524755
78.01905,331.58096,90.077415,316.93134,0.9342897
97.52381,331.58096,111.24398,316.89294,0.89974535
117.02858,331.58096,129.07625,316.29077,0.86665547
136.53334,331.58096,148.96692,316.37363,0.98218393
156.0381,331.58096,168.48477,316.0286,0.9809181
175.54286,331.58096,187.60564,315.8709,0.98679614
195.04762,331.58096,208.06168,316.72052,0.9816663
214.55238,331.58096,227.65952,316.65298,0.91781104
234.05716,331.58096,247.52719,316.9859,0.93039346
253.56192,331.58096,266.2843,316.7535,0.91630834
273.06668,331.58096,285.55737,316.1002,0.88761324
292.57144,331.58096,304.24347,316.1236,0.82078815
312.0762,331.58096,324.63614,317.20868,0.93116975
331.58096,331.58096,343.55774,316.94333,0.9090054
351.08572,331.58096,362.73123,316.25583,0.98936087
370.59048,331.58096,382.53033,317.28357,0.9687068
390.09525,331.58096,403.6199,317.00897,0.98289174
409.6,331.58096,421.388,316.79782,0.9923326
429.10477,331.58096,443.3149,316.45428,0.99187016
448.60953,331.58096,460.8592,316.50674,0.97784835
468.11432,331.58096,480.60086,316.57193,0.9443478
487.61908,331.58096,500.77728,317.3754,0.8761866
507.12384,331.58096,519.1783,316.76062,0.7834377
526.6286,331.58096,539.99884,317.08908,0.8670985
546.13336,331.58096,559.526,316.88968,0.9462084
585.1429,331.58096,597.16943,316.89905,0.94354194
604.64764,331.58096,617.05304,317.2034,0.9508646
624.1524,331.58096,637.13586,317.31393,0.34056216
643.65717,331.58096,657.47046,317.07147,0.67341727
663.1619,331.58096,676.09973,317.74173,0.39354485
741.18097,331.58096,753.03,317.60037,0.41295442
760.6857,331.58096,773.8023,317.4412,0.9446308
780.1905,331.58096,791.81274,317.05283,0.96978045
799.69525,331.58096,812.4972,316.9789,0.98984224
838.7048,331.58096,851.15564,317.19708,0.9916049
858.20953,331.58096,871.44714,316.93283,0.9925272
877.7143,331.58096,889.67755,317.51382,0.92603266
897.21906,331.58096,910.0185,317.5444,0.5110665
916.7238,331.58096,929.69727,317.68048,0.6254212
955.7334,331.58096,968.41754,318.22043,0.94763917
975.23816,331.58096,987.708,317.99115,0.9790899
1014.2477,331.58096,1026.5027,317.49835,0.6895155
1053.2572,331.58096,1066.1698,318.37387,0.4270616
1072.762,331.58096,1085.1583,318.33368,0.7212905
1111.7715,331.58096,1123.8899,319.06165,0.80470514
1131.2762,331.58096,1144.5464,318.08267,0.9293878
1150.781,331.58096,1164.1909,317.914,0.8296067
1170.2858,331.58096,1183.1426,318.26587,0.98128325
1189.7905,331.58096,1201.1218,318.8803,0.89923406
1228.8,331.58096,1240.8053,318.74564,0.9176075
1248.3048,331.58096,1261.2982,318.21512,0.9322112
1267.8096,331.58096,1280.7344,319.55392,0.9163756
1287.3143,331.58096,1299.5146,318.5906,0.7409701
1306.8191,331.58096,1319.2015,318.31348,0.85616255
1326.3239,331.58096,1338.438,318.6695,0.6727947
1345.8286,331.58096,1359.3647,319.49686,0.3438939
1365.3334,331.58096,1378.293,320.11838,0.724925
1443.3524,331.58096,1455.5332,319.52072,0.8860413
1462.8572,331.58096,1475.6603,320.5365,0.45804197
1482.3619,331.58096,1495.1671,319.38516,0.93671787
1501.8667,331.58096,1514.1222,320.0576,0.8257843
1521.3715,331.58096,1533.4336,319.5664,0.73476523
1540.8762,331.58096,1554.2444,319.06448,0.8933834
1579.8857,331.58096,1592.5377,319.98544,0.8163088
1599.3905,331.58096,1612.1523,319.54688,0.8699536
1677.4095,331.58096,1690.7194,320.01538,0.8463483
1716.4191,331.58096,1729.1925,322.2785,0.26720834
1833.4476,331.58096,1847.2817,320.5356,0.4353222
1852.9524,331.58096,1866.0084,320.58652,0.9377704
1891.962,331.58096,1904.8993,320.5818,0.6587018
1930.9716,331.58096,1944.458,320.60382,0.8504267
1950.4763,331.58096,1963.475,321.07507,0.8074711
58.51429,351.08572,71.98843,335.57443,0.3940182
78.01905,351.08572,91.06532,335.49005,0.785011
97.52381,351.08572,111.293106,335.4063,0.9535909
117.02858,351.08572,128.10988,335.67902,0.93897706
136.53334,351.08572,148.45247,335.59488,0.95972437
156.0381,351.08572,167.75728,335.40173,0.90469193
175.54286,351.08572,186.86984,336.0548,0.92892015
195.04762,351.08572,207.87408,336.12036,0.9431675
214.55238,351.08572,229.30527,335.32355,0.9772019
234.05716,351.08572,247.00864,335.96667,0.8108726
253.56192,351.08572,265.70776,335.34232,0.81650805
273.06668,351.08572,285.68698,336.08398,0.8337411
292.57144,351.08572,305.5298,336.39206,0.6767691
312.0762,351.08572,324.385,336.18863,0.9171667
331.58096,351.08572,344.03287,336.6135,0.98732656
351.08572,351.08572,363.9642,336.59012,0.9939348
370.59048,351.08572,383.11526,335.84097,0.9045919
390.09525,351.08572,402.73193,335.88513,0.9612904
409.6,351.08572,423.30038,335.29007,0.984387
429.10477,351.08572,440.54868,336.37167,0.98847115
448.60953,351.08572,460.74106,336.70508,0.994044
468.11432,351.08572,480.23483,336.3974,0.94198054
487.61908,351.08572,499.01828,336.80463,0.8493418
507.12384,351.08572,519.837,336.4398,0.95278764
526.6286,351.08572,538.3502,336.34238,0.8274118
546.13336,351.08572,557.7376,336.8536,0.94003373
565.6381,351.08572,577.3548,336.6348,0.975905
585.1429,351.08572,597.231,337.10605,0.9893946
604.64764,351.08572,617.6968,336.8332,0.9849537
624.1524,351.08572,636.68036,336.57352,0.9675529
643.65717,351.08572,655.83545,337.0522,0.6067239
663.1619,351.08572,676.2967,337.884,0.68030983
682.6667,351.08572,695.6519,336.4261,0.36854014
721.6762,351.08572,735.7726,337.5322,0.37831274
741.18097,351.08572,754.0019,337.1623,0.7924499
760.6857,351.08572,773.1268,336.42822,0.9545283
780.1905,351.08572,791.82214,336.47104,0.96079206
799.69525,351.08572,812.6496,336.99094,0.9945351
819.2,351.08572,832.81067,337.15515,0.9975347
838.7048,351.08572,852.6928,336.95914,0.99723434
858.20953,351.08572,871.77057,336.58694,0.99121535
877.7143,351.08572,889.49384,336.97818,0.96733063
897.21906,351.08572,910.276,336.97482,0.91208977
916.7238,351.08572,928.5473,336.83023,0.52686334
955.7334,351.08572,967.8849,336.75473,0.96474224
994.7429,351.08572,1006.677,337.44327,0.8284448
1014.2477,351.08572,1026.645,337.8748,0.7884354
1033.7524,351.08572,1044.9327,338.22412,0.67930275
1053.2572,351.08572,1065.2009,337.66006,0.44933558
1072.762,351.08572,1085.75,337.16483,0.4555666
1092.2667,351.08572,1106.0665,337.19852,0.8825332
1111.7715,351.08572,1123.2498,338.0186,0.87933487
1131.2762,351.08572,1143.2513,337.3466,0.98381335
1189.7905,351.08572,1202.0693,338.676,0.6745083
1209.2953,351.08572,1220.7881,338.1504,0.3151542
1228.8,351.08572,1241.149,338.334,0.7565063
1248.3048,351.08572,1260.5111,339.26303,0.7438877
1267.8096,351.08572,1279.7831,338.77213,0.8028112
1287.3143,351.08572,1300.213,338.31635,0.8161466
1326.3239,351.08572,1338.5863,338.36966,0.4407975
1345.8286,351.08572,1357.5186,338.34778,0.808494
1365.3334,351.08572,1379.418,339.5999,0.88705516
1384.8381,351.08572,1396.7932,338.35843,0.8573718
1404.3429,351.08572,1416.3408,338.25983,0.50697994
1423.8477,351.08572,1435.8131,338.93802,0.7685781
1443.3524,351.08572,1455.6569,339.52747,0.69569635
1462.8572,351.08572,1474.4541,338.9019,0.514009
1482.3619,351.08572,1494.0303,339.53088,0.6436622
1501.8667,351.08572,1513.9745,339.17487,0.88037527
1521.3715,351.08572,1534.3761,338.87042,0.8933732
1540.8762,351.08572,1553.7325,338.49435,0.8471405
1579.8857,351.08572,1592.3274,339.44513,0.46298203
1638.4,351.08572,1652.277,339.29492,0.9583781
1657.9048,351.08572,1670.9617,339.20407,0.88245636
1677.4095,351.08572,1690.1759,339.29874,0.9140123
1774.9333,351.08572,1789.6682,340.43152,0.81608343
1852.9524,351.08572,1866.8827,339.7757,0.83346325
1891.962,351.08572,1905.6312,339.8199,0.6814233
1911.4668,351.08572,1925.2814,340.38156,0.79969823
1950.4763,351.08572,1963.9751,340.08688,0.7160194
1969.9811,351.08572,1983.743,339.98096,0.36005703
58.51429,370.59048,70.88087,354.62192,0.74969673
78.01905,370.59048,89.41889,355.87906,0.96256924
97.52381,370.59048,109.9621,355.31702,0.9117478
117.02858,370.59048,129.0407,355.3331,0.615685
136.53334,370.59048,148.13947,355.72067,0.52934295
156.0381,370.59048,168.22531,355.64594,0.6484178
175.54286,370.59048,188.59695,354.62817,0.74072814
195.04762,370.59048,207.06696,355.69394,0.9635502
214.55238,370.59048,227.06044,355.31656,0.9680758
234.05716,370.59048,246.82788,356.04892,0.7969046
253.56192,370.59048,265.39795,355.4799,0.35109127
273.06668,370.59048,284.77057,355.6559,0.4934336
292.57144,370.59048,304.78647,355.69003,0.9863511
312.0762,370.59048,326.11102,354.9124,0.9830109
331.58096,370.59048,344.80978,356.09985,0.9835383
351.08572,370.59048,365.24637,355.3788,0.9852504
370.59048,370.59048,383.20886,355.81827,0.95260876
390.09525,370.59048,403.2797,355.9636,0.9804282
409.6,370.59048,423.82675,355.75424,0.9818886
429.10477,370.59048,440.7562,355.7156,0.98548996
448.60953,370.59048,462.29395,356.04144,0.98434997
468.11432,370.59048,481.27527,355.32733,0.94848335
487.61908,370.59048,499.663,355.96704,0.5503444
507.12384,370.59048,519.7102,356.45392,0.8868297
526.6286,370.59048,539.2304,355.73776,0.8477172
546.13336,370.59048,557.7972,355.96936,0.8799245
565.6381,370.59048,578.0409,355.72592,0.97699845
585.1429,370.59048,598.34985,356.52747,0.99643296
604.64764,370.59048,616.7702,356.78714,0.9981245
624.1524,370.59048,637.28485,356.1919,0.99712753
643.65717,370.59048,656.964,356.69562,0.97256047
663.1619,370.59048,676.3151,356.40924,0.6764201
682.6667,370.59048,694.2699,356.33606,0.4619791
702.17145,370.59048,715.4794,356.31757,0.6544123
721.6762,370.59048,733.6774,357.27066,0.70847124
741.18097,370.59048,754.0949,355.73602,0.9285384
760.6857,370.59048,772.77606,356.32846,0.9799898
780.1905,370.59048,792.30145,356.14056,0.96158314
799.69525,370.59048,811.74384,356.04065,0.99159145
819.2,370.59048,833.4765,356.46475,0.9976393
838.7048,370.59048,851.90265,356.07367,0.99772674
858.20953,370.59048,871.2566,356.75073,0.9914848
877.7143,370.59048,889.88306,356.64926,0.929561
897.21906,370.59048,909.6372,356.59933,0.96833235
916.7238,370.59048,929.1497,356.30667,0.90377605
936.22864,370.59048,948.78394,357.70477,0.8084651
955.7334,370.59048,968.52167,356.2945,0.863175
975.23816,370.59048,987.3301,356.29492,0.97377336
994.7429,370.59048,1006.7927,357.29276,0.9618741
1014.2477,370.59048,1027.1246,356.77118,0.9707069
1033.7524,370.59048,1045.639,357.02676,0.7401173
1053.2572,370.59048,1066.3213,356.83356,0.8203513
1072.762,370.59048,1084.7842,357.47266,0.71452785
1092.2667,370.59048,1105.2217,356.82922,0.78433365
1111.7715,370.59048,1123.1045,358.0459,0.94497937
1131.2762,370.59048,1142.6324,358.73602,0.9736991
1150.781,370.59048,1163.1671,357.30527,0.92890334
1170.2858,370.59048,1182.3851,357.21967,0.807675
1189.7905,370.59048,1201.718,357.7565,0.63914216
1248.3048,370.59048,1261.7544,357.49548,0.9196987
1267.8096,370.59048,1279.4518,358.70142,0.7464706
1287.3143,370.59048,1299.3158,357.9763,0.92847496
1306.8191,370.59048,1318.8573,357.74146,0.49907517
1326.3239,370.59048,1338.2255,358.1999,0.522463
1345.8286,370.59048,1358.8302,357.78796,0.894207
1365.3334,370.59048,1377.2495,359.04495,0.9566729
1384.8381,370.59048,1397.857,357.91415,0.8885436
1404.3429,370.59048,1416.8761,357.67453,0.88534606
1423.8477,370.59048,1437.1486,358.8799,0.467005
1443.3524,370.59048,1455.3998,359.30832,0.78163654
1462.8572,370.59048,1475.5022,358.484,0.60130763
1482.3619,370.59048,1494.4089,358.33313,0.38206604
1501.8667,370.59048,1514.2112,358.40738,0.49237764
1579.8857,370.59048,1591.7815,359.2156,0.6355505
1618.8953,370.59048,1630.7301,358.997,0.8929691
1677.4095,370.59048,1690.466,359.00455,0.8765537
1833.4476,370.59048,1845.8721,359.4803,0.7812848
1872.4573,370.59048,1886.2538,359.2985,0.8194946
58.51429,390.09525,71.04156,374.15518,0.7758449
78.01905,390.09525,91.134315,375.23035,0.9496523
97.52381,390.09525,109.40272,374.94083,0.89626837
117.02858,390.09525,129.24164,374.94455,0.77838635
136.53334,390.09525,148.31929,374.71124,0.47435796
156.0381,390.09525,169.27454,375.36816,0.2886021
175.54286,390.09525,189.08661,375.30615,0.9236796
195.04762,390.09525,207.74794,375.05066,0.96024615
214.55238,390.09525,227.06427,375.0678,0.9155337
234.05716,390.09525,246.39568,374.77844,0.8441317
253.56192,390.09525,266.71228,374.53378,0.89970624
273.06668,390.09525,285.63242,374.7263,0.82371145
292.57144,390.09525,305.8214,375.97577,0.9823854
312.0762,390.09525,324.18237,375.12015,0.9772495
331.58096,390.09525,344.7535,375.52536,0.95693535
351.08572,390.09525,364.5515,375.29865,0.99249
370.59048,390.09525,383.049,374.7904,0.9330223
390.09525,390.09525,401.65887,375.22214,0.8307114
409.6,390.09525,422.5442,375.22153,0.9908754
429.10477,390.09525,442.58246,375.60672,0.9933305
448.60953,390.09525,461.7221,376.31265,0.97851956
468.11432,390.09525,480.63718,375.5304,0.87850857
487.61908,390.09525,499.29678,375.78528,0.85003877
507.12384,390.09525,519.15265,375.6604,0.7873581
526.6286,390.09525,538.0805,375.33524,0.77835536
546.13336,390.09525,558.1385,374.91245,0.921879
565.6381,390.09525,578.54333,374.99872,0.9783476
585.1429,390.09525,596.6651,375.6636,0.99738055
604.64764,390.09525,616.9984,375.78934,0.99702823
624.1524,390.09525,637.3291,375.90598,0.99310255
643.65717,390.09525,656.8571,376.58768,0.92570764
663.1619,390.09525,674.2362,375.77664,0.9334807
682.6667,390.09525,696.0814,375.40344,0.7459461
702.17145,390.09525,715.7688,375.35724,0.5134853
721.6762,390.09525,734.17316,375.40298,0.7666816
741.18097,390.09525,753.3196,375.70358,0.96270597
760.6857,390.09525,773.5403,376.23788,0.97221446
780.1905,390.09525,792.42017,375.90646,0.92813426
799.69525,390.09525,811.83044,376.29675,0.96929395
819.2,390.09525,830.9522,376.2334,0.98451686
838.7048,390.09525,852.1049,375.38235,0.9938658
858.20953,390.09525,870.59296,376.27072,0.9835118
877.7143,390.09525,889.06433,376.40433,0.9615213
897.21906,390.09525,908.88965,376.39725,0.93754053
916.7238,390.09525,929.1715,376.3892,0.4874694
936.22864,390.09525,948.065,375.91144,0.67485607
955.7334,390.09525,968.23114,376.3574,0.92373854
975.23816,390.09525,986.68994,376.41888,0.71545917
994.7429,390.09525,1005.7736,376.44095,0.47966418
1014.2477,390.09525,1027.9182,376.54272,0.93973684
1033.7524,390.09525,1045.7897,376.022,0.963695
1053.2572,390.09525,1065.1487,376.19016,0.85682815
1092.2667,390.09525,1104.6562,377.28787,0.8410856
1111.7715,390.09525,1123.6539,376.6506,0.8629382
1131.2762,390.09525,1143.8369,377.58563,0.97286344
1150.781,390.09525,1163.8024,376.1042,0.9593318
1170.2858,390.09525,1183.1173,376.79068,0.8725018
1189.7905,390.09525,1202.0991,377.4145,0.88943815
1228.8,390.09525,1240.9092,376.65833,0.6741018
1248.3048,390.09525,1261.0377,376.97983,0.6269639
1267.8096,390.09525,1279.2688,377.2769,0.47421667
1287.3143,390.09525,1298.5562,378.88235,0.7147609
1306.8191,390.09525,1318.499,377.20578,0.64375657
1326.3239,390.09525,1337.8931,377.42795,0.77430564
1345.8286,390.09525,1358.1444,377.15894,0.9960779
1365.3334,390.09525,1378.2322,377.80417,0.9941863
1384.8381,390.09525,1398.5343,377.77344,0.96294934
1443.3524,390.09525,1455.8069,378.03476,0.4268337
1462.8572,390.09525,1474.6953,378.91193,0.88545394
1482.3619,390.09525,1495.7205,379.10248,0.80518705
1501.8667,390.09525,1514.5326,377.85297,0.44372958
1521.3715,390.09525,1533.4019,377.75882,0.7017299
1540.8762,390.09525,1554.5978,377.79932,0.8060705
1560.381,390.09525,1573.7852,378.31485,0.5051861
1618.8953,390.09525,1631.417,379.12543,0.57378864
1638.4,390.09525,1649.8468,378.52112,0.71848917
1696.9143,390.09525,1709.4724,378.43842,0.75152
1833.4476,390.09525,1846.136,378.4913,0.4067273
1852.9524,390.09525,1866.6412,378.7095,0.79074854
39.009525,409.6,51.776638,394.34232,0.2136826
58.51429,409.6,70.6534,394.31995,0.91234505
78.01905,409.6,90.91773,393.77554,0.98103553
97.52381,409.6,109.51426,394.00824,0.9245431
117.02858,409.6,129.36603,393.3717,0.7724609
136.53334,409.6,150.02063,394.96118,0.6473837
156.0381,409.6,169.04619,394.1209,0.46954092
175.54286,409.6,188.30583,394.98056,0.61126
195.04762,409.6,207.32233,393.90497,0.92229944
214.55238,409.6,227.37904,393.77115,0.93020666
234.05716,409.6,246.4417,393.6425,0.7660619
253.56192,409.6,266.3644,394.0588,0.86357725
273.06668,409.6,286.35095,394.64462,0.9795921
292.57144,409.6,305.8141,394.00824,0.9864021
312.0762,409.6,324.5678,394.83246,0.92916036
331.58096,409.6,344.58112,394.20328,0.9903847
351.08572,409.6,364.05652,394.75122,0.9973206
370.59048,409.6,385.29727,394.3943,0.9803186
390.09525,409.6,402.62872,394.76862,0.7493628
409.6,409.6,422.01028,394.26425,0.9092201
429.10477,409.6,442.33914,394.45105,0.97513
448.60953,409.6,461.24863,394.69623,0.88233495
468.11432,409.6,480.31482,394.91537,0.8712486
487.61908,409.6,500.62216,394.21423,0.85892284
507.12384,409.6,519.7943,395.0266,0.7150466
526.6286,409.6,538.31934,394.74326,0.6540298
546.13336,409.6,557.9083,395.2705,0.90693164
565.6381,409.6,578.74835,395.09354,0.98871654
585.1429,409.6,597.8165,395.00854,0.99155354
604.64764,409.6,617.13824,394.87057,0.9927629
624.1524,409.6,636.90076,395.06006,0.99248403
643.65717,409.6,654.83014,395.2081,0.97513074
663.1619,409.6,675.582,395.01758,0.9182366
682.6667,409.6,695.2697,394.6717,0.9124851
702.17145,409.6,716.37726,394.91467,0.3156409
721.6762,409.6,733.64276,395.5698,0.9101361
741.18097,409.6,753.79846,395.2454,0.9405361
760.6857,409.6,772.0747,395.51212,0.9847886
780.1905,409.6,791.9765,396.2859,0.99429345
799.69525,409.6,811.71,395.2462,0.9870789
819.2,409.6,831.82056,395.35287,0.98472714
838.7048,409.6,850.5797,395.10605,0.98111373
858.20953,409.6,870.38354,395.63342,0.9676346
877.7143,409.6,890.1666,395.9342,0.96030474
897.21906,409.6,910.40173,396.69504,0.724953
916.7238,409.6,928.9726,395.58115,0.71854484
936.22864,409.6,948.24805,396.08826,0.79364467
955.7334,409.6,968.1754,396.1744,0.85211575
975.23816,409.6,987.028,395.60245,0.93989635
994.7429,409.6,1006.8555,395.8698,0.9394956
1014.2477,409.6,1026.2012,395.81088,0.9049382
1033.7524,409.6,1046.568,396.97836,0.951716
1053.2572,409.6,1065.6427,395.5916,0.9468462
1072.762,409.6,1084.5116,396.0477,0.81870747
1092.2667,409.6,1104.1885,395.85397,0.4698801
1111.7715,409.6,1124.0242,395.64603,0.836352
1131.2762,409.6,1143.7174,396.66998,0.8162609
1150.781,409.6,1163.8019,395.74716,0.8127222
1170.2858,409.6,1183.167,396.1919,0.9724215
1189.7905,409.6,1202.2731,396.47018,0.9361809
1209.2953,409.6,1220.8918,396.56717,0.6632872
1228.8,409.6,1240.1534,397.19525,0.84788215
1248.3048,409.6,1260.1621,397.04037,0.6639031
1267.8096,409.6,1280.1589,396.7253,0.85883695
1287.3143,409.6,1299.8263,396.34058,0.6841007
1306.8191,409.6,1318.3535,396.75345,0.46039099
1326.3239,409.6,1337.4109,397.327,0.7671991
1345.8286,409.6,1358.8884,397.66956,0.98212874
1365.3334,409.6,1378.0588,397.6993,0.91537493
1384.8381,409.6,1397.8096,396.95038,0.9791011
1404.3429,409.6,1417.8151,397.30392,0.96601486
1423.8477,409.6,1436.232,396.862,0.71455723
1443.3524,409.6,1455.1804,397.2308,0.5764968
1462.8572,409.6,1476.2778,397.06088,0.78847414
1521.3715,409.6,1533.5172,397.51584,0.6170026
1540.8762,409.6,1554.7544,397.67175,0.83226657
1579.8857,409.6,1592.3726,397.81732,0.63365024
1618.8953,409.6,1631.5433,397.75034,0.57986337
1638.4,409.6,1651.5052,397.7192,0.9288955
1657.9048,409.6,1669.9862,397.88684,0.83201945
1677.4095,409.6,1690.6879,397.75162,0.9369502
1696.9143,409.6,1709.9928,398.5651,0.9160021
1833.4476,409.6,1846.221,398.83,0.7575576
1891.962,409.6,1905.6376,398.18726,0.87896353
1930.9716,409.6,1944.5767,398.68524,0.91425306
1950.4763,409.6,1961.9935,398.845,0.80350906
1969.9811,409.6,1981.9506,400.93997,0.25285888
39.009525,429.10477,51.012966,414.03452,0.77623814
58.51429,429.10477,70.067184,413.20163,0.7227624
78.01905,429.10477,90.154106,413.5261,0.9827541
97.52381,429.10477,109.2333,413.37244,0.92669046
117.02858,429.10477,129.07028,412.84286,0.8937324
136.53334,429.10477,149.51137,413.08853,0.46961227
156.0381,429.10477,168.9665,414.13528,0.24207124
175.54286,429.10477,188.64497,413.95273,0.38614938
195.04762,429.10477,208.12465,413.33347,0.88178205
214.55238,429.10477,227.32486,412.83517,0.9576097
234.05716,429.10477,246.43697,413.5336,0.6988731
253.56192,429.10477,267.23422,413.7316,0.8598604
273.06668,429.10477,286.0936,413.57227,0.9808542
292.57144,429.10477,306.4006,412.8966,0.9360287
312.0762,429.10477,326.06366,413.3939,0.98583287
331.58096,429.10477,343.86185,414.34607,0.829958
351.08572,429.10477,364.2308,414.28802,0.991663
370.59048,429.10477,382.92905,413.93417,0.98623806
390.09525,429.10477,402.01407,413.25348,0.9257619
409.6,429.10477,422.36557,414.15054,0.9016859
429.10477,429.10477,441.56888,413.5128,0.95504415
448.60953,429.10477,461.58618,413.62122,0.9098192
468.11432,429.10477,480.08643,413.9793,0.92717576
487.61908,429.10477,500.24414,413.8094,0.92078125
507.12384,429.10477,518.75793,414.49902,0.897659
526.6286,429.10477,539.1225,413.708,0.9176137
546.13336,429.10477,558.6503,414.86395,0.9300838
565.6381,429.10477,577.52826,414.7702,0.97440046
585.1429,429.10477,597.6909,414.35422,0.9804064
604.64764,429.10477,617.751,414.51865,0.98408496
624.1524,429.10477,636.031,414.4597,0.9734491
643.65717,429.10477,655.1675,414.70596,0.9509535
663.1619,429.10477,676.49756,414.98596,0.9712918
682.6667,429.10477,695.8351,414.95255,0.5958782
702.17145,429.10477,715.23627,414.5821,0.67823166
721.6762,429.10477,733.92926,414.76312,0.88286275
741.18097,429.10477,754.4527,414.87573,0.8432365
760.6857,429.10477,773.97095,414.493,0.8812707
780.1905,429.10477,792.1365,415.00076,0.9788295
799.69525,429.10477,811.25134,415.21414,0.97243905
819.2,429.10477,831.40247,414.6564,0.9763741
838.7048,429.10477,851.10205,414.6649,0.98148733
858.20953,429.10477,870.54865,414.89194,0.97728837
877.7143,429.10477,890.9647,414.99448,0.94139165
897.21906,429.10477,908.9359,414.92618,0.7441467
916.7238,429.10477,928.99976,415.0319,0.9135001
955.7334,429.10477,967.70215,415.1512,0.7061449
975.23816,429.10477,988.51013,414.7903,0.8929562
994.7429,429.10477,1006.37427,414.98862,0.9643521
1014.2477,429.10477,1027.4525,414.9879,0.66809756
1033.7524,429.10477,1046.577,416.3576,0.89161247
1053.2572,429.10477,1065.091,415.49905,0.89075285
1072.762,429.10477,1083.8657,416.99365,0.6247168
1092.2667,429.10477,1104.4141,415.5069,0.51023924
1111.7715,429.10477,1122.88,415.8481,0.7639029
1131.2762,429.10477,1143.9067,415.78693,0.822042
1150.781,429.10477,1164.7815,415.56805,0.91687715
1170.2858,429.10477,1183.4227,416.27893,0.952625
1189.7905,429.10477,1200.979,416.24655,0.62304795
1209.2953,429.10477,1220.8933,416.54324,0.39857188
1228.8,429.10477,1240.5554,415.77298,0.41007861
1248.3048,429.10477,1260.0447,416.744,0.54922736
1267.8096,429.10477,1280.6235,416.45166,0.60744053
1287.3143,429.10477,1299.5936,416.6467,0.80774844
1306.8191,429.10477,1318.8175,416.46762,0.45077536
1326.3239,429.10477,1338.8276,416.51273,0.6199212
1345.8286,429.10477,1359.6155,416.8185,0.93684036
1384.8381,429.10477,1398.3895,417.59464,0.91361743
1404.3429,429.10477,1416.8027,416.86963,0.9512646
1443.3524,429.10477,1456.3627,416.51913,0.81632096
1482.3619,429.10477,1495.2247,417.2486,0.9464979
1501.8667,429.10477,1514.7133,416.85806,0.9559343
1521.3715,429.10477,1534.3678,417.188,0.9687541
1540.8762,429.10477,1553.8544,417.02,0.78913665
1560.381,429.10477,1574.1758,416.94672,0.5520151
1579.8857,429.10477,1593.2075,417.86267,0.5864864
1618.8953,429.10477,1631.4386,416.85422,0.82431155
1638.4,429.10477,1651.3358,418.13693,0.82601017
1657.9048,429.10477,1671.9705,417.0918,0.6154177
1677.4095,429.10477,1690.9425,417.43314,0.930316
1716.4191,429.10477,1730.3539,417.72617,0.8417656
1735.9238,429.10477,1749.188,417.28275,0.4470528
1911.4668,429.10477,1924.9877,418.16974,0.83731276
1950.4763,429.10477,1963.4834,418.82816,0.5504015
39.009525,448.60953,52.316822,433.13086,0.89373296
58.51429,448.60953,71.33517,432.24368,0.9349533
78.01905,448.60953,89.89808,432.74673,0.98576534
97.52381,448.60953,108.528595,433.81458,0.96457404
117.02858,448.60953,129.91367,433.3394,0.8150255
136.53334,448.60953,149.64363,433.41922,0.89443916
156.0381,448.60953,168.66005,433.99005,0.7701802
175.54286,448.60953,189.17311,433.38745,0.34934306
195.04762,448.60953,207.60875,433.69263,0.778033
214.55238,448.60953,228.29572,433.22922,0.8998677
234.05716,448.60953,247.05977,433.59686,0.90812874
253.56192,448.60953,266.313,433.5577,0.9560805
273.06668,448.60953,286.43546,432.8158,0.9839278
292.57144,448.60953,305.89215,433.72858,0.94969344
312.0762,448.60953,325.49396,434.03522,0.9638598
331.58096,448.60953,343.67758,433.69272,0.9845971
351.08572,448.60953,364.12018,433.92184,0.9843022
370.59048,448.60953,382.6854,433.3634,0.9659084
390.09525,448.60953,402.2813,434.20828,0.98538816
409.6,448.60953,420.77298,433.89584,0.8871398
429.10477,448.60953,441.8894,433.26074,0.877138
448.60953,448.60953,460.91562,434.31137,0.73287237
468.11432,448.60953,479.63446,433.35214,0.9307836
487.61908,448.60953,499.74112,434.00723,0.96680117
507.12384,448.60953,518.6016,434.182,0.57474583
526.6286,448.60953,538.24286,434.12186,0.52578646
546.13336,448.60953,558.40674,433.98737,0.9327797
565.6381,448.60953,577.5025,434.1249,0.96892154
585.1429,448.60953,597.8766,434.26486,0.72478294
604.64764,448.60953,616.9965,434.03693,0.8418794
624.1524,448.60953,636.65985,434.2562,0.75639325
643.65717,448.60953,656.97736,434.2712,0.5367744
663.1619,448.60953,674.75586,435.35132,0.9547895
682.6667,448.60953,695.095,434.20462,0.88852674
702.17145,448.60953,715.08264,434.14017,0.9113493
721.6762,448.60953,734.4753,434.46796,0.9436311
741.18097,448.60953,754.6805,434.32806,0.91082495
760.6857,448.60953,772.52344,434.74792,0.42872253
780.1905,448.60953,791.56445,434.18958,0.85258156
819.2,448.60953,830.95764,434.61896,0.9174908
858.20953,448.60953,870.48224,434.15555,0.8995326
877.7143,448.60953,889.791,434.40137,0.8787682
897.21906,448.60953,909.8239,434.5921,0.9148542
916.7238,448.60953,928.2613,434.2946,0.95296437
936.22864,448.60953,949.595,434.25842,0.9751195
955.7334,448.60953,967.53955,434.68237,0.9193191
975.23816,448.60953,988.18134,435.75687,0.97425014
994.7429,448.60953,1006.87787,435.39236,0.9685864
1014.2477,448.60953,1026.4705,434.542,0.88700444
1033.7524,448.60953,1045.1929,435.77655,0.9897759
1053.2572,448.60953,1067.0203,435.9565,0.91828996
1072.762,448.60953,1084.9878,436.33813,0.8944742
1092.2667,448.60953,1105.8429,434.97244,0.85511667
1111.7715,448.60953,1123.6279,435.38794,0.5769118
1131.2762,448.60953,1142.5897,435.67212,0.6863648
1150.781,448.60953,1163.3566,435.3107,0.63362044
1170.2858,448.60953,1181.9814,435.06055,0.9176895
1189.7905,448.60953,1200.8373,436.06033,0.6828029
1209.2953,448.60953,1220.7612,435.2246,0.5154034
1228.8,448.60953,1239.7687,436.00015,0.23536612
1248.3048,448.60953,1260.6736,435.01807,0.80937207
1267.8096,448.60953,1281.13,435.79236,0.34980002
1287.3143,448.60953,1299.4829,435.93018,0.6939623
1306.8191,448.60953,1319.232,436.80167,0.80911535
1326.3239,448.60953,1338.5964,436.64722,0.78759646
1345.8286,448.60953,1358.177,436.1574,0.66688836
1365.3334,448.60953,1378.1841,436.26248,0.7823783
1384.8381,448.60953,1398.6782,436.15628,0.94049454
1443.3524,448.60953,1457.0969,435.86496,0.8959402
1462.8572,448.60953,1475.5223,436.14786,0.94828874
1482.3619,448.60953,1496.3583,436.2716,0.59651566
1521.3715,448.60953,1534.0297,436.74753,0.97987676
1560.381,448.60953,1573.0085,435.9527,0.8998762
1599.3905,448.60953,1612.1215,436.00598,0.9250166
1618.8953,448.60953,1632.5881,436.64807,0.8688037
1657.9048,448.60953,1671.8844,436.5774,0.9469241
1755.4286,448.60953,1769.6267,438.29935,0.7757973
1774.9333,448.60953,1789.1464,437.25644,0.24547246
1813.9429,448.60953,1828.8695,439.88873,0.3716734
1833.4476,448.60953,1846.2461,436.8868,0.63301075
1930.9716,448.60953,1944.3854,437.22534,0.6232419
1950.4763,448.60953,1964.1688,437.54514,0.26754034
39.009525,468.11432,49.821445,452.68085,0.87464815
58.51429,468.11432,70.78959,452.83514,0.5974676
78.01905,468.11432,90.48771,452.72934,0.82289124
97.52381,468.11432,109.066124,453.07974,0.9216329
117.02858,468.11432,129.99689,453.0532,0.65721565
136.53334,468.11432,149.19054,452.68536,0.92128855
156.0381,468.11432,167.7575,452.36594,0.76433235
175.54286,468.11432,188.13667,453.5379,0.54283464
195.04762,468.11432,207.41292,453.32733,0.8511502
214.55238,468.11432,226.6108,453.42078,0.95878744
234.05716,468.11432,246.70206,452.63135,0.967603
253.56192,468.11432,265.97614,452.4196,0.9851974
273.06668,468.11432,286.70685,452.3944,0.88506466
292.57144,468.11432,304.66168,452.891,0.99636066
312.0762,468.11432,325.7053,452.99484,0.9623559
331.58096,468.11432,344.04837,452.6611,0.9555873
351.08572,468.11432,364.92737,452.7465,0.8349897
370.59048,468.11432,381.71667,452.95932,0.9263352
390.09525,468.11432,401.88303,453.2061,0.95099026
409.6,468.11432,420.715,452.8292,0.95356405
429.10477,468.11432,440.26956,452.48663,0.9227074
448.60953,468.11432,460.60147,453.10425,0.894923
468.11432,468.11432,481.09024,453.611,0.9291123
487.61908,468.11432,500.7774,454.52676,0.8195897
507.12384,468.11432,520.46326,452.99982,0.5726874
526.6286,468.11432,538.1409,453.10825,0.55447143
546.13336,468.11432,558.8207,453.6076,0.9883413
565.6381,468.11432,578.76605,453.45096,0.9914395
585.1429,468.11432,596.4807,453.90503,0.73103184
604.64764,468.11432,617.51,453.4985,0.27067557
624.1524,468.11432,637.0094,453.6314,0.2810965
643.65717,468.11432,655.2882,454.25043,0.6985295
663.1619,468.11432,674.69104,453.58456,0.872187
682.6667,468.11432,695.9018,454.47018,0.95668626
702.17145,468.11432,715.5633,454.00217,0.9100643
721.6762,468.11432,734.24915,453.54303,0.7646651
741.18097,468.11432,753.77985,453.3019,0.6215102
760.6857,468.11432,772.55316,454.85318,0.8371235
780.1905,468.11432,793.15,454.95575,0.6484612
799.69525,468.11432,812.7563,454.45032,0.7671809
819.2,468.11432,831.9109,455.18146,0.93952686
838.7048,468.11432,850.49554,453.81448,0.9757855
858.20953,468.11432,870.02295,454.9074,0.99080724
877.7143,468.11432,889.34436,454.38904,0.90100366
897.21906,468.11432,909.5835,454.08603,0.7224572
916.7238,468.11432,928.92346,453.75546,0.98571676
936.22864,468.11432,949.9625,454.2587,0.94932455
955.7334,468.11432,969.06036,454.40732,0.90497625
975.23816,468.11432,989.65686,454.87384,0.8222454
994.7429,468.11432,1006.68823,454.89716,0.84667706
1014.2477,468.11432,1026.9993,455.3175,0.61327493
1033.7524,468.11432,1047.6624,453.9548,0.9827555
1053.2572,468.11432,1066.7947,454.5892,0.9808284
1072.762,468.11432,1085.5863,454.14014,0.98095274
1092.2667,468.11432,1106.0835,454.6376,0.8626274
1131.2762,468.11432,1143.8917,455.0852,0.2678676
1150.781,468.11432,1164.4951,454.4437,0.751692
1189.7905,468.11432,1200.8904,456.28268,0.5059272
1228.8,468.11432,1241.7937,455.23563,0.45924613
1248.3048,468.11432,1259.3665,455.38696,0.6810428
1267.8096,468.11432,1281.6376,454.93985,0.95945656
1287.3143,468.11432,1301.213,456.33234,0.9059962
1306.8191,468.11432,1319.0005,456.08163,0.80762374
1326.3239,468.11432,1338.3734,455.78082,0.21237196
1345.8286,468.11432,1357.0902,456.47855,0.32175276
1365.3334,468.11432,1378.683,454.90988,0.3070142
1384.8381,468.11432,1397.52,455.052,0.81027305
1404.3429,468.11432,1417.4585,455.0629,0.83570194
1423.8477,468.11432,1436.5825,455.82227,0.7610571
1443.3524,468.11432,1455.793,455.12152,0.73446614
1462.8572,468.11432,1477.5717,456.18533,0.25605533
1482.3619,468.11432,1495.7258,455.40317,0.5132343
1501.8667,468.11432,1514.747,455.26123,0.6975153
1560.381,468.11432,1573.0385,455.47034,0.8621708
1618.8953,468.11432,1632.2318,455.74002,0.8894368
1638.4,468.11432,1652.2559,455.87933,0.9796104
1657.9048,468.11432,1671.6157,455.9571,0.96295357
1677.4095,468.11432,1690.7013,455.90475,0.9490703
1794.4381,468.11432,1808.3252,456.80734,0.2869273
39.009525,487.61908,50.990337,471.83264,0.82990825
58.51429,487.61908,70.59447,472.25296,0.87132174
78.01905,487.61908,91.23963,472.28894,0.9027172
97.52381,487.61908,109.679535,472.33896,0.94706064
117.02858,487.61908,128.63377,472.71695,0.7943025
136.53334,487.61908,148.35114,472.16888,0.91926044
156.0381,487.61908,168.38182,472.21167,0.8482256
175.54286,487.61908,188.59796,471.98877,0.91253793
195.04762,487.61908,207.71806,472.24213,0.888908
214.55238,487.61908,228.07347,471.76218,0.927077
234.05716,487.61908,247.64285,471.8224,0.9841764
253.56192,487.61908,266.7185,472.585,0.9869543
273.06668,487.61908,286.47873,473.18668,0.9499821
292.57144,487.61908,305.4048,472.48428,0.9849858
312.0762,487.61908,324.26645,472.78333,0.95825464
331.58096,487.61908,344.35492,472.26144,0.9332477
351.08572,487.61908,364.699,472.47513,0.829464
370.59048,487.61908,383.56512,473.49905,0.96890754
390.09525,487.61908,401.97244,472.99756,0.99066216
409.6,487.61908,422.22864,472.80313,0.9261391
429.10477,487.61908,440.54364,473.03918,0.9482501
448.60953,487.61908,460.18085,473.177,0.8744228
468.11432,487.61908,481.4778,473.0721,0.9937606
487.61908,487.61908,498.75992,472.9466,0.9023817
507.12384,487.61908,519.4166,472.61053,0.89873886
526.6286,487.61908,538.9263,473.05484,0.9962651
546.13336,487.61908,559.3529,472.87866,0.9990287
565.6381,487.61908,577.7092,473.6337,0.99571997
585.1429,487.61908,597.5636,473.02313,0.98986477
604.64764,487.61908,616.9762,472.81543,0.9090496
624.1524,487.61908,636.2876,473.14972,0.73227906
643.65717,487.61908,655.9119,472.77917,0.61343074
663.1619,487.61908,674.84564,473.17944,0.7835021
682.6667,487.61908,695.0807,473.40576,0.8261632
702.17145,487.61908,714.83746,473.01736,0.85682464
721.6762,487.61908,735.57794,473.2425,0.92815655
741.18097,487.61908,754.2312,473.4332,0.9689418
760.6857,487.61908,773.7448,473.0884,0.95944154
780.1905,487.61908,793.03217,473.60425,0.90543914
799.69525,487.61908,811.75256,473.66534,0.9758224
819.2,487.61908,831.3915,473.74274,0.9957623
838.7048,487.61908,851.4737,473.57443,0.9965778
858.20953,487.61908,869.9965,473.61353,0.97658044
877.7143,487.61908,889.2351,473.06082,0.9571244
897.21906,487.61908,909.72076,473.6457,0.94994956
916.7238,487.61908,930.10645,472.96436,0.96501523
936.22864,487.61908,949.4095,473.96814,0.8636329
955.7334,487.61908,968.4541,473.68115,0.8425116
975.23816,487.61908,986.44946,473.68915,0.66747296
994.7429,487.61908,1006.5646,474.48715,0.50550056
1014.2477,487.61908,1027.4517,473.56775,0.8157075
1033.7524,487.61908,1046.6107,473.15613,0.9432131
1053.2572,487.61908,1066.3878,473.57486,0.974866
1072.762,487.61908,1085.3992,473.6332,0.97130823
1092.2667,487.61908,1104.8964,473.3517,0.92289823
1111.7715,487.61908,1124.5112,475.04987,0.6652886
1131.2762,487.61908,1143.272,473.8753,0.53855854
1150.781,487.61908,1162.5085,474.03473,0.91497487
1170.2858,487.61908,1183.5468,474.237,0.9315553
1189.7905,487.61908,1203.5483,475.49173,0.45616418
1209.2953,487.61908,1222.711,474.86502,0.22432196
1228.8,487.61908,1241.6263,475.34094,0.37334254
1267.8096,487.61908,1280.7681,474.58087,0.84425527
1287.3143,487.61908,1301.2435,474.44153,0.91617155
1306.8191,487.61908,1319.5338,475.71103,0.81307924
1326.3239,487.61908,1340.0092,475.08997,0.57887065
1345.8286,487.61908,1358.3783,475.55246,0.64828265
1365.3334,487.61908,1377.9446,474.71753,0.39706418
1384.8381,487.61908,1397.4677,475.4603,0.85748965
1404.3429,487.61908,1417.3231,475.86224,0.68570304
1423.8477,487.61908,1437.0131,475.35782,0.62018573
1443.3524,487.61908,1456.1818,475.22614,0.8947146
1462.8572,487.61908,1476.3718,475.56613,0.82673484
1482.3619,487.61908,1494.9005,475.31653,0.6932462
1501.8667,487.61908,1513.9814,475.531,0.92622685
1521.3715,487.61908,1534.6642,475.52658,0.94397
1560.381,487.61908,1573.5194,475.20575,0.79255074
1618.8953,487.61908,1631.3439,475.57938,0.80143636
1638.4,487.61908,1651.1489,475.89764,0.91246897
1657.9048,487.61908,1670.9427,475.39383,0.88559645
1716.4191,487.61908,1727.8821,475.9738,0.79748636
1735.9238,487.61908,1749.7631,475.86993,0.74768674
1755.4286,487.61908,1769.8145,476.08942,0.6642564
1852.9524,487.61908,1866.0431,476.8516,0.84058833
1911.4668,487.61908,1924.8527,476.7509,0.8819121
1930.9716,487.61908,1942.9507,476.45605,0.8905126
39.009525,507.12384,51.280895,491.6324,0.78447056
58.51429,507.12384,72.07777,491.9977,0.81944937
78.01905,507.12384,91.28091,492.10507,0.9480738
97.52381,507.12384,110.21771,491.9078,0.94101745
156.0381,507.12384,169.10995,491.96445,0.37425333
175.54286,507.12384,187.7514,491.802,0.9459338
195.04762,507.12384,207.86775,492.77573,0.95241654
214.55238,507.12384,226.73024,492.42984,0.9319976
234.05716,507.12384,247.9269,491.9241,0.8996091
253.56192,507.12384,266.8092,491.30664,0.97464097
273.06668,507.12384,287.31564,492.82373,0.87276924
292.57144,507.12384,305.2275,492.32928,0.96330476
312.0762,507.12384,325.8989,492.05396,0.9066003
331.58096,507.12384,346.37625,491.79855,0.66473997
351.08572,507.12384,364.7002,491.98807,0.9508598
370.59048,507.12384,384.04346,492.44058,0.9283719
390.09525,507.12384,402.1108,492.51602,0.786147
409.6,507.12384,422.12442,492.60568,0.9369607
429.10477,507.12384,441.47125,492.16006,0.8834062
448.60953,507.12384,461.9519,492.08676,0.9894181
468.11432,507.12384,480.83533,493.07245,0.9944563
487.61908,507.12384,499.42792,492.69864,0.96747285
507.12384,507.12384,519.5314,492.4174,0.9811366
526.6286,507.12384,539.3415,492.57068,0.9859455
546.13336,507.12384,558.34766,492.29138,0.9970749
565.6381,507.12384,578.42505,492.8955,0.98098564
585.1429,507.12384,597.62683,492.40533,0.98744965
604.64764,507.12384,616.32574,492.82144,0.9368887
624.1524,507.12384,636.3641,492.47104,0.7281612
643.65717,507.12384,655.9538,493.0396,0.60272557
663.1619,507.12384,675.77637,492.95187,0.82239944
682.6667,507.12384,695.4727,493.87997,0.9652091
702.17145,507.12384,716.7253,492.86856,0.98477066
721.6762,507.12384,734.74475,492.99942,0.9808938
741.18097,507.12384,753.05347,492.62354,0.9201112
760.6857,507.12384,773.9377,492.80618,0.9928664
780.1905,507.12384,792.94135,492.93237,0.99223685
799.69525,507.12384,811.96204,492.85193,0.982141
819.2,507.12384,832.0873,492.6748,0.98866504
838.7048,507.12384,850.4656,492.80908,0.99376905
858.20953,507.12384,871.0468,493.1676,0.88791656
877.7143,507.12384,890.8653,493.52985,0.6139208
897.21906,507.12384,910.6018,492.67432,0.3768056
916.7238,507.12384,931.97144,493.71216,0.93416184
936.22864,507.12384,950.4218,493.75168,0.8800387
955.7334,507.12384,967.864,492.63193,0.823195
975.23816,507.12384,987.72864,492.85132,0.54642636
994.7429,507.12384,1009.5246,493.6246,0.29857546
1014.2477,507.12384,1028.3824,494.38397,0.8259756
1033.7524,507.12384,1045.7821,492.79712,0.82375157
1053.2572,507.12384,1065.2098,493.3551,0.6723801
1072.762,507.12384,1084.4583,493.4421,0.860659
1111.7715,507.12384,1124.7723,493.1609,0.87089235
1131.2762,507.12384,1144.7078,493.61673,0.92400897
1150.781,507.12384,1163.3927,493.1198,0.9731046
1170.2858,507.12384,1182.7144,493.3359,0.9795875
1189.7905,507.12384,1202.6517,494.49393,0.46144596
1209.2953,507.12384,1221.7212,494.52103,0.23673625
1228.8,507.12384,1241.7489,493.77502,0.58749735
1267.8096,507.12384,1280.094,494.4954,0.9107057
1287.3143,507.12384,1300.8274,494.90952,0.88296765
1306.8191,507.12384,1319.7249,494.68497,0.6019538
1345.8286,507.12384,1357.7109,493.87015,0.50688964
1365.3334,507.12384,1377.3763,494.2156,0.23905866
1384.8381,507.12384,1397.3882,494.84735,0.7005836
1404.3429,507.12384,1416.6653,494.22168,0.722573
1423.8477,507.12384,1435.8823,494.0389,0.9193165
1443.3524,507.12384,1456.827,494.0066,0.9176935
1462.8572,507.12384,1474.3353,496.14783,0.5522146
1482.3619,507.12384,1494.178,495.0268,0.69016933
1501.8667,507.12384,1514.4222,494.93723,0.8280078
1521.3715,507.12384,1534.3337,495.6636,0.82502484
1540.8762,507.12384,1555.1467,494.90305,0.8121948
1560.381,507.12384,1574.6412,496.323,0.84108096
1579.8857,507.12384,1592.6936,495.7769,0.8693246
1599.3905,507.12384,1611.5604,494.6784,0.81013906
1618.8953,507.12384,1632.0922,494.9857,0.93749416
1638.4,507.12384,1651.5087,495.1257,0.9483107
1657.9048,507.12384,1670.6649,494.73935,0.964015
1716.4191,507.12384,1728.6302,494.97635,0.45337415
1872.4573,507.12384,1885.8158,495.62952,0.8175728
1891.962,507.12384,1904.5161,495.655,0.675623
1911.4668,507.12384,1924.4169,495.81564,0.5526333
1930.9716,507.12384,1944.2598,495.939,0.9611257
39.009525,526.6286,51.59028,511.42572,0.8415061
58.51429,526.6286,71.222565,511.3457,0.9398906
78.01905,526.6286,90.52613,510.50723,0.93821377
97.52381,526.6286,110.04007,510.52875,0.81365657
117.02858,526.6286,128.97516,511.22858,0.53355646
136.53334,526.6286,148.31036,511.17368,0.7755007
156.0381,526.6286,167.9325,511.1305,0.8450851
175.54286,526.6286,187.72932,511.51956,0.89960974
195.04762,526.6286,206.80179,511.3071,0.8819795
214.55238,526.6286,228.6958,511.3195,0.90553856
234.05716,526.6286,247.76466,511.47787,0.9501036
253.56192,526.6286,267.7237,511.38974,0.9656825
273.06668,526.6286,285.22992,511.28394,0.94203556
292.57144,526.6286,305.71375,511.58908,0.87594044
312.0762,526.6286,323.637,512.40784,0.5020186
331.58096,526.6286,345.55646,512.2946,0.53824335
351.08572,526.6286,363.71936,511.58054,0.9242323
370.59048,526.6286,383.35178,512.1204,0.9607491
390.09525,526.6286,402.3721,511.73605,0.8628177
409.6,526.6286,422.1993,512.01666,0.9595254
429.10477,526.6286,441.29724,511.07767,0.976471
448.60953,526.6286,462.67874,512.03546,0.98030806
468.11432,526.6286,480.7261,512.464,0.99144834
487.61908,526.6286,499.73398,512.03644,0.96500695
507.12384,526.6286,520.1935,512.20105,0.9665717
526.6286,526.6286,539.60535,512.84186,0.9516217
546.13336,526.6286,558.29913,511.84207,0.9832305
565.6381,526.6286,578.0869,511.61542,0.9869879
585.1429,526.6286,597.37506,511.85538,0.9720755
604.64764,526.6286,616.54944,512.22046,0.84869146
624.1524,526.6286,637.0995,511.75528,0.41384614
643.65717,526.6286,655.1656,511.96686,0.36769924
663.1619,526.6286,675.2363,512.04895,0.57996094
682.6667,526.6286,695.72107,512.71356,0.8994869
702.17145,526.6286,715.5822,511.9077,0.9425902
721.6762,526.6286,733.2486,512.17303,0.7379371
741.18097,526.6286,754.10205,512.07697,0.688834
760.6857,526.6286,772.76196,512.0357,0.99542046
780.1905,526.6286,793.6053,512.26025,0.998902
819.2,526.6286,832.0714,512.76575,0.9951223
838.7048,526.6286,851.76404,512.24475,0.94790584
858.20953,526.6286,869.78394,512.8656,0.64892185
877.7143,526.6286,889.0312,513.1003,0.73002607
897.21906,526.6286,908.9472,512.55804,0.42432335
916.7238,526.6286,928.73035,512.9249,0.5579154
936.22864,526.6286,948.69006,512.7075,0.9564019
955.7334,526.6286,969.0998,512.5105,0.8896349
975.23816,526.6286,987.75336,512.6387,0.83215797
994.7429,526.6286,1008.8201,513.3084,0.63584554
1014.2477,526.6286,1026.607,514.071,0.66796565
1033.7524,526.6286,1046.7805,513.91174,0.6229131
1053.2572,526.6286,1066.6688,512.34644,0.67514706
1072.762,526.6286,1086.3105,514.2819,0.9504024
1092.2667,526.6286,1104.0051,512.8639,0.9626515
1111.7715,526.6286,1124.1392,513.82153,0.9551741
1150.781,526.6286,1164.2373,513.1295,0.99002117
1170.2858,526.6286,1185.0153,513.7162,0.98195213
1189.7905,526.6286,1204.3047,513.0192,0.742117
1209.2953,526.6286,1222.0354,513.29517,0.64266545
1228.8,526.6286,1241.6154,512.9655,0.60856926
1248.3048,526.6286,1261.8713,513.72107,0.79555935
1267.8096,526.6286,1279.7561,515.2986,0.72970307
1287.3143,526.6286,1299.7234,514.367,0.8399057
1306.8191,526.6286,1318.5135,514.1497,0.7676257
1326.3239,526.6286,1338.6742,513.92255,0.5365619
1345.8286,526.6286,1356.7802,514.40155,0.49649873
1365.3334,526.6286,1378.1649,514.097,0.49243823
1384.8381,526.6286,1397.258,513.9572,0.6030022
1404.3429,526.6286,1416.2369,513.6822,0.870732
1423.8477,526.6286,1436.7118,514.9499,0.9422732
1443.3524,526.6286,1456.1008,514.5588,0.6591325
1462.8572,526.6286,1473.6262,514.66785,0.7329692
1482.3619,526.6286,1493.8387,514.7772,0.4575396
1521.3715,526.6286,1533.845,514.0173,0.7260849
1540.8762,526.6286,1554.5441,515.0975,0.97156024
1560.381,526.6286,1574.6249,515.54333,0.94354475
1599.3905,526.6286,1612.6681,514.2498,0.74491847
1618.8953,526.6286,1631.1649,514.5694,0.9146746
1638.4,526.6286,1651.398,514.66364,0.9774869
1657.9048,526.6286,1670.9237,514.8152,0.966838
1677.4095,526.6286,1690.8748,514.655,0.9361834
1696.9143,526.6286,1708.6764,514.9511,0.85337114
1735.9238,526.6286,1748.2659,514.598,0.92408586
1755.4286,526.6286,1767.6436,515.0264,0.96752375
1813.9429,526.6286,1827.3536,514.8206,0.9356494
1833.4476,526.6286,1846.9175,515.6019,0.6483672
1852.9524,526.6286,1865.9767,515.34467,0.8275529
1911.4668,526.6286,1923.6487,516.0253,0.49024463
1969.9811,526.6286,1982.0756,515.56586,0.5530838
39.009525,546.13336,51.8102,530.08057,0.81890255
58.51429,546.13336,71.67134,530.7162,0.9170845
78.01905,546.13336,90.73045,530.3831,0.9434146
97.52381,546.13336,110.42202,530.55615,0.7178618
117.02858,546.13336,128.34418,529.4461,0.862035
136.53334,546.13336,150.70673,531.0663,0.92537904
156.0381,546.13336,167.75641,531.3302,0.7747153
175.54286,546.13336,187.0645,530.8185,0.33037168
195.04762,546.13336,206.14362,531.1922,0.8975134
214.55238,546.13336,228.21912,530.8,0.9719253
234.05716,546.13336,247.74165,530.63104,0.9538704
253.56192,546.13336,266.8872,530.801,0.8414352
273.06668,546.13336,285.81827,530.90894,0.882652
292.57144,546.13336,306.07446,530.82733,0.46079263
351.08572,546.13336,363.68845,531.5794,0.8562219
370.59048,546.13336,383.8687,531.3488,0.88787144
390.09525,546.13336,403.24875,531.1607,0.6883819
409.6,546.13336,421.5765,531.14795,0.9781441
429.10477,546.13336,441.9893,531.3746,0.9603872
448.60953,546.13336,462.10925,531.2021,0.9797106
468.11432,546.13336,480.90445,531.41797,0.9795362
487.61908,546.13336,499.99213,531.4782,0.9755092
507.12384,546.13336,520.5368,531.3797,0.97688127
526.6286,546.13336,539.8716,531.75555,0.9683893
546.13336,546.13336,558.351,531.1094,0.8952364
565.6381,546.13336,577.25793,531.64813,0.8854723
585.1429,546.13336,596.3445,531.77423,0.9292012
604.64764,546.13336,616.7023,532.0712,0.5092676
624.1524,546.13336,635.9764,532.2613,0.5764864
643.65717,546.13336,655.60376,531.5886,0.5283033
663.1619,546.13336,674.9347,531.33594,0.7227191
682.6667,546.13336,695.1009,531.57196,0.4877216
702.17145,546.13336,715.22375,531.4376,0.498364
721.6762,546.13336,732.80054,531.5244,0.80107385
741.18097,546.13336,752.82935,531.9823,0.9544263
760.6857,546.13336,773.1678,532.0142,0.9932187
780.1905,546.13336,793.36804,531.7213,0.9960126
799.69525,546.13336,811.99414,531.7708,0.98565567
819.2,546.13336,830.5852,531.8066,0.99328643
838.7048,546.13336,850.6762,531.7967,0.95296806
858.20953,546.13336,870.6821,531.7884,0.6497537
877.7143,546.13336,890.06995,531.8701,0.39770228
897.21906,546.13336,910.2426,532.7591,0.66107965
916.7238,546.13336,929.46136,532.77234,0.85324913
936.22864,546.13336,949.30676,532.7574,0.91538185
955.7334,546.13336,966.971,532.9055,0.9550757
975.23816,546.13336,987.96014,533.28516,0.97226167
994.7429,546.13336,1008.33984,532.0444,0.97421986
1014.2477,546.13336,1027.3638,532.15875,0.8882058
1033.7524,546.13336,1045.8756,532.3042,0.7905038
1053.2572,546.13336,1064.6174,532.17615,0.74574876
1072.762,546.13336,1086.1661,532.2524,0.9412268
1092.2667,546.13336,1103.7832,532.2703,0.84271777
1111.7715,546.13336,1125.1658,533.1252,0.9074282
1131.2762,546.13336,1144.4812,533.0917,0.81499815
1150.781,546.13336,1163.8881,533.3642,0.94596416
1170.2858,546.13336,1182.8148,534.0277,0.93504727
1189.7905,546.13336,1202.5493,532.19556,0.70968646
1209.2953,546.13336,1223.1843,532.38776,0.81520563
1267.8096,546.13336,1281.0425,533.78925,0.48788515
1287.3143,546.13336,1299.6616,534.3573,0.40088955
1306.8191,546.13336,1318.9475,532.7756,0.31443682
1326.3239,546.13336,1339.006,532.5448,0.60076547
1365.3334,546.13336,1376.8761,533.5694,0.21620505
1384.8381,546.13336,1396.9459,534.3826,0.4250862
1404.3429,546.13336,1417.2617,534.0441,0.3869611
1423.8477,546.13336,1437.5369,533.83124,0.7450475
1443.3524,546.13336,1456.7441,533.31555,0.8661347
1462.8572,546.13336,1475.145,534.1224,0.60310096
1482.3619,546.13336,1495.4863,534.27435,0.44503957
1501.8667,546.13336,1514.2559,533.512,0.68628883
1521.3715,546.13336,1533.5703,534.2918,0.78449506
1540.8762,546.13336,1553.6654,534.32825,0.8166767
1560.381,546.13336,1573.052,534.64886,0.7401648
1599.3905,546.13336,1612.3247,534.56,0.9094992
1618.8953,546.13336,1631.9094,533.95795,0.8665944
1638.4,546.13336,1651.8883,533.60876,0.96632105
1657.9048,546.13336,1670.615,534.7089,0.6663196
1677.4095,546.13336,1690.5703,534.8663,0.28222668
1696.9143,546.13336,1709.0149,534.0686,0.76749444
1735.9238,546.13336,1748.6086,533.9775,0.9788172
1755.4286,546.13336,1767.6931,534.40643,0.84803677
1813.9429,546.13336,1827.1045,534.1795,0.7750564
1833.4476,546.13336,1847.1213,534.552,0.75220907
1852.9524,546.13336,1865.1833,534.8057,0.84911686
1911.4668,546.13336,1924.6642,534.96625,0.27263054
1930.9716,546.13336,1945.0742,535.0273,0.4608231
58.51429,565.6381,71.13496,550.7094,0.554831
78.01905,565.6381,90.37125,550.59863,0.57135904
97.52381,565.6381,109.94074,549.9785,0.37417236
117.02858,565.6381,129.06642,549.5182,0.73458326
136.53334,565.6381,149.49164,550.7038,0.79055065
156.0381,565.6381,168.88327,551.16644,0.84782475
175.54286,565.6381,188.27567,550.09607,0.69383454
195.04762,565.6381,207.45361,550.9725,0.95418525
214.55238,565.6381,228.14983,550.8909,0.92649347
234.05716,565.6381,247.91588,550.4745,0.84098685
253.56192,565.6381,265.92804,550.77905,0.8952292
273.06668,565.6381,286.43878,550.99316,0.964656
292.57144,565.6381,304.93594,550.65234,0.9109525
312.0762,565.6381,325.16336,550.607,0.902468
331.58096,565.6381,344.28482,550.8222,0.88965774
351.08572,565.6381,364.25555,550.8564,0.5759719
370.59048,565.6381,383.95523,550.8537,0.8632724
390.09525,565.6381,403.09824,550.79596,0.9078659
409.6,565.6381,422.48416,550.5932,0.96486735
429.10477,565.6381,442.25488,550.9322,0.9232651
448.60953,565.6381,461.655,550.77765,0.90799
468.11432,565.6381,480.84656,550.9783,0.7459682
487.61908,565.6381,500.75275,551.17084,0.9909521
507.12384,565.6381,520.41284,550.84155,0.9759249
526.6286,565.6381,539.611,550.59607,0.9150906
546.13336,565.6381,559.843,550.852,0.65478504
565.6381,565.6381,579.5159,550.9622,0.82246584
585.1429,565.6381,598.22437,551.25073,0.8696997
604.64764,565.6381,617.30005,551.0799,0.709408
624.1524,565.6381,637.7313,551.2734,0.92491204
643.65717,565.6381,657.05347,550.2339,0.6330265
663.1619,565.6381,676.58887,550.5922,0.31400254
682.6667,565.6381,695.0139,550.7813,0.5960987
702.17145,565.6381,714.2502,551.62115,0.58874416
721.6762,565.6381,733.3613,551.2972,0.994157
741.18097,565.6381,752.8681,551.11957,0.9895565
760.6857,565.6381,772.72833,551.5008,0.9951494
780.1905,565.6381,793.3521,551.06525,0.9990422
799.69525,565.6381,811.2219,550.8029,0.99869347
819.2,565.6381,830.7759,551.64453,0.9972153
838.7048,565.6381,851.0664,551.0528,0.96644837
858.20953,565.6381,870.5227,551.2421,0.9398568
877.7143,565.6381,890.5366,551.8246,0.9491117
897.21906,565.6381,910.33777,552.0041,0.97725475
916.7238,565.6381,929.09937,551.82117,0.96862394
936.22864,565.6381,950.4849,551.3677,0.9848972
955.7334,565.6381,969.87,552.4407,0.9598692
975.23816,565.6381,988.7477,551.3671,0.9844285
994.7429,565.6381,1008.36743,552.23584,0.9926965
1014.2477,565.6381,1027.3567,551.3303,0.94671416
1033.7524,565.6381,1046.6376,552.0505,0.92079127
1053.2572,565.6381,1064.9785,552.04694,0.9499434
1072.762,565.6381,1085.6599,551.99133,0.9781689
1092.2667,565.6381,1106.3446,551.87756,0.989629
1111.7715,565.6381,1125.072,552.14606,0.8926146
1131.2762,565.6381,1143.9352,552.5746,0.556793
1150.781,565.6381,1164.0176,552.68164,0.67176914
1170.2858,565.6381,1182.6683,552.47437,0.8582599
1189.7905,565.6381,1202.967,552.2654,0.66336435
1209.2953,565.6381,1223.0347,551.6961,0.39003658
1248.3048,565.6381,1261.7661,552.38135,0.39576855
1267.8096,565.6381,1281.0037,552.8213,0.86517245
1306.8191,565.6381,1320.7158,553.66583,0.45119148
1326.3239,565.6381,1338.7306,553.3617,0.8459819
1365.3334,565.6381,1377.5,552.6817,0.45903072
1404.3429,565.6381,1418.1207,552.9499,0.885466
1423.8477,565.6381,1437.7523,553.3692,0.8497733
1443.3524,565.6381,1457.3102,553.12244,0.7965621
1462.8572,565.6381,1476.1073,553.51886,0.4806271
1482.3619,565.6381,1493.8297,553.6528,0.2498551
1501.8667,565.6381,1514.713,554.0666,0.44762748
1521.3715,565.6381,1533.7197,554.44257,0.47810444
1540.8762,565.6381,1553.9747,552.7945,0.6605554
1560.381,565.6381,1573.4764,553.3821,0.9336724
1579.8857,565.6381,1592.2655,553.87036,0.9124493
1599.3905,565.6381,1611.2411,554.0041,0.9562118
1618.8953,565.6381,1632.3375,553.341,0.9752036
1638.4,565.6381,1651.4845,553.56903,0.9780151
1735.9238,565.6381,1749.5446,554.0986,0.9224284
1774.9333,565.6381,1788.1547,553.5282,0.8631117
1813.9429,565.6381,1826.7183,554.2522,0.79722923
1891.962,565.6381,1904.4846,554.5792,0.3467257
1911.4668,565.6381,1924.9159,554.25934,0.52962714
1969.9811,565.6381,1983.3352,554.4864,0.8712278
39.009525,585.1429,52.227066,570.13794,0.5028295
58.51429,585.1429,71.69758,568.82916,0.23740654
78.01905,585.1429,89.58427,570.0851,0.5804521
97.52381,585.1429,110.48308,570.2603,0.5198034
117.02858,585.1429,129.23183,569.3405,0.6005413
136.53334,585.1429,147.54192,570.11017,0.6205695
156.0381,585.1429,167.8068,570.1604,0.40412632
175.54286,585.1429,188.54588,570.0437,0.77061605
195.04762,585.1429,206.50896,570.25665,0.97356075
214.55238,585.1429,227.76749,569.4997,0.88989383
234.05716,585.1429,247.44826,568.8632,0.73253405
253.56192,585.1429,265.17868,570.3511,0.8679475
273.06668,585.1429,286.08694,570.267,0.8524757
292.57144,585.1429,304.65784,569.43567,0.8685555
312.0762,585.1429,323.88797,570.3955,0.8677739
331.58096,585.1429,344.1284,569.91797,0.8531999
351.08572,585.1429,363.85437,569.8563,0.97485876
370.59048,585.1429,383.66104,570.44916,0.92973965
390.09525,585.1429,403.6947,569.6345,0.9676936
409.6,585.1429,424.17285,570.4485,0.9029951
429.10477,585.1429,442.37448,570.2826,0.81010777
448.60953,585.1429,460.64618,569.52527,0.83412844
468.11432,585.1429,479.4272,570.55786,0.7875536
487.61908,585.1429,498.36758,571.1888,0.7261381
507.12384,585.1429,520.55164,569.7138,0.9242793
526.6286,585.1429,540.5604,570.3035,0.930955
546.13336,585.1429,558.40753,570.27203,0.8199625
565.6381,585.1429,580.1292,570.9366,0.53484905
585.1429,585.1429,598.6769,570.7432,0.8853527
604.64764,585.1429,616.4157,570.4841,0.85968107
624.1524,585.1429,637.57465,570.6831,0.77861243
643.65717,585.1429,658.12225,571.1231,0.85812163
663.1619,585.1429,676.6632,570.5131,0.9343071
682.6667,585.1429,693.94867,571.3323,0.9621898
702.17145,585.1429,714.85864,570.80194,0.8956814
721.6762,585.1429,733.9292,570.73663,0.989252
741.18097,585.1429,752.86414,570.28644,0.9856385
760.6857,585.1429,773.25305,571.01544,0.99514854
780.1905,585.1429,793.0984,570.8109,0.998739
799.69525,585.1429,813.7098,570.5582,0.99707496
819.2,585.1429,831.25354,570.7005,0.9981599
838.7048,585.1429,852.0599,570.6331,0.9938745
858.20953,585.1429,870.4755,570.4088,0.99638426
877.7143,585.1429,890.58466,571.1856,0.9965006
897.21906,585.1429,909.68024,570.7298,0.99484086
916.7238,585.1429,927.76514,570.97845,0.9638869
936.22864,585.1429,948.775,571.4562,0.97713107
955.7334,585.1429,970.5142,571.55115,0.96736836
975.23816,585.1429,989.797,573.0022,0.99799675
994.7429,585.1429,1007.58167,571.2214,0.98917246
1014.2477,585.1429,1026.7861,571.11505,0.9953504
1033.7524,585.1429,1046.896,571.75653,0.9512989
1053.2572,585.1429,1065.3215,571.30676,0.98385876
1072.762,585.1429,1085.9517,572.1078,0.9500264
1111.7715,585.1429,1124.9232,572.69073,0.94975466
1131.2762,585.1429,1144.9204,572.352,0.59693563
1150.781,585.1429,1163.1185,572.5435,0.5244841
1170.2858,585.1429,1183.5615,571.4582,0.7259408
1189.7905,585.1429,1202.5358,572.42456,0.76628226
1209.2953,585.1429,1222.4656,572.1858,0.70071137
1267.8096,585.1429,1279.5669,571.95575,0.8207891
1306.8191,585.1429,1319.49,572.8327,0.5572698
1326.3239,585.1429,1338.3682,572.8526,0.7029903
1345.8286,585.1429,1357.9651,572.28455,0.95874774
1365.3334,585.1429,1377.9465,572.7338,0.92504
1384.8381,585.1429,1396.5886,572.68726,0.894028
1404.3429,585.1429,1416.8585,572.6694,0.711547
1423.8477,585.1429,1436.9037,573.10315,0.8879708
1443.3524,585.1429,1456.302,573.95105,0.89483625
1462.8572,585.1429,1476.544,572.5211,0.83961034
1482.3619,585.1429,1495.2184,572.6348,0.7186642
1501.8667,585.1429,1514.8325,572.71094,0.8807574
1521.3715,585.1429,1534.0636,572.93866,0.74524987
1560.381,585.1429,1572.3291,573.3889,0.7667347
1579.8857,585.1429,1593.309,572.4735,0.5305601
1599.3905,585.1429,1611.9677,573.63336,0.9321655
1618.8953,585.1429,1632.1528,572.5919,0.81815207
1657.9048,585.1429,1671.2991,574.2836,0.8865992
1677.4095,585.1429,1689.6818,573.2211,0.91940415
1696.9143,585.1429,1710.29,572.80334,0.7816576
1716.4191,585.1429,1730.2218,572.95544,0.9509728
1735.9238,585.1429,1749.0634,573.5267,0.9698281
1755.4286,585.1429,1768.4889,572.83673,0.9368367
1794.4381,585.1429,1806.6871,573.9349,0.8451013
1813.9429,585.1429,1826.8756,574.06635,0.57418185
1833.4476,585.1429,1847.4468,573.84326,0.9587284
1852.9524,585.1429,1865.7559,573.79297,0.9255023
1872.4573,585.1429,1885.573,573.2962,0.8089699
1891.962,585.1429,1905.4673,574.7269,0.8885419
1911.4668,585.1429,1924.2316,573.4359,0.6471489
1930.9716,585.1429,1944.3219,573.59454,0.7757659
58.51429,604.64764,69.70013,589.3116,0.4735127
78.01905,604.64764,90.52999,589.54987,0.8347468
97.52381,604.64764,109.70468,588.7744,0.81180084
117.02858,604.64764,128.77284,589.0744,0.89881325
136.53334,604.64764,148.07616,589.54614,0.80624825
175.54286,604.64764,188.00613,588.6658,0.6326485
195.04762,604.64764,209.09181,589.7598,0.9203062
214.55238,604.64764,226.13376,589.8918,0.82116467
234.05716,604.64764,247.21396,589.9573,0.94458205
253.56192,604.64764,266.11618,589.69147,0.9360165
273.06668,604.64764,284.66626,590.0149,0.8275792
292.57144,604.64764,305.08276,589.9153,0.9382259
312.0762,604.64764,324.00443,590.11664,0.78090364
331.58096,604.64764,344.19537,589.5055,0.7146159
351.08572,604.64764,364.2306,589.841,0.93425643
370.59048,604.64764,384.66193,589.7256,0.8635125
390.09525,604.64764,403.3342,589.9753,0.6488036
409.6,604.64764,423.54907,590.0525,0.67640656
429.10477,604.64764,441.3635,590.01904,0.8871915
448.60953,604.64764,460.09158,590.16907,0.92698383
468.11432,604.64764,480.45615,589.57,0.8460619
487.61908,604.64764,500.95248,589.8827,0.8127239
507.12384,604.64764,519.661,589.59406,0.90370446
526.6286,604.64764,540.436,590.4064,0.83317244
546.13336,604.64764,558.9254,590.0475,0.543068
565.6381,604.64764,578.4448,590.2312,0.6338857
585.1429,604.64764,597.6719,590.04456,0.64183354
604.64764,604.64764,616.217,590.2826,0.65384877
624.1524,604.64764,636.6881,589.97363,0.67285526
643.65717,604.64764,657.75323,590.42395,0.95280844
663.1619,604.64764,676.126,590.23267,0.9020714
682.6667,604.64764,695.6387,590.00616,0.9139788
702.17145,604.64764,714.4548,589.93463,0.96855783
721.6762,604.64764,734.8142,590.58295,0.98467034
741.18097,604.64764,754.1123,590.04803,0.99521166
760.6857,604.64764,774.05695,590.22205,0.974119
780.1905,604.64764,793.35474,590.1725,0.9938081
799.69525,604.64764,812.2875,590.2556,0.9829904
819.2,604.64764,831.78894,591.1631,0.9956126
838.7048,604.64764,852.1133,590.5348,0.9971138
858.20953,604.64764,871.10266,590.4045,0.98907906
877.7143,604.64764,889.7648,590.19464,0.9916508
897.21906,604.64764,908.617,590.67053,0.9966809
916.7238,604.64764,928.5614,590.25214,0.99463487
936.22864,604.64764,948.5237,590.4598,0.957892
955.7334,604.64764,969.43915,590.6132,0.9952527
975.23816,604.64764,987.67145,591.3539,0.9973853
994.7429,604.64764,1006.68066,590.6193,0.9361093
1014.2477,604.64764,1027.1338,590.6328,0.6228104
1033.7524,604.64764,1045.4307,590.54865,0.9409933
1053.2572,604.64764,1065.6204,590.2659,0.92202723
1092.2667,604.64764,1104.8475,591.0988,0.95832694
1111.7715,604.64764,1123.9811,590.52734,0.9780763
1150.781,604.64764,1162.9625,591.22095,0.72318393
1170.2858,604.64764,1183.1868,591.0345,0.7430602
1189.7905,604.64764,1202.2382,592.29694,0.26546997
1209.2953,604.64764,1221.7749,591.01605,0.9027225
1228.8,604.64764,1241.2134,591.7639,0.8125567
1248.3048,604.64764,1259.9465,592.8149,0.87426704
1267.8096,604.64764,1279.1456,591.3663,0.950664
1306.8191,604.64764,1319.5282,591.8652,0.7455206
1345.8286,604.64764,1358.0614,591.4399,0.94604504
1365.3334,604.64764,1377.9375,591.38214,0.949163
1384.8381,604.64764,1397.5647,591.5404,0.9649002
1404.3429,604.64764,1418.0359,592.82916,0.9671363
1423.8477,604.64764,1437.5421,592.84985,0.9376878
1443.3524,604.64764,1456.2872,592.7458,0.9617527
1462.8572,604.64764,1475.1268,592.21,0.9543762
1482.3619,604.64764,1495.198,592.14966,0.938488
1501.8667,604.64764,1513.6628,592.9085,0.8175951
1521.3715,604.64764,1532.6979,592.1736,0.89647293
1560.381,604.64764,1572.4984,592.42944,0.7582145
1618.8953,604.64764,1632.3152,592.53564,0.80814165
1638.4,604.64764,1652.0115,592.15735,0.5053867
1716.4191,604.64764,1730.4991,592.7425,0.88945043
1735.9238,604.64764,1749.4479,593.0268,0.9178821
1755.4286,604.64764,1768.026,593.52686,0.93976325
1774.9333,604.64764,1786.9745,592.5769,0.7262083
1794.4381,604.64764,1807.8978,592.9116,0.80323356
1813.9429,604.64764,1827.1042,593.1883,0.5942091
1833.4476,604.64764,1846.1356,593.4804,0.62293565
1852.9524,604.64764,1866.4082,593.2005,0.7913389
1872.4573,604.64764,1885.5466,592.9124,0.8413018
1891.962,604.64764,1904.6783,592.8492,0.7040585
1930.9716,604.64764,1944.7046,593.1435,0.61826485
1969.9811,604.64764,1983.2849,593.81824,0.67643785
58.51429,624.1524,71.58087,608.17303,0.61043006
78.01905,624.1524,89.908066,608.7831,0.8705356
97.52381,624.1524,109.95064,608.2437,0.9525724
117.02858,624.1524,128.75871,608.7737,0.9521817
136.53334,624.1524,148.84023,609.10736,0.7295772
156.0381,624.1524,168.64687,608.2069,0.83634686
175.54286,624.1524,187.84566,608.742,0.952112
195.04762,624.1524,209.21959,609.0339,0.98665947
214.55238,624.1524,226.5819,608.73773,0.8787559
234.05716,624.1524,245.86917,609.39014,0.8018801
253.56192,624.1524,265.21085,609.6295,0.84846896
273.06668,624.1524,285.79083,609.3127,0.8498108
292.57144,624.1524,304.67892,609.0069,0.9302664
312.0762,624.1524,323.5427,608.98456,0.7735981
331.58096,624.1524,343.7985,609.4959,0.87458545
351.08572,624.1524,363.01437,609.18726,0.6619216
370.59048,624.1524,382.62985,608.8332,0.5665335
390.09525,624.1524,403.29965,609.3797,0.6081906
409.6,624.1524,423.46744,609.6421,0.5925112
429.10477,624.1524,441.022,609.02374,0.91351306
448.60953,624.1524,460.16455,609.0807,0.9343566
468.11432,624.1524,479.8351,609.42444,0.8873008
487.61908,624.1524,500.7574,609.22095,0.8600841
507.12384,624.1524,519.9507,609.29486,0.76872003
526.6286,624.1524,540.103,609.8538,0.5251083
546.13336,624.1524,560.15594,609.35236,0.5125448
565.6381,624.1524,578.3653,609.57623,0.84480715
585.1429,624.1524,596.0513,609.41864,0.50768685
604.64764,624.1524,617.2031,609.66394,0.61651105
624.1524,624.1524,636.6348,610.1099,0.8879425
643.65717,624.1524,656.0654,609.49115,0.9707647
663.1619,624.1524,676.7706,609.5676,0.84059703
682.6667,624.1524,695.1457,609.51263,0.8812337
702.17145,624.1524,714.4889,609.7141,0.9295135
721.6762,624.1524,733.83636,610.1322,0.9854762
741.18097,624.1524,754.00116,609.6431,0.98574436
760.6857,624.1524,774.6671,609.3832,0.9734461
780.1905,624.1524,793.9152,609.38837,0.9747506
799.69525,624.1524,812.44073,609.6395,0.9660061
819.2,624.1524,831.6964,610.21655,0.9661668
838.7048,624.1524,851.58075,611.1653,0.98696476
858.20953,624.1524,871.3884,610.3955,0.9910825
877.7143,624.1524,889.79297,609.77716,0.98884654
897.21906,624.1524,908.85815,609.55206,0.9762712
916.7238,624.1524,928.35333,610.64685,0.963619
936.22864,624.1524,948.88245,610.2619,0.9857112
955.7334,624.1524,969.41174,609.70447,0.9933201
975.23816,624.1524,989.0946,611.46295,0.9920542
994.7429,624.1524,1009.4793,610.9928,0.975338
1014.2477,624.1524,1027.9943,610.05206,0.7315673
1033.7524,624.1524,1046.9574,609.8854,0.9240543
1053.2572,624.1524,1065.6135,609.88794,0.8750133
1072.762,624.1524,1084.8995,610.4409,0.9595358
1092.2667,624.1524,1104.6736,610.2887,0.86795443
1111.7715,624.1524,1123.5309,610.5802,0.9377508
1150.781,624.1524,1162.6882,610.65576,0.62068766
1170.2858,624.1524,1181.5071,610.93005,0.6317409
1189.7905,624.1524,1202.5126,610.33624,0.7649618
1209.2953,624.1524,1221.9979,610.56793,0.9335586
1228.8,624.1524,1241.9755,610.2826,0.9231167
1267.8096,624.1524,1280.1222,611.0627,0.9663919
1287.3143,624.1524,1299.6979,610.9839,0.90586513
1306.8191,624.1524,1319.271,611.47626,0.96501505
1326.3239,624.1524,1339.1031,611.50525,0.98286456
1345.8286,624.1524,1357.6826,611.30286,0.87206566
1365.3334,624.1524,1378.4384,610.7894,0.94402367
1384.8381,624.1524,1396.8837,611.3968,0.94927454
1404.3429,624.1524,1417.6661,612.9163,0.9599557
1443.3524,624.1524,1455.859,611.6534,0.9781684
1462.8572,624.1524,1476.6636,611.2674,0.9319171
1482.3619,624.1524,1494.6093,611.8893,0.83008516
1501.8667,624.1524,1513.9781,611.2365,0.7615458
1521.3715,624.1524,1533.6859,612.3306,0.8179634
1540.8762,624.1524,1553.1715,612.91003,0.7747073
1560.381,624.1524,1573.4623,611.48145,0.8928219
1579.8857,624.1524,1593.0996,611.9188,0.8414572
1618.8953,624.1524,1632.573,611.75665,0.38394755
1638.4,624.1524,1652.6329,612.3693,0.37721646
1716.4191,624.1524,1729.938,611.8975,0.8054086
1755.4286,624.1524,1768.4622,612.35876,0.9159992
1774.9333,624.1524,1787.7932,612.8567,0.49562144
1794.4381,624.1524,1806.1711,612.52344,0.43058118
1813.9429,624.1524,1826.7528,612.67126,0.69748074
1833.4476,624.1524,1846.5261,614.4863,0.3391065
1852.9524,624.1524,1867.0376,612.9181,0.4444048
1872.4573,624.1524,1884.9434,612.3595,0.38704795
1950.4763,624.1524,1963.8099,613.0444,0.59807783
1969.9811,624.1524,1983.0532,612.91833,0.69049406
78.01905,643.65717,91.35077,628.843,0.9225172
97.52381,643.65717,109.323875,628.8984,0.95177555
117.02858,643.65717,129.79237,627.81775,0.8615327
136.53334,643.65717,148.59703,628.64233,0.9259361
156.0381,643.65717,169.1035,628.5576,0.8709733
175.54286,643.65717,188.8116,628.9784,0.98601925
195.04762,643.65717,208.16878,628.23663,0.99277705
214.55238,643.65717,227.19298,628.5334,0.9796757
234.05716,643.65717,245.84158,628.59064,0.942099
253.56192,643.65717,266.87634,629.07214,0.96572685
273.06668,643.65717,286.73184,629.1657,0.98234487
292.57144,643.65717,307.07962,628.4215,0.9871342
312.0762,643.65717,324.78058,628.4276,0.7182317
331.58096,643.65717,343.7199,628.73157,0.8813291
351.08572,643.65717,364.12262,627.5961,0.547146
370.59048,643.65717,383.19916,628.1831,0.33602452
390.09525,643.65717,402.10858,628.71,0.66283983
409.6,643.65717,422.76895,628.46674,0.8255794
429.10477,643.65717,441.4807,628.3094,0.920286
448.60953,643.65717,460.95,629.33203,0.75069
468.11432,643.65717,480.36478,629.43713,0.84424144
487.61908,643.65717,501.11777,629.1625,0.58360994
507.12384,643.65717,520.0661,628.8884,0.77025336
526.6286,643.65717,539.5575,628.3073,0.8855995
546.13336,643.65717,559.8909,628.18744,0.9443284
565.6381,643.65717,579.4686,629.02057,0.8444137
585.1429,643.65717,598.1338,628.79706,0.7263107
604.64764,643.65717,616.25085,629.5387,0.8648252
624.1524,643.65717,635.91327,629.11804,0.93490994
643.65717,643.65717,656.0998,629.0696,0.9652804
663.1619,643.65717,675.20105,629.2762,0.89609474
682.6667,643.65717,694.1224,629.3977,0.8843305
702.17145,643.65717,715.2316,629.4633,0.99489975
721.6762,643.65717,734.9989,629.4816,0.99270904
741.18097,643.65717,755.66235,629.2259,0.99365205
760.6857,643.65717,773.83984,629.0033,0.9959872
780.1905,643.65717,791.70435,628.67303,0.90638924
799.69525,643.65717,811.85956,628.689,0.9430253
819.2,643.65717,830.99396,629.0727,0.94381195
838.7048,643.65717,852.22314,630.5012,0.99207556
858.20953,643.65717,869.6927,629.91974,0.9780448
877.7143,643.65717,890.1058,629.91736,0.9128859
897.21906,643.65717,908.7911,629.4771,0.8889914
916.7238,643.65717,928.1652,629.88513,0.9379595
936.22864,643.65717,948.6638,629.27716,0.8125989
955.7334,643.65717,969.9848,630.2958,0.9858488
975.23816,643.65717,990.1894,630.11615,0.985896
1014.2477,643.65717,1028.7008,630.71106,0.94196373
1033.7524,643.65717,1047.6488,629.9606,0.9699174
1053.2572,643.65717,1065.0641,629.57776,0.98482144
1072.762,643.65717,1085.2391,629.91626,0.97429377
1092.2667,643.65717,1104.8792,630.737,0.80020475
1111.7715,643.65717,1123.8674,630.42596,0.8776668
1131.2762,643.65717,1143.6609,630.0969,0.77885795
1150.781,643.65717,1163.216,630.1518,0.59447604
1170.2858,643.65717,1182.424,630.03253,0.9197721
1189.7905,643.65717,1202.3295,630.63995,0.9150699
1209.2953,643.65717,1222.0358,630.0755,0.9393877
1228.8,643.65717,1240.6848,630.4159,0.9235755
1248.3048,643.65717,1260.3041,630.9219,0.90430033
1267.8096,643.65717,1279.7034,630.2326,0.9682007
1287.3143,643.65717,1300.3583,631.1948,0.9918783
1306.8191,643.65717,1318.8518,630.20984,0.9624341
1345.8286,643.65717,1357.0012,631.75543,0.8140778
1365.3334,643.65717,1377.425,630.43005,0.64397126
1384.8381,643.65717,1397.896,631.77344,0.955715
1404.3429,643.65717,1417.2601,632.27625,0.9747175
1443.3524,643.65717,1457.6898,631.35834,0.94234216
1501.8667,643.65717,1514.9667,630.8576,0.97220504
1521.3715,643.65717,1533.355,632.65125,0.7656188
1540.8762,643.65717,1552.3469,632.55756,0.9466957
1560.381,643.65717,1572.762,631.5516,0.944549
1579.8857,643.65717,1593.2982,631.47,0.85873365
1638.4,643.65717,1652.102,633.071,0.52031636
1657.9048,643.65717,1670.7675,631.8149,0.7053775
1696.9143,643.65717,1711.4758,632.72296,0.65605855
1716.4191,643.65717,1729.4794,631.163,0.79369473
1813.9429,643.65717,1827.5706,632.17255,0.30513886
1852.9524,643.65717,1866.5411,632.3644,0.47878268
1872.4573,643.65717,1886.0645,632.21655,0.7981106
1891.962,643.65717,1904.9639,631.9635,0.38879547
1969.9811,643.65717,1982.8524,632.32635,0.7950566
58.51429,663.1619,70.52706,647.84534,0.55686975
78.01905,663.1619,90.84299,647.56824,0.69959
97.52381,663.1619,109.354256,647.4568,0.88222563
117.02858,663.1619,128.21594,647.8068,0.7276621
136.53334,663.1619,148.79012,646.8208,0.9502617
156.0381,663.1619,168.12344,648.12866,0.96365464
175.54286,663.1619,189.46257,647.37103,0.99860245
195.04762,663.1619,209.31914,647.948,0.9975876
214.55238,663.1619,227.3301,647.7622,0.99258345
234.05716,663.1619,247.61163,648.35144,0.996174
253.56192,663.1619,267.4436,648.41907,0.98862183
273.06668,663.1619,287.3114,648.7133,0.9809393
292.57144,663.1619,306.4115,647.7889,0.97665167
312.0762,663.1619,324.3789,648.0224,0.89634955
331.58096,663.1619,343.3033,648.56714,0.79481083
351.08572,663.1619,364.27084,648.5526,0.92323405
370.59048,663.1619,384.08978,647.8425,0.6514176
390.09525,663.1619,402.63116,648.3753,0.6696064
409.6,663.1619,422.5863,647.32184,0.8851844
429.10477,663.1619,441.53885,648.0499,0.75196373
448.60953,663.1619,461.4359,648.55853,0.83021206
468.11432,663.1619,480.78256,647.8775,0.8470004
487.61908,663.1619,501.3683,648.8152,0.6572919
507.12384,663.1619,520.45905,648.48773,0.8745913
526.6286,663.1619,539.47156,648.13873,0.97362506
546.13336,663.1619,560.14636,648.7926,0.96581143
565.6381,663.1619,580.6977,648.0893,0.92501575
585.1429,663.1619,599.53564,648.22125,0.8400251
604.64764,663.1619,618.7781,648.39764,0.96669024
624.1524,663.1619,636.16846,648.3106,0.92554486
643.65717,663.1619,655.43335,648.41797,0.91984504
663.1619,663.1619,675.1344,648.8856,0.82472926
682.6667,663.1619,694.8394,648.9922,0.9803734
702.17145,663.1619,716.4025,649.0655,0.9970709
721.6762,663.1619,735.2042,649.2569,0.98987466
741.18097,663.1619,755.2827,649.1727,0.99219877
760.6857,663.1619,774.37244,648.7998,0.99321645
780.1905,663.1619,792.02826,649.08044,0.9089094
799.69525,663.1619,811.61053,649.1253,0.9774348
819.2,663.1619,831.2791,648.8667,0.97970766
838.7048,663.1619,851.81537,648.5841,0.9841901
858.20953,663.1619,870.2835,649.0281,0.96051145
877.7143,663.1619,890.19586,649.3027,0.94463885
897.21906,663.1619,909.70404,650.08527,0.84610975
916.7238,663.1619,928.83813,649.45135,0.64365715
936.22864,663.1619,949.00494,649.2112,0.9781421
955.7334,663.1619,970.1014,649.4701,0.97663295
975.23816,663.1619,987.89453,648.8937,0.90045744
994.7429,663.1619,1008.9749,649.8057,0.8513538
1014.2477,663.1619,1027.5818,649.5054,0.8753191
1033.7524,663.1619,1046.0968,649.6555,0.92312866
1053.2572,663.1619,1065.9843,649.0123,0.98945606
1072.762,663.1619,1085.0452,649.5325,0.96138936
1092.2667,663.1619,1105.0675,649.4632,0.907908
1111.7715,663.1619,1123.1488,649.2809,0.78851634
1131.2762,663.1619,1143.6163,649.7515,0.7914494
1150.781,663.1619,1162.6672,649.3339,0.21878389
1189.7905,663.1619,1202.7645,650.64026,0.947379
1209.2953,663.1619,1221.3584,650.21545,0.8515048
1228.8,663.1619,1241.2506,649.69507,0.8310607
1248.3048,663.1619,1260.763,649.31586,0.7375913
1267.8096,663.1619,1279.8226,649.4768,0.8532348
1287.3143,663.1619,1299.5437,650.0501,0.9856917
1306.8191,663.1619,1319.8417,650.6224,0.80217963
1326.3239,663.1619,1338.8634,650.85187,0.4336443
1365.3334,663.1619,1377.2944,650.12427,0.50021094
1384.8381,663.1619,1397.6449,651.4765,0.7809764
1404.3429,663.1619,1416.2969,649.8424,0.73067087
1443.3524,663.1619,1455.9789,650.4869,0.9409438
1462.8572,663.1619,1477.0248,651.7021,0.96336097
1482.3619,663.1619,1496.8402,650.39496,0.99401516
1540.8762,663.1619,1554.0509,650.99786,0.90027034
1560.381,663.1619,1573.5923,650.56976,0.8474107
1579.8857,663.1619,1593.0059,651.762,0.861886
1599.3905,663.1619,1612.1637,650.7611,0.7942514
1618.8953,663.1619,1631.6025,650.4055,0.90829235
1638.4,663.1619,1651.4058,651.2393,0.5727879
1657.9048,663.1619,1672.0953,650.95,0.5730941
1677.4095,663.1619,1690.5249,650.929,0.8227551
1716.4191,663.1619,1730.0607,651.8177,0.32676393
1755.4286,663.1619,1768.3157,651.85547,0.8478236
1774.9333,663.1619,1787.6815,650.9745,0.8284993
1794.4381,663.1619,1806.8246,651.9961,0.95236814
1833.4476,663.1619,1846.5798,651.46246,0.80832434
1852.9524,663.1619,1865.8093,651.28357,0.70944977
1872.4573,663.1619,1885.3638,651.97394,0.80923635
39.009525,682.6667,51.665195,666.28033,0.85805374
58.51429,682.6667,69.64787,665.59814,0.6529808
78.01905,682.6667,88.45822,667.6931,0.87796664
97.52381,682.6667,109.8587,667.0407,0.9739527
117.02858,682.6667,129.52222,666.9318,0.8849066
136.53334,682.6667,148.63937,667.103,0.9895766
156.0381,682.6667,168.04465,667.18536,0.9962979
175.54286,682.6667,188.68446,666.8008,0.9966883
195.04762,682.6667,207.45172,666.796,0.9838245
214.55238,682.6667,226.67532,667.2532,0.99386805
234.05716,682.6667,248.19385,667.579,0.9958752
253.56192,682.6667,268.47272,668.0429,0.9909283
273.06668,682.6667,286.3082,667.59216,0.9929581
292.57144,682.6667,304.43042,667.61035,0.9497273
312.0762,682.6667,324.04477,667.71295,0.9848914
331.58096,682.6667,342.76016,667.8133,0.94076663
351.08572,682.6667,363.87686,668.09814,0.94841
370.59048,682.6667,384.17624,668.0462,0.8384669
390.09525,682.6667,404.5011,667.81586,0.93279237
409.6,682.6667,423.92944,667.45026,0.93746406
429.10477,682.6667,442.4772,667.4217,0.9691769
448.60953,682.6667,461.69424,668.03784,0.9490747
468.11432,682.6667,479.9079,667.9436,0.9133682
487.61908,682.6667,499.64618,668.01776,0.89695454
507.12384,682.6667,518.6291,668.36475,0.96413606
526.6286,682.6667,539.5178,667.431,0.984105
546.13336,682.6667,560.1039,668.1945,0.96527654
565.6381,682.6667,579.59717,668.1132,0.8198996
585.1429,682.6667,596.6636,667.5902,0.51188254
604.64764,682.6667,617.03314,668.1148,0.76113397
624.1524,682.6667,636.74445,668.3182,0.9677245
643.65717,682.6667,656.2713,668.48285,0.8450893
663.1619,682.6667,675.848,667.81006,0.76382697
682.6667,682.6667,695.9632,668.4463,0.98165745
702.17145,682.6667,716.2739,668.5186,0.9832878
721.6762,682.6667,735.3918,668.2263,0.9858512
741.18097,682.6667,755.1785,668.11053,0.99580884
760.6857,682.6667,773.8648,667.9479,0.99321973
780.1905,682.6667,792.8687,668.5169,0.99024785
799.69525,682.6667,812.3316,668.34406,0.99104583
819.2,682.6667,831.7324,668.37494,0.96625173
838.7048,682.6667,851.0216,668.38586,0.9497394
858.20953,682.6667,871.4122,668.54065,0.92351794
877.7143,682.6667,889.3969,668.69086,0.82197285
897.21906,682.6667,909.4242,668.52905,0.8386712
916.7238,682.6667,929.2057,668.9522,0.82291216
936.22864,682.6667,949.417,669.2004,0.8723626
955.7334,682.6667,969.68726,668.5508,0.95894843
975.23816,682.6667,986.92163,668.76556,0.78691924
994.7429,682.6667,1006.7555,668.75183,0.8738598
1014.2477,682.6667,1026.5321,668.7189,0.85694104
1033.7524,682.6667,1045.8442,669.4268,0.96790093
1053.2572,682.6667,1066.1533,669.2175,0.9805832
1072.762,682.6667,1084.8638,668.39667,0.8237717
1092.2667,682.6667,1104.3765,668.9417,0.6633773
1111.7715,682.6667,1125.1592,668.5406,0.57269293
1131.2762,682.6667,1144.2423,670.22003,0.680256
1170.2858,682.6667,1182.9701,668.9761,0.85468394
1189.7905,682.6667,1202.9371,669.059,0.7755822
1209.2953,682.6667,1222.2188,669.3137,0.675713
1228.8,682.6667,1240.7734,668.9496,0.55816746
1267.8096,682.6667,1280.7411,668.82916,0.96824664
1287.3143,682.6667,1300.0237,669.0334,0.91171247
1306.8191,682.6667,1319.606,669.2462,0.78613836
1326.3239,682.6667,1337.9727,670.0358,0.45775768
1345.8286,682.6667,1357.7604,669.5878,0.38328588
1365.3334,682.6667,1378.932,669.1891,0.5764105
1384.8381,682.6667,1398.6624,669.2812,0.7235729
1404.3429,682.6667,1415.7349,669.9082,0.9101577
1443.3524,682.6667,1456.4841,670.0898,0.8164111
1462.8572,682.6667,1476.5774,670.698,0.9390917
1521.3715,682.6667,1534.1788,669.77106,0.9818859
1540.8762,682.6667,1554.6368,671.0891,0.928025
1560.381,682.6667,1573.7322,669.9129,0.91749156
1579.8857,682.6667,1593.1832,670.7184,0.6347408
1599.3905,682.6667,1612.491,670.38324,0.8787699
1618.8953,682.6667,1632.7183,669.92035,0.907101
1638.4,682.6667,1651.1104,669.9127,0.8906276
1657.9048,682.6667,1671.0187,669.9574,0.8844514
1677.4095,682.6667,1691.3962,671.6981,0.79735005
1696.9143,682.6667,1710.6987,670.5737,0.7431177
1735.9238,682.6667,1748.5609,671.31635,0.20395748
1755.4286,682.6667,1768.3738,671.5424,0.7293767
1774.9333,682.6667,1787.4442,671.8792,0.96559125
1794.4381,682.6667,1807.6781,672.14935,0.94805825
1813.9429,682.6667,1827.0297,670.8454,0.68889654
1833.4476,682.6667,1845.8169,671.18304,0.7439587
1852.9524,682.6667,1866.2769,670.94684,0.7153662
1872.4573,682.6667,1885.5029,670.9918,0.9370537
1911.4668,682.6667,1924.421,671.57465,0.50442284
1950.4763,682.6667,1963.5555,671.06384,0.71942776
39.009525,702.17145,50.707355,686.649,0.5936675
58.51429,702.17145,70.26869,686.0446,0.6449335
78.01905,702.17145,90.439255,686.40796,0.90874773
97.52381,702.17145,109.07502,686.7826,0.9516028
117.02858,702.17145,128.93095,686.4512,0.9670088
136.53334,702.17145,149.69917,686.8417,0.9844408
156.0381,702.17145,167.89008,687.1092,0.98619294
175.54286,702.17145,188.31836,686.6041,0.9797205
195.04762,702.17145,208.37021,686.6898,0.9920848
214.55238,702.17145,227.25636,686.7139,0.9709191
234.05716,702.17145,246.01337,686.6216,0.9100417
253.56192,702.17145,266.25858,686.9357,0.83754647
273.06668,702.17145,285.8257,686.79205,0.9853534
292.57144,702.17145,304.7237,687.2004,0.89033794
312.0762,702.17145,324.32626,687.1074,0.9765571
331.58096,702.17145,344.28912,687.23065,0.97382087
351.08572,702.17145,363.23154,687.378,0.96167165
370.59048,702.17145,385.2238,687.2618,0.9572347
390.09525,702.17145,404.823,687.11633,0.99454
409.6,702.17145,423.8523,687.4676,0.9966198
429.10477,702.17145,441.6039,687.5834,0.9831208
448.60953,702.17145,460.7384,687.2706,0.9761622
468.11432,702.17145,480.29556,687.558,0.9774359
487.61908,702.17145,501.27426,687.9079,0.95771575
507.12384,702.17145,519.59503,687.5277,0.89443314
526.6286,702.17145,538.3645,687.52625,0.98216844
546.13336,702.17145,560.07306,687.94086,0.92237693
565.6381,702.17145,578.9153,687.2474,0.869204
585.1429,702.17145,597.81866,687.58655,0.7946711
604.64764,702.17145,617.2548,688.0331,0.8907953
624.1524,702.17145,637.7608,688.52594,0.9736001
643.65717,702.17145,657.02094,687.84155,0.99359614
663.1619,702.17145,675.68774,687.91974,0.9456556
682.6667,702.17145,694.5125,687.9907,0.8174124
702.17145,702.17145,714.8876,687.4483,0.7710747
721.6762,702.17145,734.78394,688.5312,0.882416
741.18097,702.17145,755.1929,688.4169,0.98339415
760.6857,702.17145,774.46954,687.6315,0.99416775
780.1905,702.17145,791.8433,688.0146,0.94697964
799.69525,702.17145,812.4482,687.81726,0.9748706
819.2,702.17145,831.7498,687.45074,0.99664396
838.7048,702.17145,852.2301,687.82043,0.97195923
858.20953,702.17145,871.6498,687.95874,0.9801502
877.7143,702.17145,890.85266,687.39996,0.96434486
897.21906,702.17145,909.64886,688.2097,0.84836036
916.7238,702.17145,928.88574,687.9476,0.89112025
936.22864,702.17145,948.6604,688.29004,0.94377935
955.7334,702.17145,968.7334,688.4301,0.91812503
975.23816,702.17145,988.0698,687.7343,0.9186268
994.7429,702.17145,1006.5742,688.0369,0.96048266
1014.2477,702.17145,1026.6938,688.1269,0.94803935
1033.7524,702.17145,1045.7837,688.1637,0.92673177
1053.2572,702.17145,1065.4226,687.8994,0.3911073
1072.762,702.17145,1085.35,688.0706,0.6804398
1092.2667,702.17145,1105.6283,688.9911,0.94119996
1111.7715,702.17145,1124.4882,688.10443,0.9314555
1131.2762,702.17145,1144.9518,688.2739,0.9396129
1150.781,702.17145,1162.7217,689.101,0.572092
1170.2858,702.17145,1183.3707,688.1348,0.43892914
1189.7905,702.17145,1202.2806,688.1545,0.92065704
1228.8,702.17145,1242.865,688.1514,0.307163
1248.3048,702.17145,1260.1212,689.5241,0.57732964
1267.8096,702.17145,1281.2408,689.9198,0.8797756
1287.3143,702.17145,1299.5066,689.8252,0.92256224
1306.8191,702.17145,1319.754,688.5583,0.83882886
1326.3239,702.17145,1338.5818,689.55817,0.79328
1345.8286,702.17145,1357.6925,688.8142,0.54368037
1384.8381,702.17145,1397.0778,689.1052,0.9241312
1404.3429,702.17145,1417.3618,689.2369,0.9410047
1423.8477,702.17145,1436.6703,689.8494,0.94665897
1443.3524,702.17145,1456.795,689.31726,0.9765223
1462.8572,702.17145,1474.9987,690.6319,0.9783564
1501.8667,702.17145,1515.0391,689.4027,0.35475335
1521.3715,702.17145,1533.5038,689.9397,0.9482059
1540.8762,702.17145,1554.2794,690.03107,0.91875976
1560.381,702.17145,1573.3684,690.56476,0.87015736
1579.8857,702.17145,1591.3545,689.6412,0.75788695
1599.3905,702.17145,1611.3602,689.95245,0.7756471
1618.8953,702.17145,1631.2328,689.8498,0.8083946
1638.4,702.17145,1651.881,689.77155,0.93468237
1696.9143,702.17145,1709.3939,689.86127,0.76262176
1716.4191,702.17145,1729.384,689.98804,0.8663023
1735.9238,702.17145,1749.1113,690.7734,0.8948086
1755.4286,702.17145,1767.5563,690.32733,0.9590777
1774.9333,702.17145,1787.0492,690.6104,0.6944822
1794.4381,702.17145,1806.5499,690.00696,0.7019473
1813.9429,702.17145,1827.2089,690.23126,0.97080064
1852.9524,702.17145,1866.3854,690.4231,0.7450624
1891.962,702.17145,1905.2495,690.1979,0.90069324
1911.4668,702.17145,1924.8264,690.704,0.86196166
1930.9716,702.17145,1943.3971,690.3959,0.94420844
1950.4763,702.17145,1963.7191,690.40924,0.91870147
1969.9811,702.17145,1982.4808,690.69446,0.95675874
58.51429,721.6762,70.33543,706.29034,0.5701244
78.01905,721.6762,89.593605,706.816,0.5751235
97.52381,721.6762,109.5876,707.0264,0.89656925
117.02858,721.6762,128.26791,706.4006,0.7508737
136.53334,721.6762,148.5912,706.94415,0.9329781
156.0381,721.6762,168.02414,706.03827,0.9492537
175.54286,721.6762,187.91927,707.19446,0.97812825
195.04762,721.6762,206.30539,706.05164,0.90267414
214.55238,721.6762,226.90297,706.65015,0.63204557
234.05716,721.6762,245.68483,706.6001,0.72620827
253.56192,721.6762,265.77988,706.5932,0.88918465
273.06668,721.6762,285.3698,706.3889,0.9477226
292.57144,721.6762,304.87268,706.5939,0.9469445
312.0762,721.6762,323.55832,706.31635,0.9635657
331.58096,721.6762,344.11395,706.466,0.96197027
351.08572,721.6762,364.35233,706.7458,0.9848146
370.59048,721.6762,382.83398,707.2914,0.98892695
390.09525,721.6762,405.0166,707.1859,0.9977514
409.6,721.6762,422.15326,706.35376,0.99589777
429.10477,721.6762,441.80923,706.8238,0.9928978
448.60953,721.6762,462.21878,707.0084,0.9821189
468.11432,721.6762,481.29187,707.69525,0.9548631
487.61908,721.6762,500.69858,707.24194,0.91767263
507.12384,721.6762,519.46094,706.6447,0.96083933
526.6286,721.6762,539.262,707.5035,0.97949016
546.13336,721.6762,559.32965,707.87115,0.7954723
565.6381,721.6762,578.62177,706.8915,0.40349644
585.1429,721.6762,597.7652,706.99976,0.8444401
604.64764,721.6762,617.44727,706.50543,0.86714494
624.1524,721.6762,637.09,707.3925,0.9916416
643.65717,721.6762,656.6052,707.32404,0.9748317
663.1619,721.6762,677.2114,707.97784,0.96153134
682.6667,721.6762,694.8046,708.3405,0.7771962
702.17145,721.6762,716.2143,707.35236,0.28015912
721.6762,721.6762,733.85114,707.3135,0.8304417
741.18097,721.6762,754.50464,707.91425,0.9549748
760.6857,721.6762,773.43384,708.06274,0.9555354
780.1905,721.6762,792.79364,706.70514,0.89339495
799.69525,721.6762,812.353,707.4572,0.92657065
819.2,721.6762,833.34296,707.5693,0.9838088
838.7048,721.6762,852.55566,707.6712,0.98075956
858.20953,721.6762,872.21423,706.8998,0.99186593
877.7143,721.6762,888.90265,707.4844,0.851053
897.21906,721.6762,908.54565,707.40454,0.8690391
916.7238,721.6762,928.7573,707.30347,0.8937642
936.22864,721.6762,947.72833,707.4234,0.9353592
955.7334,721.6762,967.5692,707.4225,0.8702401
975.23816,721.6762,988.3781,707.9686,0.970483
994.7429,721.6762,1007.223,707.82904,0.96894014
1014.2477,721.6762,1027.3003,707.84467,0.9599287
1033.7524,721.6762,1046.5087,707.61957,0.94658226
1053.2572,721.6762,1065.4321,708.80035,0.839905
1072.762,721.6762,1085.9167,707.94476,0.89036506
1092.2667,721.6762,1104.6387,708.43256,0.9550312
1111.7715,721.6762,1124.1045,707.7424,0.995241
1150.781,721.6762,1163.9653,708.9042,0.8857216
1170.2858,721.6762,1183.9403,708.0814,0.94322586
1189.7905,721.6762,1203.4655,708.0522,0.9347461
1209.2953,721.6762,1222.5018,707.90784,0.9248867
1228.8,721.6762,1242.5857,708.2887,0.70101863
1248.3048,721.6762,1262.2239,708.4119,0.7590008
1267.8096,721.6762,1280.5344,709.79364,0.82030845
1287.3143,721.6762,1300.3263,708.3996,0.84888643
1306.8191,721.6762,1319.4825,707.8481,0.7858118
1326.3239,721.6762,1338.3688,708.91266,0.7896805
1345.8286,721.6762,1358.4359,708.9917,0.64567024
1365.3334,721.6762,1378.4941,708.563,0.76019186
1384.8381,721.6762,1398.808,708.42456,0.86027646
1423.8477,721.6762,1438.0105,708.4998,0.9835927
1443.3524,721.6762,1455.4624,708.7994,0.98347825
1482.3619,721.6762,1494.4562,709.2885,0.76141644
1501.8667,721.6762,1514.4694,709.08655,0.66804516
1521.3715,721.6762,1532.859,709.85925,0.8509399
1540.8762,721.6762,1553.7445,708.94727,0.76784736
1560.381,721.6762,1573.838,709.6707,0.7014379
1579.8857,721.6762,1592.1606,709.7645,0.43884394
1618.8953,721.6762,1631.4949,709.28937,0.24387243
1657.9048,721.6762,1670.3131,709.5847,0.43939993
1677.4095,721.6762,1689.7505,709.43115,0.4833507
1696.9143,721.6762,1710.0996,710.21686,0.51731145
1716.4191,721.6762,1729.9658,710.4213,0.88509995
1735.9238,721.6762,1749.5188,710.31683,0.9382531
1755.4286,721.6762,1767.5905,709.5847,0.91216487
1774.9333,721.6762,1787.4066,709.63934,0.901259
1794.4381,721.6762,1807.9027,710.1976,0.89565086
1813.9429,721.6762,1827.094,710.40405,0.9409172
1852.9524,721.6762,1865.0939,710.69507,0.96508414
1891.962,721.6762,1905.7013,710.1895,0.99056584
1930.9716,721.6762,1944.5745,710.40875,0.9893181
1950.4763,721.6762,1964.2916,710.5197,0.93912464
1969.9811,721.6762,1983.0493,710.08875,0.92532283
58.51429,741.18097,72.63162,727.4339,0.41040498
78.01905,741.18097,91.84328,726.28784,0.729267
97.52381,741.18097,110.82651,725.69476,0.7200826
136.53334,741.18097,149.00327,726.35284,0.39429647
156.0381,741.18097,167.83713,726.0426,0.8546349
175.54286,741.18097,188.04643,726.32983,0.8727405
195.04762,741.18097,207.619,725.6237,0.7480724
214.55238,741.18097,227.45723,725.67615,0.60403645
234.05716,741.18097,246.56491,725.4845,0.830488
253.56192,741.18097,266.28992,726.1038,0.81772494
273.06668,741.18097,286.10062,725.7573,0.86485976
292.57144,741.18097,304.8843,726.1494,0.83117634
312.0762,741.18097,324.03766,726.24554,0.95426476
331.58096,741.18097,344.64276,726.36633,0.9212654
351.08572,741.18097,363.65555,726.38367,0.74574536
370.59048,741.18097,383.38672,726.5531,0.9291635
390.09525,741.18097,403.5779,726.4855,0.9962099
409.6,741.18097,421.76974,726.6294,0.9949253
429.10477,741.18097,442.64584,726.2357,0.99676484
448.60953,741.18097,461.00275,726.73926,0.9905271
468.11432,741.18097,481.6954,726.26825,0.9005719
487.61908,741.18097,500.6127,726.5477,0.8979591
507.12384,741.18097,520.09863,726.1846,0.9932974
526.6286,741.18097,538.48193,726.69727,0.9823172
546.13336,741.18097,560.2303,726.8602,0.8176475
565.6381,741.18097,578.8272,727.11865,0.90019864
585.1429,741.18097,598.3412,726.3107,0.5861799
604.64764,741.18097,616.27295,726.7826,0.95552635
624.1524,741.18097,637.8315,726.8673,0.94652295
643.65717,741.18097,657.07904,726.52295,0.9116698
663.1619,741.18097,674.8987,726.4995,0.8351569
682.6667,741.18097,695.67456,727.6153,0.48938808
702.17145,741.18097,714.60864,727.5222,0.33390903
721.6762,741.18097,735.1065,726.8926,0.97017235
741.18097,741.18097,753.9122,726.50385,0.9239386
760.6857,741.18097,773.02905,726.8589,0.94945353
780.1905,741.18097,792.67706,726.20166,0.98508817
799.69525,741.18097,813.0771,726.99536,0.98749536
819.2,741.18097,832.7332,727.05524,0.98035055
838.7048,741.18097,850.94714,727.32526,0.9945388
858.20953,741.18097,870.7442,726.9544,0.98834705
877.7143,741.18097,890.41754,726.3449,0.97512007
897.21906,741.18097,910.6034,727.0461,0.9937092
916.7238,741.18097,929.3975,727.5122,0.9933261
936.22864,741.18097,948.2121,727.3223,0.97094214
955.7334,741.18097,967.95,727.7703,0.916457
975.23816,741.18097,987.0263,727.0529,0.8560275
994.7429,741.18097,1007.2736,727.20447,0.9160209
1014.2477,741.18097,1027.2201,727.4778,0.9902474
1033.7524,741.18097,1047.935,726.81824,0.9887082
1053.2572,741.18097,1066.8685,727.0813,0.9930516
1072.762,741.18097,1086.4525,727.7034,0.9900291
1092.2667,741.18097,1105.7299,727.8844,0.9572849
1111.7715,741.18097,1125.1263,727.4661,0.9717278
1131.2762,741.18097,1145.8114,728.22375,0.8625156
1209.2953,741.18097,1223.2681,727.23096,0.7142109
1228.8,741.18097,1243.7643,728.5699,0.7783689
1248.3048,741.18097,1263.8284,729.0614,0.8613615
1267.8096,741.18097,1281.2751,727.91,0.5820047
1287.3143,741.18097,1300.1263,728.4288,0.90101504
1306.8191,741.18097,1318.7675,728.3794,0.8064672
1326.3239,741.18097,1338.6534,727.422,0.82124776
1345.8286,741.18097,1359.2312,728.0728,0.803321
1365.3334,741.18097,1377.195,727.8447,0.5793885
1384.8381,741.18097,1397.543,728.2176,0.820434
1404.3429,741.18097,1416.3716,727.9037,0.9104392
1423.8477,741.18097,1437.8093,727.87396,0.8868591
1443.3524,741.18097,1457.5793,728.69055,0.9749669
1462.8572,741.18097,1474.6007,728.8082,0.99519944
1482.3619,741.18097,1495.2968,728.75305,0.75883603
1501.8667,741.18097,1513.8966,728.2801,0.7308433
1521.3715,741.18097,1534.4385,728.62085,0.8980167
1540.8762,741.18097,1553.0625,729.5594,0.6960965
1560.381,741.18097,1572.8447,728.4495,0.485056
1579.8857,741.18097,1592.2792,728.62305,0.7503593
1599.3905,741.18097,1611.8687,728.6815,0.8054188
1618.8953,741.18097,1631.2478,728.2706,0.2923572
1657.9048,741.18097,1671.6953,729.7068,0.22026105
1677.4095,741.18097,1690.3673,729.31433,0.26676908
1696.9143,741.18097,1710.7653,730.5125,0.2118242
1716.4191,741.18097,1729.4153,730.09015,0.51692224
1735.9238,741.18097,1749.0813,729.1878,0.80209917
1755.4286,741.18097,1768.2432,729.4137,0.9416507
1774.9333,741.18097,1788.0767,728.81586,0.76596665
1833.4476,741.18097,1846.7802,729.0783,0.65672404
1852.9524,741.18097,1866.512,730.51733,0.91564244
1872.4573,741.18097,1885.5319,730.4505,0.9518099
1891.962,741.18097,1905.4027,729.8793,0.8329284
1911.4668,741.18097,1924.933,729.559,0.9649639
1930.9716,741.18097,1945.3792,729.91565,0.98900753
1950.4763,741.18097,1964.2924,730.5426,0.95444876
1969.9811,741.18097,1982.6459,730.0693,0.9617665
39.009525,760.6857,53.117813,745.3734,0.6196752
58.51429,760.6857,74.51757,745.31586,0.91420156
78.01905,760.6857,93.61064,745.09674,0.9841063
97.52381,760.6857,109.048584,745.7978,0.74338806
117.02858,760.6857,129.49117,745.8399,0.2988498
136.53334,760.6857,150.75493,746.14685,0.6860669
156.0381,760.6857,170.81271,745.88947,0.783765
175.54286,760.6857,188.77425,745.8687,0.70189667
195.04762,760.6857,206.3489,745.56,0.51320463
214.55238,760.6857,225.70264,744.6041,0.68100387
234.05716,760.6857,245.74846,745.8019,0.6725055
253.56192,760.6857,266.55737,746.1919,0.38251388
273.06668,760.6857,288.11588,745.8565,0.4783034
292.57144,760.6857,305.77393,744.91284,0.7452375
312.0762,760.6857,325.53125,746.25995,0.90969807
331.58096,760.6857,344.40558,745.63605,0.6837431
351.08572,760.6857,364.11295,746.0305,0.8629638
370.59048,760.6857,383.46207,745.7381,0.85120606
390.09525,760.6857,402.32596,746.0234,0.9674564
409.6,760.6857,422.14923,745.6235,0.9793195
429.10477,760.6857,442.343,746.3034,0.9869954
448.60953,760.6857,462.15924,745.76074,0.9046256
468.11432,760.6857,482.03033,745.4853,0.9117625
487.61908,760.6857,501.6248,746.39294,0.9554669
507.12384,760.6857,519.76227,744.86066,0.97573763
526.6286,760.6857,539.38586,746.0538,0.9633515
546.13336,760.6857,559.4117,746.15216,0.8812814
565.6381,760.6857,578.2814,745.079,0.7407391
585.1429,760.6857,596.23175,745.87067,0.53853506
604.64764,760.6857,616.98303,746.14966,0.89364713
624.1524,760.6857,636.64514,746.2964,0.9178429
643.65717,760.6857,656.48566,745.7958,0.88461185
663.1619,760.6857,676.3657,746.5912,0.79250604
682.6667,760.6857,694.7737,746.50116,0.67099214
702.17145,760.6857,715.27594,746.7606,0.8190211
721.6762,760.6857,734.2862,746.4689,0.9587877
741.18097,760.6857,753.29175,746.1377,0.9469143
760.6857,760.6857,772.9542,746.36255,0.7721249
780.1905,760.6857,792.5284,746.53564,0.9178024
799.69525,760.6857,812.1437,746.04767,0.9284601
819.2,760.6857,831.52026,746.27637,0.9774838
838.7048,760.6857,852.3374,746.2825,0.9680228
858.20953,760.6857,871.28485,746.3168,0.99580944
877.7143,760.6857,890.96826,746.37897,0.9934309
897.21906,760.6857,910.39026,746.36676,0.995057
916.7238,760.6857,930.5026,746.65314,0.98955625
936.22864,760.6857,948.4194,746.4194,0.9753333
955.7334,760.6857,968.4792,746.3975,0.9544832
975.23816,760.6857,987.0001,747.2797,0.806787
994.7429,760.6857,1008.6861,746.9222,0.9395082
1014.2477,760.6857,1027.769,746.4181,0.9921154
1033.7524,760.6857,1046.8513,747.53204,0.99508345
1053.2572,760.6857,1066.4302,746.5591,0.9877458
1072.762,760.6857,1086.6481,747.5902,0.9933514
1092.2667,760.6857,1105.5231,746.9873,0.990004
1111.7715,760.6857,1125.4009,746.8036,0.9288325
1131.2762,760.6857,1144.652,746.95105,0.9298982
1170.2858,760.6857,1183.2197,746.9709,0.84941095
1189.7905,760.6857,1203.666,746.86163,0.52094615
1209.2953,760.6857,1223.1589,746.80054,0.5688907
1228.8,760.6857,1242.2452,746.6706,0.7418359
1248.3048,760.6857,1261.8009,748.49005,0.9381616
1267.8096,760.6857,1281.4106,746.843,0.8883974
1306.8191,760.6857,1319.3197,747.4408,0.498834
1345.8286,760.6857,1357.2048,751.0672,0.29236138
1365.3334,760.6857,1377.6812,747.5334,0.50971794
1384.8381,760.6857,1397.9456,747.4208,0.36828575
1423.8477,760.6857,1436.5953,747.2087,0.89618176
1462.8572,760.6857,1475.5548,747.57294,0.98646
1482.3619,760.6857,1494.673,748.0148,0.911986
1501.8667,760.6857,1514.0247,747.7033,0.9281448
1521.3715,760.6857,1533.2224,747.93726,0.84703326
1540.8762,760.6857,1553.8645,747.671,0.82891417
1560.381,760.6857,1573.396,749.13934,0.69885314
1579.8857,760.6857,1593.1306,748.01654,0.910265
1599.3905,760.6857,1612.5399,748.119,0.8230253
1638.4,760.6857,1651.6001,748.3569,0.38074306
1657.9048,760.6857,1670.2167,747.88043,0.39260408
1696.9143,760.6857,1710.6116,748.2834,0.7285556
1716.4191,760.6857,1729.1602,749.0485,0.32822105
1735.9238,760.6857,1749.0934,749.2246,0.5310323
1755.4286,760.6857,1769.0192,748.61365,0.72303474
1774.9333,760.6857,1788.4689,748.82086,0.93175936
1794.4381,760.6857,1807.0365,749.1229,0.927287
1813.9429,760.6857,1826.615,748.9118,0.90404946
1833.4476,760.6857,1846.7903,748.8291,0.48102257
1852.9524,760.6857,1866.6919,749.0848,0.78253114
1872.4573,760.6857,1885.1876,749.31903,0.8389998
1891.962,760.6857,1905.4125,749.02435,0.8794679
1911.4668,760.6857,1925.6819,749.58014,0.92892396
1969.9811,760.6857,1983.3336,749.1622,0.58532006
39.009525,780.1905,53.408,763.8664,0.75752616
58.51429,780.1905,72.11124,765.2934,0.5228406
78.01905,780.1905,90.740814,764.81946,0.89166695
97.52381,780.1905,111.26751,765.1168,0.84152114
117.02858,780.1905,130.90552,765.1226,0.29190567
136.53334,780.1905,150.66779,765.61707,0.7200006
156.0381,780.1905,170.39218,764.6159,0.6093167
175.54286,780.1905,188.90132,764.6436,0.9214187
195.04762,780.1905,205.99553,764.95605,0.2778628
214.55238,780.1905,226.70721,765.0315,0.7008258
234.05716,780.1905,247.1763,764.9386,0.8066166
253.56192,780.1905,266.51846,764.9883,0.40503016
273.06668,780.1905,286.27472,764.6159,0.31441376
292.57144,780.1905,306.8344,765.3175,0.53786534
312.0762,780.1905,325.37064,765.5171,0.9318649
331.58096,780.1905,343.57727,765.4281,0.9228699
351.08572,780.1905,363.4598,765.29004,0.89375633
370.59048,780.1905,383.84097,765.1584,0.9389307
390.09525,780.1905,403.5639,766.1015,0.9649532
409.6,780.1905,422.56015,765.35236,0.99513704
429.10477,780.1905,442.56296,765.29596,0.9557582
448.60953,780.1905,460.62408,765.1001,0.8641106
468.11432,780.1905,482.16653,765.3624,0.9624159
487.61908,780.1905,500.90417,765.7835,0.9160848
507.12384,780.1905,519.8656,766.8099,0.8060767
526.6286,780.1905,539.3081,765.1601,0.9677573
546.13336,780.1905,559.49744,765.35004,0.955794
565.6381,780.1905,577.5864,765.9867,0.46145535
585.1429,780.1905,598.1277,765.208,0.56185126
604.64764,780.1905,617.17725,765.87665,0.799584
624.1524,780.1905,637.94116,765.36426,0.8627107
663.1619,780.1905,675.66144,765.5465,0.6896494
682.6667,780.1905,694.50916,766.2524,0.65752566
702.17145,780.1905,716.4329,766.17926,0.9617564
721.6762,780.1905,734.6657,765.83685,0.99070144
741.18097,780.1905,753.93256,765.6997,0.94571584
760.6857,780.1905,773.93805,765.79443,0.75237924
780.1905,780.1905,794.1629,765.7396,0.9206024
799.69525,780.1905,811.1596,765.26074,0.82640564
819.2,780.1905,832.96985,765.45374,0.9271778
838.7048,780.1905,852.1142,765.50336,0.9650114
858.20953,780.1905,870.88293,765.4498,0.9842085
877.7143,780.1905,891.157,766.3732,0.97582793
897.21906,780.1905,909.92755,766.86096,0.9604382
916.7238,780.1905,929.64514,765.7916,0.9524122
936.22864,780.1905,950.1022,766.12244,0.99209946
955.7334,780.1905,969.8591,766.22986,0.9490928
975.23816,780.1905,988.0984,766.00024,0.9709444
994.7429,780.1905,1008.351,766.8165,0.92002726
1014.2477,780.1905,1028.6721,766.5677,0.92712116
1033.7524,780.1905,1046.7355,766.60474,0.9935591
1053.2572,780.1905,1065.299,767.511,0.99169946
1072.762,780.1905,1085.3954,766.61743,0.95401514
1092.2667,780.1905,1105.927,766.2135,0.9812765
1111.7715,780.1905,1124.2211,767.19086,0.991821
1131.2762,780.1905,1144.1517,766.15656,0.958016
1150.781,780.1905,1164.7065,766.14856,0.8627861
1209.2953,780.1905,1221.9288,766.453,0.2826731
1228.8,780.1905,1242.6572,766.7268,0.60473365
1248.3048,780.1905,1261.0114,766.75226,0.6951884
1267.8096,780.1905,1280.4882,767.25055,0.9413207
1287.3143,780.1905,1299.9968,767.2704,0.9509599
1306.8191,780.1905,1318.9934,766.71124,0.79929686
1326.3239,780.1905,1338.188,766.9966,0.2854119
1384.8381,780.1905,1397.1133,767.1504,0.46972448
1404.3429,780.1905,1417.1644,766.91504,0.6304325
1443.3524,780.1905,1456.4109,768.1228,0.9788519
1462.8572,780.1905,1476.0778,767.8824,0.9662183
1482.3619,780.1905,1494.8912,766.8059,0.9527891
1501.8667,780.1905,1514.4438,768.1037,0.94516516
1521.3715,780.1905,1533.7896,768.66736,0.9826448
1540.8762,780.1905,1552.9951,767.9493,0.7725216
1560.381,780.1905,1573.9799,767.90845,0.89417344
1579.8857,780.1905,1592.6997,767.57556,0.82264274
1599.3905,780.1905,1611.7231,767.78845,0.8188798
1638.4,780.1905,1650.9751,767.6504,0.67797124
1657.9048,780.1905,1670.3638,768.22565,0.8786777
1677.4095,780.1905,1691.0575,767.75793,0.6058536
1696.9143,780.1905,1709.2754,767.56445,0.3653411
1735.9238,780.1905,1749.4779,768.00464,0.45828512
1755.4286,780.1905,1768.3768,767.7537,0.8298479
1794.4381,780.1905,1808.401,768.23804,0.95610064
1813.9429,780.1905,1827.15,768.5165,0.84569186
1872.4573,780.1905,1886.3585,769.0208,0.9590738
1891.962,780.1905,1906.0906,768.80225,0.9634063
1950.4763,780.1905,1963.8513,768.62085,0.90981424
39.009525,799.69525,54.82936,783.68915,0.65756637
58.51429,799.69525,72.392555,784.96875,0.6865318
78.01905,799.69525,91.53812,784.69556,0.6346792
97.52381,799.69525,109.69894,784.41095,0.8562693
117.02858,799.69525,130.30803,783.9404,0.8436805
136.53334,799.69525,150.29314,784.3779,0.43946898
156.0381,799.69525,170.76947,784.61273,0.2755155
195.04762,799.69525,206.76987,784.4832,0.6745218
214.55238,799.69525,227.1923,784.58636,0.38321
234.05716,799.69525,245.69928,784.6854,0.5803345
253.56192,799.69525,266.99982,784.29395,0.49600667
273.06668,799.69525,285.08597,784.3389,0.26162523
292.57144,799.69525,306.32657,784.3079,0.40089497
312.0762,799.69525,327.24112,784.9386,0.978288
331.58096,799.69525,344.57922,784.4723,0.99424154
351.08572,799.69525,364.47412,784.9312,0.91895
370.59048,799.69525,384.52866,784.85504,0.6986309
390.09525,799.69525,403.4005,784.8133,0.87023646
409.6,799.69525,422.93323,784.97516,0.76002747
429.10477,799.69525,441.1345,785.14526,0.90995204
448.60953,799.69525,461.6359,784.63226,0.9585007
468.11432,799.69525,481.38257,785.0693,0.94868726
487.61908,799.69525,500.4738,784.4286,0.9269684
507.12384,799.69525,521.02264,784.8503,0.9107083
526.6286,799.69525,538.5564,784.6567,0.9663365
546.13336,799.69525,558.14526,784.73254,0.98320353
565.6381,799.69525,578.3716,784.9117,0.4788847
604.64764,799.69525,618.0004,785.2492,0.3672891
624.1524,799.69525,637.5854,785.7445,0.328146
682.6667,799.69525,695.67554,785.325,0.48901647
702.17145,799.69525,714.6577,785.87885,0.9191776
721.6762,799.69525,735.0081,785.10645,0.9772184
741.18097,799.69525,755.4204,785.6055,0.97538924
760.6857,799.69525,774.3962,785.14105,0.96591884
780.1905,799.69525,794.5415,784.2377,0.8850193
799.69525,799.69525,811.5895,784.95013,0.90867877
819.2,799.69525,831.55835,785.4081,0.98188025
838.7048,799.69525,851.4785,786.0893,0.9517787
858.20953,799.69525,869.1871,785.72736,0.9412862
877.7143,799.69525,889.984,785.4789,0.8693284
897.21906,799.69525,909.7163,785.79126,0.93249685
916.7238,799.69525,928.29333,785.91754,0.95853865
936.22864,799.69525,948.64514,785.9623,0.975768
955.7334,799.69525,969.3011,785.567,0.950191
975.23816,799.69525,988.218,785.80786,0.8975541
994.7429,799.69525,1007.3943,785.87585,0.9483902
1014.2477,799.69525,1027.1257,785.54065,0.97649205
1033.7524,799.69525,1046.8645,785.36285,0.9644447
1053.2572,799.69525,1066.0648,785.60016,0.9771762
1072.762,799.69525,1085.3989,785.01404,0.91071576
1092.2667,799.69525,1105.1053,785.5497,0.83693314
1111.7715,799.69525,1124.0826,785.8345,0.6606748
1131.2762,799.69525,1143.8776,786.2839,0.930665
1150.781,799.69525,1161.905,787.1073,0.7270278
1170.2858,799.69525,1183.7253,786.4867,0.93571734
1228.8,799.69525,1243.876,786.6706,0.22175992
1267.8096,799.69525,1281.8842,787.24603,0.88293743
1287.3143,799.69525,1300.2765,786.2501,0.3909486
1345.8286,799.69525,1357.3706,787.1436,0.24306692
1404.3429,799.69525,1416.603,786.98773,0.88437843
1423.8477,799.69525,1435.5093,786.9553,0.99027944
1443.3524,799.69525,1456.4902,786.37317,0.98987794
1501.8667,799.69525,1514.5614,786.81805,0.96520233
1540.8762,799.69525,1553.1621,786.70233,0.9275177
1560.381,799.69525,1573.67,787.5076,0.9249243
1579.8857,799.69525,1593.3491,787.7025,0.9462593
1618.8953,799.69525,1631.4177,786.6703,0.69680035
1638.4,799.69525,1650.9269,786.86255,0.87399614
1657.9048,799.69525,1670.6445,787.4675,0.82186574
1696.9143,799.69525,1709.1696,787.276,0.6562955
1716.4191,799.69525,1729.4177,787.2763,0.55392236
1735.9238,799.69525,1749.4069,787.76794,0.7404597
1755.4286,799.69525,1767.9572,787.3242,0.8347655
1774.9333,799.69525,1787.852,787.4232,0.9024073
1794.4381,799.69525,1807.0138,787.54193,0.9603969
1813.9429,799.69525,1827.054,787.72174,0.96338856
1930.9716,799.69525,1945.2705,788.14825,0.52714384
1950.4763,799.69525,1963.9431,787.8179,0.8539207
1969.9811,799.69525,1983.7605,788.2204,0.92565745
58.51429,819.2,73.78955,803.0937,0.8781412
78.01905,819.2,92.8247,804.0732,0.65943855
97.52381,819.2,112.982185,803.0708,0.96270156
117.02858,819.2,129.60713,803.4687,0.8252058
136.53334,819.2,147.73701,804.3711,0.5594775
175.54286,819.2,188.06477,804.24615,0.5422778
195.04762,819.2,206.02513,803.82574,0.51484066
214.55238,819.2,226.64084,803.69135,0.935142
234.05716,819.2,245.73141,804.2065,0.56638265
253.56192,819.2,267.00684,804.0317,0.6955827
312.0762,819.2,324.51144,804.18994,0.64726734
331.58096,819.2,343.70935,804.35815,0.92150617
351.08572,819.2,363.7786,804.5631,0.8967912
370.59048,819.2,383.2909,804.29175,0.9459604
390.09525,819.2,401.87497,804.2116,0.8705582
409.6,819.2,420.7815,804.1421,0.7284414
429.10477,819.2,441.73108,804.21277,0.91743577
448.60953,819.2,462.25043,804.2856,0.99142766
468.11432,819.2,480.98428,804.0701,0.97943974
487.61908,819.2,501.59756,804.0994,0.8954593
507.12384,819.2,521.3629,804.16046,0.9163094
526.6286,819.2,540.3976,804.55273,0.98049796
546.13336,819.2,558.1705,804.54126,0.9714445
565.6381,819.2,577.8206,804.33307,0.5808535
585.1429,819.2,597.3215,804.226,0.7210654
604.64764,819.2,616.82526,805.0097,0.7925724
624.1524,819.2,638.0776,805.7693,0.8416071
643.65717,819.2,656.192,805.3943,0.47951493
663.1619,819.2,676.904,804.4197,0.44044444
682.6667,819.2,695.51855,804.3378,0.39784175
702.17145,819.2,716.3611,805.08307,0.9804201
721.6762,819.2,734.45685,804.4274,0.98830664
741.18097,819.2,755.00287,805.00726,0.9802566
760.6857,819.2,773.8626,804.8297,0.9911623
780.1905,819.2,793.31165,805.7662,0.8633678
799.69525,819.2,813.065,804.94135,0.9349384
819.2,819.2,832.0037,804.77734,0.9656391
838.7048,819.2,849.86725,805.1936,0.91697705
858.20953,819.2,870.0456,804.8174,0.9492037
877.7143,819.2,890.03986,805.0695,0.8618819
897.21906,819.2,910.3315,805.2111,0.9429411
916.7238,819.2,928.53064,805.8266,0.8973876
936.22864,819.2,948.10333,804.9224,0.94651866
955.7334,819.2,968.371,805.1429,0.94210523
975.23816,819.2,989.2935,804.6437,0.926212
994.7429,819.2,1008.9704,805.6139,0.9794838
1014.2477,819.2,1026.7588,805.0343,0.98493856
1033.7524,819.2,1045.8057,804.98175,0.9461452
1053.2572,819.2,1065.1815,805.1858,0.89973706
1072.762,819.2,1084.7643,805.4791,0.97466975
1092.2667,819.2,1105.5126,805.8848,0.955558
1111.7715,819.2,1123.7035,804.96216,0.8190941
1131.2762,819.2,1143.206,805.6538,0.5683285
1150.781,819.2,1164.2203,805.17676,0.8407495
1248.3048,819.2,1260.3123,805.4174,0.38969296
1267.8096,819.2,1280.4664,807.3596,0.35777786
1287.3143,819.2,1298.7853,805.5514,0.3692118
1306.8191,819.2,1320.1079,805.4717,0.42821157
1345.8286,819.2,1359.6017,806.19934,0.62169933
1365.3334,819.2,1379.2281,806.0793,0.44174725
1384.8381,819.2,1396.6575,806.5771,0.68690205
1423.8477,819.2,1437.3829,806.4101,0.9845074
1462.8572,819.2,1476.3499,805.9282,0.98614764
1482.3619,819.2,1494.7736,805.81305,0.9517437
1501.8667,819.2,1514.3577,805.7686,0.9782257
1521.3715,819.2,1534.3823,807.1336,0.9631378
1540.8762,819.2,1553.3562,807.08014,0.87824017
1560.381,819.2,1574.0253,807.2746,0.95386916
1579.8857,819.2,1592.9623,807.03235,0.62775457
1618.8953,819.2,1631.9877,806.1292,0.7666423
1638.4,819.2,1650.7411,806.6895,0.6856128
1657.9048,819.2,1670.0339,806.9285,0.6432072
1774.9333,819.2,1787.2036,806.79584,0.6513039
1794.4381,819.2,1807.1493,807.55524,0.8861726
1852.9524,819.2,1865.5839,807.07043,0.6861834
1872.4573,819.2,1885.8666,807.67194,0.80669457
1911.4668,819.2,1925.2035,808.0791,0.7543505
1950.4763,819.2,1963.9169,807.6415,0.81940645
1969.9811,819.2,1983.1057,808.102,0.88796437
39.009525,838.7048,53.087067,823.0881,0.5947627
58.51429,838.7048,73.1511,823.03955,0.7813147
78.01905,838.7048,93.7742,822.45435,0.75146645
97.52381,838.7048,110.14917,822.61945,0.74425435
117.02858,838.7048,130.35011,823.9486,0.87868905
156.0381,838.7048,168.8626,823.9646,0.6893753
175.54286,838.7048,187.96217,824.03546,0.5269717
195.04762,838.7048,209.23114,824.30023,0.61012137
214.55238,838.7048,228.31456,823.9031,0.882591
234.05716,838.7048,247.01283,822.8361,0.7298313
253.56192,838.7048,267.03058,823.4564,0.8433964
273.06668,838.7048,287.0945,823.62427,0.42509183
292.57144,838.7048,306.309,823.9623,0.53317595
312.0762,838.7048,326.32022,823.74164,0.6500502
331.58096,838.7048,344.34964,823.53644,0.7439583
351.08572,838.7048,364.31848,823.7102,0.84143996
370.59048,838.7048,384.54135,823.49475,0.9024667
390.09525,838.7048,403.96222,823.211,0.9682416
409.6,838.7048,421.4599,823.1034,0.8671878
429.10477,838.7048,441.49896,823.71686,0.8114857
448.60953,838.7048,461.76746,823.5371,0.8965366
468.11432,838.7048,481.8636,823.8048,0.9610966
487.61908,838.7048,501.91635,823.0327,0.9621823
507.12384,838.7048,520.8822,823.4519,0.9855641
526.6286,838.7048,540.1026,824.06366,0.9854044
546.13336,838.7048,557.7481,823.60376,0.9472785
565.6381,838.7048,576.96155,823.846,0.7110315
585.1429,838.7048,597.80054,823.93555,0.91766375
604.64764,838.7048,617.2586,824.8878,0.80774146
624.1524,838.7048,637.058,824.4177,0.93438244
643.65717,838.7048,655.95435,824.25354,0.5562696
663.1619,838.7048,676.68634,824.5857,0.8890332
682.6667,838.7048,698.75476,824.66437,0.9195823
702.17145,838.7048,716.10913,824.3075,0.8980116
721.6762,838.7048,734.0076,824.0767,0.9053963
741.18097,838.7048,753.73956,824.1817,0.9623448
760.6857,838.7048,774.32007,824.66266,0.99251306
780.1905,838.7048,792.83606,824.1538,0.8735661
799.69525,838.7048,812.88,824.57837,0.89606464
819.2,838.7048,831.1292,824.32336,0.91964215
838.7048,838.7048,850.56995,824.4624,0.93687373
858.20953,838.7048,870.37787,824.3415,0.76725227
877.7143,838.7048,890.47675,824.0178,0.8939671
897.21906,838.7048,909.18896,824.6744,0.80500096
916.7238,838.7048,928.7691,824.49005,0.67566895
936.22864,838.7048,949.42065,824.398,0.9675806
955.7334,838.7048,969.87646,824.94836,0.8572982
975.23816,838.7048,989.70905,824.8956,0.8312713
994.7429,838.7048,1008.54614,825.46045,0.89788324
1014.2477,838.7048,1027.0386,825.42267,0.9112954
1033.7524,838.7048,1046.0015,825.0952,0.8697973
1053.2572,838.7048,1065.6111,825.0628,0.861761
1072.762,838.7048,1085.5315,825.9713,0.98362446
1092.2667,838.7048,1105.6735,825.07263,0.9827585
1111.7715,838.7048,1123.4332,824.76154,0.5496521
1131.2762,838.7048,1143.8239,824.9709,0.5373757
1150.781,838.7048,1162.931,825.05084,0.71511716
1170.2858,838.7048,1182.5146,825.05554,0.81564546
1248.3048,838.7048,1260.0554,825.0338,0.70981044
1267.8096,838.7048,1281.073,825.11035,0.6903745
1306.8191,838.7048,1319.6141,824.682,0.493992
1326.3239,838.7048,1338.7897,825.137,0.75887614
1345.8286,838.7048,1359.88,825.42163,0.28836033
1365.3334,838.7048,1378.877,825.56757,0.5323565
1384.8381,838.7048,1397.0902,825.51843,0.6596029
1404.3429,838.7048,1417.8298,825.34674,0.8584326
1423.8477,838.7048,1437.109,825.9968,0.8400096
1443.3524,838.7048,1456.7513,826.0592,0.57450736
1462.8572,838.7048,1475.4309,825.531,0.7568667
1482.3619,838.7048,1494.8347,825.75806,0.8795077
1501.8667,838.7048,1514.2363,826.8086,0.93630636
1540.8762,838.7048,1553.4982,826.0889,0.9049382
1560.381,838.7048,1573.7295,826.46124,0.9241501
1618.8953,838.7048,1631.773,826.8902,0.91274446
1638.4,838.7048,1651.1783,826.5132,0.37198952
1677.4095,838.7048,1689.9624,826.1768,0.7732802
1696.9143,838.7048,1710.3257,826.24005,0.94555277
1716.4191,838.7048,1729.4774,826.13306,0.8553055
1755.4286,838.7048,1767.895,826.4616,0.3623509
1774.9333,838.7048,1788.1472,826.9867,0.43683103
1794.4381,838.7048,1807.7142,826.68506,0.56664455
1813.9429,838.7048,1827.1295,827.86835,0.8545226
1833.4476,838.7048,1846.2739,827.0182,0.71046245
1852.9524,838.7048,1866.4109,826.38153,0.9213343
1891.962,838.7048,1906.2994,827.5457,0.8637949
1911.4668,838.7048,1925.0106,827.54156,0.81824243
1930.9716,838.7048,1943.5417,827.7003,0.6965293
1950.4763,838.7048,1964.7988,827.3752,0.77350223
39.009525,858.20953,52.063694,843.0093,0.27806434
58.51429,858.20953,71.90553,843.6202,0.8330559
78.01905,858.20953,90.93596,842.34485,0.72145396
97.52381,858.20953,109.67896,843.9608,0.2748395
136.53334,858.20953,149.59947,843.54694,0.36269102
156.0381,858.20953,168.96811,843.2462,0.5653251
175.54286,858.20953,187.97038,842.1519,0.52374595
195.04762,858.20953,207.58511,842.9401,0.8308241
214.55238,858.20953,227.57289,842.538,0.9884225
234.05716,858.20953,246.39459,843.04395,0.95299804
253.56192,858.20953,267.42737,843.1796,0.92182297
273.06668,858.20953,286.40515,843.52844,0.96348757
292.57144,858.20953,304.93185,843.9316,0.9098623
312.0762,858.20953,325.16467,842.5417,0.870737
331.58096,858.20953,344.95425,843.06885,0.53679335
351.08572,858.20953,364.72754,843.1786,0.53531086
370.59048,858.20953,384.63528,843.951,0.9102868
390.09525,858.20953,403.59244,843.388,0.9236205
409.6,858.20953,422.8619,843.47266,0.8092311
429.10477,858.20953,441.49225,842.53937,0.8344297
448.60953,858.20953,460.6805,843.1778,0.73217195
468.11432,858.20953,480.18875,843.1494,0.55430573
487.61908,858.20953,499.7404,843.97754,0.8288485
507.12384,858.20953,521.9529,843.9362,0.96911144
526.6286,858.20953,539.4463,843.0966,0.9864963
546.13336,858.20953,559.1175,843.5594,0.96624136
565.6381,858.20953,578.74603,843.4442,0.96174467
585.1429,858.20953,597.4114,843.663,0.83037925
604.64764,858.20953,617.9351,843.75354,0.9529437
624.1524,858.20953,636.198,843.507,0.93346334
643.65717,858.20953,656.48126,843.51776,0.86439013
663.1619,858.20953,675.1596,843.99506,0.7029809
682.6667,858.20953,697.6068,843.4353,0.85966307
702.17145,858.20953,715.12103,843.651,0.9526361
721.6762,858.20953,733.3595,843.4712,0.8493872
741.18097,858.20953,754.0662,843.6697,0.84860754
760.6857,858.20953,775.21326,844.0788,0.9950153
780.1905,858.20953,793.7092,844.66345,0.97046006
799.69525,858.20953,812.88617,843.631,0.8021854
819.2,858.20953,830.7838,843.6086,0.9785259
838.7048,858.20953,851.68134,843.5799,0.8987591
858.20953,858.20953,869.9561,843.90674,0.9095653
877.7143,858.20953,889.60944,843.71246,0.6473436
897.21906,858.20953,910.439,843.76984,0.8346544
916.7238,858.20953,930.79596,844.2608,0.93185276
936.22864,858.20953,950.9447,844.273,0.97087693
955.7334,858.20953,968.5057,844.3009,0.5591851
975.23816,858.20953,989.30054,844.18054,0.29140988
1014.2477,858.20953,1027.4816,844.4869,0.9381966
1033.7524,858.20953,1047.0631,844.0436,0.8993465
1053.2572,858.20953,1064.9446,845.1754,0.98905915
1072.762,858.20953,1086.0737,844.701,0.9931972
1092.2667,858.20953,1104.2644,844.70734,0.87090755
1111.7715,858.20953,1123.642,844.6878,0.66394335
1131.2762,858.20953,1143.5514,844.8156,0.78655446
1150.781,858.20953,1163.1873,844.09186,0.85447866
1170.2858,858.20953,1182.8334,844.04065,0.7600636
1189.7905,858.20953,1202.8918,843.6543,0.86068076
1228.8,858.20953,1243.3723,844.69586,0.4579094
1248.3048,858.20953,1262.1206,844.00195,0.742938
1267.8096,858.20953,1281.6001,846.30084,0.93903655
1287.3143,858.20953,1302.021,845.0511,0.78514266
1306.8191,858.20953,1319.4774,844.0864,0.27335787
1345.8286,858.20953,1359.3516,845.47906,0.2830788
1365.3334,858.20953,1378.6323,845.00995,0.8447555
1384.8381,858.20953,1396.8154,845.4274,0.8676981
1404.3429,858.20953,1416.3555,845.5191,0.9219489
1423.8477,858.20953,1436.546,845.55255,0.56729037
1443.3524,858.20953,1456.7355,845.42096,0.49275213
1462.8572,858.20953,1475.6487,845.7568,0.44106042
1482.3619,858.20953,1495.3015,845.71594,0.9477034
1501.8667,858.20953,1514.648,845.31775,0.91269594
1560.381,858.20953,1573.1528,845.28436,0.83732146
1579.8857,858.20953,1593.0438,845.8154,0.8105885
1599.3905,858.20953,1612.4082,845.6347,0.9343392
1618.8953,858.20953,1631.0645,845.6878,0.73161316
1677.4095,858.20953,1690.3346,846.1044,0.8785307
1696.9143,858.20953,1709.461,845.4828,0.87705517
1716.4191,858.20953,1729.5219,845.958,0.67062044
1735.9238,858.20953,1749.5426,845.79333,0.5209703
1755.4286,858.20953,1769.1497,846.7085,0.5500139
1774.9333,858.20953,1788.1431,845.91144,0.7780009
1794.4381,858.20953,1806.51,845.79083,0.6932267
1813.9429,858.20953,1827.4764,846.2382,0.8853986
1833.4476,858.20953,1846.6328,846.5436,0.7714969
1852.9524,858.20953,1866.0745,847.55237,0.9231692
1872.4573,858.20953,1885.6498,847.0209,0.86733603
1891.962,858.20953,1905.4624,846.11084,0.83451134
1911.4668,858.20953,1925.0908,846.3688,0.8481673
1930.9716,858.20953,1945.1343,847.12286,0.93349785
1969.9811,858.20953,1983.9337,846.58215,0.92873716
136.53334,877.7143,149.29547,862.6463,0.7017337
156.0381,877.7143,171.1461,862.40247,0.7143457
175.54286,877.7143,189.10976,862.208,0.30375123
195.04762,877.7143,209.37413,862.85693,0.5609863
214.55238,877.7143,228.26027,862.9929,0.96100736
234.05716,877.7143,247.70497,862.63464,0.93457663
253.56192,877.7143,268.79297,863.20276,0.9886952
273.06668,877.7143,286.09155,863.3344,0.8497048
292.57144,877.7143,305.03693,862.63916,0.7157709
312.0762,877.7143,324.78375,862.85144,0.76120675
331.58096,877.7143,345.35812,862.78925,0.44852206
351.08572,877.7143,364.4006,863.1414,0.6328918
370.59048,877.7143,382.8432,862.8377,0.84229946
390.09525,877.7143,403.54004,862.7265,0.9383717
409.6,877.7143,422.63614,862.39734,0.91737103
429.10477,877.7143,442.7434,862.97974,0.8479093
448.60953,877.7143,460.45117,862.6431,0.70772076
468.11432,877.7143,480.5369,862.7646,0.7623737
487.61908,877.7143,499.15668,862.6759,0.740383
507.12384,877.7143,520.4164,862.8011,0.92254364
526.6286,877.7143,539.31757,863.0871,0.9885981
546.13336,877.7143,559.071,862.979,0.822102
565.6381,877.7143,576.53107,862.87756,0.7928582
585.1429,877.7143,597.35736,862.8413,0.9648989
604.64764,877.7143,617.897,863.48004,0.99468905
624.1524,877.7143,635.73865,862.66705,0.9773534
643.65717,877.7143,657.35785,863.3871,0.9110808
663.1619,877.7143,675.2164,863.34296,0.94407636
682.6667,877.7143,694.95435,863.0327,0.94816667
702.17145,877.7143,715.31604,863.1074,0.9353217
721.6762,877.7143,734.572,863.64343,0.9541938
741.18097,877.7143,753.453,863.2376,0.83002156
760.6857,877.7143,774.7795,862.9417,0.8554061
780.1905,877.7143,794.02954,863.6619,0.8484988
799.69525,877.7143,812.72644,863.8725,0.8765689
819.2,877.7143,832.4842,863.0546,0.83992016
838.7048,877.7143,851.0327,863.0008,0.6418104
858.20953,877.7143,870.83636,863.12897,0.8420192
877.7143,877.7143,890.94086,863.7671,0.95586544
897.21906,877.7143,910.1262,863.2007,0.9890128
916.7238,877.7143,930.23834,863.5701,0.97382814
936.22864,877.7143,948.78375,864.2886,0.91520834
955.7334,877.7143,968.1758,863.54944,0.6739805
975.23816,877.7143,988.78156,864.00433,0.8654933
994.7429,877.7143,1008.9489,863.07776,0.8763288
1014.2477,877.7143,1027.3743,863.53204,0.7927112
1033.7524,877.7143,1046.5922,863.48804,0.9288811
1053.2572,877.7143,1065.2837,863.6056,0.9918328
1072.762,877.7143,1087.0251,863.8728,0.9907579
1092.2667,877.7143,1104.0479,863.92926,0.89073074
1111.7715,877.7143,1124.5675,864.063,0.78870064
1131.2762,877.7143,1144.363,864.78937,0.74712026
1209.2953,877.7143,1222.5413,864.43823,0.5287832
1228.8,877.7143,1240.877,863.44183,0.7235646
1248.3048,877.7143,1260.6492,863.97144,0.8200018
1267.8096,877.7143,1281.1045,864.85455,0.9759198
1326.3239,877.7143,1340.5815,864.007,0.46946785
1345.8286,877.7143,1358.4347,864.60175,0.31261125
1365.3334,877.7143,1378.7903,864.95465,0.862229
1404.3429,877.7143,1417.3169,864.301,0.9129473
1423.8477,877.7143,1437.8604,864.2919,0.92678744
1443.3524,877.7143,1455.2794,864.688,0.8447322
1462.8572,877.7143,1474.76,865.0578,0.65695333
1482.3619,877.7143,1495.0323,865.8779,0.7835377
1501.8667,877.7143,1514.8485,864.8117,0.88318604
1521.3715,877.7143,1533.4572,864.96387,0.90415585
1540.8762,877.7143,1552.6145,864.5388,0.8789754
1560.381,877.7143,1573.2795,865.7581,0.7700361
1579.8857,877.7143,1592.1871,864.703,0.89424783
1638.4,877.7143,1651.155,865.1195,0.44173917
1657.9048,877.7143,1670.8435,864.8077,0.7520682
1677.4095,877.7143,1689.8817,865.48706,0.9839046
1696.9143,877.7143,1709.0371,865.5117,0.95757663
1716.4191,877.7143,1729.8423,865.0391,0.81885225
1735.9238,877.7143,1748.7988,865.42505,0.88974684
1755.4286,877.7143,1769.1062,865.60474,0.61559975
1774.9333,877.7143,1788.2925,865.53046,0.60090524
1794.4381,877.7143,1806.66,865.69855,0.7036307
1852.9524,877.7143,1865.9403,866.56824,0.85976124
1872.4573,877.7143,1885.8766,867.0754,0.82453775
1891.962,877.7143,1904.663,866.0455,0.8850221
1911.4668,877.7143,1925.3604,866.68823,0.6007586
1930.9716,877.7143,1944.4213,865.94275,0.53445494
1950.4763,877.7143,1965.0452,866.30817,0.88285124
1969.9811,877.7143,1984.9133,866.51074,0.95384973
58.51429,897.21906,72.37712,881.8959,0.50843686
78.01905,897.21906,91.95215,883.0654,0.7418174
136.53334,897.21906,149.0912,883.48865,0.8252479
156.0381,897.21906,170.4516,882.3245,0.91393656
175.54286,897.21906,190.51785,880.9516,0.61784834
195.04762,897.21906,209.12901,881.44305,0.9416506
214.55238,897.21906,228.43695,882.0227,0.97787124
234.05716,897.21906,247.32442,882.131,0.9940683
253.56192,897.21906,267.28055,882.1156,0.98241967
273.06668,897.21906,287.6431,882.3496,0.9499181
292.57144,897.21906,306.7447,881.90735,0.8596912
312.0762,897.21906,325.62805,881.9505,0.48147526
370.59048,897.21906,383.99338,882.65326,0.54925567
390.09525,897.21906,401.75873,882.16956,0.8754266
409.6,897.21906,421.45255,882.5756,0.73130214
429.10477,897.21906,441.81924,882.25226,0.73495567
448.60953,897.21906,462.57733,881.6759,0.82614106
468.11432,897.21906,481.8566,881.9097,0.52832556
487.61908,897.21906,499.2823,882.1478,0.6403612
507.12384,897.21906,519.91986,882.5283,0.9404402
526.6286,897.21906,539.80975,882.54736,0.9938515
546.13336,897.21906,559.53595,882.31464,0.45633718
585.1429,897.21906,598.33624,882.6297,0.9425133
604.64764,897.21906,619.0498,882.6645,0.99206734
624.1524,897.21906,637.1232,882.5915,0.9932476
643.65717,897.21906,656.2322,882.6514,0.94937843
663.1619,897.21906,675.38293,881.61884,0.96623796
682.6667,897.21906,693.807,882.5833,0.8460277
702.17145,897.21906,714.8694,882.4714,0.8916482
721.6762,897.21906,734.3863,882.7192,0.9544484
741.18097,897.21906,754.5592,883.4667,0.87849027
780.1905,897.21906,791.0995,882.85693,0.6172745
799.69525,897.21906,811.78375,883.6343,0.34742767
819.2,897.21906,831.368,882.70593,0.8328404
838.7048,897.21906,851.5538,883.2822,0.80586433
858.20953,897.21906,870.79474,882.7792,0.73303396
877.7143,897.21906,890.7248,883.3377,0.93098754
897.21906,897.21906,910.53156,883.1496,0.9892798
916.7238,897.21906,930.7472,883.0481,0.9542904
936.22864,897.21906,948.14136,882.71173,0.96831286
955.7334,897.21906,969.74585,883.4532,0.7951867
975.23816,897.21906,987.79694,883.1751,0.8996081
994.7429,897.21906,1008.54285,882.97675,0.96245676
1014.2477,897.21906,1027.4198,882.583,0.65024364
1033.7524,897.21906,1045.4274,883.4258,0.65739256
1053.2572,897.21906,1064.9547,883.3071,0.93291914
1072.762,897.21906,1084.7654,883.6351,0.92385846
1092.2667,897.21906,1104.242,883.67694,0.75148463
1111.7715,897.21906,1123.2816,883.2147,0.82377625
1189.7905,897.21906,1202.3324,883.7288,0.8722954
1209.2953,897.21906,1221.9421,883.2576,0.760517
1228.8,897.21906,1242.6355,882.9819,0.9155442
1267.8096,897.21906,1281.1873,884.4938,0.9484354
1345.8286,897.21906,1357.8735,883.3793,0.69895035
1365.3334,897.21906,1378.0703,884.57367,0.79203236
1384.8381,897.21906,1397.9008,883.7049,0.9615715
1404.3429,897.21906,1416.5084,884.7652,0.9568392
1423.8477,897.21906,1436.4801,883.47473,0.9879362
1443.3524,897.21906,1456.9119,883.653,0.9690437
1462.8572,897.21906,1475.3782,883.722,0.93950915
1482.3619,897.21906,1494.2866,884.36884,0.8617295
1501.8667,897.21906,1514.0438,884.6105,0.58608687
1540.8762,897.21906,1553.8104,884.6568,0.8958538
1560.381,897.21906,1572.9772,884.4577,0.8528173
1579.8857,897.21906,1592.082,884.3625,0.9534729
1618.8953,897.21906,1631.1125,884.1976,0.97226274
1638.4,897.21906,1651.2631,884.2286,0.69425493
1657.9048,897.21906,1670.3483,885.23444,0.8767645
1677.4095,897.21906,1690.011,884.94934,0.97844094
1716.4191,897.21906,1729.2845,884.5834,0.86190635
1735.9238,897.21906,1749.1317,884.836,0.889765
1755.4286,897.21906,1768.0088,885.3471,0.26047382
1794.4381,897.21906,1808.1519,885.47925,0.91764635
1813.9429,897.21906,1826.9608,884.8807,0.9432219
1833.4476,897.21906,1847.8259,885.443,0.9591764
1852.9524,897.21906,1865.3062,886.2952,0.7900166
1872.4573,897.21906,1885.225,885.3389,0.9568423
1891.962,897.21906,1905.1545,885.0494,0.9447205
1911.4668,897.21906,1925.3612,886.03815,0.9153271
78.01905,916.7238,92.30396,900.98425,0.9156832
136.53334,916.7238,149.92807,901.8691,0.4659593
156.0381,916.7238,169.39189,901.743,0.90917325
175.54286,916.7238,189.2964,900.9028,0.9746696
195.04762,916.7238,207.25108,901.71313,0.95143354
214.55238,916.7238,228.77199,901.7272,0.99445987
234.05716,916.7238,248.1603,901.49927,0.99935967
253.56192,916.7238,267.16815,901.5122,0.99855864
273.06668,916.7238,286.8478,901.1944,0.991881
292.57144,916.7238,306.30188,902.20526,0.8744117
312.0762,916.7238,324.67584,902.52454,0.57960355
331.58096,916.7238,345.88553,900.96045,0.7663728
351.08572,916.7238,366.44037,900.4879,0.38550806
390.09525,916.7238,404.4495,901.9724,0.71130097
409.6,916.7238,423.13303,901.79407,0.44042417
429.10477,916.7238,442.33325,901.90125,0.68621147
448.60953,916.7238,463.15656,900.7895,0.6269241
468.11432,916.7238,482.13696,901.4618,0.4555881
487.61908,916.7238,500.5581,900.94305,0.6580942
507.12384,916.7238,519.4722,901.2238,0.8979684
526.6286,916.7238,539.8892,902.22736,0.99663824
546.13336,916.7238,558.62195,902.03424,0.9382478
565.6381,916.7238,577.48987,902.81757,0.7470009
585.1429,916.7238,598.25824,901.97034,0.93757975
604.64764,916.7238,616.30383,902.3786,0.99483484
624.1524,916.7238,636.842,902.3592,0.9812265
643.65717,916.7238,655.5525,901.9998,0.9682691
663.1619,916.7238,675.19763,902.00354,0.8875571
682.6667,916.7238,695.10425,901.85333,0.8342006
702.17145,916.7238,714.70276,901.7189,0.9286486
721.6762,916.7238,735.1098,901.9183,0.91284454
741.18097,916.7238,753.5222,902.13904,0.7717919
780.1905,916.7238,792.3937,903.0716,0.6582415
799.69525,916.7238,812.3792,902.4965,0.591545
819.2,916.7238,833.0215,902.33344,0.85120636
838.7048,916.7238,851.47833,902.0205,0.7229877
858.20953,916.7238,870.10657,902.1175,0.92470163
877.7143,916.7238,890.6615,902.69354,0.9061628
897.21906,916.7238,909.81537,902.9649,0.8939008
916.7238,916.7238,928.07086,902.3324,0.93245083
936.22864,916.7238,948.9591,902.73016,0.7652802
955.7334,916.7238,968.509,902.7403,0.837741
975.23816,916.7238,987.82117,903.1925,0.84263885
994.7429,916.7238,1007.3217,903.1706,0.8424734
1014.2477,916.7238,1026.7043,903.32214,0.86405843
1033.7524,916.7238,1045.7887,902.72974,0.5950246
1053.2572,916.7238,1065.5271,903.0955,0.8866385
1072.762,916.7238,1084.7357,903.127,0.97670865
1092.2667,916.7238,1104.7804,902.9432,0.29621863
1111.7715,916.7238,1123.7217,902.95544,0.71507716
1131.2762,916.7238,1142.9797,903.012,0.7459899
1170.2858,916.7238,1183.9353,902.74414,0.76798713
1248.3048,916.7238,1261.7164,902.75214,0.75946635
1326.3239,916.7238,1338.8005,903.34216,0.33799163
1365.3334,916.7238,1377.7072,903.5369,0.8649836
1384.8381,916.7238,1397.976,903.6195,0.9667449
1404.3429,916.7238,1416.1594,904.5654,0.9665761
1423.8477,916.7238,1435.6926,904.3466,0.99352866
1443.3524,916.7238,1456.1484,903.60645,0.98996943
1462.8572,916.7238,1475.7762,902.9603,0.8676948
1521.3715,916.7238,1533.5608,903.51196,0.76469105
1540.8762,916.7238,1553.167,903.7046,0.7734187
1560.381,916.7238,1573.647,905.2139,0.8942461
1579.8857,916.7238,1591.8531,903.9521,0.9592998
1599.3905,916.7238,1612.3148,903.808,0.89317495
1618.8953,916.7238,1630.3804,904.50977,0.9296872
1677.4095,916.7238,1689.6356,905.03925,0.723193
1696.9143,916.7238,1709.9384,903.90125,0.93656677
1716.4191,916.7238,1729.3212,904.43555,0.9040183
1735.9238,916.7238,1748.179,904.67236,0.83212066
1755.4286,916.7238,1767.6511,904.886,0.76520437
1794.4381,916.7238,1807.4786,905.16724,0.90482324
1813.9429,916.7238,1828.7325,905.8405,0.8437597
1833.4476,916.7238,1847.7261,904.83887,0.8869291
1852.9524,916.7238,1864.9202,904.94714,0.72525716
1872.4573,916.7238,1885.9855,905.4364,0.8311528
1891.962,916.7238,1905.5308,905.1804,0.99178845
1911.4668,916.7238,1925.8684,904.88403,0.9523526
1930.9716,916.7238,1945.431,905.14496,0.5723586
1950.4763,916.7238,1964.172,904.663,0.49562874
136.53334,936.22864,151.06244,920.04767,0.61024
156.0381,936.22864,169.509,920.9072,0.8704458
175.54286,936.22864,187.2488,921.5116,0.7408475
195.04762,936.22864,207.61293,920.0766,0.7832181
214.55238,936.22864,228.20216,921.3266,0.9920361
234.05716,936.22864,248.27257,920.85065,0.9896867
253.56192,936.22864,267.0564,921.0381,0.9966323
273.06668,936.22864,285.79486,921.2066,0.9874342
292.57144,936.22864,307.28107,921.29254,0.8729253
312.0762,936.22864,324.33594,921.02527,0.8063721
331.58096,936.22864,343.7807,921.0251,0.43513373
351.08572,936.22864,364.54767,920.8705,0.6059026
370.59048,936.22864,385.17422,920.8133,0.5489499
390.09525,936.22864,404.14423,921.2658,0.6699183
487.61908,936.22864,501.06937,919.89087,0.7457412
507.12384,936.22864,518.90137,920.8978,0.9217347
526.6286,936.22864,540.2826,921.73004,0.99603313
546.13336,936.22864,560.2227,920.95935,0.99157035
565.6381,936.22864,577.927,921.7004,0.9949641
585.1429,936.22864,598.92206,921.92535,0.9908645
604.64764,936.22864,618.37445,921.6606,0.9971213
624.1524,936.22864,636.9915,921.22546,0.99762434
643.65717,936.22864,655.8775,921.92975,0.96917754
663.1619,936.22864,674.42206,921.63025,0.8295726
682.6667,936.22864,695.4179,920.9852,0.89823675
702.17145,936.22864,713.69696,921.6323,0.9235457
721.6762,936.22864,733.8437,921.66766,0.72074294
741.18097,936.22864,754.5829,921.122,0.7837244
760.6857,936.22864,772.8281,921.9174,0.4396725
780.1905,936.22864,793.3733,922.3664,0.70897734
799.69525,936.22864,812.55084,922.4027,0.921121
819.2,936.22864,832.08984,921.4133,0.965249
838.7048,936.22864,852.2889,921.1265,0.9548352
858.20953,936.22864,870.07947,921.64294,0.84546095
877.7143,936.22864,889.0821,922.19006,0.97895676
897.21906,936.22864,909.92346,922.22504,0.98881507
916.7238,936.22864,931.58057,923.2029,0.9614787
936.22864,936.22864,950.0458,923.2584,0.7493209
955.7334,936.22864,969.2513,922.4302,0.79132986
975.23816,936.22864,988.68146,923.51416,0.94738656
994.7429,936.22864,1008.4254,922.11304,0.87395287
1014.2477,936.22864,1026.1476,922.32446,0.8136806
1033.7524,936.22864,1046.4337,922.581,0.8208616
1053.2572,936.22864,1065.8691,922.3062,0.965422
1072.762,936.22864,1084.8569,922.32294,0.9701257
1092.2667,936.22864,1105.3173,922.8651,0.34901595
1111.7715,936.22864,1124.3657,922.31445,0.42634913
1131.2762,936.22864,1143.5706,922.40936,0.6457296
1150.781,936.22864,1163.3197,921.60913,0.90897924
1384.8381,936.22864,1397.263,922.9326,0.974536
1404.3429,936.22864,1416.2217,923.808,0.96170205
1423.8477,936.22864,1436.5404,923.83435,0.97769153
1443.3524,936.22864,1456.995,924.09076,0.9393047
1462.8572,936.22864,1476.2352,924.2147,0.815204
1482.3619,936.22864,1495.0964,922.8213,0.39737517
1501.8667,936.22864,1514.7584,922.66077,0.7567931
1521.3715,936.22864,1534.0201,923.1878,0.8090129
1540.8762,936.22864,1553.6313,924.1248,0.82141966
1579.8857,936.22864,1592.131,923.06647,0.9352518
1638.4,936.22864,1651.1881,923.67926,0.5745317
1677.4095,936.22864,1689.8232,923.7277,0.58538646
1696.9143,936.22864,1710.3131,923.59625,0.93599695
1716.4191,936.22864,1729.2631,923.3515,0.87161005
1774.9333,936.22864,1787.7728,923.87067,0.9627001
1794.4381,936.22864,1808.06,924.0516,0.91386116
1813.9429,936.22864,1826.6676,925.41943,0.962507
1833.4476,936.22864,1847.2311,925.3067,0.6143174
1852.9524,936.22864,1866.6819,924.6383,0.6790337
1891.962,936.22864,1905.5682,924.48944,0.94492924
1930.9716,936.22864,1944.3978,924.08636,0.62888104
1969.9811,936.22864,1983.0994,924.7019,0.7814787
78.01905,955.7334,93.30899,940.45593,0.8941843
97.52381,955.7334,112.875336,940.30133,0.5674267
117.02858,955.7334,131.57024,941.15137,0.8763124
136.53334,955.7334,150.35303,940.28375,0.930216
156.0381,955.7334,169.37863,939.97363,0.90019315
175.54286,955.7334,188.84897,940.6312,0.6449835
195.04762,955.7334,209.0304,940.5225,0.8468382
214.55238,955.7334,227.16862,940.2888,0.9831515
234.05716,955.7334,248.4478,941.27905,0.94611394
253.56192,955.7334,268.4385,941.32294,0.9591597
273.06668,955.7334,286.1425,941.08307,0.9943688
292.57144,955.7334,307.39148,940.5518,0.91715777
312.0762,955.7334,323.6926,940.6795,0.5175729
331.58096,955.7334,345.30994,940.8994,0.79962736
351.08572,955.7334,365.69592,941.0006,0.7955049
370.59048,955.7334,386.04614,940.0531,0.56117064
390.09525,955.7334,404.41824,940.64124,0.48886213
487.61908,955.7334,502.01675,940.5305,0.637338
507.12384,955.7334,520.44904,940.99927,0.96222144
526.6286,955.7334,539.74927,941.9067,0.98391175
546.13336,955.7334,559.85455,940.85504,0.99597377
565.6381,955.7334,579.1255,940.9087,0.9965878
585.1429,955.7334,598.8772,940.3038,0.9970718
604.64764,955.7334,616.3044,940.92847,0.9885453
624.1524,955.7334,637.5202,940.45593,0.98834395
643.65717,955.7334,656.7338,941.38184,0.98003256
663.1619,955.7334,675.93304,940.8744,0.94977486
682.6667,955.7334,695.2062,940.82477,0.9733754
702.17145,955.7334,713.7852,941.05804,0.9770148
721.6762,955.7334,734.2087,941.3213,0.95126873
741.18097,955.7334,754.02795,939.9799,0.94762677
760.6857,955.7334,773.6194,941.14014,0.3788873
780.1905,955.7334,793.38684,941.1452,0.96700025
799.69525,955.7334,812.8155,941.7453,0.9852746
819.2,955.7334,831.65,941.2369,0.894499
838.7048,955.7334,851.52765,941.3943,0.9168186
858.20953,955.7334,870.68475,941.4075,0.89898956
877.7143,955.7334,890.7713,941.4287,0.96825963
897.21906,955.7334,910.4269,941.3681,0.96090615
916.7238,955.7334,931.1329,942.26373,0.97719127
936.22864,955.7334,949.19305,942.004,0.9841818
955.7334,955.7334,969.56805,941.1501,0.88773656
975.23816,955.7334,988.01483,941.71497,0.686989
994.7429,955.7334,1006.9604,941.25665,0.85315186
1014.2477,955.7334,1027.1384,942.1795,0.95951176
1033.7524,955.7334,1046.1727,942.2895,0.6675491
1053.2572,955.7334,1066.3544,941.7796,0.76053715
1072.762,955.7334,1085.225,941.6792,0.9273802
1092.2667,955.7334,1106.111,941.5019,0.98357344
1111.7715,955.7334,1123.7384,942.1896,0.9148133
1131.2762,955.7334,1143.2645,941.3389,0.8268304
1150.781,955.7334,1163.8868,941.1164,0.90714055
1326.3239,955.7334,1338.7191,942.23083,0.537149
1345.8286,955.7334,1358.1836,942.1235,0.5167901
1365.3334,955.7334,1377.8976,942.58575,0.6642174
1384.8381,955.7334,1397.5602,943.1478,0.7790086
1404.3429,955.7334,1417.1315,941.94116,0.91705394
1423.8477,955.7334,1436.6877,942.83044,0.9647243
1443.3524,955.7334,1455.6194,943.20355,0.80035675
1462.8572,955.7334,1476.2561,942.18134,0.75718063
1482.3619,955.7334,1496.3125,942.75824,0.6257673
1501.8667,955.7334,1514.9082,943.26196,0.8917637
1521.3715,955.7334,1534.5013,943.94543,0.9073722
1540.8762,955.7334,1554.4945,943.18304,0.86536694
1560.381,955.7334,1572.6057,943.8384,0.88661194
1579.8857,955.7334,1593.0267,943.41534,0.9126471
1599.3905,955.7334,1611.4489,942.94867,0.903623
1618.8953,955.7334,1631.5374,943.44604,0.84556454
1638.4,955.7334,1651.5258,942.997,0.33636653
1657.9048,955.7334,1670.5618,942.8355,0.6633345
1677.4095,955.7334,1689.828,943.5889,0.85838497
1716.4191,955.7334,1729.3756,943.53656,0.87531525
1735.9238,955.7334,1748.6879,943.88727,0.77616715
1755.4286,955.7334,1768.702,943.8123,0.5059395
1774.9333,955.7334,1787.6534,943.30206,0.97235405
1794.4381,955.7334,1806.5323,943.5654,0.9938868
1813.9429,955.7334,1827.2408,943.89136,0.89752775
1833.4476,955.7334,1846.7803,944.34235,0.48270062
1852.9524,955.7334,1866.1365,944.1137,0.7434244
1872.4573,955.7334,1885.1621,943.4083,0.9362092
1891.962,955.7334,1904.9904,943.4474,0.97946405
1969.9811,955.7334,1983.5046,943.6811,0.58395207
39.009525,975.23816,52.851715,959.1001,0.4469299
58.51429,975.23816,72.11356,960.2973,0.6492207
78.01905,975.23816,92.341705,959.97595,0.69947016
97.52381,975.23816,110.7725,960.1368,0.8641385
117.02858,975.23816,131.55295,959.7277,0.865773
136.53334,975.23816,148.84741,959.25006,0.81536376
156.0381,975.23816,169.04337,959.0132,0.8284418
175.54286,975.23816,188.98239,959.885,0.8262702
195.04762,975.23816,208.59561,959.7821,0.8842648
214.55238,975.23816,230.68517,959.801,0.89098376
253.56192,975.23816,268.38983,960.5201,0.9840537
273.06668,975.23816,286.92172,959.91345,0.9884462
292.57144,975.23816,307.75037,960.30145,0.9767487
312.0762,975.23816,325.25385,959.8374,0.86244655
331.58096,975.23816,344.30753,960.9038,0.7044091
351.08572,975.23816,365.1071,960.4626,0.93916565
448.60953,975.23816,462.29886,960.25494,0.24980997
487.61908,975.23816,501.55295,960.5202,0.90340775
507.12384,975.23816,521.4735,960.8836,0.9672839
526.6286,975.23816,540.6729,960.42725,0.9541843
546.13336,975.23816,559.89856,960.5742,0.98231626
565.6381,975.23816,579.1188,960.58704,0.9956105
585.1429,975.23816,597.23584,960.3565,0.99217683
604.64764,975.23816,617.73157,960.06024,0.9454918
624.1524,975.23816,638.3444,960.45886,0.877786
643.65717,975.23816,656.44147,960.43335,0.9804169
663.1619,975.23816,675.45166,960.1183,0.989387
682.6667,975.23816,695.4665,959.737,0.9986664
702.17145,975.23816,714.39056,959.3891,0.9888787
721.6762,975.23816,734.5187,960.5834,0.981988
741.18097,975.23816,753.60223,960.48425,0.8526142
760.6857,975.23816,775.17474,960.8599,0.79007375
780.1905,975.23816,794.25024,961.07275,0.8194326
799.69525,975.23816,811.727,960.71594,0.98473907
819.2,975.23816,831.7244,960.5993,0.98343664
838.7048,975.23816,852.3331,960.7277,0.9699563
858.20953,975.23816,871.037,960.9958,0.9044624
877.7143,975.23816,891.9403,960.98486,0.98488647
897.21906,975.23816,910.9057,961.08716,0.9948338
916.7238,975.23816,931.11334,961.43475,0.9976672
936.22864,975.23816,948.88153,961.3423,0.99808705
955.7334,975.23816,968.80896,961.2039,0.9307196
975.23816,975.23816,986.45184,961.142,0.805974
994.7429,975.23816,1007.3679,960.99164,0.97117126
1014.2477,975.23816,1027.2902,961.22906,0.9777798
1033.7524,975.23816,1046.819,962.0422,0.9432514
1053.2572,975.23816,1067.1388,961.40765,0.89129186
1072.762,975.23816,1085.1517,960.7261,0.9850266
1092.2667,975.23816,1105.0328,961.5453,0.97277236
1111.7715,975.23816,1123.6014,960.99066,0.88640624
1131.2762,975.23816,1143.3688,961.11127,0.8883167
1150.781,975.23816,1163.035,960.79254,0.73553663
1170.2858,975.23816,1183.5944,960.87946,0.87407434
1189.7905,975.23816,1203.1714,960.66724,0.72842056
1326.3239,975.23816,1338.2805,961.3316,0.739752
1345.8286,975.23816,1358.7014,961.83673,0.5742067
1365.3334,975.23816,1378.0107,962.8494,0.33461514
1384.8381,975.23816,1396.7177,962.43317,0.50486857
1404.3429,975.23816,1417.412,961.77167,0.9414185
1423.8477,975.23816,1436.6765,962.12695,0.89571595
1443.3524,975.23816,1456.1086,962.5728,0.7342458
1462.8572,975.23816,1476.0583,961.7498,0.6252475
1482.3619,975.23816,1495.9087,962.45105,0.95493144
1501.8667,975.23816,1516.0135,963.223,0.79885864
1521.3715,975.23816,1534.936,962.9692,0.9289955
1540.8762,975.23816,1554.2253,963.22797,0.9824019
1560.381,975.23816,1574.5464,963.30286,0.82532257
1579.8857,975.23816,1592.7404,962.5436,0.94988835
1599.3905,975.23816,1610.5939,962.886,0.6981346
1618.8953,975.23816,1632.5538,962.67206,0.86349934
1638.4,975.23816,1651.7316,963.33215,0.6245568
1677.4095,975.23816,1690.9841,962.1628,0.88477033
1696.9143,975.23816,1710.619,962.8968,0.90562856
1716.4191,975.23816,1729.715,962.4894,0.94612664
1735.9238,975.23816,1749.3907,962.5192,0.8152526
1755.4286,975.23816,1769.4087,962.73615,0.5762369
1774.9333,975.23816,1788.7032,962.53876,0.98505735
1813.9429,975.23816,1827.5176,963.88257,0.91077703
1833.4476,975.23816,1848.1146,963.72565,0.86675256
1872.4573,975.23816,1885.7965,963.2634,0.8664346
1891.962,975.23816,1904.741,963.09045,0.65795535
1911.4668,975.23816,1925.4784,963.32446,0.5829899
1930.9716,975.23816,1944.5728,963.2777,0.41481185
1950.4763,975.23816,1963.9424,963.6042,0.31598294
1969.9811,975.23816,1983.2046,966.06177,0.4449137
58.51429,994.7429,70.94175,977.9768,0.85854506
78.01905,994.7429,90.42716,978.73224,0.7984983
97.52381,994.7429,111.09705,978.8438,0.9415074
117.02858,994.7429,130.09448,979.8144,0.96260655
136.53334,994.7429,149.9979,979.4522,0.96545255
156.0381,994.7429,168.95651,978.99677,0.9467273
175.54286,994.7429,190.96236,978.84924,0.79105127
195.04762,994.7429,209.88776,979.22845,0.39054853
214.55238,994.7429,229.73181,979.2968,0.66880673
234.05716,994.7429,247.93773,979.5375,0.8878252
253.56192,994.7429,269.56964,979.76465,0.9840315
273.06668,994.7429,286.14716,978.4196,0.94906986
292.57144,994.7429,305.01862,980.2638,0.9764358
312.0762,994.7429,324.11163,979.14056,0.6960812
331.58096,994.7429,344.00888,979.2368,0.8095952
351.08572,994.7429,364.8369,979.60297,0.5777821
370.59048,994.7429,385.29465,979.82434,0.73578995
448.60953,994.7429,460.60043,979.4583,0.49042925
468.11432,994.7429,480.92487,980.8741,0.75359905
487.61908,994.7429,501.5989,980.1431,0.9806315
507.12384,994.7429,522.13135,979.8785,0.9857347
526.6286,994.7429,540.69366,979.5794,0.9636636
546.13336,994.7429,559.597,980.04694,0.99036545
565.6381,994.7429,580.2418,979.9333,0.98894036
585.1429,994.7429,598.62305,980.68225,0.9778501
604.64764,994.7429,617.2826,980.09564,0.9386978
624.1524,994.7429,637.7923,980.6109,0.95187366
643.65717,994.7429,656.4315,979.67755,0.92880225
663.1619,994.7429,676.44855,979.88367,0.97047037
682.6667,994.7429,694.4947,980.2535,0.99771464
702.17145,994.7429,716.0011,980.173,0.9921333
721.6762,994.7429,735.3943,979.9987,0.9763845
741.18097,994.7429,754.3307,980.7257,0.86168605
760.6857,994.7429,774.06714,980.6365,0.75392276
780.1905,994.7429,793.1399,979.7136,0.8691683
799.69525,994.7429,813.4625,980.57367,0.9169556
819.2,994.7429,831.08954,980.49774,0.973725
838.7048,994.7429,851.44336,980.6765,0.9330156
858.20953,994.7429,871.71155,980.27936,0.9882975
877.7143,994.7429,891.1545,981.3238,0.98693955
897.21906,994.7429,911.5832,981.80023,0.9974249
916.7238,994.7429,932.4678,980.9241,0.9986362
936.22864,994.7429,950.15674,981.22516,0.97902423
955.7334,994.7429,970.46625,981.72906,0.997981
975.23816,994.7429,988.61316,980.4198,0.9801223
994.7429,994.7429,1008.10724,980.5113,0.9895337
1014.2477,994.7429,1027.0883,980.4933,0.8695246
1033.7524,994.7429,1045.9819,980.4223,0.8597155
1053.2572,994.7429,1065.6217,980.721,0.89244425
1072.762,994.7429,1084.5632,981.0573,0.8483869
1092.2667,994.7429,1104.8192,981.4218,0.8866303
1111.7715,994.7429,1123.1951,980.57,0.84287256
1131.2762,994.7429,1142.427,980.54285,0.83796453
1150.781,994.7429,1163.8236,980.7156,0.8768059
1170.2858,994.7429,1183.5707,980.9499,0.88199884
1189.7905,994.7429,1202.965,981.1435,0.88972336
1209.2953,994.7429,1223.0073,980.2234,0.7155365
1306.8191,994.7429,1319.9447,981.31714,0.30614755
1345.8286,994.7429,1359.2712,981.1191,0.7385773
1365.3334,994.7429,1377.5074,985.29474,0.43955535
1462.8572,994.7429,1474.3911,982.26025,0.7530414
1482.3619,994.7429,1495.9703,983.2603,0.8667994
1501.8667,994.7429,1516.234,982.0799,0.9792082
1521.3715,994.7429,1534.9656,981.6407,0.97952914
1540.8762,994.7429,1554.9401,982.0364,0.9736941
1560.381,994.7429,1574.124,981.51263,0.98395747
1579.8857,994.7429,1592.8894,981.2609,0.7782926
1599.3905,994.7429,1610.686,982.35144,0.7425472
1618.8953,994.7429,1630.759,982.90063,0.86988497
1657.9048,994.7429,1670.6615,982.201,0.90712696
1677.4095,994.7429,1689.9667,981.969,0.90724194
1716.4191,994.7429,1731.116,982.6801,0.944581
1735.9238,994.7429,1749.1792,982.3817,0.8604864
1755.4286,994.7429,1769.0018,982.0676,0.91634583
1774.9333,994.7429,1788.1993,983.33453,0.97880155
1794.4381,994.7429,1807.4397,982.3357,0.95208466
1813.9429,994.7429,1828.5396,983.45776,0.969242
1833.4476,994.7429,1846.968,983.4814,0.94457096
1852.9524,994.7429,1866.9725,982.85095,0.7168713
1872.4573,994.7429,1886.1063,982.3667,0.8170761
1891.962,994.7429,1905.2394,982.8369,0.88414973
1930.9716,994.7429,1943.4475,983.15356,0.6172347
58.51429,1014.2477,72.47204,998.38086,0.89806163
78.01905,1014.2477,92.515915,998.04224,0.9237845
97.52381,1014.2477,110.43628,998.92065,0.99016714
117.02858,1014.2477,128.55052,999.4265,0.95330644
136.53334,1014.2477,150.74417,999.18176,0.94026226
156.0381,1014.2477,172.15552,998.1704,0.9875607
175.54286,1014.2477,190.40265,999.3746,0.788014
214.55238,1014.2477,228.57925,999.23413,0.8333512
234.05716,1014.2477,248.22026,998.63983,0.95616674
253.56192,1014.2477,266.52963,998.8361,0.9052998
273.06668,1014.2477,286.12445,998.9812,0.8539064
292.57144,1014.2477,305.68686,998.8736,0.4371043
312.0762,1014.2477,324.457,999.3061,0.7436071
370.59048,1014.2477,384.7753,999.39636,0.45300862
390.09525,1014.2477,402.89078,999.04913,0.47091472
409.6,1014.2477,422.26984,999.9943,0.4299086
448.60953,1014.2477,462.15662,999.1432,0.8263927
468.11432,1014.2477,480.50287,999.3205,0.7898821
487.61908,1014.2477,499.43076,999.3317,0.83123004
507.12384,1014.2477,520.44763,998.7301,0.90591097
526.6286,1014.2477,540.07965,998.71814,0.985647
546.13336,1014.2477,560.5859,999.3318,0.9960748
565.6381,1014.2477,579.6473,1000.1478,0.9884134
585.1429,1014.2477,597.7705,1000.0569,0.943051
604.64764,1014.2477,616.4093,999.72205,0.9441661
624.1524,1014.2477,637.68445,999.4818,0.90329933
643.65717,1014.2477,656.6014,999.84875,0.9033823
663.1619,1014.2477,675.7457,999.56604,0.96138895
682.6667,1014.2477,695.20764,999.59564,0.9895505
702.17145,1014.2477,716.5973,999.22186,0.99708474
721.6762,1014.2477,734.9122,999.1928,0.9942805
741.18097,1014.2477,754.2601,1000.04694,0.9635642
760.6857,1014.2477,772.91327,999.71216,0.9558358
780.1905,1014.2477,792.9431,999.8789,0.83983475
799.69525,1014.2477,813.0736,999.86597,0.89766806
819.2,1014.2477,831.7111,999.4704,0.98875964
838.7048,1014.2477,852.6563,999.8155,0.9943435
858.20953,1014.2477,871.6997,999.8609,0.9863902
877.7143,1014.2477,892.22754,1000.438,0.9735652
897.21906,1014.2477,911.4057,1000.346,0.95421535
916.7238,1014.2477,931.7185,1000.35986,0.9941494
936.22864,1014.2477,949.94275,999.6285,0.98961794
955.7334,1014.2477,968.2454,999.92474,0.96915853
975.23816,1014.2477,988.6475,1000.2504,0.89546806
994.7429,1014.2477,1007.8635,999.75226,0.9782224
1014.2477,1014.2477,1027.5282,1001.07556,0.84612656
1033.7524,1014.2477,1047.2979,1000.9493,0.8671458
1053.2572,1014.2477,1065.9929,1000.3218,0.9394094
1072.762,1014.2477,1084.9823,1000.2771,0.86543095
1092.2667,1014.2477,1104.0712,1000.36566,0.8957085
1111.7715,1014.2477,1123.496,1000.0246,0.9226355
1131.2762,1014.2477,1143.289,1001.87213,0.95271945
1150.781,1014.2477,1163.8752,1000.8541,0.9096811
1170.2858,1014.2477,1182.2522,1000.2264,0.77642596
1189.7905,1014.2477,1203.9241,1000.3319,0.68715024
1209.2953,1014.2477,1222.0214,1000.6135,0.9166794
1306.8191,1014.2477,1319.9005,1001.04974,0.5076871
1326.3239,1014.2477,1340.243,1001.4381,0.7381277
1345.8286,1014.2477,1359.3109,1001.00055,0.94696826
1384.8381,1014.2477,1397.8695,1001.1361,0.3326862
1404.3429,1014.2477,1416.3033,1001.64996,0.5106473
1443.3524,1014.2477,1457.0703,1000.9145,0.23790121
1462.8572,1014.2477,1476.4886,1000.80804,0.6362082
1482.3619,1014.2477,1494.3386,1002.18726,0.27861756
1501.8667,1014.2477,1515.7013,1000.8075,0.94856185
1521.3715,1014.2477,1535.9365,1001.301,0.96959245
1540.8762,1014.2477,1555.5785,1001.6122,0.97618747
1560.381,1014.2477,1573.4374,1001.628,0.9094254
1579.8857,1014.2477,1592.0869,1001.64185,0.54424673
1599.3905,1014.2477,1611.5505,1001.43054,0.7099785
1618.8953,1014.2477,1631.944,1001.7325,0.87422734
1638.4,1014.2477,1651.3091,1001.6054,0.90513015
1657.9048,1014.2477,1670.0835,1002.1292,0.81291765
1677.4095,1014.2477,1689.8279,1001.22394,0.85120916
1696.9143,1014.2477,1710.3209,1001.3919,0.96200234
1794.4381,1014.2477,1807.008,1002.47375,0.96805197
1813.9429,1014.2477,1827.4734,1002.3019,0.9693099
1833.4476,1014.2477,1846.8359,1002.7927,0.96503174
1872.4573,1014.2477,1885.9587,1002.17816,0.9196322
1891.962,1014.2477,1906.6418,1003.3134,0.95944625
1930.9716,1014.2477,1944.5209,1002.74054,0.8326185
1950.4763,1014.2477,1963.3231,1002.1505,0.4499245
1969.9811,1014.2477,1982.5599,1002.1134,0.5652335
39.009525,1033.7524,51.067417,1017.93726,0.22691454
58.51429,1033.7524,69.99146,1018.19275,0.9353149
78.01905,1033.7524,91.40622,1018.3119,0.9319142
97.52381,1033.7524,109.335526,1018.44617,0.9459698
117.02858,1033.7524,130.41924,1018.4782,0.9904609
136.53334,1033.7524,151.78354,1018.9998,0.987682
214.55238,1033.7524,228.76225,1019.2114,0.83703005
234.05716,1033.7524,247.39372,1018.8616,0.62047577
253.56192,1033.7524,266.5855,1019.0624,0.84744567
273.06668,1033.7524,285.74182,1018.5898,0.8287765
292.57144,1033.7524,305.3625,1018.528,0.89646024
312.0762,1033.7524,326.03998,1018.6514,0.82269275
370.59048,1033.7524,382.32587,1018.78424,0.6266014
390.09525,1033.7524,403.0622,1019.1657,0.5976329
409.6,1033.7524,422.2305,1018.9921,0.5899891
429.10477,1033.7524,441.2667,1018.78064,0.23016165
448.60953,1033.7524,461.23892,1019.1293,0.81368685
468.11432,1033.7524,479.60187,1018.374,0.6659188
487.61908,1033.7524,499.35645,1019.2135,0.81897897
507.12384,1033.7524,519.99854,1018.21075,0.38218814
526.6286,1033.7524,538.9178,1018.78955,0.87739486
546.13336,1033.7524,560.2258,1019.06036,0.992114
565.6381,1033.7524,579.09955,1019.1636,0.9776319
585.1429,1033.7524,597.8787,1019.165,0.93451875
604.64764,1033.7524,616.12006,1019.09076,0.90947133
624.1524,1033.7524,637.00305,1019.0741,0.7127189
643.65717,1033.7524,655.6438,1019.1822,0.9357577
663.1619,1033.7524,676.3627,1018.90906,0.9386362
682.6667,1033.7524,696.5444,1019.27185,0.98474646
702.17145,1033.7524,714.3297,1019.7094,0.9977054
721.6762,1033.7524,734.9959,1019.0107,0.9954523
741.18097,1033.7524,754.0292,1019.9446,0.9724233
760.6857,1033.7524,773.83185,1019.37274,0.8931163
780.1905,1033.7524,792.32416,1018.88574,0.82640886
799.69525,1033.7524,811.6708,1018.979,0.9635288
819.2,1033.7524,832.4761,1019.1237,0.99484307
838.7048,1033.7524,851.1086,1018.96924,0.98885596
858.20953,1033.7524,871.9271,1019.0717,0.98413444
877.7143,1033.7524,890.1103,1019.2098,0.99419624
897.21906,1033.7524,911.78156,1019.62506,0.9824082
916.7238,1033.7524,930.4839,1019.16223,0.96964693
936.22864,1033.7524,948.96204,1019.3537,0.9539233
955.7334,1033.7524,968.7495,1019.2228,0.9954677
975.23816,1033.7524,989.30054,1019.3049,0.9609038
994.7429,1033.7524,1007.71106,1019.73834,0.9153317
1014.2477,1033.7524,1027.5675,1020.0777,0.70282847
1033.7524,1033.7524,1047.6189,1019.71686,0.69005215
1053.2572,1033.7524,1065.5787,1019.7657,0.8794608
1092.2667,1033.7524,1104.658,1019.91296,0.8537744
1111.7715,1033.7524,1125.1675,1019.1479,0.9806496
1131.2762,1033.7524,1145.3365,1019.9931,0.9774285
1150.781,1033.7524,1164.4697,1020.1368,0.94011873
1170.2858,1033.7524,1182.2784,1019.5235,0.90192825
1189.7905,1033.7524,1202.7726,1020.5878,0.82650024
1209.2953,1033.7524,1221.4027,1020.33075,0.6214257
1228.8,1033.7524,1241.3999,1020.5697,0.38128865
1306.8191,1033.7524,1319.4047,1020.2902,0.5923014
1326.3239,1033.7524,1338.7971,1020.924,0.88542527
1345.8286,1033.7524,1358.4161,1019.87665,0.963067
1365.3334,1033.7524,1378.0686,1020.75867,0.961685
1384.8381,1033.7524,1396.4205,1020.6533,0.80415344
1404.3429,1033.7524,1416.3619,1020.1809,0.44624928
1423.8477,1033.7524,1436.2986,1020.2319,0.23036468
1443.3524,1033.7524,1456.2592,1021.33856,0.57998365
1462.8572,1033.7524,1475.2981,1020.9476,0.6816172
1482.3619,1033.7524,1494.8066,1020.60474,0.7382646
1501.8667,1033.7524,1514.4833,1021.1431,0.712814
1521.3715,1033.7524,1534.9398,1020.10645,0.7688883
1540.8762,1033.7524,1554.026,1020.61383,0.87093824
1560.381,1033.7524,1573.2322,1020.32733,0.7145917
1579.8857,1033.7524,1591.7892,1020.938,0.4546711
1599.3905,1033.7524,1612.5621,1020.89545,0.36645383
1618.8953,1033.7524,1632.2672,1021.0859,0.9445995
1638.4,1033.7524,1651.8308,1021.1098,0.9078808
1657.9048,1033.7524,1670.3937,1022.0819,0.92674774
1677.4095,1033.7524,1690.7169,1020.86865,0.7781402
1696.9143,1033.7524,1710.6669,1021.4658,0.979546
1716.4191,1033.7524,1730.5157,1021.4946,0.9827818
1735.9238,1033.7524,1750.0697,1021.7469,0.9843125
1755.4286,1033.7524,1769.2612,1020.975,0.9412716
1813.9429,1033.7524,1827.4413,1021.3317,0.91548544
1833.4476,1033.7524,1846.2224,1021.61896,0.6471074
1852.9524,1033.7524,1865.5671,1022.48083,0.46116316
1872.4573,1033.7524,1886.6749,1022.4954,0.27723876
1911.4668,1033.7524,1925.7866,1021.60736,0.9161229
1930.9716,1033.7524,1945.115,1021.5908,0.83205336
1969.9811,1033.7524,1982.7495,1022.7266,0.25808263
58.51429,1053.2572,73.36881,1037.33,0.9659989
78.01905,1053.2572,91.840004,1038.4021,0.9508327
97.52381,1053.2572,110.4414,1037.766,0.9875271
117.02858,1053.2572,127.64209,1038.5128,0.95908463
136.53334,1053.2572,147.85023,1038.1046,0.9521391
156.0381,1053.2572,168.85338,1037.3597,0.89659476
175.54286,1053.2572,191.05373,1038.4423,0.8820579
195.04762,1053.2572,209.42249,1038.2861,0.7299632
214.55238,1053.2572,227.76143,1038.3981,0.67864126
234.05716,1053.2572,247.32161,1038.3947,0.40711617
253.56192,1053.2572,265.3558,1037.715,0.9084443
273.06668,1053.2572,285.56793,1038.0452,0.8614146
292.57144,1053.2572,306.49756,1038.2915,0.8959571
312.0762,1053.2572,325.5711,1038.45,0.9462335
331.58096,1053.2572,344.02032,1038.269,0.24969153
370.59048,1053.2572,384.28275,1038.4478,0.2977095
390.09525,1053.2572,403.64783,1038.2772,0.8868776
409.6,1053.2572,423.25577,1038.7903,0.9180436
448.60953,1053.2572,461.37146,1038.2672,0.7821072
468.11432,1053.2572,480.80023,1038.3217,0.65740514
487.61908,1053.2572,499.03577,1038.3668,0.4148431
507.12384,1053.2572,520.63086,1038.9166,0.39316356
526.6286,1053.2572,540.72577,1038.0658,0.98436147
546.13336,1053.2572,561.7117,1038.2245,0.9980614
565.6381,1053.2572,578.7576,1038.3712,0.93421215
585.1429,1053.2572,598.2517,1038.6345,0.90368015
604.64764,1053.2572,616.26337,1037.9393,0.556296
624.1524,1053.2572,636.10516,1038.3815,0.8946896
643.65717,1053.2572,655.5002,1038.7445,0.91526324
663.1619,1053.2572,676.6535,1039.4003,0.6918034
682.6667,1053.2572,695.49164,1038.2903,0.9473197
702.17145,1053.2572,715.8084,1038.826,0.98127013
721.6762,1053.2572,734.25256,1038.6775,0.9896423
741.18097,1053.2572,753.12134,1039.0812,0.95253867
760.6857,1053.2572,774.078,1038.7528,0.97634804
780.1905,1053.2572,792.7954,1038.6862,0.9749715
799.69525,1053.2572,813.5355,1039.1072,0.9595232
819.2,1053.2572,831.8247,1038.976,0.92219126
838.7048,1053.2572,852.0726,1039.4525,0.951096
858.20953,1053.2572,871.1359,1038.9001,0.9712435
877.7143,1053.2572,891.05664,1039.5142,0.98912966
897.21906,1053.2572,911.1204,1039.3308,0.99061984
916.7238,1053.2572,930.25244,1038.7456,0.97935355
936.22864,1053.2572,951.16693,1038.9712,0.99588233
955.7334,1053.2572,970.5672,1038.9535,0.99115616
975.23816,1053.2572,987.9503,1038.8882,0.982721
994.7429,1053.2572,1008.79016,1039.0659,0.86865216
1014.2477,1053.2572,1027.793,1039.1387,0.9554068
1053.2572,1053.2572,1064.6808,1038.7205,0.8186109
1072.762,1053.2572,1086.0817,1038.4708,0.9748226
1092.2667,1053.2572,1104.4958,1039.558,0.9274143
1111.7715,1053.2572,1124.7986,1039.1052,0.96912384
1131.2762,1053.2572,1144.6677,1039.0948,0.9870852
1150.781,1053.2572,1163.2274,1039.258,0.9747086
1170.2858,1053.2572,1181.3824,1040.3397,0.85531443
1209.2953,1053.2572,1222.0815,1040.004,0.66175365
1228.8,1053.2572,1243.1038,1039.3741,0.20646429
1287.3143,1053.2572,1302.1276,1040.9556,0.30903932
1306.8191,1053.2572,1321.8585,1041.6388,0.91193783
1326.3239,1053.2572,1339.1437,1039.6145,0.85572237
1345.8286,1053.2572,1358.4128,1040.4211,0.94870746
1365.3334,1053.2572,1379.2051,1039.5404,0.9445809
1384.8381,1053.2572,1397.5282,1039.7919,0.94158876
1404.3429,1053.2572,1417.6241,1039.8915,0.8839645
1423.8477,1053.2572,1436.7269,1040.0664,0.681433
1443.3524,1053.2572,1455.6233,1040.4662,0.8157603
1462.8572,1053.2572,1475.044,1039.4753,0.85556364
1540.8762,1053.2572,1553.9917,1041.0587,0.89841884
1560.381,1053.2572,1572.0634,1040.0242,0.8737989
1638.4,1053.2572,1651.1433,1040.784,0.8494314
1657.9048,1053.2572,1670.9023,1040.6766,0.6421997
1677.4095,1053.2572,1690.6532,1039.9941,0.6378502
1696.9143,1053.2572,1710.2454,1040.9531,0.8764457
1716.4191,1053.2572,1729.5901,1040.4976,0.96099615
1755.4286,1053.2572,1767.8773,1040.7653,0.97897595
1813.9429,1053.2572,1827.1422,1041.5452,0.8400813
1833.4476,1053.2572,1846.4357,1041.6235,0.56841594
1852.9524,1053.2572,1866.5308,1043.9812,0.38706657
1891.962,1053.2572,1905.0154,1041.1316,0.7595809
1969.9811,1053.2572,1982.3516,1041.5083,0.30591583
58.51429,1072.762,73.246544,1056.8777,0.97287065
78.01905,1072.762,90.92191,1056.7777,0.95895475
97.52381,1072.762,109.10789,1056.3679,0.6423424
117.02858,1072.762,128.67455,1057.411,0.94341654
136.53334,1072.762,149.25417,1057.7546,0.82317483
156.0381,1072.762,169.07707,1057.5702,0.9304402
175.54286,1072.762,189.66656,1057.8082,0.9378502
195.04762,1072.762,209.08589,1057.6453,0.6650447
214.55238,1072.762,229.83206,1057.3336,0.9052378
234.05716,1072.762,248.54198,1057.1917,0.9097108
253.56192,1072.762,266.00006,1056.8145,0.68530625
273.06668,1072.762,287.13013,1058.085,0.42093787
292.57144,1072.762,305.2164,1057.2395,0.94018716
312.0762,1072.762,325.21863,1057.7319,0.9652694
331.58096,1072.762,345.41977,1057.899,0.462341
351.08572,1072.762,363.65103,1058.1827,0.85790324
370.59048,1072.762,384.3926,1057.8494,0.80393517
390.09525,1072.762,402.75406,1057.4543,0.66429085
409.6,1072.762,423.19147,1057.7887,0.8519082
429.10477,1072.762,442.9329,1058.2455,0.6808747
448.60953,1072.762,462.01965,1058.0105,0.57530195
468.11432,1072.762,481.3099,1055.8337,0.6384508
487.61908,1072.762,500.573,1057.2643,0.6403343
507.12384,1072.762,520.72327,1058.1271,0.76288265
526.6286,1072.762,540.2609,1058.5645,0.97121286
546.13336,1072.762,561.0526,1056.7551,0.9635531
565.6381,1072.762,578.5386,1058.1638,0.9476133
585.1429,1072.762,597.8546,1056.8513,0.6205938
604.64764,1072.762,616.8347,1056.418,0.879537
624.1524,1072.762,637.1025,1058.1859,0.9660799
643.65717,1072.762,656.3614,1058.2675,0.84471595
663.1619,1072.762,675.47076,1058.1261,0.8925932
682.6667,1072.762,694.11835,1058.3644,0.93349403
702.17145,1072.762,715.645,1057.676,0.9838147
721.6762,1072.762,734.6839,1058.0895,0.9616876
741.18097,1072.762,753.89026,1057.9922,0.9787935
760.6857,1072.762,774.32654,1058.1293,0.9813057
780.1905,1072.762,793.398,1058.4707,0.926443
799.69525,1072.762,813.5202,1058.5579,0.6467634
819.2,1072.762,832.1564,1058.5425,0.83516145
838.7048,1072.762,851.5535,1058.1227,0.77951616
858.20953,1072.762,870.00726,1058.9154,0.97125727
877.7143,1072.762,891.0349,1059.0411,0.9481756
897.21906,1072.762,910.42816,1058.4697,0.98855686
916.7238,1072.762,931.84406,1059.0002,0.9940834
936.22864,1072.762,950.3917,1058.2289,0.993613
955.7334,1072.762,967.6866,1058.1852,0.79906005
975.23816,1072.762,987.8854,1058.311,0.9252609
994.7429,1072.762,1007.86096,1059.1493,0.8467883
1014.2477,1072.762,1027.6581,1058.416,0.96248543
1053.2572,1072.762,1064.6656,1058.3083,0.62188184
1072.762,1072.762,1085.4954,1058.3632,0.87337935
1092.2667,1072.762,1104.4603,1059.8064,0.7829345
1111.7715,1072.762,1125.4562,1058.5173,0.932205
1131.2762,1072.762,1144.1199,1059.798,0.9407673
1150.781,1072.762,1162.657,1058.7751,0.9405668
1170.2858,1072.762,1182.1287,1058.5865,0.7664747
1209.2953,1072.762,1221.8721,1058.6904,0.38800135
1228.8,1072.762,1242.9486,1058.7998,0.2120074
1306.8191,1072.762,1321.2213,1059.4307,0.8769851
1326.3239,1072.762,1339.7924,1059.1351,0.9491496
1345.8286,1072.762,1360.4136,1060.8447,0.9400437
1365.3334,1072.762,1379.9182,1059.0133,0.74580884
1384.8381,1072.762,1397.8264,1059.2632,0.95382816
1404.3429,1072.762,1418.1288,1059.0337,0.9910249
1423.8477,1072.762,1437.0554,1059.0332,0.93992656
1443.3524,1072.762,1454.9146,1059.6477,0.8095121
1462.8572,1072.762,1475.1766,1058.8401,0.9670634
1482.3619,1072.762,1494.179,1060.2482,0.83170277
1501.8667,1072.762,1514.0968,1060.0958,0.33678597
1521.3715,1072.762,1533.8558,1059.2329,0.85034394
1540.8762,1072.762,1553.4506,1059.2524,0.8496117
1560.381,1072.762,1572.6538,1059.4868,0.7683439
1599.3905,1072.762,1611.5967,1060.2805,0.9173061
1618.8953,1072.762,1631.3414,1059.5907,0.9257873
1638.4,1072.762,1652.1372,1060.7529,0.8715671
1657.9048,1072.762,1671.6145,1060.6095,0.8419455
1677.4095,1072.762,1690.6147,1059.95,0.718765
1735.9238,1072.762,1749.2072,1060.6613,0.92164487
1794.4381,1072.762,1808.5822,1060.3784,0.8683322
1833.4476,1072.762,1847.0901,1060.483,0.57552737
1891.962,1072.762,1905.844,1061.7877,0.7022802
1911.4668,1072.762,1924.2814,1060.2516,0.84227264
1930.9716,1072.762,1944.2843,1060.428,0.88949317
1950.4763,1072.762,1963.2087,1060.8331,0.7189849
1969.9811,1072.762,1982.9902,1060.7463,0.51256204
39.009525,1092.2667,51.86239,1077.0254,0.32389277
58.51429,1092.2667,70.173836,1076.2666,0.7801878
78.01905,1092.2667,90.87285,1076.913,0.7848317
97.52381,1092.2667,109.557076,1076.8545,0.7970566
117.02858,1092.2667,130.80907,1076.7174,0.92938477
136.53334,1092.2667,150.71095,1078.3271,0.682463
156.0381,1092.2667,168.3208,1077.3392,0.9465588
175.54286,1092.2667,189.13867,1076.9355,0.926906
195.04762,1092.2667,207.35185,1076.4626,0.9338919
214.55238,1092.2667,227.73978,1076.2596,0.97014856
234.05716,1092.2667,247.40918,1077.004,0.9437894
253.56192,1092.2667,265.85492,1077.5952,0.91471547
273.06668,1092.2667,285.62634,1076.7811,0.7229927
292.57144,1092.2667,304.68225,1077.4423,0.85719925
312.0762,1092.2667,324.42023,1076.5537,0.9532388
331.58096,1092.2667,345.24756,1075.5859,0.8604151
351.08572,1092.2667,364.32455,1078.129,0.9352314
370.59048,1092.2667,382.23428,1077.0514,0.9176328
390.09525,1092.2667,403.07648,1076.2776,0.7885758
409.6,1092.2667,423.20953,1077.2002,0.61438286
429.10477,1092.2667,442.78946,1076.4941,0.71764106
448.60953,1092.2667,462.19266,1075.3473,0.5961801
468.11432,1092.2667,481.79846,1076.6057,0.7744057
487.61908,1092.2667,500.4999,1078.2329,0.5474765
507.12384,1092.2667,520.9707,1077.5156,0.9041176
565.6381,1092.2667,579.9917,1077.0492,0.5865842
585.1429,1092.2667,597.1151,1077.6545,0.84848785
604.64764,1092.2667,617.48083,1076.8324,0.8428804
624.1524,1092.2667,637.29926,1077.6772,0.9452201
643.65717,1092.2667,657.12103,1077.1501,0.9926363
663.1619,1092.2667,675.858,1077.3119,0.9852802
682.6667,1092.2667,694.74756,1077.5743,0.9694165
702.17145,1092.2667,714.7628,1077.5641,0.9584217
721.6762,1092.2667,734.48505,1077.3491,0.9508769
741.18097,1092.2667,753.75305,1078.0519,0.9472041
760.6857,1092.2667,774.1207,1077.7302,0.9139211
780.1905,1092.2667,792.49805,1077.9854,0.8827339
799.69525,1092.2667,812.1717,1077.7738,0.59550846
819.2,1092.2667,831.6802,1078.1964,0.781291
838.7048,1092.2667,851.5457,1077.7921,0.8009353
858.20953,1092.2667,870.8597,1078.5585,0.90902436
877.7143,1092.2667,889.80554,1078.2238,0.8929729
897.21906,1092.2667,910.51953,1077.8315,0.89754856
916.7238,1092.2667,929.3746,1078.1698,0.9538122
936.22864,1092.2667,950.152,1077.796,0.8712054
955.7334,1092.2667,968.24146,1077.7036,0.7621912
975.23816,1092.2667,989.0734,1077.7897,0.8825669
994.7429,1092.2667,1007.0806,1078.9789,0.7147765
1014.2477,1092.2667,1026.3049,1077.6633,0.9456458
1033.7524,1092.2667,1046.8729,1078.0762,0.89209414
1053.2572,1092.2667,1065.2046,1077.548,0.54357296
1072.762,1092.2667,1086.4779,1077.3983,0.35134202
1092.2667,1092.2667,1103.8573,1077.6674,0.9463781
1111.7715,1092.2667,1125.0786,1078.4796,0.9601115
1131.2762,1092.2667,1145.8287,1078.7805,0.9384
1150.781,1092.2667,1164.5029,1078.7809,0.87715113
1170.2858,1092.2667,1183.0299,1078.6069,0.7636024
1189.7905,1092.2667,1202.7697,1078.5886,0.8697848
1209.2953,1092.2667,1221.8956,1078.3356,0.8625995
1228.8,1092.2667,1242.844,1078.3094,0.7579599
1267.8096,1092.2667,1279.5521,1080.865,0.22462843
1287.3143,1092.2667,1300.3169,1079.7345,0.75850457
1306.8191,1092.2667,1319.9819,1078.6252,0.8665717
1326.3239,1092.2667,1338.7988,1078.4926,0.69503725
1345.8286,1092.2667,1358.608,1080.5115,0.9545492
1365.3334,1092.2667,1378.8284,1080.3114,0.9241717
1384.8381,1092.2667,1398.2516,1079.2645,0.96447664
1404.3429,1092.2667,1418.2979,1078.9352,0.97113264
1423.8477,1092.2667,1436.581,1078.7228,0.8911459
1443.3524,1092.2667,1455.1735,1079.3707,0.9336428
1462.8572,1092.2667,1475.5781,1079.3839,0.9164592
1482.3619,1092.2667,1495.1172,1080.4165,0.6218662
1501.8667,1092.2667,1515.2081,1078.844,0.6020952
1521.3715,1092.2667,1533.6598,1080.03,0.4096261
1540.8762,1092.2667,1554.5753,1079.4978,0.9386035
1560.381,1092.2667,1572.8903,1080.3228,0.9458383
1579.8857,1092.2667,1592.0737,1079.6718,0.7140925
1599.3905,1092.2667,1611.8103,1079.7733,0.8747236
1618.8953,1092.2667,1633.5851,1079.7106,0.97677547
1638.4,1092.2667,1651.9927,1079.8005,0.9935598
1657.9048,1092.2667,1670.5009,1079.359,0.95701975
1677.4095,1092.2667,1689.7087,1079.3931,0.7071412
1696.9143,1092.2667,1709.7817,1080.0719,0.52352685
1716.4191,1092.2667,1729.3483,1079.8953,0.58217186
1735.9238,1092.2667,1748.881,1079.1315,0.87798494
1755.4286,1092.2667,1768.2563,1079.9142,0.9668697
1774.9333,1092.2667,1788.6859,1080.1422,0.9267525
1794.4381,1092.2667,1809.3348,1080.5609,0.8373336
1852.9524,1092.2667,1866.8619,1081.0251,0.789362
1872.4573,1092.2667,1884.7975,1080.8997,0.44031858
1891.962,1092.2667,1905.4882,1080.2634,0.8153817
1911.4668,1092.2667,1924.1519,1080.6711,0.90140706
1930.9716,1092.2667,1944.6361,1080.9751,0.9187565
1950.4763,1092.2667,1964.0211,1080.025,0.8543672
1969.9811,1092.2667,1983.0896,1079.9768,0.48965216
39.009525,1111.7715,52.294277,1096.1196,0.8571897
58.51429,1111.7715,70.63668,1095.128,0.51172566
78.01905,1111.7715,90.71244,1095.8993,0.78799736
97.52381,1111.7715,109.3041,1096.5554,0.95492023
117.02858,1111.7715,129.50385,1095.5626,0.77569425
136.53334,1111.7715,149.019,1096.2866,0.74608934
156.0381,1111.7715,169.14696,1096.455,0.9787323
175.54286,1111.7715,187.89626,1095.7401,0.9370617
195.04762,1111.7715,207.80263,1095.8053,0.9112004
214.55238,1111.7715,226.93155,1096.0498,0.9161894
234.05716,1111.7715,246.77083,1095.9755,0.92928904
253.56192,1111.7715,266.92627,1096.487,0.95002633
273.06668,1111.7715,285.51245,1096.2686,0.86509115
292.57144,1111.7715,304.73624,1096.7742,0.62186086
312.0762,1111.7715,324.1763,1096.5199,0.54282105
331.58096,1111.7715,343.819,1096.2017,0.3482886
370.59048,1111.7715,382.11426,1096.1307,0.58255965
429.10477,1111.7715,442.24765,1097.291,0.67647463
448.60953,1111.7715,462.16382,1096.9647,0.94305825
468.11432,1111.7715,480.9659,1097.502,0.8612001
487.61908,1111.7715,501.14746,1097.0646,0.6451357
507.12384,1111.7715,521.0931,1096.187,0.9257249
565.6381,1111.7715,581.7321,1097.1469,0.5334796
585.1429,1111.7715,598.7483,1097.5248,0.6623185
604.64764,1111.7715,616.39264,1097.2861,0.8607246
624.1524,1111.7715,636.4495,1096.2788,0.955432
643.65717,1111.7715,655.46466,1097.2402,0.97421324
663.1619,1111.7715,675.6905,1096.9291,0.9820506
682.6667,1111.7715,695.8333,1097.1665,0.95266217
702.17145,1111.7715,714.8636,1097.0995,0.923437
721.6762,1111.7715,734.79517,1097.55,0.9533993
741.18097,1111.7715,754.84796,1097.3922,0.92899644
760.6857,1111.7715,773.72504,1097.4537,0.9605224
780.1905,1111.7715,791.6448,1097.5164,0.88957536
799.69525,1111.7715,813.048,1096.9554,0.945229
819.2,1111.7715,832.3235,1096.8999,0.4980286
838.7048,1111.7715,851.34143,1097.0621,0.751124
858.20953,1111.7715,871.44525,1097.6985,0.8270853
877.7143,1111.7715,890.8469,1097.3394,0.94143736
897.21906,1111.7715,910.2213,1097.5623,0.86989945
916.7238,1111.7715,931.2736,1097.3606,0.9800802
936.22864,1111.7715,949.5691,1097.6755,0.9252734
955.7334,1111.7715,967.7298,1098.0693,0.9382558
975.23816,1111.7715,988.6622,1097.4468,0.97217095
994.7429,1111.7715,1006.64795,1098.5061,0.96369904
1014.2477,1111.7715,1027.6141,1097.459,0.982697
1033.7524,1111.7715,1047.9979,1097.4995,0.9349263
1053.2572,1111.7715,1067.7068,1097.0011,0.64123815
1111.7715,1111.7715,1125.3832,1098.0858,0.97857046
1131.2762,1111.7715,1145.5553,1098.0836,0.880598
1150.781,1111.7715,1163.0505,1097.7645,0.9150424
1170.2858,1111.7715,1182.5118,1098.2512,0.80884594
1189.7905,1111.7715,1202.4622,1098.1649,0.681929
1209.2953,1111.7715,1223.6053,1098.3287,0.8321428
1228.8,1111.7715,1240.5764,1099.3163,0.61405927
1248.3048,1111.7715,1262.0308,1097.4905,0.8616975
1267.8096,1111.7715,1281.9867,1098.551,0.47404376
1287.3143,1111.7715,1301.5261,1098.3165,0.6710455
1306.8191,1111.7715,1319.9814,1100.4338,0.3569379
1326.3239,1111.7715,1340.1365,1098.31,0.7677775
1345.8286,1111.7715,1358.7529,1098.4694,0.57330894
1365.3334,1111.7715,1378.8032,1100.4694,0.8807581
1384.8381,1111.7715,1398.5508,1097.872,0.8805644
1404.3429,1111.7715,1417.4373,1097.7585,0.9502898
1423.8477,1111.7715,1436.9105,1098.1309,0.97424704
1443.3524,1111.7715,1456.2948,1098.3271,0.94919175
1462.8572,1111.7715,1475.3563,1098.8293,0.9665788
1482.3619,1111.7715,1494.3291,1099.4537,0.91605026
1501.8667,1111.7715,1514.908,1099.5835,0.6955027
1521.3715,1111.7715,1534.4794,1098.549,0.59563607
1540.8762,1111.7715,1553.9617,1099.9456,0.78809595
1560.381,1111.7715,1572.9489,1098.5509,0.96383363
1579.8857,1111.7715,1593.043,1099.1035,0.8720321
1599.3905,1111.7715,1611.4171,1100.3838,0.89996415
1618.8953,1111.7715,1632.8362,1099.3998,0.9978209
1638.4,1111.7715,1650.5498,1098.7173,0.99604106
1657.9048,1111.7715,1671.1425,1099.647,0.95082796
1677.4095,1111.7715,1690.3793,1099.6381,0.96449274
1696.9143,1111.7715,1709.5947,1099.9485,0.88554627
1716.4191,1111.7715,1729.3881,1098.926,0.6370154
1735.9238,1111.7715,1748.0894,1099.9572,0.9263649
1774.9333,1111.7715,1787.6063,1099.4119,0.9254987
1794.4381,1111.7715,1806.6566,1099.5309,0.8962259
1813.9429,1111.7715,1828.8706,1100.5856,0.7631825
1833.4476,1111.7715,1846.7777,1100.2255,0.9357007
1872.4573,1111.7715,1885.0139,1099.4344,0.75474256
1891.962,1111.7715,1905.6403,1101.0593,0.738926
1911.4668,1111.7715,1926.1627,1100.5181,0.90436786
1950.4763,1111.7715,1962.6088,1099.542,0.5986131
1969.9811,1111.7715,1982.7979,1100.4523,0.6970061
39.009525,1131.2762,51.853188,1115.8976,0.74929416
58.51429,1131.2762,70.795845,1114.7612,0.87649107
78.01905,1131.2762,89.25555,1116.27,0.9362213
97.52381,1131.2762,109.46965,1115.2008,0.9874159
117.02858,1131.2762,130.23174,1116.2455,0.9078259
136.53334,1131.2762,149.45409,1115.9143,0.93624026
156.0381,1131.2762,168.58894,1113.8243,0.9729291
175.54286,1131.2762,187.6852,1114.8474,0.97185695
195.04762,1131.2762,207.87259,1115.2592,0.9595343
214.55238,1131.2762,227.9078,1116.3284,0.98448825
234.05716,1131.2762,248.57976,1115.9943,0.9575227
253.56192,1131.2762,266.6837,1115.6117,0.8672889
273.06668,1131.2762,286.04282,1115.8539,0.9599447
292.57144,1131.2762,306.8274,1114.325,0.9257338
312.0762,1131.2762,325.56595,1116.4872,0.7326053
370.59048,1131.2762,385.36185,1115.4718,0.68814874
390.09525,1131.2762,402.08502,1116.4033,0.26535487
409.6,1131.2762,422.80008,1116.9344,0.7810084
429.10477,1131.2762,441.064,1116.8447,0.9255895
448.60953,1131.2762,461.8665,1115.9122,0.9350316
468.11432,1131.2762,480.02942,1116.4756,0.9369054
487.61908,1131.2762,500.3157,1116.4872,0.697682
507.12384,1131.2762,520.7134,1116.11,0.48652282
526.6286,1131.2762,541.01855,1116.8472,0.337757
565.6381,1131.2762,580.20734,1116.757,0.9524778
585.1429,1131.2762,598.4828,1117.0441,0.97780925
604.64764,1131.2762,617.8081,1116.6193,0.9540066
624.1524,1131.2762,636.86743,1116.3029,0.9091863
643.65717,1131.2762,654.9455,1116.7391,0.93906134
663.1619,1131.2762,676.2261,1116.6256,0.97359616
682.6667,1131.2762,696.0813,1117.0289,0.9859004
702.17145,1131.2762,715.298,1116.4415,0.93961
721.6762,1131.2762,733.71704,1116.9346,0.7774237
741.18097,1131.2762,755.29333,1116.7065,0.9779425
760.6857,1131.2762,773.5468,1117.4211,0.88004315
780.1905,1131.2762,792.723,1116.7725,0.9128717
799.69525,1131.2762,812.7094,1116.781,0.95116025
819.2,1131.2762,831.52155,1116.6846,0.72852635
838.7048,1131.2762,850.16956,1117.4204,0.58718294
858.20953,1131.2762,870.9893,1117.114,0.4496316
877.7143,1131.2762,890.6554,1116.5385,0.37711367
897.21906,1131.2762,908.3987,1116.906,0.91190773
916.7238,1131.2762,930.5028,1117.1152,0.87682647
936.22864,1131.2762,949.5647,1117.8042,0.9790994
955.7334,1131.2762,969.0729,1117.4435,0.9029108
975.23816,1131.2762,990.0053,1117.6583,0.8875306
994.7429,1131.2762,1007.83514,1117.7338,0.97733814
1014.2477,1131.2762,1026.2661,1116.9099,0.9724243
1033.7524,1131.2762,1046.1183,1117.1708,0.8013465
1053.2572,1131.2762,1066.7742,1117.0771,0.731322
1111.7715,1131.2762,1124.1721,1118.8054,0.7084193
1131.2762,1131.2762,1144.9106,1117.8978,0.65646046
1150.781,1131.2762,1163.42,1117.5536,0.7250955
1170.2858,1131.2762,1183.7246,1119.5906,0.59340453
1189.7905,1131.2762,1203.5111,1117.7722,0.8673224
1209.2953,1131.2762,1221.9341,1118.3744,0.6259033
1228.8,1131.2762,1241.8729,1117.4357,0.8687978
1248.3048,1131.2762,1260.0494,1117.6898,0.97190154
1267.8096,1131.2762,1281.1969,1117.1042,0.9694411
1326.3239,1131.2762,1340.8053,1119.5206,0.44914985
1345.8286,1131.2762,1358.8789,1118.1542,0.88850194
1365.3334,1131.2762,1377.17,1118.0542,0.7668215
1384.8381,1131.2762,1398.3007,1118.0947,0.90882885
1404.3429,1131.2762,1417.0997,1118.0701,0.9548063
1423.8477,1131.2762,1436.0759,1118.2115,0.7548253
1443.3524,1131.2762,1456.9142,1118.3877,0.929589
1462.8572,1131.2762,1475.9202,1118.0847,0.9458292
1482.3619,1131.2762,1493.8021,1118.2909,0.9782437
1521.3715,1131.2762,1533.6602,1119.5002,0.43278572
1540.8762,1131.2762,1553.0597,1118.4935,0.7966208
1560.381,1131.2762,1573.2451,1118.4443,0.9688033
1579.8857,1131.2762,1592.2203,1118.8809,0.52630496
1618.8953,1131.2762,1632.1553,1119.9233,0.9898628
1638.4,1131.2762,1651.844,1118.176,0.9181732
1657.9048,1131.2762,1670.7278,1119.0598,0.6357837
1677.4095,1131.2762,1690.8038,1118.6172,0.9518726
1696.9143,1131.2762,1709.9784,1118.2516,0.81850886
1716.4191,1131.2762,1729.5953,1118.7355,0.89446163
1735.9238,1131.2762,1749.0763,1118.8401,0.5125778
1755.4286,1131.2762,1766.8528,1118.6403,0.5422518
1774.9333,1131.2762,1788.0502,1118.2299,0.8967783
1794.4381,1131.2762,1807.2024,1119.2546,0.74438035
1813.9429,1131.2762,1828.0498,1120.3356,0.9005677
1872.4573,1131.2762,1885.4711,1118.8121,0.90947413
1911.4668,1131.2762,1926.0953,1119.6796,0.9304737
1930.9716,1131.2762,1945.3938,1119.4404,0.6053342
1950.4763,1131.2762,1963.7593,1120.0287,0.59844404
1969.9811,1131.2762,1981.7867,1119.8884,0.62809706
39.009525,1150.781,53.628464,1136.0499,0.54282933
58.51429,1150.781,71.48134,1134.7881,0.95251125
78.01905,1150.781,89.20299,1134.1769,0.9727838
97.52381,1150.781,110.49712,1135.5891,0.96631765
117.02858,1150.781,130.53235,1135.458,0.98455995
136.53334,1150.781,149.78792,1135.6208,0.9788656
156.0381,1150.781,170.31697,1134.9304,0.934695
175.54286,1150.781,188.15387,1134.8832,0.97300076
195.04762,1150.781,207.43567,1134.9811,0.88432646
214.55238,1150.781,228.30539,1135.0315,0.9312628
234.05716,1150.781,248.09743,1136.2482,0.8848274
253.56192,1150.781,266.34357,1135.9293,0.9223885
273.06668,1150.781,285.31256,1134.8713,0.9412596
292.57144,1150.781,306.33304,1135.1613,0.9844187
312.0762,1150.781,325.65994,1135.4596,0.9500203
331.58096,1150.781,345.01,1135.2671,0.76072115
351.08572,1150.781,367.277,1136.2594,0.7626801
390.09525,1150.781,404.8907,1135.943,0.87088215
409.6,1150.781,422.80948,1136.2017,0.8911748
429.10477,1150.781,441.475,1136.242,0.93658215
448.60953,1150.781,461.40012,1136.1682,0.9567117
468.11432,1150.781,479.33157,1136.2438,0.9718859
546.13336,1150.781,558.9465,1136.0276,0.74609846
565.6381,1150.781,579.029,1136.4648,0.89736974
585.1429,1150.781,598.65643,1136.5006,0.8272236
604.64764,1150.781,617.93427,1135.4535,0.9339135
624.1524,1150.781,637.8835,1135.7029,0.97439075
643.65717,1150.781,655.82635,1136.0336,0.9724609
663.1619,1150.781,675.05273,1136.1941,0.9627064
682.6667,1150.781,696.763,1136.2845,0.9960691
702.17145,1150.781,715.6846,1135.8497,0.99315315
721.6762,1150.781,734.45264,1136.1335,0.9005807
741.18097,1150.781,754.3558,1136.649,0.6214427
760.6857,1150.781,773.0533,1136.2238,0.7963157
780.1905,1150.781,793.22833,1136.118,0.89106596
799.69525,1150.781,811.99725,1135.8828,0.90127623
819.2,1150.781,832.55896,1134.9541,0.8842541
838.7048,1150.781,851.4838,1136.3608,0.65616405
877.7143,1150.781,890.7455,1137.012,0.4703028
897.21906,1150.781,910.84326,1136.6122,0.9676897
916.7238,1150.781,929.745,1136.3381,0.98704636
936.22864,1150.781,949.2529,1136.6082,0.9821962
955.7334,1150.781,969.4952,1136.5974,0.9498634
975.23816,1150.781,989.07495,1137.4596,0.92741764
994.7429,1150.781,1006.96606,1136.8733,0.8824617
1014.2477,1150.781,1026.4999,1136.5424,0.9381111
1033.7524,1150.781,1047.1786,1136.572,0.68590826
1053.2572,1150.781,1066.4888,1136.3912,0.4770255
1072.762,1150.781,1087.8336,1136.9281,0.6725667
1111.7715,1150.781,1123.8978,1137.8729,0.81289345
1131.2762,1150.781,1144.4242,1136.737,0.40038806
1150.781,1150.781,1162.4236,1136.6395,0.5956385
1170.2858,1150.781,1181.5815,1137.1322,0.27090773
1189.7905,1150.781,1202.6243,1136.582,0.7497522
1209.2953,1150.781,1221.794,1137.2585,0.84214467
1228.8,1150.781,1241.2062,1138.6943,0.9791433
1248.3048,1150.781,1260.8325,1138.5195,0.9742953
1267.8096,1150.781,1280.9243,1136.3877,0.7974265
1287.3143,1150.781,1299.3265,1137.2544,0.45194447
1306.8191,1150.781,1319.8645,1136.6672,0.36229193
1345.8286,1150.781,1359.425,1139.1637,0.7281482
1365.3334,1150.781,1378.5768,1138.8735,0.4145858
1384.8381,1150.781,1397.8937,1137.1327,0.73893803
1404.3429,1150.781,1416.5443,1137.4167,0.9475948
1423.8477,1150.781,1436.2443,1138.1027,0.8812967
1443.3524,1150.781,1455.2789,1137.6484,0.91372067
1462.8572,1150.781,1475.8529,1137.7195,0.9403654
1482.3619,1150.781,1494.7643,1137.5536,0.91060305
1521.3715,1150.781,1534.0688,1137.5199,0.8491827
1540.8762,1150.781,1552.7246,1137.238,0.7995391
1560.381,1150.781,1572.7211,1137.6833,0.94525313
1579.8857,1150.781,1591.817,1137.9103,0.8266036
1599.3905,1150.781,1613.0276,1137.1461,0.76814485
1618.8953,1150.781,1631.6715,1138.5101,0.9609564
1638.4,1150.781,1651.8127,1137.6174,0.93459857
1657.9048,1150.781,1670.6073,1138.7544,0.8772732
1677.4095,1150.781,1689.8177,1137.6956,0.8764169
1696.9143,1150.781,1710.4696,1138.3203,0.9065574
1716.4191,1150.781,1730.1782,1138.1819,0.95518905
1735.9238,1150.781,1749.0499,1138.7816,0.9281424
1755.4286,1150.781,1768.6056,1138.3921,0.868784
1774.9333,1150.781,1787.8857,1138.2433,0.8504562
1794.4381,1150.781,1807.1927,1138.2048,0.73937064
1813.9429,1150.781,1827.2754,1138.0955,0.6028455
1833.4476,1150.781,1846.7491,1137.9531,0.8123171
1872.4573,1150.781,1885.8572,1138.055,0.9664617
1891.962,1150.781,1906.1669,1138.9065,0.8360756
1969.9811,1150.781,1982.6349,1138.8237,0.78534865
39.009525,1170.2858,52.445732,1155.4171,0.9009407
58.51429,1170.2858,71.86993,1154.7208,0.99380404
78.01905,1170.2858,91.143036,1154.436,0.928276
97.52381,1170.2858,110.41043,1154.7,0.965812
117.02858,1170.2858,131.18758,1154.9908,0.99627244
136.53334,1170.2858,152.43515,1154.7738,0.9860346
156.0381,1170.2858,171.96097,1154.8503,0.96906483
175.54286,1170.2858,188.8812,1154.8845,0.9358803
195.04762,1170.2858,208.232,1155.4453,0.80309415
214.55238,1170.2858,227.76985,1156.4374,0.90796214
234.05716,1170.2858,246.18059,1154.9524,0.9416144
253.56192,1170.2858,266.00537,1155.4619,0.9646575
273.06668,1170.2858,286.2056,1154.2456,0.9280403
292.57144,1170.2858,305.35977,1155.5756,0.85736257
312.0762,1170.2858,325.1721,1156.0662,0.9340883
331.58096,1170.2858,345.5624,1155.1854,0.9049248
351.08572,1170.2858,363.91183,1155.404,0.97068435
370.59048,1170.2858,386.44223,1155.4247,0.99714446
390.09525,1170.2858,404.61865,1155.5876,0.99800026
409.6,1170.2858,421.4842,1154.8716,0.91152936
429.10477,1170.2858,441.32675,1156.2473,0.9457134
448.60953,1170.2858,460.44983,1155.8971,0.9639687
468.11432,1170.2858,480.24606,1154.0676,0.5903491
526.6286,1170.2858,539.8059,1155.4921,0.62049824
546.13336,1170.2858,558.35333,1155.3397,0.5737329
565.6381,1170.2858,578.1469,1156.1947,0.6095043
585.1429,1170.2858,600.44324,1155.2882,0.8306039
604.64764,1170.2858,617.5356,1155.3535,0.5950465
624.1524,1170.2858,636.3208,1155.9059,0.9834779
643.65717,1170.2858,656.85144,1155.7208,0.9838226
663.1619,1170.2858,677.186,1155.3518,0.993017
682.6667,1170.2858,696.26074,1155.7264,0.9953478
702.17145,1170.2858,715.97577,1156.0453,0.99191827
721.6762,1170.2858,735.0754,1156.082,0.84758216
741.18097,1170.2858,752.868,1155.7343,0.87372583
760.6857,1170.2858,772.3586,1156.0275,0.8767857
780.1905,1170.2858,792.80255,1155.3254,0.9000274
799.69525,1170.2858,812.69403,1155.9679,0.89393646
819.2,1170.2858,832.63904,1156.063,0.7974233
838.7048,1170.2858,851.28156,1156.5288,0.9220229
858.20953,1170.2858,870.1687,1156.1898,0.86939096
877.7143,1170.2858,890.3518,1155.6804,0.526379
897.21906,1170.2858,910.40906,1155.7711,0.9328147
916.7238,1170.2858,929.45184,1155.9851,0.9945059
936.22864,1170.2858,949.5647,1156.5537,0.9801435
955.7334,1170.2858,969.2944,1156.0488,0.9648949
975.23816,1170.2858,986.98926,1156.0208,0.9403869
994.7429,1170.2858,1007.7468,1156.0298,0.9106721
1014.2477,1170.2858,1027.3748,1156.4199,0.91171527
1033.7524,1170.2858,1046.9067,1156.3234,0.8568814
1053.2572,1170.2858,1067.4065,1155.8483,0.78949404
1072.762,1170.2858,1085.1976,1156.5569,0.4142468
1092.2667,1170.2858,1105.4159,1157.7002,0.9245359
1111.7715,1170.2858,1125.0132,1155.7117,0.8091073
1131.2762,1170.2858,1143.7731,1156.7906,0.5308058
1150.781,1170.2858,1163.1934,1156.1381,0.78964996
1170.2858,1170.2858,1183.9243,1156.3811,0.638935
1189.7905,1170.2858,1202.891,1156.7272,0.9537619
1209.2953,1170.2858,1222.6475,1156.9531,0.98926944
1228.8,1170.2858,1242.634,1156.9055,0.9590693
1248.3048,1170.2858,1261.3165,1156.5425,0.84139013
1267.8096,1170.2858,1280.9431,1156.7227,0.9121836
1287.3143,1170.2858,1301.1759,1156.3727,0.81983703
1345.8286,1170.2858,1359.2057,1157.1497,0.87139297
1365.3334,1170.2858,1378.9408,1156.6902,0.8772374
1384.8381,1170.2858,1398.5547,1156.8365,0.722512
1404.3429,1170.2858,1416.7872,1157.6561,0.83193326
1423.8477,1170.2858,1437.777,1156.7462,0.7844777
1443.3524,1170.2858,1456.6342,1156.6239,0.96999735
1462.8572,1170.2858,1475.834,1156.9929,0.96631354
1482.3619,1170.2858,1495.6215,1157.4968,0.95638937
1501.8667,1170.2858,1514.473,1157.2985,0.95738286
1521.3715,1170.2858,1533.3516,1158.4929,0.9620312
1540.8762,1170.2858,1554.272,1157.5225,0.9825165
1560.381,1170.2858,1571.9456,1157.0513,0.97591245
1579.8857,1170.2858,1592.9015,1157.8873,0.96864164
1599.3905,1170.2858,1612.9753,1157.5243,0.7233227
1618.8953,1170.2858,1631.5193,1158.6768,0.90992635
1638.4,1170.2858,1651.7985,1157.2385,0.71965957
1657.9048,1170.2858,1671.04,1157.7129,0.61518294
1677.4095,1170.2858,1691.3042,1157.9403,0.6468553
1696.9143,1170.2858,1709.8367,1157.7301,0.69377863
1716.4191,1170.2858,1729.9664,1157.7477,0.7066766
1735.9238,1170.2858,1749.877,1157.5297,0.8179039
1755.4286,1170.2858,1768.0853,1157.8114,0.9609592
1774.9333,1170.2858,1787.028,1158.0482,0.9684664
1794.4381,1170.2858,1806.9667,1158.1754,0.90992755
1813.9429,1170.2858,1826.8025,1157.5796,0.9654314
1852.9524,1170.2858,1866.3143,1157.9122,0.97539693
1872.4573,1170.2858,1887.3348,1158.1229,0.98228663
1891.962,1170.2858,1904.9873,1158.0428,0.99535924
1911.4668,1170.2858,1925.1942,1159.149,0.9538703
1930.9716,1170.2858,1944.2888,1157.7625,0.8651446
39.009525,1189.7905,54.105824,1174.7161,0.91341585
58.51429,1189.7905,73.263916,1174.2917,0.87052876
78.01905,1189.7905,90.677635,1174.086,0.965743
97.52381,1189.7905,109.70965,1174.528,0.888157
117.02858,1189.7905,131.04553,1173.8168,0.92259425
136.53334,1189.7905,151.59802,1174.6235,0.96395177
156.0381,1189.7905,169.98293,1174.2555,0.88098776
175.54286,1189.7905,188.13423,1174.6656,0.9280078
195.04762,1189.7905,206.86867,1172.8071,0.8328033
214.55238,1189.7905,228.65407,1175.6372,0.8539005
234.05716,1189.7905,246.82019,1174.5062,0.98613197
253.56192,1189.7905,267.60843,1174.9568,0.99213785
273.06668,1189.7905,286.76968,1175.1075,0.9518495
292.57144,1189.7905,306.3972,1175.1934,0.8182486
312.0762,1189.7905,325.377,1175.4274,0.85479826
331.58096,1189.7905,344.96814,1174.9265,0.95015424
351.08572,1189.7905,363.88773,1174.5007,0.9447361
370.59048,1189.7905,384.18524,1174.8091,0.9853111
390.09525,1189.7905,403.72272,1175.2812,0.99835026
409.6,1189.7905,421.7871,1174.6641,0.98021054
429.10477,1189.7905,441.64822,1175.129,0.9420354
448.60953,1189.7905,460.3341,1175.1432,0.7309742
546.13336,1189.7905,558.57416,1174.8562,0.58628976
585.1429,1189.7905,597.9732,1174.9022,0.50609183
604.64764,1189.7905,616.758,1175.261,0.852974
624.1524,1189.7905,636.8206,1174.6053,0.9202227
643.65717,1189.7905,656.82135,1175.1439,0.9783262
663.1619,1189.7905,676.36914,1175.4487,0.8776395
682.6667,1189.7905,695.3096,1175.486,0.9430261
702.17145,1189.7905,713.8901,1174.8402,0.9797569
721.6762,1189.7905,735.08185,1175.0941,0.98729926
741.18097,1189.7905,755.0121,1175.3082,0.9322674
760.6857,1189.7905,773.1215,1175.6156,0.96761006
780.1905,1189.7905,792.84454,1175.0104,0.9265599
799.69525,1189.7905,813.217,1175.3608,0.89692366
819.2,1189.7905,832.78046,1175.1454,0.9104341
838.7048,1189.7905,852.28076,1175.896,0.962155
858.20953,1189.7905,869.701,1175.3584,0.884276
877.7143,1189.7905,890.3969,1175.1521,0.93749315
897.21906,1189.7905,910.026,1175.4214,0.96128875
916.7238,1189.7905,929.30646,1175.1993,0.98343736
936.22864,1189.7905,948.80695,1175.3501,0.96846217
955.7334,1189.7905,968.5631,1175.4215,0.8715499
975.23816,1189.7905,986.72974,1175.8872,0.8715839
994.7429,1189.7905,1007.371,1175.4083,0.9432385
1014.2477,1189.7905,1027.0292,1175.696,0.8227207
1033.7524,1189.7905,1046.2635,1176.2423,0.67348385
1053.2572,1189.7905,1066.3297,1175.3766,0.9848112
1072.762,1189.7905,1086.7626,1175.4977,0.87242657
1092.2667,1189.7905,1106.1085,1175.505,0.9673678
1111.7715,1189.7905,1125.3209,1174.953,0.9759123
1131.2762,1189.7905,1144.0549,1175.5298,0.79474425
1150.781,1189.7905,1163.5109,1174.6315,0.92029357
1170.2858,1189.7905,1183.1487,1175.9617,0.959627
1189.7905,1189.7905,1203.4579,1175.7621,0.9855719
1209.2953,1189.7905,1222.679,1175.7834,0.9599573
1228.8,1189.7905,1243.4205,1176.7347,0.741383
1248.3048,1189.7905,1261.5459,1176.3329,0.7845622
1267.8096,1189.7905,1280.5151,1176.2716,0.48152083
1287.3143,1189.7905,1299.9027,1175.8153,0.87043226
1306.8191,1189.7905,1319.8196,1176.1375,0.8194003
1326.3239,1189.7905,1339.2513,1176.6941,0.7923461
1345.8286,1189.7905,1359.2042,1176.4,0.8539955
1365.3334,1189.7905,1378.1072,1176.4877,0.953909
1404.3429,1189.7905,1417.6526,1177.5638,0.83016884
1423.8477,1189.7905,1437.7544,1175.8248,0.6658284
1443.3524,1189.7905,1456.7305,1176.6481,0.87556666
1462.8572,1189.7905,1475.609,1177.3441,0.9689624
1482.3619,1189.7905,1495.6927,1176.611,0.8933343
1501.8667,1189.7905,1515.377,1176.4276,0.74180156
1521.3715,1189.7905,1534.4004,1177.0411,0.92778736
1540.8762,1189.7905,1553.5127,1176.8356,0.960566
1560.381,1189.7905,1573.3102,1177.8254,0.9712969
1579.8857,1189.7905,1593.2905,1176.9196,0.98618495
1618.8953,1189.7905,1630.216,1177.8059,0.32300264
1638.4,1189.7905,1651.3129,1177.9642,0.4982
1657.9048,1189.7905,1670.7633,1177.143,0.9029612
1677.4095,1189.7905,1690.5216,1177.1195,0.64729947
1696.9143,1189.7905,1710.967,1177.3121,0.690954
1716.4191,1189.7905,1728.2815,1177.7578,0.9558248
1735.9238,1189.7905,1749.539,1177.4025,0.7841937
1755.4286,1189.7905,1768.6552,1177.3896,0.96827686
1774.9333,1189.7905,1787.3602,1176.7502,0.9744769
1794.4381,1189.7905,1806.6804,1177.7776,0.9609645
1813.9429,1189.7905,1827.2853,1177.7224,0.9722083
1833.4476,1189.7905,1846.5631,1177.1106,0.99084216
1852.9524,1189.7905,1866.2355,1177.6959,0.969277
1872.4573,1189.7905,1885.8115,1178.6372,0.9354633
1891.962,1189.7905,1904.8202,1177.8638,0.97180116
1911.4668,1189.7905,1924.216,1177.9244,0.9863675
1930.9716,1189.7905,1943.5377,1178.1759,0.8564868
1950.4763,1189.7905,1964.3347,1178.2833,0.7200271
1969.9811,1189.7905,1983.9716,1177.9111,0.3226062
39.009525,1209.2953,52.71119,1192.7242,0.9712062
58.51429,1209.2953,72.12534,1192.4489,0.9539986
78.01905,1209.2953,90.95532,1193.7512,0.9266571
97.52381,1209.2953,110.21352,1193.294,0.88298684
117.02858,1209.2953,131.52663,1192.855,0.9626949
136.53334,1209.2953,151.76175,1192.9016,0.8192328
156.0381,1209.2953,170.54584,1193.9341,0.95951056
175.54286,1209.2953,188.22449,1194.0372,0.88369507
195.04762,1209.2953,208.9457,1193.0919,0.9844329
214.55238,1209.2953,229.68788,1194.2611,0.98552424
234.05716,1209.2953,248.87605,1194.3444,0.97731507
253.56192,1209.2953,265.5207,1194.4032,0.9514349
273.06668,1209.2953,286.0337,1194.3401,0.96314317
292.57144,1209.2953,307.33304,1194.3478,0.9409685
312.0762,1209.2953,325.98505,1193.9135,0.9392612
331.58096,1209.2953,344.09595,1194.3207,0.9127911
351.08572,1209.2953,364.23444,1194.862,0.95819306
370.59048,1209.2953,384.16144,1194.5267,0.9346095
390.09525,1209.2953,402.19043,1194.8118,0.8027593
409.6,1209.2953,422.14337,1194.6177,0.8950705
429.10477,1209.2953,442.72296,1194.8894,0.9721678
448.60953,1209.2953,459.71304,1194.339,0.858691
565.6381,1209.2953,579.92346,1194.2561,0.63505346
585.1429,1209.2953,599.06287,1194.0298,0.96307564
604.64764,1209.2953,615.93005,1194.6749,0.9881281
624.1524,1209.2953,636.5446,1194.7439,0.98451644
643.65717,1209.2953,657.02606,1194.5607,0.98234457
663.1619,1209.2953,675.024,1194.452,0.89553344
682.6667,1209.2953,696.12415,1194.9904,0.87294716
702.17145,1209.2953,715.949,1195.0988,0.8860838
721.6762,1209.2953,735.30383,1194.8721,0.9710414
741.18097,1209.2953,754.68274,1194.9309,0.98836863
760.6857,1209.2953,773.52716,1195.1986,0.98608214
780.1905,1209.2953,793.1689,1194.7245,0.9575247
799.69525,1209.2953,812.85693,1195.8833,0.94854873
819.2,1209.2953,833.2405,1194.832,0.8201327
838.7048,1209.2953,851.97955,1194.8328,0.8222482
858.20953,1209.2953,870.6637,1194.8253,0.7701914
877.7143,1209.2953,890.51245,1195.0824,0.93477863
897.21906,1209.2953,909.728,1194.8667,0.96661645
916.7238,1209.2953,929.69653,1194.717,0.918952
936.22864,1209.2953,948.65686,1194.5679,0.45756355
955.7334,1209.2953,967.4522,1194.8616,0.77965385
975.23816,1209.2953,987.8859,1194.7269,0.92073536
994.7429,1209.2953,1007.0325,1194.9496,0.7356666
1014.2477,1209.2953,1027.4032,1194.9576,0.49549174
1033.7524,1209.2953,1045.7047,1194.644,0.5149339
1053.2572,1209.2953,1066.3738,1194.9156,0.84472793
1072.762,1209.2953,1086.5345,1195.4652,0.9302837
1092.2667,1209.2953,1106.061,1195.2942,0.9714035
1111.7715,1209.2953,1125.3774,1194.6516,0.96666753
1131.2762,1209.2953,1142.997,1195.2874,0.97843826
1150.781,1209.2953,1162.6786,1194.9841,0.91058934
1170.2858,1209.2953,1183.08,1195.2767,0.93159074
1189.7905,1209.2953,1203.0562,1195.5734,0.98781234
1209.2953,1209.2953,1222.1289,1196.4889,0.991637
1228.8,1209.2953,1241.4753,1195.5216,0.9515418
1248.3048,1209.2953,1262.478,1195.7867,0.8905966
1267.8096,1209.2953,1280.6832,1195.5837,0.91034824
1287.3143,1209.2953,1300.762,1195.3345,0.9774665
1326.3239,1209.2953,1338.9897,1195.7928,0.72173965
1345.8286,1209.2953,1360.5194,1196.2494,0.9413207
1365.3334,1209.2953,1379.3572,1195.4991,0.9825468
1462.8572,1209.2953,1476.3386,1195.5032,0.98853964
1482.3619,1209.2953,1495.4446,1197.0519,0.9341603
1501.8667,1209.2953,1514.4949,1196.1534,0.75003
1521.3715,1209.2953,1535.0962,1196.6796,0.71634364
1540.8762,1209.2953,1554.6779,1197.0193,0.83424544
1560.381,1209.2953,1574.6584,1196.6671,0.9290574
1579.8857,1209.2953,1592.4067,1195.9467,0.9728759
1599.3905,1209.2953,1612.3401,1197.0728,0.98876065
1618.8953,1209.2953,1630.958,1197.8324,0.40470996
1657.9048,1209.2953,1671.8114,1196.4384,0.64503306
1677.4095,1209.2953,1689.3046,1196.7363,0.9074034
1696.9143,1209.2953,1711.62,1196.6993,0.8816161
1716.4191,1209.2953,1729.681,1196.603,0.909564
1735.9238,1209.2953,1749.1056,1196.3224,0.90347624
1755.4286,1209.2953,1767.9812,1196.7428,0.95314956
1794.4381,1209.2953,1806.6383,1197.5157,0.9872467
1813.9429,1209.2953,1827.8624,1197.1382,0.99815255
1833.4476,1209.2953,1846.6024,1197.9585,0.99461275
1852.9524,1209.2953,1866.672,1196.4539,0.9782056
1872.4573,1209.2953,1885.9855,1197.4309,0.93752354
1891.962,1209.2953,1905.0369,1197.0598,0.89115953
1930.9716,1209.2953,1944.8916,1198.0927,0.791803
1950.4763,1209.2953,1964.9285,1197.0562,0.50961864
1969.9811,1209.2953,1984.6161,1200.6216,0.6172585
58.51429,1228.8,71.8004,1212.742,0.89912456
78.01905,1228.8,91.812004,1213.8374,0.37657332
97.52381,1228.8,111.23806,1212.7145,0.8084436
136.53334,1228.8,151.21509,1213.5465,0.7369662
156.0381,1228.8,170.61328,1212.6069,0.9612837
175.54286,1228.8,189.83304,1210.8087,0.99578
195.04762,1228.8,208.86723,1213.3585,0.98881036
214.55238,1228.8,229.86339,1213.7455,0.99461085
234.05716,1228.8,247.09969,1213.7482,0.888396
253.56192,1228.8,265.1602,1213.9617,0.7200491
273.06668,1228.8,285.84323,1213.7257,0.7995438
292.57144,1228.8,306.33923,1213.4652,0.8062805
312.0762,1228.8,324.4736,1213.5737,0.82918966
331.58096,1228.8,343.8588,1212.7197,0.6971641
351.08572,1228.8,362.7184,1213.5099,0.9502848
370.59048,1228.8,383.7486,1214.1455,0.9477943
390.09525,1228.8,402.0498,1212.8289,0.45788053
429.10477,1228.8,441.72226,1213.8584,0.41588432
448.60953,1228.8,460.98334,1214.0176,0.57560146
468.11432,1228.8,481.9175,1214.149,0.67075384
565.6381,1228.8,578.467,1214.0797,0.5754918
585.1429,1228.8,598.0579,1213.8423,0.97596437
604.64764,1228.8,618.24896,1214.0613,0.99711144
624.1524,1228.8,637.1637,1214.1027,0.998515
643.65717,1228.8,656.11536,1213.8445,0.98945224
663.1619,1228.8,675.37024,1214.5094,0.9852127
682.6667,1228.8,696.45905,1214.0779,0.9704157
702.17145,1228.8,716.3307,1213.2136,0.92301637
721.6762,1228.8,734.87384,1214.722,0.9617552
741.18097,1228.8,753.0599,1214.5225,0.99230194
760.6857,1228.8,774.6422,1214.4084,0.99501425
780.1905,1228.8,793.006,1213.9252,0.99183637
799.69525,1228.8,812.5813,1213.9086,0.98052037
819.2,1228.8,830.3694,1214.1167,0.8815634
838.7048,1228.8,852.62396,1214.4888,0.89792305
858.20953,1228.8,870.6766,1214.3845,0.8541827
877.7143,1228.8,890.7406,1213.8004,0.8916678
897.21906,1228.8,909.4077,1214.3003,0.95838535
916.7238,1228.8,927.59644,1214.7739,0.96659917
936.22864,1228.8,949.1062,1214.4148,0.78451407
955.7334,1228.8,967.9843,1215.0935,0.93703175
975.23816,1228.8,988.2115,1214.5602,0.8336568
994.7429,1228.8,1007.59424,1214.4513,0.79753757
1014.2477,1228.8,1026.8057,1214.7881,0.91198283
1033.7524,1228.8,1047.4857,1214.8516,0.96348333
1053.2572,1228.8,1065.3333,1214.8389,0.8378783
1072.762,1228.8,1085.9043,1214.5542,0.8996039
1092.2667,1228.8,1105.7682,1214.7239,0.9706173
1111.7715,1228.8,1124.5428,1215.3636,0.97762364
1131.2762,1228.8,1143.9993,1214.2579,0.96990085
1150.781,1228.8,1163.9371,1214.4694,0.98559266
1170.2858,1228.8,1183.2214,1214.7205,0.93473697
1189.7905,1228.8,1203.3445,1214.3707,0.96712315
1209.2953,1228.8,1223.1167,1214.6705,0.98597956
1228.8,1228.8,1242.9581,1215.3513,0.98232895
1248.3048,1228.8,1262.1515,1214.872,0.92769
1267.8096,1228.8,1281.5731,1214.9103,0.9761253
1306.8191,1228.8,1320.573,1214.8613,0.80978525
1326.3239,1228.8,1339.5117,1215.0563,0.6345481
1345.8286,1228.8,1360.3268,1215.3623,0.95960224
1365.3334,1228.8,1378.7423,1217.335,0.9456217
1462.8572,1228.8,1476.9849,1215.1613,0.992204
1482.3619,1228.8,1494.7333,1215.9004,0.84611577
1501.8667,1228.8,1515.1141,1216.584,0.75316983
1521.3715,1228.8,1535.045,1214.9106,0.7275761
1540.8762,1228.8,1553.7733,1215.9292,0.8312659
1560.381,1228.8,1573.2991,1216.5493,0.9929095
1579.8857,1228.8,1592.3174,1216.5468,0.9942076
1599.3905,1228.8,1612.8263,1216.3698,0.9960983
1618.8953,1228.8,1632.4012,1215.475,0.7651931
1638.4,1228.8,1651.1234,1215.6019,0.69300413
1657.9048,1228.8,1671.6383,1215.7358,0.75932497
1677.4095,1228.8,1690.8453,1216.2205,0.78707904
1696.9143,1228.8,1710.3768,1215.331,0.94120044
1716.4191,1228.8,1728.2715,1216.4703,0.8994685
1735.9238,1228.8,1748.3964,1216.143,0.70782447
1794.4381,1228.8,1808.654,1216.9541,0.9929567
1813.9429,1228.8,1828.5009,1216.1355,0.9944129
1833.4476,1228.8,1845.4272,1217.466,0.9890367
1852.9524,1228.8,1867.8055,1217.4097,0.98622185
1872.4573,1228.8,1886.208,1216.3395,0.9729878
1891.962,1228.8,1905.2859,1217.4034,0.92239064
1911.4668,1228.8,1924.5459,1217.0958,0.9312237
1950.4763,1228.8,1966.2883,1219.7428,0.4514998
58.51429,1248.3048,71.62755,1232.7347,0.7282015
78.01905,1248.3048,90.10688,1233.3668,0.6099461
97.52381,1248.3048,111.85501,1232.5109,0.85285676
117.02858,1248.3048,131.73067,1232.9651,0.66717947
136.53334,1248.3048,149.72623,1232.2739,0.97390175
156.0381,1248.3048,169.20386,1231.4697,0.99231213
175.54286,1248.3048,189.25687,1231.7867,0.9980559
195.04762,1248.3048,208.36357,1232.7582,0.9987157
214.55238,1248.3048,228.01082,1233.0703,0.99794066
234.05716,1248.3048,247.10841,1233.4727,0.98172855
253.56192,1248.3048,265.6605,1233.4409,0.63534755
273.06668,1248.3048,285.7986,1233.0181,0.930005
292.57144,1248.3048,303.82166,1233.1494,0.39006248
312.0762,1248.3048,323.62057,1232.7046,0.4722475
331.58096,1248.3048,344.42044,1233.4026,0.5250051
351.08572,1248.3048,364.0607,1233.6774,0.7465202
370.59048,1248.3048,382.70596,1233.0583,0.97700083
390.09525,1248.3048,403.66003,1233.1172,0.8176585
448.60953,1248.3048,460.59134,1233.5662,0.78955895
468.11432,1248.3048,481.00784,1233.5499,0.80672145
526.6286,1248.3048,539.6401,1233.6819,0.5572305
546.13336,1248.3048,558.44257,1233.5884,0.9045773
565.6381,1248.3048,578.59906,1233.639,0.9707471
585.1429,1248.3048,597.8693,1234.0897,0.9965264
604.64764,1248.3048,618.69836,1233.9952,0.9973173
624.1524,1248.3048,636.33655,1233.2856,0.98443377
643.65717,1248.3048,655.64703,1233.8413,0.9703459
663.1619,1248.3048,676.2652,1233.8743,0.99382573
682.6667,1248.3048,694.1418,1233.6685,0.9713257
702.17145,1248.3048,716.0837,1233.2197,0.9928511
721.6762,1248.3048,733.4757,1233.3177,0.98457235
741.18097,1248.3048,752.2763,1233.6996,0.9934647
760.6857,1248.3048,772.9033,1233.8927,0.976844
780.1905,1248.3048,792.9994,1233.3491,0.9741344
799.69525,1248.3048,811.9516,1233.9684,0.94157714
819.2,1248.3048,830.8316,1233.8042,0.9685442
838.7048,1248.3048,851.3171,1233.9377,0.9415736
858.20953,1248.3048,871.46545,1233.6581,0.86309797
877.7143,1248.3048,889.73517,1233.6814,0.8885365
897.21906,1248.3048,910.22784,1234.391,0.99624634
916.7238,1248.3048,929.4118,1234.5912,0.9958812
936.22864,1248.3048,948.44916,1233.4943,0.9434622
955.7334,1248.3048,968.3371,1234.164,0.9613375
975.23816,1248.3048,988.22235,1234.7072,0.9532154
994.7429,1248.3048,1008.20966,1234.2177,0.94734126
1014.2477,1248.3048,1026.7635,1234.1272,0.9686551
1033.7524,1248.3048,1047.3888,1234.7764,0.91682035
1053.2572,1248.3048,1066.4297,1234.1737,0.91971344
1072.762,1248.3048,1086.4716,1234.4559,0.7189666
1092.2667,1248.3048,1107.7848,1234.6501,0.91250896
1111.7715,1248.3048,1126.6696,1234.3625,0.96646065
1131.2762,1248.3048,1144.9485,1234.8389,0.9932059
1150.781,1248.3048,1164.2456,1233.7603,0.9974953
1170.2858,1248.3048,1183.7617,1234.1487,0.99037105
1189.7905,1248.3048,1204.4136,1234.2761,0.9879592
1209.2953,1248.3048,1221.542,1234.8231,0.9600179
1228.8,1248.3048,1241.6868,1234.9387,0.9748771
1248.3048,1248.3048,1263.1555,1234.6917,0.9651197
1287.3143,1248.3048,1300.1393,1235.0155,0.92387813
1306.8191,1248.3048,1320.4434,1234.4653,0.5687897
1326.3239,1248.3048,1340.3834,1234.9786,0.5725195
1345.8286,1248.3048,1359.7382,1234.5343,0.8630342
1365.3334,1248.3048,1379.8116,1234.912,0.9717087
1384.8381,1248.3048,1400.4608,1235.234,0.9192323
1404.3429,1248.3048,1419.9027,1235.4823,0.47495535
1443.3524,1248.3048,1457.5493,1234.7233,0.8518722
1462.8572,1248.3048,1476.9438,1234.3184,0.98770505
1482.3619,1248.3048,1496.4753,1235.7363,0.94598776
1501.8667,1248.3048,1515.3168,1236.0029,0.49109486
1521.3715,1248.3048,1534.7296,1235.1888,0.80390406
1540.8762,1248.3048,1553.4683,1235.1345,0.93439114
1560.381,1248.3048,1574.014,1234.9501,0.9845855
1579.8857,1248.3048,1592.83,1235.8429,0.98170996
1599.3905,1248.3048,1612.9628,1236.2445,0.89088213
1618.8953,1248.3048,1632.1282,1236.1818,0.9619446
1638.4,1248.3048,1652.038,1236.0145,0.98577774
1657.9048,1248.3048,1670.5599,1235.2422,0.96739125
1677.4095,1248.3048,1689.9374,1235.3544,0.8790367
1696.9143,1248.3048,1710.3108,1235.7517,0.94393504
1716.4191,1248.3048,1727.7562,1236.9954,0.6029782
1735.9238,1248.3048,1747.8939,1235.6818,0.7248403
1755.4286,1248.3048,1768.9209,1235.2974,0.9604894
1774.9333,1248.3048,1787.1748,1236.1473,0.9788016
1794.4381,1248.3048,1808.1349,1236.1141,0.9896499
1813.9429,1248.3048,1826.7076,1236.6029,0.9953356
1833.4476,1248.3048,1846.06,1236.3633,0.98687094
1852.9524,1248.3048,1867.3507,1236.2446,0.9958715
1872.4573,1248.3048,1886.172,1235.4904,0.9763922
1891.962,1248.3048,1905.9292,1236.682,0.9904639
1911.4668,1248.3048,1924.7659,1236.074,0.91725016
1930.9716,1248.3048,1944.2152,1235.6226,0.8175385
58.51429,1267.8096,71.858505,1252.4457,0.63773566
78.01905,1267.8096,90.841,1251.8334,0.7339623
97.52381,1267.8096,110.83581,1252.3152,0.9505246
117.02858,1267.8096,129.94392,1252.6271,0.9500708
136.53334,1267.8096,150.34981,1252.5331,0.9695487
156.0381,1267.8096,170.0222,1251.2192,0.99264675
175.54286,1267.8096,189.30008,1251.2532,0.9740406
195.04762,1267.8096,208.74098,1252.2524,0.99123824
214.55238,1267.8096,228.06783,1252.2588,0.9967988
234.05716,1267.8096,246.661,1252.2084,0.9754751
253.56192,1267.8096,267.07956,1252.894,0.9455971
273.06668,1267.8096,285.8233,1252.9718,0.955145
292.57144,1267.8096,306.37833,1252.6288,0.9167505
312.0762,1267.8096,325.82263,1252.7478,0.8468341
331.58096,1267.8096,343.26544,1252.5588,0.8401035
351.08572,1267.8096,364.25226,1252.4392,0.41223064
370.59048,1267.8096,385.4554,1252.5381,0.34528288
390.09525,1267.8096,401.85947,1252.2592,0.27537858
409.6,1267.8096,420.6949,1252.9945,0.29627976
429.10477,1267.8096,441.3887,1253.1443,0.343895
448.60953,1267.8096,461.74765,1252.9983,0.5252217
468.11432,1267.8096,481.50354,1252.4259,0.8962021
487.61908,1267.8096,500.19995,1253.226,0.6179691
507.12384,1267.8096,518.7018,1253.1036,0.53006965
526.6286,1267.8096,539.04803,1252.6409,0.7460305
546.13336,1267.8096,559.5157,1252.6947,0.92637765
565.6381,1267.8096,578.79376,1252.5509,0.9301712
585.1429,1267.8096,598.8549,1252.6691,0.9856487
604.64764,1267.8096,618.74976,1252.824,0.98442227
624.1524,1267.8096,635.7574,1252.6161,0.9427102
643.65717,1267.8096,655.84,1253.185,0.9816447
663.1619,1267.8096,675.6049,1253.2041,0.9876585
682.6667,1267.8096,695.0037,1253.2347,0.99621975
702.17145,1267.8096,714.97925,1253.1947,0.99462247
721.6762,1267.8096,734.17523,1253.0632,0.982699
741.18097,1267.8096,754.4315,1253.144,0.9403886
760.6857,1267.8096,773.2111,1253.4434,0.94554526
780.1905,1267.8096,793.3048,1253.666,0.9778243
799.69525,1267.8096,813.0796,1253.537,0.99084646
819.2,1267.8096,830.6109,1253.4618,0.9550573
838.7048,1267.8096,850.84607,1252.9856,0.92304605
858.20953,1267.8096,871.4673,1253.4441,0.95840913
877.7143,1267.8096,890.8266,1252.9963,0.923209
897.21906,1267.8096,909.7289,1253.3116,0.991543
916.7238,1267.8096,929.17523,1253.7579,0.9958902
936.22864,1267.8096,949.6802,1253.7048,0.87814224
955.7334,1267.8096,968.0456,1254.126,0.9193268
975.23816,1267.8096,988.9247,1253.7465,0.9768895
994.7429,1267.8096,1008.2959,1253.9226,0.9962776
1014.2477,1267.8096,1028.6307,1253.2058,0.9836322
1033.7524,1267.8096,1047.877,1253.2921,0.9712315
1053.2572,1267.8096,1066.6362,1253.42,0.99025536
1072.762,1267.8096,1085.5403,1253.5997,0.93768644
1092.2667,1267.8096,1106.0889,1253.7736,0.90009415
1111.7715,1267.8096,1124.4612,1253.6327,0.97459924
1131.2762,1267.8096,1144.913,1253.425,0.99347216
1150.781,1267.8096,1162.5876,1253.6069,0.99256164
1170.2858,1267.8096,1183.0085,1253.7885,0.9861466
1189.7905,1267.8096,1203.3475,1253.8767,0.9572615
1209.2953,1267.8096,1221.9739,1254.3828,0.7924652
1228.8,1267.8096,1241.9596,1254.7914,0.9110319
1248.3048,1267.8096,1261.4624,1254.1753,0.8873484
1267.8096,1267.8096,1280.9667,1254.0983,0.45836473
1287.3143,1267.8096,1300.4551,1254.0068,0.28599116
1306.8191,1267.8096,1320.9856,1253.5535,0.4308485
1326.3239,1267.8096,1340.2197,1254.0043,0.8943534
1345.8286,1267.8096,1359.4214,1253.7367,0.81490654
1404.3429,1267.8096,1418.377,1253.7429,0.62996435
1423.8477,1267.8096,1437.6508,1254.8564,0.66078365
1443.3524,1267.8096,1457.5736,1254.209,0.9761282
1462.8572,1267.8096,1477.804,1254.1497,0.9859989
1482.3619,1267.8096,1495.4266,1253.9707,0.9441035
1501.8667,1267.8096,1516.0983,1254.9595,0.64687353
1521.3715,1267.8096,1534.5759,1254.1779,0.82016635
1540.8762,1267.8096,1553.7954,1254.0111,0.96362376
1560.381,1267.8096,1573.2571,1255.0479,0.97112906
1579.8857,1267.8096,1594.3577,1256.1858,0.9344794
1599.3905,1267.8096,1614.0045,1256.4028,0.9587746
1618.8953,1267.8096,1632.287,1254.969,0.9723995
1638.4,1267.8096,1652.1416,1255.3029,0.98320544
1657.9048,1267.8096,1671.2726,1257.1085,0.91849947
1677.4095,1267.8096,1691.2897,1255.0309,0.95619285
1696.9143,1267.8096,1709.6622,1254.7042,0.9575359
1716.4191,1267.8096,1730.3455,1256.2465,0.9494458
1735.9238,1267.8096,1749.8752,1255.1729,0.8547491
1755.4286,1267.8096,1769.0016,1257.1532,0.6295184
1774.9333,1267.8096,1788.1803,1256.31,0.9157987
1794.4381,1267.8096,1807.6421,1255.9537,0.9598156
1813.9429,1267.8096,1826.9752,1256.9636,0.9369203
1833.4476,1267.8096,1847.5648,1255.8064,0.98379916
1872.4573,1267.8096,1887.1418,1255.4368,0.9723954
1891.962,1267.8096,1904.9298,1255.4202,0.95654666
1911.4668,1267.8096,1925.4532,1255.4452,0.9623513
1950.4763,1267.8096,1963.1133,1256.3268,0.58022666
1969.9811,1267.8096,1983.3993,1256.1097,0.47661844
39.009525,1287.3143,52.4269,1271.8788,0.23707591
58.51429,1287.3143,72.15815,1270.7876,0.9328142
78.01905,1287.3143,91.467896,1271.6738,0.9256535
97.52381,1287.3143,109.39119,1271.9141,0.9403387
117.02858,1287.3143,130.10194,1272.1161,0.95268023
136.53334,1287.3143,150.32875,1271.1755,0.96930504
156.0381,1287.3143,170.2511,1270.5442,0.94710314
175.54286,1287.3143,189.44458,1272.5553,0.78171605
195.04762,1287.3143,209.12616,1272.0519,0.91171294
214.55238,1287.3143,227.04407,1272.5322,0.92292243
234.05716,1287.3143,248.92406,1272.8142,0.9825849
253.56192,1287.3143,267.98224,1272.0408,0.9911885
273.06668,1287.3143,286.75867,1272.089,0.98766136
292.57144,1287.3143,306.20386,1272.1029,0.96445286
312.0762,1287.3143,324.2248,1271.8552,0.92450166
390.09525,1287.3143,402.53308,1272.5559,0.4389089
409.6,1287.3143,421.57663,1272.5697,0.23061815
429.10477,1287.3143,441.29288,1272.5981,0.40065685
448.60953,1287.3143,460.61047,1271.5059,0.71069574
468.11432,1287.3143,481.17648,1272.4187,0.9430705
487.61908,1287.3143,499.63794,1272.5765,0.76937354
507.12384,1287.3143,519.3146,1272.5109,0.42678562
526.6286,1287.3143,539.76605,1272.7543,0.8496228
546.13336,1287.3143,560.5903,1272.5054,0.92670006
565.6381,1287.3143,578.5104,1272.5511,0.8035936
585.1429,1287.3143,599.37384,1272.2881,0.8920018
604.64764,1287.3143,618.43085,1272.5386,0.98026377
624.1524,1287.3143,637.93134,1272.5201,0.9793232
643.65717,1287.3143,656.6209,1272.487,0.98962766
663.1619,1287.3143,674.80286,1272.0845,0.97054994
682.6667,1287.3143,695.15247,1272.7817,0.97947705
702.17145,1287.3143,714.8975,1272.4021,0.9607748
721.6762,1287.3143,734.8369,1272.6202,0.97786236
741.18097,1287.3143,754.5698,1272.6182,0.9635432
760.6857,1287.3143,773.70593,1273.1389,0.99681854
780.1905,1287.3143,792.40375,1273.0393,0.9956303
799.69525,1287.3143,812.2728,1272.9656,0.99332297
819.2,1287.3143,830.0865,1272.8192,0.89873236
838.7048,1287.3143,851.6932,1272.6993,0.8177937
858.20953,1287.3143,871.33685,1273.228,0.9537951
877.7143,1287.3143,890.5276,1272.7092,0.84959054
897.21906,1287.3143,910.84827,1272.559,0.97774094
916.7238,1287.3143,928.8235,1272.9656,0.9859577
936.22864,1287.3143,948.3727,1273.6993,0.9314179
955.7334,1287.3143,969.2694,1273.1233,0.9247353
975.23816,1287.3143,988.41003,1273.371,0.95724994
994.7429,1287.3143,1007.94147,1272.7465,0.9474545
1014.2477,1287.3143,1026.5577,1273.5153,0.87145674
1033.7524,1287.3143,1046.3309,1272.8699,0.9607357
1053.2572,1287.3143,1067.1294,1272.7632,0.9932695
1072.762,1287.3143,1085.3436,1273.2426,0.9474663
1092.2667,1287.3143,1106.106,1273.0978,0.76037323
1111.7715,1287.3143,1123.8408,1273.2533,0.8290031
1131.2762,1287.3143,1143.5135,1272.684,0.99330556
1150.781,1287.3143,1164.0995,1273.2609,0.9974099
1170.2858,1287.3143,1182.3022,1273.1818,0.97636336
1189.7905,1287.3143,1202.3451,1273.1694,0.7957402
1209.2953,1287.3143,1221.9479,1274.2109,0.75140023
1228.8,1287.3143,1242.318,1273.1886,0.75938946
1248.3048,1287.3143,1260.7626,1274.588,0.9450154
1267.8096,1287.3143,1279.9507,1273.6398,0.842413
1287.3143,1287.3143,1301.1401,1274.2198,0.40868405
1306.8191,1287.3143,1320.1602,1274.1757,0.62838817
1326.3239,1287.3143,1340.5336,1273.8007,0.89529276
1345.8286,1287.3143,1359.9652,1273.9011,0.9690102
1404.3429,1287.3143,1419.1989,1275.0657,0.9808736
1423.8477,1287.3143,1437.6613,1274.6561,0.83006924
1443.3524,1287.3143,1457.8531,1273.8346,0.9634724
1462.8572,1287.3143,1475.4554,1273.965,0.9318764
1482.3619,1287.3143,1496.0725,1273.6263,0.9519287
1521.3715,1287.3143,1535.6687,1274.1342,0.95178586
1540.8762,1287.3143,1552.4684,1275.0522,0.9542544
1560.381,1287.3143,1574.0288,1273.3816,0.9805541
1579.8857,1287.3143,1594.767,1274.5127,0.99380654
1599.3905,1287.3143,1613.57,1274.6805,0.9963899
1618.8953,1287.3143,1632.6525,1274.2634,0.98523176
1638.4,1287.3143,1650.9406,1274.3977,0.9804936
1657.9048,1287.3143,1671.347,1275.2891,0.98285836
1677.4095,1287.3143,1690.971,1275.0236,0.989863
1696.9143,1287.3143,1710.4209,1275.3967,0.97876394
1716.4191,1287.3143,1731.047,1275.9219,0.93635714
1774.9333,1287.3143,1789.088,1275.2833,0.85974646
1794.4381,1287.3143,1808.7231,1274.7948,0.80983335
1813.9429,1287.3143,1826.9126,1276.3375,0.9229469
1833.4476,1287.3143,1846.8022,1275.7953,0.9424249
1852.9524,1287.3143,1867.577,1274.9425,0.9837172
1872.4573,1287.3143,1886.6981,1274.8698,0.9635393
1891.962,1287.3143,1905.5735,1276.4095,0.9878733
1911.4668,1287.3143,1924.706,1275.6941,0.85479045
1930.9716,1287.3143,1944.9187,1275.3586,0.67736274
1950.4763,1287.3143,1963.495,1274.61,0.43692467
39.009525,1306.8191,53.010906,1291.8773,0.30476746
58.51429,1306.8191,71.6522,1291.163,0.9188573
78.01905,1306.8191,92.077515,1292.1078,0.9025089
97.52381,1306.8191,111.65479,1291.4801,0.9591167
117.02858,1306.8191,130.75102,1291.4231,0.951079
136.53334,1306.8191,150.5056,1290.399,0.947628
156.0381,1306.8191,169.61078,1290.5371,0.85815793
175.54286,1306.8191,189.37338,1291.5299,0.8385783
195.04762,1306.8191,209.08485,1290.4354,0.9642384
214.55238,1306.8191,226.80025,1291.237,0.9905967
234.05716,1306.8191,247.66913,1291.4795,0.9943002
253.56192,1306.8191,268.77582,1291.7675,0.9987059
273.06668,1306.8191,286.84946,1291.5106,0.99521357
292.57144,1306.8191,306.26187,1290.629,0.9509814
312.0762,1306.8191,325.51248,1291.5685,0.87989324
331.58096,1306.8191,346.7406,1292.3962,0.44899106
351.08572,1306.8191,365.8422,1291.4602,0.39604965
370.59048,1306.8191,382.5633,1292.0166,0.5077531
390.09525,1306.8191,402.51657,1291.9119,0.7693891
409.6,1306.8191,422.0743,1290.7781,0.61200583
429.10477,1306.8191,441.68506,1291.5151,0.5152371
448.60953,1306.8191,460.08624,1291.4769,0.8377243
468.11432,1306.8191,480.04187,1291.4203,0.9544769
487.61908,1306.8191,500.5949,1292.3136,0.9667105
507.12384,1306.8191,520.4237,1291.4443,0.95518774
526.6286,1306.8191,539.11755,1292.0349,0.94572484
546.13336,1306.8191,560.49365,1291.915,0.9318448
565.6381,1306.8191,579.41437,1292.0352,0.90954834
585.1429,1306.8191,598.9799,1292.3077,0.9282636
604.64764,1306.8191,618.61304,1291.3557,0.98532623
624.1524,1306.8191,636.808,1291.8434,0.98345995
643.65717,1306.8191,656.92114,1291.7998,0.99268013
663.1619,1306.8191,676.92175,1292.2777,0.9870265
682.6667,1306.8191,694.72534,1292.5286,0.9552008
702.17145,1306.8191,714.60645,1292.0485,0.9410459
721.6762,1306.8191,734.11975,1292.2258,0.99072325
741.18097,1306.8191,753.483,1292.2045,0.99254376
760.6857,1306.8191,772.5775,1292.1288,0.9970862
780.1905,1306.8191,793.63257,1292.4657,0.99156016
799.69525,1306.8191,811.75256,1291.8497,0.99436516
819.2,1306.8191,831.66534,1292.8855,0.99200886
838.7048,1306.8191,851.3972,1292.6578,0.9524484
858.20953,1306.8191,871.50006,1292.239,0.97290325
877.7143,1306.8191,890.96643,1292.0339,0.8201997
897.21906,1306.8191,909.4504,1292.192,0.7210873
916.7238,1306.8191,929.83234,1292.4541,0.9851552
936.22864,1306.8191,949.31433,1292.3442,0.9304704
955.7334,1306.8191,969.6513,1292.9537,0.96701384
975.23816,1306.8191,989.51953,1292.628,0.9720779
994.7429,1306.8191,1007.1256,1292.1582,0.9783766
1014.2477,1306.8191,1025.2452,1292.1185,0.94618404
1033.7524,1306.8191,1047.1572,1292.7394,0.8945903
1053.2572,1306.8191,1065.7699,1292.4347,0.8900381
1072.762,1306.8191,1085.8678,1292.7496,0.6603276
1092.2667,1306.8191,1104.107,1292.2377,0.6204612
1111.7715,1306.8191,1124.9803,1292.1051,0.9791871
1131.2762,1306.8191,1144.0475,1292.4332,0.9799908
1150.781,1306.8191,1164.6987,1292.0933,0.9956459
1170.2858,1306.8191,1181.9874,1292.2458,0.86848193
1189.7905,1306.8191,1201.7891,1293.1256,0.6202978
1209.2953,1306.8191,1222.1643,1293.6804,0.47355857
1228.8,1306.8191,1240.8085,1293.6045,0.8835523
1248.3048,1306.8191,1262.3966,1292.8815,0.8657315
1267.8096,1306.8191,1282.5911,1293.7822,0.70980734
1287.3143,1306.8191,1301.6934,1293.6321,0.2241477
1306.8191,1306.8191,1319.9791,1293.6907,0.80296713
1326.3239,1306.8191,1340.974,1292.6295,0.8686796
1345.8286,1306.8191,1360.8326,1292.7736,0.9746954
1365.3334,1306.8191,1378.8654,1292.4711,0.96425265
1384.8381,1306.8191,1398.642,1292.447,0.99528164
1404.3429,1306.8191,1417.2933,1292.857,0.9863582
1423.8477,1306.8191,1435.8303,1293.2428,0.9289639
1443.3524,1306.8191,1456.7891,1293.5978,0.8464075
1462.8572,1306.8191,1475.4579,1293.4402,0.839978
1482.3619,1306.8191,1496.1091,1294.9875,0.98764724
1501.8667,1306.8191,1515.025,1294.3246,0.937682
1521.3715,1306.8191,1535.1091,1292.9357,0.93307817
1540.8762,1306.8191,1553.8888,1293.8237,0.9446868
1560.381,1306.8191,1573.7408,1295.0876,0.9911439
1579.8857,1306.8191,1594.1195,1293.8768,0.99586684
1599.3905,1306.8191,1615.0308,1294.908,0.99324393
1618.8953,1306.8191,1632.452,1293.9727,0.9928905
1638.4,1306.8191,1651.0706,1295.2424,0.9926097
1657.9048,1306.8191,1671.5236,1294.0885,0.98389894
1677.4095,1306.8191,1690.347,1294.5522,0.98647285
1696.9143,1306.8191,1709.7585,1294.541,0.96516216
1716.4191,1306.8191,1729.399,1294.4222,0.93767047
1735.9238,1306.8191,1749.8687,1294.3842,0.85715926
1774.9333,1306.8191,1788.253,1295.1877,0.9554561
1794.4381,1306.8191,1807.4519,1294.7817,0.99355227
1813.9429,1306.8191,1827.2275,1294.2545,0.95787597
1833.4476,1306.8191,1847.6857,1294.3541,0.9835621
1872.4573,1306.8191,1886.5186,1295.3373,0.9942188
1891.962,1306.8191,1905.7538,1294.8593,0.94053096
1930.9716,1306.8191,1943.2566,1296.0325,0.6766135
1950.4763,1306.8191,1964.0167,1294.9536,0.80059737
1969.9811,1306.8191,1984.1096,1295.1023,0.875472
58.51429,1326.3239,71.88658,1311.5118,0.5711282
78.01905,1326.3239,91.10217,1310.938,0.78129774
97.52381,1326.3239,112.610504,1312.1185,0.9797359
117.02858,1326.3239,130.72937,1311.0132,0.9919071
136.53334,1326.3239,151.19803,1310.6465,0.9918971
156.0381,1326.3239,170.39915,1310.7043,0.9257827
175.54286,1326.3239,189.25288,1311.434,0.95839196
195.04762,1326.3239,208.91614,1310.197,0.9819351
214.55238,1326.3239,226.99329,1310.572,0.9872827
234.05716,1326.3239,247.76385,1311.1597,0.99521565
253.56192,1326.3239,267.41718,1310.9097,0.9965907
273.06668,1326.3239,286.76755,1311.073,0.98543483
292.57144,1326.3239,305.66452,1310.684,0.9860186
312.0762,1326.3239,325.41534,1310.7786,0.88209665
331.58096,1326.3239,343.72452,1312.2097,0.4101911
351.08572,1326.3239,362.99835,1311.5656,0.46188045
370.59048,1326.3239,382.40634,1311.2905,0.48618945
390.09525,1326.3239,403.3134,1311.186,0.6806883
409.6,1326.3239,421.87598,1311.0358,0.705581
429.10477,1326.3239,441.51056,1310.8612,0.46701223
448.60953,1326.3239,461.01892,1310.9216,0.8526091
468.11432,1326.3239,481.25668,1311.2119,0.8140397
487.61908,1326.3239,500.0996,1310.4463,0.83034945
507.12384,1326.3239,519.8835,1311.453,0.9825669
526.6286,1326.3239,539.9589,1311.6571,0.91643006
546.13336,1326.3239,558.5306,1310.8258,0.7539783
585.1429,1326.3239,598.26337,1311.3584,0.86780673
604.64764,1326.3239,616.49725,1311.6144,0.98327565
624.1524,1326.3239,636.84625,1311.4543,0.981228
643.65717,1326.3239,655.67303,1311.6626,0.978753
663.1619,1326.3239,675.9787,1311.919,0.9512662
682.6667,1326.3239,694.24695,1311.9481,0.9908916
702.17145,1326.3239,714.04095,1311.8829,0.9853138
721.6762,1326.3239,733.6499,1311.3334,0.97437525
741.18097,1326.3239,753.7713,1311.7266,0.95732504
760.6857,1326.3239,772.592,1311.6378,0.9918218
780.1905,1326.3239,792.5975,1311.5148,0.98469716
799.69525,1326.3239,812.2545,1311.9852,0.9744549
819.2,1326.3239,831.22076,1311.7996,0.97136724
838.7048,1326.3239,852.512,1312.01,0.961474
858.20953,1326.3239,870.6765,1311.66,0.6981803
877.7143,1326.3239,890.2778,1312.2599,0.6652572
897.21906,1326.3239,909.6462,1312.1758,0.2824119
916.7238,1326.3239,929.8976,1312.2136,0.90852195
936.22864,1326.3239,948.3661,1312.0057,0.9426955
955.7334,1326.3239,967.6384,1311.5464,0.913569
975.23816,1326.3239,987.36194,1311.9966,0.86513114
994.7429,1326.3239,1006.7213,1311.6929,0.9633788
1014.2477,1326.3239,1027.9438,1311.7743,0.97159535
1033.7524,1326.3239,1046.0481,1312.0037,0.7919394
1053.2572,1326.3239,1066.5364,1312.2953,0.93134433
1072.762,1326.3239,1084.9053,1311.633,0.95076275
1092.2667,1326.3239,1105.1946,1312.1002,0.82210386
1111.7715,1326.3239,1124.8179,1312.5792,0.89569867
1131.2762,1326.3239,1144.0659,1312.7777,0.9867235
1150.781,1326.3239,1163.4032,1312.3623,0.96771777
1170.2858,1326.3239,1183.3878,1312.0977,0.5087944
1189.7905,1326.3239,1202.314,1311.9696,0.84850365
1209.2953,1326.3239,1222.1487,1312.8834,0.8569591
1228.8,1326.3239,1240.9728,1312.4211,0.88236123
1248.3048,1326.3239,1261.5658,1312.2563,0.94658256
1267.8096,1326.3239,1283.2966,1312.6096,0.9657912
1306.8191,1326.3239,1321.0374,1312.5594,0.6700828
1326.3239,1326.3239,1339.235,1312.5779,0.9803397
1345.8286,1326.3239,1360.0366,1312.8036,0.99204516
1365.3334,1326.3239,1379.2319,1312.9183,0.99405134
1384.8381,1326.3239,1397.9208,1312.6886,0.9988046
1404.3429,1326.3239,1417.1381,1313.0729,0.99574584
1423.8477,1326.3239,1436.4537,1313.2397,0.9794004
1443.3524,1326.3239,1455.6711,1314.122,0.89700955
1462.8572,1326.3239,1475.3533,1314.0569,0.9474517
1482.3619,1326.3239,1494.8936,1312.645,0.9765635
1501.8667,1326.3239,1515.4154,1314.0331,0.9209459
1521.3715,1326.3239,1535.6738,1313.5199,0.7307732
1540.8762,1326.3239,1555.0466,1313.4956,0.9362056
1560.381,1326.3239,1573.9027,1313.1653,0.85400015
1579.8857,1326.3239,1592.8612,1314.1619,0.9309282
1599.3905,1326.3239,1614.6389,1313.8226,0.99264365
1618.8953,1326.3239,1633.8423,1314.1003,0.9954555
1677.4095,1326.3239,1689.3247,1314.5299,0.9902911
1696.9143,1326.3239,1709.9569,1315.0604,0.9567023
1716.4191,1326.3239,1729.9669,1313.7621,0.88376737
1735.9238,1326.3239,1750.6324,1313.4325,0.9423156
1755.4286,1326.3239,1769.8691,1313.9137,0.91313887
1794.4381,1326.3239,1808.2701,1314.4103,0.95866466
1813.9429,1326.3239,1827.9175,1313.6749,0.9693256
1833.4476,1326.3239,1846.5952,1314.1974,0.96351504
1852.9524,1326.3239,1867.247,1313.8496,0.9920582
1891.962,1326.3239,1906.7651,1314.2014,0.9794523
1911.4668,1326.3239,1925.9214,1315.0201,0.90600246
1930.9716,1326.3239,1945.1235,1314.7701,0.75625294
1950.4763,1326.3239,1964.7618,1314.6636,0.72368085
1969.9811,1326.3239,1985.0049,1314.8326,0.55060995
39.009525,1345.8286,52.181293,1330.2883,0.24614519
58.51429,1345.8286,70.298935,1329.5002,0.45007026
78.01905,1345.8286,91.41142,1330.8489,0.7035758
97.52381,1345.8286,111.69128,1331.9434,0.86294377
117.02858,1345.8286,130.56874,1330.4562,0.9774571
136.53334,1345.8286,150.20213,1330.5645,0.9841855
156.0381,1345.8286,168.82793,1329.5448,0.9791974
175.54286,1345.8286,189.36191,1329.8895,0.9748263
195.04762,1345.8286,208.29831,1329.0784,0.9461067
214.55238,1345.8286,227.90128,1329.539,0.9540121
234.05716,1345.8286,246.07806,1330.5892,0.97712415
253.56192,1345.8286,266.40048,1330.2186,0.9663567
273.06668,1345.8286,286.4638,1329.8682,0.9803176
292.57144,1345.8286,305.75458,1331.071,0.9643659
312.0762,1345.8286,324.98767,1330.8824,0.9870681
331.58096,1345.8286,343.77847,1330.8324,0.9275614
351.08572,1345.8286,363.34134,1330.101,0.8968517
370.59048,1345.8286,382.71246,1330.4901,0.8146423
390.09525,1345.8286,403.68427,1330.4934,0.8857806
409.6,1345.8286,422.30298,1330.0017,0.8570026
429.10477,1345.8286,441.53677,1330.4237,0.9394488
448.60953,1345.8286,461.23007,1330.7756,0.90265286
468.11432,1345.8286,481.0271,1331.2069,0.87958676
487.61908,1345.8286,501.27756,1330.554,0.96115804
507.12384,1345.8286,520.35754,1330.3103,0.9215467
526.6286,1345.8286,538.59576,1330.0612,0.9164318
546.13336,1345.8286,559.41675,1330.4713,0.8185871
565.6381,1345.8286,578.432,1330.5911,0.9190472
585.1429,1345.8286,597.71686,1330.9951,0.9058524
604.64764,1345.8286,617.5741,1331.0814,0.916382
624.1524,1345.8286,636.3199,1331.2577,0.77613956
643.65717,1345.8286,656.9052,1331.5894,0.9062249
663.1619,1345.8286,675.145,1331.075,0.9718067
682.6667,1345.8286,695.67035,1331.3455,0.9937293
702.17145,1345.8286,714.75183,1331.5,0.99358225
721.6762,1345.8286,734.1698,1331.2031,0.96536994
741.18097,1345.8286,754.0417,1331.459,0.99530035
760.6857,1345.8286,773.58575,1331.5114,0.97917455
780.1905,1345.8286,791.5345,1331.2008,0.9493029
799.69525,1345.8286,812.28406,1330.7856,0.9477739
819.2,1345.8286,832.15826,1331.9774,0.71197915
838.7048,1345.8286,851.8433,1331.5289,0.80882996
858.20953,1345.8286,871.2257,1330.8945,0.9040136
877.7143,1345.8286,889.5212,1331.4895,0.92620254
897.21906,1345.8286,909.74146,1331.0386,0.4705558
916.7238,1345.8286,929.7618,1331.8883,0.79378694
936.22864,1345.8286,949.77185,1331.5054,0.7691011
955.7334,1345.8286,969.2358,1332.2222,0.92711234
975.23816,1345.8286,988.4468,1331.4795,0.9889307
994.7429,1345.8286,1007.3736,1331.5646,0.975409
1014.2477,1345.8286,1026.6489,1331.866,0.9832245
1033.7524,1345.8286,1047.9602,1331.6036,0.9441142
1053.2572,1345.8286,1066.8406,1332.3237,0.6537177
1072.762,1345.8286,1087.3959,1331.4099,0.95609045
1092.2667,1345.8286,1105.6543,1331.9713,0.93740803
1111.7715,1345.8286,1126.2592,1331.4917,0.99008447
1131.2762,1345.8286,1143.4475,1331.7795,0.9875561
1150.781,1345.8286,1162.7727,1331.262,0.9933347
1170.2858,1345.8286,1183.0819,1331.548,0.62219524
1189.7905,1345.8286,1202.6797,1331.185,0.39707568
1209.2953,1345.8286,1221.2649,1331.804,0.8007277
1228.8,1345.8286,1243.0443,1332.2151,0.9702826
1248.3048,1345.8286,1262.1096,1331.8966,0.9711723
1287.3143,1345.8286,1301.4027,1331.7336,0.94010687
1306.8191,1345.8286,1320.2024,1332.6401,0.81647354
1326.3239,1345.8286,1338.3882,1332.9426,0.90432066
1345.8286,1345.8286,1358.4205,1332.0269,0.97409815
1365.3334,1345.8286,1377.6459,1332.4672,0.91345704
1384.8381,1345.8286,1398.4949,1332.6399,0.9911189
1404.3429,1345.8286,1417.8108,1333.5977,0.87320596
1423.8477,1345.8286,1436.5883,1332.5221,0.96698713
1443.3524,1345.8286,1455.6033,1331.6719,0.95161605
1462.8572,1345.8286,1476.9937,1333.0011,0.83880544
1482.3619,1345.8286,1496.4923,1333.786,0.95321196
1501.8667,1345.8286,1516.4333,1333.8162,0.8899793
1521.3715,1345.8286,1536.3176,1333.433,0.84772044
1540.8762,1345.8286,1554.4739,1332.4926,0.9322325
1560.381,1345.8286,1573.1886,1333.6669,0.83567846
1579.8857,1345.8286,1593.9913,1332.7805,0.8622754
1599.3905,1345.8286,1613.596,1334.4071,0.9084947
1618.8953,1345.8286,1633.2301,1333.9772,0.98058355
1638.4,1345.8286,1651.8793,1334.1497,0.9949303
1657.9048,1345.8286,1672.0831,1335.4839,0.98313355
1677.4095,1345.8286,1691.1934,1333.0886,0.9709184
1696.9143,1345.8286,1709.7668,1332.718,0.9791629
1716.4191,1345.8286,1729.208,1334.2606,0.8569486
1735.9238,1345.8286,1750.8484,1334.3014,0.93933034
1755.4286,1345.8286,1768.6349,1332.6709,0.9544807
1774.9333,1345.8286,1788.4202,1333.4524,0.9825938
1794.4381,1345.8286,1808.1145,1332.6683,0.97186726
1813.9429,1345.8286,1827.7557,1333.7667,0.9583812
1833.4476,1345.8286,1847.6892,1333.2734,0.98790777
1852.9524,1345.8286,1866.0818,1334.2274,0.99128914
1872.4573,1345.8286,1886.7423,1333.3707,0.981102
1891.962,1345.8286,1906.0463,1333.4094,0.9774459
1930.9716,1345.8286,1944.087,1333.1571,0.87808377
1950.4763,1345.8286,1963.7189,1334.336,0.5645925
1969.9811,1345.8286,1983.8065,1334.1393,0.4183141
58.51429,1365.3334,73.00716,1350.4237,0.3614032
78.01905,1365.3334,92.0681,1349.7335,0.60956323
97.52381,1365.3334,110.61768,1349.9583,0.8457063
117.02858,1365.3334,129.08315,1349.6714,0.9767265
136.53334,1365.3334,150.36467,1349.7545,0.9510051
156.0381,1365.3334,170.25992,1348.8533,0.97103554
175.54286,1365.3334,190.14735,1348.4225,0.9805433
195.04762,1365.3334,208.71912,1350.3585,0.9590049
214.55238,1365.3334,227.51222,1350.237,0.9789308
234.05716,1365.3334,247.35358,1349.2925,0.9844601
253.56192,1365.3334,267.02652,1349.652,0.97746646
273.06668,1365.3334,285.6249,1349.5963,0.97164035
292.57144,1365.3334,305.11435,1350.9188,0.98795605
312.0762,1365.3334,326.06143,1349.8448,0.9971034
331.58096,1365.3334,343.37354,1350.1948,0.96668756
351.08572,1365.3334,363.64868,1350.1323,0.6794658
370.59048,1365.3334,384.33844,1349.8019,0.8070547
390.09525,1365.3334,402.62152,1349.4849,0.95846844
409.6,1365.3334,421.1902,1350.4005,0.9376854
429.10477,1365.3334,441.70184,1349.9163,0.87697
448.60953,1365.3334,460.80408,1351.0547,0.9650963
468.11432,1365.3334,481.53738,1350.9323,0.97624314
487.61908,1365.3334,500.05737,1351.1492,0.9610972
507.12384,1365.3334,518.94885,1350.4427,0.8770551
526.6286,1365.3334,538.461,1350.3016,0.96449405
546.13336,1365.3334,560.10767,1350.7805,0.99372834
565.6381,1365.3334,579.5211,1350.2512,0.9822989
585.1429,1365.3334,598.766,1350.654,0.98324907
604.64764,1365.3334,617.1279,1350.831,0.96984243
624.1524,1365.3334,636.79736,1350.6119,0.9477253
643.65717,1365.3334,655.84985,1350.4929,0.9764486
663.1619,1365.3334,675.4315,1350.6049,0.96753675
682.6667,1365.3334,694.59485,1351.1858,0.9141508
702.17145,1365.3334,713.56726,1350.7188,0.9863494
721.6762,1365.3334,733.3473,1351.1697,0.990205
741.18097,1365.3334,753.6097,1350.5839,0.97209007
760.6857,1365.3334,772.301,1350.8134,0.77973765
780.1905,1365.3334,792.385,1350.8549,0.92892295
799.69525,1365.3334,811.253,1350.5837,0.9519075
819.2,1365.3334,830.80664,1350.8613,0.91456234
838.7048,1365.3334,851.16144,1350.4993,0.90277505
858.20953,1365.3334,872.0784,1351.513,0.8618921
877.7143,1365.3334,890.4548,1351.1099,0.9295548
897.21906,1365.3334,910.5296,1351.2211,0.9390044
916.7238,1365.3334,930.8977,1352.1215,0.56221807
936.22864,1365.3334,949.2795,1351.3063,0.7607557
955.7334,1365.3334,969.4991,1351.254,0.87029904
975.23816,1365.3334,988.8394,1351.1666,0.9935244
994.7429,1365.3334,1008.81476,1351.3861,0.8955409
1014.2477,1365.3334,1027.9022,1351.2975,0.93555737
1033.7524,1365.3334,1048.363,1350.9366,0.9873244
1053.2572,1365.3334,1067.2643,1350.7434,0.94420457
1072.762,1365.3334,1087.2932,1350.9934,0.7887962
1092.2667,1365.3334,1105.5114,1351.9923,0.94594556
1111.7715,1365.3334,1125.1144,1350.8794,0.99250394
1131.2762,1365.3334,1144.1199,1350.7499,0.9842715
1150.781,1365.3334,1165.1324,1351.383,0.99008465
1170.2858,1365.3334,1184.1064,1351.4388,0.8785062
1189.7905,1365.3334,1201.3918,1351.2384,0.41025954
1209.2953,1365.3334,1222.4929,1351.0255,0.6510577
1228.8,1365.3334,1242.0516,1351.1648,0.9844253
1248.3048,1365.3334,1261.7627,1352.706,0.9736643
1267.8096,1365.3334,1281.3082,1351.9161,0.99471104
1287.3143,1365.3334,1301.3892,1351.6112,0.9143549
1306.8191,1365.3334,1319.9408,1351.1919,0.62665087
1326.3239,1365.3334,1339.0366,1352.4751,0.92922145
1345.8286,1365.3334,1358.2283,1352.4656,0.9026973
1365.3334,1365.3334,1377.752,1351.7029,0.81035566
1384.8381,1365.3334,1397.5784,1351.8138,0.92349094
1404.3429,1365.3334,1416.7927,1351.428,0.94041204
1423.8477,1365.3334,1436.9739,1351.6017,0.992503
1443.3524,1365.3334,1456.9861,1351.4221,0.95704347
1462.8572,1365.3334,1477.9484,1352.6987,0.9454036
1482.3619,1365.3334,1494.6311,1353.0588,0.8328049
1501.8667,1365.3334,1513.7736,1353.819,0.9281589
1540.8762,1365.3334,1554.4911,1352.2352,0.9368618
1560.381,1365.3334,1573.8408,1352.125,0.9473615
1579.8857,1365.3334,1593.9324,1352.4526,0.8919838
1599.3905,1365.3334,1614.6768,1352.8912,0.9953468
1638.4,1365.3334,1652.4592,1351.629,0.9839874
1657.9048,1365.3334,1673.6815,1354.3307,0.9956664
1677.4095,1365.3334,1691.0767,1353.3376,0.990433
1696.9143,1365.3334,1709.2515,1352.4719,0.984325
1716.4191,1365.3334,1729.1621,1354.2391,0.7854089
1735.9238,1365.3334,1749.605,1353.5237,0.91549826
1755.4286,1365.3334,1769.0681,1352.4307,0.9476686
1774.9333,1365.3334,1788.5105,1353.6979,0.93483186
1794.4381,1365.3334,1808.8842,1353.5261,0.853668
1833.4476,1365.3334,1846.6289,1352.2472,0.95927453
1872.4573,1365.3334,1886.1892,1352.705,0.9809109
1891.962,1365.3334,1906.2451,1353.3499,0.9723001
1911.4668,1365.3334,1925.425,1352.8352,0.93681866
1930.9716,1365.3334,1944.3113,1352.5128,0.8581839
1950.4763,1365.3334,1962.9214,1353.518,0.6329545
1969.9811,1365.3334,1983.2924,1353.7349,0.5502508
78.01905,1384.8381,92.08087,1368.4019,0.72671735
97.52381,1384.8381,111.480316,1369.0392,0.920077
117.02858,1384.8381,129.88309,1369.5321,0.9909254
136.53334,1384.8381,148.68112,1369.7312,0.9814065
156.0381,1384.8381,170.3738,1368.8304,0.9895423
175.54286,1384.8381,189.63751,1367.9427,0.99323606
195.04762,1384.8381,207.38846,1369.1826,0.96797395
214.55238,1384.8381,228.03296,1369.7058,0.99358106
234.05716,1384.8381,247.38197,1368.8911,0.9726208
253.56192,1384.8381,265.91068,1369.2869,0.9758765
273.06668,1384.8381,285.83762,1370.1488,0.99071527
292.57144,1384.8381,304.72394,1369.8567,0.98643845
312.0762,1384.8381,325.5494,1368.9325,0.995917
331.58096,1384.8381,344.40234,1369.0013,0.9514396
351.08572,1384.8381,363.55746,1369.3137,0.81274426
370.59048,1384.8381,382.4155,1368.957,0.8917669
390.09525,1384.8381,403.27127,1369.4688,0.953274
409.6,1384.8381,421.9111,1369.9357,0.95077294
429.10477,1384.8381,441.40347,1369.738,0.75066364
448.60953,1384.8381,460.28085,1369.9473,0.6420915
468.11432,1384.8381,480.6378,1370.2091,0.9095285
487.61908,1384.8381,500.34686,1370.0686,0.7827269
507.12384,1384.8381,519.5908,1369.8512,0.78430283
526.6286,1384.8381,538.29706,1369.9943,0.9856574
546.13336,1384.8381,560.5137,1369.7985,0.9958453
565.6381,1384.8381,579.36633,1369.9149,0.99236584
585.1429,1384.8381,597.69934,1369.6526,0.9719125
604.64764,1384.8381,617.2224,1370.214,0.9724834
624.1524,1384.8381,637.63745,1370.4086,0.9778872
643.65717,1384.8381,657.65784,1370.3661,0.98492193
663.1619,1384.8381,677.2377,1370.0458,0.8276161
682.6667,1384.8381,696.3887,1370.1857,0.95647657
702.17145,1384.8381,714.7926,1370.264,0.97863775
721.6762,1384.8381,733.6172,1369.8268,0.7649671
741.18097,1384.8381,753.7442,1370.4216,0.7769274
760.6857,1384.8381,772.7758,1370.5061,0.70399755
780.1905,1384.8381,792.25244,1370.4286,0.93744385
799.69525,1384.8381,812.4744,1370.7319,0.92808115
819.2,1384.8381,831.6587,1370.4291,0.9875085
838.7048,1384.8381,851.3818,1370.7953,0.9413358
858.20953,1384.8381,870.4907,1370.3129,0.9601648
877.7143,1384.8381,889.829,1370.567,0.9753874
897.21906,1384.8381,909.6448,1370.2625,0.98595506
916.7238,1384.8381,929.71295,1370.972,0.75907606
936.22864,1384.8381,949.1861,1370.7482,0.9011155
955.7334,1384.8381,968.5827,1370.7689,0.98114336
975.23816,1384.8381,987.81854,1370.6077,0.9421784
994.7429,1384.8381,1007.3646,1370.7639,0.5800633
1014.2477,1384.8381,1026.8163,1370.3059,0.8421843
1033.7524,1384.8381,1049.0387,1370.9181,0.98059756
1053.2572,1384.8381,1065.4243,1370.2845,0.9355891
1072.762,1384.8381,1087.2981,1370.4923,0.92633015
1092.2667,1384.8381,1106.73,1370.9354,0.91138405
1111.7715,1384.8381,1125.5342,1370.4502,0.96387154
1131.2762,1384.8381,1144.7117,1370.682,0.83346546
1150.781,1384.8381,1165.1204,1371.3599,0.96453166
1170.2858,1384.8381,1184.7886,1372.6982,0.9204434
1189.7905,1384.8381,1202.5085,1371.4489,0.8977562
1209.2953,1384.8381,1222.0818,1371.7897,0.8218845
1228.8,1384.8381,1241.8462,1371.1549,0.9287099
1248.3048,1384.8381,1262.1316,1370.7365,0.9960013
1267.8096,1384.8381,1282.0715,1371.0212,0.93509513
1287.3143,1384.8381,1301.7917,1371.6166,0.93805325
1306.8191,1384.8381,1320.0752,1371.1932,0.9072744
1326.3239,1384.8381,1339.5117,1372.2878,0.9807349
1345.8286,1384.8381,1359.063,1371.2731,0.9711037
1365.3334,1384.8381,1378.735,1370.6818,0.94213307
1384.8381,1384.8381,1397.397,1370.9685,0.95430344
1404.3429,1384.8381,1415.892,1371.2317,0.994012
1423.8477,1384.8381,1436.783,1371.8845,0.9912778
1443.3524,1384.8381,1456.878,1371.3362,0.9916537
1462.8572,1384.8381,1477.2638,1371.9706,0.9882501
1482.3619,1384.8381,1494.777,1372.9459,0.9741356
1501.8667,1384.8381,1515.552,1371.5648,0.9936875
1521.3715,1384.8381,1535.4092,1371.5758,0.99420905
1540.8762,1384.8381,1554.6321,1372.0778,0.9757459
1560.381,1384.8381,1573.7797,1371.9008,0.9808578
1579.8857,1384.8381,1594.5342,1371.2538,0.7710064
1599.3905,1384.8381,1614.0641,1372.8508,0.9452585
1618.8953,1384.8381,1633.0664,1372.2313,0.99763286
1638.4,1384.8381,1650.69,1371.4224,0.9724815
1657.9048,1384.8381,1671.184,1373.7136,0.9421902
1677.4095,1384.8381,1690.5687,1372.9712,0.99460787
1696.9143,1384.8381,1709.7784,1372.1881,0.9822013
1716.4191,1384.8381,1729.096,1372.305,0.8546543
1735.9238,1384.8381,1748.9999,1373.095,0.9573678
1755.4286,1384.8381,1769.1283,1372.5725,0.9728703
1774.9333,1384.8381,1789.6335,1373.4001,0.85018635
1794.4381,1384.8381,1808.097,1373.2643,0.786362
1833.4476,1384.8381,1847.0502,1373.0336,0.4708749
1852.9524,1384.8381,1866.704,1372.8933,0.86989504
1872.4573,1384.8381,1886.7719,1373.1562,0.942544
1891.962,1384.8381,1905.5199,1373.296,0.7910019
1911.4668,1384.8381,1924.9095,1372.6418,0.7059923
1930.9716,1384.8381,1945.4031,1372.8893,0.88649654
1950.4763,1384.8381,1964.4542,1372.3528,0.88789046
58.51429,1404.3429,73.38891,1388.8436,0.91222775
78.01905,1404.3429,92.094765,1387.7203,0.87479836
97.52381,1404.3429,111.24956,1387.826,0.96281266
117.02858,1404.3429,130.19775,1389.2716,0.9895782
136.53334,1404.3429,150.15141,1389.4374,0.9948264
156.0381,1404.3429,169.16307,1389.0033,0.9962081
175.54286,1404.3429,188.31549,1388.8308,0.9971269
195.04762,1404.3429,208.16583,1388.701,0.9870291
214.55238,1404.3429,228.12268,1387.6575,0.99340355
234.05716,1404.3429,247.04315,1389.2068,0.99129593
253.56192,1404.3429,267.09943,1388.9923,0.9855629
273.06668,1404.3429,286.71194,1389.2352,0.98659354
292.57144,1404.3429,305.12173,1389.3157,0.9922183
312.0762,1404.3429,323.78192,1389.4142,0.9854613
331.58096,1404.3429,344.1139,1389.6565,0.96009755
351.08572,1404.3429,363.8437,1388.7273,0.9841765
370.59048,1404.3429,382.38092,1389.2043,0.95479625
390.09525,1404.3429,403.19638,1389.418,0.9930493
409.6,1404.3429,422.3182,1389.848,0.9813261
429.10477,1404.3429,441.7223,1389.4697,0.7360055
448.60953,1404.3429,460.34955,1389.2314,0.9593079
468.11432,1404.3429,480.77832,1389.3223,0.9797649
487.61908,1404.3429,500.88583,1389.8943,0.98556995
507.12384,1404.3429,520.22284,1389.7266,0.9197338
526.6286,1404.3429,538.17267,1389.6395,0.93042517
546.13336,1404.3429,559.8389,1389.186,0.99180174
565.6381,1404.3429,580.126,1388.9194,0.9868728
585.1429,1404.3429,598.21594,1389.7272,0.96108013
604.64764,1404.3429,617.6573,1389.4541,0.85243237
624.1524,1404.3429,637.60596,1389.747,0.86122745
643.65717,1404.3429,655.80597,1389.4886,0.9421649
663.1619,1404.3429,676.27264,1390.0854,0.90963644
682.6667,1404.3429,696.7318,1390.0996,0.9671643
702.17145,1404.3429,716.70074,1390.171,0.9813139
721.6762,1404.3429,734.77094,1389.5942,0.9273679
741.18097,1404.3429,752.4975,1390.3209,0.92440933
760.6857,1404.3429,772.83514,1390.2972,0.93639606
780.1905,1404.3429,793.39496,1389.679,0.7874339
799.69525,1404.3429,811.8236,1389.6128,0.74605227
819.2,1404.3429,831.922,1389.7422,0.7904266
838.7048,1404.3429,851.7982,1389.6498,0.6960335
858.20953,1404.3429,869.68805,1389.539,0.4736469
877.7143,1404.3429,890.8598,1389.8055,0.95040476
897.21906,1404.3429,909.6883,1389.914,0.9633964
916.7238,1404.3429,930.0123,1390.6885,0.9284743
936.22864,1404.3429,949.51117,1390.2286,0.95576257
955.7334,1404.3429,968.4242,1389.9613,0.8985086
975.23816,1404.3429,986.5493,1389.8624,0.90001065
994.7429,1404.3429,1006.2686,1390.3795,0.60296965
1014.2477,1404.3429,1026.8842,1390.13,0.6802919
1033.7524,1404.3429,1046.7495,1390.2172,0.98586315
1053.2572,1404.3429,1066.3418,1390.5286,0.94131774
1072.762,1404.3429,1086.0371,1390.8379,0.7364211
1092.2667,1404.3429,1107.3811,1390.6936,0.9258448
1131.2762,1404.3429,1146.1895,1390.5618,0.5811801
1150.781,1404.3429,1166.1735,1390.9448,0.89177406
1170.2858,1404.3429,1185.2362,1391.0187,0.9363162
1189.7905,1404.3429,1203.6001,1390.2686,0.95993096
1209.2953,1404.3429,1223.1366,1390.7834,0.94864196
1228.8,1404.3429,1242.3267,1390.3433,0.9756361
1248.3048,1404.3429,1260.5984,1390.4895,0.97610587
1267.8096,1404.3429,1281.8992,1390.0978,0.86176866
1287.3143,1404.3429,1301.3329,1389.9072,0.7960529
1306.8191,1404.3429,1319.0472,1390.9637,0.46914622
1326.3239,1404.3429,1339.2343,1390.8945,0.84630084
1345.8286,1404.3429,1358.1671,1390.5997,0.8075717
1365.3334,1404.3429,1378.3173,1391.5919,0.8571444
1384.8381,1404.3429,1398.4229,1390.2251,0.9876156
1404.3429,1404.3429,1416.7639,1390.4008,0.9876874
1423.8477,1404.3429,1436.035,1392.0146,0.9853783
1443.3524,1404.3429,1456.8007,1391.6663,0.99159735
1462.8572,1404.3429,1476.0726,1391.8114,0.9875056
1482.3619,1404.3429,1495.3833,1391.1965,0.9687132
1501.8667,1404.3429,1515.7899,1390.9305,0.98377824
1521.3715,1404.3429,1536.5131,1390.9841,0.9942975
1540.8762,1404.3429,1555.1185,1390.7045,0.9857778
1560.381,1404.3429,1574.2166,1391.7776,0.93639773
1579.8857,1404.3429,1594.7578,1391.7339,0.6847253
1599.3905,1404.3429,1612.5283,1391.3787,0.8478509
1618.8953,1404.3429,1632.0956,1391.469,0.9459309
1638.4,1404.3429,1651.0024,1391.592,0.98918474
1657.9048,1404.3429,1671.2604,1392.7517,0.9624059
1677.4095,1404.3429,1689.6608,1391.7819,0.81461996
1696.9143,1404.3429,1709.4412,1391.593,0.9785671
1716.4191,1404.3429,1730.2069,1391.6746,0.9202701
1735.9238,1404.3429,1749.3846,1392.516,0.9863043
1755.4286,1404.3429,1768.3436,1392.382,0.989919
1774.9333,1404.3429,1788.1938,1392.4438,0.84844816
1794.4381,1404.3429,1807.7109,1392.4744,0.8294038
1813.9429,1404.3429,1826.6832,1392.2767,0.644336
1833.4476,1404.3429,1847.5431,1391.9833,0.925907
1852.9524,1404.3429,1866.3761,1392.3276,0.8332326
1872.4573,1404.3429,1885.5554,1392.9712,0.45985582
1891.962,1404.3429,1904.6699,1392.3394,0.7129936
1911.4668,1404.3429,1926.5298,1392.3992,0.49587446
1930.9716,1404.3429,1946.3235,1392.9282,0.6886479
1950.4763,1404.3429,1964.3547,1391.6831,0.6910251
1969.9811,1404.3429,1984.4998,1392.2241,0.8504795
39.009525,1423.8477,51.593605,1408.6782,0.5719834
58.51429,1423.8477,72.77494,1407.6036,0.8119604
78.01905,1423.8477,90.8196,1406.1384,0.8967526
97.52381,1423.8477,110.657745,1408.7548,0.98453087
117.02858,1423.8477,130.24602,1409.3722,0.9937573
136.53334,1423.8477,150.70282,1409.1157,0.999276
156.0381,1423.8477,169.59454,1408.4971,0.9978009
175.54286,1423.8477,188.20251,1408.8381,0.9950388
195.04762,1423.8477,207.91724,1407.4844,0.98518926
214.55238,1423.8477,228.87833,1408.2247,0.99399763
234.05716,1423.8477,247.43842,1408.0746,0.9836273
253.56192,1423.8477,266.76944,1408.8718,0.9914344
273.06668,1423.8477,286.9852,1410.1907,0.996175
292.57144,1423.8477,305.90955,1409.3801,0.9865537
312.0762,1423.8477,324.0659,1408.8019,0.9943146
331.58096,1423.8477,343.82184,1408.8173,0.9719363
351.08572,1423.8477,364.13937,1407.9027,0.81886107
370.59048,1423.8477,383.85196,1408.3707,0.89489156
390.09525,1423.8477,404.5191,1409.336,0.99494296
409.6,1423.8477,423.1,1409.5203,0.98916036
429.10477,1423.8477,442.06186,1409.0347,0.9565984
448.60953,1423.8477,462.10086,1409.1378,0.97189534
468.11432,1423.8477,482.00946,1408.9873,0.9918355
487.61908,1423.8477,500.4478,1409.4235,0.99781144
507.12384,1423.8477,519.2532,1409.2296,0.9493039
526.6286,1423.8477,538.67523,1409.6565,0.80127245
546.13336,1423.8477,559.3194,1409.1763,0.9572282
565.6381,1423.8477,580.4661,1409.3047,0.9310785
585.1429,1423.8477,600.7981,1408.7435,0.6366465
604.64764,1423.8477,617.3381,1409.0746,0.8314972
624.1524,1423.8477,636.241,1409.8671,0.6731896
643.65717,1423.8477,655.2626,1409.0299,0.8336509
682.6667,1423.8477,698.42444,1408.4036,0.9526751
702.17145,1423.8477,714.9485,1409.5378,0.84117603
721.6762,1423.8477,735.03784,1409.1449,0.4727241
741.18097,1423.8477,754.0018,1408.9572,0.673662
760.6857,1423.8477,772.62445,1408.8411,0.8018391
780.1905,1423.8477,793.17615,1408.8741,0.4225232
799.69525,1423.8477,811.26764,1409.007,0.6263406
819.2,1423.8477,831.28894,1409.423,0.89068305
838.7048,1423.8477,851.5767,1409.4224,0.8572466
858.20953,1423.8477,870.51355,1409.3207,0.9589412
877.7143,1423.8477,890.5296,1409.4896,0.98856574
897.21906,1423.8477,910.2404,1409.3319,0.99520046
916.7238,1423.8477,929.70996,1409.6338,0.9660234
936.22864,1423.8477,948.58405,1409.2517,0.9890521
955.7334,1423.8477,969.0619,1409.6334,0.98255986
975.23816,1423.8477,987.1492,1409.4337,0.9453254
994.7429,1423.8477,1006.2045,1409.7421,0.38207436
1014.2477,1423.8477,1026.6349,1409.6534,0.90877163
1033.7524,1423.8477,1047.3115,1409.4058,0.98081636
1053.2572,1423.8477,1066.9229,1409.6589,0.9716007
1072.762,1423.8477,1085.8049,1410.6599,0.9715975
1092.2667,1423.8477,1105.837,1409.5393,0.6882285
1111.7715,1423.8477,1126.2208,1409.5292,0.40394992
1131.2762,1423.8477,1146.0258,1410.6655,0.6486851
1150.781,1423.8477,1165.2788,1410.485,0.88101804
1170.2858,1423.8477,1184.0625,1409.8723,0.9525623
1189.7905,1423.8477,1203.0771,1409.9187,0.9715575
1209.2953,1423.8477,1221.8633,1410.1046,0.95015943
1228.8,1423.8477,1241.068,1409.6019,0.8929845
1248.3048,1423.8477,1261.068,1410.6039,0.9439292
1267.8096,1423.8477,1280.512,1410.8743,0.6834284
1287.3143,1423.8477,1301.5919,1410.4371,0.8842673
1306.8191,1423.8477,1320.4536,1409.7017,0.7943669
1326.3239,1423.8477,1338.7687,1411.2573,0.84921515
1345.8286,1423.8477,1358.4218,1410.0652,0.5933811
1365.3334,1423.8477,1378.3497,1410.4558,0.78010666
1384.8381,1423.8477,1397.2264,1409.8293,0.9689668
1404.3429,1423.8477,1415.8528,1410.2642,0.9748048
1423.8477,1423.8477,1436.0166,1410.6194,0.978249
1443.3524,1423.8477,1455.7751,1410.9298,0.9852414
1462.8572,1423.8477,1476.6036,1410.4028,0.97870135
1482.3619,1423.8477,1496.8059,1410.6694,0.9949007
1501.8667,1423.8477,1515.9631,1411.1979,0.8796927
1521.3715,1423.8477,1535.9863,1410.956,0.48622823
1540.8762,1423.8477,1554.3496,1410.3373,0.80124426
1560.381,1423.8477,1573.5443,1412.2247,0.98553467
1579.8857,1423.8477,1593.6521,1411.677,0.9813702
1599.3905,1423.8477,1611.4288,1410.4526,0.97726464
1618.8953,1423.8477,1631.6636,1411.8998,0.779704
1638.4,1423.8477,1651.8582,1411.025,0.9454215
1657.9048,1423.8477,1671.4313,1410.8788,0.9212017
1677.4095,1423.8477,1691.1354,1411.8219,0.96690226
1696.9143,1423.8477,1710.4044,1411.7056,0.93914986
1716.4191,1423.8477,1730.3055,1411.7065,0.9439023
1735.9238,1423.8477,1750.6099,1411.4397,0.89747363
1755.4286,1423.8477,1769.4635,1411.928,0.9918231
1774.9333,1423.8477,1787.2526,1411.9961,0.93142277
1794.4381,1423.8477,1807.7739,1412.0251,0.79978573
1813.9429,1423.8477,1827.4601,1411.937,0.9017673
1833.4476,1423.8477,1847.5555,1411.3143,0.7657968
1852.9524,1423.8477,1866.7239,1412.52,0.65290534
1872.4573,1423.8477,1886.041,1411.6648,0.6413543
1891.962,1423.8477,1905.1919,1411.5901,0.7824832
1911.4668,1423.8477,1925.381,1412.0747,0.8523937
1930.9716,1423.8477,1944.6178,1412.8032,0.704438
39.009525,1443.3524,53.954487,1427.3231,0.43865055
58.51429,1443.3524,73.96413,1426.2013,0.6288375
78.01905,1443.3524,91.18818,1426.863,0.84581417
97.52381,1443.3524,110.89982,1427.6719,0.8533352
117.02858,1443.3524,130.56389,1428.0038,0.95171064
136.53334,1443.3524,150.38452,1427.6492,0.98171455
156.0381,1443.3524,170.09857,1428.5865,0.9447854
175.54286,1443.3524,191.46744,1428.7504,0.995585
195.04762,1443.3524,209.9785,1428.3234,0.9617516
234.05716,1443.3524,248.3533,1429.4299,0.9857937
253.56192,1443.3524,267.02136,1428.0446,0.99600786
273.06668,1443.3524,287.16064,1428.2948,0.99901927
292.57144,1443.3524,305.45224,1428.378,0.99776137
312.0762,1443.3524,326.5813,1428.0446,0.9879073
331.58096,1443.3524,343.48022,1427.6451,0.9846275
351.08572,1443.3524,363.30264,1427.6799,0.9599679
370.59048,1443.3524,383.7959,1427.8716,0.9335885
390.09525,1443.3524,402.8653,1428.9026,0.98900557
409.6,1443.3524,421.93066,1428.1724,0.9871668
429.10477,1443.3524,441.86917,1428.2261,0.98735255
448.60953,1443.3524,461.9189,1428.6915,0.99322766
468.11432,1443.3524,481.87302,1429.1038,0.9972124
487.61908,1443.3524,501.8576,1428.7991,0.9964927
507.12384,1443.3524,520.13464,1428.4238,0.9467246
526.6286,1443.3524,539.02325,1428.1758,0.8135416
546.13336,1443.3524,557.51465,1429.6255,0.9482397
565.6381,1443.3524,579.8001,1428.7743,0.97923523
585.1429,1443.3524,598.19763,1428.1045,0.9562586
604.64764,1443.3524,616.9171,1427.8756,0.93426925
624.1524,1443.3524,636.3684,1428.9264,0.90861034
643.65717,1443.3524,655.7481,1428.884,0.37441853
663.1619,1443.3524,677.59424,1428.3304,0.80943334
682.6667,1443.3524,694.8816,1428.6069,0.96299934
702.17145,1443.3524,716.0125,1428.1542,0.65261567
721.6762,1443.3524,735.67914,1428.6287,0.9051384
741.18097,1443.3524,753.7969,1429.1578,0.75530607
760.6857,1443.3524,771.36017,1428.574,0.80048525
780.1905,1443.3524,794.0743,1428.2081,0.8567212
799.69525,1443.3524,813.03735,1428.0018,0.6037131
819.2,1443.3524,832.3564,1428.6676,0.9687947
838.7048,1443.3524,851.7012,1428.7771,0.96560985
858.20953,1443.3524,873.4626,1429.5212,0.9849084
897.21906,1443.3524,908.9252,1429.2144,0.97893924
916.7238,1443.3524,930.2082,1428.7621,0.9596601
936.22864,1443.3524,948.8477,1429.2853,0.99287087
955.7334,1443.3524,970.16943,1428.9891,0.99603206
975.23816,1443.3524,986.9746,1428.6709,0.86003995
994.7429,1443.3524,1007.5148,1429.3958,0.46146896
1014.2477,1443.3524,1027.2955,1430.4926,0.58897805
1033.7524,1443.3524,1046.0933,1428.7751,0.9207667
1053.2572,1443.3524,1067.5286,1429.5319,0.9843681
1072.762,1443.3524,1086.9352,1428.8468,0.95911276
1092.2667,1443.3524,1106.0919,1429.4795,0.6925792
1131.2762,1443.3524,1145.7921,1430.1724,0.9354383
1150.781,1443.3524,1163.5911,1430.1755,0.97498953
1170.2858,1443.3524,1184.1709,1429.9156,0.98372257
1189.7905,1443.3524,1203.1636,1429.7495,0.96082026
1209.2953,1443.3524,1223.2992,1429.2053,0.92108834
1228.8,1443.3524,1242.744,1428.7234,0.9152422
1248.3048,1443.3524,1260.9768,1429.6239,0.6978819
1267.8096,1443.3524,1280.555,1429.7695,0.29048878
1287.3143,1443.3524,1300.1337,1430.5343,0.7780958
1306.8191,1443.3524,1319.487,1430.451,0.773414
1326.3239,1443.3524,1338.7283,1430.6191,0.595302
1345.8286,1443.3524,1358.8604,1430.4701,0.57305545
1365.3334,1443.3524,1377.6401,1429.8456,0.85314333
1384.8381,1443.3524,1396.9249,1430.1036,0.95632285
1404.3429,1443.3524,1415.8341,1430.1537,0.96949345
1423.8477,1443.3524,1436.6215,1430.7347,0.9755031
1443.3524,1443.3524,1456.8219,1430.7328,0.9911856
1462.8572,1443.3524,1477.7908,1430.1782,0.99661535
1482.3619,1443.3524,1496.247,1429.7367,0.9966446
1501.8667,1443.3524,1515.5974,1430.7413,0.89655054
1521.3715,1443.3524,1535.566,1431.5441,0.6293065
1540.8762,1443.3524,1554.698,1431.5963,0.9134604
1560.381,1443.3524,1574.4553,1430.312,0.9416579
1579.8857,1443.3524,1593.8021,1429.9333,0.9131785
1599.3905,1443.3524,1612.3544,1430.3462,0.87814283
1618.8953,1443.3524,1631.723,1430.1288,0.9140324
1638.4,1443.3524,1651.6635,1430.7721,0.9581776
1657.9048,1443.3524,1671.8079,1430.0479,0.9347849
1677.4095,1443.3524,1690.7407,1430.1676,0.8905876
1696.9143,1443.3524,1711.2274,1430.9493,0.9005257
1716.4191,1443.3524,1730.3973,1431.7877,0.9467123
1735.9238,1443.3524,1751.0154,1430.9554,0.9210377
1755.4286,1443.3524,1769.7947,1432.0985,0.9853252
1774.9333,1443.3524,1788.8545,1432.3326,0.815878
1813.9429,1443.3524,1828.396,1430.9581,0.708757
1833.4476,1443.3524,1848.6493,1431.6343,0.91405404
1852.9524,1443.3524,1866.5078,1431.185,0.8852193
1872.4573,1443.3524,1886.4453,1431.904,0.8819344
1891.962,1443.3524,1904.4845,1430.6542,0.9498628
1911.4668,1443.3524,1925.1201,1430.6093,0.5110098
39.009525,1462.8572,51.544064,1447.7625,0.61453325
58.51429,1462.8572,70.360565,1446.353,0.37711513
78.01905,1462.8572,89.57892,1447.502,0.53336316
97.52381,1462.8572,110.97437,1446.2971,0.89269423
117.02858,1462.8572,130.35558,1447.9513,0.93406326
136.53334,1462.8572,148.9067,1447.7439,0.7719818
156.0381,1462.8572,169.15384,1447.3708,0.97746134
214.55238,1462.8572,230.61874,1448.112,0.99548084
234.05716,1462.8572,249.22026,1449.0673,0.9581965
253.56192,1462.8572,266.93103,1448.179,0.9671413
273.06668,1462.8572,288.00073,1447.8333,0.98430705
292.57144,1462.8572,305.1324,1447.517,0.9986979
312.0762,1462.8572,325.68127,1446.7612,0.9975728
331.58096,1462.8572,344.6336,1447.154,0.99466425
351.08572,1462.8572,363.42557,1447.7124,0.98782516
370.59048,1462.8572,383.2075,1448.016,0.9667196
390.09525,1462.8572,402.9238,1448.5785,0.9970437
409.6,1462.8572,423.1482,1448.1667,0.99571574
429.10477,1462.8572,442.61945,1447.453,0.9885798
448.60953,1462.8572,462.70422,1448.2133,0.99633545
468.11432,1462.8572,481.69867,1448.3906,0.9970627
487.61908,1462.8572,501.61502,1447.9323,0.996639
507.12384,1462.8572,520.6607,1448.2285,0.9963952
526.6286,1462.8572,538.7658,1448.1279,0.7992515
546.13336,1462.8572,558.77124,1448.1716,0.90650225
565.6381,1462.8572,577.56476,1447.9877,0.97549397
585.1429,1462.8572,598.97217,1446.8783,0.9429296
604.64764,1462.8572,617.52405,1447.5222,0.8116065
624.1524,1462.8572,636.24457,1448.8223,0.7342138
643.65717,1462.8572,656.0027,1448.2395,0.28453946
682.6667,1462.8572,697.0715,1447.2655,0.77006114
702.17145,1462.8572,717.02356,1448.434,0.508483
721.6762,1462.8572,736.2224,1447.9598,0.7786157
741.18097,1462.8572,753.1645,1447.9807,0.9871299
760.6857,1462.8572,772.98145,1448.5298,0.9367118
780.1905,1462.8572,793.7852,1448.989,0.9409985
819.2,1462.8572,832.0207,1447.7905,0.7773134
838.7048,1462.8572,851.5851,1447.9652,0.97984457
858.20953,1462.8572,873.20435,1448.2369,0.9859019
877.7143,1462.8572,893.0519,1448.9167,0.994114
897.21906,1462.8572,909.60956,1448.7533,0.99319583
916.7238,1462.8572,930.36255,1448.8301,0.99744767
936.22864,1462.8572,949.2146,1448.535,0.99749887
955.7334,1462.8572,969.34766,1449.1595,0.9880215
975.23816,1462.8572,988.5352,1448.2947,0.88592005
994.7429,1462.8572,1007.55646,1448.6832,0.89986116
1014.2477,1462.8572,1027.6097,1449.1351,0.37562695
1033.7524,1462.8572,1046.431,1448.8007,0.61432284
1053.2572,1462.8572,1065.5741,1448.7347,0.9372549
1072.762,1462.8572,1085.8157,1448.79,0.92717063
1092.2667,1462.8572,1106.3289,1448.5197,0.934947
1111.7715,1462.8572,1126.4099,1450.1117,0.57217294
1131.2762,1462.8572,1145.638,1449.3026,0.8478745
1150.781,1462.8572,1164.5361,1449.2443,0.8929611
1170.2858,1462.8572,1183.8099,1450.1628,0.936643
1189.7905,1462.8572,1203.644,1449.4331,0.9459808
1209.2953,1462.8572,1222.3629,1450.415,0.94412595
1228.8,1462.8572,1240.604,1449.4429,0.8514992
1248.3048,1462.8572,1260.7489,1449.7036,0.6421437
1267.8096,1462.8572,1281.2161,1448.5376,0.38076943
1287.3143,1462.8572,1300.6063,1453.5713,0.6292376
1306.8191,1462.8572,1319.6458,1448.9248,0.9060186
1326.3239,1462.8572,1338.0276,1449.2865,0.64116114
1345.8286,1462.8572,1358.5842,1449.6765,0.94024575
1365.3334,1462.8572,1378.632,1449.3467,0.900883
1384.8381,1462.8572,1397.8259,1449.9232,0.9276473
1404.3429,1462.8572,1417.4609,1449.667,0.93914145
1423.8477,1462.8572,1436.7656,1450.3047,0.9788589
1443.3524,1462.8572,1456.8258,1450.4474,0.98856187
1462.8572,1462.8572,1476.3147,1450.5516,0.96777326
1482.3619,1462.8572,1495.5853,1450.0032,0.96154594
1501.8667,1462.8572,1513.8759,1449.3367,0.7263936
1521.3715,1462.8572,1534.6342,1449.4058,0.6061125
1540.8762,1462.8572,1553.4182,1450.5588,0.82200724
1560.381,1462.8572,1572.8767,1449.54,0.9448542
1579.8857,1462.8572,1593.4167,1450.2961,0.88261914
1599.3905,1462.8572,1612.6438,1449.8918,0.633378
1618.8953,1462.8572,1632.6743,1450.268,0.46405473
1638.4,1462.8572,1652.2081,1450.0839,0.951438
1657.9048,1462.8572,1672.3253,1449.9995,0.9641573
1677.4095,1462.8572,1691.7417,1450.3795,0.29500264
1696.9143,1462.8572,1711.2693,1451.5182,0.9376728
1716.4191,1462.8572,1730.1327,1451.1761,0.90461737
1735.9238,1462.8572,1750.4026,1450.9347,0.8760212
1774.9333,1462.8572,1790.0961,1451.2367,0.8087683
1833.4476,1462.8572,1847.3894,1450.6698,0.51763874
1852.9524,1462.8572,1867.0647,1451.031,0.73272765
1872.4573,1462.8572,1886.5835,1451.7953,0.8563251
1891.962,1462.8572,1905.5865,1450.8953,0.741877
1911.4668,1462.8572,1923.961,1450.2706,0.31686044
1930.9716,1462.8572,1944.7787,1450.0046,0.49335757
39.009525,1482.3619,53.392467,1466.6327,0.40443525
78.01905,1482.3619,91.00065,1466.5486,0.53198236
97.52381,1482.3619,110.68343,1466.7078,0.4046563
156.0381,1482.3619,169.20644,1466.9305,0.9462943
175.54286,1482.3619,189.78596,1466.4506,0.9906128
195.04762,1482.3619,209.47397,1466.1078,0.9843791
214.55238,1482.3619,229.44139,1468.0591,0.9692255
234.05716,1482.3619,248.267,1467.4037,0.98192877
253.56192,1482.3619,267.5126,1467.7343,0.9768137
273.06668,1482.3619,286.77725,1467.8729,0.9577507
292.57144,1482.3619,304.27124,1466.3627,0.9893971
312.0762,1482.3619,325.49448,1467.2422,0.9828066
331.58096,1482.3619,345.33914,1467.266,0.9849552
351.08572,1482.3619,363.60147,1467.7836,0.96146524
370.59048,1482.3619,383.63098,1467.8566,0.9272884
390.09525,1482.3619,403.43698,1467.2748,0.99753404
409.6,1482.3619,422.50333,1467.757,0.9952139
429.10477,1482.3619,441.1918,1467.9905,0.9968177
448.60953,1482.3619,461.4332,1468.1359,0.9983413
468.11432,1482.3619,481.7002,1467.5995,0.99807286
507.12384,1482.3619,519.53217,1467.3271,0.98725593
526.6286,1482.3619,539.93176,1467.238,0.9145764
546.13336,1482.3619,558.5502,1467.6935,0.96604687
565.6381,1482.3619,580.24554,1467.3025,0.99684566
585.1429,1482.3619,598.8896,1467.6782,0.9945878
604.64764,1482.3619,619.513,1467.2611,0.9700975
624.1524,1482.3619,636.28516,1467.9476,0.775363
643.65717,1482.3619,656.67914,1467.9269,0.277274
663.1619,1482.3619,676.5618,1467.7129,0.3041541
682.6667,1482.3619,696.79156,1466.8912,0.7249389
721.6762,1482.3619,735.6038,1468.8278,0.9311714
741.18097,1482.3619,753.9726,1468.493,0.98667413
760.6857,1482.3619,772.91864,1467.5758,0.92866844
780.1905,1482.3619,792.8775,1467.8246,0.96043473
799.69525,1482.3619,810.48505,1467.4366,0.25724804
819.2,1482.3619,832.25903,1467.6498,0.6548971
838.7048,1482.3619,851.1196,1467.7207,0.97988856
858.20953,1482.3619,871.78,1467.6555,0.96456254
877.7143,1482.3619,890.84515,1467.4692,0.92803955
897.21906,1482.3619,911.1709,1468.5652,0.99380845
916.7238,1482.3619,930.206,1467.8435,0.99504805
936.22864,1482.3619,949.1585,1468.9354,0.9940642
955.7334,1482.3619,968.52136,1468.1467,0.98510426
975.23816,1482.3619,989.10504,1468.3206,0.9899547
994.7429,1482.3619,1009.4083,1468.8256,0.96399564
1014.2477,1482.3619,1028.1791,1468.006,0.81809676
1033.7524,1482.3619,1046.6478,1468.8003,0.20412233
1053.2572,1482.3619,1067.6741,1469.6511,0.82643986
1072.762,1482.3619,1086.469,1468.3345,0.97278446
1092.2667,1482.3619,1105.5922,1467.9745,0.8765217
1111.7715,1482.3619,1126.3282,1468.6139,0.7805429
1131.2762,1482.3619,1143.375,1468.1603,0.768095
1150.781,1482.3619,1165.0636,1468.3424,0.93919456
1170.2858,1482.3619,1185.4017,1468.668,0.9866121
1189.7905,1482.3619,1203.4044,1468.6406,0.8680014
1209.2953,1482.3619,1222.8414,1469.2964,0.9400729
1228.8,1482.3619,1242.9471,1469.1841,0.9913629
1248.3048,1482.3619,1261.8138,1469.4336,0.4768253
1306.8191,1482.3619,1319.3503,1468.5637,0.4131246
1326.3239,1482.3619,1339.7784,1469.1676,0.7123491
1345.8286,1482.3619,1359.2373,1469.8257,0.88056564
1365.3334,1482.3619,1378.4392,1468.7773,0.81669855
1384.8381,1482.3619,1397.9572,1468.9147,0.8892265
1404.3429,1482.3619,1418.0942,1469.2103,0.8752191
1423.8477,1482.3619,1437.0446,1470.3591,0.941281
1443.3524,1482.3619,1456.45,1469.6786,0.856481
1462.8572,1482.3619,1476.4744,1470.1915,0.9832679
1482.3619,1482.3619,1495.9929,1471.177,0.96975726
1501.8667,1482.3619,1514.8802,1469.6593,0.84376985
1521.3715,1482.3619,1535.5865,1469.0156,0.7015241
1540.8762,1482.3619,1553.829,1469.8522,0.63401186
1560.381,1482.3619,1572.4602,1468.8761,0.8180008
1579.8857,1482.3619,1592.7289,1469.295,0.87830454
1599.3905,1482.3619,1612.7682,1469.745,0.9589242
1618.8953,1482.3619,1631.9445,1470.0466,0.86779225
1638.4,1482.3619,1652.1708,1470.3801,0.90123147
1657.9048,1482.3619,1672.1681,1470.3116,0.717766
1677.4095,1482.3619,1692.101,1469.3967,0.94751126
1696.9143,1482.3619,1711.2068,1469.935,0.9501717
1716.4191,1482.3619,1730.1277,1470.4713,0.9202909
1735.9238,1482.3619,1751.1554,1470.7822,0.895162
1833.4476,1482.3619,1846.5363,1469.9333,0.5164406
1872.4573,1482.3619,1886.2733,1470.226,0.5578952
1891.962,1482.3619,1904.6826,1471.3429,0.66721684
1911.4668,1482.3619,1923.9386,1470.131,0.29509
1969.9811,1482.3619,1984.1208,1470.9436,0.5953265
39.009525,1501.8667,50.68791,1486.1426,0.52839416
58.51429,1501.8667,73.521164,1486.5983,0.8878793
78.01905,1501.8667,91.381874,1485.2096,0.7162345
97.52381,1501.8667,111.0506,1486.6313,0.8162151
117.02858,1501.8667,129.46909,1485.2872,0.9265427
136.53334,1501.8667,149.184,1485.4254,0.69108564
156.0381,1501.8667,168.73013,1486.736,0.6849937
175.54286,1501.8667,187.14484,1486.7041,0.93096495
195.04762,1501.8667,208.82182,1486.5002,0.958078
214.55238,1501.8667,229.53786,1486.8937,0.9885502
234.05716,1501.8667,247.6653,1487.1262,0.9412403
253.56192,1501.8667,267.3252,1486.7512,0.98299915
273.06668,1501.8667,285.1177,1487.0682,0.9529127
292.57144,1501.8667,305.5465,1486.1515,0.9141236
312.0762,1501.8667,325.34857,1488.041,0.88963526
331.58096,1501.8667,344.8139,1486.7323,0.980457
351.08572,1501.8667,364.5601,1486.526,0.99184966
370.59048,1501.8667,385.0392,1486.6886,0.96763265
390.09525,1501.8667,404.76794,1487.045,0.9983433
409.6,1501.8667,422.73987,1487.2893,0.9943374
429.10477,1501.8667,440.70886,1486.6494,0.9909952
448.60953,1501.8667,461.04956,1487.2465,0.99650544
468.11432,1501.8667,482.08658,1487.581,0.9976117
487.61908,1501.8667,501.1422,1487.2231,0.9934143
507.12384,1501.8667,520.43054,1487.1486,0.9894038
526.6286,1501.8667,540.0074,1487.2588,0.92510295
546.13336,1501.8667,559.5989,1487.8286,0.9814932
565.6381,1501.8667,579.3305,1487.0122,0.98083496
585.1429,1501.8667,599.3815,1487.3337,0.9924605
604.64764,1501.8667,618.116,1487.1212,0.99304754
624.1524,1501.8667,635.7713,1487.1675,0.90228665
643.65717,1501.8667,655.07635,1487.4258,0.8104268
663.1619,1501.8667,675.68677,1486.9955,0.31407595
682.6667,1501.8667,696.1597,1487.205,0.42764652
702.17145,1501.8667,715.6406,1487.5012,0.7306837
721.6762,1501.8667,734.9477,1489.1476,0.8705373
741.18097,1501.8667,754.65497,1487.826,0.97827893
760.6857,1501.8667,772.2103,1487.3783,0.8957252
780.1905,1501.8667,792.74963,1487.6478,0.9562269
799.69525,1501.8667,812.68805,1486.7697,0.545418
819.2,1501.8667,831.18915,1487.3052,0.63257927
838.7048,1501.8667,850.60376,1487.0023,0.94950473
858.20953,1501.8667,871.0633,1487.029,0.97213584
877.7143,1501.8667,890.4911,1487.646,0.9930238
897.21906,1501.8667,911.83545,1487.9305,0.99694616
916.7238,1501.8667,930.53015,1488.1097,0.98637193
936.22864,1501.8667,950.6319,1487.8937,0.9826598
955.7334,1501.8667,969.5882,1487.6465,0.87112665
975.23816,1501.8667,989.1252,1487.9883,0.9826315
994.7429,1501.8667,1010.1859,1489.1979,0.96971285
1014.2477,1501.8667,1028.7472,1487.9965,0.97406423
1033.7524,1501.8667,1047.3701,1488.0586,0.7065595
1053.2572,1501.8667,1066.8705,1487.4012,0.7943699
1072.762,1501.8667,1086.1635,1487.6178,0.97488356
1092.2667,1501.8667,1106.658,1487.4598,0.95219904
1111.7715,1501.8667,1126.0641,1487.2286,0.9861232
1131.2762,1501.8667,1143.8549,1487.6157,0.9721336
1150.781,1501.8667,1165.2415,1487.961,0.8673475
1170.2858,1501.8667,1183.7256,1487.8528,0.93535244
1189.7905,1501.8667,1201.238,1487.3821,0.926793
1209.2953,1501.8667,1221.6692,1487.8352,0.8866864
1228.8,1501.8667,1241.6415,1488.222,0.8592142
1248.3048,1501.8667,1260.304,1488.6958,0.8792424
1267.8096,1501.8667,1279.9652,1488.5542,0.62523633
1287.3143,1501.8667,1300.6521,1488.0338,0.8306735
1306.8191,1501.8667,1319.2954,1488.3346,0.72434103
1326.3239,1501.8667,1339.5532,1488.2687,0.7317179
1345.8286,1501.8667,1358.0078,1487.9683,0.9008397
1365.3334,1501.8667,1378.2537,1489.0691,0.9078174
1384.8381,1501.8667,1398.9548,1488.5037,0.88115174
1404.3429,1501.8667,1417.7792,1488.8951,0.97226006
1423.8477,1501.8667,1438.2174,1488.2762,0.94785583
1443.3524,1501.8667,1456.0813,1489.0696,0.82136875
1462.8572,1501.8667,1476.0197,1489.4476,0.9480995
1482.3619,1501.8667,1495.5494,1489.276,0.6491023
1540.8762,1501.8667,1554.2649,1488.5648,0.24509524
1599.3905,1501.8667,1613.1324,1489.361,0.85680795
1618.8953,1501.8667,1633.3,1490.1028,0.79610485
1638.4,1501.8667,1651.8252,1490.7834,0.7164067
1657.9048,1501.8667,1672.2543,1489.82,0.642363
1677.4095,1501.8667,1690.5956,1489.5968,0.67956316
1696.9143,1501.8667,1710.9116,1489.115,0.90744895
1716.4191,1501.8667,1730.0498,1489.4473,0.9246618
1735.9238,1501.8667,1750.8813,1490.0841,0.7273865
1755.4286,1501.8667,1770.7722,1489.3645,0.9273814
1813.9429,1501.8667,1828.1177,1490.1355,0.86960286
1833.4476,1501.8667,1844.8597,1489.1335,0.92136925
1852.9524,1501.8667,1866.9081,1488.6333,0.81028014
1872.4573,1501.8667,1886.5552,1489.6166,0.6795608
1891.962,1501.8667,1905.7533,1490.2614,0.9376274
1911.4668,1501.8667,1925.1215,1490.0464,0.770768
1930.9716,1501.8667,1945.4773,1489.5013,0.6582916
1950.4763,1501.8667,1964.2429,1489.8749,0.27013403
1969.9811,1501.8667,1983.2108,1489.5173,0.8671003
39.009525,1521.3715,52.610546,1506.8212,0.30099353
58.51429,1521.3715,72.47026,1506.9812,0.88176274
78.01905,1521.3715,90.7507,1506.134,0.64176965
97.52381,1521.3715,109.90122,1505.9128,0.9336138
117.02858,1521.3715,130.19235,1506.0475,0.7487739
136.53334,1521.3715,150.10085,1506.4,0.84936035
156.0381,1521.3715,167.77367,1506.5424,0.9071951
175.54286,1521.3715,188.08139,1506.4307,0.8438144
195.04762,1521.3715,206.84561,1506.6198,0.95556337
214.55238,1521.3715,228.6996,1505.4598,0.9595304
234.05716,1521.3715,247.10072,1505.4752,0.30098596
253.56192,1521.3715,267.8299,1506.3087,0.67018443
273.06668,1521.3715,286.31107,1506.6057,0.8558006
292.57144,1521.3715,305.47058,1505.1589,0.90500784
312.0762,1521.3715,326.29678,1506.3489,0.8002363
331.58096,1521.3715,344.10724,1505.7106,0.8031926
351.08572,1521.3715,363.2476,1506.1226,0.9553536
370.59048,1521.3715,385.58487,1506.5287,0.9972939
390.09525,1521.3715,403.64883,1506.5244,0.99923545
409.6,1521.3715,422.14923,1506.6017,0.99745744
429.10477,1521.3715,441.73907,1506.5732,0.9968216
448.60953,1521.3715,460.8538,1506.5618,0.9965078
468.11432,1521.3715,481.52762,1506.5941,0.97804743
487.61908,1521.3715,500.17572,1506.3009,0.9733452
507.12384,1521.3715,520.2281,1506.607,0.796376
526.6286,1521.3715,540.5694,1506.688,0.90780276
546.13336,1521.3715,559.3076,1506.2832,0.92241967
565.6381,1521.3715,577.55994,1506.4545,0.9719083
585.1429,1521.3715,598.31006,1505.7662,0.9662062
604.64764,1521.3715,616.4118,1506.152,0.9297057
624.1524,1521.3715,637.6079,1506.548,0.83565986
643.65717,1521.3715,655.04913,1506.6945,0.83003527
663.1619,1521.3715,674.8412,1506.4149,0.651175
682.6667,1521.3715,695.416,1506.5149,0.9703174
702.17145,1521.3715,714.31635,1506.752,0.97909015
721.6762,1521.3715,735.005,1506.8783,0.98667896
741.18097,1521.3715,754.23676,1507.2185,0.89697874
760.6857,1521.3715,771.8901,1506.579,0.93613183
780.1905,1521.3715,792.94653,1506.6844,0.9203178
799.69525,1521.3715,813.18396,1506.3075,0.9282832
819.2,1521.3715,830.99896,1506.9857,0.5223544
838.7048,1521.3715,851.2048,1506.3232,0.75152874
858.20953,1521.3715,870.1878,1506.7743,0.9679059
877.7143,1521.3715,891.39557,1507.5437,0.99194205
897.21906,1521.3715,910.95667,1507.1321,0.99725896
916.7238,1521.3715,929.8855,1507.6819,0.9862083
936.22864,1521.3715,948.5545,1507.151,0.9852463
955.7334,1521.3715,969.8958,1507.4216,0.9611795
975.23816,1521.3715,988.95526,1507.8984,0.96778697
994.7429,1521.3715,1009.1854,1507.0492,0.967087
1014.2477,1521.3715,1027.4642,1507.0256,0.97840005
1033.7524,1521.3715,1047.4498,1507.5546,0.9746054
1053.2572,1521.3715,1067.8339,1507.8191,0.9857318
1072.762,1521.3715,1087.2635,1506.9849,0.9931902
1092.2667,1521.3715,1106.4547,1506.7477,0.9926203
1111.7715,1521.3715,1125.7155,1507.4337,0.9884346
1131.2762,1521.3715,1145.4344,1507.8297,0.9831108
1150.781,1521.3715,1164.8458,1507.7552,0.9390103
1170.2858,1521.3715,1182.5562,1507.9614,0.9247765
1189.7905,1521.3715,1201.3788,1507.2944,0.97032696
1209.2953,1521.3715,1222.0143,1508.0942,0.9615085
1228.8,1521.3715,1241.4169,1507.4174,0.9630839
1248.3048,1521.3715,1260.9629,1507.6818,0.9599417
1267.8096,1521.3715,1280.5051,1507.7114,0.8835634
1287.3143,1521.3715,1301.4364,1507.7601,0.79781765
1306.8191,1521.3715,1320.4652,1507.5115,0.70343816
1326.3239,1521.3715,1339.8115,1508.3605,0.8847049
1345.8286,1521.3715,1359.309,1507.738,0.6948333
1365.3334,1521.3715,1377.5702,1507.5376,0.7456655
1384.8381,1521.3715,1396.8163,1507.9827,0.85964495
1404.3429,1521.3715,1418.5851,1508.8855,0.9870947
1423.8477,1521.3715,1437.999,1508.8475,0.97588384
1443.3524,1521.3715,1456.2708,1507.9612,0.7435665
1462.8572,1521.3715,1476.0371,1509.0142,0.78175044
1482.3619,1521.3715,1493.7678,1509.8894,0.60397565
1618.8953,1521.3715,1631.5552,1507.2877,0.67214984
1657.9048,1521.3715,1672.4198,1508.1685,0.64050424
1677.4095,1521.3715,1690.5458,1509.2961,0.8390642
1696.9143,1521.3715,1710.9583,1508.5192,0.8755811
1735.9238,1521.3715,1749.0684,1508.434,0.66629076
1813.9429,1521.3715,1829.3516,1509.1344,0.7121893
1833.4476,1521.3715,1847.5111,1508.9447,0.65593493
1852.9524,1521.3715,1867.3208,1508.5282,0.6835113
1872.4573,1521.3715,1886.978,1509.3762,0.9136431
1891.962,1521.3715,1906.1654,1510.2198,0.9158827
1911.4668,1521.3715,1924.2083,1509.0233,0.61289424
1930.9716,1521.3715,1944.6029,1508.9713,0.9037875
1950.4763,1521.3715,1963.7522,1509.8463,0.8925523
1969.9811,1521.3715,1982.6852,1509.8674,0.8038551
58.51429,1540.8762,71.87222,1524.8021,0.3743239
78.01905,1540.8762,89.92675,1525.5831,0.7344636
97.52381,1540.8762,110.65517,1525.293,0.85122955
117.02858,1540.8762,130.39656,1524.678,0.95819515
136.53334,1540.8762,149.83607,1524.7548,0.9823536
156.0381,1540.8762,167.88278,1525.4584,0.97729355
175.54286,1540.8762,188.423,1525.7129,0.96563023
195.04762,1540.8762,207.05998,1525.1321,0.90438133
214.55238,1540.8762,228.32646,1526.4358,0.5853783
234.05716,1540.8762,245.41023,1526.2429,0.30141515
253.56192,1540.8762,266.57614,1525.0569,0.5731407
273.06668,1540.8762,286.5905,1525.0583,0.58492786
292.57144,1540.8762,306.25333,1525.5303,0.8521068
312.0762,1540.8762,326.3476,1525.83,0.9498623
331.58096,1540.8762,345.8446,1525.8809,0.9764081
351.08572,1540.8762,364.04984,1525.8356,0.9877504
370.59048,1540.8762,383.67764,1525.704,0.9971136
390.09525,1540.8762,404.3005,1524.5336,0.99915737
409.6,1540.8762,422.93008,1526.0668,0.99760234
429.10477,1540.8762,441.20148,1526.486,0.99582684
448.60953,1540.8762,460.58014,1526.4038,0.99738127
468.11432,1540.8762,480.0692,1525.7795,0.98597884
487.61908,1540.8762,501.00098,1526.7329,0.9341522
507.12384,1540.8762,521.1539,1526.378,0.944541
526.6286,1540.8762,540.2104,1526.0072,0.93158823
546.13336,1540.8762,559.12616,1526.4999,0.8880268
565.6381,1540.8762,579.028,1526.1887,0.9728641
585.1429,1540.8762,598.80786,1526.6669,0.99471915
604.64764,1540.8762,616.52106,1525.8536,0.95440906
624.1524,1540.8762,638.292,1526.1735,0.93885
643.65717,1540.8762,654.60034,1526.2778,0.8727279
663.1619,1540.8762,675.28467,1526.0414,0.94109565
682.6667,1540.8762,694.79663,1526.4918,0.98765236
702.17145,1540.8762,715.7851,1526.3267,0.9935298
721.6762,1540.8762,735.86646,1526.4088,0.9842758
741.18097,1540.8762,754.7175,1526.5166,0.95059067
760.6857,1540.8762,773.4609,1526.2192,0.9653914
780.1905,1540.8762,792.3505,1526.2781,0.9629725
799.69525,1540.8762,812.61505,1526.34,0.9527135
819.2,1540.8762,833.0417,1525.9855,0.9288809
838.7048,1540.8762,850.98456,1527.6548,0.34421718
858.20953,1540.8762,870.8066,1526.8762,0.8727499
877.7143,1540.8762,891.4896,1526.6708,0.99203587
897.21906,1540.8762,910.92523,1526.4426,0.9801743
916.7238,1540.8762,929.73883,1526.2672,0.9933313
936.22864,1540.8762,948.6664,1526.7295,0.99054
955.7334,1540.8762,969.4048,1526.5192,0.9806863
975.23816,1540.8762,988.33734,1526.228,0.9904472
994.7429,1540.8762,1006.37683,1526.3494,0.98290086
1014.2477,1540.8762,1028.0718,1526.651,0.993902
1033.7524,1540.8762,1047.523,1526.7379,0.9816707
1053.2572,1540.8762,1067.6652,1526.699,0.99045163
1072.762,1540.8762,1087.2397,1527.357,0.99619865
1092.2667,1540.8762,1106.7616,1527.1212,0.9835744
1111.7715,1540.8762,1126.2908,1527.1932,0.968632
1131.2762,1540.8762,1145.9556,1527.1675,0.9549733
1150.781,1540.8762,1164.6166,1526.5391,0.9471724
1170.2858,1540.8762,1182.5836,1526.8022,0.5226797
1189.7905,1540.8762,1202.0288,1527.7322,0.86082184
1209.2953,1540.8762,1222.6897,1526.7421,0.98170483
1228.8,1540.8762,1241.2921,1527.8915,0.9637672
1248.3048,1540.8762,1260.4683,1527.4441,0.97869
1267.8096,1540.8762,1280.0903,1527.2552,0.98213744
1287.3143,1540.8762,1299.2188,1527.3729,0.9418029
1306.8191,1540.8762,1319.6934,1527.4612,0.7210656
1326.3239,1540.8762,1339.4275,1527.2771,0.30115253
1345.8286,1540.8762,1359.5479,1527.2253,0.6923287
1365.3334,1540.8762,1378.8259,1527.8604,0.38207248
1384.8381,1540.8762,1398.8684,1527.4415,0.99489474
1404.3429,1540.8762,1417.7573,1527.6698,0.98074037
1423.8477,1540.8762,1436.92,1527.5026,0.8929805
1443.3524,1540.8762,1457.115,1527.5098,0.9417505
1462.8572,1540.8762,1476.7007,1527.1738,0.967621
1482.3619,1540.8762,1494.41,1528.6042,0.20334923
1638.4,1540.8762,1651.2627,1531.4895,0.26654547
1657.9048,1540.8762,1671.279,1528.8823,0.70947397
1677.4095,1540.8762,1690.9954,1529.3756,0.82268846
1696.9143,1540.8762,1711.5273,1528.9758,0.9341316
1716.4191,1540.8762,1730.9119,1527.7765,0.92675066
1735.9238,1540.8762,1750.1729,1528.9338,0.7377582
1755.4286,1540.8762,1769.4033,1528.224,0.91183585
1813.9429,1540.8762,1828.0663,1529.2974,0.610699
1833.4476,1540.8762,1847.7794,1529.501,0.79337996
1852.9524,1540.8762,1867.567,1529.3617,0.44538552
1872.4573,1540.8762,1887.378,1528.268,0.83560735
1891.962,1540.8762,1904.7764,1528.5554,0.7500306
1911.4668,1540.8762,1925.6699,1529.3671,0.34374723
1930.9716,1540.8762,1946.0038,1531.8075,0.50464153
58.51429,1560.381,71.613785,1544.9768,0.4224475
78.01905,1560.381,90.33536,1545.9048,0.85509515
97.52381,1560.381,109.81667,1544.1934,0.9148348
117.02858,1560.381,130.59332,1543.4602,0.9346425
136.53334,1560.381,150.14299,1544.8904,0.9948875
156.0381,1560.381,169.41791,1545.0875,0.99491924
175.54286,1560.381,188.07436,1545.2341,0.9701234
195.04762,1560.381,206.6663,1544.8041,0.87435645
214.55238,1560.381,225.90526,1545.4432,0.40020788
234.05716,1560.381,245.96497,1545.8671,0.34513676
253.56192,1560.381,266.22427,1545.0167,0.460712
273.06668,1560.381,286.65192,1544.348,0.75864244
292.57144,1560.381,305.66483,1545.4567,0.8539422
312.0762,1560.381,324.83344,1544.4508,0.7726362
331.58096,1560.381,344.49448,1545.338,0.95796525
351.08572,1560.381,364.83475,1545.4259,0.97449994
370.59048,1560.381,383.32584,1545.5715,0.98925865
390.09525,1560.381,402.7945,1545.2511,0.9851529
409.6,1560.381,423.60468,1545.2477,0.9925709
429.10477,1560.381,441.656,1545.2075,0.9857772
448.60953,1560.381,461.0864,1545.166,0.9836488
468.11432,1560.381,480.71555,1544.944,0.97295475
487.61908,1560.381,501.14987,1545.3247,0.9195218
507.12384,1560.381,521.4713,1545.9325,0.9790947
526.6286,1560.381,540.5773,1545.9568,0.96972406
546.13336,1560.381,559.99286,1545.2726,0.96393657
565.6381,1560.381,579.11865,1545.6722,0.98351
585.1429,1560.381,597.6124,1545.3938,0.99345237
604.64764,1560.381,616.03314,1545.3583,0.9900168
624.1524,1560.381,637.20703,1545.9714,0.9822716
643.65717,1560.381,657.2561,1545.4568,0.977775
663.1619,1560.381,677.80615,1545.8583,0.914503
682.6667,1560.381,697.28394,1546.57,0.95561844
702.17145,1560.381,714.84937,1546.1765,0.97855324
721.6762,1560.381,735.3303,1545.766,0.9875684
741.18097,1560.381,754.761,1545.7291,0.99172854
760.6857,1560.381,774.951,1545.7634,0.99265295
780.1905,1560.381,794.3605,1545.6016,0.994111
799.69525,1560.381,812.4486,1545.8184,0.97765285
819.2,1560.381,832.0382,1545.84,0.8366897
838.7048,1560.381,851.32996,1546.2733,0.36406872
858.20953,1560.381,870.72064,1546.3916,0.7434097
877.7143,1560.381,891.71735,1545.3257,0.9785004
897.21906,1560.381,909.5372,1545.9364,0.89363265
916.7238,1560.381,929.10254,1545.8186,0.9635516
936.22864,1560.381,949.47595,1545.8188,0.97003555
955.7334,1560.381,968.85443,1546.417,0.7881428
975.23816,1560.381,988.1218,1546.7413,0.97268164
994.7429,1560.381,1007.07416,1546.0514,0.9904958
1014.2477,1560.381,1027.723,1546.0098,0.9909405
1033.7524,1560.381,1046.1688,1546.7723,0.9353181
1053.2572,1560.381,1067.0516,1546.4929,0.96936476
1072.762,1560.381,1088.0161,1546.4866,0.9936769
1092.2667,1560.381,1105.9501,1546.6912,0.9944866
1111.7715,1560.381,1126.6746,1546.7455,0.99371266
1131.2762,1560.381,1145.2,1547.9882,0.9334517
1150.781,1560.381,1164.6782,1546.8317,0.9611491
1170.2858,1560.381,1183.9637,1547.2045,0.70340914
1189.7905,1560.381,1203.281,1547.4879,0.864455
1209.2953,1560.381,1223.8043,1545.9918,0.86855084
1228.8,1560.381,1240.6733,1547.036,0.76395524
1248.3048,1560.381,1259.8811,1547.0013,0.9650717
1267.8096,1560.381,1280.2852,1546.8127,0.8772711
1287.3143,1560.381,1300.1245,1547.1674,0.91487896
1306.8191,1560.381,1318.79,1546.8883,0.80515414
1326.3239,1560.381,1340.0087,1548.0312,0.7183483
1345.8286,1560.381,1358.6782,1546.7924,0.8750861
1365.3334,1560.381,1377.6208,1546.76,0.94201964
1384.8381,1560.381,1398.8667,1547.47,0.9247027
1404.3429,1560.381,1418.4928,1547.126,0.98710734
1423.8477,1560.381,1438.3143,1547.3876,0.92129916
1443.3524,1560.381,1457.1575,1546.9928,0.93018234
1540.8762,1560.381,1553.88,1546.4427,0.3101295
1657.9048,1560.381,1671.0485,1548.486,0.3141295
1677.4095,1560.381,1691.9379,1547.645,0.8415431
1696.9143,1560.381,1711.7604,1547.9843,0.80851686
1716.4191,1560.381,1730.8206,1548.4302,0.9418072
1735.9238,1560.381,1750.9391,1548.8931,0.9271726
1755.4286,1560.381,1770.8362,1548.0591,0.95870256
1774.9333,1560.381,1788.3732,1548.3434,0.7327264
1833.4476,1560.381,1846.36,1547.7316,0.38089463
1852.9524,1560.381,1867.3496,1547.2941,0.73477215
1872.4573,1560.381,1886.2427,1548.575,0.81108165
1891.962,1560.381,1905.1185,1548.0498,0.6831888
1911.4668,1560.381,1925.9916,1549.1741,0.57131356
1950.4763,1560.381,1964.3903,1548.6975,0.43157092
1969.9811,1560.381,1983.9774,1549.1962,0.7906113
58.51429,1579.8857,72.94178,1564.6854,0.84646016
78.01905,1579.8857,91.63761,1563.9962,0.91911083
97.52381,1579.8857,109.66215,1564.3772,0.8724831
117.02858,1579.8857,131.19577,1564.091,0.96809745
136.53334,1579.8857,150.50267,1564.1046,0.99803877
156.0381,1579.8857,170.25484,1564.8661,0.9935749
175.54286,1579.8857,188.63956,1564.1177,0.9851742
195.04762,1579.8857,206.47337,1564.6224,0.82937485
253.56192,1579.8857,267.58017,1564.665,0.58938676
273.06668,1579.8857,286.96268,1563.2498,0.45942765
292.57144,1579.8857,305.3014,1564.885,0.7037536
312.0762,1579.8857,324.1779,1565.4316,0.63119125
331.58096,1579.8857,344.5011,1565.1417,0.98549634
351.08572,1579.8857,365.23373,1565.7389,0.9400556
370.59048,1579.8857,383.1238,1565.216,0.9521888
390.09525,1579.8857,402.99997,1564.6268,0.96473587
409.6,1579.8857,423.75836,1565.471,0.9801638
429.10477,1579.8857,443.0402,1565.4237,0.99594235
448.60953,1579.8857,463.59396,1564.611,0.99537677
468.11432,1579.8857,480.97873,1565.0411,0.9939821
487.61908,1579.8857,501.37088,1565.4673,0.98672086
507.12384,1579.8857,521.0018,1565.5077,0.9963311
526.6286,1579.8857,540.6788,1565.1525,0.9979797
546.13336,1579.8857,560.15027,1564.9657,0.9879706
565.6381,1579.8857,579.3664,1565.2292,0.99028426
585.1429,1579.8857,598.07367,1564.4635,0.9642982
604.64764,1579.8857,617.73834,1565.4469,0.98742247
624.1524,1579.8857,637.44385,1566.2136,0.9427803
643.65717,1579.8857,657.8913,1565.5737,0.97916394
663.1619,1579.8857,677.20886,1565.3196,0.976732
682.6667,1579.8857,696.8349,1564.9745,0.940678
702.17145,1579.8857,713.8868,1565.4208,0.8716223
721.6762,1579.8857,734.9703,1565.3889,0.9687089
741.18097,1579.8857,753.9477,1565.6287,0.9335738
760.6857,1579.8857,775.487,1564.9047,0.9501005
780.1905,1579.8857,793.55225,1565.493,0.99115497
799.69525,1579.8857,813.8953,1565.7706,0.99112296
819.2,1579.8857,833.04016,1565.6921,0.93070394
838.7048,1579.8857,851.27454,1565.3864,0.8642452
858.20953,1579.8857,870.7675,1565.2964,0.89334273
877.7143,1579.8857,889.88635,1565.6398,0.88500464
897.21906,1579.8857,909.7977,1565.4124,0.9475232
916.7238,1579.8857,929.95404,1565.1719,0.95980847
936.22864,1579.8857,949.3917,1565.2797,0.8869182
955.7334,1579.8857,969.34283,1565.4923,0.9623493
975.23816,1579.8857,987.0447,1565.6614,0.76982504
994.7429,1579.8857,1007.0423,1565.164,0.93185306
1014.2477,1579.8857,1027.5886,1566.5787,0.9799054
1033.7524,1579.8857,1047.7849,1566.4961,0.9637793
1072.762,1579.8857,1087.4946,1565.6569,0.8641663
1092.2667,1579.8857,1104.965,1565.7622,0.9872057
1111.7715,1579.8857,1125.2031,1565.9943,0.9979385
1131.2762,1579.8857,1145.15,1565.427,0.956309
1150.781,1579.8857,1163.3782,1565.7177,0.814715
1170.2858,1579.8857,1184.1842,1566.1401,0.85214525
1189.7905,1579.8857,1201.8981,1566.1519,0.84934205
1209.2953,1579.8857,1221.3707,1565.9255,0.9182203
1228.8,1579.8857,1241.6437,1566.8517,0.6325052
1248.3048,1579.8857,1260.7085,1565.8494,0.92170674
1267.8096,1579.8857,1279.964,1567.2437,0.93060327
1287.3143,1579.8857,1299.982,1566.122,0.9406861
1306.8191,1579.8857,1320.215,1566.0459,0.97555643
1326.3239,1579.8857,1340.0837,1566.7566,0.7010277
1345.8286,1579.8857,1359.4457,1566.9711,0.91071147
1365.3334,1579.8857,1378.0048,1567.7084,0.9382178
1384.8381,1579.8857,1398.3435,1565.8655,0.9125055
1404.3429,1579.8857,1417.4644,1567.204,0.70326704
1423.8477,1579.8857,1437.7415,1567.7592,0.91887724
1540.8762,1579.8857,1554.4974,1565.6641,0.4509119
1638.4,1579.8857,1652.0642,1568.1676,0.5906676
1657.9048,1579.8857,1671.2943,1567.7747,0.6662236
1677.4095,1579.8857,1691.6334,1566.9463,0.8672203
1696.9143,1579.8857,1711.7919,1568.7484,0.8144352
1716.4191,1579.8857,1732.1663,1567.9501,0.8398948
1735.9238,1579.8857,1749.4993,1568.0289,0.9795625
1755.4286,1579.8857,1768.2087,1568.486,0.93048465
1774.9333,1579.8857,1788.6846,1566.5461,0.75652575
1794.4381,1579.8857,1807.7284,1567.3333,0.28262708
1833.4476,1579.8857,1846.0526,1567.734,0.7495518
1852.9524,1579.8857,1865.8522,1569.4296,0.6189195
1872.4573,1579.8857,1885.757,1569.022,0.6388773
1891.962,1579.8857,1904.6912,1568.5674,0.27390227
1911.4668,1579.8857,1925.463,1567.9293,0.4726319
1930.9716,1579.8857,1944.2902,1568.0115,0.62912166
1969.9811,1579.8857,1984.4553,1567.182,0.96220773
39.009525,1599.3905,52.20301,1584.2264,0.48163965
58.51429,1599.3905,71.20738,1583.0339,0.9645922
78.01905,1599.3905,90.01701,1584.6267,0.77872705
97.52381,1599.3905,109.585464,1583.4436,0.8490234
117.02858,1599.3905,130.36792,1584.4675,0.916866
136.53334,1599.3905,149.49484,1583.7112,0.9933345
156.0381,1599.3905,169.59761,1583.3872,0.99192405
175.54286,1599.3905,188.35704,1583.175,0.9816653
195.04762,1599.3905,207.44267,1584.1932,0.44188106
292.57144,1599.3905,306.98425,1583.0919,0.8139001
312.0762,1599.3905,325.82452,1583.9868,0.9100931
331.58096,1599.3905,344.98563,1584.6727,0.97681314
351.08572,1599.3905,364.5399,1583.8881,0.95354164
370.59048,1599.3905,382.78665,1583.7921,0.98582435
390.09525,1599.3905,404.17178,1583.8208,0.9506301
409.6,1599.3905,424.91623,1585.4812,0.9553149
429.10477,1599.3905,444.51935,1585.1069,0.9881772
448.60953,1599.3905,463.14734,1584.2449,0.9926832
468.11432,1599.3905,482.45886,1584.5405,0.99074197
487.61908,1599.3905,501.04385,1584.8264,0.9585413
507.12384,1599.3905,521.53485,1584.7675,0.99427384
526.6286,1599.3905,541.1204,1583.9126,0.9926621
546.13336,1599.3905,560.4408,1584.2329,0.99743474
565.6381,1599.3905,579.3565,1584.7009,0.9942457
585.1429,1599.3905,598.6264,1584.3735,0.97105646
604.64764,1599.3905,618.52765,1584.7605,0.93131983
624.1524,1599.3905,636.77795,1584.9896,0.82091624
643.65717,1599.3905,656.1801,1585.2474,0.97029775
663.1619,1599.3905,676.96344,1585.6587,0.98786044
682.6667,1599.3905,695.36505,1584.8933,0.9255851
702.17145,1599.3905,714.7628,1585.1394,0.78100085
721.6762,1599.3905,734.43884,1584.5087,0.8855981
741.18097,1599.3905,753.0996,1584.2587,0.7356586
760.6857,1599.3905,772.18604,1584.4835,0.43516767
780.1905,1599.3905,792.5833,1585.7831,0.82822454
819.2,1599.3905,835.3145,1584.8088,0.97075284
838.7048,1599.3905,851.38934,1584.8953,0.956823
858.20953,1599.3905,871.9163,1584.9651,0.94561917
877.7143,1599.3905,891.6449,1585.1921,0.953887
897.21906,1599.3905,909.708,1585.8906,0.95338917
916.7238,1599.3905,929.64136,1584.952,0.9358755
936.22864,1599.3905,948.6484,1585.257,0.89230275
955.7334,1599.3905,968.18994,1585.116,0.90625614
975.23816,1599.3905,987.8694,1585.1809,0.73508704
994.7429,1599.3905,1007.54034,1585.6622,0.5749657
1014.2477,1599.3905,1027.248,1585.065,0.70395344
1033.7524,1599.3905,1047.1779,1585.726,0.5311075
1053.2572,1599.3905,1067.803,1585.6426,0.84741944
1072.762,1599.3905,1086.4021,1584.9929,0.68302137
1092.2667,1599.3905,1104.0446,1585.0767,0.852341
1111.7715,1599.3905,1125.1404,1585.5133,0.98906463
1131.2762,1599.3905,1143.9103,1584.9714,0.9245455
1150.781,1599.3905,1165.579,1586.5834,0.97311854
1170.2858,1599.3905,1183.2445,1585.7504,0.75342643
1189.7905,1599.3905,1202.0906,1585.4282,0.72679186
1209.2953,1599.3905,1221.3413,1586.445,0.896408
1228.8,1599.3905,1242.5221,1586.3708,0.40768322
1248.3048,1599.3905,1260.5807,1586.0315,0.28694743
1267.8096,1599.3905,1280.2815,1585.5431,0.22158167
1287.3143,1599.3905,1300.1566,1586.3143,0.9769906
1306.8191,1599.3905,1319.9965,1585.627,0.98714906
1326.3239,1599.3905,1341.5894,1585.3373,0.9626742
1345.8286,1599.3905,1359.9718,1586.4558,0.9114281
1365.3334,1599.3905,1378.7017,1586.9653,0.8230577
1384.8381,1599.3905,1397.3398,1586.1738,0.28816035
1404.3429,1599.3905,1416.3204,1587.3612,0.41091028
1423.8477,1599.3905,1437.3667,1586.4211,0.8024802
1540.8762,1599.3905,1554.721,1585.9426,0.20822805
1599.3905,1599.3905,1613.7972,1586.0518,0.6782789
1618.8953,1599.3905,1633.1194,1587.7135,0.90229255
1638.4,1599.3905,1653.1694,1587.5864,0.85660034
1657.9048,1599.3905,1671.9923,1586.9928,0.8002175
1677.4095,1599.3905,1691.3688,1586.861,0.9043083
1696.9143,1599.3905,1711.0001,1587.4489,0.9294141
1716.4191,1599.3905,1730.9332,1586.6467,0.9845398
1735.9238,1599.3905,1750.5033,1587.0725,0.97211266
1755.4286,1599.3905,1769.8822,1587.9053,0.7243851
1774.9333,1599.3905,1789.2056,1586.9065,0.5002703
1794.4381,1599.3905,1808.9445,1586.8756,0.7642027
1813.9429,1599.3905,1826.6227,1586.7722,0.93021035
1833.4476,1599.3905,1846.7281,1586.3916,0.94983727
1852.9524,1599.3905,1865.5681,1586.728,0.88103694
1872.4573,1599.3905,1885.3348,1586.9884,0.4728426
1891.962,1599.3905,1904.7806,1587.936,0.7411426
1911.4668,1599.3905,1924.7788,1587.8767,0.7768311
1930.9716,1599.3905,1944.9873,1587.9021,0.40011904
1950.4763,1599.3905,1963.9625,1588.105,0.7552264
1969.9811,1599.3905,1983.7809,1588.5376,0.90199184
39.009525,1618.8953,51.080345,1603.3276,0.49615732
58.51429,1618.8953,71.042694,1603.9501,0.59392035
78.01905,1618.8953,90.85778,1604.0787,0.97591513
97.52381,1618.8953,109.8419,1602.7471,0.8240935
117.02858,1618.8953,130.28969,1603.2003,0.95011646
136.53334,1618.8953,150.25008,1602.9368,0.98785436
156.0381,1618.8953,170.26448,1603.3939,0.97144026
175.54286,1618.8953,188.96957,1603.5712,0.9490648
351.08572,1618.8953,364.97394,1603.686,0.9824154
370.59048,1618.8953,383.42035,1603.5519,0.99238646
390.09525,1618.8953,404.0271,1603.7594,0.9853654
409.6,1618.8953,424.88403,1604.2373,0.92671007
429.10477,1618.8953,443.0508,1604.4086,0.9914744
448.60953,1618.8953,463.54367,1603.7428,0.99171585
468.11432,1618.8953,481.90546,1604.0853,0.9774976
487.61908,1618.8953,501.30005,1604.2332,0.99402124
507.12384,1618.8953,520.6775,1604.223,0.98563504
526.6286,1618.8953,540.6065,1604.331,0.98527294
546.13336,1618.8953,559.7034,1603.9005,0.9846949
565.6381,1618.8953,578.7207,1604.5044,0.9798377
585.1429,1618.8953,598.5584,1604.4506,0.96232074
604.64764,1618.8953,618.8014,1603.7609,0.92797965
624.1524,1618.8953,637.14264,1604.54,0.83194023
643.65717,1618.8953,658.045,1604.762,0.9688525
663.1619,1618.8953,677.2967,1604.09,0.99299496
682.6667,1618.8953,695.9193,1604.6637,0.97079724
702.17145,1618.8953,715.4198,1604.4656,0.9170692
721.6762,1618.8953,733.42163,1604.3442,0.74619055
741.18097,1618.8953,753.0933,1604.4363,0.42662892
760.6857,1618.8953,772.87103,1604.3856,0.48877168
780.1905,1618.8953,791.479,1604.7177,0.820028
799.69525,1618.8953,813.7948,1604.8721,0.9454799
819.2,1618.8953,834.6045,1604.4773,0.9829538
838.7048,1618.8953,851.3508,1603.9976,0.951455
858.20953,1618.8953,871.3262,1604.7533,0.91300464
877.7143,1618.8953,891.0684,1604.9988,0.9909469
897.21906,1618.8953,911.0134,1604.4076,0.98478687
916.7238,1618.8953,930.76526,1605.1266,0.98890394
936.22864,1618.8953,949.56494,1605.1508,0.93439347
955.7334,1618.8953,968.20953,1605.3066,0.84492993
975.23816,1618.8953,989.1551,1604.3453,0.6950964
994.7429,1618.8953,1008.6877,1605.2211,0.22361529
1033.7524,1618.8953,1047.5734,1604.4747,0.54284894
1053.2572,1618.8953,1066.2303,1605.3918,0.68766576
1072.762,1618.8953,1086.308,1604.4852,0.8669132
1092.2667,1618.8953,1104.6923,1604.5577,0.86452526
1111.7715,1618.8953,1125.1315,1604.5475,0.9752369
1131.2762,1618.8953,1145.9673,1604.734,0.98318696
1150.781,1618.8953,1165.2466,1606.4905,0.8819691
1170.2858,1618.8953,1183.2125,1605.6437,0.7259198
1189.7905,1618.8953,1203.5496,1604.2037,0.3228167
1209.2953,1618.8953,1222.2411,1605.4506,0.3181096
1228.8,1618.8953,1243.1077,1604.79,0.6077552
1248.3048,1618.8953,1261.3436,1605.6682,0.7974533
1267.8096,1618.8953,1281.9667,1605.4984,0.9411307
1287.3143,1618.8953,1300.6454,1604.8439,0.9756723
1306.8191,1618.8953,1320.1532,1605.4941,0.97599816
1326.3239,1618.8953,1340.0121,1604.6868,0.8947454
1345.8286,1618.8953,1358.7161,1604.7332,0.917467
1365.3334,1618.8953,1379.1697,1604.839,0.95354295
1384.8381,1618.8953,1398.4479,1604.2998,0.35638744
1404.3429,1618.8953,1416.7758,1605.2635,0.32126793
1423.8477,1618.8953,1438.3042,1605.0662,0.83524823
1443.3524,1618.8953,1458.145,1605.4924,0.59967214
1521.3715,1618.8953,1533.8308,1605.9392,0.6800771
1540.8762,1618.8953,1555.1893,1605.5153,0.58237255
1560.381,1618.8953,1575.2817,1606.1086,0.4199785
1579.8857,1618.8953,1594.788,1608.0468,0.7942547
1599.3905,1618.8953,1613.2906,1606.8582,0.73600304
1618.8953,1618.8953,1634.1958,1605.8634,0.841432
1638.4,1618.8953,1652.7639,1606.4432,0.69015044
1657.9048,1618.8953,1672.6798,1606.4731,0.8120601
1677.4095,1618.8953,1690.809,1605.9252,0.96265966
1696.9143,1618.8953,1710.3054,1606.0995,0.95483196
1716.4191,1618.8953,1730.3978,1607.3536,0.9498006
1735.9238,1618.8953,1749.4128,1606.5215,0.7340747
1755.4286,1618.8953,1770.4629,1606.7334,0.8889296
1774.9333,1618.8953,1789.1807,1606.9813,0.84901524
1794.4381,1618.8953,1809.1654,1606.2175,0.7835083
1813.9429,1618.8953,1828.3739,1607.4658,0.8966937
1833.4476,1618.8953,1846.2046,1606.9484,0.9733995
1852.9524,1618.8953,1866.4077,1606.0022,0.94682884
1872.4573,1618.8953,1885.3368,1605.4435,0.8386153
1891.962,1618.8953,1905.7322,1606.5166,0.58781904
1911.4668,1618.8953,1925.035,1606.9357,0.39376432
1930.9716,1618.8953,1944.3358,1606.8046,0.9259903
1950.4763,1618.8953,1964.6368,1607.3215,0.6689481
1969.9811,1618.8953,1984.5458,1609.3718,0.30011576
39.009525,1638.4,52.455658,1622.2194,0.8146169
58.51429,1638.4,70.57176,1623.404,0.7890217
78.01905,1638.4,89.57495,1623.7085,0.771365
97.52381,1638.4,108.86984,1623.2625,0.92377394
117.02858,1638.4,129.52698,1622.1959,0.8543041
136.53334,1638.4,149.08568,1622.3312,0.978823
156.0381,1638.4,169.3688,1622.1139,0.985281
195.04762,1638.4,209.40164,1622.0392,0.98385036
214.55238,1638.4,225.9354,1622.984,0.4688293
331.58096,1638.4,347.4672,1623.6722,0.96553123
351.08572,1638.4,364.63168,1623.2755,0.9800092
370.59048,1638.4,382.55576,1623.1472,0.94117373
390.09525,1638.4,404.51923,1622.727,0.964422
409.6,1638.4,423.2716,1623.6322,0.9543832
429.10477,1638.4,442.91638,1623.2715,0.9759026
448.60953,1638.4,462.48874,1623.8229,0.95359534
468.11432,1638.4,481.3866,1623.6693,0.9649508
487.61908,1638.4,500.66357,1623.3568,0.98367167
507.12384,1638.4,520.3166,1623.9268,0.9816771
526.6286,1638.4,539.3251,1623.7196,0.985583
546.13336,1638.4,560.3493,1623.8726,0.9823232
565.6381,1638.4,579.1515,1624.3145,0.9896822
585.1429,1638.4,597.5539,1624.0913,0.97198766
604.64764,1638.4,617.9239,1623.7104,0.97040117
624.1524,1638.4,637.26917,1623.5798,0.8388072
643.65717,1638.4,657.0395,1623.7153,0.97925
663.1619,1638.4,677.5935,1623.6241,0.9902049
682.6667,1638.4,695.8656,1624.289,0.9472725
702.17145,1638.4,715.70746,1624.7855,0.74633086
721.6762,1638.4,735.1345,1624.1206,0.5295301
760.6857,1638.4,773.25354,1624.3239,0.6137124
780.1905,1638.4,794.3991,1624.6157,0.7406569
799.69525,1638.4,814.5873,1624.4065,0.8301963
819.2,1638.4,833.2486,1624.1737,0.93644667
838.7048,1638.4,851.98315,1623.9813,0.68967545
858.20953,1638.4,871.64435,1623.8048,0.8219685
877.7143,1638.4,890.2393,1624.041,0.9679496
897.21906,1638.4,911.34534,1624.3867,0.98022485
916.7238,1638.4,930.9685,1623.9701,0.99300677
936.22864,1638.4,950.6452,1624.3379,0.96392536
955.7334,1638.4,968.9343,1623.874,0.92984456
975.23816,1638.4,987.805,1624.1375,0.78668535
994.7429,1638.4,1007.5995,1624.3177,0.7373931
1014.2477,1638.4,1028.4811,1624.3271,0.6368843
1033.7524,1638.4,1047.7761,1624.8983,0.7040476
1053.2572,1638.4,1066.4088,1624.5798,0.66418344
1072.762,1638.4,1086.0042,1624.3596,0.85407317
1092.2667,1638.4,1105.9968,1624.0508,0.96370256
1111.7715,1638.4,1125.2179,1624.0645,0.9331259
1131.2762,1638.4,1144.448,1624.2445,0.9383842
1150.781,1638.4,1165.8268,1624.9907,0.8798869
1170.2858,1638.4,1183.0638,1625.074,0.706788
1189.7905,1638.4,1202.365,1624.5967,0.3171847
1209.2953,1638.4,1221.2422,1625.187,0.6100424
1228.8,1638.4,1241.3068,1625.088,0.67145246
1248.3048,1638.4,1260.7078,1625.6938,0.98823696
1267.8096,1638.4,1281.8406,1624.7697,0.983097
1287.3143,1638.4,1300.3739,1624.502,0.88219476
1306.8191,1638.4,1320.1342,1625.1775,0.90869534
1326.3239,1638.4,1339.3213,1624.9968,0.9179852
1345.8286,1638.4,1359.8563,1624.9686,0.9448902
1365.3334,1638.4,1378.8467,1624.795,0.8988319
1384.8381,1638.4,1397.7252,1624.7947,0.6868226
1404.3429,1638.4,1416.448,1625.5533,0.93248874
1423.8477,1638.4,1435.7391,1624.9191,0.905528
1443.3524,1638.4,1457.3324,1625.1649,0.9309367
1521.3715,1638.4,1534.1785,1625.4694,0.76927406
1540.8762,1638.4,1555.0376,1626.1498,0.5021098
1560.381,1638.4,1574.7284,1626.0387,0.6748088
1579.8857,1638.4,1593.6816,1625.1143,0.858359
1599.3905,1638.4,1612.5315,1625.3582,0.95281965
1618.8953,1638.4,1633.2491,1625.4161,0.89302075
1638.4,1638.4,1653.4554,1626.7172,0.8057249
1677.4095,1638.4,1691.592,1626.615,0.9019631
1696.9143,1638.4,1710.1765,1626.51,0.89236456
1716.4191,1638.4,1730.7871,1626.3035,0.6044316
1735.9238,1638.4,1750.0627,1626.0914,0.8765042
1755.4286,1638.4,1769.5721,1625.921,0.5267333
1794.4381,1638.4,1809.1471,1625.315,0.6804689
1813.9429,1638.4,1828.4578,1625.833,0.9619752
1833.4476,1638.4,1846.8231,1625.9438,0.92076445
1852.9524,1638.4,1867.3993,1625.79,0.87588
1872.4573,1638.4,1885.6387,1626.497,0.6278369
1891.962,1638.4,1905.9082,1627.2517,0.908085
1911.4668,1638.4,1925.3734,1626.5039,0.7047964
1930.9716,1638.4,1943.7559,1626.399,0.6476353
1950.4763,1638.4,1964.6117,1627.0073,0.575729
39.009525,1657.9048,51.186974,1641.8386,0.89418787
58.51429,1657.9048,70.589005,1642.2605,0.69545025
78.01905,1657.9048,90.01596,1642.113,0.9375757
97.52381,1657.9048,109.40732,1642.8834,0.973942
117.02858,1657.9048,130.68883,1642.5712,0.95401174
136.53334,1657.9048,149.37448,1642.925,0.9693264
156.0381,1657.9048,170.41156,1643.705,0.9547738
195.04762,1657.9048,210.13547,1643.6941,0.9972226
214.55238,1657.9048,228.2363,1642.5459,0.99119407
234.05716,1657.9048,245.87192,1642.2247,0.5791013
351.08572,1657.9048,365.2522,1642.3259,0.8846315
370.59048,1657.9048,383.34952,1642.922,0.94993824
390.09525,1657.9048,402.86353,1643.3602,0.90374464
409.6,1657.9048,422.45303,1643.224,0.9800398
429.10477,1657.9048,443.29083,1643.9896,0.87565523
448.60953,1657.9048,461.6254,1643.8636,0.8655189
468.11432,1657.9048,481.18924,1643.466,0.92213744
487.61908,1657.9048,500.79437,1643.0236,0.97777635
507.12384,1657.9048,521.27423,1643.4285,0.98201233
526.6286,1657.9048,541.2181,1643.6051,0.9779117
546.13336,1657.9048,559.353,1642.738,0.9714192
565.6381,1657.9048,578.9177,1643.2377,0.99469894
585.1429,1657.9048,597.69037,1642.8761,0.9634491
604.64764,1657.9048,617.58673,1642.7401,0.9136649
624.1524,1657.9048,637.8291,1643.0576,0.9406922
643.65717,1657.9048,659.0649,1643.257,0.9787401
663.1619,1657.9048,677.6793,1643.2903,0.99196386
682.6667,1657.9048,695.7537,1643.5292,0.78200096
702.17145,1657.9048,715.5287,1644.3539,0.64447063
721.6762,1657.9048,735.03784,1643.9486,0.7387505
741.18097,1657.9048,754.61475,1643.8636,0.6444275
760.6857,1657.9048,774.83026,1643.6655,0.31406042
780.1905,1657.9048,795.34094,1643.7638,0.8873881
799.69525,1657.9048,812.8507,1643.5645,0.8478817
819.2,1657.9048,832.72034,1643.5481,0.96318156
838.7048,1657.9048,852.17993,1644.196,0.864819
858.20953,1657.9048,871.0128,1643.6086,0.88526934
877.7143,1657.9048,891.359,1643.5587,0.9328598
897.21906,1657.9048,911.2854,1643.5074,0.989217
916.7238,1657.9048,931.2801,1643.2437,0.98678595
936.22864,1657.9048,950.5635,1643.605,0.97592807
955.7334,1657.9048,969.25116,1643.5758,0.9283067
975.23816,1657.9048,987.2912,1643.1519,0.94357306
994.7429,1657.9048,1008.83514,1643.4918,0.68926865
1014.2477,1657.9048,1027.64,1643.9948,0.926704
1033.7524,1657.9048,1047.4536,1643.9012,0.69974035
1053.2572,1657.9048,1066.1555,1644.1636,0.6246975
1072.762,1657.9048,1085.7313,1644.3945,0.71037394
1092.2667,1657.9048,1104.5907,1644.4391,0.67100495
1111.7715,1657.9048,1124.1235,1643.9346,0.96625525
1131.2762,1657.9048,1143.6163,1643.3257,0.96920574
1150.781,1657.9048,1162.5518,1643.8162,0.88980615
1170.2858,1657.9048,1183.0951,1644.4788,0.9372077
1189.7905,1657.9048,1202.4741,1644.32,0.49923733
1228.8,1657.9048,1241.6022,1644.3928,0.67990375
1248.3048,1657.9048,1260.4526,1644.2701,0.99708587
1267.8096,1657.9048,1281.7839,1644.3932,0.988224
1287.3143,1657.9048,1300.916,1644.8937,0.92963773
1306.8191,1657.9048,1320.07,1644.1621,0.8738503
1326.3239,1657.9048,1339.0868,1644.2794,0.7565867
1345.8286,1657.9048,1358.9105,1644.6113,0.90756327
1365.3334,1657.9048,1378.4426,1643.9412,0.8162715
1384.8381,1657.9048,1396.9897,1643.8514,0.89164484
1404.3429,1657.9048,1416.5635,1644.6533,0.95779
1423.8477,1657.9048,1435.8628,1644.9111,0.8464122
1443.3524,1657.9048,1456.6608,1645.5049,0.91176087
1462.8572,1657.9048,1477.1968,1644.0837,0.4395227
1482.3619,1657.9048,1496.6561,1645.493,0.7897088
1501.8667,1657.9048,1514.9536,1644.0908,0.35191897
1521.3715,1657.9048,1533.9515,1645.0133,0.25297576
1540.8762,1657.9048,1554.7,1644.9087,0.9114982
1560.381,1657.9048,1574.2852,1644.5454,0.7325091
1579.8857,1657.9048,1593.7397,1645.791,0.6400703
1599.3905,1657.9048,1612.292,1646.3206,0.4811807
1618.8953,1657.9048,1632.1602,1645.2968,0.80260366
1638.4,1657.9048,1652.3811,1645.5203,0.62549186
1677.4095,1657.9048,1691.0917,1644.1763,0.91505677
1696.9143,1657.9048,1711.8208,1645.7863,0.98474944
1716.4191,1657.9048,1730.3856,1646.6779,0.66278553
1735.9238,1657.9048,1749.7623,1645.4807,0.5487972
1755.4286,1657.9048,1770.592,1645.4045,0.9447241
1774.9333,1657.9048,1788.984,1644.8082,0.8819976
1833.4476,1657.9048,1847.5867,1644.9572,0.7714274
1872.4573,1657.9048,1886.0208,1646.7437,0.8611039
1891.962,1657.9048,1905.2927,1645.6913,0.9363966
1911.4668,1657.9048,1925.0521,1646.9653,0.8502437
1930.9716,1657.9048,1943.0247,1646.2413,0.78590924
1950.4763,1657.9048,1964.778,1647.6038,0.37887195
1969.9811,1657.9048,1984.6226,1646.1913,0.5613426
58.51429,1677.4095,71.64582,1662.1206,0.31751236
78.01905,1677.4095,89.552216,1662.0623,0.9459035
97.52381,1677.4095,109.46295,1661.6854,0.9715029
117.02858,1677.4095,129.60603,1661.6937,0.97598374
136.53334,1677.4095,150.24904,1661.7933,0.9908697
156.0381,1677.4095,170.22502,1662.4547,0.9808001
175.54286,1677.4095,188.0785,1662.5494,0.9945322
195.04762,1677.4095,208.63937,1662.9985,0.99396926
214.55238,1677.4095,227.59933,1661.5574,0.9930673
234.05716,1677.4095,247.5639,1661.9282,0.87002075
331.58096,1677.4095,347.00534,1661.7538,0.4857754
351.08572,1677.4095,364.7185,1662.7172,0.8095285
370.59048,1677.4095,383.24548,1662.468,0.829648
390.09525,1677.4095,403.36182,1662.326,0.51865226
409.6,1677.4095,425.0679,1662.5227,0.9644635
429.10477,1677.4095,443.8974,1662.6637,0.9738418
448.60953,1677.4095,461.95798,1662.7506,0.95358294
468.11432,1677.4095,481.02014,1662.1987,0.841991
487.61908,1677.4095,501.15094,1663.0652,0.9285482
507.12384,1677.4095,520.6341,1663.1221,0.9750186
526.6286,1677.4095,539.3022,1662.7755,0.9507916
546.13336,1677.4095,559.33856,1662.077,0.980934
565.6381,1677.4095,579.61975,1662.6832,0.9393314
585.1429,1677.4095,599.5531,1662.5409,0.75971025
604.64764,1677.4095,618.67645,1662.3469,0.8174085
624.1524,1677.4095,637.65063,1662.5084,0.9213425
643.65717,1677.4095,659.2303,1662.4006,0.9613911
663.1619,1677.4095,677.67456,1662.6921,0.9955542
682.6667,1677.4095,697.0441,1662.8872,0.94924146
702.17145,1677.4095,715.9669,1662.9941,0.7893532
721.6762,1677.4095,735.1189,1663.1051,0.92475605
741.18097,1677.4095,755.23676,1663.1107,0.6246
760.6857,1677.4095,773.20886,1662.3759,0.66563445
780.1905,1677.4095,793.8174,1663.5521,0.74216515
799.69525,1677.4095,813.1443,1663.1593,0.8343049
819.2,1677.4095,831.69666,1662.7231,0.8885647
838.7048,1677.4095,851.9807,1663.4624,0.775814
858.20953,1677.4095,872.4864,1663.0854,0.853802
877.7143,1677.4095,892.2429,1663.1558,0.9391366
897.21906,1677.4095,911.08496,1663.1163,0.9760257
916.7238,1677.4095,930.54224,1663.2755,0.9916198
936.22864,1677.4095,949.843,1663.0052,0.99684876
955.7334,1677.4095,968.1542,1663.2223,0.774445
975.23816,1677.4095,988.1581,1663.2395,0.8719082
994.7429,1677.4095,1007.8418,1663.3936,0.9227668
1014.2477,1677.4095,1028.496,1664.1587,0.9697135
1033.7524,1677.4095,1045.7267,1663.2612,0.89598536
1053.2572,1677.4095,1066.0968,1663.3069,0.8752687
1072.762,1677.4095,1085.1282,1663.4849,0.7322744
1092.2667,1677.4095,1105.3463,1663.4928,0.56115633
1111.7715,1677.4095,1123.1108,1663.8779,0.8961756
1131.2762,1677.4095,1142.7604,1662.9357,0.9129975
1150.781,1677.4095,1163.3651,1663.0978,0.9811875
1170.2858,1677.4095,1182.1168,1663.9886,0.9585656
1189.7905,1677.4095,1204.0626,1663.4764,0.67585677
1228.8,1677.4095,1240.517,1663.333,0.91959035
1248.3048,1677.4095,1261.1914,1663.4473,0.9943254
1267.8096,1677.4095,1282.1501,1663.2091,0.9906811
1287.3143,1677.4095,1299.9398,1663.8665,0.9967432
1306.8191,1677.4095,1319.1022,1665.8417,0.98352855
1326.3239,1677.4095,1339.2354,1664.9534,0.4072586
1345.8286,1677.4095,1358.8938,1663.6927,0.93444186
1365.3334,1677.4095,1379.1243,1664.9841,0.95407903
1384.8381,1677.4095,1398.0624,1664.4503,0.93658227
1404.3429,1677.4095,1417.8306,1664.833,0.9349671
1423.8477,1677.4095,1438.4384,1664.1649,0.9606832
1443.3524,1677.4095,1456.1914,1664.2667,0.8969964
1462.8572,1677.4095,1475.9927,1663.7927,0.84752965
1482.3619,1677.4095,1495.4745,1663.8854,0.8457607
1501.8667,1677.4095,1515.1613,1663.4995,0.37261665
1521.3715,1677.4095,1534.785,1663.934,0.7322456
1540.8762,1677.4095,1555.3063,1663.8888,0.9408069
1560.381,1677.4095,1574.3306,1665.5413,0.45974958
1579.8857,1677.4095,1593.3981,1664.297,0.5790993
1599.3905,1677.4095,1612.0603,1664.862,0.76905185
1618.8953,1677.4095,1631.9852,1664.6647,0.96094084
1638.4,1677.4095,1650.7811,1664.723,0.94407195
1657.9048,1677.4095,1672.583,1665.3779,0.9509865
1677.4095,1677.4095,1692.0009,1664.841,0.9466728
1696.9143,1677.4095,1711.6791,1665.1078,0.977001
1716.4191,1677.4095,1730.395,1665.754,0.92519236
1735.9238,1677.4095,1749.9033,1665.1442,0.97865826
1755.4286,1677.4095,1768.4064,1665.7183,0.9198233
1774.9333,1677.4095,1788.906,1664.6915,0.6336039
1794.4381,1677.4095,1808.3536,1664.4679,0.5159577
1813.9429,1677.4095,1828.9977,1665.4458,0.91718835
1833.4476,1677.4095,1847.4629,1664.781,0.95173967
1852.9524,1677.4095,1866.399,1664.2981,0.9072419
1872.4573,1677.4095,1885.5522,1664.1653,0.8559893
1891.962,1677.4095,1905.7714,1666.1451,0.894181
1911.4668,1677.4095,1924.0983,1666.1691,0.75078833
1930.9716,1677.4095,1944.9576,1666.1744,0.51619
1950.4763,1677.4095,1963.8079,1665.4551,0.37229934
1969.9811,1677.4095,1984.4584,1666.2649,0.6576212
58.51429,1696.9143,72.2051,1681.2281,0.72603554
78.01905,1696.9143,90.613174,1681.5527,0.827684
97.52381,1696.9143,110.61246,1681.0856,0.9389458
117.02858,1696.9143,130.43813,1681.8464,0.98082864
136.53334,1696.9143,150.31334,1681.1464,0.98805493
156.0381,1696.9143,169.50108,1681.4774,0.9917059
175.54286,1696.9143,188.93028,1681.9896,0.9913117
195.04762,1696.9143,207.74352,1682.06,0.9956616
214.55238,1696.9143,227.0878,1681.6985,0.9770729
234.05716,1696.9143,248.74242,1681.2743,0.95962685
351.08572,1696.9143,364.42508,1681.7386,0.9817786
370.59048,1696.9143,383.85248,1681.8047,0.5976128
390.09525,1696.9143,403.0366,1680.7166,0.92149943
409.6,1696.9143,422.76862,1682.0072,0.9818745
429.10477,1696.9143,443.0699,1681.7686,0.99730855
448.60953,1696.9143,461.97726,1682.0515,0.9954938
468.11432,1696.9143,481.86423,1682.2705,0.98816675
487.61908,1696.9143,500.79135,1681.9424,0.9794278
507.12384,1696.9143,520.2252,1682.0344,0.99077165
526.6286,1696.9143,540.4954,1682.5027,0.98970747
546.13336,1696.9143,559.3553,1682.3267,0.98950136
565.6381,1696.9143,579.9073,1682.4825,0.920192
585.1429,1696.9143,600.3107,1682.9078,0.7319905
604.64764,1696.9143,617.5996,1682.1967,0.908017
624.1524,1696.9143,637.7553,1682.1349,0.9570876
643.65717,1696.9143,659.2084,1682.2579,0.9889888
663.1619,1696.9143,677.2566,1681.787,0.9971272
682.6667,1696.9143,695.8889,1682.1132,0.9799249
702.17145,1696.9143,715.76117,1682.7488,0.9683831
721.6762,1696.9143,736.5025,1682.4479,0.96562827
741.18097,1696.9143,755.172,1682.6816,0.5793647
760.6857,1696.9143,772.2671,1683.0458,0.5856731
780.1905,1696.9143,793.7752,1682.7421,0.9495449
799.69525,1696.9143,813.59644,1682.9906,0.9579228
819.2,1696.9143,832.04266,1682.267,0.87849474
838.7048,1696.9143,852.2435,1683.3502,0.8373569
858.20953,1696.9143,871.1041,1682.611,0.9507238
877.7143,1696.9143,892.3728,1683.1599,0.9549087
897.21906,1696.9143,911.745,1682.3063,0.9401125
916.7238,1696.9143,929.44135,1683.0315,0.9865866
936.22864,1696.9143,949.14825,1682.5613,0.99326366
955.7334,1696.9143,967.8011,1682.3208,0.9796408
975.23816,1696.9143,987.3075,1682.3507,0.9641391
994.7429,1696.9143,1008.6774,1682.9773,0.8595117
1014.2477,1696.9143,1029.4208,1683.2483,0.9695965
1033.7524,1696.9143,1046.7639,1683.0148,0.9778802
1053.2572,1696.9143,1066.5804,1683.3629,0.91556925
1072.762,1696.9143,1086.3087,1682.5182,0.82189655
1092.2667,1696.9143,1105.7018,1682.721,0.32433328
1111.7715,1696.9143,1125.2064,1682.4646,0.79505736
1131.2762,1696.9143,1145.3566,1682.5784,0.8601857
1150.781,1696.9143,1162.4014,1682.4686,0.72020644
1170.2858,1696.9143,1182.3806,1683.7819,0.8182407
1209.2953,1696.9143,1222.5394,1682.2258,0.49388033
1228.8,1696.9143,1242.9398,1683.2822,0.9191241
1248.3048,1696.9143,1261.4425,1683.5267,0.99109936
1267.8096,1696.9143,1281.7921,1682.3761,0.99772626
1287.3143,1696.9143,1300.6318,1682.5941,0.99801564
1306.8191,1696.9143,1320.5225,1683.1469,0.9854974
1326.3239,1696.9143,1338.9814,1683.7843,0.6832824
1345.8286,1696.9143,1358.5155,1684.1376,0.9844199
1365.3334,1696.9143,1379.2817,1684.2257,0.9501477
1384.8381,1696.9143,1398.8354,1684.2183,0.9490475
1404.3429,1696.9143,1417.4548,1684.0173,0.9782091
1423.8477,1696.9143,1436.4839,1684.414,0.90778726
1443.3524,1696.9143,1455.8385,1684.6456,0.95189345
1462.8572,1696.9143,1475.864,1683.872,0.54428166
1482.3619,1696.9143,1494.3774,1684.6478,0.84711874
1501.8667,1696.9143,1514.9133,1683.8688,0.79875267
1521.3715,1696.9143,1535.1001,1684.2175,0.78201646
1540.8762,1696.9143,1555.1351,1683.853,0.721404
1560.381,1696.9143,1574.4844,1683.4589,0.42974338
1579.8857,1696.9143,1593.062,1684.258,0.31302294
1599.3905,1696.9143,1612.2625,1683.9797,0.7847666
1618.8953,1696.9143,1631.7979,1685.2885,0.97534883
1638.4,1696.9143,1652.632,1684.7183,0.98893905
1657.9048,1696.9143,1672.031,1683.4359,0.97830653
1677.4095,1696.9143,1691.9745,1683.4521,0.8049378
1696.9143,1696.9143,1710.1729,1685.1674,0.88031405
1716.4191,1696.9143,1731.0281,1685.5406,0.74939364
1735.9238,1696.9143,1750.6752,1684.3647,0.9446778
1755.4286,1696.9143,1768.5249,1683.6752,0.9133673
1774.9333,1696.9143,1788.4047,1684.9637,0.61854523
1794.4381,1696.9143,1807.6205,1685.0847,0.32651308
1813.9429,1696.9143,1827.7981,1684.5941,0.90704954
1833.4476,1696.9143,1847.7297,1685.2634,0.92741966
1852.9524,1696.9143,1867.6139,1685.3124,0.91665685
1891.962,1696.9143,1904.7645,1685.7715,0.38930526
1911.4668,1696.9143,1924.1808,1685.7417,0.37821648
1930.9716,1696.9143,1944.581,1685.5822,0.60722274
1950.4763,1696.9143,1965.1666,1685.4431,0.66494465
1969.9811,1696.9143,1984.9612,1685.8944,0.828929
39.009525,1716.4191,53.231415,1701.2792,0.46603447
58.51429,1716.4191,72.20089,1699.6887,0.43302473
78.01905,1716.4191,91.21191,1701.0157,0.3826552
97.52381,1716.4191,113.00065,1700.6538,0.6680958
117.02858,1716.4191,131.27005,1702.72,0.87315035
136.53334,1716.4191,149.92122,1700.6412,0.9885102
156.0381,1716.4191,169.94063,1700.8109,0.9850759
175.54286,1716.4191,188.51927,1701.2754,0.9953467
195.04762,1716.4191,207.87422,1701.0808,0.99563956
214.55238,1716.4191,227.89372,1700.4282,0.9394873
234.05716,1716.4191,248.29378,1700.2434,0.8905995
253.56192,1716.4191,266.39444,1701.8823,0.3486328
331.58096,1716.4191,347.15573,1701.4391,0.92927104
351.08572,1716.4191,365.05377,1701.6771,0.9483029
370.59048,1716.4191,384.9552,1701.2985,0.96154946
390.09525,1716.4191,403.5951,1701.0562,0.876163
409.6,1716.4191,422.1204,1700.8358,0.942961
429.10477,1716.4191,442.48926,1701.4121,0.9375778
448.60953,1716.4191,461.91476,1701.7804,0.99774945
468.11432,1716.4191,481.98328,1701.4033,0.9900578
487.61908,1716.4191,500.25885,1701.2136,0.95534915
507.12384,1716.4191,520.06946,1701.4766,0.9804156
526.6286,1716.4191,539.8769,1701.4778,0.9949869
546.13336,1716.4191,559.1048,1701.4835,0.97188205
565.6381,1716.4191,577.9398,1702.0786,0.648129
585.1429,1716.4191,598.4313,1701.9467,0.73953694
604.64764,1716.4191,616.6087,1701.8219,0.9307999
624.1524,1716.4191,637.18274,1702.234,0.95614564
643.65717,1716.4191,657.7542,1701.6351,0.9856119
663.1619,1716.4191,674.3553,1701.4684,0.9789093
682.6667,1716.4191,696.8854,1701.8114,0.97655326
702.17145,1716.4191,715.76764,1703.0328,0.94415677
721.6762,1716.4191,735.5208,1702.3147,0.9811358
741.18097,1716.4191,755.1229,1702.4712,0.8642416
760.6857,1716.4191,772.44446,1702.0792,0.8002215
780.1905,1716.4191,792.4865,1701.7502,0.9686533
799.69525,1716.4191,814.7225,1702.275,0.96461385
819.2,1716.4191,831.5882,1702.77,0.40072507
838.7048,1716.4191,851.468,1702.2476,0.94028527
858.20953,1716.4191,872.30475,1701.9656,0.8990561
877.7143,1716.4191,890.8881,1701.9044,0.87762004
897.21906,1716.4191,910.9434,1701.7954,0.9713201
916.7238,1716.4191,929.93945,1701.9802,0.9750437
936.22864,1716.4191,948.77295,1702.2091,0.986916
955.7334,1716.4191,967.9197,1702.3041,0.9823845
975.23816,1716.4191,988.0959,1702.0231,0.87825835
994.7429,1716.4191,1009.00934,1702.4578,0.8733338
1014.2477,1716.4191,1028.4247,1702.6378,0.9438685
1033.7524,1716.4191,1046.3748,1702.5336,0.8536889
1053.2572,1716.4191,1066.359,1701.9368,0.9204826
1072.762,1716.4191,1087.0404,1702.253,0.24907964
1092.2667,1716.4191,1105.5382,1702.187,0.50860333
1111.7715,1716.4191,1125.3733,1702.8124,0.5816322
1131.2762,1716.4191,1144.9037,1702.2776,0.8016431
1150.781,1716.4191,1163.821,1702.7814,0.91351366
1170.2858,1716.4191,1183.325,1703.4309,0.60683036
1209.2953,1716.4191,1221.5914,1701.9752,0.37058958
1228.8,1716.4191,1241.8661,1703.1243,0.9027011
1248.3048,1716.4191,1259.9739,1702.2352,0.9759595
1267.8096,1716.4191,1280.6202,1702.5914,0.9938872
1287.3143,1716.4191,1299.1003,1702.6792,0.99741685
1306.8191,1716.4191,1319.6252,1703.0771,0.9964391
1326.3239,1716.4191,1338.6473,1703.2206,0.97860056
1345.8286,1716.4191,1358.112,1702.8909,0.99657184
1365.3334,1716.4191,1377.399,1702.6041,0.9779067
1384.8381,1716.4191,1398.2825,1701.6212,0.9826261
1404.3429,1716.4191,1417.1322,1703.7924,0.9440574
1423.8477,1716.4191,1437.5525,1704.1146,0.7137648
1443.3524,1716.4191,1456.4204,1703.2218,0.98065376
1462.8572,1716.4191,1476.5591,1703.3236,0.5201261
1482.3619,1716.4191,1494.7948,1703.3406,0.47674003
1501.8667,1716.4191,1515.6338,1703.0406,0.8832387
1521.3715,1716.4191,1536.271,1702.9896,0.9400657
1540.8762,1716.4191,1555.4852,1703.1012,0.8099636
1560.381,1716.4191,1574.0033,1703.3733,0.6841799
1579.8857,1716.4191,1592.5022,1703.1172,0.27108574
1599.3905,1716.4191,1612.3665,1702.6483,0.74534845
1618.8953,1716.4191,1632.2844,1703.668,0.97938514
1638.4,1716.4191,1652.3491,1703.6674,0.9944418
1657.9048,1716.4191,1673.1573,1703.1421,0.977312
1677.4095,1716.4191,1692.8179,1705.0637,0.95653236
1696.9143,1716.4191,1710.5375,1703.5935,0.68553406
1716.4191,1716.4191,1730.5243,1704.5643,0.7606354
1735.9238,1716.4191,1749.7047,1704.0035,0.88827085
1755.4286,1716.4191,1768.8838,1704.3695,0.689674
1774.9333,1716.4191,1789.909,1704.0553,0.55702585
1794.4381,1716.4191,1807.8297,1704.2739,0.49896276
1813.9429,1716.4191,1826.8822,1703.5675,0.8265347
1833.4476,1716.4191,1845.8121,1703.6232,0.9554102
1852.9524,1716.4191,1867.1497,1704.9185,0.8657628
1872.4573,1716.4191,1884.6958,1704.1912,0.6680146
1891.962,1716.4191,1905.5996,1704.4431,0.4546042
1911.4668,1716.4191,1925.4813,1706.8075,0.3692495
1969.9811,1716.4191,1984.0662,1706.9648,0.36722136
78.01905,1735.9238,92.81812,1720.872,0.7535001
97.52381,1735.9238,113.069275,1720.1782,0.90191936
117.02858,1735.9238,132.00531,1720.4106,0.9442458
136.53334,1735.9238,150.54718,1720.9119,0.99156475
156.0381,1735.9238,168.77534,1721.2594,0.9944211
175.54286,1735.9238,187.94798,1720.535,0.9956962
195.04762,1735.9238,207.61784,1720.4706,0.98285663
214.55238,1735.9238,228.27368,1719.6371,0.7776529
234.05716,1735.9238,246.54549,1720.7262,0.89220405
253.56192,1735.9238,266.85944,1721.1489,0.2582548
331.58096,1735.9238,345.8053,1721.1078,0.8781819
370.59048,1735.9238,385.90515,1721.1349,0.9842425
390.09525,1735.9238,404.40887,1720.76,0.9916713
409.6,1735.9238,422.44116,1720.7766,0.99380744
429.10477,1735.9238,443.0278,1720.8901,0.9876668
448.60953,1735.9238,461.72192,1720.9985,0.97181726
468.11432,1735.9238,483.16806,1721.6649,0.96718055
487.61908,1735.9238,499.7579,1721.451,0.994044
507.12384,1735.9238,520.70593,1720.8171,0.9902139
526.6286,1735.9238,539.66187,1721.2529,0.9963086
546.13336,1735.9238,560.06635,1720.6636,0.9959682
565.6381,1735.9238,578.2679,1721.164,0.9740656
585.1429,1735.9238,597.38477,1721.6895,0.9395299
604.64764,1735.9238,617.138,1721.3396,0.9419809
624.1524,1735.9238,636.3111,1720.9285,0.9558671
643.65717,1735.9238,656.0473,1721.0552,0.9899912
663.1619,1735.9238,676.6005,1721.2122,0.9978187
682.6667,1735.9238,696.81366,1720.8165,0.9943179
702.17145,1735.9238,715.88226,1721.4957,0.9950533
721.6762,1735.9238,735.5918,1721.5261,0.95107204
741.18097,1735.9238,754.4914,1720.9836,0.87533695
760.6857,1735.9238,772.55774,1720.7202,0.899245
780.1905,1735.9238,792.38806,1720.9066,0.8641079
799.69525,1735.9238,813.67645,1722.1227,0.89708024
819.2,1735.9238,831.66797,1721.1417,0.69450885
838.7048,1735.9238,853.0645,1721.611,0.96642965
858.20953,1735.9238,871.2519,1721.6401,0.76465267
877.7143,1735.9238,891.94257,1721.69,0.78725356
897.21906,1735.9238,912.0005,1721.9414,0.90089214
916.7238,1735.9238,930.8384,1721.528,0.96137553
936.22864,1735.9238,948.7621,1721.5525,0.8969256
955.7334,1735.9238,968.46246,1722.2245,0.6987834
975.23816,1735.9238,989.1018,1722.1476,0.54221785
994.7429,1735.9238,1007.66895,1722.5303,0.47910815
1014.2477,1735.9238,1027.3839,1722.51,0.69575995
1033.7524,1735.9238,1046.8976,1722.8666,0.4402
1053.2572,1735.9238,1067.404,1722.2407,0.40770012
1072.762,1735.9238,1085.4619,1721.8279,0.61924505
1111.7715,1735.9238,1124.9794,1722.1694,0.41852722
1131.2762,1735.9238,1143.1686,1722.1302,0.94190335
1150.781,1735.9238,1163.7217,1721.6421,0.94439715
1228.8,1735.9238,1241.8193,1721.6885,0.7092932
1248.3048,1735.9238,1262.0868,1723.2975,0.9458321
1267.8096,1735.9238,1281.7727,1722.0424,0.96794385
1287.3143,1735.9238,1299.3308,1723.1969,0.98791146
1306.8191,1735.9238,1318.9255,1724.3726,0.98971367
1326.3239,1735.9238,1338.7941,1722.0804,0.9797865
1345.8286,1735.9238,1357.6731,1721.5403,0.9758531
1365.3334,1735.9238,1377.5111,1723.203,0.991501
1384.8381,1735.9238,1398.9158,1721.8367,0.99667454
1404.3429,1735.9238,1417.6412,1724.0228,0.98239106
1423.8477,1735.9238,1437.0538,1723.7506,0.9484601
1443.3524,1735.9238,1456.6229,1723.7347,0.9794227
1462.8572,1735.9238,1475.3715,1722.456,0.8676026
1482.3619,1735.9238,1494.8735,1722.8129,0.94568425
1501.8667,1735.9238,1515.9441,1722.4564,0.7742489
1521.3715,1735.9238,1534.7656,1722.8185,0.90053344
1540.8762,1735.9238,1554.6465,1722.1327,0.9908318
1560.381,1735.9238,1575.736,1723.4639,0.92137736
1579.8857,1735.9238,1593.3108,1723.6392,0.4602681
1599.3905,1735.9238,1613.5947,1724.0074,0.8368358
1618.8953,1735.9238,1632.3035,1722.897,0.90590084
1638.4,1735.9238,1651.2115,1722.5338,0.9826059
1677.4095,1735.9238,1691.5485,1722.0256,0.9599985
1696.9143,1735.9238,1710.7133,1722.398,0.7668857
1716.4191,1735.9238,1730.3748,1724.8673,0.9137843
1735.9238,1735.9238,1749.4633,1724.6238,0.41455284
1755.4286,1735.9238,1769.1895,1723.4714,0.8514478
1774.9333,1735.9238,1788.3423,1723.5168,0.706714
1794.4381,1735.9238,1807.4727,1724.1039,0.73419666
1813.9429,1735.9238,1827.4861,1724.3821,0.8773291
1833.4476,1735.9238,1847.4258,1723.3589,0.9789862
1852.9524,1735.9238,1865.9901,1724.1792,0.76236564
1891.962,1735.9238,1907.0431,1724.7931,0.3283918
1950.4763,1735.9238,1965.7034,1727.3212,0.30085847
78.01905,1755.4286,91.2006,1740.4137,0.35176662
97.52381,1755.4286,110.56527,1740.5096,0.6060404
117.02858,1755.4286,131.16972,1739.4084,0.98986566
136.53334,1755.4286,150.18971,1740.4479,0.9985619
156.0381,1755.4286,168.90901,1740.1686,0.9964431
175.54286,1755.4286,187.81207,1740.2499,0.9955065
195.04762,1755.4286,209.20349,1740.7177,0.9866861
214.55238,1755.4286,230.24953,1739.3562,0.98304516
234.05716,1755.4286,247.05038,1739.1233,0.9623327
253.56192,1755.4286,266.4965,1737.7089,0.73555154
312.0762,1755.4286,325.69717,1739.1486,0.5789938
331.58096,1755.4286,345.19373,1740.821,0.95818114
351.08572,1755.4286,364.83755,1740.3259,0.9781283
370.59048,1755.4286,384.13803,1739.6598,0.9707988
390.09525,1755.4286,403.02017,1739.9377,0.8840066
409.6,1755.4286,423.8094,1740.3728,0.9946259
429.10477,1755.4286,441.87927,1739.8724,0.99418145
448.60953,1755.4286,462.09357,1740.0221,0.8702743
468.11432,1755.4286,481.71085,1740.8604,0.9601135
487.61908,1755.4286,501.43826,1741.1696,0.99409616
507.12384,1755.4286,521.23346,1740.6453,0.996703
526.6286,1755.4286,540.6074,1740.5859,0.990426
546.13336,1755.4286,559.9392,1740.7631,0.99417377
565.6381,1755.4286,577.8439,1740.7615,0.95974225
585.1429,1755.4286,597.0717,1740.5459,0.89107114
604.64764,1755.4286,616.5008,1740.4524,0.9455922
624.1524,1755.4286,636.4913,1740.6876,0.9159377
643.65717,1755.4286,656.48804,1740.6837,0.9727074
663.1619,1755.4286,678.76654,1741.0824,0.9874913
682.6667,1755.4286,697.9638,1741.1642,0.9957059
702.17145,1755.4286,715.4935,1740.8021,0.99571514
721.6762,1755.4286,735.66864,1740.7015,0.9532514
741.18097,1755.4286,755.1292,1741.503,0.9311554
760.6857,1755.4286,773.52527,1741.2407,0.78738636
780.1905,1755.4286,794.25183,1740.87,0.7113921
799.69525,1755.4286,812.4951,1741.3495,0.659867
819.2,1755.4286,832.71857,1741.1525,0.94523025
838.7048,1755.4286,851.5205,1741.0676,0.9778668
858.20953,1755.4286,871.3434,1740.3777,0.9930133
877.7143,1755.4286,892.21295,1740.0906,0.7552229
897.21906,1755.4286,912.1423,1741.092,0.8187711
936.22864,1755.4286,950.44257,1740.9855,0.76435095
955.7334,1755.4286,970.9923,1741.8605,0.80915666
975.23816,1755.4286,988.7946,1741.5837,0.71354043
994.7429,1755.4286,1008.7783,1741.6832,0.8680713
1014.2477,1755.4286,1028.7058,1740.985,0.8781382
1033.7524,1755.4286,1047.7677,1740.6249,0.73024595
1053.2572,1755.4286,1065.311,1740.7577,0.27234486
1072.762,1755.4286,1085.237,1740.8834,0.43677232
1111.7715,1755.4286,1123.4985,1741.252,0.76664686
1131.2762,1755.4286,1142.7202,1741.1876,0.87505525
1150.781,1755.4286,1164.8583,1741.2688,0.8931154
1248.3048,1755.4286,1262.2039,1741.9115,0.8906625
1267.8096,1755.4286,1280.5215,1741.6365,0.8832785
1287.3143,1755.4286,1299.4575,1741.7827,0.9938203
1306.8191,1755.4286,1319.4753,1741.932,0.99089265
1326.3239,1755.4286,1339.7511,1741.524,0.98674476
1345.8286,1755.4286,1359.0535,1742.5325,0.92729366
1365.3334,1755.4286,1378.6667,1742.7428,0.9297055
1384.8381,1755.4286,1397.368,1742.468,0.98991734
1404.3429,1755.4286,1416.331,1741.6761,0.941736
1423.8477,1755.4286,1438.3536,1741.2993,0.9630255
1443.3524,1755.4286,1456.9126,1742.7966,0.9505842
1462.8572,1755.4286,1475.6438,1741.3501,0.8965156
1482.3619,1755.4286,1496.031,1741.4137,0.92124414
1501.8667,1755.4286,1515.9373,1741.5404,0.603983
1521.3715,1755.4286,1533.8182,1742.6301,0.52563715
1540.8762,1755.4286,1554.2262,1742.1837,0.96194136
1560.381,1755.4286,1573.9985,1743.3048,0.93900394
1579.8857,1755.4286,1593.4827,1743.8889,0.90784144
1599.3905,1755.4286,1612.9506,1742.1913,0.694466
1618.8953,1755.4286,1632.2614,1741.9354,0.974236
1638.4,1755.4286,1650.415,1742.463,0.9675713
1657.9048,1755.4286,1671.5957,1741.9427,0.95100814
1677.4095,1755.4286,1691.5962,1742.8356,0.9764777
1696.9143,1755.4286,1710.5502,1743.3663,0.71252805
1716.4191,1755.4286,1730.2142,1743.9645,0.90017027
1735.9238,1755.4286,1748.9042,1743.62,0.8123184
1755.4286,1755.4286,1769.3251,1743.6759,0.49897975
1774.9333,1755.4286,1788.8561,1743.7611,0.57662094
1794.4381,1755.4286,1807.9377,1743.5253,0.9621262
1813.9429,1755.4286,1827.1742,1742.9664,0.93572605
1833.4476,1755.4286,1845.7102,1743.5964,0.97299594
1852.9524,1755.4286,1865.9958,1743.9072,0.9004291
1872.4573,1755.4286,1885.723,1744.2632,0.5924937
1891.962,1755.4286,1906.0515,1744.485,0.25248188
1969.9811,1755.4286,1982.8175,1743.3018,0.5150588
58.51429,1774.9333,70.73825,1759.1287,0.28528023
78.01905,1774.9333,90.21355,1759.4989,0.5257996
97.52381,1774.9333,109.97673,1759.7006,0.93199116
117.02858,1774.9333,130.9398,1759.5723,0.9911177
136.53334,1774.9333,149.80154,1758.5913,0.9923054
156.0381,1774.9333,169.18112,1758.9032,0.9954337
175.54286,1774.9333,187.84586,1759.002,0.9901893
195.04762,1774.9333,207.97371,1759.3018,0.98041713
214.55238,1774.9333,227.84883,1759.9045,0.96841353
234.05716,1774.9333,246.92363,1759.4664,0.92550504
253.56192,1774.9333,268.6907,1759.7368,0.64157414
292.57144,1774.9333,304.97803,1760.3351,0.6403351
312.0762,1774.9333,325.61664,1759.5491,0.82570356
331.58096,1774.9333,344.4657,1759.7686,0.9186227
351.08572,1774.9333,365.16483,1759.4365,0.96387357
370.59048,1774.9333,383.55655,1759.975,0.98544955
390.09525,1774.9333,403.16818,1760.0706,0.9202538
409.6,1774.9333,424.76974,1759.6407,0.98815024
429.10477,1774.9333,444.4913,1758.9563,0.9894675
448.60953,1774.9333,462.86987,1759.9014,0.9841178
468.11432,1774.9333,481.58817,1759.9238,0.9868352
487.61908,1774.9333,500.47916,1760.4514,0.99655586
507.12384,1774.9333,520.09186,1760.151,0.9834024
526.6286,1774.9333,540.1955,1760.1815,0.9718957
546.13336,1774.9333,559.77795,1760.1106,0.9266881
565.6381,1774.9333,577.8719,1760.5504,0.8224918
585.1429,1774.9333,597.5234,1759.8298,0.91899335
604.64764,1774.9333,617.1827,1760.0277,0.9714592
624.1524,1774.9333,635.5694,1759.8386,0.87330925
643.65717,1774.9333,655.6962,1759.8422,0.960171
682.6667,1774.9333,697.3028,1760.0991,0.98146254
702.17145,1774.9333,714.72943,1760.1781,0.99338704
721.6762,1774.9333,734.64435,1761.3578,0.8986724
741.18097,1774.9333,754.26984,1760.7416,0.90946585
760.6857,1774.9333,774.43915,1761.4868,0.87211365
780.1905,1774.9333,793.55554,1761.0199,0.88703185
799.69525,1774.9333,813.03326,1760.4309,0.7173497
819.2,1774.9333,831.57666,1760.9069,0.90688145
838.7048,1774.9333,850.16046,1760.5052,0.9093528
858.20953,1774.9333,871.4072,1760.2742,0.88629663
877.7143,1774.9333,893.0232,1760.1437,0.7529823
936.22864,1774.9333,951.6703,1760.525,0.20813994
955.7334,1774.9333,971.70703,1760.066,0.6460005
975.23816,1774.9333,988.959,1760.3306,0.6694393
994.7429,1774.9333,1009.7387,1761.0513,0.9475934
1014.2477,1774.9333,1029.7816,1759.8639,0.9470024
1033.7524,1774.9333,1046.4572,1760.187,0.93424124
1053.2572,1774.9333,1066.6545,1760.0294,0.39221317
1111.7715,1774.9333,1125.643,1761.4463,0.6372661
1131.2762,1774.9333,1145.0975,1760.7023,0.62611717
1150.781,1774.9333,1163.8923,1761.2754,0.6389872
1248.3048,1774.9333,1262.711,1761.533,0.5352446
1267.8096,1774.9333,1281.0363,1761.3333,0.8960328
1287.3143,1774.9333,1300.7374,1760.6334,0.99448645
1306.8191,1774.9333,1319.9973,1760.8579,0.99619555
1326.3239,1774.9333,1339.7278,1761.7207,0.9665376
1345.8286,1774.9333,1360.1547,1762.4751,0.8875867
1365.3334,1774.9333,1378.707,1761.4177,0.87696487
1384.8381,1774.9333,1398.3945,1760.7552,0.9071192
1404.3429,1774.9333,1416.4613,1761.0847,0.9241844
1423.8477,1774.9333,1436.3931,1761.6398,0.81273764
1443.3524,1774.9333,1457.8245,1761.4889,0.5790904
1462.8572,1774.9333,1476.6864,1761.3414,0.6578908
1482.3619,1774.9333,1496.0691,1761.3168,0.87116486
1501.8667,1774.9333,1515.6989,1761.3733,0.8392599
1521.3715,1774.9333,1533.2931,1761.7125,0.6413071
1540.8762,1774.9333,1554.7483,1761.8296,0.9111837
1560.381,1774.9333,1571.798,1762.8352,0.9693618
1579.8857,1774.9333,1592.8942,1763.2567,0.89355505
1599.3905,1774.9333,1611.9719,1761.8556,0.9515064
1618.8953,1774.9333,1632.7432,1762.2682,0.84959435
1638.4,1774.9333,1652.2334,1763.0325,0.88858354
1657.9048,1774.9333,1671.275,1762.6866,0.9787439
1677.4095,1774.9333,1690.7219,1762.7983,0.9782981
1696.9143,1774.9333,1710.3854,1763.2662,0.9473524
1716.4191,1774.9333,1729.7117,1761.8164,0.8905291
1735.9238,1774.9333,1748.734,1762.637,0.9561901
1755.4286,1774.9333,1769.1798,1762.2726,0.9864817
1774.9333,1774.9333,1788.6375,1762.3235,0.99651986
1794.4381,1774.9333,1808.4058,1762.417,0.9924247
1813.9429,1774.9333,1828.7341,1763.2206,0.9969578
1833.4476,1774.9333,1847.3345,1762.3735,0.99755776
1852.9524,1774.9333,1866.8229,1762.8066,0.94976103
1872.4573,1774.9333,1886.4224,1763.6438,0.5248952
1911.4668,1774.9333,1926.2878,1765.7034,0.20118208
1930.9716,1774.9333,1945.1199,1762.2173,0.38972187
1950.4763,1774.9333,1964.7793,1762.8848,0.6563534
1969.9811,1774.9333,1985.1179,1763.5057,0.3180232
97.52381,1794.4381,110.32065,1779.2557,0.9518111
117.02858,1794.4381,128.99274,1778.7686,0.9652353
136.53334,1794.4381,150.30176,1777.9866,0.9873884
156.0381,1794.4381,168.95549,1778.0946,0.97652346
175.54286,1794.4381,186.53723,1778.9868,0.9701452
195.04762,1794.4381,207.22125,1778.4731,0.98338926
214.55238,1794.4381,226.96976,1779.3196,0.945395
234.05716,1794.4381,248.33969,1778.4446,0.8703827
253.56192,1794.4381,267.16153,1779.4564,0.460786
273.06668,1794.4381,285.47937,1778.7526,0.28166714
292.57144,1794.4381,305.57642,1779.7499,0.7422757
312.0762,1794.4381,324.70963,1779.4697,0.93650293
331.58096,1794.4381,342.84033,1779.4105,0.90762895
351.08572,1794.4381,366.0701,1779.4825,0.96800715
370.59048,1794.4381,384.18542,1778.5236,0.9923907
390.09525,1794.4381,404.7205,1780.1525,0.9882038
409.6,1794.4381,423.58762,1779.6527,0.9872453
448.60953,1794.4381,463.80695,1779.9492,0.9381926
468.11432,1794.4381,481.27423,1779.2157,0.96339214
487.61908,1794.4381,500.61887,1779.578,0.98346657
507.12384,1794.4381,519.3767,1779.7916,0.8417495
526.6286,1794.4381,540.9404,1779.8804,0.88364756
546.13336,1794.4381,559.3085,1779.4451,0.5765611
565.6381,1794.4381,576.72485,1780.0508,0.6645345
585.1429,1794.4381,597.33514,1779.636,0.9073228
604.64764,1794.4381,616.4467,1779.3007,0.980254
624.1524,1794.4381,636.9531,1779.635,0.9177222
643.65717,1794.4381,657.5807,1780.0713,0.9679393
663.1619,1794.4381,678.6866,1780.0757,0.93889076
682.6667,1794.4381,696.77765,1780.008,0.967607
702.17145,1794.4381,714.985,1780.5813,0.86299497
721.6762,1794.4381,733.5355,1779.987,0.83452785
741.18097,1794.4381,752.6688,1779.6721,0.21631107
760.6857,1794.4381,773.7105,1780.1804,0.66507673
780.1905,1794.4381,793.30035,1780.2068,0.65460336
799.69525,1794.4381,811.62445,1779.9446,0.82557493
819.2,1794.4381,832.2982,1780.9398,0.86976707
838.7048,1794.4381,851.41724,1780.821,0.70781827
858.20953,1794.4381,871.31104,1780.7666,0.78713095
955.7334,1794.4381,969.356,1779.4026,0.22204651
975.23816,1794.4381,989.9325,1779.6884,0.60973394
1033.7524,1794.4381,1048.437,1780.3365,0.95708793
1053.2572,1794.4381,1068.5234,1780.1677,0.9263856
1092.2667,1794.4381,1106.5846,1780.4614,0.26680002
1111.7715,1794.4381,1125.4039,1779.7859,0.27281407
1131.2762,1794.4381,1144.9467,1781.4265,0.713571
1150.781,1794.4381,1165.9642,1780.4081,0.590289
1248.3048,1794.4381,1263.2823,1779.8269,0.7654651
1267.8096,1794.4381,1281.7894,1780.6825,0.9816303
1287.3143,1794.4381,1300.7169,1780.4648,0.9966424
1306.8191,1794.4381,1320.611,1780.6226,0.99862355
1326.3239,1794.4381,1340.321,1781.5784,0.9005674
1345.8286,1794.4381,1359.3865,1780.7683,0.8472844
1365.3334,1794.4381,1377.5956,1780.1003,0.9891188
1384.8381,1794.4381,1397.5012,1781.422,0.99046856
1404.3429,1794.4381,1417.3694,1780.8585,0.94927436
1423.8477,1794.4381,1437.5138,1781.877,0.44142574
1443.3524,1794.4381,1457.3137,1781.4568,0.5204361
1462.8572,1794.4381,1475.6537,1780.2893,0.7755407
1482.3619,1794.4381,1494.4187,1782.8684,0.46256056
1501.8667,1794.4381,1515.569,1780.9277,0.53694475
1521.3715,1794.4381,1534.4757,1781.9237,0.9392601
1540.8762,1794.4381,1553.671,1781.381,0.9740879
1560.381,1794.4381,1574.2316,1781.5608,0.989925
1579.8857,1794.4381,1591.7545,1781.1638,0.897472
1599.3905,1794.4381,1612.831,1781.9807,0.7893022
1618.8953,1794.4381,1630.5131,1781.309,0.91488844
1638.4,1794.4381,1651.8551,1781.5784,0.8546945
1657.9048,1794.4381,1672.4705,1783.1844,0.973672
1677.4095,1794.4381,1690.4415,1781.3011,0.9734776
1696.9143,1794.4381,1710.7212,1781.3577,0.959782
1716.4191,1794.4381,1729.7615,1782.1069,0.9222172
1735.9238,1794.4381,1749.3179,1781.6938,0.95414037
1755.4286,1794.4381,1768.458,1782.377,0.98883283
1774.9333,1794.4381,1788.5576,1781.582,0.9861731
1794.4381,1794.4381,1808.8226,1783.2825,0.9890279
1813.9429,1794.4381,1827.8741,1782.2899,0.98205215
1833.4476,1794.4381,1848.2115,1781.8386,0.99584526
1852.9524,1794.4381,1867.8307,1782.9154,0.8890399
1891.962,1794.4381,1906.4122,1781.8715,0.28626496
1950.4763,1794.4381,1965.8877,1783.2189,0.42348853
1969.9811,1794.4381,1984.8792,1784.1636,0.67812973
58.51429,1813.9429,71.0425,1797.7914,0.20322597
78.01905,1813.9429,89.46784,1798.0515,0.6835034
97.52381,1813.9429,109.26671,1798.3722,0.9066696
117.02858,1813.9429,128.1272,1798.189,0.7189332
136.53334,1813.9429,149.40315,1798.0892,0.96941835
156.0381,1813.9429,168.83972,1798.3871,0.98174083
175.54286,1813.9429,187.48808,1798.4862,0.8907985
195.04762,1813.9429,207.47868,1799.2906,0.7365046
214.55238,1813.9429,228.02023,1798.9098,0.8102455
234.05716,1813.9429,249.9045,1798.1929,0.8594627
253.56192,1813.9429,266.30258,1798.1511,0.4308606
292.57144,1813.9429,305.44373,1798.1078,0.8778107
312.0762,1813.9429,323.3824,1798.9856,0.74642015
331.58096,1813.9429,343.97464,1798.0895,0.92000896
351.08572,1813.9429,364.99207,1798.3381,0.8992658
370.59048,1813.9429,384.25778,1799.0135,0.98154694
390.09525,1813.9429,404.80255,1798.1833,0.99515814
409.6,1813.9429,423.88058,1799.6492,0.9486572
429.10477,1813.9429,443.96396,1799.6118,0.9660852
448.60953,1813.9429,461.76917,1798.8501,0.96745086
468.11432,1813.9429,480.9666,1798.338,0.95141643
487.61908,1813.9429,500.33115,1798.3068,0.9648925
507.12384,1813.9429,520.3386,1799.4667,0.76887316
526.6286,1813.9429,540.7475,1799.2986,0.50158745
546.13336,1813.9429,559.43005,1799.5607,0.28152964
565.6381,1813.9429,577.8166,1799.1616,0.5957743
585.1429,1813.9429,596.73083,1799.302,0.6950311
604.64764,1813.9429,616.9023,1799.1034,0.9927532
624.1524,1813.9429,636.67834,1799.056,0.95997155
643.65717,1813.9429,656.63245,1798.7019,0.99553823
663.1619,1813.9429,676.87,1799.2014,0.9439307
682.6667,1813.9429,696.3828,1799.4888,0.9913242
702.17145,1813.9429,714.4343,1799.3903,0.9666943
721.6762,1813.9429,734.77673,1799.0155,0.56839424
760.6857,1813.9429,773.7743,1799.3123,0.5594239
780.1905,1813.9429,794.184,1800.665,0.685955
799.69525,1813.9429,811.5796,1799.0511,0.8934325
819.2,1813.9429,831.95984,1800.2859,0.8914384
858.20953,1813.9429,874.4444,1799.6982,0.92614484
936.22864,1813.9429,950.6986,1799.0472,0.35096356
955.7334,1813.9429,969.8739,1799.4861,0.76422155
975.23816,1813.9429,989.72266,1800.3035,0.8469032
1033.7524,1813.9429,1048.3511,1800.385,0.57739925
1053.2572,1813.9429,1068.1366,1800.2034,0.6490941
1111.7715,1813.9429,1125.1338,1800.4075,0.36338174
1150.781,1813.9429,1165.7935,1799.4595,0.26531625
1248.3048,1813.9429,1261.7876,1798.9371,0.89386207
1267.8096,1813.9429,1280.9867,1800.0994,0.87759054
1287.3143,1813.9429,1300.421,1799.4819,0.9308709
1306.8191,1813.9429,1320.2286,1800.725,0.98605
1326.3239,1813.9429,1340.0193,1800.4344,0.80124027
1345.8286,1813.9429,1358.437,1800.989,0.9896058
1365.3334,1813.9429,1379.027,1801.5385,0.9936129
1384.8381,1813.9429,1397.6825,1800.718,0.96733403
1404.3429,1813.9429,1416.8301,1800.3475,0.67578346
1423.8477,1813.9429,1437.5726,1800.5432,0.8678353
1443.3524,1813.9429,1457.0067,1800.5076,0.7623979
1462.8572,1813.9429,1475.0039,1799.7206,0.5417436
1482.3619,1813.9429,1494.6727,1800.6764,0.5534893
1501.8667,1813.9429,1514.82,1801.6765,0.60304874
1521.3715,1813.9429,1534.9401,1799.8448,0.9163432
1540.8762,1813.9429,1554.122,1801.5721,0.9298752
1579.8857,1813.9429,1593.016,1801.027,0.9573291
1599.3905,1813.9429,1612.3097,1800.5887,0.96024585
1618.8953,1813.9429,1632.7909,1801.8256,0.96890044
1638.4,1813.9429,1652.3057,1801.1232,0.95596904
1657.9048,1813.9429,1672.4065,1802.776,0.95621043
1677.4095,1813.9429,1690.8529,1802.0576,0.95643693
1696.9143,1813.9429,1710.8794,1800.8865,0.98820263
1716.4191,1813.9429,1729.7076,1800.4014,0.95025283
1735.9238,1813.9429,1748.7175,1800.8755,0.9809562
1755.4286,1813.9429,1768.3333,1802.486,0.97365147
1774.9333,1813.9429,1788.3971,1801.6559,0.9164292
1794.4381,1813.9429,1809.5947,1802.3258,0.9389482
1813.9429,1813.9429,1827.0812,1801.7101,0.89720327
1833.4476,1813.9429,1848.5658,1801.2604,0.92776835
1872.4573,1813.9429,1887.6193,1802.649,0.3474664
1891.962,1813.9429,1905.8612,1802.4723,0.61568654
1911.4668,1813.9429,1926.0298,1802.3563,0.65528274
1930.9716,1813.9429,1945.1987,1801.946,0.51964825
1969.9811,1813.9429,1984.4586,1802.4779,0.8680597
58.51429,1833.4476,70.381874,1818.4589,0.6304021
78.01905,1833.4476,88.92404,1817.4572,0.6856987
97.52381,1833.4476,109.214836,1817.9302,0.7764766
117.02858,1833.4476,129.48721,1817.8815,0.8018235
136.53334,1833.4476,149.15852,1818.4229,0.96789867
156.0381,1833.4476,169.15204,1818.2981,0.97576743
175.54286,1833.4476,188.38261,1817.804,0.95141137
195.04762,1833.4476,206.95656,1818.8624,0.8323344
214.55238,1833.4476,227.96729,1818.4836,0.6329356
234.05716,1833.4476,247.42172,1818.2837,0.90885836
253.56192,1833.4476,266.00296,1818.859,0.7398972
273.06668,1833.4476,285.23865,1817.6458,0.43133163
292.57144,1833.4476,304.93738,1818.5698,0.8773693
312.0762,1833.4476,324.19272,1818.6514,0.9257479
331.58096,1833.4476,344.81345,1818.7736,0.9558869
351.08572,1833.4476,363.73538,1817.864,0.9522054
390.09525,1833.4476,406.01413,1818.3025,0.99292564
409.6,1833.4476,424.61597,1817.9784,0.9776359
429.10477,1833.4476,443.78522,1818.1868,0.85766965
448.60953,1833.4476,462.8938,1818.4944,0.9894427
468.11432,1833.4476,481.38913,1817.9119,0.9537743
487.61908,1833.4476,501.80582,1818.004,0.9421314
507.12384,1833.4476,521.2388,1819.2072,0.96683913
526.6286,1833.4476,540.3006,1818.7621,0.9129305
546.13336,1833.4476,558.51324,1819.0203,0.63492036
565.6381,1833.4476,578.10425,1819.7805,0.77784824
585.1429,1833.4476,597.06134,1818.4543,0.8195238
604.64764,1833.4476,617.26434,1818.63,0.98729265
624.1524,1833.4476,637.2856,1818.863,0.986454
643.65717,1833.4476,656.89484,1818.4657,0.999125
663.1619,1833.4476,676.54816,1818.9908,0.98193485
682.6667,1833.4476,696.1009,1818.327,0.97972995
702.17145,1833.4476,713.58215,1818.783,0.9958595
721.6762,1833.4476,735.773,1819.1273,0.95475674
741.18097,1833.4476,755.77374,1819.6942,0.9485536
760.6857,1833.4476,772.3413,1818.8916,0.932707
780.1905,1833.4476,792.87494,1819.4849,0.98137707
799.69525,1833.4476,811.63873,1818.7483,0.98742825
819.2,1833.4476,832.8096,1818.5477,0.9618458
838.7048,1833.4476,853.3674,1818.8674,0.96843886
936.22864,1833.4476,951.15753,1820.0205,0.92285335
955.7334,1833.4476,968.84564,1820.5127,0.84761643
975.23816,1833.4476,988.5994,1819.3779,0.9831645
994.7429,1833.4476,1010.081,1820.3126,0.95694077
1033.7524,1833.4476,1046.3617,1819.006,0.50628394
1053.2572,1833.4476,1067.7499,1819.2992,0.20990017
1189.7905,1833.4476,1203.7424,1818.9519,0.37912345
1209.2953,1833.4476,1223.2472,1819.4166,0.62195206
1228.8,1833.4476,1242.573,1819.0822,0.8802505
1248.3048,1833.4476,1261.8372,1819.3909,0.75661427
1267.8096,1833.4476,1280.0033,1819.6958,0.8831324
1287.3143,1833.4476,1299.7484,1819.4347,0.9324921
1306.8191,1833.4476,1320.5629,1819.1095,0.9786935
1326.3239,1833.4476,1338.7847,1819.8633,0.6703895
1345.8286,1833.4476,1358.4489,1820.3402,0.9125837
1365.3334,1833.4476,1377.7118,1819.8624,0.9527995
1384.8381,1833.4476,1396.8558,1821.5826,0.7947212
1404.3429,1833.4476,1417.9242,1821.1615,0.8045521
1423.8477,1833.4476,1437.4114,1821.0913,0.93042415
1443.3524,1833.4476,1457.0552,1820.0736,0.9606853
1462.8572,1833.4476,1476.3674,1821.2859,0.72890574
1482.3619,1833.4476,1495.3145,1820.3875,0.5432897
1501.8667,1833.4476,1514.7703,1821.3428,0.8966202
1521.3715,1833.4476,1535.0355,1819.6445,0.5056308
1540.8762,1833.4476,1554.5356,1820.9271,0.7888469
1599.3905,1833.4476,1613.3539,1822.3759,0.9402007
1618.8953,1833.4476,1633.7013,1821.9935,0.97623515
1638.4,1833.4476,1652.393,1822.1832,0.97711694
1657.9048,1833.4476,1672.4203,1820.691,0.901955
1677.4095,1833.4476,1690.7424,1821.2074,0.9880365
1735.9238,1833.4476,1750.4052,1821.4628,0.8218735
1794.4381,1833.4476,1809.3059,1822.3682,0.98282737
1813.9429,1833.4476,1826.4624,1821.2802,0.94628066
1833.4476,1833.4476,1849.4174,1822.403,0.9295833
1891.962,1833.4476,1905.5986,1820.7877,0.6638594
1911.4668,1833.4476,1925.7573,1821.8633,0.40644982
1930.9716,1833.4476,1945.2191,1822.2413,0.6420649
1950.4763,1833.4476,1965.492,1821.9972,0.8374017
1969.9811,1833.4476,1985.0657,1821.1935,0.9327105
39.009525,1852.9524,52.393295,1836.0417,0.35152647
58.51429,1852.9524,71.10384,1836.1224,0.71990156
78.01905,1852.9524,89.5447,1836.319,0.9096707
97.52381,1852.9524,110.06934,1837.5687,0.8898447
117.02858,1852.9524,129.75645,1837.0416,0.58788
136.53334,1852.9524,149.6179,1837.4542,0.9676603
156.0381,1852.9524,168.88358,1837.5361,0.99386954
175.54286,1852.9524,187.84825,1837.2903,0.9453023
195.04762,1852.9524,208.42577,1837.6534,0.85145015
214.55238,1852.9524,227.21259,1837.4353,0.96997356
234.05716,1852.9524,246.04659,1838.1337,0.89543575
253.56192,1852.9524,266.69626,1836.7732,0.7788966
273.06668,1852.9524,286.61746,1836.6249,0.44962966
292.57144,1852.9524,305.7502,1837.5975,0.9027958
312.0762,1852.9524,325.3554,1837.3674,0.9865848
331.58096,1852.9524,343.8683,1838.1193,0.9952513
351.08572,1852.9524,365.4571,1837.453,0.9942259
370.59048,1852.9524,385.03067,1837.9352,0.949866
390.09525,1852.9524,404.54007,1838.4677,0.96774185
409.6,1852.9524,423.95288,1836.9924,0.8852041
429.10477,1852.9524,444.11215,1836.9429,0.90371084
468.11432,1852.9524,481.9648,1837.8745,0.92604804
487.61908,1852.9524,501.4444,1837.8439,0.95483077
507.12384,1852.9524,520.7169,1838.5088,0.98398703
526.6286,1852.9524,539.9232,1838.7842,0.8921611
546.13336,1852.9524,558.664,1838.5867,0.8303854
565.6381,1852.9524,577.472,1838.8582,0.95459265
585.1429,1852.9524,597.1435,1838.6227,0.97172475
604.64764,1852.9524,618.0581,1838.2102,0.98673725
624.1524,1852.9524,637.78424,1838.5193,0.9962907
643.65717,1852.9524,656.05774,1837.7551,0.9984879
663.1619,1852.9524,675.7516,1838.186,0.9945953
682.6667,1852.9524,696.73627,1838.1453,0.99572
702.17145,1852.9524,715.4906,1838.1514,0.99849725
721.6762,1852.9524,735.555,1838.0359,0.99928445
741.18097,1852.9524,754.5263,1838.5977,0.9943748
760.6857,1852.9524,773.23706,1838.8657,0.9856278
780.1905,1852.9524,792.96594,1839.523,0.9915599
799.69525,1852.9524,813.58875,1838.422,0.982026
819.2,1852.9524,832.5472,1837.724,0.95937526
838.7048,1852.9524,853.11237,1837.9711,0.9568159
858.20953,1852.9524,874.05225,1838.7255,0.7511376
936.22864,1852.9524,951.085,1839.4202,0.95570254
955.7334,1852.9524,967.81647,1839.4122,0.6735857
975.23816,1852.9524,989.17505,1838.83,0.9819548
994.7429,1852.9524,1007.9279,1838.9233,0.9328518
1014.2477,1852.9524,1029.4866,1838.8613,0.8364164
1033.7524,1852.9524,1048.567,1838.3738,0.75076574
1053.2572,1852.9524,1067.7911,1838.7856,0.42572466
1111.7715,1852.9524,1125.671,1838.1586,0.22867337
1131.2762,1852.9524,1145.2064,1838.6355,0.3960893
1150.781,1852.9524,1164.6216,1839.297,0.81283575
1170.2858,1852.9524,1183.0302,1839.0352,0.89223665
1189.7905,1852.9524,1204.839,1838.6367,0.8997174
1209.2953,1852.9524,1223.0265,1838.9921,0.948206
1228.8,1852.9524,1241.9413,1839.1287,0.97512573
1248.3048,1852.9524,1261.7052,1838.8887,0.92590195
1267.8096,1852.9524,1281.3334,1838.9542,0.93529487
1287.3143,1852.9524,1300.4945,1838.8418,0.969873
1306.8191,1852.9524,1319.7356,1840.1693,0.9320198
1326.3239,1852.9524,1338.9678,1840.082,0.87660867
1345.8286,1852.9524,1358.6505,1839.7991,0.89441866
1365.3334,1852.9524,1378.303,1839.4858,0.77996546
1384.8381,1852.9524,1397.3672,1838.9286,0.3957457
1404.3429,1852.9524,1418.5454,1840.0494,0.5774103
1423.8477,1852.9524,1439.321,1839.6255,0.90117264
1443.3524,1852.9524,1458.6483,1839.1871,0.8643247
1462.8572,1852.9524,1474.8722,1839.0319,0.77822566
1482.3619,1852.9524,1494.7836,1839.1661,0.7155256
1501.8667,1852.9524,1515.6792,1841.296,0.58097494
1521.3715,1852.9524,1535.1837,1840.9297,0.6926684
1540.8762,1852.9524,1553.3271,1840.6322,0.71310365
1560.381,1852.9524,1573.3577,1839.6158,0.7449107
1579.8857,1852.9524,1594.7609,1839.4972,0.91832083
1599.3905,1852.9524,1613.3127,1840.2021,0.9814303
1618.8953,1852.9524,1632.8672,1840.877,0.9536923
1638.4,1852.9524,1652.7328,1841.3013,0.8403136
1657.9048,1852.9524,1672.3947,1839.4333,0.89334744
1677.4095,1852.9524,1691.4194,1840.7593,0.93779355
1696.9143,1852.9524,1711.6185,1840.8942,0.97718793
1735.9238,1852.9524,1749.7375,1839.7019,0.87550795
1774.9333,1852.9524,1788.967,1840.0867,0.9517513
1794.4381,1852.9524,1808.1566,1840.5284,0.97901255
1813.9429,1852.9524,1827.7965,1840.9869,0.97793293
1833.4476,1852.9524,1847.6729,1840.6935,0.9300547
1891.962,1852.9524,1906.0232,1841.1693,0.77778816
1911.4668,1852.9524,1924.8337,1841.7573,0.9147042
1930.9716,1852.9524,1945.2607,1840.9965,0.88783157
1950.4763,1852.9524,1964.4358,1842.1511,0.76475745
1969.9811,1852.9524,1983.1503,1840.7709,0.81690717
58.51429,1872.4573,71.11944,1855.4373,0.9070684
78.01905,1872.4573,90.34199,1855.4448,0.98286307
97.52381,1872.4573,111.06362,1856.2756,0.9874848
117.02858,1872.4573,130.53932,1856.4357,0.90012676
136.53334,1872.4573,148.8783,1856.841,0.92140687
156.0381,1872.4573,168.89703,1856.8293,0.969371
175.54286,1872.4573,188.28664,1857.2992,0.9874893
195.04762,1872.4573,207.82188,1857.3284,0.7729899
214.55238,1872.4573,227.30309,1856.7404,0.8837418
234.05716,1872.4573,245.83923,1857.0521,0.9410833
253.56192,1872.4573,265.68564,1857.3292,0.92700136
273.06668,1872.4573,287.00778,1857.9458,0.66884923
292.57144,1872.4573,306.87097,1857.8148,0.9249529
312.0762,1872.4573,324.80457,1857.3562,0.9905514
331.58096,1872.4573,345.3069,1857.1469,0.9798441
351.08572,1872.4573,362.94675,1856.749,0.98322767
370.59048,1872.4573,382.98917,1857.902,0.9647014
390.09525,1872.4573,404.06503,1857.5422,0.79119825
409.6,1872.4573,423.99014,1857.468,0.95514154
487.61908,1872.4573,500.77917,1857.0087,0.9841849
507.12384,1872.4573,519.33167,1857.4342,0.97492784
526.6286,1872.4573,540.2155,1857.8367,0.96144754
546.13336,1872.4573,559.12274,1857.8585,0.9679185
565.6381,1872.4573,577.96826,1857.5304,0.9205328
585.1429,1872.4573,597.9665,1857.7175,0.95231175
604.64764,1872.4573,618.1153,1857.6993,0.99139625
624.1524,1872.4573,638.5443,1857.3663,0.99542266
643.65717,1872.4573,656.3525,1857.2732,0.9901799
663.1619,1872.4573,676.1594,1857.3711,0.9951335
682.6667,1872.4573,695.78033,1858.3,0.9966671
702.17145,1872.4573,716.8895,1858.6891,0.99804914
721.6762,1872.4573,735.8767,1857.3107,0.998983
741.18097,1872.4573,754.4223,1857.6224,0.9975498
760.6857,1872.4573,773.61475,1858.1238,0.9946362
780.1905,1872.4573,794.2241,1858.096,0.9654714
799.69525,1872.4573,813.4456,1858.3118,0.96372265
819.2,1872.4573,833.5186,1858.183,0.9830589
838.7048,1872.4573,851.76953,1857.1691,0.9607282
858.20953,1872.4573,873.00665,1857.4819,0.93686724
877.7143,1872.4573,893.7021,1858.0049,0.92405856
916.7238,1872.4573,931.3086,1858.9376,0.9669088
936.22864,1872.4573,950.0173,1858.0541,0.950852
955.7334,1872.4573,969.14484,1858.33,0.8997175
975.23816,1872.4573,989.0067,1858.15,0.90216714
994.7429,1872.4573,1009.629,1858.8153,0.98499626
1014.2477,1872.4573,1028.7269,1858.8972,0.95359355
1033.7524,1872.4573,1048.0782,1857.2827,0.94588786
1111.7715,1872.4573,1126.4899,1858.2877,0.5821669
1131.2762,1872.4573,1144.5197,1858.1339,0.65664613
1150.781,1872.4573,1163.4135,1858.0955,0.8462479
1170.2858,1872.4573,1183.859,1857.741,0.9914144
1189.7905,1872.4573,1203.4539,1858.5629,0.98370886
1209.2953,1872.4573,1222.4092,1858.6947,0.9714375
1228.8,1872.4573,1242.1033,1858.5912,0.99687415
1248.3048,1872.4573,1262.1342,1858.98,0.9668203
1267.8096,1872.4573,1280.9192,1858.5819,0.96680695
1287.3143,1872.4573,1299.9474,1859.2732,0.84901386
1306.8191,1872.4573,1317.8424,1858.9856,0.9016764
1326.3239,1872.4573,1338.7712,1859.8196,0.89312714
1345.8286,1872.4573,1359.9827,1859.8269,0.97922206
1365.3334,1872.4573,1377.4479,1860.224,0.49226117
1384.8381,1872.4573,1397.3313,1859.1858,0.3773764
1404.3429,1872.4573,1417.8933,1859.6082,0.68839836
1423.8477,1872.4573,1436.9081,1858.9736,0.9515221
1443.3524,1872.4573,1457.8408,1858.0459,0.74772006
1462.8572,1872.4573,1474.6627,1860.2814,0.6755027
1482.3619,1872.4573,1495.859,1860.0149,0.865263
1501.8667,1872.4573,1514.9507,1860.584,0.8867638
1521.3715,1872.4573,1534.8209,1860.0731,0.91842043
1540.8762,1872.4573,1553.9562,1859.9869,0.9836285
1560.381,1872.4573,1574.3685,1858.5417,0.8543439
1579.8857,1872.4573,1592.5187,1859.7897,0.9079241
1599.3905,1872.4573,1613.1885,1859.0422,0.69404036
1618.8953,1872.4573,1632.7617,1859.824,0.93108666
1638.4,1872.4573,1651.8596,1859.38,0.69719
1657.9048,1872.4573,1672.1953,1861.0956,0.93372166
1677.4095,1872.4573,1691.717,1860.523,0.9893951
1696.9143,1872.4573,1710.5947,1859.8442,0.9892676
1716.4191,1872.4573,1729.7046,1859.4353,0.99248743
1735.9238,1872.4573,1749.6654,1860.5182,0.9273787
1755.4286,1872.4573,1769.2007,1859.6843,0.9203408
1774.9333,1872.4573,1789.6804,1859.3088,0.96998835
1794.4381,1872.4573,1807.9591,1859.7175,0.9751957
1813.9429,1872.4573,1827.3541,1860.9893,0.922532
1833.4476,1872.4573,1847.641,1861.6758,0.86071783
1852.9524,1872.4573,1868.1241,1861.3002,0.6723004
1872.4573,1872.4573,1887.4536,1860.7793,0.952035
1891.962,1872.4573,1904.7396,1861.284,0.6588844
1911.4668,1872.4573,1925.2014,1861.1249,0.8115925
1930.9716,1872.4573,1944.2646,1860.6144,0.8597582
1950.4763,1872.4573,1964.3636,1861.438,0.8102764
1969.9811,1872.4573,1983.5807,1860.8727,0.8728825
58.51429,1891.962,70.55318,1876.4175,0.81604016
78.01905,1891.962,90.37197,1876.6207,0.94663393
97.52381,1891.962,110.13565,1876.7809,0.9673292
117.02858,1891.962,128.83705,1876.3704,0.82779825
136.53334,1891.962,148.7672,1876.1116,0.9463163
156.0381,1891.962,167.9369,1876.031,0.9439502
175.54286,1891.962,188.86978,1875.9318,0.95954245
195.04762,1891.962,207.96002,1875.8896,0.56018895
214.55238,1891.962,227.52419,1876.4916,0.49409658
234.05716,1891.962,245.88623,1876.5718,0.31942368
253.56192,1891.962,267.08194,1877.45,0.95166713
273.06668,1891.962,286.8478,1877.1411,0.9653096
292.57144,1891.962,305.37888,1876.4938,0.96722704
312.0762,1891.962,325.6754,1876.1683,0.9910552
331.58096,1891.962,343.55078,1876.7267,0.96102625
351.08572,1891.962,364.08896,1876.7919,0.9550708
370.59048,1891.962,384.65244,1876.7036,0.9844025
390.09525,1891.962,404.36066,1876.3564,0.8732588
409.6,1891.962,423.44342,1876.804,0.93840003
487.61908,1891.962,499.67432,1876.8862,0.9927762
507.12384,1891.962,521.0582,1877.785,0.9933857
526.6286,1891.962,540.6412,1877.6768,0.9202023
546.13336,1891.962,557.64655,1877.3922,0.96159184
565.6381,1891.962,578.23505,1877.0391,0.9822399
585.1429,1891.962,598.58026,1877.3066,0.99717224
604.64764,1891.962,618.11206,1876.8887,0.9984048
624.1524,1891.962,638.04535,1877.4501,0.9893691
643.65717,1891.962,658.4449,1877.4885,0.8911667
663.1619,1891.962,678.9003,1877.579,0.8689226
682.6667,1891.962,696.90924,1877.5497,0.98504436
702.17145,1891.962,716.81067,1878.2745,0.9917995
721.6762,1891.962,734.9128,1877.929,0.9962686
741.18097,1891.962,753.1154,1877.796,0.9968374
760.6857,1891.962,774.08984,1876.9088,0.9948658
780.1905,1891.962,793.61707,1877.1418,0.9693355
799.69525,1891.962,812.8975,1877.3793,0.9582534
819.2,1891.962,831.91943,1877.9286,0.9690138
838.7048,1891.962,852.7822,1877.5406,0.9946496
858.20953,1891.962,871.8802,1877.1498,0.9822822
877.7143,1891.962,890.8739,1877.561,0.9717996
897.21906,1891.962,909.987,1877.332,0.9767388
916.7238,1891.962,929.705,1877.3861,0.9808637
936.22864,1891.962,949.2873,1877.868,0.8937101
975.23816,1891.962,990.85144,1878.7108,0.9855477
994.7429,1891.962,1007.7678,1877.16,0.9830159
1014.2477,1891.962,1026.314,1877.6396,0.94468546
1033.7524,1891.962,1045.5981,1877.8582,0.8111033
1053.2572,1891.962,1066.87,1877.4601,0.4218349
1072.762,1891.962,1086.8917,1877.6056,0.2665573
1111.7715,1891.962,1124.805,1877.8833,0.7296439
1131.2762,1891.962,1144.9714,1877.3259,0.8488716
1150.781,1891.962,1164.914,1876.9326,0.94982797
1170.2858,1891.962,1183.2343,1877.1969,0.99625176
1189.7905,1891.962,1203.2024,1877.7817,0.99805665
1209.2953,1891.962,1224.7415,1877.8816,0.9971519
1228.8,1891.962,1242.76,1878.1588,0.99848896
1248.3048,1891.962,1262.1841,1879.5846,0.9957902
1267.8096,1891.962,1281.7789,1878.5115,0.9425615
1287.3143,1891.962,1301.0431,1878.4583,0.8246063
1306.8191,1891.962,1320.0057,1878.6694,0.76291865
1326.3239,1891.962,1339.9862,1879.4547,0.96509624
1345.8286,1891.962,1358.7605,1878.4257,0.90338093
1365.3334,1891.962,1378.1316,1878.9282,0.6155541
1384.8381,1891.962,1398.0935,1878.1241,0.63060457
1404.3429,1891.962,1417.6118,1877.9445,0.91865385
1423.8477,1891.962,1436.8594,1878.3113,0.82107675
1443.3524,1891.962,1456.1995,1878.4359,0.87289894
1462.8572,1891.962,1474.5916,1877.9779,0.61148727
1482.3619,1891.962,1496.4575,1878.7997,0.6887166
1501.8667,1891.962,1515.0343,1880.2593,0.7098203
1521.3715,1891.962,1534.432,1880.075,0.7688814
1540.8762,1891.962,1554.7701,1879.8306,0.9628624
1560.381,1891.962,1573.5977,1878.6096,0.93606013
1579.8857,1891.962,1592.63,1879.3766,0.60114133
1599.3905,1891.962,1612.3342,1878.9333,0.68766916
1618.8953,1891.962,1632.4924,1878.9766,0.68606585
1638.4,1891.962,1652.1486,1879.5433,0.5784158
1657.9048,1891.962,1671.7703,1879.8938,0.9254507
1677.4095,1891.962,1691.0515,1878.6078,0.92867345
1696.9143,1891.962,1709.8031,1879.082,0.9847827
1716.4191,1891.962,1730.1608,1880.4448,0.99019957
1735.9238,1891.962,1750.0281,1881.0841,0.9558053
1755.4286,1891.962,1769.3962,1880.1034,0.93623775
1774.9333,1891.962,1789.046,1879.8402,0.629073
1794.4381,1891.962,1808.1355,1879.4459,0.9065081
1813.9429,1891.962,1827.1683,1879.9243,0.9168197
1833.4476,1891.962,1847.8374,1880.1478,0.8533275
1852.9524,1891.962,1868.0798,1881.2856,0.8900141
1872.4573,1891.962,1887.3883,1879.9977,0.94665444
1891.962,1891.962,1905.2053,1880.4515,0.95140237
1911.4668,1891.962,1924.5444,1880.1615,0.6737738
1930.9716,1891.962,1945.2533,1881.0806,0.8887897
1950.4763,1891.962,1963.6871,1880.9747,0.9634233
1969.9811,1891.962,1984.0364,1880.3938,0.9211241
58.51429,1911.4668,71.19155,1895.6222,0.6768094
78.01905,1911.4668,90.36253,1896.0066,0.6269189
97.52381,1911.4668,109.94734,1895.9906,0.9018493
117.02858,1911.4668,129.83621,1895.4155,0.9658606
136.53334,1911.4668,149.03346,1896.1506,0.9750083
156.0381,1911.4668,169.49419,1896.0806,0.9905878
175.54286,1911.4668,189.51007,1895.49,0.9594506
195.04762,1911.4668,209.09856,1896.9368,0.75366807
214.55238,1911.4668,227.53046,1896.0188,0.63481617
234.05716,1911.4668,247.53552,1896.6464,0.79161346
253.56192,1911.4668,267.0527,1895.566,0.97282827
273.06668,1911.4668,286.15964,1896.4235,0.89963216
292.57144,1911.4668,305.23334,1896.6466,0.9149184
312.0762,1911.4668,325.45813,1895.9407,0.9744191
331.58096,1911.4668,343.69946,1896.6036,0.8538183
351.08572,1911.4668,364.4346,1896.5343,0.7633151
370.59048,1911.4668,384.52103,1896.2986,0.96354485
390.09525,1911.4668,403.37787,1895.6215,0.8810257
409.6,1911.4668,424.0572,1896.4263,0.9538922
429.10477,1911.4668,443.11536,1896.5535,0.9065654
448.60953,1911.4668,461.86267,1897.7413,0.93576
468.11432,1911.4668,481.60626,1896.1973,0.99435836
487.61908,1911.4668,501.57037,1896.5867,0.9948044
507.12384,1911.4668,521.53046,1896.4553,0.9716213
526.6286,1911.4668,540.3665,1896.9636,0.95495766
546.13336,1911.4668,558.42267,1896.476,0.9478692
565.6381,1911.4668,577.90375,1896.6816,0.981191
585.1429,1911.4668,598.7805,1897.1677,0.9950971
604.64764,1911.4668,618.5383,1896.5148,0.9985944
624.1524,1911.4668,638.50507,1897.3605,0.98101693
643.65717,1911.4668,658.02374,1896.367,0.8811285
663.1619,1911.4668,677.87103,1895.6388,0.9142759
682.6667,1911.4668,696.9024,1897.0276,0.8080208
702.17145,1911.4668,716.02545,1896.7423,0.85779244
721.6762,1911.4668,734.81995,1896.8423,0.9729221
741.18097,1911.4668,753.84674,1897.2606,0.98131275
760.6857,1911.4668,775.1555,1897.007,0.98876345
780.1905,1911.4668,794.23334,1896.6013,0.9305356
799.69525,1911.4668,811.25696,1896.7893,0.6098458
819.2,1911.4668,832.35693,1896.8774,0.88710773
838.7048,1911.4668,852.7003,1896.3585,0.9294304
858.20953,1911.4668,870.7861,1896.6537,0.75299984
877.7143,1911.4668,890.34314,1897.1587,0.8949272
897.21906,1911.4668,910.4853,1896.6903,0.992734
916.7238,1911.4668,930.43353,1896.5839,0.9822406
936.22864,1911.4668,950.4429,1896.6117,0.79043746
975.23816,1911.4668,990.4474,1897.4183,0.88608116
994.7429,1911.4668,1007.59393,1897.8651,0.9088706
1014.2477,1911.4668,1028.1472,1897.314,0.86847985
1053.2572,1911.4668,1066.5815,1896.5355,0.54235464
1072.762,1911.4668,1087.7251,1896.3419,0.7477615
1111.7715,1911.4668,1126.9233,1896.962,0.64528155
1131.2762,1911.4668,1145.3478,1897.4265,0.80261856
1150.781,1911.4668,1163.4264,1896.8904,0.84216535
1170.2858,1911.4668,1184.6937,1896.6694,0.9807302
1189.7905,1911.4668,1204.2855,1897.6913,0.9945973
1209.2953,1911.4668,1224.1787,1897.0498,0.99927765
1228.8,1911.4668,1243.3529,1896.5596,0.99577403
1248.3048,1911.4668,1262.3838,1897.4095,0.9987944
1267.8096,1911.4668,1280.5387,1898.4441,0.9945914
1287.3143,1911.4668,1300.9951,1898.3433,0.8708658
1306.8191,1911.4668,1320.7606,1899.0392,0.91631824
1326.3239,1911.4668,1339.7384,1898.5106,0.67475104
1345.8286,1911.4668,1359.3652,1897.6262,0.8312932
1365.3334,1911.4668,1379.1359,1897.9548,0.92602754
1384.8381,1911.4668,1398.6615,1898.7465,0.7653257
1404.3429,1911.4668,1417.7823,1898.5508,0.9581406
1423.8477,1911.4668,1436.5903,1898.4706,0.9258994
1443.3524,1911.4668,1455.9995,1898.528,0.88672894
1462.8572,1911.4668,1475.8136,1898.8176,0.6113272
1482.3619,1911.4668,1493.9827,1898.1138,0.6384491
1501.8667,1911.4668,1515.5206,1898.5425,0.9512024
1521.3715,1911.4668,1534.848,1899.6477,0.8320205
1540.8762,1911.4668,1554.1172,1898.2306,0.9039418
1560.381,1911.4668,1573.9042,1898.4777,0.9607625
1579.8857,1911.4668,1593.118,1899.086,0.9750062
1599.3905,1911.4668,1612.6694,1899.1384,0.77200943
1618.8953,1911.4668,1632.2913,1898.9642,0.6910253
1638.4,1911.4668,1652.3606,1897.901,0.78069055
1657.9048,1911.4668,1670.8575,1899.381,0.8546112
1677.4095,1911.4668,1690.4718,1898.8815,0.9186484
1696.9143,1911.4668,1710.857,1899.1548,0.86459357
1716.4191,1911.4668,1730.3049,1899.7332,0.97756445
1735.9238,1911.4668,1750.2019,1899.0162,0.9707334
1755.4286,1911.4668,1769.74,1898.9305,0.92877066
1774.9333,1911.4668,1789.4346,1898.4261,0.46543935
1794.4381,1911.4668,1808.1039,1902.133,0.46378696
1813.9429,1911.4668,1828.6344,1900.3644,0.41793925
1833.4476,1911.4668,1848.6804,1900.4773,0.76340955
1852.9524,1911.4668,1868.0874,1899.4025,0.76622385
1872.4573,1911.4668,1886.6871,1898.0613,0.9633944
1891.962,1911.4668,1905.6123,1900.363,0.9638442
1911.4668,1911.4668,1925.5631,1899.2977,0.8608896
1930.9716,1911.4668,1944.12,1900.0554,0.92898184
1950.4763,1911.4668,1964.6877,1899.3372,0.973534
1969.9811,1911.4668,1984.4548,1900.2035,0.7721245
58.51429,1930.9716,71.604866,1914.4263,0.56031454
78.01905,1930.9716,91.133385,1915.8015,0.96274465
97.52381,1930.9716,110.473076,1916.4868,0.9794635
117.02858,1930.9716,129.75627,1914.4812,0.8405902
136.53334,1930.9716,150.75331,1915.9995,0.948521
156.0381,1930.9716,169.98003,1916.0405,0.88872355
175.54286,1930.9716,188.7187,1915.6389,0.84893745
195.04762,1930.9716,209.36217,1914.7128,0.78538734
234.05716,1930.9716,249.0049,1915.654,0.38614276
253.56192,1930.9716,265.8414,1915.9186,0.76493925
273.06668,1930.9716,285.6432,1915.6068,0.7395856
292.57144,1930.9716,305.63818,1915.6713,0.9060787
312.0762,1930.9716,325.10095,1915.6143,0.86862165
331.58096,1930.9716,344.87564,1915.8809,0.9391736
351.08572,1930.9716,364.52377,1915.7762,0.96846014
370.59048,1930.9716,383.42587,1916.0237,0.97156256
390.09525,1930.9716,403.5524,1915.317,0.91311306
409.6,1930.9716,423.28156,1916.2749,0.92262864
429.10477,1930.9716,442.19504,1915.7529,0.8026777
448.60953,1930.9716,461.17947,1915.4845,0.9359656
468.11432,1930.9716,481.6539,1916.36,0.9890151
487.61908,1930.9716,500.70355,1916.4515,0.9980837
507.12384,1930.9716,520.61865,1916.0413,0.98194325
526.6286,1930.9716,539.9409,1916.1306,0.94961
546.13336,1930.9716,559.54895,1916.1095,0.9703809
565.6381,1930.9716,577.8901,1916.2413,0.98003185
585.1429,1930.9716,598.1573,1915.9718,0.9986478
604.64764,1930.9716,618.02686,1916.4819,0.9979096
624.1524,1930.9716,637.9992,1916.4243,0.97950745
643.65717,1930.9716,657.1989,1916.7454,0.89926755
663.1619,1930.9716,675.9261,1915.1057,0.9304194
682.6667,1930.9716,696.8844,1916.6052,0.8819989
702.17145,1930.9716,717.4143,1916.3286,0.97697365
721.6762,1930.9716,733.4057,1916.5363,0.924685
741.18097,1930.9716,753.34564,1916.5977,0.9372121
760.6857,1930.9716,772.3347,1915.751,0.8551534
780.1905,1930.9716,792.97833,1916.3115,0.940156
799.69525,1930.9716,811.5499,1916.6906,0.7956821
819.2,1930.9716,832.864,1916.8385,0.8979871
838.7048,1930.9716,854.6836,1916.463,0.95171666
858.20953,1930.9716,872.5926,1915.8479,0.919208
877.7143,1930.9716,892.0604,1916.1282,0.98363036
897.21906,1930.9716,910.4237,1916.6428,0.9675911
916.7238,1930.9716,931.54565,1916.3068,0.98475415
975.23816,1930.9716,990.1073,1917.13,0.878865
994.7429,1930.9716,1008.8086,1916.8837,0.95719904
1092.2667,1930.9716,1107.6772,1916.5416,0.80703604
1111.7715,1930.9716,1126.8584,1916.5929,0.86282104
1131.2762,1930.9716,1145.296,1916.3131,0.98761266
1150.781,1930.9716,1165.0515,1916.4774,0.92723
1170.2858,1930.9716,1184.041,1916.906,0.8627482
1189.7905,1930.9716,1204.8876,1917.009,0.9353009
1209.2953,1930.9716,1222.2922,1917.8351,0.9745803
1228.8,1930.9716,1243.4468,1918.2775,0.97755516
1248.3048,1930.9716,1262.3644,1917.64,0.991071
1267.8096,1930.9716,1281.7349,1916.696,0.960938
1287.3143,1930.9716,1299.5781,1917.6606,0.9956974
1306.8191,1930.9716,1320.2653,1918.2139,0.9146033
1326.3239,1930.9716,1339.9937,1917.242,0.8197699
1345.8286,1930.9716,1357.2491,1917.5327,0.6873009
1365.3334,1930.9716,1378.648,1916.929,0.97585005
1384.8381,1930.9716,1397.8711,1917.3162,0.89992666
1404.3429,1930.9716,1417.0651,1919.0905,0.93548
1423.8477,1930.9716,1436.3793,1917.4948,0.982893
1443.3524,1930.9716,1455.31,1917.4386,0.69846386
1462.8572,1930.9716,1475.9255,1917.4128,0.27939627
1482.3619,1930.9716,1494.6433,1917.1926,0.5825813
1501.8667,1930.9716,1515.3981,1917.8667,0.9093348
1521.3715,1930.9716,1535.2037,1919.1381,0.545906
1540.8762,1930.9716,1553.4047,1918.5785,0.9148019
1560.381,1930.9716,1574.7434,1917.6554,0.97067225
1579.8857,1930.9716,1592.9174,1919.1342,0.9125637
1599.3905,1930.9716,1613.8303,1917.7985,0.3039034
1638.4,1930.9716,1652.5416,1917.7655,0.5296305
1657.9048,1930.9716,1671.0864,1918.1396,0.6594322
1677.4095,1930.9716,1690.2719,1919.3364,0.7933466
1696.9143,1930.9716,1710.1997,1919.3202,0.95955956
1716.4191,1930.9716,1730.324,1919.2988,0.97741115
1735.9238,1930.9716,1750.3555,1918.9739,0.96186984
1755.4286,1930.9716,1769.596,1918.3821,0.85351694
1774.9333,1930.9716,1788.4943,1918.2231,0.3799072
1813.9429,1930.9716,1827.0438,1920.1387,0.79966736
1833.4476,1930.9716,1847.285,1920.0037,0.594267
1852.9524,1930.9716,1867.1816,1919.7402,0.70245963
1872.4573,1930.9716,1886.3257,1919.8683,0.9174394
1891.962,1930.9716,1906.5773,1919.313,0.9211721
1911.4668,1930.9716,1926.0159,1918.5002,0.95642114
1930.9716,1930.9716,1944.6538,1918.725,0.97578835
1950.4763,1930.9716,1964.7634,1919.8555,0.88653976
1969.9811,1930.9716,1983.8926,1919.5776,0.7315755
39.009525,1950.4763,51.551327,1934.984,0.65321225
58.51429,1950.4763,70.12344,1934.1342,0.6212935
78.01905,1950.4763,90.94866,1934.2787,0.96262556
97.52381,1950.4763,110.591354,1934.7742,0.97853607
117.02858,1950.4763,130.62206,1935.2062,0.9187787
136.53334,1950.4763,149.68507,1935.7753,0.93939537
156.0381,1950.4763,170.56606,1935.6771,0.9501669
175.54286,1950.4763,188.71219,1934.6436,0.3943154
253.56192,1950.4763,265.7029,1935.3992,0.4946182
273.06668,1950.4763,285.65717,1935.187,0.87902176
292.57144,1950.4763,305.6231,1934.8175,0.9521873
312.0762,1950.4763,326.11725,1935.9353,0.92557764
331.58096,1950.4763,343.5312,1935.238,0.8587775
351.08572,1950.4763,364.14935,1935.1962,0.9693245
370.59048,1950.4763,384.54227,1934.5565,0.96056336
390.09525,1950.4763,402.63312,1935.6322,0.8935056
409.6,1950.4763,421.8169,1935.6005,0.82537264
429.10477,1950.4763,441.4738,1935.9469,0.9387697
448.60953,1950.4763,460.9091,1935.9889,0.8814281
468.11432,1950.4763,481.09882,1935.4668,0.9877237
487.61908,1950.4763,500.70477,1935.7227,0.99514264
507.12384,1950.4763,520.6145,1935.4651,0.9822221
526.6286,1950.4763,539.0935,1935.6376,0.9387673
546.13336,1950.4763,558.13513,1935.539,0.9680421
565.6381,1950.4763,579.01917,1935.5261,0.98943883
585.1429,1950.4763,599.4931,1935.3558,0.9987747
604.64764,1950.4763,617.27295,1935.8019,0.96898097
624.1524,1950.4763,638.07367,1935.6743,0.9733268
643.65717,1950.4763,657.0403,1935.6349,0.928695
663.1619,1950.4763,677.0768,1934.9716,0.9937789
702.17145,1950.4763,717.12823,1936.3821,0.92011726
721.6762,1950.4763,735.585,1935.9508,0.8906744
741.18097,1950.4763,754.61084,1935.8053,0.8706676
760.6857,1950.4763,773.5649,1936.0688,0.95752406
780.1905,1950.4763,793.56006,1936.3007,0.9030164
799.69525,1950.4763,812.75146,1936.466,0.940094
819.2,1950.4763,834.19446,1936.1744,0.9579815
838.7048,1950.4763,853.6931,1935.5662,0.984749
858.20953,1950.4763,873.0851,1935.9882,0.96881443
877.7143,1950.4763,892.9434,1935.6971,0.96255106
897.21906,1950.4763,911.6133,1935.2694,0.9031214
916.7238,1950.4763,931.2633,1935.2523,0.9522535
955.7334,1950.4763,971.2853,1935.7863,0.8358781
975.23816,1950.4763,989.3782,1936.0609,0.93311983
994.7429,1950.4763,1007.311,1936.2532,0.9645111
1092.2667,1950.4763,1105.3905,1937.5919,0.71016634
1111.7715,1950.4763,1125.2268,1936.1425,0.9753246
1131.2762,1950.4763,1145.5775,1935.8223,0.9789477
1150.781,1950.4763,1165.4724,1935.8206,0.8783689
1170.2858,1950.4763,1183.4524,1935.6422,0.77619016
1189.7905,1950.4763,1204.041,1936.7075,0.77824277
1209.2953,1950.4763,1221.6237,1936.9855,0.9450648
1228.8,1950.4763,1240.993,1936.8224,0.9775122
1248.3048,1950.4763,1261.9304,1936.9917,0.98800826
1267.8096,1950.4763,1282.1913,1936.6523,0.9927036
1287.3143,1950.4763,1300.9099,1936.16,0.9842785
1306.8191,1950.4763,1320.0677,1936.3779,0.9379028
1326.3239,1950.4763,1339.558,1936.3638,0.81258905
1345.8286,1950.4763,1357.9258,1937.4249,0.91406393
1365.3334,1950.4763,1377.7646,1936.8046,0.9303909
1384.8381,1950.4763,1398.7085,1936.558,0.9640165
1404.3429,1950.4763,1417.8087,1937.0657,0.8352011
1423.8477,1950.4763,1437.0029,1937.9597,0.9564567
1443.3524,1950.4763,1457.2871,1937.0321,0.8269432
1462.8572,1950.4763,1476.077,1937.0879,0.63573974
1482.3619,1950.4763,1494.7773,1936.7991,0.8091794
1501.8667,1950.4763,1514.6249,1937.5952,0.9653533
1521.3715,1950.4763,1536.026,1937.1572,0.79367065
1540.8762,1950.4763,1554.5718,1936.5975,0.8873705
1560.381,1950.4763,1575.1709,1937.9296,0.9269447
1579.8857,1950.4763,1594.1973,1937.9347,0.43626192
1599.3905,1950.4763,1612.243,1937.6826,0.6844876
1618.8953,1950.4763,1633.3236,1938.1041,0.55609876
1638.4,1950.4763,1652.0323,1937.7327,0.88838893
1657.9048,1950.4763,1671.7096,1938.3196,0.90365803
1677.4095,1950.4763,1691.1997,1939.1265,0.7735752
1696.9143,1950.4763,1710.4027,1938.6959,0.9640932
1716.4191,1950.4763,1730.5746,1938.4672,0.9652962
1735.9238,1950.4763,1750.0574,1939.232,0.94986844
1755.4286,1950.4763,1769.1285,1938.5298,0.9621631
1774.9333,1950.4763,1788.921,1938.8732,0.44155023
1794.4381,1950.4763,1808.0011,1938.5205,0.24107897
1813.9429,1950.4763,1827.368,1938.5271,0.75668174
1833.4476,1950.4763,1846.5514,1939.3658,0.7147942
1852.9524,1950.4763,1865.8408,1938.3804,0.6902527
1872.4573,1950.4763,1886.1011,1938.899,0.88523716
1891.962,1950.4763,1906.913,1938.5995,0.82106805
1911.4668,1950.4763,1925.1799,1938.7706,0.98201084
1930.9716,1950.4763,1945.0708,1937.8391,0.97162086
1950.4763,1950.4763,1963.5956,1938.5507,0.8819117
1969.9811,1950.4763,1983.5037,1939.1057,0.6487103
58.51429,1969.9811,69.7448,1954.3547,0.46675748
78.01905,1969.9811,90.73244,1954.8639,0.9671853
97.52381,1969.9811,111.14446,1954.45,0.9974577
117.02858,1969.9811,130.60503,1954.5123,0.91076106
136.53334,1969.9811,149.89497,1954.4994,0.9441665
156.0381,1969.9811,170.25293,1955.0188,0.80496734
175.54286,1969.9811,188.83206,1955.6306,0.83804643
273.06668,1969.9811,285.59457,1955.1316,0.94244343
292.57144,1969.9811,305.4452,1954.8882,0.99758327
312.0762,1969.9811,325.9103,1954.7607,0.9925102
331.58096,1969.9811,344.6039,1954.8823,0.9316997
351.08572,1969.9811,364.24802,1954.1895,0.8780477
370.59048,1969.9811,384.08832,1954.8029,0.9163943
390.09525,1969.9811,403.45486,1954.8977,0.62103784
409.6,1969.9811,421.89468,1954.9874,0.88209075
429.10477,1969.9811,442.37155,1955.1381,0.930667
448.60953,1969.9811,462.0832,1955.2186,0.9001944
468.11432,1969.9811,481.6713,1954.7245,0.9802108
487.61908,1969.9811,500.62726,1954.7009,0.9956704
507.12384,1969.9811,519.70276,1955.3505,0.9815091
526.6286,1969.9811,539.2726,1954.6061,0.982719
546.13336,1969.9811,559.0755,1955.2505,0.91563284
565.6381,1969.9811,578.9611,1955.309,0.84986824
585.1429,1969.9811,599.69476,1955.059,0.9441427
604.64764,1969.9811,618.1497,1955.686,0.9023761
624.1524,1969.9811,638.3861,1954.901,0.9606938
643.65717,1969.9811,656.8488,1955.401,0.95471245
663.1619,1969.9811,677.594,1955.4679,0.95599395
702.17145,1969.9811,717.24774,1955.9395,0.80322427
721.6762,1969.9811,734.7763,1955.723,0.8104417
741.18097,1969.9811,755.17487,1955.5165,0.9312353
760.6857,1969.9811,775.08014,1955.2612,0.98405856
780.1905,1969.9811,794.006,1955.5853,0.98159444
799.69525,1969.9811,814.8754,1955.7284,0.9789731
819.2,1969.9811,835.22845,1954.4766,0.9884907
838.7048,1969.9811,853.18713,1955.5222,0.98456895
858.20953,1969.9811,873.1142,1954.9012,0.9830621
877.7143,1969.9811,891.0331,1955.3177,0.8934715
897.21906,1969.9811,912.058,1955.7295,0.83648056
916.7238,1969.9811,929.6162,1955.491,0.85491556
936.22864,1969.9811,949.3408,1955.5532,0.82721263
955.7334,1969.9811,969.9173,1955.2535,0.3864388
975.23816,1969.9811,989.1397,1955.3748,0.7363719
994.7429,1969.9811,1009.1848,1955.4781,0.95346195
1014.2477,1969.9811,1028.5485,1955.2367,0.86461055
1072.762,1969.9811,1086.3615,1956.2915,0.7879252
1092.2667,1969.9811,1104.6543,1955.7112,0.42504328
1111.7715,1969.9811,1123.7748,1956.2565,0.90690225
1131.2762,1969.9811,1145.8134,1955.7251,0.8385311
1150.781,1969.9811,1165.9933,1955.038,0.52501386
1189.7905,1969.9811,1205.2247,1955.6171,0.965252
1209.2953,1969.9811,1222.0997,1956.3711,0.95819366
1228.8,1969.9811,1241.0466,1956.006,0.96622247
1248.3048,1969.9811,1260.5243,1955.9646,0.9663971
1267.8096,1969.9811,1281.9746,1956.1687,0.9899388
1287.3143,1969.9811,1299.5969,1956.1266,0.94724745
1306.8191,1969.9811,1320.4814,1955.4968,0.9725402
1326.3239,1969.9811,1339.6956,1956.3593,0.9104219
1345.8286,1969.9811,1357.9901,1956.6825,0.7023255
1365.3334,1969.9811,1377.5997,1957.635,0.86093
1384.8381,1969.9811,1397.6814,1956.9154,0.7523497
1404.3429,1969.9811,1417.8293,1955.8738,0.72413385
1423.8477,1969.9811,1437.93,1957.3439,0.61380285
1443.3524,1969.9811,1455.5281,1956.8435,0.6355899
1462.8572,1969.9811,1476.7668,1957.1638,0.8655373
1482.3619,1969.9811,1495.1335,1956.6833,0.9016344
1501.8667,1969.9811,1515.5356,1956.6887,0.96749926
1521.3715,1969.9811,1533.7644,1958.486,0.83021194
1540.8762,1969.9811,1553.0581,1957.4797,0.6699698
1599.3905,1969.9811,1611.1449,1957.3984,0.6048645
1618.8953,1969.9811,1631.5953,1957.8313,0.55031025
1638.4,1969.9811,1653.7744,1958.39,0.80040294
1657.9048,1969.9811,1672.4346,1957.542,0.8661025
1677.4095,1969.9811,1691.8312,1956.77,0.9140981
1696.9143,1969.9811,1709.3274,1958.3844,0.9416378
1716.4191,1969.9811,1729.6104,1957.7615,0.99117863
1735.9238,1969.9811,1750.059,1957.5886,0.9487884
1755.4286,1969.9811,1768.9463,1958.4331,0.93483734
1794.4381,1969.9811,1808.4965,1957.6788,0.5549173
1813.9429,1969.9811,1827.3143,1957.7471,0.8347672
1833.4476,1969.9811,1846.4924,1958.1127,0.742316
1852.9524,1969.9811,1865.5702,1958.2598,0.6015425
1872.4573,1969.9811,1885.475,1958.262,0.68862087
1891.962,1969.9811,1907.0406,1958.351,0.5775226
1911.4668,1969.9811,1925.1268,1957.9553,0.9677546
1930.9716,1969.9811,1944.6975,1957.8593,0.73604864
1950.4763,1969.9811,1964.9043,1958.8958,0.6474626
1969.9811,1969.9811,1984.4213,1958.0939,0.6353047
58.51429,1989.4858,71.22906,1974.6113,0.6298325
78.01905,1989.4858,90.44967,1973.7198,0.79385865
97.52381,1989.4858,110.42254,1973.4525,0.97815055
117.02858,1989.4858,129.64699,1973.7784,0.9667393
136.53334,1989.4858,150.80374,1972.7272,0.92405534
156.0381,1989.4858,170.35306,1974.2524,0.9145277
175.54286,1989.4858,189.32936,1974.0118,0.9694837
195.04762,1989.4858,209.80247,1973.3116,0.7742471
214.55238,1989.4858,229.17992,1973.6346,0.22009352
234.05716,1989.4858,247.3535,1973.367,0.4760035
273.06668,1989.4858,287.5244,1974.0977,0.91987395
292.57144,1989.4858,305.84412,1974.7281,0.9935326
312.0762,1989.4858,324.1334,1974.5261,0.9937632
331.58096,1989.4858,345.97934,1974.3378,0.9811847
351.08572,1989.4858,364.19034,1974.3931,0.9299159
370.59048,1989.4858,382.0409,1973.9617,0.69074094
390.09525,1989.4858,403.1039,1973.9829,0.9353577
409.6,1989.4858,422.38126,1973.7429,0.96613866
429.10477,1989.4858,442.14673,1974.3894,0.9765389
448.60953,1989.4858,462.60486,1974.6434,0.96397096
468.11432,1989.4858,480.89316,1973.886,0.9891307
487.61908,1989.4858,499.8114,1974.3384,0.96822035
507.12384,1989.4858,519.2098,1974.6455,0.9851662
526.6286,1989.4858,539.3604,1974.7268,0.9582284
546.13336,1989.4858,559.0809,1975.1676,0.95862514
565.6381,1989.4858,579.5644,1975.1539,0.7227132
585.1429,1989.4858,599.61664,1975.376,0.59718704
604.64764,1989.4858,618.6121,1974.5132,0.8224886
624.1524,1989.4858,637.9825,1974.8097,0.9163649
643.65717,1989.4858,656.28174,1974.9893,0.9041558
663.1619,1989.4858,676.66394,1974.8002,0.3788493
682.6667,1989.4858,696.3255,1974.4043,0.52700317
702.17145,1989.4858,716.576,1975.0023,0.4549772
721.6762,1989.4858,734.6476,1974.8741,0.6406701
741.18097,1989.4858,754.05444,1975.617,0.91419834
760.6857,1989.4858,774.0165,1974.9398,0.92447114
780.1905,1989.4858,793.9789,1974.9692,0.93281484
799.69525,1989.4858,814.0105,1974.9249,0.969688
819.2,1989.4858,833.20123,1974.0411,0.989581
838.7048,1989.4858,852.72675,1975.1235,0.8962269
858.20953,1989.4858,871.0973,1974.2086,0.9138393
877.7143,1989.4858,892.1139,1974.4894,0.8985925
916.7238,1989.4858,929.8156,1974.7822,0.43943292
936.22864,1989.4858,949.47546,1974.9858,0.5918621
955.7334,1989.4858,970.1349,1975.8722,0.7558704
975.23816,1989.4858,989.6347,1975.9365,0.9258697
994.7429,1989.4858,1008.75903,1974.9948,0.72163975
1014.2477,1989.4858,1027.1682,1974.8651,0.8427157
1033.7524,1989.4858,1046.7462,1975.1005,0.52496684
1053.2572,1989.4858,1067.0292,1975.4727,0.6908043
1072.762,1989.4858,1084.8312,1975.018,0.32398295
1092.2667,1989.4858,1104.8584,1975.3341,0.38287795
1111.7715,1989.4858,1127.1278,1975.9736,0.43109867
1150.781,1989.4858,1166.6049,1976.1782,0.3781474
1170.2858,1989.4858,1186.3997,1975.9264,0.56325233
1189.7905,1989.4858,1204.9711,1975.8679,0.8893646
1209.2953,1989.4858,1223.4504,1975.561,0.95503056
1228.8,1989.4858,1241.7847,1976.6451,0.8954257
1248.3048,1989.4858,1262.421,1975.6411,0.82228523
1267.8096,1989.4858,1282.4479,1975.6635,0.9354572
1287.3143,1989.4858,1300.963,1976.5073,0.9548237
1306.8191,1989.4858,1321.2058,1976.5568,0.989005
1326.3239,1989.4858,1339.327,1976.2087,0.857002
1345.8286,1989.4858,1358.8342,1975.7281,0.8611948
1365.3334,1989.4858,1377.3748,1976.7745,0.86489433
1384.8381,1989.4858,1397.5344,1975.3221,0.9230182
1404.3429,1989.4858,1416.3848,1975.4263,0.8989709
1423.8477,1989.4858,1437.1465,1976.6934,0.90448546
1443.3524,1989.4858,1456.8705,1975.3435,0.8405021
1462.8572,1989.4858,1476.6898,1975.8956,0.9379969
1482.3619,1989.4858,1495.414,1975.8762,0.47690967
1501.8667,1989.4858,1514.1967,1975.8452,0.57991993
1521.3715,1989.4858,1534.3226,1976.8718,0.5378051
1540.8762,1989.4858,1554.1947,1977.0178,0.8323403
1560.381,1989.4858,1573.3638,1976.0477,0.9492472
1579.8857,1989.4858,1592.4303,1975.1497,0.8077671
1599.3905,1989.4858,1612.1129,1976.7356,0.60628057
1618.8953,1989.4858,1632.294,1976.0647,0.86279726
1638.4,1989.4858,1651.913,1977.7084,0.8111781
1657.9048,1989.4858,1671.3629,1977.1008,0.8128493
1677.4095,1989.4858,1690.4807,1976.5715,0.8955546
1696.9143,1989.4858,1709.5403,1976.6,0.97253865
1716.4191,1989.4858,1729.2887,1977.285,0.69732106
1735.9238,1989.4858,1748.5093,1977.1887,0.83145577
1755.4286,1989.4858,1767.9507,1976.6815,0.75031644
1774.9333,1989.4858,1788.9141,1977.8572,0.76930064
1794.4381,1989.4858,1807.5953,1977.0029,0.77794564
1813.9429,1989.4858,1827.7332,1977.5089,0.8459668
1833.4476,1989.4858,1846.5369,1978.2495,0.9695123
1852.9524,1989.4858,1865.5573,1977.1448,0.84268945
1872.4573,1989.4858,1886.5264,1976.762,0.33345416
1891.962,1989.4858,1906.2488,1977.2845,0.29528537
1911.4668,1989.4858,1924.7577,1977.7123,0.6064547
1930.9716,1989.4858,1944.6615,1976.8049,0.7342824
1950.4763,1989.4858,1964.8973,1977.978,0.6594954
1969.9811,1989.4858,1984.1672,1978.7017,0.5125052
