source_x,source_y,reference_x,reference_y,confidence
97.52381,58.51429,109.93119,42.259567,0.54542416
117.02858,58.51429,128.87991,43.455856,0.5679847
195.04762,58.51429,207.54466,43.164284,0.41246212
234.05716,58.51429,246.39473,43.001072,0.41275918
390.09525,58.51429,399.29242,44.28215,0.5202079
429.10477,58.51429,438.32614,43.49516,0.4788242
448.60953,58.51429,459.3571,43.414673,0.70785236
468.11432,58.51429,479.58957,43.533974,0.72074735
487.61908,58.51429,500.45547,42.64752,0.9197329
507.12384,58.51429,520.3668,42.880722,0.9303856
526.6286,58.51429,539.66473,43.81339,0.916957
546.13336,58.51429,559.5459,44.38419,0.8442913
565.6381,58.51429,576.79254,44.619385,0.8472999
585.1429,58.51429,597.2145,44.112366,0.85309446
604.64764,58.51429,616.25574,44.269867,0.721214
624.1524,58.51429,635.1049,43.91738,0.7003524
643.65717,58.51429,654.78564,43.67618,0.87601405
663.1619,58.51429,676.7384,43.902466,0.98490024
682.6667,58.51429,695.00085,43.88189,0.98846096
702.17145,58.51429,713.7296,44.464844,0.9505993
721.6762,58.51429,734.1009,44.06254,0.71566796
741.18097,58.51429,753.3349,45.551826,0.56037545
780.1905,58.51429,789.6539,44.206944,0.47746417
799.69525,58.51429,808.914,44.736954,0.2514876
819.2,58.51429,830.57904,45.09493,0.43741053
838.7048,58.51429,849.56323,44.175842,0.4915366
858.20953,58.51429,870.4095,44.196396,0.6467531
877.7143,58.51429,889.61523,44.957386,0.6930303
897.21906,58.51429,908.2233,44.327595,0.80549556
916.7238,58.51429,928.76227,44.170177,0.63233906
936.22864,58.51429,947.08984,44.23607,0.83338314
955.7334,58.51429,967.379,43.661133,0.71023893
975.23816,58.51429,988.4936,44.547348,0.92223907
994.7429,58.51429,1006.6483,45.910854,0.7208411
1014.2477,58.51429,1025.8154,45.729183,0.8195626
1033.7524,58.51429,1045.2397,44.63994,0.8442789
1053.2572,58.51429,1064.7633,45.948566,0.7335071
1072.762,58.51429,1085.7018,45.342144,0.39084482
1092.2667,58.51429,1105.4792,43.909817,0.8503767
1150.781,58.51429,1162.012,44.346672,0.2907361
1170.2858,58.51429,1181.7078,44.711227,0.93263245
1189.7905,58.51429,1201.3422,45.26381,0.55552226
1209.2953,58.51429,1220.186,45.703674,0.8923713
1228.8,58.51429,1240.2994,45.63241,0.9222597
1248.3048,58.51429,1258.9652,45.340702,0.9355941
1267.8096,58.51429,1278.7252,44.606243,0.8989038
1287.3143,58.51429,1298.2904,44.22431,0.6520903
1306.8191,58.51429,1319.385,45.4339,0.38982168
1345.8286,58.51429,1358.2089,46.1268,0.44083935
1365.3334,58.51429,1377.5441,45.174694,0.41833636
1384.8381,58.51429,1397.5138,46.228657,0.7250467
1404.3429,58.51429,1416.7516,46.191166,0.32531834
1462.8572,58.51429,1475.7826,45.496178,0.4769168
1482.3619,58.51429,1495.009,45.73742,0.6967346
1501.8667,58.51429,1514.5233,46.31066,0.8194408
1521.3715,58.51429,1533.7871,45.126083,0.81871116
1540.8762,58.51429,1552.5575,44.9358,0.83194387
1560.381,58.51429,1572.1084,44.50814,0.8438718
1579.8857,58.51429,1591.5195,45.3755,0.977328
1599.3905,58.51429,1611.846,44.700054,0.951338
1618.8953,58.51429,1632.1799,44.829792,0.9581269
1657.9048,58.51429,1670.3014,46.335773,0.89352006
1677.4095,58.51429,1689.0203,46.948483,0.66522175
1696.9143,58.51429,1709.2056,45.869995,0.52564746
1735.9238,58.51429,1744.5663,47.063484,0.58956945
1755.4286,58.51429,1764.91,46.427322,0.25733846
1774.9333,58.51429,1787.7588,49.09461,0.2453279
1794.4381,58.51429,1806.7443,49.353317,0.35829073
1813.9429,58.51429,1827.3665,46.81865,0.30440962
1833.4476,58.51429,1845.2997,47.37472,0.7192114
1852.9524,58.51429,1866.4761,46.868813,0.9488806
1872.4573,58.51429,1885.3401,45.035652,0.969073
1911.4668,58.51429,1922.9694,45.6234,0.23884903
1950.4763,58.51429,1963.251,47.14582,0.6954998
1969.9811,58.51429,1983.421,46.718548,0.39411584
117.02858,78.01905,128.6928,62.1314,0.33890134
195.04762,78.01905,207.4093,61.897453,0.22644407
234.05716,78.01905,245.46237,63.08699,0.5345768
292.57144,78.01905,305.74692,61.44097,0.22308363
409.6,78.01905,421.57346,62.691013,0.40594888
429.10477,78.01905,441.00098,62.942554,0.6123365
448.60953,78.01905,461.28546,62.721497,0.3725509
468.11432,78.01905,479.82703,63.337643,0.61128664
487.61908,78.01905,499.35016,62.94479,0.76936734
507.12384,78.01905,519.7551,62.94823,0.9842947
526.6286,78.01905,539.3184,63.08764,0.93433475
546.13336,78.01905,556.85004,63.836987,0.875884
565.6381,78.01905,577.4755,63.84538,0.77779126
585.1429,78.01905,596.1164,63.718773,0.7246724
604.64764,78.01905,615.51697,63.597584,0.6826002
624.1524,78.01905,636.4502,63.42192,0.96604675
643.65717,78.01905,655.78644,63.650997,0.9079768
663.1619,78.01905,676.2583,63.232384,0.81076866
682.6667,78.01905,693.7502,63.59246,0.8979095
702.17145,78.01905,714.1594,63.630238,0.9755234
721.6762,78.01905,733.93506,63.63767,0.9459633
741.18097,78.01905,753.35956,63.986874,0.25610036
760.6857,78.01905,772.6621,63.799862,0.688875
799.69525,78.01905,809.2608,64.56992,0.34337503
819.2,78.01905,828.64386,64.46165,0.29042414
838.7048,78.01905,851.2744,63.74371,0.28675678
858.20953,78.01905,869.8332,63.877552,0.55127877
877.7143,78.01905,890.301,64.424286,0.87422484
897.21906,78.01905,908.2713,63.44535,0.8891377
916.7238,78.01905,928.79816,63.557316,0.87743336
936.22864,78.01905,947.5962,63.218563,0.7383428
955.7334,78.01905,967.1259,64.413025,0.9167706
975.23816,78.01905,988.0733,62.936123,0.84362894
994.7429,78.01905,1007.2976,63.57503,0.77260226
1014.2477,78.01905,1026.1633,64.05487,0.9113555
1033.7524,78.01905,1046.6095,64.08161,0.91749877
1053.2572,78.01905,1065.7072,64.975525,0.8662429
1072.762,78.01905,1084.2797,64.22418,0.6721322
1092.2667,78.01905,1104.8761,63.682945,0.8700587
1111.7715,78.01905,1123.3257,63.73683,0.22638516
1131.2762,78.01905,1143.1874,65.196526,0.23497573
1150.781,78.01905,1162.3259,65.17692,0.46733028
1170.2858,78.01905,1182.1202,64.46513,0.61234057
1189.7905,78.01905,1201.0569,63.848797,0.7618532
1209.2953,78.01905,1221.1066,66.3884,0.8634133
1228.8,78.01905,1241.0006,65.50867,0.9331667
1248.3048,78.01905,1259.4418,64.41194,0.9763887
1267.8096,78.01905,1280.097,64.98885,0.92373943
1287.3143,78.01905,1298.4868,64.70433,0.96659064
1306.8191,78.01905,1319.0894,64.60112,0.7073362
1326.3239,78.01905,1338.8535,65.45869,0.2286304
1345.8286,78.01905,1358.1514,65.47315,0.7230606
1365.3334,78.01905,1378.7455,65.22396,0.8140509
1384.8381,78.01905,1397.5541,65.17189,0.76759565
1462.8572,78.01905,1476.2251,66.296425,0.40120333
1482.3619,78.01905,1495.2437,65.98173,0.92462313
1501.8667,78.01905,1514.5292,65.40835,0.8120367
1521.3715,78.01905,1535.0583,65.52617,0.5713399
1540.8762,78.01905,1553.5759,64.20954,0.58885103
1560.381,78.01905,1571.1147,65.303154,0.6484469
1579.8857,78.01905,1590.8711,64.19302,0.9636119
1599.3905,78.01905,1612.9536,65.43673,0.98833793
1618.8953,78.01905,1632.5305,64.92846,0.8716647
1638.4,78.01905,1650.4014,64.449455,0.8136529
1657.9048,78.01905,1670.8597,65.21556,0.65445733
1677.4095,78.01905,1688.8678,63.856243,0.6627205
1696.9143,78.01905,1709.8394,65.339325,0.5979102
1735.9238,78.01905,1744.5597,64.87065,0.7071816
1755.4286,78.01905,1764.8405,65.37538,0.50711626
1833.4476,78.01905,1847.006,66.26861,0.40137953
1891.962,78.01905,1904.5681,65.972626,0.49934256
1911.4668,78.01905,1923.64,66.34258,0.6498833
1930.9716,78.01905,1943.4644,66.96185,0.83752304
1950.4763,78.01905,1961.9142,66.66588,0.46537173
1969.9811,78.01905,1983.1655,66.652725,0.6999223
97.52381,97.52381,108.10829,81.81806,0.41850948
234.05716,97.52381,247.31212,82.31598,0.21187985
273.06668,97.52381,284.8284,81.23381,0.5123733
292.57144,97.52381,305.1456,82.67091,0.71739197
312.0762,97.52381,323.06738,82.492226,0.55851537
331.58096,97.52381,343.6465,82.323616,0.2258181
351.08572,97.52381,362.8241,82.61002,0.36651903
370.59048,97.52381,382.0173,82.18724,0.7211078
390.09525,97.52381,402.0436,81.95846,0.4902288
409.6,97.52381,420.9082,82.42318,0.4845278
429.10477,97.52381,440.22037,82.98939,0.93590766
448.60953,97.52381,460.39764,82.91996,0.64659333
468.11432,97.52381,479.3955,82.59065,0.7863056
487.61908,97.52381,500.44302,82.29615,0.9620346
507.12384,97.52381,519.0528,82.42686,0.97357744
546.13336,97.52381,558.17004,83.74549,0.8131264
565.6381,97.52381,578.13495,83.44571,0.808627
585.1429,97.52381,596.1632,83.86683,0.7574716
604.64764,97.52381,616.7873,83.20922,0.81363297
624.1524,97.52381,637.47546,82.82442,0.91233206
643.65717,97.52381,656.30615,82.825806,0.85075736
663.1619,97.52381,674.8253,83.237854,0.77380365
682.6667,97.52381,694.58167,83.601585,0.93355894
702.17145,97.52381,713.9119,83.21514,0.9694028
721.6762,97.52381,733.22437,83.04825,0.95467794
741.18097,97.52381,754.24023,83.32327,0.6041553
760.6857,97.52381,772.6453,83.09771,0.57798475
780.1905,97.52381,791.59326,83.13805,0.63481814
799.69525,97.52381,811.40405,83.12712,0.37121078
819.2,97.52381,831.904,83.571266,0.3675321
838.7048,97.52381,850.14014,83.25335,0.70577526
858.20953,97.52381,870.1727,83.9726,0.60333043
877.7143,97.52381,889.5353,83.19455,0.9561984
897.21906,97.52381,910.8548,83.859146,0.9054687
916.7238,97.52381,928.00116,83.286705,0.8890499
936.22864,97.52381,947.5811,83.417656,0.9027961
955.7334,97.52381,967.336,83.927086,0.3031976
975.23816,97.52381,988.1288,83.750275,0.38905844
994.7429,97.52381,1007.1023,83.873955,0.6237551
1014.2477,97.52381,1025.5455,83.507515,0.75533855
1033.7524,97.52381,1045.8724,83.3844,0.73013806
1053.2572,97.52381,1065.3145,82.96767,0.8296419
1072.762,97.52381,1084.6919,83.71418,0.7298383
1092.2667,97.52381,1104.3383,84.23144,0.86425346
1111.7715,97.52381,1123.0956,85.95816,0.2633764
1150.781,97.52381,1161.7676,83.51717,0.45458034
1170.2858,97.52381,1183.2065,84.17227,0.68828773
1189.7905,97.52381,1201.4847,85.06053,0.6839755
1209.2953,97.52381,1221.0692,84.53632,0.67191905
1228.8,97.52381,1240.8224,85.98356,0.7008732
1248.3048,97.52381,1260.161,84.67434,0.9523351
1267.8096,97.52381,1279.611,84.28009,0.9454661
1287.3143,97.52381,1298.0393,84.18796,0.89248145
1306.8191,97.52381,1319.5231,84.69942,0.7701432
1326.3239,97.52381,1337.3633,84.04881,0.44847614
1345.8286,97.52381,1357.1383,86.3518,0.88417244
1365.3334,97.52381,1376.9669,84.50958,0.97070706
1384.8381,97.52381,1398.3593,84.87699,0.95886546
1404.3429,97.52381,1417.8755,85.53997,0.9547374
1423.8477,97.52381,1435.5814,85.3163,0.7840185
1443.3524,97.52381,1455.1415,84.663376,0.34872106
1462.8572,97.52381,1475.4698,84.83415,0.6487846
1482.3619,97.52381,1494.7288,85.304985,0.7141037
1501.8667,97.52381,1514.1624,85.33158,0.9325344
1540.8762,97.52381,1554.1063,83.95048,0.9192158
1560.381,97.52381,1571.324,83.19779,0.81895185
1579.8857,97.52381,1592.1338,85.17725,0.9696309
1599.3905,97.52381,1612.2471,85.318855,0.99189395
1618.8953,97.52381,1631.1124,85.22213,0.77437353
1638.4,97.52381,1651.4669,84.50555,0.71605724
1657.9048,97.52381,1669.889,85.626076,0.8590272
1677.4095,97.52381,1689.6266,83.57384,0.84788626
1696.9143,97.52381,1708.3267,85.2714,0.47669172
1735.9238,97.52381,1744.0914,85.93735,0.67524093
1755.4286,97.52381,1768.4136,85.337074,0.3954919
1774.9333,97.52381,1786.4337,84.69059,0.35904786
1794.4381,97.52381,1806.7773,85.55589,0.4480338
1813.9429,97.52381,1826.9247,83.990166,0.5624519
1833.4476,97.52381,1846.9459,84.619965,0.23496462
1872.4573,97.52381,1884.9678,84.832924,0.8806933
1891.962,97.52381,1904.9481,86.444336,0.5931125
1911.4668,97.52381,1923.6656,84.60903,0.6181097
1930.9716,97.52381,1942.3347,85.29128,0.3121425
1950.4763,97.52381,1962.368,86.03294,0.27879915
1969.9811,97.52381,1982.0309,84.6569,0.4312585
97.52381,117.02858,110.75457,101.41044,0.44503656
117.02858,117.02858,128.92484,102.499054,0.30266497
136.53334,117.02858,148.0295,102.10314,0.33083066
214.55238,117.02858,226.40805,101.90913,0.630534
234.05716,117.02858,246.34998,102.77538,0.61956596
253.56192,117.02858,265.67297,102.21375,0.66813844
273.06668,117.02858,284.51138,101.82789,0.58852845
292.57144,117.02858,304.3084,101.91947,0.5430594
312.0762,117.02858,324.11456,102.78266,0.5927631
331.58096,117.02858,344.2038,102.30643,0.7260705
351.08572,117.02858,364.14322,101.95832,0.6518163
370.59048,117.02858,383.6242,102.243484,0.9343105
390.09525,117.02858,401.5361,102.06704,0.8545305
409.6,117.02858,422.16547,102.49728,0.98675126
429.10477,117.02858,441.13025,102.582016,0.8842524
448.60953,117.02858,460.18832,102.42348,0.86004764
468.11432,117.02858,479.01166,102.47493,0.93702376
487.61908,117.02858,500.28128,102.06261,0.9006489
507.12384,117.02858,521.00146,101.5752,0.96437395
526.6286,117.02858,538.7953,102.39511,0.96225417
546.13336,117.02858,559.2446,103.159195,0.9707938
565.6381,117.02858,577.8708,102.38267,0.9325621
585.1429,117.02858,597.7223,103.007034,0.85571164
604.64764,117.02858,616.2413,102.56919,0.7904703
624.1524,117.02858,636.44653,102.74336,0.9295282
643.65717,117.02858,655.88135,102.42968,0.9250112
663.1619,117.02858,675.3826,102.88156,0.87618816
682.6667,117.02858,695.74554,102.380615,0.96944845
702.17145,117.02858,713.6113,102.78124,0.98030126
721.6762,117.02858,734.00287,102.39677,0.7069459
741.18097,117.02858,754.3531,102.921684,0.4662006
760.6857,117.02858,772.5667,103.957954,0.22398283
780.1905,117.02858,791.6763,102.89095,0.67759067
799.69525,117.02858,811.62256,102.697975,0.761575
819.2,117.02858,830.77386,102.75286,0.49261248
838.7048,117.02858,849.5654,102.243996,0.3927276
858.20953,117.02858,871.1976,102.1978,0.47988963
877.7143,117.02858,889.8705,102.60134,0.868716
897.21906,117.02858,908.01245,102.6854,0.9312707
916.7238,117.02858,929.28986,102.55218,0.8999011
936.22864,117.02858,947.2905,103.024284,0.8037083
975.23816,117.02858,984.3233,102.890785,0.3562756
994.7429,117.02858,1006.51373,102.85716,0.6833176
1014.2477,117.02858,1026.6481,103.25971,0.6926137
1033.7524,117.02858,1045.4467,103.33449,0.8858071
1053.2572,117.02858,1064.9425,103.34258,0.9861608
1072.762,117.02858,1084.2524,103.90887,0.97395194
1092.2667,117.02858,1106.0414,103.620865,0.9047428
1111.7715,117.02858,1123.2482,102.82455,0.7780125
1131.2762,117.02858,1143.2236,103.16395,0.41542184
1150.781,117.02858,1161.7069,103.18575,0.8215709
1170.2858,117.02858,1182.5979,103.39351,0.41856265
1189.7905,117.02858,1202.8093,103.06141,0.825806
1209.2953,117.02858,1221.661,104.271454,0.50905013
1228.8,117.02858,1240.7793,104.68575,0.69796836
1248.3048,117.02858,1260.5432,104.77792,0.8231635
1267.8096,117.02858,1279.4198,104.90359,0.90653175
1287.3143,117.02858,1298.9358,104.04507,0.30507088
1306.8191,117.02858,1319.0637,104.14575,0.6622001
1326.3239,117.02858,1339.5186,103.73555,0.8867904
1345.8286,117.02858,1358.4425,103.167145,0.46801823
1365.3334,117.02858,1377.5092,104.74838,0.9774169
1404.3429,117.02858,1417.1057,103.28041,0.9073215
1423.8477,117.02858,1435.8041,103.21518,0.7598128
1443.3524,117.02858,1454.6401,103.64121,0.5335594
1462.8572,117.02858,1474.2622,104.31748,0.7201825
1482.3619,117.02858,1495.6807,105.46995,0.6098372
1501.8667,117.02858,1513.1865,104.882385,0.30709434
1521.3715,117.02858,1532.9918,105.84246,0.9348558
1540.8762,117.02858,1552.7241,104.202,0.8236971
1560.381,117.02858,1573.2354,103.899055,0.9188521
1579.8857,117.02858,1591.2947,104.9357,0.8229475
1599.3905,117.02858,1611.7545,102.94717,0.98119044
1618.8953,117.02858,1630.6063,103.961815,0.8955036
1638.4,117.02858,1652.0107,105.46567,0.8000239
1657.9048,117.02858,1669.7308,104.863556,0.9533484
1677.4095,117.02858,1688.3063,104.68386,0.76971704
1716.4191,117.02858,1725.9039,103.49401,0.3458732
1735.9238,117.02858,1745.1437,105.15802,0.30630776
1755.4286,117.02858,1767.8503,105.29769,0.57722265
1774.9333,117.02858,1786.5773,103.859436,0.28095526
1794.4381,117.02858,1807.5541,105.20631,0.7840571
1813.9429,117.02858,1826.652,105.25334,0.2547596
1833.4476,117.02858,1844.8508,103.33801,0.50209814
1852.9524,117.02858,1864.4585,103.68463,0.71613073
1872.4573,117.02858,1885.6317,105.25662,0.8890993
1891.962,117.02858,1904.7743,105.0022,0.57802707
1911.4668,117.02858,1923.4873,104.491905,0.8278026
1930.9716,117.02858,1942.889,105.215904,0.6873159
1969.9811,117.02858,1981.5608,105.85387,0.609668
117.02858,136.53334,128.44763,121.70437,0.56829816
136.53334,136.53334,148.64996,120.81657,0.90890193
156.0381,136.53334,167.31146,121.43977,0.26556656
175.54286,136.53334,189.3899,120.27749,0.2265435
214.55238,136.53334,227.03513,120.98452,0.64014596
234.05716,136.53334,245.86232,120.50984,0.8718799
253.56192,136.53334,265.79196,121.491615,0.29045337
273.06668,136.53334,285.75928,121.1424,0.6562465
292.57144,136.53334,304.84793,121.506035,0.5602581
312.0762,136.53334,323.751,121.6535,0.8511479
331.58096,136.53334,342.7498,121.97995,0.8522362
351.08572,136.53334,363.55875,121.74432,0.9758844
370.59048,136.53334,382.86597,121.323296,0.94984585
390.09525,136.53334,402.28473,122.598434,0.97363484
409.6,136.53334,422.76312,121.865906,0.98812467
429.10477,136.53334,441.38492,121.83729,0.9130984
448.60953,136.53334,461.0342,121.82459,0.71862966
468.11432,136.53334,480.1359,121.43256,0.9255195
487.61908,136.53334,500.00555,121.82569,0.961851
507.12384,136.53334,519.56354,121.96146,0.9667987
526.6286,136.53334,539.1132,121.98038,0.63963085
546.13336,136.53334,558.44037,122.32768,0.96945846
565.6381,136.53334,577.1598,121.59909,0.93598974
585.1429,136.53334,598.1072,122.10185,0.98249394
604.64764,136.53334,616.6987,122.29757,0.9482321
624.1524,136.53334,635.80286,122.03502,0.70524526
643.65717,136.53334,656.0025,122.116875,0.43626907
663.1619,136.53334,675.2329,122.9145,0.7038811
682.6667,136.53334,696.1479,121.99529,0.960272
702.17145,136.53334,714.43976,122.14022,0.96773005
721.6762,136.53334,734.1516,122.57147,0.88502234
741.18097,136.53334,753.92334,122.0604,0.8435714
760.6857,136.53334,773.78827,122.4122,0.7343852
780.1905,136.53334,791.70123,122.601524,0.62992895
799.69525,136.53334,811.01245,122.37148,0.56502026
819.2,136.53334,831.8881,121.98967,0.84576344
838.7048,136.53334,849.96313,121.73453,0.61497754
858.20953,136.53334,869.9167,122.18605,0.3038683
877.7143,136.53334,889.6486,122.78707,0.9540451
897.21906,136.53334,908.42206,123.02082,0.9682943
916.7238,136.53334,928.3198,122.633385,0.9140912
936.22864,136.53334,947.5456,122.71734,0.9551121
955.7334,136.53334,967.6392,122.68545,0.58424395
975.23816,136.53334,986.8273,122.543335,0.41440788
1014.2477,136.53334,1026.1696,123.05551,0.39998978
1033.7524,136.53334,1045.549,123.94908,0.8811123
1053.2572,136.53334,1065.6132,122.99237,0.94823915
1072.762,136.53334,1083.7645,122.4934,0.9422202
1092.2667,136.53334,1106.1206,123.18216,0.71683
1111.7715,136.53334,1124.0292,122.52214,0.39611125
1131.2762,136.53334,1143.3202,122.269356,0.46348074
1150.781,136.53334,1163.4565,122.5709,0.70458245
1170.2858,136.53334,1182.8915,122.88811,0.6722772
1189.7905,136.53334,1202.3342,123.17549,0.7163853
1209.2953,136.53334,1222.3867,123.01951,0.6364887
1228.8,136.53334,1240.8251,123.28867,0.70056576
1248.3048,136.53334,1261.6744,123.33674,0.9437985
1267.8096,136.53334,1279.3992,124.35818,0.8699212
1306.8191,136.53334,1319.3483,124.52493,0.85997736
1345.8286,136.53334,1358.0128,124.28003,0.77538866
1365.3334,136.53334,1377.3408,123.297585,0.93989736
1384.8381,136.53334,1398.569,123.90856,0.94342035
1423.8477,136.53334,1434.7822,124.0057,0.8800255
1443.3524,136.53334,1456.4333,123.404526,0.8679967
1462.8572,136.53334,1474.1132,124.506065,0.40565714
1482.3619,136.53334,1494.6068,124.74972,0.5696171
1501.8667,136.53334,1514.2405,123.65767,0.7795682
1521.3715,136.53334,1532.7517,124.69886,0.85695225
1540.8762,136.53334,1551.3362,125.70479,0.92757356
1560.381,136.53334,1571.4445,125.26381,0.7103922
1579.8857,136.53334,1590.195,124.30428,0.6460078
1599.3905,136.53334,1610.7795,124.81792,0.9250183
1638.4,136.53334,1650.2631,124.33826,0.7557076
1657.9048,136.53334,1669.882,123.706314,0.6898802
1696.9143,136.53334,1709.3809,123.84275,0.7404529
1716.4191,136.53334,1728.0555,125.05003,0.4979474
1735.9238,136.53334,1748.3162,125.84338,0.5618425
1755.4286,136.53334,1768.3566,124.906624,0.73568124
1774.9333,136.53334,1787.7451,124.58835,0.7731799
1794.4381,136.53334,1806.9985,124.3613,0.95300883
1813.9429,136.53334,1825.8942,124.57429,0.63480306
1833.4476,136.53334,1846.9039,124.513985,0.6575218
1852.9524,136.53334,1865.093,123.68017,0.9519138
1872.4573,136.53334,1885.9197,123.903114,0.83782333
1891.962,136.53334,1904.3154,124.28931,0.6447949
1911.4668,136.53334,1924.53,124.56964,0.6190344
1930.9716,136.53334,1942.7533,123.4394,0.396765
1969.9811,136.53334,1983.5131,126.03334,0.81813085
78.01905,156.0381,90.940765,139.44627,0.24964246
97.52381,156.0381,109.5202,140.51726,0.51638246
117.02858,156.0381,128.34248,141.03256,0.59546846
136.53334,156.0381,148.0184,140.99893,0.5837567
156.0381,156.0381,167.05151,141.54149,0.40247086
195.04762,156.0381,207.66489,140.45892,0.5147812
214.55238,156.0381,226.77235,139.44562,0.69128674
234.05716,156.0381,246.39815,139.33908,0.729378
253.56192,156.0381,265.24875,139.95544,0.27451468
273.06668,156.0381,286.3543,141.00896,0.41024658
292.57144,156.0381,306.1162,141.42017,0.8450229
312.0762,156.0381,324.1881,141.44557,0.8890117
331.58096,156.0381,343.6778,141.18185,0.92803895
351.08572,156.0381,362.90228,140.9558,0.94283205
370.59048,156.0381,382.28336,141.20741,0.93561137
390.09525,156.0381,402.10574,141.11018,0.9786946
409.6,156.0381,422.11087,141.247,0.97036463
429.10477,156.0381,440.73865,141.589,0.90625894
448.60953,156.0381,461.12894,140.2143,0.94976014
468.11432,156.0381,480.03174,141.1637,0.879717
487.61908,156.0381,500.81067,140.81206,0.66654325
507.12384,156.0381,518.7531,141.46269,0.9646541
526.6286,156.0381,540.10645,140.87646,0.69580406
546.13336,156.0381,559.39124,141.73483,0.8370273
565.6381,156.0381,578.2176,141.68764,0.78693736
585.1429,156.0381,598.5479,141.38324,0.92603153
604.64764,156.0381,618.687,141.66252,0.8761756
624.1524,156.0381,635.1939,142.09505,0.38857874
663.1619,156.0381,674.2786,141.59966,0.74386156
682.6667,156.0381,694.29956,141.09172,0.9683063
702.17145,156.0381,714.959,140.5257,0.9769455
721.6762,156.0381,733.864,140.49539,0.91067207
741.18097,156.0381,752.1731,141.78006,0.6800534
760.6857,156.0381,772.6309,141.96349,0.86762995
780.1905,156.0381,791.8014,141.46553,0.55468786
799.69525,156.0381,810.51514,141.7286,0.8690427
819.2,156.0381,831.99243,141.48923,0.6465132
838.7048,156.0381,850.1545,141.57169,0.6678298
858.20953,156.0381,871.06256,141.69156,0.6459949
877.7143,156.0381,891.4648,142.93846,0.93178713
897.21906,156.0381,908.94525,142.40721,0.93319565
916.7238,156.0381,929.0671,142.06595,0.98595476
936.22864,156.0381,947.29193,141.58768,0.9705329
955.7334,156.0381,967.4454,142.58762,0.54450464
975.23816,156.0381,986.4564,142.00584,0.67973924
994.7429,156.0381,1006.6772,141.65276,0.64431655
1014.2477,156.0381,1026.6475,141.5535,0.7108759
1033.7524,156.0381,1045.7081,141.97319,0.78683347
1053.2572,156.0381,1065.411,142.29561,0.8771909
1072.762,156.0381,1084.8973,142.1695,0.88896906
1092.2667,156.0381,1105.215,142.71956,0.71749705
1131.2762,156.0381,1140.0385,143.08246,0.69877726
1150.781,156.0381,1161.9097,141.65904,0.44781068
1170.2858,156.0381,1181.5885,142.8715,0.7383403
1189.7905,156.0381,1200.7665,142.34941,0.81288767
1209.2953,156.0381,1220.8087,142.5555,0.92825747
1228.8,156.0381,1240.7368,142.78963,0.84455585
1248.3048,156.0381,1261.5197,143.52588,0.9732959
1267.8096,156.0381,1280.5328,143.35097,0.8972671
1287.3143,156.0381,1298.2098,142.76558,0.44257912
1306.8191,156.0381,1319.2489,142.90804,0.8762524
1326.3239,156.0381,1339.2778,142.29178,0.93073606
1345.8286,156.0381,1357.3883,142.25479,0.9709617
1365.3334,156.0381,1377.4224,143.52849,0.97708887
1384.8381,156.0381,1397.173,143.06851,0.94274306
1404.3429,156.0381,1417.2662,141.75183,0.2572362
1423.8477,156.0381,1436.162,143.29297,0.5416836
1443.3524,156.0381,1455.9387,144.19853,0.7288558
1462.8572,156.0381,1475.3245,144.04845,0.34329534
1501.8667,156.0381,1513.7098,144.17894,0.62272555
1521.3715,156.0381,1532.7714,143.21661,0.282092
1540.8762,156.0381,1551.9836,144.35695,0.46806717
1560.381,156.0381,1573.2335,143.11945,0.8840783
1579.8857,156.0381,1590.9265,143.63196,0.40112537
1618.8953,156.0381,1630.8469,143.46869,0.96665347
1638.4,156.0381,1651.2872,144.17975,0.55347836
1657.9048,156.0381,1669.5984,143.33868,0.25904828
1696.9143,156.0381,1709.9929,143.45517,0.44803584
1716.4191,156.0381,1728.5292,144.45213,0.826572
1735.9238,156.0381,1749.5514,144.12846,0.944245
1755.4286,156.0381,1768.2156,143.40456,0.92092407
1774.9333,156.0381,1786.8147,143.90602,0.9891052
1794.4381,156.0381,1806.2374,144.24464,0.925257
1813.9429,156.0381,1826.7413,144.03099,0.79466957
1872.4573,156.0381,1885.9948,143.8122,0.80374926
1891.962,156.0381,1904.7192,144.47859,0.59526485
1911.4668,156.0381,1924.6449,143.25981,0.86951196
1930.9716,156.0381,1943.1777,145.33902,0.7141066
1950.4763,156.0381,1962.9713,143.46153,0.61562896
1969.9811,156.0381,1983.4908,144.80675,0.6625914
117.02858,175.54286,130.82307,158.75414,0.261576
136.53334,175.54286,149.12743,159.97185,0.60093737
156.0381,175.54286,168.8307,160.11632,0.24342868
195.04762,175.54286,206.98412,160.62971,0.33452642
214.55238,175.54286,226.71211,159.29784,0.2651799
234.05716,175.54286,245.88385,160.37662,0.54738885
253.56192,175.54286,265.26697,160.53471,0.36471105
292.57144,175.54286,304.7595,160.16885,0.851084
312.0762,175.54286,325.0917,160.71822,0.9853419
331.58096,175.54286,343.07843,160.3929,0.96858704
351.08572,175.54286,363.74734,159.41344,0.9799096
370.59048,175.54286,382.96085,160.99335,0.9466676
390.09525,175.54286,401.1869,161.11952,0.6928415
409.6,175.54286,422.84195,159.3463,0.96486205
429.10477,175.54286,440.70392,160.50633,0.8692137
448.60953,175.54286,461.189,160.13225,0.9066871
468.11432,175.54286,479.8476,160.39029,0.9232641
487.61908,175.54286,498.60626,160.87683,0.8981707
507.12384,175.54286,518.84357,160.13374,0.911941
526.6286,175.54286,537.6831,161.07137,0.5615083
546.13336,175.54286,557.4948,160.75684,0.7371399
565.6381,175.54286,576.72107,160.79063,0.738928
585.1429,175.54286,596.465,160.60768,0.89455336
604.64764,175.54286,616.4598,160.71594,0.69313824
624.1524,175.54286,637.4069,160.83984,0.25382513
643.65717,175.54286,654.3858,161.23412,0.58133733
663.1619,175.54286,675.1558,160.9378,0.95279443
682.6667,175.54286,695.60986,160.71378,0.9789498
702.17145,175.54286,713.86676,159.49117,0.8173278
721.6762,175.54286,733.68915,160.72292,0.847569
741.18097,175.54286,754.1679,161.90085,0.42572045
760.6857,175.54286,772.37823,161.04271,0.56082654
780.1905,175.54286,791.86835,161.28418,0.67226887
799.69525,175.54286,813.63416,161.58301,0.96715194
819.2,175.54286,830.9504,161.78249,0.8697266
838.7048,175.54286,850.236,161.68272,0.9192288
858.20953,175.54286,869.7638,161.39037,0.9286494
877.7143,175.54286,891.16254,160.94785,0.9698708
897.21906,175.54286,908.3554,161.48119,0.9657926
916.7238,175.54286,928.5982,161.57387,0.97564983
936.22864,175.54286,947.9906,161.38658,0.97895116
955.7334,175.54286,966.97266,161.6062,0.91645527
975.23816,175.54286,986.70184,161.3362,0.9433513
994.7429,175.54286,1007.0152,161.56581,0.882925
1014.2477,175.54286,1026.3054,161.81114,0.7126075
1033.7524,175.54286,1045.387,162.18697,0.8212075
1053.2572,175.54286,1065.3092,161.54909,0.9365425
1072.762,175.54286,1085.3328,162.47568,0.8153494
1092.2667,175.54286,1103.8188,161.00166,0.51541936
1131.2762,175.54286,1140.7751,161.31439,0.6826713
1150.781,175.54286,1159.9366,161.35736,0.5754211
1170.2858,175.54286,1182.4972,161.6495,0.7551774
1189.7905,175.54286,1200.8367,161.80515,0.71774644
1209.2953,175.54286,1221.5822,161.20335,0.77430964
1228.8,175.54286,1240.6313,161.64511,0.97527826
1248.3048,175.54286,1260.2517,162.70401,0.6817748
1267.8096,175.54286,1280.5289,162.21701,0.642587
1287.3143,175.54286,1299.1218,162.78065,0.6936023
1306.8191,175.54286,1318.1947,162.3429,0.58591264
1326.3239,175.54286,1340.1901,163.63957,0.91037625
1345.8286,175.54286,1358.0712,162.66107,0.8660876
1365.3334,175.54286,1376.4076,162.42058,0.98374164
1384.8381,175.54286,1396.6934,162.342,0.9310876
1404.3429,175.54286,1417.402,162.6773,0.74169344
1423.8477,175.54286,1436.0527,162.14148,0.81028444
1443.3524,175.54286,1456.0366,162.90834,0.8789761
1462.8572,175.54286,1475.3036,163.64536,0.8481226
1482.3619,175.54286,1492.4597,161.77087,0.5922685
1501.8667,175.54286,1514.2972,163.84006,0.4243721
1521.3715,175.54286,1535.1222,162.41902,0.8777891
1540.8762,175.54286,1552.2307,161.75598,0.4982639
1560.381,175.54286,1572.385,163.43971,0.45043144
1579.8857,175.54286,1591.7539,162.79877,0.6867067
1599.3905,175.54286,1612.1761,162.17714,0.88163894
1618.8953,175.54286,1630.043,161.87457,0.8805159
1638.4,175.54286,1651.295,163.09709,0.7202896
1657.9048,175.54286,1671.0688,163.42262,0.6898364
1696.9143,175.54286,1708.7335,163.20262,0.26290813
1716.4191,175.54286,1728.9535,164.48187,0.426038
1735.9238,175.54286,1748.7605,164.09871,0.7723652
1755.4286,175.54286,1767.716,163.51035,0.63945216
1774.9333,175.54286,1787.1519,163.25385,0.92169684
1794.4381,175.54286,1806.5209,163.54675,0.966861
1813.9429,175.54286,1826.3652,163.73952,0.71176475
1833.4476,175.54286,1847.2941,164.02159,0.42898676
1852.9524,175.54286,1865.6173,164.14563,0.41104025
1891.962,175.54286,1904.4551,162.7412,0.7615158
1911.4668,175.54286,1924.6132,163.06097,0.92398906
1930.9716,175.54286,1943.3698,164.1428,0.9049935
1950.4763,175.54286,1961.7515,164.56937,0.8007688
1969.9811,175.54286,1983.0568,163.41364,0.6577955
136.53334,195.04762,150.15985,178.79857,0.5212527
156.0381,195.04762,168.33078,179.48824,0.37638652
175.54286,195.04762,187.21408,179.70247,0.46306115
195.04762,195.04762,205.77121,179.94102,0.7942899
234.05716,195.04762,244.66736,179.86818,0.50737715
253.56192,195.04762,264.68002,180.25403,0.27447852
292.57144,195.04762,305.33975,179.2704,0.7177901
312.0762,195.04762,323.87042,180.19499,0.7362604
331.58096,195.04762,342.96304,179.88286,0.9214927
351.08572,195.04762,362.97433,179.73488,0.86246413
370.59048,195.04762,382.2835,180.24394,0.8401678
390.09525,195.04762,400.9079,178.9746,0.7221057
409.6,195.04762,420.74384,179.77533,0.3556979
429.10477,195.04762,440.75308,179.24672,0.61774
448.60953,195.04762,460.30795,180.16995,0.74223274
468.11432,195.04762,481.1497,179.82498,0.8698117
487.61908,195.04762,499.42487,180.199,0.93288255
507.12384,195.04762,517.2711,180.31172,0.88092124
526.6286,195.04762,539.90765,180.49846,0.8214142
546.13336,195.04762,558.05634,180.80197,0.4500384
565.6381,195.04762,577.3532,180.9537,0.6129623
585.1429,195.04762,596.94415,181.0793,0.46387368
604.64764,195.04762,616.31055,180.24634,0.7907432
624.1524,195.04762,636.64386,179.93959,0.9401739
643.65717,195.04762,654.3448,180.34624,0.89210415
663.1619,195.04762,674.5702,180.60307,0.97423506
682.6667,195.04762,695.39777,180.29478,0.9851432
702.17145,195.04762,713.512,180.7952,0.7870988
721.6762,195.04762,734.9828,180.58606,0.61094874
741.18097,195.04762,753.7486,180.34743,0.76229924
760.6857,195.04762,772.3119,180.46971,0.8754924
780.1905,195.04762,792.1395,180.70842,0.897432
799.69525,195.04762,811.1016,180.99127,0.63753915
819.2,195.04762,831.77435,180.81323,0.8959867
838.7048,195.04762,851.2863,181.05586,0.9603291
858.20953,195.04762,870.8575,180.89809,0.88003194
877.7143,195.04762,891.5003,180.88385,0.9222509
897.21906,195.04762,910.3254,180.45488,0.9737592
916.7238,195.04762,928.37915,180.9457,0.915549
936.22864,195.04762,949.0232,180.1271,0.9733518
955.7334,195.04762,966.57275,180.70035,0.97159
975.23816,195.04762,986.6082,181.45686,0.931324
994.7429,195.04762,1006.2759,181.1221,0.88937306
1014.2477,195.04762,1026.0598,181.02051,0.70311415
1033.7524,195.04762,1045.3555,180.96199,0.6900265
1053.2572,195.04762,1064.9031,180.83104,0.8537908
1072.762,195.04762,1083.5896,180.82768,0.67968154
1092.2667,195.04762,1104.0574,180.72885,0.42779472
1111.7715,195.04762,1123.5071,180.55519,0.4641095
1131.2762,195.04762,1142.6715,181.3086,0.34922788
1170.2858,195.04762,1182.311,181.44963,0.47256032
1189.7905,195.04762,1201.9045,182.4508,0.68394953
1209.2953,195.04762,1221.5691,182.02016,0.82816774
1228.8,195.04762,1240.9435,182.05293,0.8753487
1248.3048,195.04762,1260.3605,181.905,0.5684451
1267.8096,195.04762,1279.3558,182.76196,0.7209877
1287.3143,195.04762,1298.5623,181.93427,0.56452256
1306.8191,195.04762,1318.5873,182.85661,0.76739913
1326.3239,195.04762,1337.8684,181.46524,0.69454694
1345.8286,195.04762,1358.9551,180.75839,0.96748155
1384.8381,195.04762,1398.7021,181.96118,0.9926255
1423.8477,195.04762,1435.4998,182.32573,0.91934985
1443.3524,195.04762,1455.6749,181.95697,0.80959034
1462.8572,195.04762,1474.983,182.37708,0.8565154
1482.3619,195.04762,1493.7375,182.59528,0.86564976
1501.8667,195.04762,1513.7587,182.35461,0.7525737
1521.3715,195.04762,1534.7156,182.81271,0.54099727
1540.8762,195.04762,1553.1736,182.48686,0.63551265
1560.381,195.04762,1572.0343,182.47664,0.8661651
1579.8857,195.04762,1591.6024,181.6111,0.6695009
1599.3905,195.04762,1611.6442,181.80473,0.57269096
1618.8953,195.04762,1632.4155,181.95235,0.63805485
1638.4,195.04762,1651.702,181.90234,0.84958327
1657.9048,195.04762,1670.4332,183.53581,0.92174035
1677.4095,195.04762,1690.9618,181.7637,0.843788
1696.9143,195.04762,1708.4225,182.43459,0.52492654
1716.4191,195.04762,1728.3428,183.00172,0.50067496
1735.9238,195.04762,1748.9596,184.14214,0.79378504
1755.4286,195.04762,1767.6438,182.10931,0.83872336
1774.9333,195.04762,1787.2573,182.06097,0.96099544
1794.4381,195.04762,1807.6857,183.2982,0.6500791
1813.9429,195.04762,1826.2245,183.27835,0.21300828
1833.4476,195.04762,1845.7803,182.74405,0.9413182
1852.9524,195.04762,1865.1599,182.63057,0.41784775
1872.4573,195.04762,1884.8579,183.96425,0.86022955
1891.962,195.04762,1905.0162,183.04495,0.91300666
1911.4668,195.04762,1924.776,183.78146,0.9718488
1930.9716,195.04762,1943.1234,183.48274,0.91231227
1950.4763,195.04762,1963.3405,185.69174,0.49236864
1969.9811,195.04762,1982.7745,182.96234,0.91147524
136.53334,214.55238,149.26944,200.57478,0.61934566
156.0381,214.55238,168.19873,199.4057,0.87417954
175.54286,214.55238,186.48796,198.82394,0.48261923
195.04762,214.55238,205.6683,198.922,0.2281332
214.55238,214.55238,226.01349,199.2114,0.35351476
234.05716,214.55238,244.86644,199.00375,0.4510037
253.56192,214.55238,265.8885,199.25917,0.5360754
273.06668,214.55238,285.32437,199.68758,0.8497186
292.57144,214.55238,303.85913,198.09943,0.30214393
312.0762,214.55238,323.5825,200.21202,0.5939072
331.58096,214.55238,343.62836,199.4461,0.9164365
351.08572,214.55238,362.5403,199.62889,0.4492547
390.09525,214.55238,399.59952,199.52374,0.65397537
448.60953,214.55238,462.17767,199.29166,0.79240966
487.61908,214.55238,498.69336,199.73918,0.89634305
507.12384,214.55238,519.28766,199.44044,0.89072996
526.6286,214.55238,539.2716,199.49252,0.9688418
546.13336,214.55238,559.4522,200.33475,0.9178305
565.6381,214.55238,577.1016,199.8144,0.93681073
585.1429,214.55238,597.0945,199.87549,0.7357169
604.64764,214.55238,616.65424,199.8348,0.93207103
624.1524,214.55238,635.6983,199.30084,0.9749129
643.65717,214.55238,654.97174,200.01053,0.91922295
663.1619,214.55238,674.9195,199.68306,0.9593197
682.6667,214.55238,694.1197,200.63261,0.9944769
702.17145,214.55238,713.21545,200.01976,0.9713985
721.6762,214.55238,733.1653,200.01244,0.45169646
741.18097,214.55238,753.73425,200.53871,0.7086347
760.6857,214.55238,770.80774,199.9388,0.8296381
780.1905,214.55238,792.2064,199.59335,0.7537645
799.69525,214.55238,810.7715,200.23393,0.35988155
819.2,214.55238,830.59924,200.56459,0.7320931
838.7048,214.55238,851.55756,201.86551,0.9019466
858.20953,214.55238,871.8885,201.19803,0.85835546
877.7143,214.55238,889.49554,200.41412,0.71926594
897.21906,214.55238,909.211,200.97917,0.75286096
916.7238,214.55238,927.40515,200.35359,0.7693254
936.22864,214.55238,947.8069,201.07489,0.86831725
955.7334,214.55238,967.99976,200.64961,0.9699038
975.23816,214.55238,987.8693,200.28291,0.9654731
994.7429,214.55238,1006.739,201.08356,0.92726827
1014.2477,214.55238,1026.9639,200.33435,0.4701788
1033.7524,214.55238,1045.416,200.2971,0.66002
1053.2572,214.55238,1065.5537,200.47867,0.9172169
1072.762,214.55238,1084.3552,200.88506,0.9096649
1092.2667,214.55238,1102.9297,200.24174,0.7126864
1111.7715,214.55238,1122.9504,200.107,0.8590838
1131.2762,214.55238,1142.7429,200.33296,0.5416886
1209.2953,214.55238,1221.6698,202.10779,0.746172
1228.8,214.55238,1240.8448,200.89665,0.8798626
1248.3048,214.55238,1259.4116,200.4767,0.9734551
1267.8096,214.55238,1279.3562,201.76834,0.85165226
1287.3143,214.55238,1298.1874,202.47186,0.60059124
1306.8191,214.55238,1318.3647,202.35136,0.21344301
1326.3239,214.55238,1337.3572,203.53864,0.3457819
1345.8286,214.55238,1357.3684,200.94347,0.6836151
1384.8381,214.55238,1397.9271,202.44206,0.8515899
1404.3429,214.55238,1415.0879,200.93184,0.91247696
1423.8477,214.55238,1434.9727,201.02332,0.8957166
1443.3524,214.55238,1455.6243,201.33208,0.8459858
1462.8572,214.55238,1474.9448,201.93495,0.7799112
1482.3619,214.55238,1494.8398,201.86475,0.67416525
1501.8667,214.55238,1513.5392,203.00484,0.82548
1521.3715,214.55238,1532.808,203.16443,0.82823354
1540.8762,214.55238,1552.7085,203.27309,0.8038901
1560.381,214.55238,1573.5698,202.93584,0.8431601
1579.8857,214.55238,1591.0645,202.27766,0.7998715
1599.3905,214.55238,1611.9739,201.87248,0.8298688
1618.8953,214.55238,1630.523,202.64665,0.5402244
1638.4,214.55238,1651.2386,203.13431,0.8957507
1657.9048,214.55238,1671.5927,203.17856,0.8603786
1696.9143,214.55238,1710.0767,201.04704,0.76997364
1716.4191,214.55238,1728.0461,202.55255,0.29883248
1735.9238,214.55238,1749.8563,202.10143,0.2995266
1755.4286,214.55238,1767.8817,200.75243,0.4841003
1813.9429,214.55238,1827.3059,203.32018,0.7902822
1833.4476,214.55238,1845.9818,202.966,0.89349735
1852.9524,214.55238,1865.0089,202.09717,0.6488563
1872.4573,214.55238,1883.537,203.52675,0.9739671
1891.962,214.55238,1905.0582,203.14577,0.9784201
1911.4668,214.55238,1924.8063,203.2269,0.88178027
1930.9716,214.55238,1942.6951,203.67636,0.7131382
1969.9811,214.55238,1982.5276,203.5031,0.9018371
97.52381,234.05716,111.01912,219.00784,0.36729428
117.02858,234.05716,130.86304,218.40076,0.29799515
136.53334,234.05716,148.95116,219.45082,0.8017932
156.0381,234.05716,167.45218,219.1264,0.7944377
175.54286,234.05716,187.49226,219.03172,0.7403774
195.04762,234.05716,208.01474,219.23808,0.5921709
214.55238,234.05716,225.86324,219.113,0.48324454
234.05716,234.05716,246.52722,217.4976,0.72288394
253.56192,234.05716,265.35672,219.13034,0.7130592
273.06668,234.05716,286.24936,218.51111,0.7480532
292.57144,234.05716,304.39972,218.83386,0.82626826
312.0762,234.05716,323.27206,218.92844,0.9369372
331.58096,234.05716,342.6163,219.05296,0.9240782
370.59048,234.05716,379.31024,218.83412,0.44107053
390.09525,234.05716,399.01303,218.7283,0.43286523
448.60953,234.05716,461.53543,220.2474,0.4961769
468.11432,234.05716,481.77878,219.5001,0.82978904
487.61908,234.05716,498.19788,219.88176,0.8906767
507.12384,234.05716,519.84863,219.27475,0.9773023
526.6286,234.05716,539.3693,219.52776,0.94602686
546.13336,234.05716,557.9969,219.49997,0.96794367
565.6381,234.05716,579.2746,218.5694,0.97027385
585.1429,234.05716,597.13403,219.33002,0.9089875
604.64764,234.05716,616.8567,219.05118,0.8906223
624.1524,234.05716,635.6903,219.51279,0.9793273
643.65717,234.05716,655.3807,220.38342,0.9477866
663.1619,234.05716,675.806,219.53606,0.9755796
682.6667,234.05716,693.5256,219.59442,0.9847825
702.17145,234.05716,714.42285,219.93854,0.9878699
721.6762,234.05716,733.68726,219.72456,0.9335937
741.18097,234.05716,752.9468,219.59856,0.7759075
760.6857,234.05716,773.007,219.39018,0.8725408
780.1905,234.05716,791.1318,219.78937,0.5822594
799.69525,234.05716,810.95184,219.75192,0.7653815
819.2,234.05716,830.5493,219.38318,0.79151887
838.7048,234.05716,850.1164,220.31458,0.7372133
858.20953,234.05716,869.6642,220.03918,0.93989724
877.7143,234.05716,890.0165,220.0424,0.85774225
897.21906,234.05716,908.9923,219.6562,0.8982239
916.7238,234.05716,927.6486,219.72989,0.6789365
936.22864,234.05716,947.64825,219.7411,0.8068823
955.7334,234.05716,966.94037,220.74002,0.9542107
975.23816,234.05716,986.2358,220.31537,0.8840784
994.7429,234.05716,1006.722,219.93695,0.91876215
1014.2477,234.05716,1025.9288,219.84312,0.93076897
1033.7524,234.05716,1045.4167,219.98479,0.9047906
1053.2572,234.05716,1065.9938,220.3352,0.98623097
1072.762,234.05716,1084.9463,219.79675,0.96586794
1092.2667,234.05716,1102.9769,220.83887,0.68686026
1111.7715,234.05716,1124.1469,221.22234,0.46298203
1150.781,234.05716,1159.664,220.73929,0.5505378
1170.2858,234.05716,1182.8379,220.63928,0.64670146
1189.7905,234.05716,1201.5209,220.25743,0.4962902
1209.2953,234.05716,1220.2672,220.32916,0.73852456
1228.8,234.05716,1240.7891,221.48938,0.6301623
1248.3048,234.05716,1259.5044,219.95082,0.7189685
1267.8096,234.05716,1280.7601,220.39435,0.8730614
1287.3143,234.05716,1298.33,222.23238,0.29299682
1306.8191,234.05716,1317.9613,220.72615,0.8417907
1326.3239,234.05716,1337.8453,222.2266,0.29768482
1345.8286,234.05716,1357.3612,222.40637,0.6627354
1365.3334,234.05716,1376.9623,222.56654,0.87024367
1384.8381,234.05716,1396.7391,222.35336,0.85009557
1404.3429,234.05716,1415.3203,222.31291,0.86025935
1423.8477,234.05716,1436.7126,221.46054,0.9888202
1443.3524,234.05716,1455.31,221.58482,0.80529225
1462.8572,234.05716,1474.6849,221.37057,0.85411954
1482.3619,234.05716,1493.2787,220.70047,0.6884582
1501.8667,234.05716,1514.6559,220.98575,0.5839933
1521.3715,234.05716,1532.7731,222.30305,0.82122046
1540.8762,234.05716,1552.7958,221.28415,0.86561984
1560.381,234.05716,1572.6327,220.85413,0.767956
1579.8857,234.05716,1592.3152,221.74982,0.6936166
1599.3905,234.05716,1610.5026,221.07301,0.83936185
1618.8953,234.05716,1630.7743,221.74785,0.97124845
1638.4,234.05716,1650.6348,222.63559,0.7508027
1657.9048,234.05716,1670.2335,219.9881,0.97994196
1677.4095,234.05716,1689.366,220.41232,0.853903
1696.9143,234.05716,1710.0508,223.2762,0.2700472
1774.9333,234.05716,1788.681,221.52443,0.45553458
1813.9429,234.05716,1826.7572,222.2192,0.67007375
1833.4476,234.05716,1845.6584,221.997,0.92398775
1852.9524,234.05716,1865.4054,222.82732,0.95489615
1872.4573,234.05716,1883.5221,222.16891,0.9846654
1891.962,234.05716,1905.2549,221.63745,0.96812415
1911.4668,234.05716,1924.3561,222.18825,0.9386976
1930.9716,234.05716,1942.816,223.1286,0.8037534
1950.4763,234.05716,1962.91,222.63556,0.8684908
1969.9811,234.05716,1982.1891,223.3616,0.88368297
97.52381,253.56192,108.71081,238.38814,0.32471842
117.02858,253.56192,129.1705,235.83618,0.7373693
136.53334,253.56192,149.0652,238.5663,0.52833277
156.0381,253.56192,167.84157,238.86763,0.83229625
175.54286,253.56192,187.65044,237.94151,0.81277865
195.04762,253.56192,208.2858,238.93463,0.4634115
214.55238,253.56192,226.54134,238.699,0.67964804
234.05716,253.56192,245.74889,237.91876,0.88123596
273.06668,253.56192,285.60306,237.38661,0.84548473
292.57144,253.56192,304.22885,238.38805,0.87738997
312.0762,253.56192,324.42642,238.74255,0.9021842
331.58096,253.56192,343.26556,238.88963,0.95149785
351.08572,253.56192,363.69507,238.92525,0.6248657
370.59048,253.56192,382.6958,238.34271,0.2422119
390.09525,253.56192,401.59085,238.21585,0.64015144
429.10477,253.56192,437.426,238.91728,0.40367192
448.60953,253.56192,461.40256,238.95715,0.74055743
468.11432,253.56192,481.63135,238.96048,0.8475223
487.61908,253.56192,499.6828,238.78911,0.8621355
507.12384,253.56192,519.6766,238.57414,0.87646884
526.6286,253.56192,538.2207,238.6904,0.7157983
546.13336,253.56192,558.1803,238.46657,0.9489231
565.6381,253.56192,578.73645,238.8659,0.9599972
585.1429,253.56192,596.64264,238.86238,0.9745383
604.64764,253.56192,615.3398,238.69229,0.95039093
624.1524,253.56192,634.7257,237.9661,0.67682153
643.65717,253.56192,654.6479,238.28334,0.67531985
663.1619,253.56192,674.2897,239.06781,0.83995163
682.6667,253.56192,693.50507,238.94084,0.8286559
702.17145,253.56192,714.31274,239.07066,0.98940647
721.6762,253.56192,734.6504,239.05037,0.991245
741.18097,253.56192,752.9452,239.18256,0.8050729
760.6857,253.56192,771.81744,239.76447,0.55695057
780.1905,253.56192,791.0657,239.86363,0.3727553
799.69525,253.56192,811.55347,239.10866,0.35734978
819.2,253.56192,830.6337,239.16127,0.8814118
838.7048,253.56192,851.69574,239.45708,0.9303272
858.20953,253.56192,870.3123,240.16702,0.60103136
877.7143,253.56192,890.4092,238.64772,0.8007554
897.21906,253.56192,908.988,238.98273,0.917731
916.7238,253.56192,928.83453,239.27176,0.867159
936.22864,253.56192,947.1657,240.72458,0.7347323
955.7334,253.56192,967.37897,239.33803,0.9729346
975.23816,253.56192,987.3917,240.06526,0.8793266
994.7429,253.56192,1006.4597,239.59012,0.842272
1014.2477,253.56192,1024.928,239.71445,0.5849584
1033.7524,253.56192,1045.4296,240.7561,0.910536
1053.2572,253.56192,1065.2632,239.36711,0.9803349
1072.762,253.56192,1084.7048,239.28862,0.9893815
1092.2667,253.56192,1103.9089,239.92972,0.9618172
1111.7715,253.56192,1123.7559,238.96889,0.6293041
1131.2762,253.56192,1143.683,240.19409,0.7122673
1170.2858,253.56192,1181.5194,240.20923,0.33807495
1189.7905,253.56192,1201.7439,239.5425,0.5781197
1209.2953,253.56192,1220.1752,240.30678,0.7250583
1228.8,253.56192,1240.1216,240.29575,0.8951732
1248.3048,253.56192,1259.5841,240.26779,0.8053634
1267.8096,253.56192,1279.902,240.40576,0.850192
1287.3143,253.56192,1299.1716,240.9126,0.7127022
1306.8191,253.56192,1318.6475,240.74731,0.42910904
1345.8286,253.56192,1358.412,240.29385,0.78004265
1365.3334,253.56192,1376.2762,240.25713,0.9095632
1384.8381,253.56192,1397.779,241.70554,0.9762941
1404.3429,253.56192,1417.6819,242.12117,0.97808516
1423.8477,253.56192,1436.6986,241.60025,0.92338693
1443.3524,253.56192,1457.0026,240.42627,0.9730238
1462.8572,253.56192,1474.573,240.44876,0.9882807
1482.3619,253.56192,1494.4292,241.19069,0.7650539
1501.8667,253.56192,1514.8086,241.13416,0.45513007
1521.3715,253.56192,1533.2432,241.05737,0.7090473
1540.8762,253.56192,1552.0955,241.60239,0.31588006
1560.381,253.56192,1574.2122,241.3713,0.78235984
1579.8857,253.56192,1593.1296,241.82149,0.71244264
1599.3905,253.56192,1612.3777,241.92752,0.6424665
1618.8953,253.56192,1630.4941,240.55956,0.9857188
1638.4,253.56192,1650.6982,242.33873,0.9795906
1657.9048,253.56192,1668.8021,240.87311,0.8895099
1677.4095,253.56192,1689.1229,240.784,0.348357
1696.9143,253.56192,1710.4816,241.59059,0.4869185
1813.9429,253.56192,1826.4675,240.67543,0.9505297
1833.4476,253.56192,1844.7162,241.69199,0.8499562
1852.9524,253.56192,1864.8672,241.82861,0.7373999
1872.4573,253.56192,1884.8407,242.70697,0.80787474
1891.962,253.56192,1904.506,242.92117,0.86176544
1911.4668,253.56192,1923.9161,242.02875,0.7000085
1930.9716,253.56192,1943.4408,241.95483,0.9550094
1950.4763,253.56192,1963.9641,242.281,0.80146646
1969.9811,253.56192,1983.36,242.42087,0.5668968
78.01905,273.06668,90.63857,258.30905,0.36950448
117.02858,273.06668,129.4589,258.35367,0.7383475
136.53334,273.06668,149.33316,257.55112,0.79634535
156.0381,273.06668,168.54361,257.50125,0.9647049
175.54286,273.06668,187.8725,257.61752,0.985274
195.04762,273.06668,207.26443,258.1904,0.77176666
214.55238,273.06668,226.1035,258.28445,0.90342563
234.05716,273.06668,245.68459,258.16943,0.9539661
253.56192,273.06668,266.32388,258.0417,0.9543389
273.06668,273.06668,284.30652,258.18597,0.816679
292.57144,273.06668,304.65366,258.33252,0.79964405
312.0762,273.06668,325.21002,258.3525,0.9444936
331.58096,273.06668,342.1575,258.39862,0.79575133
351.08572,273.06668,362.70367,258.16943,0.94971603
370.59048,273.06668,382.4639,257.9984,0.83924615
390.09525,273.06668,401.44406,257.95557,0.90355074
409.6,273.06668,421.35843,258.22208,0.83437747
429.10477,273.06668,440.00128,258.9312,0.85565096
448.60953,273.06668,460.4304,258.63525,0.98886985
468.11432,273.06668,481.45828,258.35156,0.96845514
487.61908,273.06668,499.49432,258.40033,0.9460085
507.12384,273.06668,519.31415,258.18362,0.6830706
526.6286,273.06668,538.42755,258.03644,0.8512
546.13336,273.06668,557.387,258.6729,0.985335
565.6381,273.06668,577.6919,258.8006,0.8512579
585.1429,273.06668,596.8302,258.30383,0.5475901
604.64764,273.06668,616.7608,258.3515,0.9397111
643.65717,273.06668,652.93494,257.24216,0.53842586
663.1619,273.06668,674.3952,258.7253,0.8380951
682.6667,273.06668,694.6799,258.426,0.69878054
702.17145,273.06668,713.98804,258.7441,0.9811032
721.6762,273.06668,733.1324,258.3897,0.98341966
741.18097,273.06668,752.6229,258.2383,0.85492235
760.6857,273.06668,771.72235,258.81046,0.34745434
799.69525,273.06668,811.12,258.81842,0.69349957
819.2,273.06668,831.22876,258.96353,0.73716277
838.7048,273.06668,851.2266,259.27945,0.87490964
858.20953,273.06668,870.975,259.00763,0.8512311
877.7143,273.06668,889.7987,258.68588,0.8989052
897.21906,273.06668,909.65894,258.34067,0.96452415
916.7238,273.06668,929.51263,258.1215,0.9179837
936.22864,273.06668,948.5949,259.51938,0.8179216
955.7334,273.06668,967.0636,259.62482,0.81182146
975.23816,273.06668,986.6741,259.08282,0.7542577
994.7429,273.06668,1006.0874,260.9593,0.68826836
1014.2477,273.06668,1026.6688,259.10712,0.814635
1033.7524,273.06668,1045.7239,259.16916,0.876366
1053.2572,273.06668,1065.0427,258.89584,0.9231696
1072.762,273.06668,1086.6808,258.60196,0.9754071
1092.2667,273.06668,1104.866,258.87506,0.98209995
1111.7715,273.06668,1123.9344,259.1026,0.9086656
1131.2762,273.06668,1142.7384,261.0973,0.73956275
1150.781,273.06668,1161.9778,259.96982,0.46729928
1170.2858,273.06668,1182.4044,260.38455,0.29703045
1189.7905,273.06668,1201.2079,260.7556,0.8469287
1209.2953,273.06668,1222.0566,259.66815,0.64043194
1228.8,273.06668,1241.6279,259.47375,0.7704524
1248.3048,273.06668,1260.9923,260.68744,0.7517146
1267.8096,273.06668,1280.5944,260.27377,0.9150051
1306.8191,273.06668,1318.5779,259.7833,0.50980127
1326.3239,273.06668,1337.959,260.5684,0.81760824
1345.8286,273.06668,1358.0243,260.1042,0.9789969
1365.3334,273.06668,1377.9768,258.8097,0.9314464
1384.8381,273.06668,1398.7699,259.78497,0.8786827
1404.3429,273.06668,1416.3301,261.47424,0.8831818
1423.8477,273.06668,1436.2054,260.20938,0.62446654
1443.3524,273.06668,1456.4913,259.5413,0.98563963
1462.8572,273.06668,1475.7449,259.5591,0.9870518
1482.3619,273.06668,1493.7275,260.921,0.5838332
1540.8762,273.06668,1552.4436,259.8095,0.6618921
1560.381,273.06668,1571.928,260.517,0.97100395
1579.8857,273.06668,1593.147,260.06534,0.9742378
1599.3905,273.06668,1612.0398,261.31012,0.9339006
1618.8953,273.06668,1631.0128,260.21484,0.9691613
1638.4,273.06668,1649.7211,261.07498,0.7068195
1657.9048,273.06668,1669.2327,260.44934,0.79186577
1794.4381,273.06668,1808.0872,260.98004,0.8661531
1813.9429,273.06668,1826.4352,261.11865,0.9154054
1833.4476,273.06668,1844.9496,262.38483,0.46848217
1852.9524,273.06668,1864.3767,262.81094,0.7993958
1872.4573,273.06668,1884.6443,262.28882,0.61721355
1891.962,273.06668,1903.566,262.08002,0.80827767
1911.4668,273.06668,1922.7903,261.93997,0.8569869
1930.9716,273.06668,1943.5028,261.96198,0.9187299
1950.4763,273.06668,1964.0504,261.8287,0.68763566
97.52381,292.57144,109.15361,277.22812,0.30615228
117.02858,292.57144,129.24011,277.44327,0.69327533
156.0381,292.57144,168.01678,277.22104,0.93325365
175.54286,292.57144,188.59636,277.43173,0.9385755
195.04762,292.57144,206.6851,277.2649,0.9464213
214.55238,292.57144,225.96806,277.0951,0.8652473
234.05716,292.57144,245.73833,277.83014,0.93941694
253.56192,292.57144,265.27872,276.62805,0.8523762
273.06668,292.57144,284.61826,277.52368,0.9364895
292.57144,292.57144,304.6632,277.40936,0.6544447
312.0762,292.57144,324.62048,277.70898,0.9399078
331.58096,292.57144,343.6024,277.74173,0.9188274
351.08572,292.57144,362.14203,277.63013,0.67962486
370.59048,292.57144,382.88217,277.73523,0.9362617
390.09525,292.57144,402.56577,278.8233,0.85691696
409.6,292.57144,420.84198,277.93384,0.6956768
429.10477,292.57144,440.5427,277.4315,0.8890469
448.60953,292.57144,459.62234,277.82602,0.933237
468.11432,292.57144,482.05118,277.65787,0.97388905
487.61908,292.57144,499.5714,278.60614,0.95808965
507.12384,292.57144,519.20746,277.4197,0.6177343
526.6286,292.57144,538.0855,277.8746,0.41487637
546.13336,292.57144,557.53217,278.0127,0.8383204
565.6381,292.57144,578.3934,278.28632,0.5512338
585.1429,292.57144,597.11346,277.37387,0.94059336
604.64764,292.57144,616.8977,277.81528,0.7438346
624.1524,292.57144,635.13873,277.79584,0.780295
643.65717,292.57144,655.5175,277.71872,0.7779071
663.1619,292.57144,674.25336,277.997,0.75895
682.6667,292.57144,694.34827,277.80707,0.7237307
702.17145,292.57144,714.41736,277.8381,0.9160685
721.6762,292.57144,734.45667,277.7248,0.8869051
741.18097,292.57144,753.18207,278.3231,0.850306
760.6857,292.57144,772.07007,278.0375,0.47108552
780.1905,292.57144,792.9656,278.88907,0.7344206
799.69525,292.57144,813.3474,278.54764,0.6156141
819.2,292.57144,832.4962,278.70047,0.5129624
838.7048,292.57144,852.22125,278.7322,0.4249184
858.20953,292.57144,871.0776,278.62595,0.74736536
877.7143,292.57144,889.6954,278.40268,0.91373104
897.21906,292.57144,909.1215,277.84225,0.8816378
916.7238,292.57144,929.52625,278.64594,0.93284154
936.22864,292.57144,948.3997,278.90897,0.83291626
955.7334,292.57144,966.878,278.65906,0.81846553
975.23816,292.57144,987.6673,278.33347,0.696406
994.7429,292.57144,1007.55884,278.25693,0.6572325
1014.2477,292.57144,1025.2372,278.71237,0.7931894
1033.7524,292.57144,1044.7876,278.26843,0.9639711
1053.2572,292.57144,1066.8118,278.95602,0.7904704
1072.762,292.57144,1085.5648,279.9616,0.9316495
1092.2667,292.57144,1105.2717,278.84576,0.9683168
1111.7715,292.57144,1123.2952,277.9338,0.93979156
1131.2762,292.57144,1144.0609,278.01373,0.63999903
1170.2858,292.57144,1181.7395,279.0501,0.30697384
1189.7905,292.57144,1200.2432,279.2822,0.797751
1209.2953,292.57144,1221.7882,279.29858,0.8145193
1228.8,292.57144,1241.6321,279.52087,0.7285097
1248.3048,292.57144,1261.7601,279.80032,0.78697747
1287.3143,292.57144,1300.4768,280.04178,0.68186647
1306.8191,292.57144,1318.7139,279.1199,0.40032557
1326.3239,292.57144,1338.3448,278.9867,0.5208681
1365.3334,292.57144,1379.311,280.37982,0.9830125
1384.8381,292.57144,1397.8446,279.02032,0.96107805
1404.3429,292.57144,1416.7119,280.1108,0.8050727
1423.8477,292.57144,1436.3575,281.00067,0.6505315
1443.3524,292.57144,1456.5942,279.74927,0.8678075
1462.8572,292.57144,1474.8276,280.8208,0.95816344
1482.3619,292.57144,1493.9703,280.76212,0.7414856
1501.8667,292.57144,1515.1444,279.37277,0.6468539
1521.3715,292.57144,1532.5568,279.53973,0.4644747
1540.8762,292.57144,1551.8743,280.84262,0.30575907
1560.381,292.57144,1571.5792,281.11353,0.46294892
1579.8857,292.57144,1591.1716,280.99933,0.79082906
1599.3905,292.57144,1610.927,279.53296,0.32104817
1618.8953,292.57144,1629.9032,279.82224,0.50474423
1638.4,292.57144,1650.001,279.33844,0.20544119
1657.9048,292.57144,1670.4336,279.94107,0.33698988
1716.4191,292.57144,1727.396,281.15997,0.57003146
1774.9333,292.57144,1788.3168,280.71924,0.500138
1813.9429,292.57144,1827.9733,281.4524,0.9722355
1833.4476,292.57144,1845.9304,280.80963,0.84784955
1852.9524,292.57144,1865.3629,282.26334,0.84422714
1872.4573,292.57144,1884.4954,281.86957,0.95050913
1891.962,292.57144,1902.9244,281.65417,0.9682954
1911.4668,292.57144,1923.4448,281.19775,0.4190595
1930.9716,292.57144,1943.0715,280.3849,0.8146466
1950.4763,292.57144,1963.3323,281.5223,0.6793848
1969.9811,292.57144,1982.4589,282.08527,0.46010858
78.01905,312.0762,89.97541,296.77933,0.22039916
97.52381,312.0762,108.999084,296.86978,0.4993102
117.02858,312.0762,128.28513,297.23587,0.38579932
136.53334,312.0762,148.5401,296.55664,0.714701
156.0381,312.0762,167.76198,297.08038,0.89848894
175.54286,312.0762,188.85417,296.6847,0.9807917
195.04762,312.0762,207.13394,297.04413,0.9478241
214.55238,312.0762,226.53302,297.27856,0.98252624
234.05716,312.0762,244.82188,297.16016,0.9563245
253.56192,312.0762,265.3205,297.54086,0.81255513
273.06668,312.0762,284.83228,297.5283,0.86638033
292.57144,312.0762,304.29633,297.21304,0.86801
312.0762,312.0762,323.22992,296.72394,0.83123523
331.58096,312.0762,344.64804,296.84027,0.90726954
351.08572,312.0762,363.796,296.20233,0.53535306
370.59048,312.0762,382.87155,297.2876,0.7133528
390.09525,312.0762,401.64584,297.79736,0.7749225
409.6,312.0762,421.24222,297.3066,0.84348285
429.10477,312.0762,442.01245,296.4136,0.94762766
448.60953,312.0762,460.48785,296.24094,0.88324094
468.11432,312.0762,479.49585,297.95746,0.9519183
487.61908,312.0762,499.33292,297.89426,0.81926185
507.12384,312.0762,518.70715,296.89612,0.7811629
526.6286,312.0762,537.9232,297.3078,0.61521655
546.13336,312.0762,558.0365,297.017,0.82978106
565.6381,312.0762,578.55444,296.8986,0.7102867
585.1429,312.0762,596.758,297.5068,0.8296658
604.64764,312.0762,615.9502,297.07626,0.7982331
624.1524,312.0762,635.69666,297.48825,0.73571247
643.65717,312.0762,655.911,296.99496,0.81126684
663.1619,312.0762,674.3848,297.3601,0.78083163
702.17145,312.0762,715.8374,297.8012,0.5247034
721.6762,312.0762,734.8161,297.81693,0.6166047
741.18097,312.0762,753.39557,298.03043,0.57968956
819.2,312.0762,831.34735,296.99127,0.27149796
838.7048,312.0762,851.3368,297.92316,0.47086146
858.20953,312.0762,869.27155,297.86844,0.5637117
877.7143,312.0762,888.292,297.65787,0.82913214
897.21906,312.0762,908.8445,297.64844,0.6464447
916.7238,312.0762,928.95605,297.45743,0.2947457
936.22864,312.0762,948.1726,297.21432,0.7801471
955.7334,312.0762,966.3761,297.9241,0.66540337
975.23816,312.0762,986.7592,297.79648,0.4325668
1014.2477,312.0762,1026.1353,299.3495,0.8698535
1033.7524,312.0762,1045.7087,297.66022,0.9435589
1053.2572,312.0762,1064.7241,299.36725,0.8486765
1072.762,312.0762,1084.7186,297.78864,0.79910916
1092.2667,312.0762,1104.4985,298.1575,0.82714343
1111.7715,312.0762,1122.8666,297.40347,0.9610804
1131.2762,312.0762,1143.917,298.57822,0.547349
1150.781,312.0762,1164.5099,298.64163,0.31273472
1170.2858,312.0762,1183.3131,298.2939,0.600943
1189.7905,312.0762,1201.3158,296.7732,0.52913857
1209.2953,312.0762,1220.8737,298.95712,0.90700465
1228.8,312.0762,1242.1022,300.66727,0.47156474
1287.3143,312.0762,1299.4143,299.98788,0.6958881
1306.8191,312.0762,1318.6742,299.74362,0.27022535
1326.3239,312.0762,1337.255,298.72272,0.7786345
1345.8286,312.0762,1356.7145,298.42078,0.64695305
1365.3334,312.0762,1378.382,299.74152,0.90771264
1384.8381,312.0762,1396.8134,298.79987,0.9253711
1404.3429,312.0762,1416.4911,299.38605,0.8956965
1423.8477,312.0762,1436.0522,301.03818,0.9745644
1443.3524,312.0762,1455.7748,300.83206,0.88899857
1462.8572,312.0762,1474.4526,299.86414,0.9035962
1482.3619,312.0762,1494.6226,300.74164,0.9609929
1501.8667,312.0762,1514.1545,299.92935,0.94532216
1521.3715,312.0762,1533.102,298.8058,0.38490275
1560.381,312.0762,1572.0216,300.02316,0.53219634
1579.8857,312.0762,1592.2733,299.91785,0.739333
1599.3905,312.0762,1610.3827,300.47122,0.43166146
1618.8953,312.0762,1630.2032,298.95688,0.40068576
1638.4,312.0762,1650.0614,298.2782,0.8053524
1657.9048,312.0762,1669.7081,299.30188,0.3828676
1716.4191,312.0762,1728.0498,299.3484,0.33326682
1735.9238,312.0762,1748.0929,299.6293,0.9105643
1755.4286,312.0762,1769.5491,300.3777,0.83127373
1774.9333,312.0762,1787.53,300.0687,0.626749
1794.4381,312.0762,1808.324,299.86826,0.68067455
1833.4476,312.0762,1847.4116,300.76538,0.92948866
1852.9524,312.0762,1864.5687,300.9316,0.92147416
1872.4573,312.0762,1886.1819,300.405,0.724772
1891.962,312.0762,1904.0682,300.34088,0.9806142
1911.4668,312.0762,1924.1486,300.69843,0.5751287
1930.9716,312.0762,1943.2793,301.19675,0.527303
1950.4763,312.0762,1963.4043,300.27155,0.9066231
97.52381,331.58096,108.56113,316.6489,0.33879387
117.02858,331.58096,128.43184,316.3945,0.54713184
136.53334,331.58096,147.1875,316.81046,0.698528
156.0381,331.58096,168.56691,316.5631,0.9746003
175.54286,331.58096,188.2499,316.4862,0.9143868
195.04762,331.58096,206.52173,316.83505,0.9734889
214.55238,331.58096,227.0217,316.93933,0.9868934
234.05716,331.58096,246.93855,317.37845,0.8603741
253.56192,331.58096,264.73856,317.8033,0.9051498
273.06668,331.58096,285.95096,316.64874,0.9097139
292.57144,331.58096,305.27063,316.5927,0.89472497
312.0762,331.58096,323.75098,316.64175,0.7906571
331.58096,331.58096,343.4628,316.89926,0.6165005
351.08572,331.58096,363.547,317.11267,0.32133088
370.59048,331.58096,382.96127,316.34726,0.68409294
390.09525,331.58096,401.94254,316.48087,0.89745575
409.6,331.58096,420.91214,316.38577,0.9650074
429.10477,331.58096,442.70554,316.78235,0.9683803
448.60953,331.58096,460.4841,316.55853,0.94821054
468.11432,331.58096,479.61526,316.94226,0.94876736
487.61908,331.58096,499.08154,316.95016,0.67888325
507.12384,331.58096,519.4081,316.6686,0.5748437
526.6286,331.58096,539.02954,316.69748,0.620846
546.13336,331.58096,558.7523,317.4234,0.7697976
565.6381,331.58096,577.29816,316.8598,0.85820216
585.1429,331.58096,597.0405,316.92007,0.76357466
604.64764,331.58096,616.20056,317.49673,0.5370208
624.1524,331.58096,635.21356,316.92825,0.7312322
643.65717,331.58096,654.269,317.00827,0.57440156
663.1619,331.58096,674.02783,317.28815,0.31383097
682.6667,331.58096,694.9595,317.29688,0.4026065
702.17145,331.58096,716.22516,317.29013,0.6897728
721.6762,331.58096,735.135,317.90308,0.62360245
741.18097,331.58096,754.42084,317.4006,0.720467
760.6857,331.58096,773.72943,317.40164,0.4336731
819.2,331.58096,829.6361,317.0178,0.35892174
838.7048,331.58096,851.52216,317.2702,0.3841225
858.20953,331.58096,869.8691,317.22632,0.8423066
897.21906,331.58096,909.1062,317.54013,0.3588659
936.22864,331.58096,948.99805,315.69257,0.45142633
975.23816,331.58096,987.2873,317.68848,0.58989185
1014.2477,331.58096,1026.119,317.35275,0.77366644
1033.7524,331.58096,1046.709,317.6679,0.8548058
1053.2572,331.58096,1065.3474,317.80463,0.5604039
1072.762,331.58096,1086.2454,317.79886,0.93267965
1092.2667,331.58096,1103.3652,317.90247,0.83981186
1111.7715,331.58096,1123.3641,317.6695,0.7585128
1131.2762,331.58096,1143.1075,317.49835,0.89629126
1150.781,331.58096,1162.9396,318.12598,0.84881955
1170.2858,331.58096,1183.1788,317.5181,0.85084623
1189.7905,331.58096,1202.0743,317.30685,0.7926201
1209.2953,331.58096,1220.5128,318.3785,0.66970134
1228.8,331.58096,1241.0568,319.4597,0.7173069
1248.3048,331.58096,1261.9226,317.69412,0.38406688
1345.8286,331.58096,1357.8291,318.67993,0.81350446
1365.3334,331.58096,1377.2472,319.10666,0.5840021
1384.8381,331.58096,1395.4352,319.83145,0.8563062
1404.3429,331.58096,1415.1763,317.87,0.95360696
1423.8477,331.58096,1435.6527,318.17474,0.9691497
1443.3524,331.58096,1454.645,320.10352,0.68420345
1462.8572,331.58096,1474.4081,319.46106,0.77107996
1482.3619,331.58096,1494.5411,320.29834,0.9945591
1501.8667,331.58096,1512.6986,320.30084,0.93855935
1521.3715,331.58096,1532.7456,319.0562,0.3860463
1540.8762,331.58096,1551.5715,320.16168,0.32575953
1560.381,331.58096,1571.1481,318.5562,0.70181245
1579.8857,331.58096,1592.133,318.82587,0.91761005
1599.3905,331.58096,1611.3925,318.2516,0.78722227
1618.8953,331.58096,1632.0343,319.98172,0.637842
1638.4,331.58096,1650.0997,320.24146,0.9552373
1657.9048,331.58096,1671.0906,320.34482,0.8798324
1677.4095,331.58096,1690.0492,319.85846,0.32916695
1716.4191,331.58096,1728.5835,321.03134,0.8273066
1735.9238,331.58096,1749.2762,319.69562,0.92020214
1755.4286,331.58096,1768.2104,320.014,0.7936464
1774.9333,331.58096,1788.2383,319.89563,0.4811336
1833.4476,331.58096,1844.8768,318.4982,0.5199875
1852.9524,331.58096,1865.614,319.9373,0.78868014
1872.4573,331.58096,1885.3998,320.2474,0.65521187
1891.962,331.58096,1904.3021,319.69385,0.9155237
1911.4668,331.58096,1923.5193,320.04968,0.866578
1930.9716,331.58096,1943.4193,318.84906,0.80288064
1950.4763,331.58096,1962.8422,320.35495,0.82032126
1969.9811,331.58096,1982.607,321.01303,0.5990373
78.01905,351.08572,90.211426,334.77472,0.8319357
97.52381,351.08572,109.98087,335.9847,0.78566533
117.02858,351.08572,128.6546,335.49738,0.7451373
136.53334,351.08572,147.38931,336.00073,0.9224716
156.0381,351.08572,167.88336,335.9002,0.73571414
175.54286,351.08572,188.03029,335.78464,0.93212235
195.04762,351.08572,207.1502,336.12552,0.99074906
214.55238,351.08572,226.80125,336.28522,0.96845937
234.05716,351.08572,245.32349,335.5098,0.95199025
253.56192,351.08572,264.0973,336.2235,0.86910886
273.06668,351.08572,285.26117,336.00525,0.7961081
292.57144,351.08572,303.23245,336.18918,0.52673215
312.0762,351.08572,323.58157,336.43332,0.79505396
331.58096,351.08572,344.84796,336.17297,0.5207092
351.08572,351.08572,362.45544,335.97076,0.6142907
370.59048,351.08572,384.13376,335.86606,0.94651616
390.09525,351.08572,403.38098,335.9677,0.93153584
409.6,351.08572,423.4604,336.3052,0.99234104
429.10477,351.08572,442.38513,335.87952,0.9904824
448.60953,351.08572,460.85098,335.88803,0.95000565
468.11432,351.08572,479.23773,336.4781,0.7691285
487.61908,351.08572,498.43018,336.9885,0.8870795
507.12384,351.08572,518.7515,336.42078,0.86241525
526.6286,351.08572,538.82697,337.2508,0.73839587
546.13336,351.08572,557.23285,336.53116,0.8095876
565.6381,351.08572,578.2439,337.6473,0.7640494
585.1429,351.08572,596.1072,336.96667,0.7276581
604.64764,351.08572,615.9859,336.7475,0.9091681
624.1524,351.08572,635.67285,336.65607,0.8855191
643.65717,351.08572,655.1873,337.3051,0.8671965
702.17145,351.08572,715.4494,338.4222,0.68606573
721.6762,351.08572,734.9486,336.773,0.7612978
741.18097,351.08572,753.28577,337.1007,0.89873254
760.6857,351.08572,773.2661,335.88693,0.8890017
780.1905,351.08572,791.3262,336.28564,0.60092247
799.69525,351.08572,812.30774,336.47974,0.61060256
819.2,351.08572,830.3137,336.54462,0.6208496
838.7048,351.08572,851.4488,336.48227,0.63663656
858.20953,351.08572,870.94135,336.22757,0.89351064
936.22864,351.08572,947.82654,336.38043,0.35876998
955.7334,351.08572,966.9085,336.3622,0.8162883
975.23816,351.08572,987.345,336.74945,0.8734313
994.7429,351.08572,1005.95013,336.8954,0.41660014
1014.2477,351.08572,1026.8383,337.25848,0.889748
1033.7524,351.08572,1045.3282,337.21124,0.95679736
1053.2572,351.08572,1064.8751,337.74365,0.616023
1072.762,351.08572,1085.2228,336.88412,0.8186263
1092.2667,351.08572,1104.6027,337.11945,0.83541065
1111.7715,351.08572,1123.9753,336.96713,0.78237945
1131.2762,351.08572,1143.6405,337.6636,0.9422136
1150.781,351.08572,1162.6906,337.5372,0.93391544
1170.2858,351.08572,1183.2083,338.6735,0.8658062
1189.7905,351.08572,1202.198,338.452,0.91537994
1209.2953,351.08572,1221.2571,337.90698,0.80882174
1228.8,351.08572,1241.2628,338.13974,0.3606643
1248.3048,351.08572,1261.2715,337.2675,0.8086125
1306.8191,351.08572,1315.9313,337.74554,0.7573237
1326.3239,351.08572,1335.699,338.3486,0.549503
1345.8286,351.08572,1358.4894,339.29755,0.45524976
1365.3334,351.08572,1376.9937,338.70865,0.43419895
1384.8381,351.08572,1395.8638,338.08972,0.80436516
1404.3429,351.08572,1417.3494,339.0096,0.91226566
1423.8477,351.08572,1434.4683,338.30835,0.67532545
1443.3524,351.08572,1454.4081,338.4287,0.5918528
1462.8572,351.08572,1474.5491,338.4157,0.7223667
1482.3619,351.08572,1493.4835,339.28482,0.8460821
1501.8667,351.08572,1514.1354,338.52936,0.9087939
1521.3715,351.08572,1533.6656,338.3181,0.90761405
1540.8762,351.08572,1552.255,339.41742,0.5578041
1560.381,351.08572,1570.9658,337.86,0.79903746
1579.8857,351.08572,1591.7688,339.13312,0.6746634
1599.3905,351.08572,1611.4,338.87552,0.82045597
1638.4,351.08572,1652.3625,339.11746,0.86852235
1657.9048,351.08572,1670.1473,337.82574,0.95615953
1677.4095,351.08572,1691.4216,338.63907,0.6405671
1696.9143,351.08572,1710.2175,338.78827,0.389224
1716.4191,351.08572,1730.3937,340.22476,0.3194397
1735.9238,351.08572,1748.0774,338.6634,0.61037076
1755.4286,351.08572,1767.6564,339.44012,0.5228313
1833.4476,351.08572,1846.874,339.7853,0.67032874
1852.9524,351.08572,1865.8953,339.88864,0.8032278
1872.4573,351.08572,1885.0853,338.55103,0.79125607
1891.962,351.08572,1903.7144,338.1948,0.7527241
1911.4668,351.08572,1924.7074,338.86905,0.88973945
1930.9716,351.08572,1943.7234,339.25922,0.80658627
1950.4763,351.08572,1962.9862,339.9757,0.92161536
1969.9811,351.08572,1983.7782,340.48007,0.36196998
58.51429,370.59048,70.33847,355.17313,0.6078845
78.01905,370.59048,90.13564,354.85858,0.9485007
97.52381,370.59048,109.486946,355.17758,0.78421736
117.02858,370.59048,128.41455,354.5882,0.7870034
136.53334,370.59048,149.09714,355.34213,0.82226264
156.0381,370.59048,167.90494,354.90958,0.39300004
175.54286,370.59048,189.75232,354.43613,0.8952123
195.04762,370.59048,206.5133,355.8119,0.9436184
214.55238,370.59048,226.43349,355.5986,0.95902544
234.05716,370.59048,246.06052,355.67807,0.8817865
253.56192,370.59048,265.19852,355.6515,0.7386022
273.06668,370.59048,284.51245,355.7784,0.6893635
292.57144,370.59048,304.93344,355.8157,0.5311784
331.58096,370.59048,344.83774,355.91364,0.7970774
351.08572,370.59048,364.08768,355.75565,0.73005384
370.59048,370.59048,382.204,356.0562,0.37696594
390.09525,370.59048,401.11948,355.98718,0.9249143
409.6,370.59048,422.54202,355.77884,0.9926884
429.10477,370.59048,441.80804,355.9585,0.99207664
448.60953,370.59048,462.36572,355.6249,0.9661829
468.11432,370.59048,479.56006,355.8507,0.8299972
487.61908,370.59048,499.01938,356.04782,0.76750135
507.12384,370.59048,518.7701,356.41263,0.95575136
526.6286,370.59048,537.75305,356.3018,0.85731053
546.13336,370.59048,557.4202,356.2375,0.91797066
565.6381,370.59048,577.35297,356.13412,0.8451519
585.1429,370.59048,596.3269,356.58994,0.25701618
604.64764,370.59048,616.31177,356.01013,0.9221908
624.1524,370.59048,635.98975,355.76245,0.9785715
643.65717,370.59048,656.14276,356.385,0.9406198
663.1619,370.59048,674.2337,356.09372,0.25470942
702.17145,370.59048,714.0485,357.5918,0.5914961
721.6762,370.59048,733.3172,356.8668,0.6735268
741.18097,370.59048,754.18774,356.04312,0.95526946
760.6857,370.59048,773.02527,355.7252,0.9510689
780.1905,370.59048,792.1361,355.9778,0.81891173
799.69525,370.59048,811.6959,355.4816,0.90642935
819.2,370.59048,833.2189,355.86252,0.9127826
838.7048,370.59048,852.10815,355.2645,0.9543319
858.20953,370.59048,871.3571,356.7309,0.942662
877.7143,370.59048,889.48376,356.11743,0.7717407
897.21906,370.59048,910.42126,356.29352,0.52870643
936.22864,370.59048,948.35144,357.70108,0.688656
955.7334,370.59048,967.111,356.4222,0.8579165
975.23816,370.59048,986.8753,356.05667,0.86152065
994.7429,370.59048,1006.1522,356.63083,0.8369382
1014.2477,370.59048,1026.8685,356.77698,0.9124741
1033.7524,370.59048,1044.9058,358.29065,0.8734733
1053.2572,370.59048,1064.4135,356.19882,0.65356106
1072.762,370.59048,1085.715,357.17566,0.84508353
1092.2667,370.59048,1103.9066,356.5547,0.75587195
1131.2762,370.59048,1142.8173,358.432,0.86524934
1150.781,370.59048,1164.6119,357.62036,0.98614645
1170.2858,370.59048,1183.2472,357.73837,0.42811868
1189.7905,370.59048,1201.604,358.08514,0.47150904
1209.2953,370.59048,1221.0793,359.02423,0.8613337
1267.8096,370.59048,1276.8798,356.15918,0.29617164
1365.3334,370.59048,1377.1152,358.59747,0.4561965
1384.8381,370.59048,1397.0304,358.05026,0.80253613
1404.3429,370.59048,1416.4857,358.30908,0.9834136
1423.8477,370.59048,1434.5557,358.71103,0.6811636
1443.3524,370.59048,1454.5117,358.29712,0.9079283
1462.8572,370.59048,1473.7292,357.68625,0.8037467
1482.3619,370.59048,1494.2518,358.68433,0.7867897
1501.8667,370.59048,1513.2634,359.01865,0.9349409
1521.3715,370.59048,1532.7384,358.5396,0.9141995
1540.8762,370.59048,1552.5022,358.465,0.57653695
1560.381,370.59048,1572.3328,358.03085,0.76910865
1579.8857,370.59048,1592.6824,358.95276,0.8721824
1599.3905,370.59048,1612.6143,359.38614,0.808182
1618.8953,370.59048,1631.2422,358.49576,0.87689906
1638.4,370.59048,1650.7345,358.02762,0.88553655
1657.9048,370.59048,1671.4343,359.5094,0.83236504
1677.4095,370.59048,1690.7177,359.50748,0.89269435
1696.9143,370.59048,1710.0094,358.40082,0.5106854
1716.4191,370.59048,1729.9863,358.54892,0.7209552
1735.9238,370.59048,1746.8354,357.8978,0.79237413
1755.4286,370.59048,1769.1647,357.65427,0.7210026
1852.9524,370.59048,1865.633,359.46902,0.8464454
1872.4573,370.59048,1886.1412,359.866,0.69195545
1891.962,370.59048,1904.4751,358.78098,0.7865309
1911.4668,370.59048,1922.3965,359.46255,0.50920266
1930.9716,370.59048,1944.291,358.4641,0.9301602
1950.4763,370.59048,1964.3801,358.6976,0.9629443
1969.9811,370.59048,1983.0703,358.03555,0.9808352
58.51429,390.09525,70.948395,372.89786,0.5410244
78.01905,390.09525,89.409004,374.711,0.94140613
97.52381,390.09525,108.73679,375.0584,0.94817156
117.02858,390.09525,128.42276,374.582,0.95978725
136.53334,390.09525,147.85735,373.4244,0.81688464
156.0381,390.09525,167.5762,375.3795,0.9182625
195.04762,390.09525,207.3236,374.69086,0.9017386
214.55238,390.09525,226.17667,375.05774,0.876722
234.05716,390.09525,247.11357,374.43024,0.8557563
253.56192,390.09525,265.75723,375.0967,0.8414371
273.06668,390.09525,286.9116,375.5852,0.81868494
292.57144,390.09525,306.6581,376.04556,0.33624578
312.0762,390.09525,324.56003,375.50153,0.46880734
331.58096,390.09525,345.7476,375.40775,0.92185205
351.08572,390.09525,364.32343,374.908,0.7052526
370.59048,390.09525,381.87952,375.29654,0.2610629
390.09525,390.09525,402.84244,375.28604,0.9179105
409.6,390.09525,422.07486,375.30652,0.98890245
429.10477,390.09525,441.29538,375.56946,0.97397316
448.60953,390.09525,461.2759,375.24936,0.8819334
468.11432,390.09525,480.70782,375.19336,0.76572657
487.61908,390.09525,500.78833,375.4086,0.8969152
507.12384,390.09525,520.1549,375.79346,0.8804672
526.6286,390.09525,538.1487,375.24564,0.9000979
546.13336,390.09525,557.1799,374.6388,0.95748085
565.6381,390.09525,578.5763,375.0216,0.97114533
585.1429,390.09525,597.0776,375.14667,0.6626983
604.64764,390.09525,616.3376,375.43707,0.9128522
624.1524,390.09525,636.0301,376.2002,0.95178455
643.65717,390.09525,655.09766,375.68488,0.4860138
663.1619,390.09525,674.4313,375.71353,0.62132835
682.6667,390.09525,693.092,375.6072,0.52631956
702.17145,390.09525,714.5654,375.18652,0.6254105
721.6762,390.09525,733.727,375.84473,0.68854713
741.18097,390.09525,752.9477,375.9305,0.83625793
760.6857,390.09525,771.4309,375.76065,0.9851981
780.1905,390.09525,792.51013,375.8727,0.96910834
799.69525,390.09525,811.81256,374.94147,0.9718537
819.2,390.09525,832.6705,375.88257,0.9907687
838.7048,390.09525,852.59406,376.39078,0.98068184
858.20953,390.09525,870.1303,375.357,0.9612735
877.7143,390.09525,889.62354,376.05756,0.8202461
897.21906,390.09525,909.43164,376.03116,0.95618165
916.7238,390.09525,928.85657,376.10687,0.9660561
936.22864,390.09525,948.1969,375.806,0.84121615
955.7334,390.09525,967.7874,376.1647,0.88835835
975.23816,390.09525,986.71515,375.85812,0.664466
994.7429,390.09525,1007.61646,375.93512,0.8304456
1014.2477,390.09525,1026.0392,376.46155,0.8073585
1033.7524,390.09525,1044.2546,375.94528,0.30482632
1053.2572,390.09525,1065.6311,376.2634,0.45028582
1072.762,390.09525,1084.5367,376.11377,0.90186393
1092.2667,390.09525,1104.933,377.18585,0.91385216
1111.7715,390.09525,1123.0406,376.9262,0.6145567
1131.2762,390.09525,1142.8947,377.0473,0.6748848
1150.781,390.09525,1164.8691,376.1506,0.8803298
1189.7905,390.09525,1202.1907,375.7252,0.55936927
1267.8096,390.09525,1276.8094,375.403,0.50424695
1287.3143,390.09525,1296.2145,377.11472,0.7711758
1326.3239,390.09525,1337.3859,375.93713,0.23051253
1365.3334,390.09525,1378.0638,376.47232,0.50327945
1384.8381,390.09525,1397.381,377.7538,0.78346574
1404.3429,390.09525,1416.6505,377.72714,0.88829213
1423.8477,390.09525,1435.243,377.3015,0.71033835
1443.3524,390.09525,1454.5453,377.21463,0.8937785
1462.8572,390.09525,1474.806,377.6642,0.61513567
1482.3619,390.09525,1494.2172,377.93576,0.71785676
1501.8667,390.09525,1513.1119,377.71252,0.65525293
1521.3715,390.09525,1531.5529,378.77823,0.92037123
1540.8762,390.09525,1554.5377,379.4193,0.7591128
1560.381,390.09525,1574.0923,378.35764,0.6365297
1579.8857,390.09525,1591.9054,377.76846,0.83803725
1599.3905,390.09525,1611.6279,377.2153,0.8702928
1618.8953,390.09525,1631.8544,377.5268,0.85392165
1657.9048,390.09525,1671.0927,378.13596,0.5435684
1677.4095,390.09525,1690.1938,379.02386,0.65964955
1696.9143,390.09525,1710.4915,378.88354,0.728534
1716.4191,390.09525,1730.1029,378.87277,0.88106656
1735.9238,390.09525,1748.469,378.135,0.665512
1755.4286,390.09525,1768.1783,378.27386,0.5808059
1852.9524,390.09525,1864.9609,378.08084,0.37997445
1872.4573,390.09525,1886.4379,377.43045,0.5110356
1891.962,390.09525,1903.565,380.52182,0.42973444
1911.4668,390.09525,1924.3188,379.09137,0.5942588
1930.9716,390.09525,1941.7977,377.98785,0.97681713
1950.4763,390.09525,1963.1415,378.6591,0.9597449
1969.9811,390.09525,1982.3907,379.2928,0.9421846
39.009525,409.6,52.873596,394.0252,0.22574767
58.51429,409.6,70.33301,395.74835,0.7083667
78.01905,409.6,90.57048,394.56824,0.9923709
97.52381,409.6,109.15935,394.11884,0.98736256
117.02858,409.6,128.84291,394.4332,0.9871144
136.53334,409.6,148.07828,394.67865,0.75400364
156.0381,409.6,168.7329,393.6917,0.968761
175.54286,409.6,188.82608,393.48578,0.9446995
195.04762,409.6,206.5325,394.4712,0.86616963
214.55238,409.6,227.00853,393.6533,0.8190128
234.05716,409.6,245.27023,392.91403,0.8919528
273.06668,409.6,287.0878,393.59265,0.8433925
292.57144,409.6,305.73743,394.6828,0.66328603
312.0762,409.6,323.76877,395.27036,0.6464859
331.58096,409.6,343.6789,394.97852,0.9341065
351.08572,409.6,362.7657,394.6388,0.8539085
370.59048,409.6,382.88992,394.27368,0.9083115
390.09525,409.6,402.63007,394.17084,0.9287788
409.6,409.6,421.55432,393.9541,0.99562925
429.10477,409.6,441.49362,394.0892,0.83448905
448.60953,409.6,461.7023,394.82684,0.28008988
468.11432,409.6,480.063,394.9981,0.75111747
487.61908,409.6,499.66885,395.7214,0.9192256
507.12384,409.6,520.19385,394.52502,0.93930686
526.6286,409.6,537.96265,394.52386,0.8973309
546.13336,409.6,556.8912,394.71597,0.95184946
565.6381,409.6,579.3072,394.87933,0.9849503
585.1429,409.6,597.9823,394.16547,0.9662542
604.64764,409.6,617.2025,394.49725,0.9268427
624.1524,409.6,637.8769,394.89746,0.9558325
643.65717,409.6,654.6455,395.3938,0.60023177
663.1619,409.6,675.1139,395.4105,0.75765187
682.6667,409.6,694.1249,394.77167,0.67155033
702.17145,409.6,714.3344,394.7942,0.6253731
721.6762,409.6,734.1216,395.2728,0.66010416
741.18097,409.6,753.7782,394.961,0.8985384
760.6857,409.6,772.41296,394.92947,0.91637856
780.1905,409.6,792.0205,395.864,0.877953
799.69525,409.6,812.01965,395.23062,0.9660065
819.2,409.6,831.22144,396.1081,0.9959003
838.7048,409.6,850.4341,395.0075,0.9940731
858.20953,409.6,870.95685,395.07028,0.9668222
877.7143,409.6,889.0906,395.6956,0.95069623
897.21906,409.6,909.256,395.52444,0.9280073
916.7238,409.6,929.1231,395.19794,0.95272744
936.22864,409.6,948.8464,395.18237,0.9154076
955.7334,409.6,967.1582,396.00565,0.79134136
975.23816,409.6,986.3724,396.18817,0.82917947
994.7429,409.6,1007.2601,395.67673,0.9341802
1014.2477,409.6,1025.7592,395.08167,0.9357701
1053.2572,409.6,1064.6545,395.62396,0.6316054
1072.762,409.6,1084.992,395.89822,0.9719632
1092.2667,409.6,1103.8427,396.1986,0.8071843
1131.2762,409.6,1143.3263,396.01797,0.5242842
1150.781,409.6,1163.5955,395.3552,0.67940784
1170.2858,409.6,1183.866,394.88507,0.60461617
1189.7905,409.6,1202.2096,395.47562,0.28135312
1209.2953,409.6,1221.9257,394.84714,0.2361028
1228.8,409.6,1240.3251,396.13416,0.2818889
1287.3143,409.6,1296.4442,395.80737,0.37751916
1306.8191,409.6,1319.019,396.39297,0.39562547
1345.8286,409.6,1358.5563,396.54236,0.39617988
1365.3334,409.6,1376.1298,396.24207,0.66506535
1384.8381,409.6,1396.4822,396.93848,0.9674964
1404.3429,409.6,1415.7394,397.69238,0.9186482
1423.8477,409.6,1436.4055,397.58267,0.87303984
1443.3524,409.6,1455.0153,397.0789,0.6277219
1462.8572,409.6,1474.7279,397.14966,0.7444693
1482.3619,409.6,1493.7594,397.2133,0.9223172
1501.8667,409.6,1514.1449,397.09134,0.9485245
1521.3715,409.6,1533.1891,396.415,0.87272304
1540.8762,409.6,1554.7634,398.00064,0.92556673
1560.381,409.6,1573.8118,397.7444,0.6991771
1579.8857,409.6,1591.0183,397.21548,0.8599144
1599.3905,409.6,1612.7777,396.4055,0.8599796
1638.4,409.6,1650.0765,398.26688,0.5261234
1677.4095,409.6,1690.593,397.83447,0.42608327
1696.9143,409.6,1708.7341,397.9653,0.87639546
1716.4191,409.6,1728.2029,398.2102,0.9405026
1735.9238,409.6,1749.4084,397.579,0.96939623
1872.4573,409.6,1884.8086,398.2175,0.26205945
1911.4668,409.6,1923.4235,398.80417,0.61185694
1930.9716,409.6,1943.208,397.5236,0.9606871
1950.4763,409.6,1962.4635,398.2885,0.8334717
1969.9811,409.6,1982.9431,398.5559,0.9169617
39.009525,429.10477,51.32916,414.25293,0.24523279
58.51429,429.10477,71.50363,413.97668,0.96447587
78.01905,429.10477,91.596115,413.64435,0.99827725
97.52381,429.10477,109.754326,413.5945,0.9810528
117.02858,429.10477,129.02786,413.99524,0.98762363
136.53334,429.10477,149.24873,413.70288,0.8771688
156.0381,429.10477,168.20369,411.76932,0.99341184
175.54286,429.10477,189.43799,412.58456,0.879263
195.04762,429.10477,207.69705,413.79218,0.6859478
214.55238,429.10477,226.86899,413.33005,0.8846412
234.05716,429.10477,244.54143,413.75278,0.21766065
273.06668,429.10477,285.4297,413.59183,0.87908876
292.57144,429.10477,305.50073,413.74072,0.86872566
312.0762,429.10477,323.28397,414.3654,0.65367085
331.58096,429.10477,342.86362,413.5724,0.23771875
351.08572,429.10477,363.49945,414.55103,0.90770316
370.59048,429.10477,381.59024,414.32227,0.9472511
390.09525,429.10477,400.2318,414.2115,0.8229412
409.6,429.10477,423.82147,413.8083,0.9092684
429.10477,429.10477,440.28815,414.6474,0.7939694
448.60953,429.10477,460.31152,415.1475,0.90608907
468.11432,429.10477,479.95847,414.20306,0.5654328
487.61908,429.10477,499.48203,413.99924,0.7563374
507.12384,429.10477,518.38104,414.79828,0.9469087
526.6286,429.10477,537.39844,414.1962,0.9751478
546.13336,429.10477,558.0724,414.3301,0.9678493
565.6381,429.10477,577.0329,414.38892,0.92042583
585.1429,429.10477,596.96606,414.5033,0.8170323
604.64764,429.10477,616.97784,414.0379,0.6507973
624.1524,429.10477,635.2148,414.2988,0.7686326
643.65717,429.10477,655.0579,414.2248,0.2848066
663.1619,429.10477,675.12,414.13397,0.5335977
682.6667,429.10477,695.40546,413.93112,0.5736537
702.17145,429.10477,714.4632,413.87924,0.57330465
721.6762,429.10477,733.83484,414.50916,0.7952539
741.18097,429.10477,753.71185,414.69135,0.9478382
760.6857,429.10477,773.8233,414.65314,0.9348077
780.1905,429.10477,792.11426,414.9282,0.93385196
799.69525,429.10477,811.76624,414.72308,0.9816394
819.2,429.10477,832.2732,414.49332,0.9844869
838.7048,429.10477,851.51447,414.39023,0.98978347
858.20953,429.10477,869.67993,414.54565,0.978049
877.7143,429.10477,888.9387,414.95685,0.9507397
897.21906,429.10477,908.0517,414.4907,0.8856973
916.7238,429.10477,929.5172,413.90402,0.9639177
936.22864,429.10477,949.2927,413.94104,0.91044027
955.7334,429.10477,967.2951,415.953,0.88474464
975.23816,429.10477,987.66174,415.10535,0.5488003
994.7429,429.10477,1006.3195,415.33704,0.8258919
1014.2477,429.10477,1027.1831,414.64972,0.77729195
1033.7524,429.10477,1045.6444,416.10187,0.81458044
1053.2572,429.10477,1065.9474,415.17566,0.9537393
1072.762,429.10477,1085.3695,415.435,0.97833234
1092.2667,429.10477,1104.4354,414.7526,0.92406356
1111.7715,429.10477,1122.7177,415.0169,0.50806355
1131.2762,429.10477,1143.3574,414.8197,0.54671663
1150.781,429.10477,1162.287,414.36172,0.94308996
1170.2858,429.10477,1183.4087,414.97647,0.8827694
1189.7905,429.10477,1201.595,415.1376,0.643216
1209.2953,429.10477,1220.4429,416.5668,0.44207072
1248.3048,429.10477,1257.0824,416.04376,0.24505813
1287.3143,429.10477,1296.1901,415.18115,0.48075497
1326.3239,429.10477,1335.4891,415.42166,0.25314146
1345.8286,429.10477,1354.4738,415.733,0.34021926
1365.3334,429.10477,1377.6221,416.04352,0.84562576
1384.8381,429.10477,1397.4979,416.53094,0.6489053
1404.3429,429.10477,1417.8705,415.6047,0.6896747
1423.8477,429.10477,1436.0511,415.6556,0.65579545
1462.8572,429.10477,1474.4825,417.37405,0.49430394
1482.3619,429.10477,1494.8387,416.61444,0.81693053
1501.8667,429.10477,1515.3308,416.31683,0.95801294
1521.3715,429.10477,1533.4098,417.06674,0.9529571
1540.8762,429.10477,1552.597,417.5438,0.8717699
1560.381,429.10477,1572.3942,416.8155,0.831723
1579.8857,429.10477,1591.5364,416.35986,0.8118813
1599.3905,429.10477,1611.423,416.4592,0.45721936
1618.8953,429.10477,1629.7543,416.75003,0.718415
1638.4,429.10477,1651.385,416.79242,0.6917766
1657.9048,429.10477,1670.1168,416.47467,0.60085636
1677.4095,429.10477,1689.491,416.56876,0.7609586
1696.9143,429.10477,1709.3114,417.71887,0.88326776
1716.4191,429.10477,1729.2339,417.8802,0.92791325
1735.9238,429.10477,1749.7178,418.02988,0.9458994
1755.4286,429.10477,1767.8704,417.3567,0.8170896
1774.9333,429.10477,1787.3162,417.8855,0.35472107
1813.9429,429.10477,1826.8041,416.2525,0.5084045
1833.4476,429.10477,1845.7914,417.16895,0.42941692
1852.9524,429.10477,1865.7496,417.17566,0.5644106
1872.4573,429.10477,1885.2098,415.95563,0.82333195
1891.962,429.10477,1905.1444,417.2357,0.48585284
1911.4668,429.10477,1924.5931,417.81952,0.36161432
1930.9716,429.10477,1943.5809,417.09927,0.7858933
1950.4763,429.10477,1962.9333,418.19592,0.77676594
1969.9811,429.10477,1982.5918,417.9666,0.6298873
58.51429,448.60953,71.56732,433.03394,0.9377769
78.01905,448.60953,90.35152,432.6332,0.98926073
97.52381,448.60953,108.88363,433.55704,0.94805765
117.02858,448.60953,129.44293,433.08423,0.9652057
136.53334,448.60953,149.38011,433.51077,0.975637
156.0381,448.60953,169.27733,431.9162,0.9809016
175.54286,448.60953,187.99158,432.37363,0.9424065
195.04762,448.60953,207.57237,433.40228,0.69169784
214.55238,448.60953,227.27356,433.10672,0.70594645
234.05716,448.60953,245.64749,432.98865,0.32977134
253.56192,448.60953,266.12112,433.61383,0.8286907
273.06668,448.60953,284.49823,433.757,0.9409177
292.57144,448.60953,304.11768,433.73364,0.5936078
331.58096,448.60953,345.17456,434.39636,0.78973573
351.08572,448.60953,362.71704,433.7807,0.7620565
370.59048,448.60953,381.02917,433.2243,0.85582125
390.09525,448.60953,402.97372,433.9265,0.7738363
409.6,448.60953,421.06143,434.14587,0.8474543
429.10477,448.60953,441.74332,434.32855,0.26107508
448.60953,448.60953,459.69467,434.04404,0.8714016
468.11432,448.60953,480.75073,433.46262,0.8429968
487.61908,448.60953,501.15237,433.74945,0.9220068
507.12384,448.60953,518.46356,433.96918,0.8596841
526.6286,448.60953,537.35236,433.99188,0.8776652
546.13336,448.60953,558.1705,433.8861,0.7062163
565.6381,448.60953,576.4463,434.30457,0.7315618
585.1429,448.60953,596.5158,434.78693,0.52472967
624.1524,448.60953,636.4044,434.20853,0.42145026
663.1619,448.60953,674.8754,434.37192,0.86828625
682.6667,448.60953,695.1347,433.98026,0.8720549
702.17145,448.60953,714.94995,434.4934,0.5628744
721.6762,448.60953,732.8572,435.03732,0.49744368
741.18097,448.60953,752.3661,435.05936,0.82341856
760.6857,448.60953,772.6862,435.60623,0.964633
780.1905,448.60953,791.835,434.569,0.9731264
799.69525,448.60953,812.2535,434.10928,0.98010343
819.2,448.60953,831.5198,434.06348,0.9828464
838.7048,448.60953,849.48193,434.1236,0.9859354
858.20953,448.60953,869.3606,434.02026,0.9746734
877.7143,448.60953,889.36505,433.96558,0.9577015
897.21906,448.60953,909.26794,434.27682,0.973038
916.7238,448.60953,928.35406,434.24115,0.96568453
936.22864,448.60953,949.1947,435.05362,0.8838583
955.7334,448.60953,968.3728,434.77817,0.71172047
975.23816,448.60953,986.36523,435.39798,0.8664221
994.7429,448.60953,1005.47186,435.0006,0.81231743
1014.2477,448.60953,1026.1039,434.61392,0.71117616
1033.7524,448.60953,1045.6995,434.87238,0.8696749
1053.2572,448.60953,1065.1674,435.10342,0.95712936
1072.762,448.60953,1085.2891,434.0432,0.971546
1092.2667,448.60953,1103.8009,435.7533,0.815349
1111.7715,448.60953,1123.2069,435.0176,0.5205288
1131.2762,448.60953,1142.1545,435.65533,0.8440673
1150.781,448.60953,1162.301,434.99622,0.93110996
1170.2858,448.60953,1181.6752,436.51447,0.9893925
1189.7905,448.60953,1201.1721,436.09634,0.87500983
1209.2953,448.60953,1220.5388,435.9883,0.63956296
1228.8,448.60953,1240.2549,436.01065,0.32782555
1267.8096,448.60953,1279.817,435.84024,0.29838663
1326.3239,448.60953,1338.7773,435.91742,0.42540622
1345.8286,448.60953,1358.223,436.1091,0.67779005
1365.3334,448.60953,1377.281,436.12283,0.6130117
1404.3429,448.60953,1416.9508,435.7017,0.5891436
1423.8477,448.60953,1435.2084,437.01465,0.7736331
1482.3619,448.60953,1493.3306,435.19217,0.29351857
1501.8667,448.60953,1514.5233,435.556,0.9616963
1521.3715,448.60953,1534.8074,436.08286,0.9701207
1540.8762,448.60953,1552.5348,436.87018,0.83870816
1560.381,448.60953,1571.5308,437.1302,0.27743724
1579.8857,448.60953,1592.6124,436.9891,0.7852962
1599.3905,448.60953,1610.5505,437.291,0.8722708
1618.8953,448.60953,1631.3889,436.14478,0.43668717
1638.4,448.60953,1651.0518,436.79254,0.34863117
1677.4095,448.60953,1689.3783,435.978,0.71311516
1696.9143,448.60953,1708.9298,437.41974,0.8920637
1735.9238,448.60953,1749.2423,436.65594,0.9843786
1755.4286,448.60953,1768.9839,437.16217,0.98737925
1774.9333,448.60953,1788.1057,437.13156,0.7485845
1813.9429,448.60953,1825.7253,436.85556,0.7521153
1852.9524,448.60953,1864.8921,436.98978,0.64293945
1872.4573,448.60953,1885.7482,436.37323,0.6706448
1891.962,448.60953,1904.836,436.4868,0.62643737
1911.4668,448.60953,1924.4292,437.1143,0.46977136
1950.4763,448.60953,1963.6437,437.63104,0.64450616
1969.9811,448.60953,1982.409,437.30835,0.72507054
39.009525,468.11432,51.048485,453.14307,0.65325946
58.51429,468.11432,69.69554,453.18573,0.63484806
78.01905,468.11432,90.297966,453.36,0.6736612
97.52381,468.11432,108.628624,452.79788,0.79413164
117.02858,468.11432,128.80414,452.3459,0.75192374
136.53334,468.11432,148.99901,452.966,0.8903661
156.0381,468.11432,168.77904,452.0538,0.9274649
175.54286,468.11432,187.23077,453.01382,0.6973143
195.04762,468.11432,206.91182,452.82108,0.66418
214.55238,468.11432,226.02649,452.4588,0.47854972
234.05716,468.11432,247.3445,453.00897,0.43817413
253.56192,468.11432,265.57712,453.30392,0.95740324
273.06668,468.11432,285.18185,453.47644,0.8116187
292.57144,468.11432,305.2768,453.01602,0.8277468
312.0762,468.11432,322.9531,453.0979,0.5487114
351.08572,468.11432,362.40912,453.19568,0.5188571
370.59048,468.11432,381.4346,453.5701,0.827023
390.09525,468.11432,402.6555,453.50604,0.95256084
409.6,468.11432,421.96182,453.49884,0.8226202
429.10477,468.11432,440.69183,453.58456,0.9314659
448.60953,468.11432,460.9376,453.51163,0.9660654
468.11432,468.11432,481.0663,452.55032,0.9635064
487.61908,468.11432,500.99722,453.8228,0.9760768
507.12384,468.11432,518.1026,453.47992,0.8808451
526.6286,468.11432,537.83765,453.4954,0.56407833
546.13336,468.11432,559.14435,453.8168,0.29513553
565.6381,468.11432,577.6808,453.68588,0.44364816
604.64764,468.11432,614.2242,453.4348,0.2917187
624.1524,468.11432,635.51575,453.51727,0.29756492
643.65717,468.11432,655.1501,453.30582,0.7509766
663.1619,468.11432,674.39935,454.31396,0.7031165
682.6667,468.11432,694.37665,454.13275,0.719115
702.17145,468.11432,714.3242,453.99734,0.38148075
721.6762,468.11432,734.2394,454.0669,0.64980817
741.18097,468.11432,753.7511,453.46362,0.46279603
760.6857,468.11432,773.32074,453.376,0.984131
780.1905,468.11432,791.97974,454.4227,0.952044
799.69525,468.11432,811.75806,454.26132,0.5662544
819.2,468.11432,832.11127,453.83557,0.96107656
838.7048,468.11432,850.0691,453.93814,0.953088
858.20953,468.11432,869.7854,453.66528,0.9901614
877.7143,468.11432,888.97687,453.7428,0.96800774
897.21906,468.11432,909.468,453.81223,0.9484561
916.7238,468.11432,929.11,454.3975,0.9707203
936.22864,468.11432,948.84406,454.5226,0.9420332
955.7334,468.11432,968.4023,454.01215,0.74031883
975.23816,468.11432,985.9678,454.3087,0.7643255
994.7429,468.11432,1006.8898,454.09775,0.88957465
1014.2477,468.11432,1026.191,455.52094,0.78170085
1033.7524,468.11432,1046.9451,454.4712,0.79266995
1053.2572,468.11432,1064.5989,453.98123,0.87953377
1072.762,468.11432,1084.6002,454.02,0.95032054
1092.2667,468.11432,1104.1455,454.72833,0.9088904
1111.7715,468.11432,1123.6182,454.20374,0.5038315
1131.2762,468.11432,1142.6044,455.66235,0.4175677
1150.781,468.11432,1163.3954,454.7324,0.9350335
1170.2858,468.11432,1181.5336,454.96967,0.88931113
1189.7905,468.11432,1200.2963,456.27646,0.3060878
1209.2953,468.11432,1223.3398,455.38715,0.874577
1228.8,468.11432,1241.5078,455.70956,0.8451461
1248.3048,468.11432,1260.3154,456.3077,0.6176911
1267.8096,468.11432,1279.2697,454.68576,0.68664956
1287.3143,468.11432,1298.1696,454.68857,0.47426102
1306.8191,468.11432,1318.4795,455.08585,0.4394704
1326.3239,468.11432,1338.6609,455.291,0.33203906
1345.8286,468.11432,1359.7899,455.6798,0.46709692
1365.3334,468.11432,1379.2993,455.11224,0.65530175
1384.8381,468.11432,1398.4343,455.66586,0.7123532
1404.3429,468.11432,1416.705,455.10406,0.6013527
1423.8477,468.11432,1435.0386,454.3667,0.7177029
1462.8572,468.11432,1471.6847,454.9619,0.3226266
1482.3619,468.11432,1493.8517,455.17825,0.52174324
1501.8667,468.11432,1514.4474,454.92282,0.940679
1521.3715,468.11432,1534.0671,455.8503,0.8269321
1540.8762,468.11432,1551.7727,455.27246,0.561081
1560.381,468.11432,1572.9164,456.68863,0.31515527
1579.8857,468.11432,1592.037,456.9051,0.662451
1599.3905,468.11432,1610.4663,456.1192,0.45395297
1618.8953,468.11432,1632.0447,456.47424,0.6859728
1638.4,468.11432,1650.4911,456.4925,0.2970771
1657.9048,468.11432,1670.6884,457.69934,0.5583586
1677.4095,468.11432,1690.427,456.82867,0.5190047
1696.9143,468.11432,1710.2135,455.7857,0.70271814
1774.9333,468.11432,1787.2638,454.4722,0.8224949
1813.9429,468.11432,1826.0474,456.1235,0.7228459
1833.4476,468.11432,1844.503,456.9411,0.6408706
1852.9524,468.11432,1864.4066,454.95978,0.2900651
1872.4573,468.11432,1885.0798,456.1996,0.4473194
1891.962,468.11432,1904.5255,458.4702,0.21842426
1930.9716,468.11432,1943.5553,457.046,0.65212446
1950.4763,468.11432,1962.2732,456.44638,0.84756047
1989.4858,468.11432,1998.5833,455.19336,0.43081138
39.009525,487.61908,51.809963,472.45544,0.6125451
58.51429,487.61908,71.18392,473.06836,0.6769965
78.01905,487.61908,90.47268,472.64142,0.9254813
97.52381,487.61908,109.84623,472.407,0.8523941
117.02858,487.61908,128.83046,471.2917,0.81217533
136.53334,487.61908,149.17776,472.74146,0.8260614
156.0381,487.61908,167.52798,472.2473,0.9095852
175.54286,487.61908,188.6068,472.29446,0.8965331
195.04762,487.61908,206.16284,472.0047,0.80621517
214.55238,487.61908,227.3743,473.86713,0.73954505
234.05716,487.61908,247.47862,472.84912,0.8176222
253.56192,487.61908,266.08823,472.5418,0.9086258
273.06668,487.61908,285.92123,473.0461,0.4637243
292.57144,487.61908,303.18726,472.92758,0.28427744
331.58096,487.61908,344.23837,472.23822,0.2560319
351.08572,487.61908,364.36868,472.8337,0.6852871
370.59048,487.61908,383.4587,472.85284,0.9596651
390.09525,487.61908,403.5006,472.978,0.9119997
409.6,487.61908,422.2344,472.84738,0.88086003
429.10477,487.61908,440.97455,473.04486,0.8565375
448.60953,487.61908,461.02444,473.15564,0.9470601
468.11432,487.61908,481.11774,473.43747,0.9734014
487.61908,487.61908,499.03717,472.97345,0.97936785
507.12384,487.61908,519.44763,473.26007,0.9525176
526.6286,487.61908,538.2492,472.82748,0.9292482
546.13336,487.61908,558.4018,473.3926,0.9484783
565.6381,487.61908,579.16656,473.64304,0.84832823
585.1429,487.61908,597.42175,472.94003,0.7903349
604.64764,487.61908,616.01434,473.1366,0.5301688
624.1524,487.61908,635.24036,473.47382,0.37177753
643.65717,487.61908,655.47266,473.67734,0.81812716
663.1619,487.61908,674.91266,473.51752,0.6149102
682.6667,487.61908,694.5406,473.12036,0.6890278
702.17145,487.61908,716.04156,472.76385,0.74959886
721.6762,487.61908,733.64185,473.33704,0.80407673
741.18097,487.61908,751.88043,472.9441,0.8656558
760.6857,487.61908,773.51794,472.65875,0.97407806
780.1905,487.61908,793.33545,473.30597,0.66321516
819.2,487.61908,831.10077,473.51144,0.66267985
838.7048,487.61908,850.5059,473.67535,0.9616713
858.20953,487.61908,870.67847,473.43973,0.9651816
877.7143,487.61908,889.3867,472.83597,0.9055649
897.21906,487.61908,910.13165,473.475,0.7612512
916.7238,487.61908,929.0981,472.8502,0.90025395
936.22864,487.61908,947.5505,472.8693,0.9548014
955.7334,487.61908,968.8701,473.94287,0.9345587
975.23816,487.61908,986.52295,473.24234,0.6091997
994.7429,487.61908,1007.90344,473.58002,0.8286817
1014.2477,487.61908,1025.9749,473.23413,0.556903
1033.7524,487.61908,1045.5391,473.10117,0.7287658
1053.2572,487.61908,1064.3339,473.9218,0.7617651
1072.762,487.61908,1085.269,474.6786,0.9084814
1092.2667,487.61908,1104.3098,473.44064,0.8080717
1111.7715,487.61908,1124.2104,473.51334,0.7355608
1131.2762,487.61908,1142.9341,474.16064,0.7952899
1150.781,487.61908,1162.1826,475.50717,0.54692245
1170.2858,487.61908,1181.8906,475.30423,0.5692629
1209.2953,487.61908,1221.6117,474.44025,0.41158184
1228.8,487.61908,1240.1254,474.9458,0.8371437
1248.3048,487.61908,1261.0739,474.92532,0.688723
1267.8096,487.61908,1278.838,474.36066,0.5299469
1287.3143,487.61908,1299.8848,474.62952,0.9092585
1306.8191,487.61908,1319.401,475.16357,0.65288806
1326.3239,487.61908,1339.4261,475.32874,0.5128918
1345.8286,487.61908,1359.5977,474.54608,0.8064381
1365.3334,487.61908,1377.448,474.40872,0.8312797
1384.8381,487.61908,1395.774,475.36646,0.5882334
1404.3429,487.61908,1416.0599,474.13797,0.2047729
1423.8477,487.61908,1436.415,474.612,0.3464646
1443.3524,487.61908,1454.8619,475.14755,0.61402005
1462.8572,487.61908,1474.7047,474.98843,0.7866609
1482.3619,487.61908,1494.4255,475.1134,0.4200931
1501.8667,487.61908,1514.0881,476.00665,0.6056451
1521.3715,487.61908,1534.1453,475.01825,0.8358076
1540.8762,487.61908,1552.2717,474.48373,0.47415626
1560.381,487.61908,1571.6763,475.3038,0.67330426
1579.8857,487.61908,1591.7941,475.55377,0.6393684
1599.3905,487.61908,1611.5568,475.64856,0.7337501
1618.8953,487.61908,1632.4244,475.41452,0.9257554
1638.4,487.61908,1651.3872,475.00217,0.506312
1657.9048,487.61908,1670.5637,476.07376,0.34115237
1677.4095,487.61908,1689.6771,475.66684,0.5783412
1696.9143,487.61908,1710.2825,476.34,0.80715567
1716.4191,487.61908,1729.9811,474.68414,0.86444384
1774.9333,487.61908,1788.16,475.78967,0.60399675
1794.4381,487.61908,1806.0902,475.18896,0.97884893
1813.9429,487.61908,1827.6241,475.9378,0.9162867
1833.4476,487.61908,1845.9464,476.26163,0.92882526
1872.4573,487.61908,1884.3264,475.36334,0.7770422
1911.4668,487.61908,1922.8135,475.56393,0.3010396
1930.9716,487.61908,1942.9618,476.62997,0.8728924
1969.9811,487.61908,1978.7518,475.06924,0.44821656
1989.4858,487.61908,1998.1423,475.75262,0.587962
58.51429,507.12384,70.93629,492.00232,0.73436934
78.01905,507.12384,90.53914,492.34808,0.7721679
97.52381,507.12384,108.7572,491.71613,0.83066756
117.02858,507.12384,130.27846,491.50537,0.95095795
136.53334,507.12384,150.11148,491.38232,0.9102695
156.0381,507.12384,168.17555,491.09317,0.82737255
175.54286,507.12384,187.91461,492.2929,0.9332695
195.04762,507.12384,207.0638,492.52188,0.94945514
214.55238,507.12384,227.0194,492.26993,0.55517924
234.05716,507.12384,247.14891,491.9694,0.77159137
253.56192,507.12384,265.8676,492.4566,0.68204707
273.06668,507.12384,286.41727,491.037,0.34545073
370.59048,507.12384,383.70853,492.12494,0.5281796
390.09525,507.12384,401.67102,492.3486,0.5713825
409.6,507.12384,421.8985,492.128,0.70408493
429.10477,507.12384,442.23093,492.44138,0.7838934
448.60953,507.12384,460.47757,492.2861,0.97969455
468.11432,507.12384,480.29614,492.27155,0.9928446
487.61908,507.12384,498.72815,492.84686,0.9826318
507.12384,507.12384,518.9892,492.70352,0.8985088
526.6286,507.12384,538.99426,492.15298,0.9631794
546.13336,507.12384,558.1937,492.16382,0.90584224
565.6381,507.12384,578.0447,492.8562,0.90216595
585.1429,507.12384,596.2454,492.6979,0.40462667
624.1524,507.12384,635.4509,492.71555,0.52203906
643.65717,507.12384,655.3782,492.43826,0.7656413
663.1619,507.12384,674.8546,492.51556,0.9085897
682.6667,507.12384,693.5909,492.78085,0.94297355
702.17145,507.12384,715.9771,492.0033,0.92951775
721.6762,507.12384,733.3612,492.44247,0.84865254
741.18097,507.12384,752.464,492.56274,0.7625193
760.6857,507.12384,772.2933,493.01285,0.79868126
780.1905,507.12384,792.17786,492.7482,0.80023044
799.69525,507.12384,810.703,492.7046,0.34470716
819.2,507.12384,831.1193,492.9653,0.36358753
838.7048,507.12384,851.18866,492.79758,0.7175828
858.20953,507.12384,870.19525,492.5011,0.4516826
877.7143,507.12384,889.6157,492.60312,0.6702164
897.21906,507.12384,910.8684,492.60812,0.3926984
936.22864,507.12384,948.2224,492.13495,0.7571633
955.7334,507.12384,968.3943,492.91748,0.65518856
975.23816,507.12384,987.4177,492.88516,0.3362561
994.7429,507.12384,1008.41364,492.8141,0.50884426
1014.2477,507.12384,1027.1833,492.2914,0.79197127
1033.7524,507.12384,1046.16,492.7748,0.8422121
1053.2572,507.12384,1064.822,493.32437,0.5094114
1072.762,507.12384,1083.656,492.87265,0.9719068
1092.2667,507.12384,1104.5768,492.62097,0.8506371
1111.7715,507.12384,1123.5382,493.76486,0.89727557
1131.2762,507.12384,1143.7473,495.31265,0.57047933
1150.781,507.12384,1162.2506,493.4722,0.7982328
1170.2858,507.12384,1182.08,493.84,0.62624675
1189.7905,507.12384,1201.9624,493.07043,0.7402958
1209.2953,507.12384,1220.6221,494.2966,0.79746056
1228.8,507.12384,1240.822,493.80936,0.9450625
1248.3048,507.12384,1259.0555,493.2489,0.5284997
1267.8096,507.12384,1279.5768,494.00262,0.5258039
1306.8191,507.12384,1319.5917,494.77747,0.7031189
1326.3239,507.12384,1338.6229,494.96545,0.757163
1345.8286,507.12384,1359.3385,493.85,0.87126803
1365.3334,507.12384,1378.4847,493.73346,0.78784204
1384.8381,507.12384,1395.9978,493.23978,0.6840616
1404.3429,507.12384,1416.2343,493.90045,0.6117922
1423.8477,507.12384,1436.2588,494.53818,0.86700934
1443.3524,507.12384,1455.9518,494.81036,0.88639855
1462.8572,507.12384,1474.3972,495.5239,0.90685916
1482.3619,507.12384,1494.4633,494.69827,0.6310628
1521.3715,507.12384,1533.8829,495.1664,0.778434
1540.8762,507.12384,1552.3815,494.77466,0.7169627
1560.381,507.12384,1572.5533,495.67276,0.8245431
1579.8857,507.12384,1591.2148,494.46454,0.91900516
1599.3905,507.12384,1611.5654,494.5883,0.8487299
1618.8953,507.12384,1632.9678,494.6966,0.93812394
1638.4,507.12384,1650.3019,494.69833,0.9520978
1657.9048,507.12384,1670.0753,495.95816,0.95803714
1677.4095,507.12384,1689.3114,495.79062,0.7668562
1696.9143,507.12384,1708.9956,496.03314,0.76154697
1735.9238,507.12384,1749.7163,494.3822,0.6794059
1755.4286,507.12384,1768.2511,494.89636,0.6756923
1774.9333,507.12384,1787.852,495.23325,0.405585
1794.4381,507.12384,1806.3661,495.4942,0.61892486
1813.9429,507.12384,1826.4879,495.3063,0.9777608
1833.4476,507.12384,1845.6016,494.77176,0.88768834
1852.9524,507.12384,1864.939,495.2646,0.8931452
1872.4573,507.12384,1884.8171,494.809,0.91937846
1891.962,507.12384,1905.4215,493.73645,0.38077027
1930.9716,507.12384,1943.4668,495.08652,0.58151346
1950.4763,507.12384,1962.6819,495.22144,0.6582243
58.51429,526.6286,70.49251,511.51007,0.7562412
78.01905,526.6286,90.64526,511.34213,0.83029145
97.52381,526.6286,110.46585,510.17087,0.78079224
117.02858,526.6286,128.13474,511.14923,0.74909323
136.53334,526.6286,149.37006,510.88358,0.9356191
156.0381,526.6286,168.22351,511.37085,0.9417254
175.54286,526.6286,187.56657,511.79486,0.86941415
195.04762,526.6286,206.73181,511.85706,0.91676545
214.55238,526.6286,226.54338,511.89764,0.6374686
234.05716,526.6286,245.46283,510.88736,0.3909567
253.56192,526.6286,265.21878,510.47433,0.66018796
292.57144,526.6286,304.39337,510.31277,0.40753165
390.09525,526.6286,402.2858,511.47702,0.51050884
409.6,526.6286,422.93842,511.85367,0.8561018
429.10477,526.6286,442.15588,511.57352,0.7292617
448.60953,526.6286,461.32922,511.81158,0.9890667
468.11432,526.6286,481.1198,511.91748,0.992459
487.61908,526.6286,499.59497,511.92676,0.9020159
507.12384,526.6286,520.87036,512.0852,0.75837636
526.6286,526.6286,538.85455,511.64883,0.7960326
546.13336,526.6286,557.7813,511.08472,0.94452053
565.6381,526.6286,578.17285,511.69537,0.9591308
585.1429,526.6286,596.3947,511.66312,0.77949584
604.64764,526.6286,615.8816,511.30087,0.80442184
624.1524,526.6286,635.5199,510.66162,0.8446429
643.65717,526.6286,655.1425,511.55215,0.7348736
663.1619,526.6286,675.04956,512.278,0.9133643
682.6667,526.6286,695.75964,512.399,0.97285724
702.17145,526.6286,714.5045,511.89703,0.9705204
721.6762,526.6286,733.82666,511.99326,0.97897416
741.18097,526.6286,752.5882,512.44904,0.82656974
760.6857,526.6286,772.14624,512.4543,0.8025545
780.1905,526.6286,792.0198,512.62024,0.40570253
799.69525,526.6286,810.8362,512.5825,0.7299722
819.2,526.6286,832.1623,512.27435,0.8701138
838.7048,526.6286,850.33777,512.0569,0.47421676
858.20953,526.6286,869.9182,512.15594,0.21339625
897.21906,526.6286,906.55695,512.2997,0.3743327
916.7238,526.6286,925.8856,512.4207,0.41130272
936.22864,526.6286,947.4335,511.93204,0.7066869
955.7334,526.6286,967.9481,512.50385,0.6944428
994.7429,526.6286,1006.74176,512.524,0.49732026
1014.2477,526.6286,1026.4836,513.3359,0.64592624
1033.7524,526.6286,1046.1069,512.8694,0.89658636
1053.2572,526.6286,1064.3124,512.73883,0.90163106
1072.762,526.6286,1085.2224,513.754,0.9245741
1092.2667,526.6286,1104.3132,512.9979,0.9480608
1111.7715,526.6286,1123.701,514.40796,0.8984902
1131.2762,526.6286,1143.398,514.50354,0.81820226
1150.781,526.6286,1163.0608,513.2242,0.55626684
1170.2858,526.6286,1182.542,513.5939,0.5483225
1189.7905,526.6286,1203.3215,512.81757,0.85678446
1209.2953,526.6286,1222.6904,512.54895,0.84190774
1228.8,526.6286,1239.3073,512.50555,0.7483773
1248.3048,526.6286,1260.3732,512.6231,0.8956312
1267.8096,526.6286,1280.6017,513.1,0.76590455
1287.3143,526.6286,1299.3136,513.999,0.7247145
1306.8191,526.6286,1319.9888,513.06915,0.31562185
1326.3239,526.6286,1337.1125,512.73474,0.65769815
1345.8286,526.6286,1357.8733,512.2198,0.51560557
1365.3334,526.6286,1377.3732,512.54114,0.20876774
1384.8381,526.6286,1397.3583,512.9274,0.5832991
1404.3429,526.6286,1416.8638,513.4891,0.5746456
1423.8477,526.6286,1435.6719,514.6024,0.42378968
1443.3524,526.6286,1456.0051,514.2128,0.8231975
1462.8572,526.6286,1476.8677,513.4155,0.863257
1482.3619,526.6286,1492.8395,513.72516,0.6970681
1501.8667,526.6286,1513.4535,514.1373,0.38155377
1521.3715,526.6286,1532.9719,514.02344,0.754825
1540.8762,526.6286,1552.3456,515.2865,0.62578976
1560.381,526.6286,1573.2316,514.5753,0.6695712
1579.8857,526.6286,1592.0203,514.8827,0.9573752
1599.3905,526.6286,1611.7896,515.2031,0.94749445
1618.8953,526.6286,1631.0917,513.8789,0.9788407
1638.4,526.6286,1651.19,513.905,0.99242854
1657.9048,526.6286,1670.4543,515.0142,0.90834403
1677.4095,526.6286,1689.9584,514.6681,0.949622
1696.9143,526.6286,1708.8444,515.17615,0.7667398
1716.4191,526.6286,1728.9058,514.09454,0.45951095
1735.9238,526.6286,1749.1857,514.7416,0.32372403
1755.4286,526.6286,1766.8724,513.29156,0.84677136
1774.9333,526.6286,1787.9291,513.91,0.7606126
1794.4381,526.6286,1807.1453,514.1554,0.40910384
1813.9429,526.6286,1826.6243,515.667,0.87728
1833.4476,526.6286,1846.3252,515.22504,0.68296725
1852.9524,526.6286,1866.2023,514.012,0.77276796
1872.4573,526.6286,1885.2218,514.477,0.7653728
1891.962,526.6286,1903.1029,513.40173,0.703854
1911.4668,526.6286,1924.2352,514.7872,0.26401538
1969.9811,526.6286,1978.9498,515.9573,0.6239048
1989.4858,526.6286,1998.8926,515.06934,0.6579338
58.51429,546.13336,70.28764,530.96814,0.5637714
78.01905,546.13336,90.27539,531.01605,0.7956829
97.52381,546.13336,110.203316,530.2723,0.90118474
117.02858,546.13336,128.19142,529.8604,0.8340618
156.0381,546.13336,168.51984,530.4662,0.9708477
175.54286,546.13336,188.79124,530.8276,0.97534126
195.04762,546.13336,205.59323,531.3182,0.95243084
234.05716,546.13336,245.87938,531.44055,0.8251106
253.56192,546.13336,264.6423,531.1214,0.61715555
273.06668,546.13336,283.94003,530.42645,0.3964198
292.57144,546.13336,303.7965,531.0086,0.62512946
351.08572,546.13336,363.59677,531.49945,0.3745826
370.59048,546.13336,381.96042,531.4717,0.6825028
390.09525,546.13336,403.6657,532.11426,0.8133041
409.6,546.13336,421.61688,530.73285,0.7237135
429.10477,546.13336,441.60834,530.21313,0.9666418
448.60953,546.13336,461.79565,530.62195,0.984855
468.11432,546.13336,481.3555,531.3656,0.97637665
487.61908,546.13336,500.55014,531.33936,0.8543684
507.12384,546.13336,519.55066,531.5304,0.5936517
526.6286,546.13336,537.8045,531.4864,0.5800142
546.13336,546.13336,558.0913,530.49316,0.60836554
565.6381,546.13336,576.7082,529.9516,0.8998101
585.1429,546.13336,597.0678,531.263,0.8616887
604.64764,546.13336,616.92145,531.05334,0.8870085
624.1524,546.13336,636.0848,529.9913,0.5889725
643.65717,546.13336,656.9076,530.54504,0.7341461
663.1619,546.13336,675.7265,531.0158,0.89079285
682.6667,546.13336,695.2561,531.47864,0.9124493
702.17145,546.13336,714.59247,531.53217,0.99246633
721.6762,546.13336,734.55896,532.1284,0.9897718
741.18097,546.13336,753.262,531.7515,0.98947215
760.6857,546.13336,771.4139,531.61365,0.7553514
780.1905,546.13336,791.4064,531.647,0.4071112
799.69525,546.13336,811.388,532.1562,0.91813195
819.2,546.13336,831.0678,531.2106,0.7295641
838.7048,546.13336,851.28644,531.2678,0.41053343
858.20953,546.13336,870.3501,531.54395,0.6753184
877.7143,546.13336,890.5124,531.73895,0.6678961
897.21906,546.13336,908.7607,531.9902,0.4916271
916.7238,546.13336,928.1839,532.06384,0.6766992
936.22864,546.13336,948.54694,532.2495,0.6022671
955.7334,546.13336,966.86536,531.78217,0.8586221
975.23816,546.13336,987.42206,532.5378,0.4066857
994.7429,546.13336,1007.1458,531.7827,0.4668691
1014.2477,546.13336,1026.2828,532.63354,0.7194619
1033.7524,546.13336,1046.8368,531.87115,0.7747435
1053.2572,546.13336,1064.7936,532.2695,0.92261654
1072.762,546.13336,1084.8878,531.88635,0.910515
1092.2667,546.13336,1104.7523,533.2664,0.9232611
1111.7715,546.13336,1123.8779,532.3999,0.7976854
1131.2762,546.13336,1143.1365,532.1441,0.32921097
1170.2858,546.13336,1181.1128,532.8691,0.2969555
1189.7905,546.13336,1201.7914,532.9419,0.8703854
1209.2953,546.13336,1221.8756,531.91266,0.93140876
1228.8,546.13336,1242.8342,531.84143,0.8737474
1248.3048,546.13336,1261.5654,532.6377,0.89567834
1287.3143,546.13336,1299.0774,532.8259,0.3786975
1326.3239,546.13336,1337.7197,532.27954,0.370337
1384.8381,546.13336,1398.9182,532.84,0.7289404
1404.3429,546.13336,1416.1171,533.49567,0.7837499
1423.8477,546.13336,1435.8964,533.6999,0.78076774
1443.3524,546.13336,1455.4358,533.25305,0.8444783
1462.8572,546.13336,1475.8989,533.87585,0.91525036
1482.3619,546.13336,1494.4026,534.65894,0.64220166
1501.8667,546.13336,1513.7279,532.77716,0.77648056
1521.3715,546.13336,1533.9836,533.44965,0.76819694
1540.8762,546.13336,1554.15,533.73114,0.7888766
1560.381,546.13336,1572.8694,535.41656,0.5074022
1579.8857,546.13336,1592.4772,534.5644,0.8510378
1599.3905,546.13336,1611.3579,534.5901,0.8659128
1618.8953,546.13336,1631.3956,533.8376,0.93199456
1638.4,546.13336,1651.3894,533.2945,0.98738366
1657.9048,546.13336,1669.4379,533.50775,0.91216975
1677.4095,546.13336,1689.9052,534.7409,0.96437585
1696.9143,546.13336,1708.8086,534.00085,0.7377989
1716.4191,546.13336,1728.9976,533.7264,0.7484213
1735.9238,546.13336,1748.086,533.6727,0.48309085
1755.4286,546.13336,1768.7672,533.4125,0.5044304
1774.9333,546.13336,1788.1079,533.94666,0.84735787
1794.4381,546.13336,1806.9788,533.1695,0.36244848
1813.9429,546.13336,1827.2021,534.0409,0.7327494
1833.4476,546.13336,1846.0648,534.73285,0.66282785
1852.9524,546.13336,1865.3419,534.6673,0.46876994
1872.4573,546.13336,1885.6415,534.8263,0.5989407
1891.962,546.13336,1903.7701,534.4418,0.8042679
1911.4668,546.13336,1923.6945,534.82086,0.7619525
1930.9716,546.13336,1943.3658,535.25775,0.3382145
1950.4763,546.13336,1963.5923,534.89734,0.40033758
1989.4858,546.13336,1998.7522,535.4494,0.4268548
39.009525,565.6381,51.193832,549.9457,0.37636775
58.51429,565.6381,69.90852,550.58966,0.6762802
78.01905,565.6381,90.27675,550.3573,0.8582619
97.52381,565.6381,110.62461,550.7586,0.68332577
117.02858,565.6381,128.10669,550.3563,0.92891794
136.53334,565.6381,149.35356,550.15454,0.97754884
156.0381,565.6381,169.2527,550.4039,0.94489133
175.54286,565.6381,187.6902,550.5544,0.97972536
195.04762,565.6381,206.35014,550.4214,0.88781196
214.55238,565.6381,226.19261,550.14246,0.5903901
234.05716,565.6381,246.65334,550.2666,0.396932
253.56192,565.6381,264.96832,549.4499,0.54395866
273.06668,565.6381,284.28833,549.6291,0.8772663
292.57144,565.6381,304.20142,550.2844,0.94734484
312.0762,565.6381,325.43994,550.566,0.8770748
331.58096,565.6381,343.6836,550.72675,0.75579804
351.08572,565.6381,364.13974,550.99176,0.8358249
370.59048,565.6381,381.75742,550.6667,0.93338007
390.09525,565.6381,402.26505,550.7005,0.78755194
409.6,565.6381,421.39105,550.423,0.88656384
429.10477,565.6381,440.56848,551.1055,0.9668085
448.60953,565.6381,462.26694,551.36316,0.9757085
468.11432,565.6381,481.04016,550.991,0.90572333
487.61908,565.6381,501.1159,550.89343,0.9553621
507.12384,565.6381,519.37836,550.004,0.92677927
526.6286,565.6381,537.5597,550.7807,0.8417382
546.13336,565.6381,558.2957,550.4818,0.66327167
565.6381,565.6381,577.6652,550.33795,0.8975626
585.1429,565.6381,597.9871,550.90015,0.9236688
604.64764,565.6381,617.4074,551.02795,0.52139395
624.1524,565.6381,635.2241,549.96515,0.49591386
643.65717,565.6381,656.09546,550.90845,0.3679996
663.1619,565.6381,676.36066,550.9138,0.85167295
682.6667,565.6381,693.9227,551.2458,0.9105714
702.17145,565.6381,713.7639,550.7394,0.94807035
721.6762,565.6381,734.69116,550.8109,0.9686275
741.18097,565.6381,753.51624,550.6301,0.98608327
760.6857,565.6381,773.26416,551.68427,0.8758274
780.1905,565.6381,793.28815,551.14087,0.8265057
799.69525,565.6381,812.2699,551.50946,0.9161438
819.2,565.6381,831.3544,551.3879,0.5512889
838.7048,565.6381,850.05615,550.9923,0.66360575
858.20953,565.6381,870.25916,551.2399,0.78150487
877.7143,565.6381,890.17334,551.0978,0.7495501
897.21906,565.6381,908.1443,551.1963,0.87092364
916.7238,565.6381,928.6706,551.3358,0.91770416
936.22864,565.6381,948.55176,551.4729,0.91318595
955.7334,565.6381,968.2253,552.08887,0.8373766
975.23816,565.6381,987.5823,551.65234,0.8580822
994.7429,565.6381,1006.25464,551.27594,0.7458511
1014.2477,565.6381,1025.6124,551.9801,0.67592186
1053.2572,565.6381,1064.7964,552.01105,0.9690377
1072.762,565.6381,1084.6471,551.35645,0.9661586
1092.2667,565.6381,1104.5146,551.43646,0.9561819
1111.7715,565.6381,1123.3171,550.6737,0.58925104
1170.2858,565.6381,1181.5555,551.3002,0.83623016
1189.7905,565.6381,1202.2985,553.3409,0.8606635
1209.2953,565.6381,1221.6427,553.17224,0.85429215
1228.8,565.6381,1241.6066,552.07043,0.6902748
1248.3048,565.6381,1261.8866,552.0745,0.72767663
1267.8096,565.6381,1280.6819,551.2522,0.43991116
1326.3239,565.6381,1337.7283,551.9354,0.43422768
1345.8286,565.6381,1356.7198,553.61005,0.78642994
1365.3334,565.6381,1378.1342,553.4093,0.8778474
1384.8381,565.6381,1397.2654,553.23126,0.67162675
1404.3429,565.6381,1416.2747,553.59454,0.88665694
1423.8477,565.6381,1437.1621,552.1123,0.9048933
1443.3524,565.6381,1455.3971,553.708,0.9706962
1462.8572,565.6381,1475.3008,554.13495,0.5865107
1482.3619,565.6381,1493.1754,554.6896,0.2581291
1501.8667,565.6381,1513.809,553.0246,0.28980222
1521.3715,565.6381,1533.2913,553.1639,0.37504533
1540.8762,565.6381,1553.5173,553.65356,0.5763928
1560.381,565.6381,1573.7064,554.5069,0.25785616
1579.8857,565.6381,1591.7994,554.58154,0.71413726
1599.3905,565.6381,1610.9481,553.9421,0.7460197
1618.8953,565.6381,1630.343,553.97736,0.7232717
1638.4,565.6381,1650.1918,552.5976,0.96852875
1657.9048,565.6381,1670.4148,552.9867,0.9609164
1677.4095,565.6381,1690.0056,552.5021,0.8472155
1696.9143,565.6381,1709.5532,553.16266,0.6556352
1716.4191,565.6381,1729.5328,553.38837,0.84254825
1735.9238,565.6381,1748.19,554.1649,0.24770798
1755.4286,565.6381,1767.8391,553.7345,0.69968975
1774.9333,565.6381,1787.5713,554.0694,0.8383589
1794.4381,565.6381,1806.6327,553.3011,0.9337554
1813.9429,565.6381,1826.1552,553.8005,0.804605
1833.4476,565.6381,1846.2913,553.11383,0.7931805
1852.9524,565.6381,1865.9692,553.54193,0.8595422
1872.4573,565.6381,1884.164,554.2947,0.36611307
1891.962,565.6381,1904.0276,554.3216,0.7674642
1911.4668,565.6381,1923.3896,554.6291,0.57929504
1930.9716,565.6381,1942.9486,554.8799,0.7423123
1950.4763,565.6381,1963.0785,553.7537,0.6983469
58.51429,585.1429,71.376,569.6889,0.34748763
78.01905,585.1429,89.37756,570.01666,0.60729754
97.52381,585.1429,108.32686,569.9991,0.48467276
117.02858,585.1429,128.40596,569.7664,0.83025545
136.53334,585.1429,148.17429,570.2278,0.96756214
156.0381,585.1429,167.61731,569.4087,0.9628037
175.54286,585.1429,187.85825,567.8685,0.9375862
195.04762,585.1429,207.91751,567.50977,0.9606064
214.55238,585.1429,226.71057,568.9035,0.6412256
234.05716,585.1429,246.48517,570.33856,0.34558144
253.56192,585.1429,264.95328,570.22156,0.83954906
273.06668,585.1429,284.90924,568.5484,0.6741207
292.57144,585.1429,303.88144,568.3855,0.7601439
312.0762,585.1429,323.8165,570.37384,0.7506758
331.58096,585.1429,343.5147,570.17255,0.92489624
351.08572,585.1429,363.1002,569.6189,0.9123463
370.59048,585.1429,382.35425,570.27045,0.911821
390.09525,585.1429,403.61984,569.44885,0.82512754
409.6,585.1429,421.88983,570.47925,0.75732064
429.10477,585.1429,441.78494,569.7822,0.95420736
448.60953,585.1429,460.89355,570.05444,0.7752716
468.11432,585.1429,481.32617,570.3972,0.89057565
487.61908,585.1429,500.25922,570.6108,0.96155095
507.12384,585.1429,518.93225,570.1667,0.9616691
526.6286,585.1429,537.34296,570.21594,0.8263692
546.13336,585.1429,557.5231,570.6046,0.27954185
565.6381,585.1429,578.83527,570.1243,0.7948263
585.1429,585.1429,597.33936,570.9315,0.91953784
624.1524,585.1429,634.7516,570.2143,0.39192727
643.65717,585.1429,654.977,570.0908,0.91291815
663.1619,585.1429,675.9204,570.1021,0.768179
682.6667,585.1429,693.7914,570.66455,0.6214067
702.17145,585.1429,713.26105,570.5793,0.94166225
721.6762,585.1429,733.0056,569.9683,0.7167849
741.18097,585.1429,751.85675,570.2388,0.92465186
760.6857,585.1429,773.98425,570.8199,0.8299876
780.1905,585.1429,792.6843,570.7116,0.47770962
799.69525,585.1429,812.7607,571.1831,0.768952
819.2,585.1429,831.06,570.7529,0.8171292
838.7048,585.1429,851.0896,571.1023,0.6799963
858.20953,585.1429,869.9384,570.69666,0.68097734
877.7143,585.1429,890.0956,572.0003,0.8651392
897.21906,585.1429,910.07733,571.1466,0.89051324
916.7238,585.1429,928.8043,571.3916,0.9434027
936.22864,585.1429,948.0079,570.84985,0.9216975
955.7334,585.1429,967.885,571.6816,0.76666933
975.23816,585.1429,986.84326,571.93915,0.9570643
994.7429,585.1429,1006.381,570.65076,0.88982326
1014.2477,585.1429,1025.2732,571.14935,0.6032813
1033.7524,585.1429,1045.6335,571.5037,0.57156557
1053.2572,585.1429,1065.5908,570.93286,0.78129923
1072.762,585.1429,1084.5472,572.05316,0.31756258
1092.2667,585.1429,1105.2615,570.82465,0.55051184
1131.2762,585.1429,1140.2157,570.54285,0.5019396
1150.781,585.1429,1161.7229,571.6184,0.5797761
1170.2858,585.1429,1182.2966,571.1292,0.9274045
1189.7905,585.1429,1201.948,572.3584,0.5002998
1228.8,585.1429,1238.2108,571.42096,0.45048568
1248.3048,585.1429,1262.1919,570.9941,0.8763907
1267.8096,585.1429,1279.6031,571.4187,0.46375486
1306.8191,585.1429,1315.6746,572.403,0.54652476
1326.3239,585.1429,1337.6306,571.48334,0.56142026
1345.8286,585.1429,1357.7609,573.1107,0.52741635
1365.3334,585.1429,1377.9868,572.7381,0.8752229
1384.8381,585.1429,1397.2473,572.99146,0.6863582
1404.3429,585.1429,1416.5366,572.704,0.82359964
1423.8477,585.1429,1437.3188,572.0623,0.98131776
1443.3524,585.1429,1456.0156,572.80963,0.91861695
1462.8572,585.1429,1475.6398,573.87244,0.49463505
1482.3619,585.1429,1493.6693,572.5748,0.71509755
1501.8667,585.1429,1513.9415,572.73346,0.67841685
1521.3715,585.1429,1534.1792,573.7254,0.45059812
1560.381,585.1429,1569.0922,573.0102,0.40312663
1579.8857,585.1429,1588.7686,572.904,0.51212794
1599.3905,585.1429,1610.2516,574.1091,0.24458194
1618.8953,585.1429,1631.3375,573.519,0.32647723
1638.4,585.1429,1652.0187,573.06934,0.74089247
1657.9048,585.1429,1670.9031,573.4142,0.9171334
1677.4095,585.1429,1689.569,573.4351,0.9053589
1696.9143,585.1429,1709.3572,572.8788,0.8531546
1716.4191,585.1429,1730.5963,574.00244,0.6932151
1735.9238,585.1429,1748.0159,573.2152,0.74765676
1755.4286,585.1429,1767.936,573.3751,0.35926515
1774.9333,585.1429,1787.8842,574.23694,0.24977441
1794.4381,585.1429,1807.2797,573.822,0.84496135
1813.9429,585.1429,1825.7944,574.041,0.27682674
1833.4476,585.1429,1847.0645,573.726,0.90535325
1852.9524,585.1429,1865.2367,573.1237,0.65455186
1872.4573,585.1429,1884.5906,573.0944,0.42920092
1891.962,585.1429,1903.852,572.8952,0.9317478
1911.4668,585.1429,1924.9672,573.50574,0.964253
1930.9716,585.1429,1943.6349,572.6987,0.9028467
1950.4763,585.1429,1962.0446,573.3929,0.6710016
1969.9811,585.1429,1982.4512,574.3037,0.40254977
58.51429,604.64764,70.04078,589.5322,0.2756443
78.01905,604.64764,91.111244,589.5908,0.5020117
117.02858,604.64764,129.14424,589.46515,0.49535045
136.53334,604.64764,148.32072,589.62524,0.951616
156.0381,604.64764,167.19026,588.59766,0.92269593
175.54286,604.64764,187.8215,588.1406,0.9535675
195.04762,604.64764,206.45897,589.456,0.7675776
214.55238,604.64764,225.25235,590.23303,0.8318031
234.05716,604.64764,246.1793,589.43494,0.8621822
253.56192,604.64764,265.63092,589.4072,0.8615992
292.57144,604.64764,304.8958,589.2211,0.8455021
312.0762,604.64764,325.3674,590.3543,0.61520636
331.58096,604.64764,343.49042,589.97894,0.90674484
351.08572,604.64764,363.4329,589.79785,0.8897985
370.59048,604.64764,382.88358,590.161,0.68862545
409.6,604.64764,421.3948,589.57825,0.65118796
429.10477,604.64764,441.22968,589.405,0.9577644
448.60953,604.64764,461.23172,589.6856,0.8677073
468.11432,604.64764,481.53418,588.432,0.8872557
487.61908,604.64764,500.06152,589.7027,0.96934247
507.12384,604.64764,520.3411,589.93134,0.96681607
526.6286,604.64764,538.33545,589.89197,0.70144945
546.13336,604.64764,557.41797,590.13586,0.5049122
565.6381,604.64764,577.44867,590.1659,0.3872387
585.1429,604.64764,597.49554,590.02356,0.819894
604.64764,604.64764,615.6051,590.0175,0.6045889
624.1524,604.64764,635.1421,590.13544,0.7932224
643.65717,604.64764,656.2006,589.9723,0.9761647
663.1619,604.64764,674.93616,589.57306,0.8477925
682.6667,604.64764,693.4247,589.88574,0.342431
702.17145,604.64764,713.4052,590.11615,0.79810745
721.6762,604.64764,733.44684,589.5606,0.6033796
741.18097,604.64764,753.1761,590.1302,0.9337578
760.6857,604.64764,772.6065,590.36163,0.835802
780.1905,604.64764,792.68774,591.1911,0.47756666
799.69525,604.64764,813.1353,590.51746,0.84794444
819.2,604.64764,831.1405,590.7316,0.9087953
838.7048,604.64764,850.76355,590.4429,0.7988681
858.20953,604.64764,870.38513,590.4102,0.8270628
877.7143,604.64764,889.50806,590.26056,0.92977816
897.21906,604.64764,908.22015,590.19214,0.93987536
916.7238,604.64764,929.222,590.6435,0.89957786
936.22864,604.64764,948.2764,591.6041,0.9303592
955.7334,604.64764,967.1199,591.24744,0.5777323
975.23816,604.64764,986.9053,591.38116,0.9767679
994.7429,604.64764,1006.0607,590.48224,0.97809774
1014.2477,604.64764,1025.6088,590.4577,0.93692166
1033.7524,604.64764,1045.2054,590.32306,0.7004973
1053.2572,604.64764,1064.6698,590.24677,0.77939886
1072.762,604.64764,1085.0475,590.2085,0.758147
1092.2667,604.64764,1104.2117,590.9001,0.77685237
1111.7715,604.64764,1123.5679,590.8107,0.4355143
1131.2762,604.64764,1142.4893,590.5969,0.59625256
1150.781,604.64764,1162.3309,590.3843,0.95306057
1170.2858,604.64764,1182.7153,590.7167,0.90268713
1189.7905,604.64764,1201.1715,590.85516,0.6930709
1209.2953,604.64764,1220.3425,590.64465,0.6271066
1228.8,604.64764,1241.1198,591.8508,0.78499836
1248.3048,604.64764,1261.37,590.41284,0.9736449
1267.8096,604.64764,1280.5271,590.6522,0.80987644
1287.3143,604.64764,1300.7477,590.5136,0.69793797
1306.8191,604.64764,1319.5225,591.58575,0.70661616
1326.3239,604.64764,1338.3279,590.9648,0.7986449
1345.8286,604.64764,1358.1179,591.26776,0.69758683
1365.3334,604.64764,1376.9707,592.39014,0.80052114
1384.8381,604.64764,1396.9896,591.6646,0.6188486
1404.3429,604.64764,1416.1492,591.8712,0.7392579
1423.8477,604.64764,1436.562,591.49194,0.89020264
1443.3524,604.64764,1455.3671,592.3351,0.960782
1462.8572,604.64764,1475.8845,591.87683,0.9385764
1482.3619,604.64764,1494.1786,591.7553,0.44646972
1501.8667,604.64764,1514.2435,592.7325,0.26527852
1521.3715,604.64764,1532.5814,591.46735,0.35286796
1540.8762,604.64764,1553.711,590.4038,0.4020962
1560.381,604.64764,1573.1818,591.2812,0.79332453
1579.8857,604.64764,1591.5066,592.20734,0.8447411
1599.3905,604.64764,1612.9502,593.4927,0.8441461
1618.8953,604.64764,1631.3674,593.7317,0.8650325
1638.4,604.64764,1650.2526,591.62415,0.8274778
1657.9048,604.64764,1670.1805,592.1109,0.92389524
1677.4095,604.64764,1688.6743,593.0973,0.8218498
1696.9143,604.64764,1709.6344,593.28705,0.93747413
1716.4191,604.64764,1729.7498,593.37024,0.36301443
1735.9238,604.64764,1747.929,592.1292,0.9012321
1755.4286,604.64764,1768.1146,593.71045,0.72453034
1774.9333,604.64764,1788.761,593.5409,0.682687
1794.4381,604.64764,1807.9617,593.05664,0.68746823
1813.9429,604.64764,1827.4882,591.22864,0.80501026
1833.4476,604.64764,1845.809,592.85077,0.84588015
1852.9524,604.64764,1865.2155,593.32794,0.68635327
1872.4573,604.64764,1885.3807,592.98267,0.70690346
1891.962,604.64764,1903.5775,592.66504,0.8684418
1911.4668,604.64764,1923.6569,591.4391,0.99364185
1930.9716,604.64764,1942.8405,591.9364,0.9755782
1950.4763,604.64764,1962.7979,593.0001,0.93225056
1969.9811,604.64764,1982.33,593.03735,0.9478661
136.53334,624.1524,148.9526,608.7026,0.74557865
156.0381,624.1524,168.46153,607.3373,0.8716522
175.54286,624.1524,187.41333,608.4769,0.9569327
195.04762,624.1524,207.1979,608.768,0.7153031
214.55238,624.1524,225.60982,609.1868,0.8175315
234.05716,624.1524,245.0458,609.39636,0.6843129
253.56192,624.1524,265.13986,609.3069,0.29754913
292.57144,624.1524,305.0152,609.422,0.4341084
312.0762,624.1524,325.30515,608.68915,0.6188647
331.58096,624.1524,343.768,609.367,0.89837885
351.08572,624.1524,362.63684,608.63794,0.66353
370.59048,624.1524,384.5729,608.2022,0.38403496
409.6,624.1524,420.65225,608.84015,0.6593479
429.10477,624.1524,440.28116,609.36237,0.90194833
448.60953,624.1524,460.33887,608.8872,0.9044011
468.11432,624.1524,479.246,609.07275,0.88115376
487.61908,624.1524,499.55527,609.315,0.77760863
507.12384,624.1524,518.6234,609.31213,0.756401
526.6286,624.1524,538.5607,608.6566,0.51354843
565.6381,624.1524,574.8466,610.14355,0.4453297
585.1429,624.1524,595.9958,609.42566,0.2645038
604.64764,624.1524,615.2534,609.2698,0.73037493
624.1524,624.1524,635.20087,609.6666,0.8425166
643.65717,624.1524,655.16833,609.7746,0.84847337
663.1619,624.1524,674.7399,609.4557,0.81779635
682.6667,624.1524,695.3646,609.6353,0.86602664
702.17145,624.1524,715.25024,608.90735,0.8456243
721.6762,624.1524,734.1028,610.07526,0.6110245
741.18097,624.1524,752.2644,609.5355,0.92279565
760.6857,624.1524,772.596,609.56213,0.90992206
780.1905,624.1524,792.361,610.6453,0.79941237
799.69525,624.1524,811.2027,609.887,0.5345782
838.7048,624.1524,850.5838,609.9681,0.35998136
858.20953,624.1524,869.96716,610.6788,0.7956896
877.7143,624.1524,889.76825,610.6647,0.7947428
897.21906,624.1524,909.55963,609.76855,0.6073962
916.7238,624.1524,927.65814,610.02423,0.915861
936.22864,624.1524,948.08026,609.75214,0.9676434
955.7334,624.1524,968.94,610.56995,0.94592535
975.23816,624.1524,987.57416,611.08594,0.9523197
994.7429,624.1524,1007.69867,610.8467,0.9612529
1014.2477,624.1524,1027.1893,610.4722,0.9340558
1033.7524,624.1524,1046.0507,609.70844,0.8691753
1053.2572,624.1524,1064.6266,609.5825,0.5891817
1072.762,624.1524,1084.9834,609.7313,0.82063866
1092.2667,624.1524,1105.286,609.75006,0.74097645
1111.7715,624.1524,1123.6332,609.95685,0.47844964
1131.2762,624.1524,1142.6277,610.3284,0.722376
1150.781,624.1524,1161.9232,610.22705,0.9322998
1170.2858,624.1524,1181.0363,610.05084,0.92481124
1189.7905,624.1524,1201.4795,610.64856,0.62705904
1209.2953,624.1524,1222.4694,609.8031,0.76705676
1228.8,624.1524,1241.1849,610.1476,0.82099086
1248.3048,624.1524,1260.0609,610.066,0.9453096
1267.8096,624.1524,1280.4895,609.69147,0.97829014
1287.3143,624.1524,1299.9033,610.8249,0.9089864
1306.8191,624.1524,1318.0082,611.96533,0.8089518
1326.3239,624.1524,1337.3855,611.45166,0.35560042
1345.8286,624.1524,1356.83,610.7782,0.4893365
1365.3334,624.1524,1377.173,611.6175,0.5073366
1384.8381,624.1524,1396.1221,610.1861,0.66300017
1404.3429,624.1524,1416.2349,611.49976,0.72618794
1423.8477,624.1524,1434.9381,611.65686,0.8520416
1443.3524,624.1524,1455.0222,611.3998,0.926378
1462.8572,624.1524,1475.1757,611.74,0.6274317
1482.3619,624.1524,1493.9929,611.5093,0.6919198
1501.8667,624.1524,1513.5763,612.803,0.507379
1521.3715,624.1524,1533.0072,612.99506,0.7672804
1540.8762,624.1524,1552.8755,610.4878,0.75176156
1560.381,624.1524,1571.5287,610.39166,0.74649525
1579.8857,624.1524,1592.5908,611.7826,0.722366
1599.3905,624.1524,1610.9644,612.07635,0.8425929
1618.8953,624.1524,1631.4941,610.6843,0.86128294
1638.4,624.1524,1651.7156,611.38513,0.64776427
1657.9048,624.1524,1670.8883,610.5153,0.87984556
1677.4095,624.1524,1688.665,612.0582,0.7370462
1696.9143,624.1524,1708.0717,611.86804,0.27219483
1716.4191,624.1524,1729.3408,611.5589,0.6530001
1735.9238,624.1524,1747.639,611.4515,0.5546444
1755.4286,624.1524,1767.7743,612.3115,0.8708686
1774.9333,624.1524,1787.9913,613.4303,0.8800222
1794.4381,624.1524,1806.3682,613.14233,0.5761127
1813.9429,624.1524,1827.1262,613.25726,0.6678804
1833.4476,624.1524,1844.9272,611.6654,0.6203267
1852.9524,624.1524,1865.87,612.0901,0.6060184
1872.4573,624.1524,1884.5599,611.337,0.3369599
1891.962,624.1524,1905.2732,613.027,0.8862924
1911.4668,624.1524,1924.5847,611.88367,0.9928291
1930.9716,624.1524,1944.7196,611.1749,0.9717891
1950.4763,624.1524,1963.3678,612.0829,0.93402606
1969.9811,624.1524,1981.949,612.37964,0.9214224
58.51429,643.65717,70.751854,628.143,0.21007621
78.01905,643.65717,92.27298,628.5094,0.8081643
97.52381,643.65717,109.38322,628.83,0.32893285
117.02858,643.65717,128.52132,628.4804,0.6652599
136.53334,643.65717,149.64922,628.38556,0.8782481
156.0381,643.65717,167.89453,628.05005,0.8618659
175.54286,643.65717,188.13708,628.16626,0.9743399
195.04762,643.65717,206.47893,627.9436,0.8756948
214.55238,643.65717,227.44904,628.377,0.88124764
234.05716,643.65717,247.28535,628.6941,0.56030446
253.56192,643.65717,265.7786,628.38434,0.33922982
292.57144,643.65717,304.7129,628.3483,0.3445182
312.0762,643.65717,324.63632,629.46735,0.20466682
331.58096,643.65717,343.99142,627.8651,0.63903594
351.08572,643.65717,363.12766,628.17786,0.52093667
370.59048,643.65717,381.95734,628.66437,0.28681052
390.09525,643.65717,401.27103,628.36224,0.3691365
409.6,643.65717,420.98685,628.4109,0.32307532
429.10477,643.65717,441.45197,628.3427,0.84002095
448.60953,643.65717,459.628,628.76917,0.80980635
468.11432,643.65717,479.79187,629.25195,0.89802414
487.61908,643.65717,500.12848,628.9419,0.7520987
507.12384,643.65717,519.46344,629.01013,0.55424476
526.6286,643.65717,539.39844,628.50195,0.3412517
565.6381,643.65717,575.04535,629.4129,0.39559814
585.1429,643.65717,594.32806,629.5685,0.5997286
604.64764,643.65717,615.1973,629.4928,0.7853611
624.1524,643.65717,635.93604,629.0087,0.964066
643.65717,643.65717,655.4602,629.0559,0.789408
663.1619,643.65717,674.3705,629.15314,0.94556785
682.6667,643.65717,694.2441,628.6188,0.914595
702.17145,643.65717,714.8894,629.42523,0.9432169
721.6762,643.65717,733.67285,629.35913,0.93049365
741.18097,643.65717,753.77905,629.4317,0.9532637
760.6857,643.65717,771.82355,629.66974,0.9232649
780.1905,643.65717,790.839,629.4513,0.95682377
799.69525,643.65717,810.58234,629.235,0.5482854
819.2,643.65717,829.93695,629.01044,0.78848225
838.7048,643.65717,850.21466,628.2996,0.57091826
858.20953,643.65717,869.39734,628.90533,0.6844214
877.7143,643.65717,889.2557,629.6797,0.38515612
897.21906,643.65717,909.4545,630.0946,0.86232185
916.7238,643.65717,929.1898,629.60114,0.91077155
936.22864,643.65717,947.83856,629.51276,0.9683239
955.7334,643.65717,970.17395,630.35345,0.9566907
975.23816,643.65717,988.1698,630.7533,0.9439344
994.7429,643.65717,1007.41254,630.86,0.98479426
1014.2477,643.65717,1027.5021,629.7689,0.9489858
1033.7524,643.65717,1046.6543,628.891,0.97614306
1053.2572,643.65717,1065.7621,629.02344,0.8492951
1072.762,643.65717,1084.7723,629.3583,0.8774379
1092.2667,643.65717,1104.2109,629.33624,0.85140556
1111.7715,643.65717,1123.6133,629.86456,0.6173699
1131.2762,643.65717,1142.8258,630.98737,0.6789541
1150.781,643.65717,1161.79,630.1859,0.75682557
1170.2858,643.65717,1181.0768,629.3889,0.68397236
1189.7905,643.65717,1200.9453,630.2604,0.6607474
1209.2953,643.65717,1220.5642,630.02686,0.7300406
1228.8,643.65717,1241.7256,629.3388,0.8075227
1248.3048,643.65717,1260.8247,630.1623,0.537986
1267.8096,643.65717,1279.9834,630.20856,0.8995662
1287.3143,643.65717,1300.075,629.60974,0.83373314
1306.8191,643.65717,1318.2064,630.05725,0.626835
1326.3239,643.65717,1337.1761,630.6708,0.8166927
1345.8286,643.65717,1358.2604,631.16187,0.36608562
1365.3334,643.65717,1377.6342,630.522,0.39939967
1384.8381,643.65717,1396.5261,631.16125,0.6997016
1404.3429,643.65717,1417.6677,629.87103,0.8625951
1423.8477,643.65717,1435.0955,631.0671,0.63551
1443.3524,643.65717,1455.5161,629.75543,0.72047585
1462.8572,643.65717,1475.2744,630.3718,0.72080666
1482.3619,643.65717,1494.5339,630.5848,0.9082584
1501.8667,643.65717,1514.112,631.2179,0.7964505
1521.3715,643.65717,1533.9526,629.6039,0.4916442
1560.381,643.65717,1574.0233,632.1601,0.66247874
1579.8857,643.65717,1593.0311,630.94904,0.70216876
1599.3905,643.65717,1612.148,631.02057,0.73222077
1657.9048,643.65717,1671.6813,632.7647,0.38131174
1677.4095,643.65717,1689.7417,631.4295,0.62386686
1696.9143,643.65717,1709.0864,632.54065,0.45136595
1716.4191,643.65717,1728.6324,632.0119,0.37715062
1735.9238,643.65717,1748.3711,631.3059,0.32927316
1755.4286,643.65717,1768.8986,631.11707,0.7424131
1774.9333,643.65717,1789.38,631.0691,0.8758617
1794.4381,643.65717,1806.7699,630.9821,0.8842504
1813.9429,643.65717,1826.4833,632.9424,0.9009573
1833.4476,643.65717,1845.6061,631.68445,0.7835006
1852.9524,643.65717,1865.724,631.8648,0.6778996
1872.4573,643.65717,1885.1465,631.91504,0.7032891
1891.962,643.65717,1904.0107,632.8604,0.6683603
1911.4668,643.65717,1924.261,633.3809,0.8473175
1930.9716,643.65717,1943.9242,631.4691,0.8293589
1950.4763,643.65717,1962.2009,632.5757,0.95612156
1969.9811,643.65717,1982.8605,632.14557,0.8450283
78.01905,663.1619,91.333664,646.66693,0.4736966
97.52381,663.1619,108.979294,646.79517,0.2552678
175.54286,663.1619,186.98563,647.87994,0.87555826
195.04762,663.1619,206.79506,647.35406,0.95235467
214.55238,663.1619,227.39705,647.9738,0.87843573
234.05716,663.1619,247.32837,647.94,0.6308898
253.56192,663.1619,266.45743,648.1945,0.30800825
273.06668,663.1619,286.44675,649.3949,0.79218316
292.57144,663.1619,305.47302,648.44104,0.7873451
331.58096,663.1619,342.85913,648.55945,0.45318946
351.08572,663.1619,362.5408,648.5625,0.29999593
370.59048,663.1619,381.08072,647.1789,0.4748789
390.09525,663.1619,401.88522,647.99176,0.54264086
409.6,663.1619,420.70062,648.09125,0.8658793
429.10477,663.1619,441.0898,648.67487,0.37479982
448.60953,663.1619,460.78714,648.14484,0.47962907
468.11432,663.1619,480.58685,647.8867,0.54149985
487.61908,663.1619,501.11945,648.2731,0.93889266
507.12384,663.1619,519.8022,648.4921,0.8191053
526.6286,663.1619,538.50415,648.50195,0.4325297
546.13336,663.1619,557.5925,648.81006,0.50860816
585.1429,663.1619,596.88086,649.0682,0.46854007
604.64764,663.1619,616.4396,649.34674,0.8453794
624.1524,663.1619,636.2388,648.41125,0.9325539
643.65717,663.1619,654.63666,648.08997,0.6608795
663.1619,663.1619,675.55774,648.51404,0.48608664
682.6667,663.1619,693.8708,648.6919,0.9733818
702.17145,663.1619,715.0634,649.605,0.9783676
721.6762,663.1619,734.531,648.89355,0.9731595
741.18097,663.1619,753.8291,649.0624,0.9540994
760.6857,663.1619,773.4325,648.2727,0.946566
780.1905,663.1619,791.8378,648.5086,0.9684449
799.69525,663.1619,812.2873,648.826,0.24784255
819.2,663.1619,830.00867,649.36017,0.6152348
838.7048,663.1619,850.00934,648.73505,0.6654244
858.20953,663.1619,869.343,648.5987,0.76234436
877.7143,663.1619,888.80023,649.98834,0.49383634
897.21906,663.1619,908.2365,649.886,0.90641403
916.7238,663.1619,927.93585,648.5287,0.94153965
936.22864,663.1619,948.0309,648.85156,0.86364377
955.7334,663.1619,969.33575,649.22217,0.93792987
975.23816,663.1619,987.8715,649.0277,0.95737094
994.7429,663.1619,1006.64215,648.7101,0.98518956
1014.2477,663.1619,1026.2344,648.7225,0.9705121
1033.7524,663.1619,1046.9471,648.5487,0.9627961
1053.2572,663.1619,1066.2256,647.9159,0.9498913
1072.762,663.1619,1084.3309,649.29504,0.536403
1092.2667,663.1619,1104.0784,649.3189,0.5858054
1111.7715,663.1619,1123.9705,649.3529,0.64441395
1131.2762,663.1619,1144.2667,650.4774,0.69083
1150.781,663.1619,1163.854,650.61743,0.77845937
1170.2858,663.1619,1182.2966,649.96936,0.6659851
1189.7905,663.1619,1202.0319,649.0712,0.8236315
1209.2953,663.1619,1220.4285,649.7033,0.4991037
1228.8,663.1619,1240.7899,649.45374,0.88450503
1248.3048,663.1619,1260.0347,650.2179,0.7537875
1267.8096,663.1619,1280.9305,650.37274,0.7633637
1287.3143,663.1619,1299.5182,649.55426,0.82673925
1306.8191,663.1619,1318.6959,650.6742,0.7845885
1326.3239,663.1619,1337.4819,649.81433,0.9656159
1345.8286,663.1619,1358.2196,649.9354,0.8268158
1365.3334,663.1619,1377.3693,649.7345,0.50854623
1384.8381,663.1619,1398.2233,650.09656,0.5962789
1404.3429,663.1619,1418.2471,649.0952,0.87941855
1423.8477,663.1619,1437.6451,650.22107,0.7798225
1443.3524,663.1619,1456.7483,649.15173,0.6230525
1462.8572,663.1619,1476.6562,651.13324,0.72746575
1482.3619,663.1619,1494.0797,650.4305,0.8632538
1501.8667,663.1619,1514.8918,650.7559,0.8991688
1521.3715,663.1619,1532.7952,651.62054,0.46382236
1540.8762,663.1619,1554.7422,650.33545,0.57144266
1560.381,663.1619,1573.8394,651.6949,0.7627441
1579.8857,663.1619,1593.6595,650.8656,0.34779054
1599.3905,663.1619,1612.9313,650.91473,0.25514224
1638.4,663.1619,1651.0378,651.2345,0.25097406
1657.9048,663.1619,1670.7634,651.5101,0.799967
1677.4095,663.1619,1689.7294,650.6376,0.9049826
1716.4191,663.1619,1725.4648,649.92084,0.4834579
1735.9238,663.1619,1747.9237,651.1382,0.86689335
1755.4286,663.1619,1768.0883,651.1489,0.7039339
1774.9333,663.1619,1787.602,650.7247,0.8706812
1794.4381,663.1619,1808.0894,652.1001,0.7835205
1813.9429,663.1619,1826.5188,651.0447,0.9034567
1833.4476,663.1619,1844.8324,650.6206,0.9507771
1852.9524,663.1619,1864.1565,650.5837,0.7993455
1872.4573,663.1619,1885.5553,650.5331,0.2931894
1891.962,663.1619,1905.0208,651.49756,0.5604522
1911.4668,663.1619,1924.4618,652.4167,0.64793354
1930.9716,663.1619,1942.6317,651.85114,0.92624944
1950.4763,663.1619,1963.4474,650.2754,0.8821794
1969.9811,663.1619,1981.6859,651.3083,0.9740605
78.01905,682.6667,89.301834,666.3725,0.21237248
97.52381,682.6667,109.77171,667.9115,0.6595241
136.53334,682.6667,145.45866,667.4444,0.4829972
156.0381,682.6667,168.53699,667.3568,0.67107797
175.54286,682.6667,186.35797,667.35486,0.5049867
195.04762,682.6667,206.27164,666.3064,0.6684597
214.55238,682.6667,227.07475,666.2948,0.9243405
234.05716,682.6667,245.92966,667.6013,0.6916306
253.56192,682.6667,267.59155,667.6643,0.6887056
273.06668,682.6667,284.84323,666.70844,0.7936751
292.57144,682.6667,305.48663,667.50476,0.85073006
312.0762,682.6667,324.41666,668.29,0.7480948
331.58096,682.6667,341.80508,667.8945,0.8174063
351.08572,682.6667,362.3867,666.78143,0.53954494
370.59048,682.6667,382.92874,666.57196,0.337968
390.09525,682.6667,402.07562,667.8613,0.7832538
409.6,682.6667,419.9615,667.80115,0.631479
429.10477,682.6667,441.69894,668.23694,0.8169509
448.60953,682.6667,461.70428,668.2695,0.5749644
468.11432,682.6667,480.12866,667.93567,0.39500657
507.12384,682.6667,518.7542,667.86456,0.5846134
526.6286,682.6667,538.59937,668.03467,0.27074715
585.1429,682.6667,597.7977,668.5531,0.46502075
604.64764,682.6667,615.9566,668.06274,0.73105264
624.1524,682.6667,636.08685,668.3707,0.40219212
643.65717,682.6667,655.7571,667.77527,0.4408852
663.1619,682.6667,675.88666,668.35114,0.83101565
682.6667,682.6667,695.08215,668.24347,0.86321115
702.17145,682.6667,714.9473,668.37354,0.77634645
721.6762,682.6667,734.6391,667.72534,0.9852631
741.18097,682.6667,753.16284,668.2545,0.98732543
760.6857,682.6667,774.2013,668.31836,0.9813925
780.1905,682.6667,794.5732,668.0882,0.9372277
799.69525,682.6667,811.55646,668.3432,0.5466274
819.2,682.6667,831.8635,668.21515,0.44000784
838.7048,682.6667,850.2751,668.33527,0.57445043
858.20953,682.6667,870.44763,668.3471,0.38711828
877.7143,682.6667,889.5609,668.22943,0.481566
897.21906,682.6667,908.5234,668.44556,0.8257563
916.7238,682.6667,929.67535,668.58936,0.83491004
936.22864,682.6667,948.58704,669.61395,0.6628529
955.7334,682.6667,967.8294,668.4092,0.734028
975.23816,682.6667,987.4475,668.36017,0.9597246
994.7429,682.6667,1007.1144,668.7951,0.95559514
1014.2477,682.6667,1025.9446,668.20056,0.7941703
1033.7524,682.6667,1046.9509,668.27716,0.8770006
1053.2572,682.6667,1065.9253,668.2546,0.8872327
1072.762,682.6667,1084.823,668.3502,0.79166144
1092.2667,682.6667,1103.753,668.6666,0.6277302
1111.7715,682.6667,1124.0632,668.4064,0.3990447
1131.2762,682.6667,1143.4946,668.4358,0.34316117
1150.781,682.6667,1163.0116,669.29755,0.61875427
1170.2858,682.6667,1182.9167,669.1532,0.8250583
1189.7905,682.6667,1201.857,669.045,0.8556107
1209.2953,682.6667,1222.8447,669.84436,0.98447746
1228.8,682.6667,1240.1334,669.20416,0.8482975
1248.3048,682.6667,1260.0886,669.0158,0.834559
1267.8096,682.6667,1279.4497,670.27295,0.81633323
1287.3143,682.6667,1298.5309,668.7727,0.9160482
1306.8191,682.6667,1318.7661,669.29474,0.96719843
1326.3239,682.6667,1337.9902,668.296,0.9110565
1345.8286,682.6667,1356.643,669.3083,0.5744824
1365.3334,682.6667,1376.4648,669.705,0.7549275
1384.8381,682.6667,1396.1262,669.1715,0.70270145
1404.3429,682.6667,1416.6172,669.9611,0.893573
1423.8477,682.6667,1435.8159,669.44916,0.86211795
1443.3524,682.6667,1456.7114,670.2315,0.83453155
1462.8572,682.6667,1476.0316,669.70776,0.9649168
1482.3619,682.6667,1494.5312,669.9064,0.9147246
1501.8667,682.6667,1513.2085,670.8994,0.7644724
1521.3715,682.6667,1533.3605,670.8939,0.8393944
1540.8762,682.6667,1552.384,670.0118,0.72480804
1599.3905,682.6667,1612.1874,669.39923,0.78984684
1618.8953,682.6667,1630.4958,669.3016,0.31250405
1638.4,682.6667,1650.3618,670.2802,0.242642
1657.9048,682.6667,1670.8904,672.0305,0.8923269
1677.4095,682.6667,1690.0074,671.3035,0.66075927
1696.9143,682.6667,1708.4529,670.7647,0.2061664
1716.4191,682.6667,1728.7239,669.9245,0.61150706
1735.9238,682.6667,1747.6807,670.0464,0.52512205
1755.4286,682.6667,1767.7544,670.494,0.5859693
1774.9333,682.6667,1787.9927,670.3242,0.9645805
1794.4381,682.6667,1805.9835,672.401,0.8744082
1813.9429,682.6667,1825.6129,671.8271,0.74509746
1833.4476,682.6667,1844.9211,670.3522,0.7746121
1852.9524,682.6667,1864.8131,671.06244,0.6796808
1872.4573,682.6667,1885.0188,671.36536,0.75095314
1891.962,682.6667,1905.0803,670.03015,0.79061747
1911.4668,682.6667,1923.0386,671.2495,0.8515515
1930.9716,682.6667,1942.5759,672.0403,0.8599432
1950.4763,682.6667,1963.3364,671.973,0.89127237
1969.9811,682.6667,1982.0927,671.58,0.6185241
78.01905,702.17145,89.060234,687.16364,0.53313136
97.52381,702.17145,108.68344,687.0085,0.9320304
136.53334,702.17145,150.1004,687.0108,0.4331099
156.0381,702.17145,168.0747,687.1483,0.89995974
175.54286,702.17145,188.05609,686.6112,0.6359935
195.04762,702.17145,206.89485,686.92993,0.72056496
214.55238,702.17145,225.44458,687.473,0.8001562
234.05716,702.17145,245.90236,686.80206,0.8904823
253.56192,702.17145,265.2203,686.8786,0.57382417
273.06668,702.17145,284.52026,686.93524,0.7711839
292.57144,702.17145,305.41718,686.54236,0.722118
312.0762,702.17145,325.046,686.80194,0.7589761
331.58096,702.17145,343.14716,687.20734,0.70814764
351.08572,702.17145,362.60593,686.9315,0.79045963
370.59048,702.17145,384.16724,687.7157,0.41371596
390.09525,702.17145,402.9436,687.5479,0.8532336
409.6,702.17145,420.20605,687.43604,0.34736884
429.10477,702.17145,441.39105,687.4499,0.595764
448.60953,702.17145,460.12967,687.5601,0.6107416
468.11432,702.17145,478.95932,687.6263,0.66902345
487.61908,702.17145,499.07126,687.81195,0.46758392
507.12384,702.17145,519.1958,687.63904,0.3580934
546.13336,702.17145,555.4224,687.52057,0.39932734
585.1429,702.17145,594.36865,687.15015,0.40190813
604.64764,702.17145,616.1122,687.75836,0.8093709
624.1524,702.17145,636.33887,687.42664,0.38534224
643.65717,702.17145,654.9629,687.3094,0.62523127
663.1619,702.17145,674.4905,687.7508,0.73083615
682.6667,702.17145,695.09845,688.3099,0.8682046
702.17145,702.17145,715.626,687.0028,0.89249957
721.6762,702.17145,733.0083,687.8937,0.8806683
741.18097,702.17145,751.98096,687.6338,0.61641884
760.6857,702.17145,772.75665,687.39435,0.9743487
780.1905,702.17145,792.90497,687.8792,0.85655725
799.69525,702.17145,813.11127,687.5913,0.8389606
819.2,702.17145,832.12823,687.9039,0.6298625
858.20953,702.17145,869.6653,687.9702,0.5958739
877.7143,702.17145,890.4085,687.39514,0.6262717
897.21906,702.17145,909.38153,687.7687,0.8075076
916.7238,702.17145,928.7043,688.3504,0.65610826
936.22864,702.17145,946.9952,688.2022,0.9375052
955.7334,702.17145,966.5304,688.49963,0.73806083
975.23816,702.17145,986.9243,687.86566,0.7349854
994.7429,702.17145,1006.47064,688.98627,0.7782193
1014.2477,702.17145,1025.6615,688.1511,0.84991646
1033.7524,702.17145,1046.4093,688.0736,0.9837551
1053.2572,702.17145,1065.614,688.093,0.9346987
1072.762,702.17145,1085.1157,688.98944,0.56979996
1092.2667,702.17145,1105.5267,689.36285,0.6701015
1111.7715,702.17145,1124.5541,687.9938,0.4752191
1131.2762,702.17145,1142.9716,688.04913,0.424119
1150.781,702.17145,1162.4877,688.636,0.5147709
1170.2858,702.17145,1182.2507,688.8303,0.7373175
1189.7905,702.17145,1201.1776,688.32874,0.9444488
1209.2953,702.17145,1222.5902,689.1068,0.9681722
1228.8,702.17145,1241.1669,687.9713,0.9329334
1248.3048,702.17145,1259.5055,688.69,0.5871761
1267.8096,702.17145,1280.7588,689.56146,0.70252335
1287.3143,702.17145,1300.1792,688.5486,0.74096733
1306.8191,702.17145,1318.8387,688.9743,0.9664514
1326.3239,702.17145,1338.576,689.63385,0.8706456
1345.8286,702.17145,1357.0576,688.7535,0.56540406
1365.3334,702.17145,1377.9456,689.14343,0.6999706
1384.8381,702.17145,1395.927,689.7263,0.37853175
1404.3429,702.17145,1415.9874,689.8538,0.87446344
1423.8477,702.17145,1435.421,689.15375,0.7633643
1443.3524,702.17145,1456.2787,688.2301,0.85604084
1462.8572,702.17145,1474.6906,688.65533,0.9701225
1482.3619,702.17145,1494.684,689.57324,0.7341641
1501.8667,702.17145,1514.1891,689.6582,0.46001565
1521.3715,702.17145,1532.7296,689.2973,0.5838449
1540.8762,702.17145,1552.2257,689.65607,0.900714
1560.381,702.17145,1572.5303,689.3153,0.40755895
1579.8857,702.17145,1592.2905,689.7912,0.7227275
1599.3905,702.17145,1611.8414,688.9167,0.6930389
1618.8953,702.17145,1630.4243,689.4268,0.5891673
1638.4,702.17145,1651.0452,689.1078,0.6701017
1657.9048,702.17145,1671.4153,689.17053,0.8011438
1677.4095,702.17145,1689.843,689.7975,0.6735454
1696.9143,702.17145,1708.6733,690.2676,0.73866546
1716.4191,702.17145,1728.9833,689.5616,0.91188496
1735.9238,702.17145,1749.575,691.039,0.95254546
1755.4286,702.17145,1767.7151,689.9714,0.9061289
1774.9333,702.17145,1787.0677,689.13605,0.9611331
1794.4381,702.17145,1807.1973,691.13605,0.79287624
1813.9429,702.17145,1826.921,690.36084,0.7621342
1833.4476,702.17145,1846.5701,690.7766,0.816632
1852.9524,702.17145,1865.6609,690.31067,0.83244115
1872.4573,702.17145,1885.3375,690.6277,0.9383083
1891.962,702.17145,1904.5552,690.93427,0.9152995
1911.4668,702.17145,1923.1561,690.0559,0.35974407
1930.9716,702.17145,1942.296,691.3007,0.87812036
1950.4763,702.17145,1962.3158,690.5412,0.9530017
1969.9811,702.17145,1982.6036,691.01587,0.67574733
58.51429,721.6762,70.13863,706.68317,0.5604821
78.01905,721.6762,89.505936,706.30524,0.49167553
97.52381,721.6762,109.74353,706.7989,0.91818845
117.02858,721.6762,128.76926,706.4539,0.61014146
136.53334,721.6762,150.00992,706.2775,0.9671716
156.0381,721.6762,167.13301,705.9567,0.9185497
175.54286,721.6762,187.38336,705.85156,0.97898394
195.04762,721.6762,206.37923,705.9546,0.8248947
214.55238,721.6762,226.1151,706.51135,0.5358389
234.05716,721.6762,244.88724,706.7562,0.5083009
253.56192,721.6762,265.84695,706.8956,0.8175424
273.06668,721.6762,284.65982,706.4089,0.71820265
292.57144,721.6762,305.78506,706.0444,0.84081244
312.0762,721.6762,324.58176,706.118,0.5008952
331.58096,721.6762,343.49072,706.35156,0.66899276
351.08572,721.6762,364.3907,706.9657,0.845121
370.59048,721.6762,383.7104,707.3524,0.95243955
390.09525,721.6762,402.0557,706.99994,0.6094084
409.6,721.6762,421.07455,706.5974,0.56047666
429.10477,721.6762,441.59604,706.8579,0.7365849
448.60953,721.6762,461.2779,706.80554,0.6048114
468.11432,721.6762,480.48364,706.8284,0.7407776
487.61908,721.6762,498.8213,707.2516,0.8238812
526.6286,721.6762,536.02637,706.88403,0.51533043
565.6381,721.6762,574.86237,706.73315,0.7199303
585.1429,721.6762,594.68414,707.30634,0.44512624
604.64764,721.6762,615.736,707.1683,0.5221791
624.1524,721.6762,634.46,706.86096,0.5344121
643.65717,721.6762,657.1534,706.2537,0.93312013
663.1619,721.6762,676.0628,707.2947,0.9450982
682.6667,721.6762,696.41925,707.1345,0.9730419
702.17145,721.6762,714.6863,706.8515,0.8040345
721.6762,721.6762,733.6249,706.8507,0.634128
741.18097,721.6762,753.2466,706.98663,0.6497334
760.6857,721.6762,772.8609,707.188,0.95194906
780.1905,721.6762,792.2238,707.15283,0.67734194
799.69525,721.6762,812.1175,707.41943,0.7272542
819.2,721.6762,832.65576,708.40906,0.60659575
838.7048,721.6762,850.8935,707.30756,0.52521944
858.20953,721.6762,871.4996,708.037,0.48715663
897.21906,721.6762,906.5921,707.5007,0.63382196
916.7238,721.6762,929.2557,707.73663,0.70936507
936.22864,721.6762,947.2349,707.20844,0.95970625
955.7334,721.6762,967.4669,707.41833,0.50552684
975.23816,721.6762,986.9484,707.435,0.7067819
994.7429,721.6762,1007.81335,707.2763,0.8609994
1014.2477,721.6762,1026.9075,707.503,0.8283112
1033.7524,721.6762,1045.1548,707.86237,0.9591531
1053.2572,721.6762,1066.2694,707.35254,0.96765745
1072.762,721.6762,1085.1614,707.4737,0.803335
1092.2667,721.6762,1106.9227,708.44446,0.40657437
1111.7715,721.6762,1125.2849,708.39044,0.26916376
1131.2762,721.6762,1144.681,708.1078,0.60997796
1150.781,721.6762,1164.3125,707.86127,0.42137966
1170.2858,721.6762,1181.8226,707.91437,0.7655897
1189.7905,721.6762,1201.7131,707.4763,0.79136115
1209.2953,721.6762,1221.8037,707.4145,0.93456185
1228.8,721.6762,1240.5913,707.4153,0.9210658
1248.3048,721.6762,1260.2932,707.5385,0.9712213
1267.8096,721.6762,1279.9426,707.2769,0.89972407
1287.3143,721.6762,1300.0958,707.8875,0.8611489
1306.8191,721.6762,1318.9672,708.33636,0.80610424
1326.3239,721.6762,1337.8766,709.62396,0.8909176
1345.8286,721.6762,1359.8883,707.91315,0.90836334
1365.3334,721.6762,1378.9608,708.3888,0.8972185
1384.8381,721.6762,1396.1259,708.2142,0.9016861
1404.3429,721.6762,1416.679,708.98706,0.6496653
1423.8477,721.6762,1436.7662,708.3589,0.30405036
1443.3524,721.6762,1455.1714,707.6009,0.93512803
1462.8572,721.6762,1476.3672,710.2362,0.8151604
1482.3619,721.6762,1495.323,708.77386,0.5658042
1501.8667,721.6762,1515.0912,709.0822,0.41816154
1521.3715,721.6762,1532.7013,709.8036,0.46324578
1560.381,721.6762,1572.8,709.5827,0.22522278
1579.8857,721.6762,1593.7493,708.6452,0.28174645
1599.3905,721.6762,1612.2502,709.17993,0.7510347
1638.4,721.6762,1650.0901,709.5028,0.32948628
1657.9048,721.6762,1671.4861,708.9661,0.69795084
1677.4095,721.6762,1689.329,709.35406,0.9323628
1696.9143,721.6762,1709.8748,709.50604,0.82103443
1716.4191,721.6762,1728.6666,709.2,0.8384836
1735.9238,721.6762,1748.1238,709.5847,0.78188825
1755.4286,721.6762,1767.925,709.3753,0.8172634
1774.9333,721.6762,1787.3029,709.1149,0.94231474
1794.4381,721.6762,1806.9904,710.3975,0.702274
1813.9429,721.6762,1826.0146,710.2689,0.8013319
1833.4476,721.6762,1846.2048,709.8726,0.73988396
1852.9524,721.6762,1866.2135,711.1751,0.74614584
1872.4573,721.6762,1885.044,709.7608,0.9473023
1891.962,721.6762,1905.44,710.1299,0.95732874
1911.4668,721.6762,1924.1327,710.0997,0.46844035
1930.9716,721.6762,1943.5297,709.90845,0.88478345
1950.4763,721.6762,1963.778,710.1939,0.87977946
1969.9811,721.6762,1982.8156,710.3127,0.7433834
58.51429,741.18097,71.24473,725.6457,0.6684557
78.01905,741.18097,89.99951,726.19324,0.46052665
97.52381,741.18097,109.83792,725.32367,0.8946192
117.02858,741.18097,128.7874,725.0892,0.70676965
136.53334,741.18097,149.15353,724.7747,0.93012196
156.0381,741.18097,167.00787,724.8518,0.8943666
175.54286,741.18097,187.40486,726.0188,0.9430349
195.04762,741.18097,207.7079,725.245,0.8681626
214.55238,741.18097,225.89098,726.48926,0.7497223
234.05716,741.18097,245.42877,726.23865,0.69171894
253.56192,741.18097,264.87033,726.0241,0.48372623
273.06668,741.18097,285.7816,726.00555,0.34259042
292.57144,741.18097,305.31836,726.15375,0.35349277
312.0762,741.18097,323.90698,725.89105,0.9566521
331.58096,741.18097,343.57205,725.9591,0.74576205
351.08572,741.18097,361.68573,726.49133,0.8693933
370.59048,741.18097,383.19757,726.4632,0.98276025
390.09525,741.18097,402.30322,726.3534,0.9603343
409.6,741.18097,421.8717,726.28784,0.82118875
429.10477,741.18097,441.58777,725.8072,0.95370895
448.60953,741.18097,461.34457,726.26154,0.86042285
468.11432,741.18097,481.37744,725.7921,0.54940003
487.61908,741.18097,499.59744,726.4777,0.3976317
507.12384,741.18097,517.778,726.27496,0.40155578
526.6286,741.18097,538.0959,726.1738,0.32163158
565.6381,741.18097,574.8446,726.5784,0.6873139
604.64764,741.18097,617.0147,726.75415,0.574416
624.1524,741.18097,634.9403,726.5449,0.67123306
643.65717,741.18097,655.29785,726.669,0.94919986
663.1619,741.18097,675.20844,726.8717,0.8947246
682.6667,741.18097,694.24915,726.8039,0.93833154
702.17145,741.18097,714.46155,726.27515,0.5781121
721.6762,741.18097,733.483,726.3154,0.739716
760.6857,741.18097,772.31573,726.1827,0.89571977
780.1905,741.18097,793.258,726.63696,0.96469223
799.69525,741.18097,813.22327,726.9193,0.825956
819.2,741.18097,831.77185,727.75183,0.25821745
838.7048,741.18097,850.3718,727.98083,0.56104946
858.20953,741.18097,870.3939,727.39795,0.41729456
877.7143,741.18097,890.32513,726.8351,0.53319216
897.21906,741.18097,908.3687,727.14044,0.6491195
916.7238,741.18097,928.83014,727.6557,0.8553858
936.22864,741.18097,947.55304,727.35187,0.8187925
955.7334,741.18097,967.23596,726.99414,0.90604806
975.23816,741.18097,988.6687,726.8514,0.97463685
994.7429,741.18097,1009.2832,727.36597,0.97117996
1014.2477,741.18097,1027.3278,726.9059,0.98213696
1033.7524,741.18097,1045.4639,725.5089,0.98967767
1053.2572,741.18097,1066.0927,727.58875,0.9798991
1072.762,741.18097,1084.269,727.3528,0.91634375
1092.2667,741.18097,1106.7915,728.17145,0.6981968
1111.7715,741.18097,1124.2169,728.03015,0.5218338
1131.2762,741.18097,1143.0968,728.25397,0.52434325
1150.781,741.18097,1162.5394,726.13776,0.5049982
1189.7905,741.18097,1202.9825,727.21216,0.38711348
1209.2953,741.18097,1222.4094,727.3623,0.8203293
1228.8,741.18097,1241.3594,727.67896,0.8983827
1248.3048,741.18097,1261.2382,727.66504,0.92344916
1267.8096,741.18097,1280.5298,728.8749,0.84353316
1287.3143,741.18097,1299.4536,728.5648,0.5390417
1326.3239,741.18097,1337.3967,729.30774,0.37642348
1345.8286,741.18097,1357.12,727.80634,0.57637817
1365.3334,741.18097,1377.071,727.7504,0.68596184
1384.8381,741.18097,1397.8604,728.0043,0.69456077
1404.3429,741.18097,1415.9923,728.5009,0.8487244
1423.8477,741.18097,1436.2852,728.2403,0.8034539
1443.3524,741.18097,1457.237,728.78455,0.5942228
1462.8572,741.18097,1474.9061,727.1681,0.68721277
1482.3619,741.18097,1494.647,727.9648,0.41707352
1501.8667,741.18097,1513.3091,727.9737,0.60013723
1521.3715,741.18097,1533.897,729.0428,0.78837705
1540.8762,741.18097,1552.3273,728.10693,0.2753773
1560.381,741.18097,1573.4548,727.8269,0.5239426
1579.8857,741.18097,1592.7214,729.1639,0.5228107
1599.3905,741.18097,1612.2882,728.56586,0.27306288
1638.4,741.18097,1651.1697,728.6555,0.45908394
1657.9048,741.18097,1670.3645,728.67615,0.83157384
1677.4095,741.18097,1689.8807,729.2719,0.8816378
1696.9143,741.18097,1710.5729,727.8171,0.77297544
1716.4191,741.18097,1727.9982,728.99854,0.7595722
1735.9238,741.18097,1747.9293,729.57263,0.22001962
1755.4286,741.18097,1768.9364,729.59546,0.8200738
1774.9333,741.18097,1788.3953,727.63043,0.88010603
1794.4381,741.18097,1805.8619,730.0505,0.755531
1813.9429,741.18097,1826.7599,729.0645,0.94604015
1833.4476,741.18097,1845.8705,730.31824,0.5908689
1852.9524,741.18097,1866.4324,729.9727,0.7506957
1872.4573,741.18097,1885.4371,730.0817,0.9149817
1891.962,741.18097,1905.1843,730.5286,0.845693
1911.4668,741.18097,1924.2666,730.0828,0.74400103
1930.9716,741.18097,1944.5441,729.4429,0.7298917
1969.9811,741.18097,1983.0415,730.2968,0.3453635
58.51429,760.6857,71.82523,744.3449,0.22222415
78.01905,760.6857,90.4566,745.3684,0.24835882
97.52381,760.6857,109.35769,744.4642,0.6833594
117.02858,760.6857,128.61606,743.4579,0.7291846
136.53334,760.6857,148.04306,745.46344,0.7926928
156.0381,760.6857,168.40976,745.27185,0.9754024
175.54286,760.6857,188.03854,745.3053,0.94812804
195.04762,760.6857,206.84918,745.12225,0.8574814
214.55238,760.6857,226.1691,744.14734,0.58559245
234.05716,760.6857,246.1372,745.01855,0.61629725
253.56192,760.6857,266.061,745.70337,0.92341644
273.06668,760.6857,285.08368,746.0542,0.42666164
292.57144,760.6857,305.84427,745.2936,0.7791001
312.0762,760.6857,324.7785,744.77875,0.87942916
331.58096,760.6857,342.77383,745.75085,0.7032403
351.08572,760.6857,363.5931,746.05316,0.9209185
370.59048,760.6857,383.41504,745.735,0.9191967
390.09525,760.6857,401.41296,745.359,0.9544374
409.6,760.6857,422.12863,745.2909,0.89728063
429.10477,760.6857,441.0471,745.89655,0.9687548
468.11432,760.6857,481.28613,746.1705,0.9228017
487.61908,760.6857,500.08792,746.26416,0.69163513
507.12384,760.6857,519.81714,746.0885,0.63130116
526.6286,760.6857,539.5062,746.1114,0.51278436
565.6381,760.6857,578.1093,746.09827,0.43041703
585.1429,760.6857,598.03955,746.13495,0.7911668
604.64764,760.6857,616.3652,745.8255,0.7723457
624.1524,760.6857,635.68,745.71423,0.87667036
643.65717,760.6857,655.7296,746.08594,0.92998326
663.1619,760.6857,675.9137,745.71356,0.8371629
682.6667,760.6857,695.0212,745.6612,0.83112794
702.17145,760.6857,714.79126,746.26587,0.90468043
721.6762,760.6857,732.9465,746.13336,0.6094589
741.18097,760.6857,754.8059,746.1842,0.62227815
760.6857,760.6857,772.019,746.47656,0.9730065
780.1905,760.6857,793.12036,746.05536,0.9728876
799.69525,760.6857,810.9686,746.6725,0.81583416
838.7048,760.6857,850.72186,746.4764,0.72274256
858.20953,760.6857,869.98096,746.3728,0.8220735
877.7143,760.6857,889.6066,746.3914,0.68084604
916.7238,760.6857,928.3532,746.7007,0.5705899
936.22864,760.6857,946.8829,746.4183,0.8194323
955.7334,760.6857,968.9448,746.49335,0.45695248
975.23816,760.6857,987.24634,746.7132,0.9252512
994.7429,760.6857,1007.8996,746.77985,0.98836356
1014.2477,760.6857,1026.9391,746.7155,0.9434043
1033.7524,760.6857,1046.5103,746.81793,0.96075666
1053.2572,760.6857,1066.5184,747.217,0.97963214
1072.762,760.6857,1085.5934,746.8908,0.9931495
1092.2667,760.6857,1106.4438,747.54803,0.9763421
1111.7715,760.6857,1124.7761,747.7731,0.88734007
1131.2762,760.6857,1143.1162,747.2365,0.58942187
1150.781,760.6857,1161.2567,746.52795,0.6022054
1170.2858,760.6857,1181.3495,745.5125,0.38643602
1189.7905,760.6857,1201.791,746.5202,0.25814655
1209.2953,760.6857,1221.9373,746.2301,0.6805076
1228.8,760.6857,1241.1962,746.92413,0.5568571
1248.3048,760.6857,1260.6239,747.2856,0.4074509
1267.8096,760.6857,1281.0182,747.36475,0.58178943
1287.3143,760.6857,1298.0254,746.49805,0.75652575
1306.8191,760.6857,1318.8116,747.4815,0.73182255
1345.8286,760.6857,1357.5936,746.9683,0.28534347
1365.3334,760.6857,1377.457,746.8332,0.75879747
1384.8381,760.6857,1395.5264,748.7969,0.61038965
1404.3429,760.6857,1416.2709,747.60986,0.86317736
1423.8477,760.6857,1435.6332,747.02454,0.8718987
1443.3524,760.6857,1456.0513,747.21484,0.5277647
1462.8572,760.6857,1475.66,746.75977,0.5312713
1482.3619,760.6857,1494.8901,747.026,0.5241518
1501.8667,760.6857,1513.6974,747.0587,0.43682796
1521.3715,760.6857,1533.2374,746.8344,0.63560414
1540.8762,760.6857,1554.6514,746.90906,0.4381329
1560.381,760.6857,1572.6317,747.26587,0.84305835
1579.8857,760.6857,1594.2804,748.0803,0.70982903
1599.3905,760.6857,1612.2634,747.9013,0.44962478
1638.4,760.6857,1650.5142,748.8631,0.22237776
1657.9048,760.6857,1669.7693,749.28345,0.6722275
1677.4095,760.6857,1689.5188,749.54,0.7568099
1696.9143,760.6857,1710.0304,748.57324,0.78548497
1716.4191,760.6857,1729.7455,747.4244,0.7745796
1755.4286,760.6857,1768.8986,748.1762,0.7435448
1774.9333,760.6857,1787.1206,748.8595,0.81613356
1794.4381,760.6857,1807.5518,749.8629,0.9464259
1813.9429,760.6857,1826.4087,749.21783,0.9312382
1833.4476,760.6857,1845.9867,748.0584,0.791259
1852.9524,760.6857,1866.325,749.789,0.7749287
1872.4573,760.6857,1885.4788,748.49554,0.47761497
1891.962,760.6857,1905.1763,749.0074,0.51002365
1930.9716,760.6857,1943.5209,748.8398,0.44891205
117.02858,780.1905,129.2838,765.0188,0.52131915
136.53334,780.1905,149.1029,764.74286,0.82369524
156.0381,780.1905,168.89078,764.9503,0.79233646
175.54286,780.1905,188.47762,764.5472,0.98168766
195.04762,780.1905,206.92336,764.2511,0.96194756
214.55238,780.1905,226.92886,763.7929,0.96770906
234.05716,780.1905,245.15309,765.1045,0.94753957
253.56192,780.1905,267.18314,765.31165,0.8364175
273.06668,780.1905,285.3864,765.7292,0.8511658
292.57144,780.1905,304.38126,765.3113,0.7944746
312.0762,780.1905,325.5574,763.89557,0.81776446
331.58096,780.1905,344.2337,764.8386,0.8775336
351.08572,780.1905,362.14417,765.4401,0.93069565
370.59048,780.1905,383.90414,765.16125,0.94108945
390.09525,780.1905,401.97668,763.89795,0.8882121
409.6,780.1905,422.44547,765.0359,0.56202793
429.10477,780.1905,441.487,764.7148,0.88666487
448.60953,780.1905,461.26654,765.33875,0.8788541
468.11432,780.1905,480.99802,765.36694,0.87672377
487.61908,780.1905,498.89105,765.77203,0.86887914
507.12384,780.1905,520.06445,765.28644,0.872388
526.6286,780.1905,538.2755,764.8945,0.63181865
546.13336,780.1905,558.8066,765.57935,0.35451767
565.6381,780.1905,577.37146,765.88025,0.756122
585.1429,780.1905,596.8466,765.77057,0.80339426
604.64764,780.1905,616.25775,765.3919,0.9353995
624.1524,780.1905,636.3144,765.91974,0.8208492
643.65717,780.1905,657.125,766.0232,0.8896004
663.1619,780.1905,676.22754,766.1911,0.9209323
682.6667,780.1905,694.61176,765.8072,0.84053737
702.17145,780.1905,713.7982,765.0101,0.31602573
721.6762,780.1905,733.58875,765.32074,0.84648705
741.18097,780.1905,754.51135,765.2301,0.88923043
760.6857,780.1905,774.21075,766.5139,0.96313757
780.1905,780.1905,792.51105,766.49744,0.81318575
799.69525,780.1905,810.2691,766.72906,0.7731432
819.2,780.1905,831.76624,766.1137,0.4451817
838.7048,780.1905,850.1669,766.0215,0.46252996
858.20953,780.1905,869.64307,765.8255,0.8849932
877.7143,780.1905,889.3737,765.5042,0.66226435
916.7238,780.1905,926.18915,765.6925,0.6576282
936.22864,780.1905,947.5481,766.0146,0.84280026
955.7334,780.1905,968.25006,766.35095,0.7479462
975.23816,780.1905,988.20123,765.8828,0.8944667
994.7429,780.1905,1006.2726,766.0046,0.9644134
1033.7524,780.1905,1046.3644,765.99756,0.9674195
1053.2572,780.1905,1065.3478,766.85596,0.9889039
1072.762,780.1905,1085.5509,767.0791,0.98967814
1092.2667,780.1905,1105.3606,767.23425,0.9781524
1111.7715,780.1905,1123.9462,767.4463,0.985044
1131.2762,780.1905,1142.5433,766.19104,0.84770036
1150.781,780.1905,1162.8712,766.22833,0.5414331
1170.2858,780.1905,1182.1053,764.982,0.3010737
1189.7905,780.1905,1202.4266,765.23676,0.28735343
1209.2953,780.1905,1221.4258,766.0521,0.37818152
1248.3048,780.1905,1260.5256,767.0991,0.7075736
1267.8096,780.1905,1279.1926,766.7441,0.7773658
1287.3143,780.1905,1300.163,766.86615,0.9675414
1306.8191,780.1905,1318.3972,766.27997,0.6411381
1326.3239,780.1905,1338.5322,765.33356,0.5620777
1365.3334,780.1905,1374.8457,766.4123,0.3199879
1384.8381,780.1905,1395.8862,767.13257,0.49229473
1404.3429,780.1905,1415.9081,767.90607,0.85471296
1423.8477,780.1905,1435.0125,766.9303,0.95182204
1443.3524,780.1905,1455.256,766.6601,0.7902607
1462.8572,780.1905,1475.5894,767.7732,0.61839795
1482.3619,780.1905,1494.675,766.7719,0.60112965
1501.8667,780.1905,1513.9231,766.54004,0.78003764
1521.3715,780.1905,1533.8495,767.44006,0.8824528
1560.381,780.1905,1571.3365,766.3192,0.7478743
1579.8857,780.1905,1592.7288,766.82825,0.7132594
1599.3905,780.1905,1613.8076,766.5273,0.8448786
1618.8953,780.1905,1630.6576,766.95264,0.6794305
1638.4,780.1905,1650.1215,767.0565,0.6652712
1657.9048,780.1905,1671.4191,766.73944,0.7044076
1677.4095,780.1905,1690.2098,767.70966,0.7584075
1696.9143,780.1905,1709.5332,767.0206,0.93028945
1716.4191,780.1905,1729.5969,767.2465,0.79852885
1735.9238,780.1905,1747.9214,767.65845,0.44411638
1755.4286,780.1905,1768.8256,768.12885,0.6788645
1774.9333,780.1905,1787.2257,768.5469,0.853163
1794.4381,780.1905,1807.4763,768.2246,0.8512661
1813.9429,780.1905,1826.991,767.83826,0.8980927
1833.4476,780.1905,1847.9928,767.6922,0.6302351
1852.9524,780.1905,1866.3278,769.1547,0.407313
1872.4573,780.1905,1885.1761,769.1582,0.25212374
1891.962,780.1905,1904.323,767.46014,0.86741346
1911.4668,780.1905,1924.4432,767.1491,0.8809901
1930.9716,780.1905,1944.3799,768.3708,0.68894625
1950.4763,780.1905,1962.5918,768.85,0.47555676
1969.9811,780.1905,1982.6648,769.0417,0.24877782
78.01905,799.69525,90.13789,783.9297,0.35263586
117.02858,799.69525,128.49197,784.4777,0.28647202
136.53334,799.69525,147.6875,784.9729,0.4088172
156.0381,799.69525,168.52122,784.7172,0.7021301
175.54286,799.69525,188.6317,784.93994,0.89172816
195.04762,799.69525,207.70906,783.5471,0.87362367
214.55238,799.69525,226.53252,784.47314,0.6736528
234.05716,799.69525,247.39842,783.3698,0.82261586
253.56192,799.69525,266.82242,784.47125,0.9038656
273.06668,799.69525,284.41342,784.3148,0.8487642
292.57144,799.69525,305.87756,783.7778,0.37300888
331.58096,799.69525,344.04813,784.01044,0.7474621
351.08572,799.69525,364.1166,783.9513,0.88061833
370.59048,799.69525,383.80396,784.1226,0.9501165
390.09525,799.69525,401.92178,784.65814,0.88236713
409.6,799.69525,423.3653,784.38135,0.7355401
429.10477,799.69525,442.30704,783.96783,0.769414
448.60953,799.69525,462.2088,785.0735,0.88116795
468.11432,799.69525,480.67517,785.1438,0.7708352
487.61908,799.69525,499.30405,785.2593,0.86551154
507.12384,799.69525,519.3588,783.9174,0.88151264
526.6286,799.69525,539.1638,784.88403,0.77085125
546.13336,799.69525,557.0304,785.1548,0.66928625
565.6381,799.69525,577.7726,785.16077,0.74480784
585.1429,799.69525,598.29095,785.0586,0.92820483
604.64764,799.69525,617.8719,785.27985,0.99287695
624.1524,799.69525,636.4388,785.61237,0.86458284
643.65717,799.69525,655.65106,785.5608,0.8348253
663.1619,799.69525,677.24286,784.2978,0.9896893
682.6667,799.69525,695.1343,785.11426,0.76975834
702.17145,799.69525,714.2535,785.12,0.4203528
721.6762,799.69525,733.5035,785.21857,0.48652834
741.18097,799.69525,753.4317,785.63367,0.96615773
760.6857,799.69525,771.97125,785.3575,0.9302686
780.1905,799.69525,790.9626,785.1096,0.96723014
799.69525,799.69525,811.3751,785.6062,0.61507344
819.2,799.69525,830.11005,785.37286,0.63185245
838.7048,799.69525,851.6075,785.59766,0.93543917
858.20953,799.69525,869.8151,785.4876,0.85478926
877.7143,799.69525,889.28406,785.8403,0.4070315
897.21906,799.69525,909.726,785.17084,0.35258782
936.22864,799.69525,947.80005,785.40173,0.82408017
955.7334,799.69525,968.8228,785.36304,0.6506829
975.23816,799.69525,987.18896,786.05457,0.9195419
994.7429,799.69525,1006.2711,785.7,0.9772848
1014.2477,799.69525,1026.3982,786.1997,0.8933216
1033.7524,799.69525,1045.8877,785.327,0.5426163
1053.2572,799.69525,1065.3165,785.7075,0.8820067
1072.762,799.69525,1084.559,785.40466,0.92902255
1092.2667,799.69525,1103.8552,785.13025,0.48729524
1111.7715,799.69525,1123.1488,785.34827,0.8564414
1131.2762,799.69525,1142.747,785.53284,0.8361218
1150.781,799.69525,1161.8528,786.6615,0.3228594
1170.2858,799.69525,1183.8491,787.0583,0.22143866
1228.8,799.69525,1241.0911,785.8398,0.46521345
1248.3048,799.69525,1260.7242,785.5244,0.56501245
1267.8096,799.69525,1279.4572,785.3437,0.8663841
1287.3143,799.69525,1299.4354,785.4057,0.9741482
1306.8191,799.69525,1318.5121,785.56915,0.947187
1326.3239,799.69525,1337.3059,785.0386,0.90774816
1365.3334,799.69525,1378.7968,785.29956,0.5551769
1384.8381,799.69525,1396.3699,786.5284,0.64945924
1404.3429,799.69525,1417.3945,786.0536,0.9091315
1423.8477,799.69525,1436.1227,786.31,0.9387332
1443.3524,799.69525,1456.3827,788.0213,0.8646525
1462.8572,799.69525,1475.9781,787.3615,0.898016
1482.3619,799.69525,1495.2675,786.96796,0.36414897
1501.8667,799.69525,1513.451,788.0772,0.36556375
1540.8762,799.69525,1552.2639,785.93933,0.2020744
1560.381,799.69525,1571.9995,786.05005,0.27977416
1579.8857,799.69525,1591.4839,787.00085,0.49685514
1599.3905,799.69525,1612.235,786.8248,0.7236765
1618.8953,799.69525,1632.3978,786.43365,0.97852755
1638.4,799.69525,1650.7596,785.86884,0.9138656
1657.9048,799.69525,1670.0479,786.45917,0.8266889
1677.4095,799.69525,1689.5929,787.2953,0.7127066
1696.9143,799.69525,1709.4625,787.37524,0.835281
1716.4191,799.69525,1730.545,787.17706,0.8854669
1735.9238,799.69525,1748.0271,787.8918,0.96865565
1755.4286,799.69525,1768.5242,787.8856,0.9466436
1774.9333,799.69525,1787.3651,787.01526,0.9583672
1794.4381,799.69525,1806.9684,786.7164,0.898972
1813.9429,799.69525,1828.0046,787.7675,0.95357305
1833.4476,799.69525,1845.8059,787.5689,0.8096754
1852.9524,799.69525,1865.6836,788.55524,0.59767395
1872.4573,799.69525,1884.5889,786.9459,0.37865242
1891.962,799.69525,1905.0536,788.1202,0.8828741
1911.4668,799.69525,1923.9529,787.7944,0.96102333
1930.9716,799.69525,1944.9084,786.71,0.74565446
1950.4763,799.69525,1963.4814,786.20746,0.43988547
1969.9811,799.69525,1982.0492,787.27606,0.88016295
58.51429,819.2,72.76324,803.83057,0.38022915
78.01905,819.2,90.471245,801.5657,0.43218353
117.02858,819.2,129.01385,803.0072,0.6114806
136.53334,819.2,148.61388,803.5478,0.6810502
156.0381,819.2,166.71414,803.6068,0.49749553
175.54286,819.2,187.56975,804.67145,0.90858805
195.04762,819.2,206.85176,803.7658,0.97449094
214.55238,819.2,226.10228,804.4003,0.91218513
234.05716,819.2,246.41084,803.70325,0.8893518
253.56192,819.2,266.1968,804.1589,0.8945118
273.06668,819.2,284.58237,804.2805,0.8483476
292.57144,819.2,304.30768,804.0185,0.5782605
331.58096,819.2,340.6572,804.33453,0.2605431
351.08572,819.2,362.9975,805.05585,0.807362
370.59048,819.2,382.21268,804.2115,0.9319524
390.09525,819.2,402.24094,803.6761,0.81978077
409.6,819.2,422.3893,804.01135,0.9213183
429.10477,819.2,440.89612,804.0847,0.988155
448.60953,819.2,461.6758,804.4476,0.9203559
468.11432,819.2,478.94806,803.78314,0.76283175
487.61908,819.2,500.0759,804.94214,0.79611003
507.12384,819.2,520.0414,804.5369,0.83286166
526.6286,819.2,540.5054,803.9549,0.9339929
546.13336,819.2,558.3047,804.5665,0.91953975
565.6381,819.2,576.44336,804.80634,0.8559561
585.1429,819.2,597.6378,804.5472,0.9509557
604.64764,819.2,617.3125,804.8323,0.9409205
624.1524,819.2,637.40784,805.2225,0.9361005
643.65717,819.2,655.307,805.73456,0.9707471
663.1619,819.2,675.0623,804.72205,0.9083732
682.6667,819.2,694.10583,804.74414,0.89963704
702.17145,819.2,715.09204,804.49915,0.7451829
721.6762,819.2,734.20374,804.2682,0.74663156
741.18097,819.2,752.4921,804.27,0.82017523
760.6857,819.2,771.3126,804.5318,0.8920733
780.1905,819.2,792.87024,804.45465,0.72809684
799.69525,819.2,811.83185,805.1306,0.23715094
838.7048,819.2,850.431,805.007,0.6508716
858.20953,819.2,870.8141,805.4526,0.9412248
877.7143,819.2,889.8361,805.3551,0.8689729
897.21906,819.2,908.57855,804.6912,0.83689797
916.7238,819.2,928.619,804.7743,0.93686974
936.22864,819.2,948.58234,804.6707,0.9854977
955.7334,819.2,968.3552,805.357,0.98530525
975.23816,819.2,988.0096,804.96124,0.9878964
994.7429,819.2,1006.3278,805.31146,0.93682367
1014.2477,819.2,1025.818,805.1518,0.9728307
1033.7524,819.2,1046.1085,805.6756,0.8212922
1053.2572,819.2,1064.9293,805.05865,0.74813426
1072.762,819.2,1083.7921,805.18115,0.7164669
1092.2667,819.2,1104.8827,805.2061,0.88125795
1111.7715,819.2,1124.2449,805.76807,0.76474565
1131.2762,819.2,1143.5159,805.4169,0.49662822
1150.781,819.2,1163.5239,805.2325,0.3342148
1170.2858,819.2,1183.266,804.7674,0.80153304
1189.7905,819.2,1203.6443,804.8912,0.81312114
1209.2953,819.2,1222.7126,804.9887,0.37884676
1248.3048,819.2,1260.5594,804.7054,0.36540148
1267.8096,819.2,1280.4031,806.1686,0.72413075
1287.3143,819.2,1299.2812,804.9513,0.8117973
1306.8191,819.2,1319.925,804.6164,0.9618688
1326.3239,819.2,1338.3057,805.5861,0.98529994
1345.8286,819.2,1358.5204,805.15515,0.87876374
1365.3334,819.2,1377.1761,805.05457,0.6557394
1384.8381,819.2,1397.6593,806.02155,0.92990136
1404.3429,819.2,1418.1613,805.81305,0.97009975
1423.8477,819.2,1436.4974,806.2604,0.98839855
1443.3524,819.2,1455.0155,806.07166,0.93203324
1462.8572,819.2,1474.6962,805.636,0.9504899
1482.3619,819.2,1495.7323,805.52905,0.7708207
1501.8667,819.2,1514.9354,805.55347,0.51451945
1540.8762,819.2,1552.6677,806.4872,0.69888544
1560.381,819.2,1572.9841,807.4602,0.33142635
1579.8857,819.2,1592.2014,807.3086,0.66719913
1599.3905,819.2,1611.6682,807.53284,0.6565042
1618.8953,819.2,1631.3783,806.44165,0.9099908
1638.4,819.2,1650.7993,807.2568,0.8883793
1657.9048,819.2,1670.6871,806.55176,0.7859268
1677.4095,819.2,1688.6248,806.0962,0.678849
1696.9143,819.2,1709.6946,806.20715,0.915712
1716.4191,819.2,1729.0709,806.36523,0.95841175
1735.9238,819.2,1748.6912,806.8113,0.9106675
1755.4286,819.2,1768.9087,807.14124,0.90644515
1774.9333,819.2,1787.9646,807.52985,0.895508
1794.4381,819.2,1807.9764,808.78784,0.7314707
1813.9429,819.2,1826.131,807.7362,0.93404067
1833.4476,819.2,1845.3453,806.227,0.84186727
1852.9524,819.2,1864.9408,806.31366,0.71499354
1872.4573,819.2,1884.8973,808.19653,0.6479629
1891.962,819.2,1904.5735,807.71375,0.9667693
1911.4668,819.2,1923.8481,807.9869,0.94796747
1930.9716,819.2,1942.8752,806.9419,0.7823355
1950.4763,819.2,1962.2244,806.8602,0.37513107
1969.9811,819.2,1982.0128,808.2159,0.8173541
58.51429,838.7048,70.9122,823.74994,0.43861684
97.52381,838.7048,108.7889,823.1666,0.31739968
117.02858,838.7048,128.0313,822.93634,0.76973796
136.53334,838.7048,148.8088,822.0283,0.41565302
156.0381,838.7048,168.34158,822.89935,0.7860698
175.54286,838.7048,187.43355,823.0728,0.81749046
195.04762,838.7048,207.82404,823.43835,0.89227134
214.55238,838.7048,226.57413,823.79034,0.88210946
234.05716,838.7048,246.6607,823.0956,0.95632607
253.56192,838.7048,265.98935,823.34906,0.97483194
273.06668,838.7048,285.45428,822.854,0.9852426
292.57144,838.7048,306.21555,824.12274,0.88987595
312.0762,838.7048,324.8722,822.81976,0.44798115
331.58096,838.7048,344.1554,823.6413,0.29563442
351.08572,838.7048,363.8712,823.99817,0.7564334
370.59048,838.7048,382.4936,823.8417,0.76884604
390.09525,838.7048,403.02084,823.71564,0.98767143
409.6,838.7048,421.08292,823.92114,0.8793594
429.10477,838.7048,441.58807,823.77606,0.9460586
448.60953,838.7048,461.30548,823.1088,0.78663373
468.11432,838.7048,480.0164,823.0994,0.8757738
487.61908,838.7048,498.99734,824.12024,0.8903701
507.12384,838.7048,521.29443,823.65454,0.94578993
526.6286,838.7048,539.5328,824.14966,0.9185815
546.13336,838.7048,557.9819,824.0582,0.81286025
565.6381,838.7048,577.1175,824.235,0.9066844
585.1429,838.7048,596.95764,823.9444,0.9071166
604.64764,838.7048,614.83575,824.0347,0.9593597
624.1524,838.7048,636.1987,824.27563,0.75991464
643.65717,838.7048,655.78766,824.46704,0.9250793
663.1619,838.7048,675.187,824.20264,0.923193
682.6667,838.7048,696.88055,824.88257,0.94138384
702.17145,838.7048,713.18054,824.6924,0.9352354
721.6762,838.7048,732.7786,824.0415,0.91554195
741.18097,838.7048,752.10254,823.8928,0.36014107
760.6857,838.7048,772.061,823.9547,0.5901828
780.1905,838.7048,791.81635,824.364,0.60520875
799.69525,838.7048,813.0872,824.55414,0.6755041
819.2,838.7048,830.39453,824.5263,0.43574128
838.7048,838.7048,850.4224,824.6388,0.81658244
858.20953,838.7048,869.00525,824.3674,0.9626585
877.7143,838.7048,889.8121,824.4444,0.9613422
897.21906,838.7048,908.7091,824.62744,0.8587282
916.7238,838.7048,927.68567,824.5396,0.9105685
936.22864,838.7048,948.22296,824.5754,0.994525
955.7334,838.7048,968.4608,824.3701,0.98924553
975.23816,838.7048,987.8351,824.2372,0.9953626
994.7429,838.7048,1007.48425,824.2184,0.92027634
1014.2477,838.7048,1026.6226,824.245,0.9312328
1033.7524,838.7048,1046.2992,825.1276,0.6943128
1053.2572,838.7048,1066.0408,824.6442,0.7703989
1072.762,838.7048,1086.5144,825.7504,0.33283493
1092.2667,838.7048,1104.4609,825.2062,0.7031224
1111.7715,838.7048,1123.6859,824.6598,0.37063408
1131.2762,838.7048,1142.8684,825.1898,0.4734683
1150.781,838.7048,1162.9141,824.9471,0.48688722
1170.2858,838.7048,1182.0547,824.5317,0.7770931
1189.7905,838.7048,1202.6852,825.6041,0.4569199
1209.2953,838.7048,1222.2928,823.4721,0.75160694
1248.3048,838.7048,1262.3145,823.6395,0.45530695
1267.8096,838.7048,1281.0685,824.485,0.7581694
1287.3143,838.7048,1301.2491,824.59894,0.68900996
1306.8191,838.7048,1320.2034,824.4293,0.7343923
1326.3239,838.7048,1340.1475,824.5772,0.9325126
1345.8286,838.7048,1358.0458,825.1827,0.82762253
1365.3334,838.7048,1377.7673,824.60425,0.83820146
1384.8381,838.7048,1397.1544,825.23346,0.95770544
1404.3429,838.7048,1417.6487,825.48706,0.9317936
1423.8477,838.7048,1437.0347,826.861,0.89959306
1443.3524,838.7048,1455.7002,826.7847,0.8677029
1462.8572,838.7048,1475.2926,827.299,0.712957
1482.3619,838.7048,1494.312,825.78656,0.84976125
1501.8667,838.7048,1515.6381,827.16364,0.5361304
1521.3715,838.7048,1535.1884,827.4265,0.33965907
1540.8762,838.7048,1553.382,826.7608,0.5404438
1560.381,838.7048,1572.1221,827.1367,0.5827253
1579.8857,838.7048,1591.3075,826.441,0.26907358
1599.3905,838.7048,1611.4766,826.0678,0.5436462
1618.8953,838.7048,1631.5328,826.938,0.72169834
1638.4,838.7048,1650.9452,826.63226,0.8528037
1657.9048,838.7048,1670.0906,825.8473,0.5416963
1677.4095,838.7048,1689.3671,825.60846,0.830694
1696.9143,838.7048,1709.5825,826.4987,0.84223175
1716.4191,838.7048,1729.203,827.4852,0.7802372
1735.9238,838.7048,1748.4034,826.2642,0.71311516
1755.4286,838.7048,1768.1913,825.7793,0.8453419
1774.9333,838.7048,1788.0316,825.6944,0.7235009
1794.4381,838.7048,1808.1885,826.9115,0.7779964
1813.9429,838.7048,1826.1058,826.37476,0.9190978
1833.4476,838.7048,1845.9935,826.4299,0.8167606
1852.9524,838.7048,1865.3524,825.97095,0.86933863
1872.4573,838.7048,1885.8405,827.20087,0.9786639
1891.962,838.7048,1904.9403,826.6166,0.9810989
1911.4668,838.7048,1924.2665,826.88855,0.9423555
1930.9716,838.7048,1943.5956,827.49945,0.8568414
1950.4763,838.7048,1963.5266,827.4984,0.888571
1969.9811,838.7048,1982.2367,827.4265,0.8791953
39.009525,858.20953,50.121593,843.5769,0.22269985
58.51429,858.20953,70.54927,843.4063,0.5805758
78.01905,858.20953,89.966324,841.72485,0.82785505
97.52381,858.20953,109.68716,842.74335,0.43924716
117.02858,858.20953,129.47987,843.0159,0.3480232
136.53334,858.20953,147.43427,843.3084,0.4287873
156.0381,858.20953,167.466,843.10864,0.5454978
175.54286,858.20953,187.19513,841.66846,0.5962622
195.04762,858.20953,207.85886,841.87695,0.7381142
214.55238,858.20953,225.61784,842.3185,0.97449523
234.05716,858.20953,245.7591,841.5708,0.9780689
253.56192,858.20953,266.19672,842.69006,0.9791935
273.06668,858.20953,286.1374,843.23627,0.99060386
292.57144,858.20953,304.2572,843.6222,0.96674526
312.0762,858.20953,323.71542,843.3208,0.73361135
331.58096,858.20953,343.20593,843.6669,0.5815519
351.08572,858.20953,362.72275,842.3982,0.97712356
370.59048,858.20953,382.76697,844.2832,0.9374767
390.09525,858.20953,403.36337,843.96155,0.9812262
409.6,858.20953,422.7248,843.08997,0.940582
429.10477,858.20953,441.4721,843.13446,0.8824364
448.60953,858.20953,459.8488,843.38104,0.77784157
468.11432,858.20953,479.7581,843.9673,0.866886
487.61908,858.20953,498.5781,843.60144,0.892887
507.12384,858.20953,518.91437,843.41754,0.86675686
526.6286,858.20953,537.5686,843.50824,0.81486464
546.13336,858.20953,559.79297,843.8847,0.44740006
565.6381,858.20953,578.7519,843.0755,0.8680535
585.1429,858.20953,597.1853,843.291,0.74321103
604.64764,858.20953,615.83936,842.7916,0.9183589
624.1524,858.20953,635.4052,843.7972,0.66084546
643.65717,858.20953,655.5637,843.6008,0.57260066
663.1619,858.20953,675.2921,844.136,0.92254937
682.6667,858.20953,695.4896,843.9957,0.8081467
702.17145,858.20953,713.65027,843.47986,0.94142866
721.6762,858.20953,732.56537,843.6888,0.9588795
741.18097,858.20953,752.1503,843.60596,0.33148307
760.6857,858.20953,772.46173,844.196,0.65379393
780.1905,858.20953,793.45966,844.1731,0.8987437
799.69525,858.20953,811.9843,844.553,0.63421005
819.2,858.20953,831.6689,843.4534,0.81595594
838.7048,858.20953,851.5966,843.7479,0.90997905
858.20953,858.20953,869.0055,843.9401,0.97983265
877.7143,858.20953,889.0721,843.6647,0.97193444
897.21906,858.20953,908.47675,843.9527,0.866996
916.7238,858.20953,928.6628,844.4218,0.7372011
936.22864,858.20953,949.72015,844.8413,0.9439752
955.7334,858.20953,967.5412,843.96045,0.9418919
975.23816,858.20953,987.23553,843.6296,0.9572687
994.7429,858.20953,1006.36334,844.32074,0.93182385
1014.2477,858.20953,1027.0682,844.2118,0.7931405
1033.7524,858.20953,1046.4991,843.75397,0.6542106
1053.2572,858.20953,1065.5648,843.4687,0.83675754
1072.762,858.20953,1086.2676,845.5815,0.6107862
1092.2667,858.20953,1104.6395,843.7373,0.2801653
1111.7715,858.20953,1123.8307,844.50726,0.38946733
1131.2762,858.20953,1143.0505,844.82855,0.45526376
1170.2858,858.20953,1182.8038,844.6383,0.6198499
1189.7905,858.20953,1202.9774,844.30273,0.7405082
1209.2953,858.20953,1222.5337,843.9865,0.6365471
1248.3048,858.20953,1262.077,843.28937,0.29007182
1267.8096,858.20953,1281.0812,845.29456,0.87795776
1306.8191,858.20953,1319.6752,844.77356,0.71420985
1326.3239,858.20953,1338.5977,843.82227,0.47004473
1345.8286,858.20953,1356.7614,845.1238,0.45680493
1365.3334,858.20953,1378.0546,844.7377,0.8561595
1384.8381,858.20953,1397.4667,844.51605,0.8822429
1404.3429,858.20953,1416.6338,844.702,0.97331554
1423.8477,858.20953,1436.1255,845.6854,0.7577888
1443.3524,858.20953,1454.7662,844.62317,0.6977084
1462.8572,858.20953,1474.5614,844.49744,0.70667994
1482.3619,858.20953,1494.9592,844.5612,0.53687066
1501.8667,858.20953,1513.0792,844.90924,0.72098213
1521.3715,858.20953,1534.4822,845.2226,0.45397484
1540.8762,858.20953,1552.9888,845.27454,0.25344777
1560.381,858.20953,1571.3752,844.7666,0.54168725
1579.8857,858.20953,1593.7078,845.8334,0.82657284
1599.3905,858.20953,1610.9807,845.06946,0.7735593
1618.8953,858.20953,1631.2258,845.9668,0.89701265
1638.4,858.20953,1649.162,846.22784,0.8429109
1657.9048,858.20953,1670.3694,847.1405,0.20865609
1677.4095,858.20953,1689.9241,845.07776,0.62146825
1696.9143,858.20953,1708.5094,846.2244,0.8221897
1716.4191,858.20953,1729.288,844.6417,0.67773
1735.9238,858.20953,1747.8777,846.03406,0.52836967
1755.4286,858.20953,1768.6582,845.8099,0.9209539
1774.9333,858.20953,1787.6492,845.0253,0.78983253
1794.4381,858.20953,1806.5244,845.6841,0.63821864
1813.9429,858.20953,1825.84,845.72473,0.98684406
1833.4476,858.20953,1845.7516,845.29224,0.91727114
1852.9524,858.20953,1865.4673,846.9696,0.9873526
1872.4573,858.20953,1886.126,845.87067,0.99690646
1891.962,858.20953,1906.3129,845.27966,0.9876329
1911.4668,858.20953,1924.6365,845.94617,0.97426814
1930.9716,858.20953,1944.1573,846.6744,0.8623402
1950.4763,858.20953,1963.1124,847.07605,0.75251395
1969.9811,858.20953,1982.922,847.55414,0.9433138
39.009525,877.7143,53.355442,862.7568,0.6378583
58.51429,877.7143,70.99064,862.58136,0.73966146
78.01905,877.7143,89.43441,862.4639,0.8606106
97.52381,877.7143,110.5303,861.3775,0.40523043
117.02858,877.7143,128.16895,860.4099,0.40448853
136.53334,877.7143,148.60477,862.4536,0.7266196
156.0381,877.7143,168.26773,862.67,0.80023336
175.54286,877.7143,186.88115,862.66876,0.31574172
195.04762,877.7143,207.08383,861.7342,0.50287426
214.55238,877.7143,226.53348,862.4411,0.91896755
234.05716,877.7143,246.54208,862.47644,0.951792
253.56192,877.7143,266.8631,863.1056,0.9793257
273.06668,877.7143,285.37994,862.8173,0.941473
292.57144,877.7143,303.77533,862.1125,0.95676255
312.0762,877.7143,324.80902,862.83655,0.91208524
331.58096,877.7143,345.1671,862.50745,0.9760396
351.08572,877.7143,363.83185,863.2516,0.995163
370.59048,877.7143,382.72092,862.8343,0.9821254
390.09525,877.7143,403.30273,862.9811,0.9586623
409.6,877.7143,422.35907,862.8636,0.81163615
429.10477,877.7143,441.7266,863.2915,0.5215447
448.60953,877.7143,460.53552,862.7786,0.37819055
468.11432,877.7143,479.20328,863.0942,0.7584462
487.61908,877.7143,499.51556,862.9217,0.38153908
507.12384,877.7143,519.21387,863.63684,0.33947784
526.6286,877.7143,539.0935,863.1869,0.45397267
546.13336,877.7143,559.1055,863.1486,0.5057174
565.6381,877.7143,576.8486,862.9821,0.8370573
585.1429,877.7143,596.50653,862.9853,0.9841404
604.64764,877.7143,618.19305,863.1874,0.95904195
624.1524,877.7143,634.76416,863.23126,0.70096254
643.65717,877.7143,656.14417,863.1199,0.70178056
663.1619,877.7143,674.3362,863.2363,0.8333
682.6667,877.7143,695.8932,863.01746,0.927313
702.17145,877.7143,713.63214,863.39307,0.9438016
721.6762,877.7143,732.5767,863.13275,0.97368354
741.18097,877.7143,752.24896,862.8806,0.763692
760.6857,877.7143,773.5104,863.1038,0.6519863
780.1905,877.7143,791.34247,863.7056,0.43308762
799.69525,877.7143,811.59265,863.145,0.8988762
819.2,877.7143,829.6415,862.9587,0.88160485
838.7048,877.7143,850.9108,863.3269,0.9594561
858.20953,877.7143,869.524,863.6843,0.9353497
877.7143,877.7143,889.4946,864.1737,0.92382723
897.21906,877.7143,909.2812,863.20636,0.9337323
916.7238,877.7143,929.90027,862.70953,0.8233857
936.22864,877.7143,947.60706,864.2136,0.8923657
955.7334,877.7143,968.5081,863.38324,0.9528199
975.23816,877.7143,988.98145,863.7737,0.98948306
994.7429,877.7143,1006.79095,863.73157,0.9229039
1014.2477,877.7143,1026.6799,864.15784,0.71317315
1033.7524,877.7143,1047.8322,863.6678,0.6908385
1053.2572,877.7143,1064.1447,863.0709,0.8990203
1072.762,877.7143,1085.1974,863.3049,0.7951709
1092.2667,877.7143,1103.6925,863.8939,0.31369534
1131.2762,877.7143,1142.881,865.29065,0.30898488
1150.781,877.7143,1163.4873,863.5714,0.36635134
1189.7905,877.7143,1202.1918,863.1542,0.60635793
1209.2953,877.7143,1222.2448,865.476,0.65447325
1228.8,877.7143,1240.4579,864.1238,0.50833577
1248.3048,877.7143,1260.5045,864.0148,0.70986795
1267.8096,877.7143,1279.7687,863.73126,0.82972556
1287.3143,877.7143,1301.5522,862.72394,0.94809943
1306.8191,877.7143,1320.2395,863.90027,0.9410446
1326.3239,877.7143,1339.1931,864.2411,0.9023617
1345.8286,877.7143,1357.906,864.4982,0.6614412
1365.3334,877.7143,1377.948,864.3814,0.45663986
1384.8381,877.7143,1397.4684,863.96204,0.79281414
1404.3429,877.7143,1417.3046,863.8705,0.89663506
1423.8477,877.7143,1436.3855,863.48694,0.9589432
1443.3524,877.7143,1455.464,863.26544,0.955612
1462.8572,877.7143,1474.0964,864.7277,0.9191965
1482.3619,877.7143,1494.4739,863.99725,0.8331841
1501.8667,877.7143,1514.9923,863.73175,0.4175082
1540.8762,877.7143,1549.9128,864.78406,0.49032402
1560.381,877.7143,1571.9652,864.9106,0.7020493
1579.8857,877.7143,1590.7236,864.95905,0.94249165
1599.3905,877.7143,1611.6097,864.3749,0.81366956
1618.8953,877.7143,1631.6865,865.3107,0.6433779
1638.4,877.7143,1650.9045,864.38513,0.7498374
1657.9048,877.7143,1670.5536,865.9187,0.8076167
1677.4095,877.7143,1689.4161,865.7048,0.8424305
1696.9143,877.7143,1709.4868,864.8716,0.64152664
1716.4191,877.7143,1729.2457,865.59467,0.7888742
1735.9238,877.7143,1748.5039,865.07214,0.80883116
1755.4286,877.7143,1768.0328,864.9454,0.6664043
1774.9333,877.7143,1786.8318,864.52594,0.30355638
1794.4381,877.7143,1806.1426,864.7187,0.32372573
1813.9429,877.7143,1826.7914,865.91565,0.8271697
1833.4476,877.7143,1846.1388,866.3199,0.9428685
1852.9524,877.7143,1865.9773,865.49756,0.9753114
1872.4573,877.7143,1884.6477,865.9656,0.96446776
1891.962,877.7143,1906.1259,865.6591,0.9484149
1911.4668,877.7143,1925.916,866.0167,0.9551574
1930.9716,877.7143,1944.8243,864.6947,0.944035
1950.4763,877.7143,1963.2496,865.4301,0.5345113
1969.9811,877.7143,1983.3992,865.91626,0.70968246
39.009525,897.21906,52.35572,882.59607,0.41395468
58.51429,897.21906,69.99134,881.8233,0.632884
78.01905,897.21906,89.98699,881.864,0.5119548
97.52381,897.21906,110.23669,881.4376,0.91607666
117.02858,897.21906,129.84361,881.7886,0.6600899
136.53334,897.21906,148.47711,882.56744,0.9406946
156.0381,897.21906,168.59882,881.7552,0.92696
175.54286,897.21906,186.4971,882.1528,0.32285902
195.04762,897.21906,207.07314,880.93463,0.970689
214.55238,897.21906,227.51921,881.8614,0.99024004
234.05716,897.21906,246.55618,882.36035,0.9584803
253.56192,897.21906,265.4773,882.4003,0.9783026
273.06668,897.21906,285.39236,882.325,0.98729134
292.57144,897.21906,303.91455,882.08264,0.90528804
312.0762,897.21906,325.0317,882.43677,0.84306103
331.58096,897.21906,343.6076,882.43646,0.96180534
351.08572,897.21906,364.15668,881.8062,0.9658289
370.59048,897.21906,383.17896,882.1076,0.90292835
390.09525,897.21906,403.47464,882.2085,0.8396262
409.6,897.21906,422.88608,882.40497,0.8481279
468.11432,897.21906,479.72726,882.62964,0.60701406
487.61908,897.21906,498.4378,882.739,0.34519708
526.6286,897.21906,539.5326,882.7087,0.75098574
546.13336,897.21906,557.42554,882.626,0.5198287
565.6381,897.21906,577.7582,882.71655,0.5285413
585.1429,897.21906,597.226,882.41907,0.65858144
604.64764,897.21906,618.12115,883.01074,0.9452713
624.1524,897.21906,635.85767,882.3222,0.80447066
643.65717,897.21906,656.07526,882.4464,0.69321424
663.1619,897.21906,674.477,882.18976,0.7681442
682.6667,897.21906,694.02515,882.6884,0.9174088
702.17145,897.21906,713.9675,882.648,0.9742109
721.6762,897.21906,734.02374,882.8574,0.94319546
741.18097,897.21906,754.0657,882.1968,0.9427149
760.6857,897.21906,772.40295,882.8696,0.8899633
780.1905,897.21906,792.21704,882.71765,0.7698046
799.69525,897.21906,810.4524,882.5436,0.940321
819.2,897.21906,831.1334,882.3635,0.9221515
838.7048,897.21906,852.5028,882.31146,0.8818426
858.20953,897.21906,869.2825,882.75854,0.7062854
877.7143,897.21906,888.8891,883.1282,0.52778035
897.21906,897.21906,909.6268,883.2455,0.9661446
916.7238,897.21906,929.7956,882.78815,0.98302686
936.22864,897.21906,947.3902,883.0568,0.8487883
955.7334,897.21906,968.3646,883.09753,0.9832952
975.23816,897.21906,988.48566,883.41046,0.9944768
994.7429,897.21906,1008.652,883.2169,0.9871968
1014.2477,897.21906,1027.6044,882.77576,0.68887126
1033.7524,897.21906,1045.2026,883.0504,0.85348094
1053.2572,897.21906,1065.3385,883.3596,0.866888
1072.762,897.21906,1084.2343,883.40125,0.83105373
1092.2667,897.21906,1103.5387,883.9252,0.57494533
1131.2762,897.21906,1140.8383,884.6499,0.23061407
1170.2858,897.21906,1183.8894,882.00806,0.60188943
1189.7905,897.21906,1202.9915,883.5468,0.48338965
1209.2953,897.21906,1222.2286,884.5754,0.42433432
1228.8,897.21906,1241.638,883.47986,0.7122437
1248.3048,897.21906,1261.6472,882.67615,0.9427719
1267.8096,897.21906,1280.4282,883.2207,0.9401458
1326.3239,897.21906,1339.0278,882.933,0.93223405
1345.8286,897.21906,1356.9523,883.54205,0.81975555
1365.3334,897.21906,1376.9508,883.3241,0.8868652
1384.8381,897.21906,1397.1782,884.2812,0.9424327
1404.3429,897.21906,1416.8252,884.5094,0.756258
1423.8477,897.21906,1436.6113,882.9729,0.93617916
1443.3524,897.21906,1456.0732,883.9909,0.9535035
1462.8572,897.21906,1473.6841,883.2316,0.73501664
1482.3619,897.21906,1494.151,883.7698,0.50560784
1501.8667,897.21906,1513.2815,883.2338,0.4789812
1540.8762,897.21906,1552.9496,885.06476,0.5178709
1560.381,897.21906,1572.9285,884.7214,0.7584921
1579.8857,897.21906,1592.1643,885.08215,0.91982555
1599.3905,897.21906,1611.7274,884.9027,0.94115615
1618.8953,897.21906,1631.4597,883.7335,0.7980298
1638.4,897.21906,1650.6229,884.5831,0.8845676
1657.9048,897.21906,1670.7465,885.6659,0.95192593
1677.4095,897.21906,1690.637,885.7443,0.9096436
1696.9143,897.21906,1709.3136,885.2263,0.91155976
1716.4191,897.21906,1729.6698,884.9685,0.9022065
1735.9238,897.21906,1747.7402,884.9172,0.8670379
1755.4286,897.21906,1766.9032,883.98004,0.4944003
1774.9333,897.21906,1787.7931,883.6551,0.34564215
1794.4381,897.21906,1806.4379,884.30396,0.65815836
1813.9429,897.21906,1825.7748,885.19415,0.8659153
1833.4476,897.21906,1844.9651,886.10175,0.9484882
1852.9524,897.21906,1865.5371,885.8838,0.9741638
1872.4573,897.21906,1885.0077,884.93884,0.9759389
1891.962,897.21906,1905.716,884.71985,0.95143956
1911.4668,897.21906,1925.7053,886.19305,0.9813404
1930.9716,897.21906,1944.9744,884.826,0.9260727
1950.4763,897.21906,1964.5928,883.94244,0.7686894
1969.9811,897.21906,1982.1683,885.09424,0.42066628
58.51429,916.7238,70.22477,900.5347,0.5795735
78.01905,916.7238,90.230934,901.2883,0.7090338
97.52381,916.7238,110.838806,901.8208,0.6868035
117.02858,916.7238,129.5649,901.5923,0.5139264
136.53334,916.7238,148.94827,901.25183,0.76384294
156.0381,916.7238,168.69365,901.38477,0.93270147
175.54286,916.7238,186.69911,901.18463,0.9719459
195.04762,916.7238,206.5137,901.91724,0.9198992
214.55238,916.7238,227.32199,901.30066,0.9774
234.05716,916.7238,245.11357,901.9471,0.95893013
253.56192,916.7238,267.0193,901.3257,0.9838118
273.06668,916.7238,286.87714,901.4187,0.98616064
292.57144,916.7238,304.98996,902.187,0.92695135
312.0762,916.7238,325.113,902.38464,0.763252
331.58096,916.7238,345.0003,900.39417,0.9649314
351.08572,916.7238,364.37534,901.163,0.94437313
370.59048,916.7238,382.3204,901.6203,0.77981776
390.09525,916.7238,403.1542,902.05347,0.70785004
409.6,916.7238,423.25626,902.20026,0.5879923
468.11432,916.7238,480.8525,899.9424,0.91076803
487.61908,916.7238,498.41675,902.0641,0.95113546
507.12384,916.7238,519.5739,901.94073,0.6881487
526.6286,916.7238,538.7585,901.3841,0.8605255
546.13336,916.7238,558.29956,902.3858,0.7897719
604.64764,916.7238,617.6129,901.37494,0.80707747
624.1524,916.7238,636.24255,901.99384,0.785711
643.65717,916.7238,655.02277,901.17816,0.8033998
663.1619,916.7238,676.4578,901.5183,0.9078024
682.6667,916.7238,695.23694,902.5298,0.978674
702.17145,916.7238,714.507,902.5046,0.995491
721.6762,916.7238,734.9579,901.7426,0.9848056
741.18097,916.7238,753.964,902.11975,0.9827444
760.6857,916.7238,773.22504,902.1391,0.9696827
780.1905,916.7238,792.2512,902.7004,0.9876662
799.69525,916.7238,811.06445,902.35913,0.9842036
819.2,916.7238,830.42126,902.22797,0.9661219
838.7048,916.7238,851.1227,902.97595,0.35107476
877.7143,916.7238,888.7686,902.9999,0.6177349
897.21906,916.7238,909.6876,902.7678,0.84889716
916.7238,916.7238,928.2305,902.4548,0.94704336
936.22864,916.7238,948.0827,901.91095,0.90624315
955.7334,916.7238,967.16876,902.1253,0.9754009
975.23816,916.7238,987.0396,902.1225,0.88037926
994.7429,916.7238,1007.85175,902.896,0.9730288
1014.2477,916.7238,1026.4165,902.43744,0.9571697
1033.7524,916.7238,1045.7911,902.6564,0.97002774
1053.2572,916.7238,1065.332,903.07196,0.923945
1072.762,916.7238,1084.652,903.0988,0.97829455
1092.2667,916.7238,1103.7156,902.68317,0.52061796
1111.7715,916.7238,1124.2452,903.1045,0.2761654
1170.2858,916.7238,1183.9735,902.4336,0.6537787
1189.7905,916.7238,1204.0437,903.0577,0.4532572
1248.3048,916.7238,1261.9497,903.06476,0.6825418
1326.3239,916.7238,1338.8094,902.59326,0.8042656
1345.8286,916.7238,1357.7485,902.87286,0.7050563
1365.3334,916.7238,1376.4039,902.9165,0.9486937
1384.8381,916.7238,1396.1976,903.11804,0.95419574
1404.3429,916.7238,1416.8976,904.1905,0.6152047
1423.8477,916.7238,1435.2672,903.2484,0.86268824
1443.3524,916.7238,1456.4758,903.4816,0.909593
1462.8572,916.7238,1475.6584,904.26184,0.52552086
1482.3619,916.7238,1495.3666,902.72015,0.27093562
1501.8667,916.7238,1513.9269,903.2091,0.81215787
1521.3715,916.7238,1533.6587,904.4104,0.5208519
1540.8762,916.7238,1551.8447,905.0108,0.73482937
1560.381,916.7238,1572.3647,903.3896,0.96285415
1579.8857,916.7238,1592.0938,903.85004,0.7088147
1599.3905,916.7238,1613.0006,903.76624,0.85605466
1618.8953,916.7238,1630.487,905.34766,0.64041543
1638.4,916.7238,1651.3055,904.3868,0.68669087
1657.9048,916.7238,1671.0425,904.1676,0.86717683
1677.4095,916.7238,1689.6494,904.3721,0.7161433
1696.9143,916.7238,1708.942,904.40393,0.9744717
1716.4191,916.7238,1729.4237,903.6303,0.96178854
1735.9238,916.7238,1747.7722,904.24603,0.96379113
1755.4286,916.7238,1766.2937,902.8687,0.9535567
1774.9333,916.7238,1786.9027,903.8677,0.81797177
1794.4381,916.7238,1806.5385,904.3617,0.96351194
1813.9429,916.7238,1825.4712,903.17,0.9280392
1833.4476,916.7238,1846.2035,904.2987,0.7365743
1852.9524,916.7238,1865.0961,904.39264,0.98950845
1872.4573,916.7238,1886.2736,904.4652,0.99417555
1891.962,916.7238,1904.2854,905.3908,0.9848288
1911.4668,916.7238,1925.9269,905.31586,0.94215643
1930.9716,916.7238,1943.8883,906.14343,0.90621525
1950.4763,916.7238,1963.5942,904.28485,0.8144272
1969.9811,916.7238,1981.901,905.27765,0.8224702
39.009525,936.22864,52.987904,919.89465,0.33606854
58.51429,936.22864,72.10657,920.7063,0.70951384
78.01905,936.22864,88.776474,920.8358,0.79037744
97.52381,936.22864,110.21649,920.64294,0.42001563
117.02858,936.22864,129.14325,920.7581,0.32402736
136.53334,936.22864,150.14398,920.54785,0.75181377
156.0381,936.22864,167.81935,920.1546,0.77674675
175.54286,936.22864,186.93707,920.95667,0.9687551
195.04762,936.22864,206.5722,919.9064,0.9270594
214.55238,936.22864,227.30615,920.6969,0.9863307
234.05716,936.22864,246.83255,920.71936,0.80032504
253.56192,936.22864,266.62628,920.4872,0.9868742
273.06668,936.22864,286.31323,921.1528,0.9807155
292.57144,936.22864,304.88425,921.7008,0.9589702
312.0762,936.22864,324.81714,920.68256,0.9714395
331.58096,936.22864,343.6251,920.7913,0.7725223
351.08572,936.22864,363.5091,921.4434,0.40790483
370.59048,936.22864,382.203,921.4321,0.66626704
390.09525,936.22864,402.55728,919.82184,0.71769804
409.6,936.22864,423.24503,921.63776,0.45636368
468.11432,936.22864,480.69827,921.9507,0.6289443
487.61908,936.22864,499.49786,921.6295,0.64275366
507.12384,936.22864,520.047,921.46655,0.3155929
526.6286,936.22864,539.58704,921.9239,0.7785364
546.13336,936.22864,558.8319,921.87225,0.43229568
565.6381,936.22864,576.94836,921.6878,0.5999276
585.1429,936.22864,596.94824,921.6577,0.5780423
604.64764,936.22864,617.13416,921.08685,0.8978152
624.1524,936.22864,635.6369,921.2922,0.64830375
643.65717,936.22864,656.5523,921.2162,0.96909755
663.1619,936.22864,676.1951,920.61566,0.9633755
682.6667,936.22864,695.62463,921.3015,0.97181475
702.17145,936.22864,714.50867,921.43475,0.97356755
721.6762,936.22864,733.08246,921.60516,0.9887686
741.18097,936.22864,754.31055,921.0892,0.98982304
760.6857,936.22864,772.7765,921.49097,0.88109493
780.1905,936.22864,792.558,921.5946,0.8333236
799.69525,936.22864,811.2944,921.93823,0.9484436
819.2,936.22864,831.16235,921.9608,0.699355
838.7048,936.22864,851.97437,921.555,0.8051569
858.20953,936.22864,869.7471,921.59973,0.7520304
877.7143,936.22864,890.0685,923.525,0.7658891
897.21906,936.22864,909.77374,922.37,0.90901715
916.7238,936.22864,927.85004,921.84796,0.90192795
936.22864,936.22864,947.1344,921.833,0.7962436
955.7334,936.22864,968.18384,922.12524,0.91428274
975.23816,936.22864,986.67584,923.1333,0.9600574
994.7429,936.22864,1006.3233,922.1363,0.961048
1014.2477,936.22864,1026.3928,922.4157,0.9585877
1033.7524,936.22864,1045.4386,921.9247,0.9842872
1053.2572,936.22864,1065.6508,922.1181,0.96517265
1072.762,936.22864,1084.3586,922.22955,0.7921938
1092.2667,936.22864,1104.7822,921.80414,0.6887809
1111.7715,936.22864,1123.4612,922.43866,0.7817906
1131.2762,936.22864,1142.8176,921.88446,0.9476338
1150.781,936.22864,1163.6508,921.4955,0.9255842
1170.2858,936.22864,1184.5634,920.88495,0.76932555
1326.3239,936.22864,1339.7842,920.9435,0.36606643
1345.8286,936.22864,1357.1279,921.8138,0.854571
1365.3334,936.22864,1377.5222,921.8225,0.95016724
1384.8381,936.22864,1396.9932,923.0195,0.57052594
1404.3429,936.22864,1416.4135,922.67694,0.4441543
1423.8477,936.22864,1437.0203,923.28357,0.5493246
1443.3524,936.22864,1456.2489,923.03156,0.8211846
1462.8572,936.22864,1475.8243,922.6546,0.532009
1482.3619,936.22864,1494.6268,922.86896,0.56512433
1501.8667,936.22864,1513.8824,922.897,0.84064054
1521.3715,936.22864,1534.0487,924.50665,0.95789236
1540.8762,936.22864,1552.9082,923.04944,0.94988644
1560.381,936.22864,1572.8257,923.59485,0.93614805
1579.8857,936.22864,1592.4535,924.7047,0.81698406
1599.3905,936.22864,1610.936,924.22736,0.9484559
1618.8953,936.22864,1631.1886,924.0709,0.6232803
1638.4,936.22864,1651.3319,923.50006,0.73686796
1657.9048,936.22864,1670.6354,924.50494,0.94401103
1677.4095,936.22864,1688.8701,924.2805,0.770618
1696.9143,936.22864,1709.7151,923.5514,0.9187464
1716.4191,936.22864,1727.9974,923.4357,0.94375455
1735.9238,936.22864,1747.9644,923.6489,0.91904783
1755.4286,936.22864,1766.9296,923.4034,0.9317537
1774.9333,936.22864,1787.1565,924.03937,0.76606035
1794.4381,936.22864,1807.0144,923.3197,0.9129811
1813.9429,936.22864,1827.2529,924.69275,0.5565541
1833.4476,936.22864,1845.3956,923.5414,0.49413955
1852.9524,936.22864,1866.1052,923.42847,0.9728047
1872.4573,936.22864,1886.4724,924.2197,0.9907147
1891.962,936.22864,1904.7552,925.18256,0.93673134
1911.4668,936.22864,1924.654,923.1947,0.9209555
1930.9716,936.22864,1944.1068,924.4292,0.66557425
1950.4763,936.22864,1964.2102,923.8963,0.74797547
1969.9811,936.22864,1982.6779,923.2487,0.7473193
39.009525,955.7334,53.12076,939.4214,0.79251224
58.51429,955.7334,71.72596,938.2006,0.7200351
78.01905,955.7334,90.18597,939.2764,0.54163605
97.52381,955.7334,109.69546,940.1273,0.28306895
117.02858,955.7334,131.22928,940.351,0.54130524
136.53334,955.7334,151.02892,939.5938,0.6882583
156.0381,955.7334,167.97516,940.1514,0.9393803
175.54286,955.7334,187.86716,941.00946,0.94782007
195.04762,955.7334,207.62444,940.9318,0.94842505
214.55238,955.7334,226.16948,940.85333,0.9854732
234.05716,955.7334,247.44774,940.7971,0.9758039
253.56192,955.7334,266.4904,940.8155,0.9733777
273.06668,955.7334,285.82947,941.15686,0.95572793
292.57144,955.7334,305.9438,940.5182,0.9831141
312.0762,955.7334,323.6385,940.91583,0.97066724
331.58096,955.7334,344.7584,939.5504,0.93592197
390.09525,955.7334,401.7216,940.3356,0.73924196
468.11432,955.7334,480.81754,939.84796,0.4159181
487.61908,955.7334,498.6902,940.9087,0.38007864
507.12384,955.7334,521.48676,940.75867,0.6880841
526.6286,955.7334,540.31573,940.55475,0.87242675
546.13336,955.7334,557.90485,940.8054,0.8183329
565.6381,955.7334,577.4429,940.94086,0.60766304
604.64764,955.7334,616.92755,941.2161,0.640327
624.1524,955.7334,636.053,941.1105,0.865647
643.65717,955.7334,655.4955,941.1149,0.89120954
663.1619,955.7334,674.51373,940.2683,0.8391601
682.6667,955.7334,694.8963,940.81616,0.9742729
702.17145,955.7334,713.2736,941.1657,0.8491285
721.6762,955.7334,733.5647,940.9843,0.9576492
741.18097,955.7334,753.58075,940.12964,0.95170105
760.6857,955.7334,773.8881,941.24426,0.8962312
780.1905,955.7334,791.41925,941.21857,0.7900951
799.69525,955.7334,812.1004,941.02057,0.625052
819.2,955.7334,830.6921,940.7936,0.7956198
838.7048,955.7334,851.3022,941.2859,0.87929654
858.20953,955.7334,871.2315,940.93414,0.8164464
877.7143,955.7334,890.2712,941.0741,0.96294636
897.21906,955.7334,909.1748,941.77374,0.9459298
916.7238,955.7334,930.2171,941.3229,0.9540566
936.22864,955.7334,948.3843,941.4832,0.88582593
955.7334,955.7334,969.13794,941.3345,0.87074286
975.23816,955.7334,987.6324,941.79456,0.69816816
994.7429,955.7334,1006.3975,940.98785,0.9477723
1014.2477,955.7334,1026.8944,940.76465,0.9891008
1033.7524,955.7334,1045.731,941.55963,0.9291175
1053.2572,955.7334,1064.6984,941.691,0.7105152
1072.762,955.7334,1084.8386,941.5888,0.8459
1092.2667,955.7334,1105.9196,940.97565,0.8882239
1111.7715,955.7334,1123.1575,941.2916,0.94216317
1131.2762,955.7334,1142.8741,942.56006,0.96846354
1150.781,955.7334,1162.7081,941.6757,0.9825188
1170.2858,955.7334,1182.0594,940.2993,0.9248644
1306.8191,955.7334,1318.8488,941.1689,0.70783746
1326.3239,955.7334,1339.1884,941.2088,0.77865607
1345.8286,955.7334,1358.7771,941.1442,0.82965654
1365.3334,955.7334,1378.1259,941.4123,0.85998887
1384.8381,955.7334,1397.6462,942.112,0.5235489
1423.8477,955.7334,1435.8457,942.88934,0.5397419
1443.3524,955.7334,1455.2273,941.7766,0.27288765
1462.8572,955.7334,1476.031,941.45575,0.53053814
1482.3619,955.7334,1496.5916,941.59735,0.78599125
1501.8667,955.7334,1514.2775,943.41125,0.95710045
1521.3715,955.7334,1533.5398,943.1502,0.93519235
1540.8762,955.7334,1552.9446,942.86035,0.9265679
1560.381,955.7334,1571.852,942.35583,0.97358054
1579.8857,955.7334,1592.0756,942.98615,0.8755194
1599.3905,955.7334,1612.1589,943.6647,0.93052846
1618.8953,955.7334,1631.8385,943.74133,0.9276074
1638.4,955.7334,1651.6732,942.7288,0.8912572
1657.9048,955.7334,1669.9576,943.16003,0.9478468
1677.4095,955.7334,1688.7498,943.50085,0.8938869
1696.9143,955.7334,1708.812,942.841,0.77754664
1716.4191,955.7334,1728.1941,942.9023,0.7530833
1735.9238,955.7334,1748.0656,944.35297,0.3377081
1755.4286,955.7334,1767.1057,944.3658,0.48437408
1774.9333,955.7334,1787.8109,943.44946,0.7137456
1794.4381,955.7334,1805.384,942.69727,0.6924518
1833.4476,955.7334,1846.0525,943.6543,0.51067966
1852.9524,955.7334,1866.6028,943.3863,0.91617554
1872.4573,955.7334,1884.5413,943.1983,0.9043503
1891.962,955.7334,1904.9369,943.0607,0.8858958
1911.4668,955.7334,1924.4027,943.49054,0.8935109
1930.9716,955.7334,1943.9738,943.6646,0.6000978
1950.4763,955.7334,1963.6108,942.7156,0.7371073
1969.9811,955.7334,1982.0989,943.187,0.44331214
39.009525,975.23816,51.793697,960.07556,0.8889329
58.51429,975.23816,72.38297,958.8739,0.68030566
78.01905,975.23816,91.22926,959.10486,0.3909895
97.52381,975.23816,110.14061,959.0905,0.34093916
117.02858,975.23816,129.1078,958.73206,0.6236406
136.53334,975.23816,148.58112,959.52734,0.295485
156.0381,975.23816,167.89297,958.831,0.87776864
175.54286,975.23816,188.67924,960.31903,0.91398567
195.04762,975.23816,207.56738,960.38153,0.94886667
214.55238,975.23816,228.1972,960.0284,0.9737098
234.05716,975.23816,246.16623,960.4722,0.925549
253.56192,975.23816,266.84982,960.0325,0.9782796
273.06668,975.23816,284.9712,960.32886,0.8927862
292.57144,975.23816,306.0764,960.1023,0.97987854
312.0762,975.23816,326.03802,959.7587,0.9627468
331.58096,975.23816,344.39978,960.2953,0.6372347
351.08572,975.23816,363.63324,959.97125,0.42208788
448.60953,975.23816,460.65787,960.5409,0.5196609
468.11432,975.23816,479.54538,960.10913,0.57524574
487.61908,975.23816,499.1162,960.1524,0.6714986
507.12384,975.23816,521.1131,960.2457,0.51515096
526.6286,975.23816,539.55225,960.1731,0.9567904
546.13336,975.23816,558.19806,960.40094,0.9389981
565.6381,975.23816,577.51154,960.86633,0.8693469
585.1429,975.23816,595.81525,960.6996,0.6782098
604.64764,975.23816,616.2938,960.71454,0.8668193
624.1524,975.23816,635.3905,960.168,0.8657666
643.65717,975.23816,654.9765,960.3606,0.85842603
663.1619,975.23816,674.00256,960.36743,0.8050475
682.6667,975.23816,694.5152,959.97565,0.93781847
702.17145,975.23816,713.4969,960.43164,0.90047324
721.6762,975.23816,734.84235,958.91187,0.96634525
741.18097,975.23816,753.2225,960.70874,0.90588367
760.6857,975.23816,773.52094,960.8343,0.9647739
780.1905,975.23816,791.9531,960.7862,0.89339495
799.69525,975.23816,811.1596,960.5794,0.8283673
819.2,975.23816,831.90643,961.44037,0.5248177
838.7048,975.23816,852.066,961.02734,0.6742649
858.20953,975.23816,871.12836,962.32477,0.5682167
877.7143,975.23816,890.7919,961.3476,0.9824571
897.21906,975.23816,910.546,960.64246,0.9903633
916.7238,975.23816,927.6656,960.35754,0.67451304
936.22864,975.23816,947.60675,960.9226,0.48438874
955.7334,975.23816,967.9288,961.5497,0.9582837
975.23816,975.23816,986.86237,960.4222,0.88467205
994.7429,975.23816,1006.73584,961.48035,0.92309153
1014.2477,975.23816,1027.4307,959.8364,0.9856236
1033.7524,975.23816,1045.2579,960.61304,0.848163
1053.2572,975.23816,1065.2664,960.87006,0.86864406
1072.762,975.23816,1084.7921,960.5463,0.7496447
1092.2667,975.23816,1104.9286,960.69165,0.8544178
1111.7715,975.23816,1123.694,961.1326,0.97270536
1131.2762,975.23816,1144.1884,962.11444,0.9439701
1150.781,975.23816,1162.4341,961.3698,0.9493313
1170.2858,975.23816,1181.7961,960.9048,0.7857694
1209.2953,975.23816,1222.4796,961.493,0.4235178
1287.3143,975.23816,1299.6993,961.99,0.21064278
1306.8191,975.23816,1318.2717,960.84674,0.85596657
1326.3239,975.23816,1337.9124,960.816,0.710475
1345.8286,975.23816,1357.9958,960.99347,0.8885597
1365.3334,975.23816,1377.4783,961.8462,0.5248578
1384.8381,975.23816,1396.8503,962.29395,0.41217744
1404.3429,975.23816,1418.5319,961.46,0.5585059
1423.8477,975.23816,1435.3613,961.37964,0.3048592
1482.3619,975.23816,1494.0658,961.70844,0.54229593
1501.8667,975.23816,1516.3973,961.12616,0.97240764
1521.3715,975.23816,1533.194,962.73975,0.95267123
1540.8762,975.23816,1553.4337,962.1015,0.9597415
1560.381,975.23816,1573.0532,961.7786,0.8878286
1579.8857,975.23816,1593.0052,962.85126,0.9675926
1599.3905,975.23816,1610.8878,962.75165,0.28175443
1618.8953,975.23816,1631.5771,963.4391,0.7868783
1638.4,975.23816,1651.1962,962.4695,0.9336102
1657.9048,975.23816,1670.1559,962.2689,0.7231915
1677.4095,975.23816,1688.548,961.9907,0.79686224
1696.9143,975.23816,1708.5239,963.2468,0.78517455
1716.4191,975.23816,1729.2964,962.75385,0.80611086
1735.9238,975.23816,1748.8828,963.43365,0.42942482
1755.4286,975.23816,1767.9962,962.52405,0.6398338
1774.9333,975.23816,1787.792,963.1419,0.8471865
1794.4381,975.23816,1806.87,963.2998,0.4505555
1813.9429,975.23816,1826.7505,963.7736,0.58944446
1833.4476,975.23816,1846.6934,962.8086,0.7718886
1852.9524,975.23816,1866.5078,961.7893,0.72509366
1872.4573,975.23816,1885.3751,964.3147,0.46436828
1911.4668,975.23816,1923.8848,964.32605,0.44504657
1930.9716,975.23816,1942.8079,964.0376,0.8653983
1950.4763,975.23816,1964.8905,963.80835,0.8940737
1969.9811,975.23816,1982.0337,963.74774,0.706349
39.009525,994.7429,52.9663,978.9044,0.4637205
58.51429,994.7429,70.80178,979.4792,0.3240383
78.01905,994.7429,89.618576,979.0162,0.3999172
97.52381,994.7429,110.767815,979.17645,0.3859336
117.02858,994.7429,130.13696,978.9418,0.41716096
136.53334,994.7429,149.41861,977.90533,0.6703245
156.0381,994.7429,168.48859,978.8532,0.8824904
175.54286,994.7429,188.20183,978.7698,0.95667064
195.04762,994.7429,207.93254,979.04,0.96919173
214.55238,994.7429,227.65057,979.61456,0.952841
234.05716,994.7429,247.40346,979.66864,0.8812997
253.56192,994.7429,266.44965,979.2051,0.9410669
273.06668,994.7429,286.5005,979.03253,0.9155078
292.57144,994.7429,305.51593,979.0269,0.9614175
312.0762,994.7429,324.2314,980.01385,0.9579441
331.58096,994.7429,344.9555,979.5628,0.77049196
351.08572,994.7429,363.94116,979.0957,0.5050083
370.59048,994.7429,382.95895,978.7165,0.33970007
390.09525,994.7429,402.6186,979.5759,0.642732
409.6,994.7429,422.22748,979.8199,0.8184222
429.10477,994.7429,441.42377,979.7117,0.9013277
448.60953,994.7429,462.0712,980.08215,0.92878735
468.11432,994.7429,481.3516,979.39825,0.98135567
487.61908,994.7429,499.7165,979.43756,0.86844045
507.12384,994.7429,518.0582,979.89374,0.26680523
526.6286,994.7429,538.96295,979.98535,0.90912694
546.13336,994.7429,558.3651,980.1443,0.98315537
565.6381,994.7429,577.4074,980.1784,0.8822918
585.1429,994.7429,597.4876,980.13904,0.945986
604.64764,994.7429,615.955,980.0621,0.77580965
624.1524,994.7429,635.99927,978.7628,0.8815455
643.65717,994.7429,655.3899,980.10205,0.74607456
663.1619,994.7429,674.2862,979.2609,0.7544767
682.6667,994.7429,693.9343,979.38794,0.955391
702.17145,994.7429,714.89246,980.08466,0.98650616
721.6762,994.7429,733.6691,979.665,0.9684331
741.18097,994.7429,752.7034,980.13293,0.92645395
760.6857,994.7429,772.75977,980.2915,0.79276335
780.1905,994.7429,791.9126,980.7489,0.87673885
799.69525,994.7429,811.14624,980.18384,0.78690857
819.2,994.7429,830.2847,980.068,0.6092071
838.7048,994.7429,850.728,980.03485,0.7602506
858.20953,994.7429,869.3367,980.3115,0.9165684
877.7143,994.7429,889.7785,980.50195,0.9223206
897.21906,994.7429,910.50757,980.2764,0.9023133
916.7238,994.7429,928.1945,980.18604,0.9045882
936.22864,994.7429,949.0692,980.71454,0.4212286
955.7334,994.7429,966.6435,980.5872,0.70262915
975.23816,994.7429,987.3266,980.0199,0.92265946
994.7429,994.7429,1005.75195,980.14954,0.75232345
1014.2477,994.7429,1025.9915,980.2855,0.98516375
1033.7524,994.7429,1045.7175,980.5855,0.91662806
1053.2572,994.7429,1065.2092,980.65515,0.8986058
1072.762,994.7429,1085.1392,980.746,0.41336253
1092.2667,994.7429,1103.089,980.612,0.28434864
1111.7715,994.7429,1123.6674,981.0709,0.9013206
1131.2762,994.7429,1142.6145,980.7226,0.9253519
1150.781,994.7429,1163.9447,981.22833,0.83185345
1170.2858,994.7429,1183.7521,981.42303,0.6852868
1189.7905,994.7429,1202.939,981.5529,0.35550174
1306.8191,994.7429,1317.7891,980.82196,0.45072928
1326.3239,994.7429,1337.3143,981.0096,0.323778
1345.8286,994.7429,1356.9048,981.8224,0.8347473
1365.3334,994.7429,1377.1931,980.5322,0.72528934
1384.8381,994.7429,1397.3129,982.2766,0.726779
1404.3429,994.7429,1417.9805,981.16095,0.74455774
1482.3619,994.7429,1493.2728,981.79065,0.30577686
1501.8667,994.7429,1515.5953,981.45386,0.7143696
1521.3715,994.7429,1533.6836,980.78766,0.9107698
1540.8762,994.7429,1553.7274,981.4002,0.8569054
1560.381,994.7429,1571.1531,982.22186,0.8679838
1579.8857,994.7429,1591.8566,983.4629,0.5451457
1599.3905,994.7429,1611.423,981.10864,0.84869564
1618.8953,994.7429,1631.2539,982.7122,0.72871524
1638.4,994.7429,1652.2177,981.98004,0.9479248
1657.9048,994.7429,1671.6877,981.7178,0.81317496
1677.4095,994.7429,1689.9475,981.914,0.7021915
1696.9143,994.7429,1709.4128,982.55835,0.5716108
1716.4191,994.7429,1728.8428,981.65356,0.43581805
1755.4286,994.7429,1768.9862,982.9145,0.7081245
1774.9333,994.7429,1787.1816,982.58984,0.7627132
1794.4381,994.7429,1806.5327,982.21045,0.21025681
1813.9429,994.7429,1827.6193,982.98535,0.95066506
1833.4476,994.7429,1846.7618,983.0294,0.8577654
1852.9524,994.7429,1866.8013,982.52454,0.8781686
1872.4573,994.7429,1885.5721,982.6273,0.650763
1891.962,994.7429,1904.814,983.19147,0.33922902
1911.4668,994.7429,1923.8778,982.44385,0.21268663
1969.9811,994.7429,1982.7347,982.755,0.68780607
58.51429,1014.2477,71.83415,997.72546,0.35028946
78.01905,1014.2477,91.39326,998.23663,0.81257284
97.52381,1014.2477,110.68481,998.3819,0.7351065
117.02858,1014.2477,129.81375,999.2146,0.7443477
136.53334,1014.2477,150.3276,998.4471,0.35595575
156.0381,1014.2477,170.23155,998.961,0.93115604
175.54286,1014.2477,189.40204,999.1092,0.9239552
195.04762,1014.2477,207.8313,998.57544,0.9161133
214.55238,1014.2477,227.76573,999.5437,0.89961225
234.05716,1014.2477,247.247,999.34235,0.991056
253.56192,1014.2477,265.21436,999.0385,0.97374517
273.06668,1014.2477,284.33127,999.29,0.9487284
292.57144,1014.2477,305.8652,999.0353,0.9208319
312.0762,1014.2477,324.386,999.551,0.8417209
331.58096,1014.2477,345.09268,998.1349,0.21192962
351.08572,1014.2477,365.28418,999.34235,0.91791457
370.59048,1014.2477,383.2445,998.9431,0.97568214
390.09525,1014.2477,403.27084,998.97614,0.86630285
409.6,1014.2477,422.0045,999.3854,0.9691831
429.10477,1014.2477,442.32382,999.37494,0.9740318
448.60953,1014.2477,462.25168,999.3773,0.9944123
468.11432,1014.2477,481.59216,999.6388,0.991262
487.61908,1014.2477,499.42023,999.38965,0.94514054
507.12384,1014.2477,518.6485,999.0956,0.9500479
526.6286,1014.2477,538.78174,999.31226,0.73572373
546.13336,1014.2477,559.3024,999.8667,0.89882183
565.6381,1014.2477,578.116,999.4302,0.66389775
585.1429,1014.2477,597.68066,999.32886,0.9493051
604.64764,1014.2477,616.2188,999.08496,0.7783071
624.1524,1014.2477,635.3422,999.54913,0.7706263
643.65717,1014.2477,656.43115,1000.09436,0.5742435
663.1619,1014.2477,674.7292,999.5962,0.92232203
682.6667,1014.2477,694.91455,999.36646,0.9824959
702.17145,1014.2477,715.3684,998.7169,0.98847073
721.6762,1014.2477,735.1886,999.392,0.99147975
741.18097,1014.2477,753.628,999.5301,0.9381041
760.6857,1014.2477,774.6453,999.72125,0.8990125
780.1905,1014.2477,791.48425,999.54944,0.9458086
799.69525,1014.2477,811.549,999.84875,0.94246155
819.2,1014.2477,830.93256,999.09155,0.6758224
838.7048,1014.2477,850.3812,999.4376,0.6322398
858.20953,1014.2477,869.6181,999.92126,0.8777996
877.7143,1014.2477,890.42114,1000.54193,0.8109677
897.21906,1014.2477,910.3205,999.8236,0.9475481
916.7238,1014.2477,929.6485,999.1863,0.98216534
936.22864,1014.2477,947.1781,999.735,0.450135
955.7334,1014.2477,967.1341,999.58954,0.77643555
975.23816,1014.2477,986.3033,1000.3436,0.74429435
994.7429,1014.2477,1005.90704,1000.20636,0.90593916
1014.2477,1014.2477,1027.5084,1000.70917,0.8893886
1033.7524,1014.2477,1046.7571,999.79254,0.5760212
1053.2572,1014.2477,1065.5989,999.87726,0.56609416
1072.762,1014.2477,1085.6604,999.8951,0.4249963
1092.2667,1014.2477,1104.685,999.9357,0.83642185
1111.7715,1014.2477,1123.1647,1000.7624,0.5123597
1131.2762,1014.2477,1144.1416,1000.3053,0.9558755
1150.781,1014.2477,1162.883,1000.7711,0.8740582
1170.2858,1014.2477,1183.6862,1000.26544,0.68375915
1189.7905,1014.2477,1202.2096,1001.7322,0.26101848
1306.8191,1014.2477,1319.3882,1000.1649,0.59376967
1326.3239,1014.2477,1338.9788,1000.9831,0.7766788
1345.8286,1014.2477,1357.2239,1000.3477,0.8492191
1365.3334,1014.2477,1378.0594,1000.486,0.7526613
1384.8381,1014.2477,1397.3322,1002.31836,0.91908973
1404.3429,1014.2477,1416.8864,1002.79816,0.8303666
1423.8477,1014.2477,1435.7219,1000.8257,0.55110157
1443.3524,1014.2477,1454.4354,1001.26465,0.55522066
1462.8572,1014.2477,1475.3362,1000.9185,0.34251857
1482.3619,1014.2477,1495.0012,1001.539,0.3148439
1501.8667,1014.2477,1515.1218,1000.69434,0.8073504
1521.3715,1014.2477,1533.141,1001.46155,0.8412105
1540.8762,1014.2477,1553.219,1001.96045,0.77285886
1560.381,1014.2477,1571.7188,1002.49146,0.62558115
1579.8857,1014.2477,1591.9392,1001.36597,0.7471618
1599.3905,1014.2477,1612.5038,1001.6158,0.8983211
1618.8953,1014.2477,1631.7845,1000.7119,0.9811281
1638.4,1014.2477,1651.9026,1000.35,0.9922844
1657.9048,1014.2477,1670.4739,1001.5365,0.89620835
1677.4095,1014.2477,1688.6095,1000.7772,0.5033065
1696.9143,1014.2477,1709.0547,1001.3887,0.4329882
1716.4191,1014.2477,1729.0049,1001.2722,0.86598206
1755.4286,1014.2477,1768.1879,1001.519,0.53430635
1774.9333,1014.2477,1788.2175,1002.01404,0.64264894
1794.4381,1014.2477,1806.458,1001.90265,0.8436005
1813.9429,1014.2477,1826.7917,1002.3497,0.9522018
1833.4476,1014.2477,1846.1282,1002.6083,0.9339308
1852.9524,1014.2477,1865.8448,1001.5635,0.8737085
1872.4573,1014.2477,1885.3987,1002.56604,0.60919493
1891.962,1014.2477,1905.1527,1002.3204,0.7331538
1911.4668,1014.2477,1924.6694,1001.7373,0.7264835
1930.9716,1014.2477,1942.9883,1002.30035,0.2525172
1950.4763,1014.2477,1963.4967,1003.3063,0.7163763
1969.9811,1014.2477,1982.8925,1002.4471,0.51683456
58.51429,1033.7524,70.15776,1018.59515,0.53697973
78.01905,1033.7524,89.95112,1017.3527,0.66738784
97.52381,1033.7524,108.72163,1018.7505,0.3990644
117.02858,1033.7524,128.95473,1017.9481,0.81562334
156.0381,1033.7524,170.15234,1017.92316,0.8035192
175.54286,1033.7524,189.69656,1018.49744,0.9666072
195.04762,1033.7524,208.90419,1018.539,0.96979165
214.55238,1033.7524,227.42847,1016.95465,0.9004612
234.05716,1033.7524,245.75035,1017.8821,0.9668392
253.56192,1033.7524,265.38626,1017.836,0.9858636
273.06668,1033.7524,285.02692,1017.57153,0.97386056
292.57144,1033.7524,304.998,1018.69525,0.96857655
312.0762,1033.7524,324.2145,1018.83124,0.9002746
331.58096,1033.7524,343.98105,1018.1314,0.6144681
351.08572,1033.7524,364.27164,1018.32513,0.8879421
370.59048,1033.7524,384.1453,1018.4462,0.9933314
390.09525,1033.7524,402.09177,1018.75726,0.9344395
409.6,1033.7524,422.53802,1018.6085,0.956308
429.10477,1033.7524,442.6091,1018.46216,0.7059169
448.60953,1033.7524,460.2406,1019.19116,0.8190462
468.11432,1033.7524,479.9274,1019.0229,0.94702846
487.61908,1033.7524,499.79816,1018.7669,0.9675596
507.12384,1033.7524,519.1917,1019.09705,0.8026382
526.6286,1033.7524,538.71704,1019.0661,0.84475625
546.13336,1033.7524,559.4408,1019.3982,0.83967716
565.6381,1033.7524,579.12445,1018.5398,0.75375295
585.1429,1033.7524,596.686,1018.95996,0.9494876
604.64764,1033.7524,616.2812,1018.8918,0.5575087
624.1524,1033.7524,635.42346,1018.79486,0.40405443
643.65717,1033.7524,655.0886,1019.2109,0.5649187
663.1619,1033.7524,675.067,1018.9691,0.69797826
682.6667,1033.7524,694.4289,1019.3402,0.9760369
702.17145,1033.7524,713.7668,1019.16797,0.9676706
721.6762,1033.7524,733.5266,1019.0392,0.96619165
741.18097,1033.7524,752.9434,1019.3892,0.9536431
760.6857,1033.7524,774.3707,1019.8511,0.97472125
780.1905,1033.7524,792.0421,1019.2233,0.9837399
799.69525,1033.7524,811.0288,1019.11096,0.6731437
819.2,1033.7524,830.83997,1019.06934,0.39428782
858.20953,1033.7524,869.01984,1018.8387,0.47169587
877.7143,1033.7524,889.1626,1019.4496,0.8191315
897.21906,1033.7524,910.267,1018.8541,0.9562668
916.7238,1033.7524,928.1941,1019.06256,0.9493462
936.22864,1033.7524,946.9868,1018.959,0.2304607
955.7334,1033.7524,966.9159,1018.8572,0.9114919
975.23816,1033.7524,986.70764,1019.3711,0.25952715
994.7429,1033.7524,1007.33093,1020.4498,0.52733904
1053.2572,1033.7524,1066.2197,1019.6517,0.58235985
1072.762,1033.7524,1084.578,1019.26984,0.8905574
1092.2667,1033.7524,1104.3121,1019.4975,0.9660814
1111.7715,1033.7524,1125.0035,1019.9376,0.94507474
1131.2762,1033.7524,1145.3982,1020.192,0.9747899
1150.781,1033.7524,1162.5427,1021.5452,0.9453432
1170.2858,1033.7524,1183.6191,1020.1647,0.7763637
1189.7905,1033.7524,1201.5775,1019.5656,0.3819864
1209.2953,1033.7524,1220.6105,1019.41223,0.28645644
1306.8191,1033.7524,1319.8655,1019.4522,0.2808968
1326.3239,1033.7524,1338.526,1020.0391,0.65056276
1345.8286,1033.7524,1357.93,1019.7402,0.97709405
1365.3334,1033.7524,1377.391,1019.94867,0.9496268
1384.8381,1033.7524,1396.2062,1020.98474,0.5972263
1404.3429,1033.7524,1415.3422,1020.4663,0.8688082
1423.8477,1033.7524,1435.5471,1020.5678,0.804455
1443.3524,1033.7524,1454.6531,1020.18054,0.50158453
1462.8572,1033.7524,1474.235,1020.11835,0.32499418
1482.3619,1033.7524,1494.5221,1020.1713,0.88629764
1501.8667,1033.7524,1514.7285,1021.70715,0.90130955
1521.3715,1033.7524,1532.6089,1020.48895,0.5936274
1540.8762,1033.7524,1552.6653,1021.18463,0.9583223
1560.381,1033.7524,1573.6595,1020.18286,0.89611155
1579.8857,1033.7524,1591.5334,1022.19653,0.914389
1599.3905,1033.7524,1612.7551,1020.6571,0.862819
1618.8953,1033.7524,1632.4799,1021.1484,0.98566866
1638.4,1033.7524,1651.4896,1020.31476,0.98307574
1657.9048,1033.7524,1671.2987,1020.0391,0.61707085
1677.4095,1033.7524,1690.2334,1020.4467,0.7188739
1696.9143,1033.7524,1709.8645,1020.64514,0.8381186
1716.4191,1033.7524,1729.3005,1021.59796,0.9148453
1735.9238,1033.7524,1747.0579,1020.38837,0.3578078
1755.4286,1033.7524,1768.033,1024.4169,0.5153226
1774.9333,1033.7524,1789.09,1021.1173,0.9009506
1794.4381,1033.7524,1806.8276,1020.5236,0.97449285
1813.9429,1033.7524,1826.8846,1021.23206,0.880775
1833.4476,1033.7524,1847.4615,1021.07544,0.6017881
1852.9524,1033.7524,1865.3602,1021.7491,0.80481297
1872.4573,1033.7524,1884.5319,1022.3622,0.25835708
1911.4668,1033.7524,1925.1683,1021.53107,0.3726771
1930.9716,1033.7524,1944.0581,1021.64905,0.2709178
1950.4763,1033.7524,1963.4816,1024.3179,0.26032752
1969.9811,1033.7524,1983.4308,1022.75165,0.54229397
58.51429,1053.2572,70.8004,1037.6882,0.2631232
78.01905,1053.2572,90.029366,1037.6342,0.55100673
97.52381,1053.2572,109.37518,1037.1775,0.5037604
117.02858,1053.2572,129.26553,1038.1951,0.55981046
136.53334,1053.2572,149.26868,1038.1074,0.7762068
156.0381,1053.2572,168.67532,1038.4651,0.82158256
175.54286,1053.2572,187.88927,1038.6082,0.883072
195.04762,1053.2572,208.44716,1038.9425,0.9054604
214.55238,1053.2572,226.39087,1037.8136,0.84448725
234.05716,1053.2572,247.10089,1037.5781,0.9390045
253.56192,1053.2572,266.16635,1036.976,0.96162176
273.06668,1053.2572,285.30145,1037.6613,0.9869422
292.57144,1053.2572,305.76608,1038.1031,0.9551534
312.0762,1053.2572,323.96524,1036.8577,0.96624476
331.58096,1053.2572,344.6294,1038.4624,0.45296782
351.08572,1053.2572,361.90823,1038.212,0.8934992
370.59048,1053.2572,382.44916,1037.1084,0.89174724
390.09525,1053.2572,401.98386,1038.0754,0.93917876
409.6,1053.2572,422.88593,1037.9907,0.81814736
429.10477,1053.2572,440.10764,1038.5701,0.8874545
448.60953,1053.2572,459.87946,1038.2927,0.8755128
468.11432,1053.2572,480.10245,1037.5321,0.9760819
487.61908,1053.2572,500.56296,1038.4854,0.9489041
507.12384,1053.2572,519.65564,1038.2563,0.96014875
526.6286,1053.2572,539.27344,1037.9701,0.9478695
546.13336,1053.2572,559.4034,1038.2136,0.963744
565.6381,1053.2572,577.0494,1038.0621,0.8944667
585.1429,1053.2572,596.1712,1038.3948,0.8926706
604.64764,1053.2572,616.84283,1038.6194,0.8779562
643.65717,1053.2572,655.4949,1038.5042,0.6380372
663.1619,1053.2572,674.50024,1039.0675,0.838256
682.6667,1053.2572,696.45056,1039.1803,0.93057704
702.17145,1053.2572,713.989,1039.2145,0.9097086
721.6762,1053.2572,732.83307,1038.907,0.9372655
741.18097,1053.2572,752.263,1038.874,0.9362596
760.6857,1053.2572,773.6927,1038.7637,0.8804664
780.1905,1053.2572,793.47266,1039.0747,0.9856699
799.69525,1053.2572,812.5851,1038.7028,0.8904087
819.2,1053.2572,831.12,1038.589,0.63815975
838.7048,1053.2572,849.45374,1038.6344,0.5127036
858.20953,1053.2572,870.3362,1038.364,0.5485036
877.7143,1053.2572,889.03827,1038.8522,0.89185435
897.21906,1053.2572,909.1331,1039.1392,0.92039233
916.7238,1053.2572,929.2699,1038.8706,0.9408768
936.22864,1053.2572,946.92896,1038.5898,0.64353704
955.7334,1053.2572,967.4036,1038.9152,0.69100916
1053.2572,1053.2572,1065.3683,1040.5286,0.5367838
1072.762,1053.2572,1084.0215,1039.2424,0.90019286
1092.2667,1053.2572,1105.1743,1039.1577,0.92885107
1111.7715,1053.2572,1124.9652,1040.2506,0.9033961
1131.2762,1053.2572,1144.4369,1039.6725,0.9739773
1150.781,1053.2572,1163.7662,1039.621,0.9909024
1170.2858,1053.2572,1182.8578,1039.0513,0.79326236
1189.7905,1053.2572,1201.0842,1039.635,0.8904019
1209.2953,1053.2572,1220.6046,1039.9568,0.59481585
1306.8191,1053.2572,1321.6763,1040.8875,0.6669918
1326.3239,1053.2572,1339.5298,1039.3345,0.9307766
1345.8286,1053.2572,1357.7778,1039.9607,0.8733338
1365.3334,1053.2572,1378.4136,1039.3104,0.82424515
1384.8381,1053.2572,1397.0596,1041.7239,0.93372756
1404.3429,1053.2572,1415.5051,1040.9652,0.9310011
1423.8477,1053.2572,1435.3281,1040.5232,0.94532615
1443.3524,1053.2572,1454.1481,1040.0836,0.74240535
1501.8667,1053.2572,1514.5978,1040.1688,0.42345402
1521.3715,1053.2572,1533.5886,1040.5468,0.7881193
1540.8762,1053.2572,1552.5303,1039.6515,0.9190807
1560.381,1053.2572,1572.6218,1039.8845,0.8913351
1579.8857,1053.2572,1592.7607,1040.0415,0.61409366
1599.3905,1053.2572,1612.158,1040.2208,0.9415967
1618.8953,1053.2572,1632.2574,1039.7905,0.9672708
1638.4,1053.2572,1650.8667,1040.4803,0.95955294
1657.9048,1053.2572,1671.2834,1039.5537,0.7746122
1677.4095,1053.2572,1690.4747,1039.9288,0.7119358
1696.9143,1053.2572,1709.7668,1039.5786,0.6577338
1716.4191,1053.2572,1728.5422,1040.1049,0.5854602
1774.9333,1053.2572,1787.0464,1041.6439,0.26958287
1794.4381,1053.2572,1807.0499,1041.2708,0.6784256
1813.9429,1053.2572,1826.4967,1040.9514,0.880126
1833.4476,1053.2572,1846.1561,1042.0394,0.88863367
1852.9524,1053.2572,1866.6831,1041.9841,0.8355941
1872.4573,1053.2572,1885.3408,1040.5795,0.5752239
1891.962,1053.2572,1905.5349,1040.468,0.57185245
1911.4668,1053.2572,1924.5433,1041.133,0.37185413
1969.9811,1053.2572,1982.3143,1041.2406,0.6617939
78.01905,1072.762,89.736595,1057.4781,0.27462608
97.52381,1072.762,109.32721,1055.0204,0.30168736
117.02858,1072.762,128.67142,1056.1821,0.8738586
136.53334,1072.762,148.2264,1057.7131,0.92069364
156.0381,1072.762,167.83217,1057.4863,0.93732935
175.54286,1072.762,189.20837,1057.0156,0.9177541
195.04762,1072.762,207.89995,1057.114,0.93330705
234.05716,1072.762,248.31648,1056.4397,0.86753184
253.56192,1072.762,266.32532,1055.1093,0.97157836
273.06668,1072.762,286.38116,1057.3462,0.9888195
292.57144,1072.762,305.43674,1056.7056,0.98151493
312.0762,1072.762,324.49673,1056.1177,0.8574597
331.58096,1072.762,344.9921,1057.3839,0.6328217
351.08572,1072.762,364.19388,1058.2448,0.91124463
370.59048,1072.762,382.1579,1057.6304,0.84974504
390.09525,1072.762,402.868,1056.8553,0.6615674
409.6,1072.762,421.34152,1057.1705,0.2794493
429.10477,1072.762,441.22,1058.0571,0.6898128
468.11432,1072.762,481.9269,1056.4575,0.9854952
487.61908,1072.762,499.8104,1057.5609,0.93964225
507.12384,1072.762,520.0868,1057.4646,0.95874983
526.6286,1072.762,539.50354,1057.5314,0.9730609
546.13336,1072.762,560.0993,1056.8346,0.96496606
565.6381,1072.762,578.652,1057.5585,0.92539406
585.1429,1072.762,597.63666,1058.0732,0.98763615
604.64764,1072.762,617.53253,1058.0281,0.7281384
643.65717,1072.762,653.09955,1058.1603,0.3763532
663.1619,1072.762,674.0616,1058.2047,0.3710462
682.6667,1072.762,694.94507,1058.7056,0.59594154
702.17145,1072.762,713.5669,1058.1515,0.67576134
721.6762,1072.762,733.455,1058.1848,0.9307737
741.18097,1072.762,753.2824,1058.2979,0.97690743
760.6857,1072.762,772.13153,1058.5995,0.977679
780.1905,1072.762,792.5056,1058.3036,0.99478346
799.69525,1072.762,812.415,1058.563,0.9199557
858.20953,1072.762,870.5089,1058.2251,0.8201278
877.7143,1072.762,889.22174,1059.027,0.7849323
897.21906,1072.762,909.6883,1058.5103,0.9251441
916.7238,1072.762,931.192,1058.378,0.9944941
936.22864,1072.762,948.9558,1058.1433,0.9501448
955.7334,1072.762,967.9829,1058.2361,0.7439433
994.7429,1072.762,1005.7682,1058.4617,0.40444595
1014.2477,1072.762,1025.9064,1058.7731,0.34924436
1033.7524,1072.762,1046.0085,1059.1257,0.37251326
1053.2572,1072.762,1066.3975,1059.0072,0.8582526
1072.762,1072.762,1085.1685,1059.2606,0.9622299
1092.2667,1072.762,1104.4843,1059.6104,0.38668734
1111.7715,1072.762,1123.891,1058.6642,0.86249053
1131.2762,1072.762,1145.4249,1058.7411,0.9797582
1150.781,1072.762,1165.0566,1059.6285,0.99614143
1170.2858,1072.762,1183.1241,1059.2454,0.94466925
1189.7905,1072.762,1201.7743,1059.0745,0.9375032
1209.2953,1072.762,1222.6298,1058.498,0.8467236
1228.8,1072.762,1242.2727,1060.5312,0.46118408
1306.8191,1072.762,1320.9047,1060.7833,0.69829565
1326.3239,1072.762,1339.8073,1059.6766,0.68341064
1345.8286,1072.762,1357.0936,1059.1095,0.6011759
1365.3334,1072.762,1377.8843,1060.0126,0.7103887
1384.8381,1072.762,1397.2434,1059.5016,0.9550566
1404.3429,1072.762,1417.6866,1060.7942,0.85999066
1423.8477,1072.762,1436.0026,1059.0118,0.79809767
1443.3524,1072.762,1455.3754,1059.5544,0.81479084
1462.8572,1072.762,1474.3148,1059.2662,0.902239
1482.3619,1072.762,1493.6012,1059.181,0.82792604
1501.8667,1072.762,1514.6022,1059.7473,0.5873364
1521.3715,1072.762,1534.1494,1059.5548,0.3654894
1540.8762,1072.762,1554.0602,1059.6979,0.5637846
1560.381,1072.762,1572.8572,1059.5144,0.8104021
1579.8857,1072.762,1592.6007,1060.3356,0.6678083
1599.3905,1072.762,1611.2526,1060.2572,0.8821591
1618.8953,1072.762,1630.9995,1060.978,0.8300049
1638.4,1072.762,1651.643,1060.4712,0.4881971
1657.9048,1072.762,1671.3307,1060.6296,0.8806019
1677.4095,1072.762,1691.002,1060.4829,0.7051345
1696.9143,1072.762,1709.386,1059.7965,0.70925
1716.4191,1072.762,1728.8812,1060.0461,0.5516386
1774.9333,1072.762,1788.5637,1060.7891,0.48209408
1794.4381,1072.762,1807.2461,1059.9781,0.4826461
1813.9429,1072.762,1827.3351,1060.2068,0.6990355
1833.4476,1072.762,1846.8622,1060.6083,0.5597621
1852.9524,1072.762,1866.58,1061.8467,0.91053045
1872.4573,1072.762,1885.5615,1061.1787,0.5831047
1891.962,1072.762,1905.6931,1061.9983,0.6225837
1911.4668,1072.762,1923.5511,1063.4318,0.37726617
1930.9716,1072.762,1944.41,1061.8976,0.5902967
1950.4763,1072.762,1963.4005,1060.9181,0.86298203
1969.9811,1072.762,1982.6581,1060.4578,0.41466847
58.51429,1092.2667,71.30218,1076.7737,0.8407705
78.01905,1092.2667,89.42653,1076.9178,0.5217563
97.52381,1092.2667,109.821945,1077.1355,0.24072778
117.02858,1092.2667,129.99275,1076.4806,0.9413686
136.53334,1092.2667,148.39845,1075.4989,0.95742655
156.0381,1092.2667,168.813,1077.4633,0.9862092
175.54286,1092.2667,188.12924,1076.6976,0.9507313
195.04762,1092.2667,207.09785,1076.729,0.7356392
214.55238,1092.2667,226.96317,1076.1335,0.9040859
234.05716,1092.2667,246.13788,1076.7098,0.8734121
253.56192,1092.2667,266.83932,1075.9998,0.95694256
273.06668,1092.2667,286.1839,1076.2086,0.9130009
292.57144,1092.2667,304.7875,1076.7034,0.8470792
312.0762,1092.2667,324.6534,1076.5718,0.6788813
331.58096,1092.2667,344.1772,1077.4303,0.35338563
351.08572,1092.2667,364.29666,1077.2365,0.95022744
370.59048,1092.2667,381.9094,1075.9185,0.9331724
429.10477,1092.2667,441.68375,1076.4467,0.82335097
448.60953,1092.2667,462.872,1075.0555,0.80093944
468.11432,1092.2667,481.76678,1076.6526,0.97591716
487.61908,1092.2667,499.51602,1077.2162,0.97631925
507.12384,1092.2667,517.846,1076.9757,0.9773276
526.6286,1092.2667,538.3633,1076.9626,0.97987515
546.13336,1092.2667,561.044,1076.7751,0.9805131
565.6381,1092.2667,578.96356,1077.1445,0.86710906
585.1429,1092.2667,596.557,1077.3059,0.8878045
604.64764,1092.2667,616.60474,1077.4777,0.64676464
624.1524,1092.2667,635.58844,1077.1886,0.73886013
643.65717,1092.2667,654.69073,1077.1852,0.8876605
663.1619,1092.2667,674.76184,1077.5162,0.8025522
682.6667,1092.2667,694.5526,1077.4272,0.9458109
702.17145,1092.2667,714.5879,1076.8737,0.9470175
721.6762,1092.2667,733.1768,1078.3362,0.90973085
741.18097,1092.2667,752.98315,1077.7137,0.9251906
760.6857,1092.2667,772.91644,1078.0509,0.8130591
780.1905,1092.2667,791.93866,1078.2903,0.91094273
799.69525,1092.2667,811.2912,1077.9725,0.5506096
858.20953,1092.2667,871.7106,1078.0443,0.9653606
877.7143,1092.2667,890.51575,1078.0402,0.97873473
897.21906,1092.2667,909.5821,1078.3757,0.9854506
916.7238,1092.2667,929.09216,1077.7234,0.9884596
936.22864,1092.2667,949.0542,1077.5336,0.8455634
955.7334,1092.2667,966.4869,1077.6997,0.89818966
975.23816,1092.2667,987.15753,1078.1393,0.77306163
994.7429,1092.2667,1006.46234,1077.3279,0.7786185
1014.2477,1092.2667,1026.3424,1077.8876,0.9226477
1033.7524,1092.2667,1046.633,1077.8795,0.9304752
1053.2572,1092.2667,1067.7684,1078.4668,0.821956
1072.762,1092.2667,1086.7659,1078.1545,0.8966319
1092.2667,1092.2667,1106.1045,1077.767,0.8740743
1111.7715,1092.2667,1125.5142,1079.2148,0.87149936
1170.2858,1092.2667,1183.3704,1077.8796,0.9722055
1189.7905,1092.2667,1203.0945,1078.6241,0.9534713
1209.2953,1092.2667,1221.348,1078.3224,0.81404984
1228.8,1092.2667,1240.7925,1078.501,0.5955917
1267.8096,1092.2667,1279.3754,1078.637,0.24121943
1287.3143,1092.2667,1299.65,1080.8348,0.62272495
1306.8191,1092.2667,1318.9764,1079.4204,0.72806674
1326.3239,1092.2667,1339.1302,1079.2153,0.70443034
1345.8286,1092.2667,1358.834,1079.7251,0.90604454
1365.3334,1092.2667,1376.9656,1079.3876,0.28926548
1384.8381,1092.2667,1398.2693,1079.086,0.7664442
1404.3429,1092.2667,1417.8195,1079.1521,0.8684022
1423.8477,1092.2667,1436.205,1078.9585,0.70655525
1443.3524,1092.2667,1456.5784,1078.5328,0.62555116
1462.8572,1092.2667,1475.1685,1078.2461,0.80875295
1482.3619,1092.2667,1494.4038,1079.3916,0.89937365
1501.8667,1092.2667,1513.9786,1080.7446,0.81590605
1521.3715,1092.2667,1532.4883,1078.4045,0.2753629
1540.8762,1092.2667,1553.8347,1079.2227,0.7564422
1560.381,1092.2667,1572.9082,1080.5726,0.49050897
1579.8857,1092.2667,1592.0454,1078.8531,0.7989065
1599.3905,1092.2667,1612.1609,1079.7744,0.830082
1618.8953,1092.2667,1630.6102,1079.2207,0.27495447
1638.4,1092.2667,1650.9673,1079.2632,0.5761123
1657.9048,1092.2667,1671.2133,1080.3047,0.31273067
1677.4095,1092.2667,1689.7737,1079.6715,0.43157685
1696.9143,1092.2667,1708.7047,1080.4408,0.84948117
1716.4191,1092.2667,1729.2316,1080.568,0.7572283
1735.9238,1092.2667,1748.0867,1079.4064,0.63766026
1755.4286,1092.2667,1769.2556,1079.9855,0.81967556
1774.9333,1092.2667,1786.7218,1080.5094,0.83583874
1794.4381,1092.2667,1806.7372,1078.9796,0.7577363
1813.9429,1092.2667,1827.2914,1079.3213,0.69920516
1833.4476,1092.2667,1846.9006,1078.515,0.79756474
1852.9524,1092.2667,1866.3671,1080.9755,0.53997624
1872.4573,1092.2667,1883.801,1080.7555,0.38503623
1891.962,1092.2667,1905.3862,1079.0608,0.8196375
1930.9716,1092.2667,1943.4768,1080.6451,0.30529296
1950.4763,1092.2667,1963.9373,1079.9335,0.88341266
1969.9811,1092.2667,1982.126,1079.8513,0.43792132
58.51429,1111.7715,70.781654,1095.0161,0.7368387
78.01905,1111.7715,90.47791,1096.541,0.8078677
97.52381,1111.7715,109.16554,1095.8776,0.42368042
117.02858,1111.7715,127.94065,1096.5829,0.4686936
136.53334,1111.7715,148.40923,1096.4321,0.49641636
156.0381,1111.7715,169.15741,1095.259,0.9626569
175.54286,1111.7715,188.22153,1096.6807,0.7838741
195.04762,1111.7715,206.27733,1096.5414,0.38015106
214.55238,1111.7715,225.39236,1096.6613,0.33990476
234.05716,1111.7715,245.80922,1097.0138,0.95732194
253.56192,1111.7715,266.35782,1096.8418,0.99518174
273.06668,1111.7715,283.8293,1096.4772,0.89816105
292.57144,1111.7715,304.01077,1095.8401,0.7253936
351.08572,1111.7715,364.33127,1096.6597,0.33611497
370.59048,1111.7715,383.45154,1096.4402,0.24971698
429.10477,1111.7715,442.22125,1098.012,0.76184267
448.60953,1111.7715,462.9107,1096.8566,0.8402974
468.11432,1111.7715,481.86496,1096.2411,0.9803225
487.61908,1111.7715,501.2956,1096.6066,0.98872924
507.12384,1111.7715,519.4658,1096.8698,0.9710119
526.6286,1111.7715,539.22235,1097.2572,0.85652494
565.6381,1111.7715,578.65955,1095.5077,0.48166135
585.1429,1111.7715,597.26764,1096.5815,0.4472942
624.1524,1111.7715,635.8538,1096.0696,0.57959646
643.65717,1111.7715,656.44226,1096.2253,0.8359148
663.1619,1111.7715,676.3599,1096.6705,0.93199784
682.6667,1111.7715,694.0674,1096.9083,0.6969564
702.17145,1111.7715,715.1457,1096.1932,0.8165616
721.6762,1111.7715,733.37524,1097.6908,0.93302655
741.18097,1111.7715,753.98975,1096.3236,0.9318946
760.6857,1111.7715,773.61707,1097.4243,0.7322698
780.1905,1111.7715,791.87726,1097.4485,0.9327847
838.7048,1111.7715,850.3858,1097.2885,0.6662054
858.20953,1111.7715,871.5518,1097.3943,0.98254114
877.7143,1111.7715,890.90656,1097.7421,0.9892417
897.21906,1111.7715,910.1161,1097.1827,0.98623586
916.7238,1111.7715,929.19305,1097.6979,0.979679
936.22864,1111.7715,948.72363,1097.7866,0.56632984
955.7334,1111.7715,966.8622,1097.9558,0.82226413
975.23816,1111.7715,987.511,1097.0485,0.9288793
994.7429,1111.7715,1006.74036,1097.3848,0.9116673
1014.2477,1111.7715,1027.0547,1099.1241,0.9077064
1033.7524,1111.7715,1047.0323,1097.5061,0.9558143
1053.2572,1111.7715,1068.0103,1097.933,0.9051648
1072.762,1111.7715,1085.8685,1097.3983,0.9070865
1092.2667,1111.7715,1105.6283,1098.3788,0.78917235
1111.7715,1111.7715,1125.8049,1099.3071,0.9822933
1131.2762,1111.7715,1145.0536,1097.9932,0.93452257
1150.781,1111.7715,1164.8916,1098.2003,0.9655192
1170.2858,1111.7715,1183.8213,1097.0868,0.9401308
1189.7905,1111.7715,1201.8094,1098.1407,0.7625899
1209.2953,1111.7715,1221.1016,1098.3356,0.93273634
1228.8,1111.7715,1240.162,1098.9066,0.9180928
1248.3048,1111.7715,1260.5222,1097.3861,0.24499825
1287.3143,1111.7715,1301.3988,1097.558,0.42968816
1306.8191,1111.7715,1319.8253,1099.2659,0.79438627
1326.3239,1111.7715,1340.0278,1098.7092,0.7650266
1345.8286,1111.7715,1357.9323,1099.0438,0.71452564
1365.3334,1111.7715,1376.8835,1099.1151,0.74615896
1384.8381,1111.7715,1397.5929,1098.3114,0.3792038
1404.3429,1111.7715,1417.2516,1098.3097,0.81961477
1423.8477,1111.7715,1436.0975,1097.6146,0.7598533
1443.3524,1111.7715,1455.9602,1098.5359,0.69370806
1462.8572,1111.7715,1474.4606,1097.9396,0.9738677
1482.3619,1111.7715,1494.3837,1099.0309,0.5483881
1501.8667,1111.7715,1515.3464,1099.3352,0.6166782
1521.3715,1111.7715,1532.4873,1099.1608,0.87308437
1540.8762,1111.7715,1553.2451,1099.523,0.6854967
1560.381,1111.7715,1574.6779,1100.1437,0.6403304
1579.8857,1111.7715,1592.8287,1097.8131,0.81637895
1599.3905,1111.7715,1611.3599,1099.0773,0.76175815
1618.8953,1111.7715,1630.9229,1099.4105,0.6934855
1638.4,1111.7715,1651.1969,1099.3802,0.81073415
1657.9048,1111.7715,1670.5996,1098.6454,0.91158885
1677.4095,1111.7715,1690.8582,1100.0408,0.7642067
1696.9143,1111.7715,1708.643,1099.4413,0.9057227
1716.4191,1111.7715,1729.2001,1100.0505,0.93708944
1735.9238,1111.7715,1749.0726,1099.9509,0.94910455
1755.4286,1111.7715,1769.1301,1099.4358,0.9293902
1774.9333,1111.7715,1787.5819,1098.3003,0.9010897
1794.4381,1111.7715,1806.1398,1099.0376,0.61251724
1813.9429,1111.7715,1827.4084,1099.167,0.6318185
1833.4476,1111.7715,1846.594,1099.8597,0.34582764
1852.9524,1111.7715,1864.7251,1098.6854,0.51411927
1891.962,1111.7715,1905.684,1099.933,0.6111428
1911.4668,1111.7715,1924.2952,1100.1624,0.7937627
1930.9716,1111.7715,1943.2864,1099.2921,0.92102736
1950.4763,1111.7715,1963.7094,1099.8295,0.74451417
1969.9811,1111.7715,1982.0338,1099.1539,0.729829
39.009525,1131.2762,51.279793,1115.6069,0.31166485
58.51429,1131.2762,70.50961,1115.108,0.61736023
78.01905,1131.2762,90.589645,1116.5138,0.6576687
97.52381,1131.2762,108.748665,1115.9564,0.88355297
117.02858,1131.2762,128.30235,1115.8225,0.45457736
136.53334,1131.2762,149.34421,1116.7556,0.89342594
156.0381,1131.2762,167.58302,1116.16,0.9647957
175.54286,1131.2762,187.03978,1115.6627,0.8538152
195.04762,1131.2762,207.06499,1116.0188,0.44837582
214.55238,1131.2762,225.11113,1114.6395,0.88836586
234.05716,1131.2762,247.52783,1115.8043,0.9265635
253.56192,1131.2762,266.0836,1115.7463,0.97987896
273.06668,1131.2762,285.34512,1115.3807,0.9476886
292.57144,1131.2762,304.33292,1114.9158,0.9698795
312.0762,1131.2762,326.90045,1116.8606,0.73244846
331.58096,1131.2762,345.6732,1115.8994,0.38859528
409.6,1131.2762,423.40036,1116.6016,0.38435656
429.10477,1131.2762,441.14978,1116.613,0.8621375
448.60953,1131.2762,462.07904,1116.4988,0.9678145
468.11432,1131.2762,480.6648,1116.4962,0.9902025
487.61908,1131.2762,500.69415,1116.0499,0.977624
507.12384,1131.2762,519.44617,1116.5737,0.92493784
526.6286,1131.2762,538.9012,1117.5197,0.84731835
546.13336,1131.2762,560.0234,1116.8163,0.95168346
565.6381,1131.2762,579.6654,1116.4869,0.9359722
585.1429,1131.2762,597.8862,1116.6396,0.9176483
604.64764,1131.2762,616.07294,1116.5433,0.9327058
624.1524,1131.2762,635.7007,1115.9976,0.8605172
643.65717,1131.2762,655.035,1116.3981,0.63862246
663.1619,1131.2762,675.67694,1115.938,0.83118784
682.6667,1131.2762,695.79126,1116.178,0.9482535
702.17145,1131.2762,714.7411,1116.3226,0.9754077
721.6762,1131.2762,734.16437,1116.6875,0.8816907
741.18097,1131.2762,752.81976,1117.133,0.92418665
760.6857,1131.2762,773.39545,1116.6311,0.78871286
780.1905,1131.2762,792.5138,1116.2017,0.664949
799.69525,1131.2762,811.81024,1116.4895,0.35935733
819.2,1131.2762,831.064,1116.7183,0.3938163
838.7048,1131.2762,851.25183,1117.0565,0.9786639
858.20953,1131.2762,868.97577,1117.1627,0.96283674
877.7143,1131.2762,890.0922,1117.9882,0.8559853
897.21906,1131.2762,909.73615,1117.1063,0.7169959
916.7238,1131.2762,927.7385,1116.7781,0.8858706
936.22864,1131.2762,947.719,1117.2666,0.75813663
955.7334,1131.2762,968.51715,1118.21,0.7715815
975.23816,1131.2762,988.56586,1117.4308,0.9138572
994.7429,1131.2762,1008.01825,1118.7887,0.90156907
1014.2477,1131.2762,1027.8564,1117.2797,0.70839804
1033.7524,1131.2762,1046.4303,1117.5828,0.85280675
1053.2572,1131.2762,1066.8319,1117.0667,0.8902133
1072.762,1131.2762,1087.395,1116.7942,0.95898813
1092.2667,1131.2762,1107.3491,1116.7378,0.9762893
1111.7715,1131.2762,1124.4984,1117.1241,0.94533026
1131.2762,1131.2762,1143.548,1116.702,0.8394075
1150.781,1131.2762,1163.7454,1117.0452,0.9456608
1170.2858,1131.2762,1184.7728,1117.1842,0.9645461
1189.7905,1131.2762,1203.6029,1118.6161,0.93626934
1209.2953,1131.2762,1221.275,1119.412,0.9191875
1228.8,1131.2762,1242.9156,1117.2953,0.9199557
1248.3048,1131.2762,1261.259,1117.2689,0.71792144
1267.8096,1131.2762,1280.0969,1117.4375,0.72495455
1287.3143,1131.2762,1300.3154,1117.6785,0.7535735
1326.3239,1131.2762,1339.399,1117.2384,0.8515666
1345.8286,1131.2762,1359.737,1117.5833,0.8829143
1365.3334,1131.2762,1376.4469,1118.6696,0.2374898
1384.8381,1131.2762,1397.8394,1118.2103,0.70061815
1404.3429,1131.2762,1416.8636,1117.6218,0.8926667
1423.8477,1131.2762,1435.0808,1117.7765,0.56356204
1443.3524,1131.2762,1455.8594,1117.7544,0.9203314
1462.8572,1131.2762,1474.0392,1117.9478,0.91150707
1482.3619,1131.2762,1495.0496,1118.0677,0.9253339
1501.8667,1131.2762,1513.7352,1117.7208,0.9520152
1521.3715,1131.2762,1533.8213,1118.3907,0.9601897
1540.8762,1131.2762,1552.7798,1118.17,0.6215685
1560.381,1131.2762,1573.3947,1118.8573,0.7600195
1579.8857,1131.2762,1592.8054,1118.1709,0.85441804
1599.3905,1131.2762,1612.0983,1118.0547,0.4442049
1618.8953,1131.2762,1630.8035,1119.0831,0.34791422
1638.4,1131.2762,1651.184,1118.2906,0.85791606
1657.9048,1131.2762,1668.7611,1117.9951,0.34059906
1677.4095,1131.2762,1690.0271,1118.9358,0.9516449
1696.9143,1131.2762,1709.4644,1118.8484,0.85375196
1716.4191,1131.2762,1728.905,1118.4634,0.97931606
1735.9238,1131.2762,1748.956,1118.0363,0.9009588
1755.4286,1131.2762,1767.671,1118.5629,0.80530685
1774.9333,1131.2762,1786.1437,1119.4999,0.87640095
1794.4381,1131.2762,1806.628,1120.177,0.8435826
1813.9429,1131.2762,1826.5839,1118.9976,0.5719219
1833.4476,1131.2762,1845.5665,1117.7976,0.7709483
1852.9524,1131.2762,1865.5607,1119.1396,0.5687368
1872.4573,1131.2762,1886.0952,1119.2594,0.79745716
1891.962,1131.2762,1903.3275,1117.3424,0.6517983
1911.4668,1131.2762,1924.2407,1119.5844,0.8188546
1930.9716,1131.2762,1942.0977,1119.4752,0.7713211
1950.4763,1131.2762,1963.1713,1119.578,0.94295114
1969.9811,1131.2762,1981.9269,1119.2306,0.7303268
58.51429,1150.781,70.89048,1134.947,0.75507563
78.01905,1150.781,90.30971,1135.5753,0.8284056
97.52381,1150.781,108.52371,1134.7412,0.7072361
117.02858,1150.781,128.62125,1135.619,0.9138547
136.53334,1150.781,147.67467,1135.1646,0.9217414
156.0381,1150.781,167.7027,1135.5452,0.86292493
175.54286,1150.781,187.05452,1136.1171,0.4721526
214.55238,1150.781,225.60966,1135.0585,0.92031986
234.05716,1150.781,246.89874,1135.5515,0.9594769
253.56192,1150.781,266.37805,1135.081,0.95323014
273.06668,1150.781,284.66336,1134.9524,0.9592206
292.57144,1150.781,305.08688,1135.063,0.95913506
312.0762,1150.781,324.37704,1135.4991,0.885282
331.58096,1150.781,343.14374,1136.0828,0.779515
351.08572,1150.781,365.24146,1133.9791,0.49543253
409.6,1150.781,422.77054,1136.2772,0.43912026
429.10477,1150.781,441.92075,1135.8973,0.9074992
448.60953,1150.781,461.39102,1135.9623,0.9861566
468.11432,1150.781,479.99362,1135.0403,0.9829214
487.61908,1150.781,499.94537,1135.5593,0.948783
507.12384,1150.781,520.4828,1136.1357,0.9418987
526.6286,1150.781,538.79144,1136.6854,0.8730214
546.13336,1150.781,558.6018,1136.3647,0.9607822
565.6381,1150.781,578.27594,1135.5372,0.976635
585.1429,1150.781,598.9924,1135.9298,0.97709733
604.64764,1150.781,616.8992,1135.5682,0.96593434
624.1524,1150.781,637.4081,1134.7551,0.98653895
643.65717,1150.781,655.90204,1135.8003,0.94715136
663.1619,1150.781,674.4414,1135.8043,0.9610919
682.6667,1150.781,695.2167,1134.8462,0.9617649
702.17145,1150.781,715.40955,1135.9843,0.91744614
721.6762,1150.781,733.74994,1136.7476,0.91621006
741.18097,1150.781,752.3972,1136.1735,0.76044816
760.6857,1150.781,772.25635,1136.2614,0.8338881
780.1905,1150.781,792.16907,1136.8546,0.76462066
799.69525,1150.781,811.15497,1136.1755,0.76260495
819.2,1150.781,831.4074,1136.6068,0.68929553
838.7048,1150.781,850.3894,1136.6392,0.97549725
858.20953,1150.781,869.13153,1136.9109,0.9877383
877.7143,1150.781,889.5566,1137.4066,0.872011
897.21906,1150.781,909.5198,1136.2032,0.6689588
916.7238,1150.781,927.8258,1136.3726,0.77398133
936.22864,1150.781,948.1693,1136.9182,0.57770044
955.7334,1150.781,969.44824,1137.1461,0.95991105
975.23816,1150.781,987.82043,1137.2504,0.9925815
994.7429,1150.781,1006.9627,1136.7179,0.97233564
1014.2477,1150.781,1026.1135,1136.3927,0.8835137
1033.7524,1150.781,1046.8793,1136.3638,0.69964623
1053.2572,1150.781,1065.4169,1136.4993,0.51340026
1072.762,1150.781,1086.2594,1137.7588,0.63749254
1092.2667,1150.781,1106.6755,1135.5974,0.98661494
1111.7715,1150.781,1124.1566,1136.6583,0.92041844
1131.2762,1150.781,1144.3726,1136.8943,0.93499696
1150.781,1150.781,1163.7693,1135.832,0.9777064
1170.2858,1150.781,1184.2056,1136.7319,0.98205066
1189.7905,1150.781,1203.333,1136.2186,0.9962868
1209.2953,1150.781,1221.6865,1136.0906,0.9881303
1228.8,1150.781,1241.3739,1137.3771,0.9413586
1248.3048,1150.781,1260.6178,1137.6254,0.71562177
1267.8096,1150.781,1280.8395,1136.518,0.6415234
1287.3143,1150.781,1300.7539,1138.7043,0.5974679
1306.8191,1150.781,1321.1078,1137.8888,0.8691189
1326.3239,1150.781,1337.4358,1136.6495,0.68253493
1345.8286,1150.781,1357.9438,1136.9738,0.4819281
1365.3334,1150.781,1378.8966,1137.3408,0.6164417
1384.8381,1150.781,1396.8698,1137.6552,0.8663031
1404.3429,1150.781,1416.5815,1136.9476,0.85391307
1423.8477,1150.781,1435.3345,1137.3663,0.37558407
1443.3524,1150.781,1455.7185,1137.9523,0.94310313
1462.8572,1150.781,1474.5732,1137.8267,0.92804587
1482.3619,1150.781,1495.2421,1138.1838,0.8881156
1501.8667,1150.781,1514.9896,1137.9758,0.85215247
1521.3715,1150.781,1533.6249,1137.8396,0.92566556
1540.8762,1150.781,1553.4008,1137.4327,0.60336775
1560.381,1150.781,1573.7887,1137.8027,0.92163587
1579.8857,1150.781,1592.0718,1137.0831,0.6208406
1599.3905,1150.781,1612.3966,1137.7856,0.5025797
1618.8953,1150.781,1632.0731,1138.1008,0.66707563
1638.4,1150.781,1651.1749,1137.2153,0.9913504
1657.9048,1150.781,1670.0508,1138.131,0.74725085
1677.4095,1150.781,1688.83,1138.4545,0.877693
1696.9143,1150.781,1710.1085,1137.5259,0.93151194
1716.4191,1150.781,1729.1274,1138.1874,0.9493425
1735.9238,1150.781,1748.0643,1137.7028,0.95190954
1755.4286,1150.781,1767.9856,1138.5822,0.9196469
1774.9333,1150.781,1786.7048,1137.9197,0.9174845
1794.4381,1150.781,1806.899,1138.0985,0.51805735
1813.9429,1150.781,1826.3989,1138.4827,0.38271546
1833.4476,1150.781,1846.2114,1137.1135,0.78133196
1852.9524,1150.781,1865.5494,1138.2441,0.8998427
1872.4573,1150.781,1884.8282,1139.2452,0.9150234
1891.962,1150.781,1905.5457,1138.6039,0.6988603
1911.4668,1150.781,1924.9598,1138.0583,0.89332616
1930.9716,1150.781,1943.1615,1136.8826,0.9463992
1950.4763,1150.781,1963.6953,1138.8273,0.77397877
1969.9811,1150.781,1982.5175,1138.726,0.8947009
58.51429,1170.2858,70.68374,1154.8018,0.853388
78.01905,1170.2858,90.57589,1154.1542,0.6317238
97.52381,1170.2858,108.55974,1154.661,0.5345264
117.02858,1170.2858,130.23744,1153.9781,0.915238
136.53334,1170.2858,149.07887,1153.4376,0.98397017
156.0381,1170.2858,169.51172,1153.4923,0.9400446
175.54286,1170.2858,187.1309,1154.0825,0.81143105
195.04762,1170.2858,206.28238,1154.163,0.6998236
214.55238,1170.2858,225.61418,1155.219,0.7882536
234.05716,1170.2858,246.3107,1154.6475,0.88019055
253.56192,1170.2858,266.2793,1154.9076,0.7665865
273.06668,1170.2858,284.00192,1154.3691,0.8834899
292.57144,1170.2858,305.4213,1154.7056,0.96383333
312.0762,1170.2858,325.08136,1155.8363,0.93948203
331.58096,1170.2858,343.5809,1156.9752,0.7243576
351.08572,1170.2858,362.0814,1155.0498,0.7025641
370.59048,1170.2858,382.37088,1155.3944,0.7930313
390.09525,1170.2858,403.26254,1155.7488,0.87719923
409.6,1170.2858,422.65442,1156.0529,0.6378294
429.10477,1170.2858,441.55984,1155.8981,0.6068236
448.60953,1170.2858,460.46902,1155.7096,0.95476496
468.11432,1170.2858,479.6215,1154.7396,0.969851
487.61908,1170.2858,500.5595,1155.5884,0.78035045
507.12384,1170.2858,519.1696,1155.2494,0.96544605
526.6286,1170.2858,539.03296,1155.1633,0.97443295
546.13336,1170.2858,557.7246,1155.4387,0.9693687
565.6381,1170.2858,578.5799,1155.6965,0.9439338
585.1429,1170.2858,598.9509,1155.5408,0.98106444
604.64764,1170.2858,616.0841,1155.3013,0.9251881
624.1524,1170.2858,636.6469,1155.4094,0.94630766
643.65717,1170.2858,657.48145,1154.0933,0.979737
663.1619,1170.2858,676.84576,1155.0868,0.9909044
682.6667,1170.2858,695.3077,1155.5298,0.82971656
702.17145,1170.2858,715.41223,1155.7474,0.56506795
721.6762,1170.2858,733.27344,1155.3401,0.83883244
741.18097,1170.2858,753.293,1155.663,0.9372649
760.6857,1170.2858,772.041,1155.4954,0.96066356
780.1905,1170.2858,792.4673,1155.9568,0.78483707
799.69525,1170.2858,812.8518,1155.6698,0.7424638
819.2,1170.2858,832.9731,1155.6777,0.9270532
838.7048,1170.2858,850.7243,1155.3308,0.9915859
858.20953,1170.2858,870.46155,1155.8932,0.99528444
877.7143,1170.2858,888.8572,1155.9153,0.9929827
897.21906,1170.2858,908.8916,1155.574,0.8440781
916.7238,1170.2858,927.82324,1155.6698,0.9201108
936.22864,1170.2858,949.40533,1156.1078,0.90543824
955.7334,1170.2858,967.72833,1155.8699,0.9792866
975.23816,1170.2858,987.3062,1156.1163,0.99135077
994.7429,1170.2858,1007.46045,1155.874,0.9930185
1014.2477,1170.2858,1027.8872,1156.2179,0.9550122
1033.7524,1170.2858,1047.6647,1155.9419,0.8910962
1053.2572,1170.2858,1066.218,1155.9434,0.7077675
1072.762,1170.2858,1085.2252,1155.6133,0.87674004
1092.2667,1170.2858,1105.8595,1155.7402,0.87763864
1111.7715,1170.2858,1124.5553,1155.9183,0.9746235
1131.2762,1170.2858,1143.9226,1155.9503,0.8085537
1150.781,1170.2858,1165.1821,1157.2899,0.90548414
1170.2858,1170.2858,1182.8097,1156.6307,0.95267165
1189.7905,1170.2858,1202.5236,1155.808,0.97230136
1209.2953,1170.2858,1221.3185,1155.7283,0.9414632
1228.8,1170.2858,1241.601,1156.0767,0.37369573
1248.3048,1170.2858,1261.3668,1156.3706,0.58380526
1267.8096,1170.2858,1281.0736,1157.0309,0.78503865
1287.3143,1170.2858,1299.5865,1156.0383,0.28117016
1306.8191,1170.2858,1318.1853,1156.5054,0.63744146
1326.3239,1170.2858,1338.6403,1156.987,0.8121541
1345.8286,1170.2858,1358.5255,1156.7568,0.87918186
1365.3334,1170.2858,1378.5366,1156.953,0.7999388
1384.8381,1170.2858,1397.7771,1155.5752,0.9134872
1404.3429,1170.2858,1417.3607,1156.3613,0.9668344
1423.8477,1170.2858,1436.4637,1156.4629,0.5016775
1443.3524,1170.2858,1456.752,1156.6534,0.82784814
1462.8572,1170.2858,1475.9775,1156.6447,0.9693768
1482.3619,1170.2858,1494.7133,1157.6266,0.8716876
1501.8667,1170.2858,1515.1118,1157.2681,0.9853919
1521.3715,1170.2858,1532.9282,1157.2844,0.9616561
1540.8762,1170.2858,1553.3943,1156.7266,0.9757567
1560.381,1170.2858,1573.5216,1158.3284,0.97113574
1579.8857,1170.2858,1592.667,1157.6304,0.7681953
1599.3905,1170.2858,1613.7566,1157.7026,0.6961917
1618.8953,1170.2858,1630.7762,1158.2153,0.93726957
1638.4,1170.2858,1651.5712,1158.1616,0.94333327
1657.9048,1170.2858,1669.7952,1157.3824,0.5376443
1677.4095,1170.2858,1690.2141,1157.5366,0.8253529
1696.9143,1170.2858,1708.5833,1157.5526,0.7456993
1716.4191,1170.2858,1729.1554,1157.5421,0.85639614
1735.9238,1170.2858,1748.02,1158.3157,0.69082415
1755.4286,1170.2858,1767.8503,1157.5917,0.96672964
1774.9333,1170.2858,1785.6906,1158.3833,0.6385287
1794.4381,1170.2858,1805.9033,1158.7662,0.73510814
1813.9429,1170.2858,1826.52,1158.1694,0.61224157
1833.4476,1170.2858,1845.9839,1157.3333,0.53614336
1852.9524,1170.2858,1865.5698,1157.7643,0.89240324
1872.4573,1170.2858,1886.7714,1158.1354,0.96888334
1891.962,1170.2858,1905.3877,1158.1067,0.9440579
1911.4668,1170.2858,1924.1982,1156.5073,0.97143555
1930.9716,1170.2858,1943.7361,1157.9894,0.9199195
1950.4763,1170.2858,1964.03,1157.1865,0.69030136
1969.9811,1170.2858,1982.9025,1158.7706,0.74194884
39.009525,1189.7905,51.80436,1172.8558,0.3578066
58.51429,1189.7905,71.57209,1173.7336,0.39582297
78.01905,1189.7905,90.51059,1174.0117,0.9164595
97.52381,1189.7905,109.145515,1174.5275,0.3420939
117.02858,1189.7905,129.42749,1174.3881,0.9309158
136.53334,1189.7905,149.87846,1174.7811,0.9949382
156.0381,1189.7905,168.69438,1174.7908,0.9311398
175.54286,1189.7905,186.77983,1174.6865,0.802193
195.04762,1189.7905,207.87326,1174.7037,0.7513767
214.55238,1189.7905,226.10362,1174.7994,0.92313653
234.05716,1189.7905,245.13191,1175.0564,0.91195476
253.56192,1189.7905,265.1884,1174.3292,0.8526271
273.06668,1189.7905,285.0601,1173.7887,0.80046016
292.57144,1189.7905,304.59894,1174.1096,0.93695766
312.0762,1189.7905,324.07083,1175.0668,0.9752775
331.58096,1189.7905,344.0826,1175.1295,0.9949257
351.08572,1189.7905,363.45547,1174.827,0.93276346
370.59048,1189.7905,383.06427,1175.4861,0.95289147
390.09525,1189.7905,402.79904,1174.8458,0.96208084
409.6,1189.7905,421.28638,1174.2595,0.7304067
429.10477,1189.7905,441.74518,1175.324,0.8795233
448.60953,1189.7905,459.27457,1175.6635,0.88147706
468.11432,1189.7905,481.1474,1175.7262,0.872594
487.61908,1189.7905,499.65604,1175.0813,0.9021267
507.12384,1189.7905,519.37573,1174.6481,0.9290143
526.6286,1189.7905,538.40106,1174.9833,0.7410227
546.13336,1189.7905,559.4893,1175.1844,0.95646894
565.6381,1189.7905,579.25836,1174.8965,0.96221054
585.1429,1189.7905,598.1602,1175.0176,0.9562023
604.64764,1189.7905,615.30096,1175.1661,0.87469655
624.1524,1189.7905,635.285,1175.0618,0.8117871
643.65717,1189.7905,654.5703,1176.3282,0.84884965
663.1619,1189.7905,674.25714,1175.4478,0.78687507
682.6667,1189.7905,693.78375,1175.9058,0.435751
702.17145,1189.7905,713.4188,1175.422,0.40674308
721.6762,1189.7905,735.1559,1174.5234,0.6631729
741.18097,1189.7905,754.1477,1176.4133,0.8506633
760.6857,1189.7905,773.01825,1175.0709,0.9946832
780.1905,1189.7905,792.92413,1175.609,0.98173934
799.69525,1189.7905,811.6511,1176.4279,0.9652179
819.2,1189.7905,831.55554,1175.0575,0.9632338
838.7048,1189.7905,852.1215,1174.3468,0.9981599
858.20953,1189.7905,870.59644,1175.1511,0.99844617
877.7143,1189.7905,890.0457,1175.3579,0.99414545
897.21906,1189.7905,910.1621,1174.9413,0.9445984
916.7238,1189.7905,928.38947,1175.3322,0.9396059
936.22864,1189.7905,947.70953,1175.8851,0.9131929
955.7334,1189.7905,967.07434,1176.1802,0.9918897
975.23816,1189.7905,986.3864,1176.3176,0.97599477
994.7429,1189.7905,1007.85754,1175.4575,0.9945425
1014.2477,1189.7905,1026.4607,1175.5863,0.9772809
1033.7524,1189.7905,1045.5583,1176.0612,0.7401668
1053.2572,1189.7905,1064.21,1175.4421,0.82053626
1072.762,1189.7905,1084.7955,1175.8904,0.92749363
1092.2667,1189.7905,1106.3815,1175.8142,0.87666714
1111.7715,1189.7905,1125.4596,1175.5767,0.95063627
1131.2762,1189.7905,1143.1385,1175.6201,0.9241064
1150.781,1189.7905,1162.7539,1175.4982,0.80981
1170.2858,1189.7905,1182.773,1176.7783,0.6347945
1189.7905,1189.7905,1201.7438,1175.804,0.8883639
1209.2953,1189.7905,1220.5488,1175.4167,0.7625439
1228.8,1189.7905,1242.3525,1176.5103,0.65320617
1248.3048,1189.7905,1262.5511,1176.7861,0.8568546
1267.8096,1189.7905,1280.6981,1176.6967,0.8808038
1287.3143,1189.7905,1300.1171,1175.9613,0.8277644
1306.8191,1189.7905,1318.985,1176.5383,0.3633644
1326.3239,1189.7905,1337.9436,1176.6405,0.7121448
1345.8286,1189.7905,1357.5365,1175.1605,0.7521103
1365.3334,1189.7905,1377.8125,1175.3489,0.8710916
1384.8381,1189.7905,1397.2028,1175.7258,0.34740934
1404.3429,1189.7905,1416.4839,1176.6345,0.8182936
1423.8477,1189.7905,1434.4257,1176.2064,0.8226223
1443.3524,1189.7905,1455.6311,1176.878,0.9919792
1462.8572,1189.7905,1474.4225,1176.3284,0.98832667
1482.3619,1189.7905,1495.3123,1177.2546,0.95712036
1501.8667,1189.7905,1514.9615,1176.7137,0.9237174
1521.3715,1189.7905,1532.9746,1176.9219,0.9262963
1540.8762,1189.7905,1553.596,1176.8015,0.96604353
1560.381,1189.7905,1573.466,1177.0499,0.8982754
1579.8857,1189.7905,1592.5872,1177.396,0.9009472
1599.3905,1189.7905,1611.6445,1176.1793,0.67170167
1618.8953,1189.7905,1631.8353,1176.8335,0.961782
1638.4,1189.7905,1651.2423,1176.5857,0.90853995
1657.9048,1189.7905,1670.4066,1177.3655,0.45182112
1677.4095,1189.7905,1689.493,1177.2065,0.35614553
1696.9143,1189.7905,1709.309,1177.6187,0.7338353
1716.4191,1189.7905,1729.1024,1177.3573,0.8869517
1735.9238,1189.7905,1748.0424,1176.5896,0.95794797
1755.4286,1189.7905,1768.0559,1177.2118,0.9619238
1774.9333,1189.7905,1786.7617,1176.3481,0.9240824
1794.4381,1189.7905,1806.3511,1176.5682,0.952009
1813.9429,1189.7905,1826.7573,1177.109,0.89447296
1833.4476,1189.7905,1845.5887,1178.4095,0.6908152
1852.9524,1189.7905,1865.8274,1177.6923,0.9618381
1872.4573,1189.7905,1886.5083,1178.463,0.8900457
1891.962,1189.7905,1905.1633,1177.8931,0.9564121
1911.4668,1189.7905,1923.4854,1178.1116,0.9780666
1930.9716,1189.7905,1943.012,1178.4823,0.97093344
1950.4763,1189.7905,1963.6763,1178.646,0.83313286
1969.9811,1189.7905,1983.9379,1176.8383,0.62659484
58.51429,1209.2953,70.72161,1193.3411,0.6273629
78.01905,1209.2953,90.98413,1193.009,0.85057235
97.52381,1209.2953,109.521095,1193.5975,0.5613177
117.02858,1209.2953,127.960434,1193.725,0.563039
136.53334,1209.2953,150.54976,1193.1633,0.9431855
156.0381,1209.2953,167.80287,1194.1132,0.933464
175.54286,1209.2953,187.53694,1194.1926,0.66421354
195.04762,1209.2953,208.1927,1193.9634,0.96297216
214.55238,1209.2953,226.64517,1193.2942,0.9597476
234.05716,1209.2953,245.58446,1193.4653,0.95309556
253.56192,1209.2953,265.72437,1193.6617,0.86994404
273.06668,1209.2953,284.39957,1194.2086,0.5689299
292.57144,1209.2953,305.54575,1193.2784,0.7761372
312.0762,1209.2953,324.68365,1193.1683,0.97706413
331.58096,1209.2953,342.90497,1194.5713,0.8337345
351.08572,1209.2953,363.87192,1193.9587,0.8386701
370.59048,1209.2953,382.6526,1194.3088,0.9379848
390.09525,1209.2953,402.16653,1194.4572,0.9447682
409.6,1209.2953,421.74927,1194.1189,0.9473347
429.10477,1209.2953,441.89322,1194.3204,0.912959
448.60953,1209.2953,459.95804,1194.6295,0.9127693
468.11432,1209.2953,480.88168,1194.1212,0.8633072
487.61908,1209.2953,500.1217,1195.1622,0.7206415
507.12384,1209.2953,518.9018,1194.41,0.38538152
526.6286,1209.2953,538.1096,1194.4,0.8084053
546.13336,1209.2953,558.8519,1194.3784,0.9274711
565.6381,1209.2953,577.3747,1194.6298,0.8610705
585.1429,1209.2953,598.3755,1194.3074,0.8824897
604.64764,1209.2953,616.15894,1194.6473,0.76003647
624.1524,1209.2953,635.06714,1195.0759,0.6285147
643.65717,1209.2953,654.5229,1194.6766,0.54721177
741.18097,1209.2953,753.5553,1195.1913,0.93051183
760.6857,1209.2953,773.01825,1194.7251,0.9987224
780.1905,1209.2953,793.00726,1194.8892,0.99060595
799.69525,1209.2953,812.1326,1195.0381,0.967689
819.2,1209.2953,831.99896,1195.1512,0.9788904
838.7048,1209.2953,849.3317,1194.6772,0.99355215
858.20953,1209.2953,870.4784,1194.683,0.99437153
877.7143,1209.2953,890.54095,1194.8857,0.9912044
897.21906,1209.2953,908.76984,1194.9186,0.8628147
916.7238,1209.2953,927.9046,1194.7937,0.6797079
936.22864,1209.2953,948.39825,1195.6407,0.97322845
955.7334,1209.2953,967.5059,1195.5775,0.88211584
975.23816,1209.2953,988.7392,1195.3724,0.9855296
994.7429,1209.2953,1007.1195,1194.759,0.99808353
1014.2477,1209.2953,1025.8834,1194.9922,0.9602038
1033.7524,1209.2953,1045.3557,1194.5735,0.8284512
1053.2572,1209.2953,1066.1572,1195.3893,0.9459546
1072.762,1209.2953,1084.4738,1195.2134,0.9063382
1092.2667,1209.2953,1104.2302,1195.682,0.84831053
1111.7715,1209.2953,1124.3683,1195.299,0.9767704
1131.2762,1209.2953,1143.9271,1194.7758,0.9064023
1150.781,1209.2953,1161.997,1194.7656,0.61743295
1170.2858,1209.2953,1183.3856,1195.3304,0.59599227
1189.7905,1209.2953,1202.1793,1194.9851,0.7859884
1209.2953,1209.2953,1221.6748,1195.7228,0.50792664
1228.8,1209.2953,1240.1132,1195.9929,0.26895374
1248.3048,1209.2953,1261.3254,1196.197,0.78240144
1267.8096,1209.2953,1279.8501,1196.1514,0.9132396
1287.3143,1209.2953,1301.2029,1195.0627,0.83099943
1306.8191,1209.2953,1319.4563,1196.5583,0.59959096
1326.3239,1209.2953,1337.7292,1195.9594,0.47931546
1345.8286,1209.2953,1357.6022,1195.7998,0.7721591
1365.3334,1209.2953,1378.97,1195.0385,0.61576575
1384.8381,1209.2953,1396.6571,1194.5403,0.83224034
1404.3429,1209.2953,1416.5209,1195.204,0.86031026
1423.8477,1209.2953,1436.9362,1195.553,0.5505509
1443.3524,1209.2953,1455.4524,1196.2067,0.9164521
1462.8572,1209.2953,1474.9495,1195.3513,0.96917045
1482.3619,1209.2953,1495.8636,1195.9208,0.94313437
1501.8667,1209.2953,1514.0406,1196.5125,0.86936975
1521.3715,1209.2953,1534.2941,1195.7017,0.839206
1540.8762,1209.2953,1553.4019,1196.6715,0.97043574
1560.381,1209.2953,1572.6194,1196.6858,0.8725341
1579.8857,1209.2953,1592.1913,1196.0258,0.9051939
1599.3905,1209.2953,1611.6024,1196.3125,0.94013953
1618.8953,1209.2953,1631.3877,1197.4739,0.97078925
1638.4,1209.2953,1650.8253,1196.6749,0.8287517
1657.9048,1209.2953,1670.5396,1197.7279,0.6044323
1677.4095,1209.2953,1690.0771,1196.477,0.8332051
1696.9143,1209.2953,1710.3184,1196.8658,0.9717088
1716.4191,1209.2953,1728.6656,1195.9332,0.9503479
1735.9238,1209.2953,1747.7332,1196.093,0.97188324
1755.4286,1209.2953,1768.2335,1196.2605,0.9153556
1774.9333,1209.2953,1787.6035,1197.598,0.9882016
1794.4381,1209.2953,1806.7244,1197.6461,0.99116176
1813.9429,1209.2953,1826.2888,1196.4517,0.9857375
1833.4476,1209.2953,1845.8196,1197.4482,0.9584716
1852.9524,1209.2953,1866.9352,1197.3961,0.9958345
1872.4573,1209.2953,1885.9467,1197.8634,0.9731347
1891.962,1209.2953,1904.6108,1197.729,0.89137965
1911.4668,1209.2953,1923.0234,1197.6755,0.8702205
1930.9716,1209.2953,1942.9258,1197.3859,0.96942556
1950.4763,1209.2953,1963.473,1197.6583,0.5113405
1969.9811,1209.2953,1983.3644,1196.9958,0.6532525
58.51429,1228.8,70.69744,1213.3314,0.80425704
97.52381,1228.8,109.16078,1212.7795,0.2695286
117.02858,1228.8,131.13133,1213.0597,0.48804587
136.53334,1228.8,148.74092,1212.8604,0.57777965
156.0381,1228.8,167.39194,1212.5712,0.86903465
175.54286,1228.8,187.37819,1212.1273,0.9564217
195.04762,1228.8,205.8346,1214.0355,0.9136148
214.55238,1228.8,227.66176,1213.5624,0.956636
234.05716,1228.8,246.79666,1213.5686,0.94159096
253.56192,1228.8,265.17825,1212.8933,0.84298855
273.06668,1228.8,286.41687,1211.4297,0.5847604
292.57144,1228.8,304.61395,1212.5363,0.6524183
312.0762,1228.8,322.61346,1213.7112,0.90506405
331.58096,1228.8,343.18945,1212.3899,0.8191092
351.08572,1228.8,362.17523,1213.1642,0.890212
370.59048,1228.8,381.2542,1213.5011,0.84760636
390.09525,1228.8,401.6108,1213.4452,0.4694599
409.6,1228.8,423.9154,1213.9607,0.8439764
429.10477,1228.8,441.76736,1214.0582,0.7434084
448.60953,1228.8,461.53882,1214.0862,0.43256474
468.11432,1228.8,479.9011,1213.7532,0.32159945
487.61908,1228.8,500.02155,1213.3936,0.21601741
526.6286,1228.8,538.30804,1213.5519,0.8165681
546.13336,1228.8,558.16614,1214.4192,0.9061448
565.6381,1228.8,578.1217,1214.3403,0.90368265
585.1429,1228.8,597.48785,1214.0715,0.9183002
604.64764,1228.8,615.87305,1214.1353,0.4047719
624.1524,1228.8,634.5911,1215.0864,0.2889214
643.65717,1228.8,655.17456,1214.1461,0.45760453
721.6762,1228.8,733.81274,1214.4785,0.36638734
741.18097,1228.8,752.24,1214.4136,0.9755995
760.6857,1228.8,773.6764,1214.7535,0.99613804
780.1905,1228.8,792.80115,1214.2855,0.82650065
799.69525,1228.8,811.5047,1214.3125,0.879472
819.2,1228.8,830.7396,1213.9076,0.8498127
838.7048,1228.8,852.04297,1213.7513,0.92615163
858.20953,1228.8,871.37085,1213.9008,0.9949722
877.7143,1228.8,890.1244,1214.0203,0.9852757
897.21906,1228.8,911.0602,1214.2175,0.95265573
916.7238,1228.8,928.68774,1214.3898,0.9261973
936.22864,1228.8,948.36127,1214.9257,0.8903302
955.7334,1228.8,967.45386,1214.9822,0.7751809
975.23816,1228.8,987.9267,1214.964,0.78476393
994.7429,1228.8,1006.7308,1214.0109,0.9275584
1014.2477,1228.8,1026.1608,1214.4897,0.9857443
1033.7524,1228.8,1045.8926,1214.7549,0.9272305
1053.2572,1228.8,1066.6064,1214.9578,0.9259765
1072.762,1228.8,1084.9443,1214.4059,0.8167462
1092.2667,1228.8,1105.8297,1215.8756,0.7290839
1111.7715,1228.8,1124.5385,1214.9836,0.8589846
1131.2762,1228.8,1144.2289,1215.1344,0.95710117
1150.781,1228.8,1163.1346,1214.2874,0.81604797
1170.2858,1228.8,1183.2938,1214.3243,0.6682242
1189.7905,1228.8,1204.9735,1214.4258,0.85021013
1209.2953,1228.8,1222.1012,1215.7134,0.72955865
1228.8,1228.8,1241.0312,1215.7225,0.40981948
1248.3048,1228.8,1261.8789,1215.3118,0.9199992
1267.8096,1228.8,1281.2662,1215.1456,0.67935115
1287.3143,1228.8,1299.5972,1215.3562,0.3815822
1345.8286,1228.8,1358.5333,1214.9989,0.91912884
1365.3334,1228.8,1377.669,1215.3386,0.88788414
1384.8381,1228.8,1397.1559,1215.4951,0.7459961
1404.3429,1228.8,1416.3312,1214.5391,0.42219266
1443.3524,1228.8,1455.9691,1213.9701,0.77158314
1462.8572,1228.8,1475.5842,1213.9758,0.8902644
1482.3619,1228.8,1494.186,1214.8514,0.92465615
1501.8667,1228.8,1515.9285,1216.7794,0.85704476
1521.3715,1228.8,1534.5588,1215.6222,0.9699652
1540.8762,1228.8,1553.5999,1216.6161,0.91602355
1560.381,1228.8,1573.5406,1215.961,0.8159038
1579.8857,1228.8,1592.2689,1217.5485,0.24241206
1599.3905,1228.8,1611.776,1216.5511,0.55288374
1618.8953,1228.8,1631.6676,1217.0919,0.7942148
1638.4,1228.8,1651.5964,1215.7048,0.9450431
1657.9048,1228.8,1670.1749,1216.4153,0.88458276
1677.4095,1228.8,1689.1328,1215.2,0.9282524
1696.9143,1228.8,1709.4998,1216.7252,0.9594806
1716.4191,1228.8,1728.6093,1216.7355,0.8960765
1735.9238,1228.8,1747.9958,1215.657,0.92776686
1755.4286,1228.8,1767.7008,1216.0515,0.9828358
1774.9333,1228.8,1787.6364,1216.9888,0.9726088
1794.4381,1228.8,1806.9247,1216.4352,0.997712
1813.9429,1228.8,1827.0769,1217.2058,0.995619
1833.4476,1228.8,1845.7108,1217.6052,0.99163824
1852.9524,1228.8,1866.8647,1215.7505,0.98873174
1872.4573,1228.8,1885.7566,1216.7053,0.9866876
1891.962,1228.8,1905.2297,1215.6924,0.9375047
1911.4668,1228.8,1923.7313,1215.4315,0.9660032
1930.9716,1228.8,1943.2808,1216.9634,0.7337438
1950.4763,1228.8,1963.6249,1217.2101,0.44170928
1969.9811,1228.8,1984.1777,1217.5734,0.8147859
39.009525,1248.3048,51.824657,1231.9053,0.4168536
58.51429,1248.3048,69.9708,1231.6316,0.7448838
78.01905,1248.3048,89.857834,1232.6395,0.8912387
97.52381,1248.3048,110.512,1232.6583,0.44552526
117.02858,1248.3048,129.1219,1232.9974,0.60685545
136.53334,1248.3048,148.41513,1232.6156,0.51682746
156.0381,1248.3048,168.91573,1233.12,0.97054046
175.54286,1248.3048,188.94853,1232.735,0.96546835
195.04762,1248.3048,206.94713,1233.9307,0.9528846
214.55238,1248.3048,226.40955,1232.9431,0.9106631
234.05716,1248.3048,246.65704,1233.3666,0.9488901
253.56192,1248.3048,265.21347,1233.3104,0.87594235
273.06668,1248.3048,284.6312,1232.7272,0.96823555
292.57144,1248.3048,303.5822,1233.179,0.9735922
312.0762,1248.3048,322.6571,1232.4487,0.8645188
331.58096,1248.3048,342.29767,1232.2418,0.4455997
351.08572,1248.3048,362.88245,1233.267,0.8363423
370.59048,1248.3048,381.72806,1232.8289,0.6953424
390.09525,1248.3048,401.7786,1233.2483,0.37943935
409.6,1248.3048,421.09338,1233.8923,0.7417648
429.10477,1248.3048,441.657,1233.3676,0.71805453
448.60953,1248.3048,461.4137,1233.2981,0.8944819
468.11432,1248.3048,479.81958,1232.9386,0.6224619
487.61908,1248.3048,499.2615,1233.6987,0.66339564
507.12384,1248.3048,518.12256,1232.7007,0.42255735
526.6286,1248.3048,539.35254,1233.1534,0.9710188
546.13336,1248.3048,559.422,1234.66,0.99243766
565.6381,1248.3048,576.4964,1233.555,0.97063524
585.1429,1248.3048,596.7588,1233.276,0.97758406
604.64764,1248.3048,615.5925,1233.588,0.8199892
624.1524,1248.3048,635.22125,1233.823,0.61571157
643.65717,1248.3048,656.1068,1233.8743,0.697296
663.1619,1248.3048,676.151,1233.7961,0.44091907
682.6667,1248.3048,694.0582,1233.5632,0.24427807
702.17145,1248.3048,713.2792,1233.8346,0.41389537
721.6762,1248.3048,733.9538,1233.7548,0.7380031
741.18097,1248.3048,753.32025,1233.8365,0.8496545
760.6857,1248.3048,771.95685,1234.1006,0.91552675
799.69525,1248.3048,811.3977,1233.3347,0.5268946
819.2,1248.3048,831.60754,1233.5637,0.8305408
838.7048,1248.3048,849.835,1233.7423,0.82990265
858.20953,1248.3048,870.24615,1234.0955,0.90928334
877.7143,1248.3048,891.4687,1233.6708,0.92923766
897.21906,1248.3048,910.66486,1233.2565,0.94047695
916.7238,1248.3048,928.8717,1233.8992,0.96636814
936.22864,1248.3048,947.63727,1233.5951,0.9161069
955.7334,1248.3048,969.0763,1233.783,0.76266235
975.23816,1248.3048,987.5417,1234.9589,0.7620057
994.7429,1248.3048,1006.7385,1235.0398,0.9279269
1014.2477,1248.3048,1026.7821,1234.5028,0.9734559
1033.7524,1248.3048,1045.8197,1235.4998,0.9364568
1053.2572,1248.3048,1066.4785,1234.5564,0.9655416
1072.762,1248.3048,1084.641,1234.0105,0.77414143
1092.2667,1248.3048,1104.5322,1234.8,0.3636919
1111.7715,1248.3048,1124.5955,1234.6461,0.9331996
1131.2762,1248.3048,1143.137,1234.393,0.9810009
1150.781,1248.3048,1163.7437,1234.1395,0.9818944
1170.2858,1248.3048,1184.466,1235.1688,0.9185628
1209.2953,1248.3048,1221.4186,1235.1592,0.9561674
1228.8,1248.3048,1241.3629,1235.875,0.8910186
1248.3048,1248.3048,1261.6952,1234.5256,0.85905224
1267.8096,1248.3048,1279.2839,1234.4974,0.44760486
1306.8191,1248.3048,1318.4255,1235.3054,0.24819088
1326.3239,1248.3048,1339.1592,1234.9154,0.49547285
1345.8286,1248.3048,1357.7278,1234.6414,0.68343705
1365.3334,1248.3048,1378.7853,1234.8179,0.37200302
1384.8381,1248.3048,1397.7377,1234.2291,0.41036487
1443.3524,1248.3048,1455.7577,1234.4039,0.95510423
1462.8572,1248.3048,1476.0767,1234.6559,0.92058164
1482.3619,1248.3048,1495.0365,1236.7712,0.95143217
1501.8667,1248.3048,1513.8007,1235.3245,0.9294473
1521.3715,1248.3048,1533.3137,1234.5145,0.9604379
1540.8762,1248.3048,1554.423,1235.5159,0.9697949
1560.381,1248.3048,1572.592,1234.7495,0.7475294
1599.3905,1248.3048,1612.4447,1234.947,0.4409655
1618.8953,1248.3048,1631.3939,1235.3628,0.6269991
1638.4,1248.3048,1652.1205,1235.0658,0.9832711
1657.9048,1248.3048,1670.2505,1235.4973,0.91005343
1677.4095,1248.3048,1690.5138,1235.54,0.95442176
1696.9143,1248.3048,1709.4086,1235.7151,0.9680094
1716.4191,1248.3048,1727.9114,1236.1653,0.91018885
1735.9238,1248.3048,1747.3745,1235.2903,0.96044004
1755.4286,1248.3048,1769.2461,1234.705,0.9761394
1774.9333,1248.3048,1786.5188,1236.1702,0.98654664
1794.4381,1248.3048,1807.5616,1236.1681,0.98012537
1813.9429,1248.3048,1825.6932,1235.7727,0.99472296
1833.4476,1248.3048,1845.2605,1235.8295,0.98474073
1852.9524,1248.3048,1866.3711,1234.9846,0.98622197
1872.4573,1248.3048,1885.5819,1235.4652,0.9731083
1891.962,1248.3048,1905.3582,1236.1464,0.624864
1911.4668,1248.3048,1925.1561,1236.1367,0.97021276
1930.9716,1248.3048,1943.2776,1234.7874,0.9640219
1950.4763,1248.3048,1963.7225,1237.139,0.4231431
1969.9811,1248.3048,1985.0621,1237.3773,0.8571203
58.51429,1267.8096,69.61744,1252.1332,0.8616245
78.01905,1267.8096,89.41266,1252.3916,0.9309548
97.52381,1267.8096,109.67036,1252.7319,0.99040484
117.02858,1267.8096,128.6977,1252.1582,0.9141994
136.53334,1267.8096,149.56163,1251.5929,0.953794
156.0381,1267.8096,168.0946,1251.9783,0.9620034
175.54286,1267.8096,188.35799,1253.1871,0.99302995
195.04762,1267.8096,206.66098,1252.8036,0.93133444
214.55238,1267.8096,226.31418,1252.707,0.97123426
234.05716,1267.8096,245.38445,1252.3173,0.8745139
253.56192,1267.8096,265.77747,1252.3638,0.75980645
273.06668,1267.8096,285.13968,1252.75,0.7643245
292.57144,1267.8096,305.75092,1253.0278,0.9665231
312.0762,1267.8096,324.23328,1252.9674,0.9695101
331.58096,1267.8096,343.80356,1252.6797,0.58978426
351.08572,1267.8096,363.87854,1252.5177,0.93622303
370.59048,1267.8096,383.9327,1251.7534,0.9138813
390.09525,1267.8096,402.58163,1252.5969,0.5167112
409.6,1267.8096,422.2508,1253.1392,0.520097
429.10477,1267.8096,440.2702,1253.2762,0.8624521
448.60953,1267.8096,459.95016,1252.7538,0.9489665
468.11432,1267.8096,479.01627,1252.896,0.68907493
487.61908,1267.8096,499.83603,1253.4795,0.42963743
526.6286,1267.8096,538.78357,1252.1182,0.92369
546.13336,1267.8096,559.0834,1252.092,0.9538897
565.6381,1267.8096,578.8324,1252.7545,0.9847663
585.1429,1267.8096,596.54675,1252.673,0.9418003
604.64764,1267.8096,616.608,1253.0969,0.9400944
624.1524,1267.8096,634.8052,1253.1267,0.7972115
643.65717,1267.8096,655.65924,1253.124,0.92782366
682.6667,1267.8096,693.9049,1253.9089,0.37095398
702.17145,1267.8096,715.4863,1253.3658,0.6947953
721.6762,1267.8096,733.38855,1253.1843,0.6145592
741.18097,1267.8096,753.1826,1253.1852,0.27166742
760.6857,1267.8096,772.3262,1253.2584,0.3579828
799.69525,1267.8096,812.4139,1253.3358,0.54726195
819.2,1267.8096,831.12146,1253.6237,0.9408015
838.7048,1267.8096,851.58453,1253.0917,0.864434
858.20953,1267.8096,870.6364,1253.5768,0.91458243
877.7143,1267.8096,888.9652,1253.1208,0.9503999
897.21906,1267.8096,908.4047,1253.1309,0.9483251
916.7238,1267.8096,928.8961,1253.3254,0.91146874
936.22864,1267.8096,947.72095,1253.0331,0.63453853
955.7334,1267.8096,967.7929,1253.5657,0.5166216
975.23816,1267.8096,987.2906,1253.4701,0.54478586
994.7429,1267.8096,1007.36365,1253.9242,0.6596405
1014.2477,1267.8096,1026.023,1253.6011,0.94102126
1033.7524,1267.8096,1046.1638,1253.8611,0.97350407
1053.2572,1267.8096,1065.3875,1253.97,0.9700475
1072.762,1267.8096,1084.6416,1253.4772,0.9382113
1092.2667,1267.8096,1105.4032,1253.7656,0.90687054
1111.7715,1267.8096,1124.1135,1254.649,0.95242876
1131.2762,1267.8096,1142.7142,1253.857,0.99382037
1150.781,1267.8096,1162.7898,1253.6725,0.97323054
1170.2858,1267.8096,1181.9026,1253.7664,0.9112328
1189.7905,1267.8096,1202.0513,1253.8055,0.9640395
1209.2953,1267.8096,1222.6582,1254.1549,0.9742088
1228.8,1267.8096,1242.2734,1254.1133,0.9591936
1248.3048,1267.8096,1261.2051,1254.1654,0.9187485
1267.8096,1267.8096,1280.006,1254.1935,0.9421111
1287.3143,1267.8096,1299.8339,1254.1893,0.37963828
1326.3239,1267.8096,1338.4596,1254.9841,0.53173363
1345.8286,1267.8096,1357.8647,1254.289,0.77683955
1365.3334,1267.8096,1377.2681,1253.8815,0.7865829
1443.3524,1267.8096,1455.3276,1253.7408,0.8607163
1462.8572,1267.8096,1474.7532,1254.1228,0.9141709
1482.3619,1267.8096,1496.0663,1254.4548,0.90509474
1501.8667,1267.8096,1515.4207,1253.9243,0.9263685
1521.3715,1267.8096,1533.7635,1254.1481,0.90837514
1540.8762,1267.8096,1554.5763,1255.4768,0.88208574
1560.381,1267.8096,1572.5145,1254.59,0.9237501
1579.8857,1267.8096,1594.3379,1254.323,0.50991887
1599.3905,1267.8096,1611.1425,1254.8604,0.61604714
1618.8953,1267.8096,1631.2715,1254.948,0.9564333
1638.4,1267.8096,1651.2572,1254.1725,0.88607305
1657.9048,1267.8096,1669.3867,1255.4951,0.8047403
1677.4095,1267.8096,1688.9652,1254.5367,0.9024687
1696.9143,1267.8096,1708.7682,1255.2399,0.9119381
1716.4191,1267.8096,1728.7382,1255.6892,0.9106493
1735.9238,1267.8096,1747.9237,1254.5236,0.91236347
1755.4286,1267.8096,1767.9211,1255.7405,0.946381
1774.9333,1267.8096,1786.9299,1255.8925,0.8414902
1794.4381,1267.8096,1807.192,1255.5461,0.9712655
1813.9429,1267.8096,1826.6847,1256.2606,0.9915741
1833.4476,1267.8096,1847.219,1255.3016,0.96069574
1852.9524,1267.8096,1866.0757,1255.5029,0.91463834
1872.4573,1267.8096,1886.153,1254.9707,0.770823
1891.962,1267.8096,1904.7456,1255.0358,0.39427042
1911.4668,1267.8096,1923.1578,1255.1273,0.32837754
1930.9716,1267.8096,1943.7205,1254.9454,0.55337566
1950.4763,1267.8096,1963.6471,1254.9677,0.8406101
1969.9811,1267.8096,1982.9456,1255.7377,0.8159208
58.51429,1287.3143,69.96066,1272.309,0.8639831
78.01905,1287.3143,91.382744,1272.0513,0.9441988
97.52381,1287.3143,109.679924,1271.5013,0.9889093
117.02858,1287.3143,130.08577,1271.5236,0.88536394
136.53334,1287.3143,147.62096,1272.3975,0.95137733
156.0381,1287.3143,168.34833,1271.9932,0.9860538
175.54286,1287.3143,187.58244,1271.4312,0.9878375
195.04762,1287.3143,207.7896,1270.807,0.98983467
214.55238,1287.3143,227.30215,1271.7582,0.79099905
234.05716,1287.3143,245.63402,1272.2003,0.96106535
253.56192,1287.3143,265.8316,1271.9822,0.98063225
273.06668,1287.3143,285.57928,1272.2028,0.76305664
292.57144,1287.3143,305.25616,1271.8601,0.94470084
312.0762,1287.3143,324.6645,1272.1227,0.94292396
331.58096,1287.3143,343.8289,1272.4762,0.970226
351.08572,1287.3143,362.66678,1272.3627,0.9117958
370.59048,1287.3143,384.1302,1272.872,0.9637455
390.09525,1287.3143,402.66278,1269.7079,0.35060188
409.6,1287.3143,422.109,1271.4718,0.58334506
429.10477,1287.3143,441.82187,1272.4039,0.66975665
448.60953,1287.3143,460.38812,1271.8049,0.9537168
468.11432,1287.3143,481.05255,1272.5688,0.9537018
487.61908,1287.3143,499.00122,1272.559,0.7082709
507.12384,1287.3143,519.0024,1272.0406,0.4751212
526.6286,1287.3143,538.062,1272.5112,0.86341894
546.13336,1287.3143,557.7326,1272.3025,0.7544686
565.6381,1287.3143,577.6469,1272.0636,0.84412754
585.1429,1287.3143,598.12604,1271.3997,0.87046707
604.64764,1287.3143,615.7545,1272.5791,0.84676
624.1524,1287.3143,636.34393,1273.259,0.9478866
643.65717,1287.3143,656.64386,1273.1249,0.9923196
663.1619,1287.3143,675.3087,1272.6472,0.26650116
682.6667,1287.3143,694.96295,1272.6008,0.7266119
702.17145,1287.3143,714.3984,1272.2369,0.49992508
721.6762,1287.3143,733.9742,1272.4802,0.3572607
741.18097,1287.3143,753.2398,1273.1024,0.3655957
760.6857,1287.3143,771.9557,1272.8757,0.8199777
780.1905,1287.3143,791.0439,1272.9581,0.27148622
799.69525,1287.3143,812.55426,1273.1576,0.8475256
819.2,1287.3143,830.96857,1272.5825,0.6207999
838.7048,1287.3143,851.12305,1272.7253,0.8528269
858.20953,1287.3143,870.1881,1272.7987,0.88083
877.7143,1287.3143,889.1996,1272.5927,0.8220591
897.21906,1287.3143,909.38525,1272.6191,0.8684132
916.7238,1287.3143,927.0973,1272.9,0.8873948
936.22864,1287.3143,947.83673,1273.2411,0.7360122
955.7334,1287.3143,969.26605,1272.8077,0.9508116
975.23816,1287.3143,988.35876,1273.2173,0.97193235
994.7429,1287.3143,1007.61847,1272.7975,0.9610254
1014.2477,1287.3143,1024.8098,1273.5665,0.9421566
1033.7524,1287.3143,1046.6006,1272.8689,0.8805437
1053.2572,1287.3143,1066.356,1273.0278,0.620491
1072.762,1287.3143,1086.6699,1273.2144,0.91609085
1092.2667,1287.3143,1104.2312,1272.8901,0.7100101
1111.7715,1287.3143,1123.5581,1273.2362,0.94077986
1131.2762,1287.3143,1142.6464,1272.7655,0.99373674
1150.781,1287.3143,1163.6396,1273.142,0.98604906
1170.2858,1287.3143,1182.3364,1273.0814,0.70904344
1189.7905,1287.3143,1202.7134,1273.2047,0.779011
1209.2953,1287.3143,1222.5656,1273.5315,0.84652394
1228.8,1287.3143,1241.6304,1273.2491,0.9167281
1248.3048,1287.3143,1261.1866,1274.1825,0.9887533
1267.8096,1287.3143,1279.4248,1273.0258,0.9775651
1287.3143,1287.3143,1301.095,1273.2516,0.6272438
1306.8191,1287.3143,1319.4768,1275.0726,0.45863113
1326.3239,1287.3143,1338.7252,1274.1273,0.90164846
1345.8286,1287.3143,1357.8732,1273.3063,0.83961123
1365.3334,1287.3143,1378.366,1275.2037,0.70996165
1384.8381,1287.3143,1397.864,1273.0962,0.33539504
1443.3524,1287.3143,1455.8461,1273.5045,0.8651803
1462.8572,1287.3143,1474.8605,1274.827,0.906566
1482.3619,1287.3143,1495.7518,1275.9365,0.88612413
1501.8667,1287.3143,1515.2194,1274.7772,0.97427607
1521.3715,1287.3143,1534.4004,1274.4985,0.92523384
1540.8762,1287.3143,1553.3059,1273.7421,0.96251756
1560.381,1287.3143,1572.1082,1273.8829,0.6500895
1579.8857,1287.3143,1592.455,1274.7964,0.8802858
1599.3905,1287.3143,1611.767,1273.0026,0.9379665
1618.8953,1287.3143,1631.4034,1274.215,0.9077633
1638.4,1287.3143,1649.5337,1275.6487,0.98628324
1657.9048,1287.3143,1669.2262,1275.4283,0.9720879
1677.4095,1287.3143,1689.6285,1274.3252,0.9142685
1696.9143,1287.3143,1709.0448,1275.465,0.7719638
1716.4191,1287.3143,1729.1113,1275.473,0.81536835
1735.9238,1287.3143,1748.9175,1274.1726,0.7056775
1755.4286,1287.3143,1767.4816,1274.8741,0.69029814
1774.9333,1287.3143,1786.817,1274.7618,0.6393778
1794.4381,1287.3143,1806.5282,1274.6669,0.9234032
1813.9429,1287.3143,1826.4507,1274.8591,0.8732937
1833.4476,1287.3143,1846.7183,1273.9119,0.9252491
1852.9524,1287.3143,1865.5233,1274.3363,0.9066317
1872.4573,1287.3143,1885.8632,1274.9219,0.4258345
1891.962,1287.3143,1904.4666,1274.8347,0.588629
1911.4668,1287.3143,1924.6003,1274.7609,0.68401015
1930.9716,1287.3143,1945.2358,1276.5428,0.77779335
1950.4763,1287.3143,1964.548,1275.2935,0.9361108
1969.9811,1287.3143,1983.616,1274.9841,0.804416
39.009525,1306.8191,51.41514,1291.1029,0.33124003
58.51429,1306.8191,70.30123,1291.1912,0.7016559
78.01905,1306.8191,91.34888,1290.9082,0.8828005
97.52381,1306.8191,108.37999,1291.2328,0.974126
117.02858,1306.8191,129.08423,1291.0824,0.9135071
136.53334,1306.8191,149.4829,1291.6486,0.9665733
156.0381,1306.8191,168.31485,1292.4022,0.9804824
175.54286,1306.8191,187.98766,1291.5458,0.98542845
195.04762,1306.8191,207.95906,1290.1315,0.98703915
214.55238,1306.8191,227.12512,1290.5702,0.9843366
234.05716,1306.8191,246.54819,1291.486,0.95694673
253.56192,1306.8191,266.76205,1292.149,0.9274571
273.06668,1306.8191,285.7766,1291.573,0.66421396
292.57144,1306.8191,304.4577,1291.2559,0.51871264
312.0762,1306.8191,325.263,1291.319,0.9789448
331.58096,1306.8191,344.26144,1291.7505,0.9219609
351.08572,1306.8191,363.89124,1291.9346,0.96264446
370.59048,1306.8191,383.20175,1292.2079,0.945934
390.09525,1306.8191,401.26794,1290.7655,0.7678747
409.6,1306.8191,422.50555,1290.6268,0.87768245
429.10477,1306.8191,441.69342,1292.0262,0.84096396
448.60953,1306.8191,461.72278,1291.94,0.9570875
468.11432,1306.8191,480.47766,1291.8087,0.90501916
487.61908,1306.8191,498.7667,1292.0305,0.88188905
507.12384,1306.8191,518.9888,1291.5499,0.7407243
526.6286,1306.8191,538.6253,1292.0431,0.9560912
546.13336,1306.8191,558.88586,1291.7781,0.97386056
565.6381,1306.8191,577.86896,1290.8972,0.6939899
585.1429,1306.8191,598.45593,1292.1753,0.7248173
604.64764,1306.8191,615.97125,1292.2448,0.85674363
624.1524,1306.8191,635.73114,1292.6123,0.6691366
643.65717,1306.8191,656.9434,1292.4176,0.8231426
663.1619,1306.8191,674.59503,1292.0854,0.622721
682.6667,1306.8191,693.4363,1291.8945,0.56932986
702.17145,1306.8191,714.28455,1292.1702,0.27353743
721.6762,1306.8191,733.00494,1292.1093,0.73381853
741.18097,1306.8191,752.7205,1292.241,0.874371
760.6857,1306.8191,772.3539,1291.8896,0.89430696
780.1905,1306.8191,792.88544,1292.1117,0.8741853
799.69525,1306.8191,812.7603,1292.5038,0.8723399
819.2,1306.8191,832.3838,1292.4521,0.9601175
838.7048,1306.8191,851.1788,1292.2673,0.93408257
858.20953,1306.8191,869.4475,1292.2375,0.3092839
877.7143,1306.8191,890.24744,1292.2247,0.83936584
897.21906,1306.8191,909.22614,1292.435,0.8836492
916.7238,1306.8191,927.5363,1292.4215,0.9681644
936.22864,1306.8191,949.9996,1292.576,0.9511779
955.7334,1306.8191,969.8249,1292.1106,0.98402095
975.23816,1306.8191,988.85284,1291.8451,0.96903145
994.7429,1306.8191,1006.34894,1291.98,0.9792802
1014.2477,1306.8191,1027.2764,1292.3535,0.9755873
1033.7524,1306.8191,1047.4985,1291.8589,0.8169443
1053.2572,1306.8191,1065.6713,1292.0342,0.20900045
1072.762,1306.8191,1084.2571,1292.3978,0.8935031
1092.2667,1306.8191,1105.055,1292.6771,0.95828223
1111.7715,1306.8191,1124.2208,1292.5098,0.641121
1131.2762,1306.8191,1143.799,1292.7599,0.85906786
1150.781,1306.8191,1162.6132,1292.7076,0.9751962
1170.2858,1306.8191,1181.7626,1292.6106,0.9531991
1189.7905,1306.8191,1202.6403,1293.3048,0.71294075
1209.2953,1306.8191,1221.7268,1293.4055,0.40571588
1228.8,1306.8191,1241.7948,1292.2683,0.91534597
1248.3048,1306.8191,1260.902,1292.3002,0.9801562
1267.8096,1306.8191,1280.4434,1292.8374,0.95564795
1287.3143,1306.8191,1299.0134,1293.1934,0.84149736
1306.8191,1306.8191,1318.6266,1293.3787,0.84517926
1326.3239,1306.8191,1339.1871,1292.6796,0.8494033
1345.8286,1306.8191,1358.5603,1294.1901,0.7837526
1365.3334,1306.8191,1378.162,1293.9598,0.8044872
1384.8381,1306.8191,1398.5317,1294.9238,0.78368485
1423.8477,1306.8191,1436.6113,1294.1465,0.5365377
1443.3524,1306.8191,1456.7892,1294.0045,0.70729285
1462.8572,1306.8191,1475.6711,1292.851,0.8443756
1482.3619,1306.8191,1494.1584,1292.8718,0.49605167
1501.8667,1306.8191,1513.785,1293.6343,0.8246054
1521.3715,1306.8191,1533.7552,1293.6031,0.904642
1540.8762,1306.8191,1552.4136,1293.2097,0.79168665
1560.381,1306.8191,1571.3984,1294.147,0.76597315
1579.8857,1306.8191,1592.1096,1293.3005,0.9913147
1599.3905,1306.8191,1613.2764,1292.6533,0.9830491
1618.8953,1306.8191,1632.3197,1292.591,0.77401006
1638.4,1306.8191,1651.4387,1293.0046,0.8957511
1657.9048,1306.8191,1670.628,1293.4272,0.9444644
1677.4095,1306.8191,1689.2219,1294.1687,0.8276667
1696.9143,1306.8191,1707.9664,1294.9425,0.3874304
1716.4191,1306.8191,1728.1548,1293.9865,0.88754576
1735.9238,1306.8191,1747.8605,1294.4435,0.65275735
1755.4286,1306.8191,1767.8164,1294.1704,0.5392359
1774.9333,1306.8191,1786.4641,1294.6614,0.46148804
1794.4381,1306.8191,1805.789,1294.3335,0.51681197
1813.9429,1306.8191,1827.5176,1295.026,0.8773773
1833.4476,1306.8191,1847.1309,1294.9596,0.777473
1852.9524,1306.8191,1865.115,1294.5337,0.8476632
1872.4573,1306.8191,1885.3589,1295.3854,0.6552777
1891.962,1306.8191,1905.6976,1295.5532,0.58593696
1911.4668,1306.8191,1924.3572,1293.957,0.5919543
1930.9716,1306.8191,1943.5345,1294.4595,0.94093895
1950.4763,1306.8191,1964.3262,1294.671,0.8632174
1969.9811,1306.8191,1983.2798,1295.5746,0.97509867
39.009525,1326.3239,52.13042,1310.3519,0.4748286
78.01905,1326.3239,90.774574,1311.2727,0.28973708
97.52381,1326.3239,109.794914,1311.1198,0.7960719
117.02858,1326.3239,128.95403,1310.8456,0.8833846
136.53334,1326.3239,151.04564,1310.9001,0.95736057
156.0381,1326.3239,168.03207,1311.4708,0.9957243
175.54286,1326.3239,188.31615,1311.184,0.9981572
195.04762,1326.3239,206.94434,1310.9332,0.9834634
214.55238,1326.3239,227.99123,1310.7621,0.99676543
234.05716,1326.3239,246.66608,1310.7207,0.9902751
253.56192,1326.3239,265.51828,1311.0581,0.8616241
273.06668,1326.3239,284.90363,1311.2244,0.50371563
292.57144,1326.3239,304.6915,1310.8173,0.7445152
312.0762,1326.3239,325.8143,1310.8789,0.97216207
331.58096,1326.3239,343.7408,1311.4482,0.975099
351.08572,1326.3239,362.09726,1311.2552,0.9915001
370.59048,1326.3239,382.54883,1311.1075,0.966837
390.09525,1326.3239,401.24762,1311.8043,0.93866473
409.6,1326.3239,422.99265,1310.4529,0.9586296
429.10477,1326.3239,442.40997,1311.1445,0.9470993
448.60953,1326.3239,459.64938,1311.656,0.98877704
468.11432,1326.3239,480.24005,1311.9309,0.9741185
487.61908,1326.3239,498.73428,1310.8958,0.4006035
526.6286,1326.3239,538.72266,1311.2312,0.64831626
546.13336,1326.3239,559.17914,1310.9099,0.82682824
565.6381,1326.3239,576.9395,1311.133,0.54367447
585.1429,1326.3239,598.8711,1311.569,0.7412814
604.64764,1326.3239,616.5877,1311.4856,0.88617516
624.1524,1326.3239,636.48596,1312.1165,0.8886685
643.65717,1326.3239,656.60913,1311.1819,0.8249929
663.1619,1326.3239,674.9167,1311.7706,0.4273115
682.6667,1326.3239,693.6038,1311.3368,0.4800122
702.17145,1326.3239,714.3063,1311.3367,0.56817234
721.6762,1326.3239,733.5708,1311.4502,0.6030792
741.18097,1326.3239,752.73773,1311.6787,0.8600866
760.6857,1326.3239,773.0298,1311.7843,0.9606263
780.1905,1326.3239,792.3936,1311.45,0.9418225
799.69525,1326.3239,811.93353,1311.9758,0.9888277
819.2,1326.3239,831.656,1311.4474,0.9513352
838.7048,1326.3239,851.07416,1311.9972,0.8782669
858.20953,1326.3239,868.9315,1311.74,0.2672839
877.7143,1326.3239,889.868,1311.6737,0.6834356
897.21906,1326.3239,909.5645,1312.1273,0.93644464
916.7238,1326.3239,929.5339,1312.06,0.93204015
936.22864,1326.3239,949.5997,1311.497,0.98849314
955.7334,1326.3239,968.7282,1312.7893,0.957107
975.23816,1326.3239,986.5904,1312.9175,0.77521074
994.7429,1326.3239,1006.73145,1312.5128,0.9455111
1014.2477,1326.3239,1026.943,1311.7031,0.89615536
1033.7524,1326.3239,1046.249,1311.3903,0.8526232
1053.2572,1326.3239,1065.2809,1312.6763,0.7182296
1072.762,1326.3239,1084.9243,1312.0405,0.9433707
1092.2667,1326.3239,1103.995,1312.0847,0.88853455
1111.7715,1326.3239,1123.1324,1312.4279,0.87058467
1131.2762,1326.3239,1144.1409,1313.0819,0.8845634
1150.781,1326.3239,1162.5553,1312.3154,0.9381003
1170.2858,1326.3239,1182.594,1312.539,0.83881223
1189.7905,1326.3239,1201.8081,1312.067,0.84278846
1209.2953,1326.3239,1221.2628,1312.5659,0.5697571
1228.8,1326.3239,1240.549,1312.2355,0.6368627
1248.3048,1326.3239,1259.5789,1312.0963,0.90073335
1267.8096,1326.3239,1281.0945,1311.6777,0.96275544
1287.3143,1326.3239,1300.752,1312.0778,0.8619602
1306.8191,1326.3239,1318.8795,1312.3491,0.5974178
1326.3239,1326.3239,1338.8939,1312.2065,0.32515946
1345.8286,1326.3239,1359.3091,1313.0569,0.60790557
1365.3334,1326.3239,1376.9036,1312.6814,0.58191484
1384.8381,1326.3239,1398.4336,1312.8997,0.75432247
1404.3429,1326.3239,1416.0482,1312.0223,0.46876076
1423.8477,1326.3239,1434.9962,1312.2096,0.5717692
1443.3524,1326.3239,1454.3652,1312.1493,0.32527864
1462.8572,1326.3239,1475.2855,1313.3358,0.7720258
1482.3619,1326.3239,1494.5139,1312.0955,0.9327964
1501.8667,1326.3239,1516.0016,1314.8035,0.7389761
1521.3715,1326.3239,1535.5615,1315.7296,0.26933038
1540.8762,1326.3239,1553.4658,1314.7832,0.71611995
1560.381,1326.3239,1572.3501,1315.0833,0.9226645
1579.8857,1326.3239,1593.182,1313.9985,0.8584593
1599.3905,1326.3239,1613.4373,1312.9075,0.8283666
1618.8953,1326.3239,1632.4982,1312.3596,0.5079549
1638.4,1326.3239,1651.2268,1314.1494,0.8890724
1657.9048,1326.3239,1670.1548,1313.0231,0.82974577
1677.4095,1326.3239,1688.9297,1313.9299,0.7693038
1696.9143,1326.3239,1709.0372,1314.6705,0.95198417
1716.4191,1326.3239,1727.7194,1315.053,0.37941834
1735.9238,1326.3239,1749.006,1313.7643,0.6596171
1755.4286,1326.3239,1768.3269,1314.0033,0.6507992
1774.9333,1326.3239,1788.1918,1314.5237,0.5272613
1794.4381,1326.3239,1807.4316,1314.6816,0.624482
1813.9429,1326.3239,1827.6608,1314.8396,0.9126585
1833.4476,1326.3239,1846.8248,1312.8727,0.90776956
1852.9524,1326.3239,1866.0748,1313.437,0.8678704
1872.4573,1326.3239,1885.6136,1312.8522,0.7777329
1891.962,1326.3239,1904.8422,1314.1447,0.9328174
1911.4668,1326.3239,1924.7506,1313.4332,0.93828535
1930.9716,1326.3239,1944.0988,1313.5824,0.9267347
1950.4763,1326.3239,1963.8123,1314.2689,0.8723729
1969.9811,1326.3239,1983.2009,1313.9926,0.92644995
39.009525,1345.8286,52.659233,1330.5586,0.8698735
58.51429,1345.8286,71.88492,1329.6202,0.8098036
78.01905,1345.8286,88.70776,1330.9812,0.7859821
97.52381,1345.8286,110.545044,1330.97,0.56907105
117.02858,1345.8286,129.04327,1329.6809,0.6981165
136.53334,1345.8286,149.71399,1330.4799,0.9317386
156.0381,1345.8286,169.34656,1329.1589,0.96918225
175.54286,1345.8286,188.64464,1330.1085,0.98657
195.04762,1345.8286,206.64569,1330.332,0.9394793
214.55238,1345.8286,227.08795,1330.543,0.9486209
234.05716,1345.8286,246.1884,1330.4637,0.9413313
253.56192,1345.8286,265.3643,1330.9474,0.68168724
273.06668,1345.8286,284.91467,1330.1025,0.58342034
292.57144,1345.8286,305.41257,1330.6324,0.62719846
312.0762,1345.8286,325.56363,1331.5195,0.92647016
331.58096,1345.8286,343.9549,1330.5984,0.98427415
351.08572,1345.8286,362.8629,1329.6633,0.9833141
370.59048,1345.8286,383.3756,1330.6619,0.99480706
390.09525,1345.8286,402.41248,1330.2856,0.9628554
409.6,1345.8286,420.83755,1331.3457,0.9424218
429.10477,1345.8286,442.0887,1329.9432,0.98536724
448.60953,1345.8286,461.66357,1331.0421,0.9870649
468.11432,1345.8286,481.27713,1331.8784,0.9056382
487.61908,1345.8286,500.57755,1330.9435,0.46370634
526.6286,1345.8286,538.18994,1331.7234,0.420029
546.13336,1345.8286,557.19824,1331.5043,0.78583306
565.6381,1345.8286,578.7454,1331.3368,0.8701263
585.1429,1345.8286,597.31213,1330.9529,0.9667442
604.64764,1345.8286,616.7046,1330.9034,0.9762262
624.1524,1345.8286,636.1415,1331.1609,0.705573
643.65717,1345.8286,655.17957,1331.1633,0.65152645
663.1619,1345.8286,674.4955,1331.2069,0.3349538
682.6667,1345.8286,694.4187,1331.4764,0.8305349
702.17145,1345.8286,713.9859,1331.1824,0.94020796
721.6762,1345.8286,734.0727,1330.3474,0.65929866
741.18097,1345.8286,752.4687,1331.2817,0.96600914
760.6857,1345.8286,772.68164,1331.161,0.93528336
780.1905,1345.8286,790.9069,1331.2389,0.9531821
799.69525,1345.8286,812.0175,1331.0553,0.9510674
819.2,1345.8286,831.3763,1331.5444,0.9221317
838.7048,1345.8286,851.3406,1331.957,0.9281363
858.20953,1345.8286,870.0066,1331.5186,0.877347
877.7143,1345.8286,889.25464,1331.3057,0.9691343
897.21906,1345.8286,908.7898,1331.8231,0.980697
916.7238,1345.8286,929.4754,1332.0369,0.97682625
936.22864,1345.8286,949.88153,1331.5197,0.98386854
955.7334,1345.8286,968.8562,1331.8636,0.99334145
975.23816,1345.8286,986.6164,1331.7108,0.9811268
994.7429,1345.8286,1006.00256,1331.879,0.97625595
1014.2477,1345.8286,1026.0604,1331.3514,0.8252347
1033.7524,1345.8286,1046.9888,1331.3339,0.8635903
1053.2572,1345.8286,1066.047,1331.7389,0.5744717
1072.762,1345.8286,1086.331,1331.5496,0.9659908
1092.2667,1345.8286,1103.3711,1332.2382,0.86160725
1111.7715,1345.8286,1123.8207,1332.9298,0.83998865
1131.2762,1345.8286,1143.9968,1332.4735,0.9886694
1150.781,1345.8286,1164.8159,1331.5631,0.9837675
1170.2858,1345.8286,1181.325,1331.8844,0.6353467
1189.7905,1345.8286,1202.9823,1331.9606,0.6761172
1209.2953,1345.8286,1221.9769,1332.5437,0.68048537
1228.8,1345.8286,1240.5724,1331.7654,0.7607329
1248.3048,1345.8286,1261.4857,1333.9023,0.8944796
1267.8096,1345.8286,1279.8168,1331.9979,0.93588215
1287.3143,1345.8286,1300.749,1331.4537,0.87735075
1306.8191,1345.8286,1319.1708,1332.3185,0.85411835
1326.3239,1345.8286,1337.9497,1331.5298,0.7469671
1345.8286,1345.8286,1358.8793,1331.5933,0.7389406
1365.3334,1345.8286,1376.8507,1332.1235,0.46184847
1384.8381,1345.8286,1397.4701,1331.3723,0.8803349
1423.8477,1345.8286,1435.0604,1332.2903,0.35311055
1443.3524,1345.8286,1455.0336,1332.8777,0.6995
1462.8572,1345.8286,1475.1935,1333.1785,0.6552318
1482.3619,1345.8286,1496.803,1331.7452,0.67934126
1540.8762,1345.8286,1554.2693,1332.296,0.5006732
1560.381,1345.8286,1573.6526,1333.7156,0.85844064
1579.8857,1345.8286,1592.9761,1332.3872,0.54411244
1599.3905,1345.8286,1611.7927,1332.7853,0.9369752
1618.8953,1345.8286,1631.7938,1333.3485,0.9584732
1638.4,1345.8286,1651.1512,1333.1995,0.9898845
1657.9048,1345.8286,1670.8026,1332.5702,0.9869127
1677.4095,1345.8286,1689.5317,1332.9978,0.57472724
1696.9143,1345.8286,1709.4639,1333.9515,0.77602863
1716.4191,1345.8286,1728.8688,1334.513,0.79439384
1735.9238,1345.8286,1748.6405,1334.3287,0.3875062
1755.4286,1345.8286,1768.0593,1333.3789,0.843441
1774.9333,1345.8286,1788.1998,1332.9883,0.66012317
1794.4381,1345.8286,1807.5189,1333.08,0.91185325
1813.9429,1345.8286,1827.912,1334.0353,0.64281577
1833.4476,1345.8286,1846.0692,1334.2405,0.7021733
1852.9524,1345.8286,1864.7853,1332.9081,0.49254864
1872.4573,1345.8286,1884.3038,1333.4076,0.8781074
1891.962,1345.8286,1903.4794,1333.4786,0.83291876
1911.4668,1345.8286,1924.1942,1333.6382,0.71025395
1930.9716,1345.8286,1943.3868,1333.0251,0.82611156
1950.4763,1345.8286,1963.4956,1333.9486,0.8566201
1969.9811,1345.8286,1983.2544,1334.2778,0.72080195
39.009525,1365.3334,54.174816,1348.3868,0.963412
58.51429,1365.3334,71.74131,1349.9639,0.858355
78.01905,1365.3334,91.158485,1350.0243,0.9380363
97.52381,1365.3334,110.61522,1350.8413,0.66127974
117.02858,1365.3334,129.54123,1350.1918,0.7844446
136.53334,1365.3334,150.93893,1350.0168,0.86250794
156.0381,1365.3334,170.48776,1349.3647,0.516679
175.54286,1365.3334,188.97842,1349.8759,0.9050628
195.04762,1365.3334,208.222,1350.4612,0.9041668
214.55238,1365.3334,226.9659,1350.0189,0.932494
234.05716,1365.3334,246.25485,1350.6321,0.9880023
253.56192,1365.3334,264.6657,1348.1302,0.96783316
273.06668,1365.3334,284.19107,1350.2985,0.8296828
292.57144,1365.3334,304.83414,1350.7937,0.9032301
312.0762,1365.3334,325.41467,1350.0117,0.9896359
331.58096,1365.3334,343.23862,1350.539,0.92523587
351.08572,1365.3334,363.05865,1350.0051,0.95499504
370.59048,1365.3334,382.48187,1349.2538,0.84125227
390.09525,1365.3334,401.5651,1349.2974,0.952197
409.6,1365.3334,421.25876,1350.4442,0.88603956
429.10477,1365.3334,442.45587,1350.7667,0.93482125
448.60953,1365.3334,461.914,1350.5059,0.9508021
468.11432,1365.3334,480.8342,1350.1416,0.6358513
487.61908,1365.3334,499.5157,1350.2224,0.22289117
507.12384,1365.3334,519.349,1350.3931,0.6227644
526.6286,1365.3334,537.4859,1350.2968,0.38745826
546.13336,1365.3334,558.6452,1350.3563,0.40358025
565.6381,1365.3334,577.0017,1350.7533,0.769175
585.1429,1365.3334,597.8463,1350.1879,0.88772124
604.64764,1365.3334,616.93304,1349.5477,0.7391853
624.1524,1365.3334,636.79913,1349.75,0.67900145
643.65717,1365.3334,656.4023,1350.3977,0.8266134
663.1619,1365.3334,675.3425,1351.2782,0.42773154
682.6667,1365.3334,694.4914,1351.0074,0.7597291
702.17145,1365.3334,713.50946,1350.4495,0.8847554
721.6762,1365.3334,733.55457,1350.9762,0.9708875
741.18097,1365.3334,754.1742,1350.5189,0.99311686
760.6857,1365.3334,772.10626,1350.7821,0.9821089
780.1905,1365.3334,791.9893,1350.8057,0.97110826
799.69525,1365.3334,811.4539,1350.7452,0.9654664
819.2,1365.3334,831.97876,1350.4469,0.98243827
838.7048,1365.3334,850.5239,1350.4401,0.97152853
858.20953,1365.3334,869.7421,1350.7722,0.9306143
877.7143,1365.3334,890.59766,1350.9034,0.98014516
897.21906,1365.3334,909.843,1351.0117,0.94641185
916.7238,1365.3334,928.954,1350.9874,0.96501714
936.22864,1365.3334,949.4099,1351.1099,0.9904806
955.7334,1365.3334,968.36273,1351.0355,0.9843447
975.23816,1365.3334,986.68494,1350.6602,0.98649895
994.7429,1365.3334,1006.78076,1351.134,0.9398604
1014.2477,1365.3334,1027.2177,1351.5441,0.88482994
1033.7524,1365.3334,1046.5165,1350.5826,0.7526854
1053.2572,1365.3334,1065.6641,1350.8851,0.9452438
1072.762,1365.3334,1085.9956,1350.9674,0.97805554
1092.2667,1365.3334,1104.7228,1351.8539,0.96514314
1111.7715,1365.3334,1124.8563,1351.0514,0.88861114
1131.2762,1365.3334,1143.3998,1351.9619,0.96938074
1150.781,1365.3334,1162.8064,1351.4503,0.97288305
1170.2858,1365.3334,1182.8075,1350.6982,0.7732901
1189.7905,1365.3334,1201.7052,1351.3333,0.43526554
1209.2953,1365.3334,1221.2578,1351.252,0.40556404
1228.8,1365.3334,1240.4274,1351.6862,0.95272577
1248.3048,1365.3334,1262.9062,1352.0542,0.88105184
1267.8096,1365.3334,1281.2009,1351.7627,0.7321481
1287.3143,1365.3334,1300.674,1352.0248,0.92411304
1306.8191,1365.3334,1320.0165,1351.8075,0.9523942
1326.3239,1365.3334,1339.1648,1351.1956,0.9882248
1345.8286,1365.3334,1358.1294,1350.6609,0.9330023
1365.3334,1365.3334,1377.2314,1351.0618,0.9211372
1384.8381,1365.3334,1396.537,1350.3672,0.7384993
1404.3429,1365.3334,1416.5739,1351.9258,0.3971438
1423.8477,1365.3334,1436.1218,1351.4058,0.85686654
1443.3524,1365.3334,1455.2804,1351.2642,0.5164099
1462.8572,1365.3334,1475.2954,1353.0917,0.6502518
1482.3619,1365.3334,1494.2262,1352.2661,0.66402197
1540.8762,1365.3334,1554.2794,1351.43,0.5944412
1560.381,1365.3334,1573.1039,1351.7299,0.9474612
1579.8857,1365.3334,1593.5637,1351.7996,0.98416114
1599.3905,1365.3334,1613.0828,1353.0767,0.9780741
1618.8953,1365.3334,1630.8367,1352.415,0.9782832
1638.4,1365.3334,1650.471,1352.7482,0.9850727
1657.9048,1365.3334,1670.5492,1351.6757,0.95135
1677.4095,1365.3334,1688.8196,1352.639,0.88591504
1696.9143,1365.3334,1709.6486,1353.1094,0.96934927
1716.4191,1365.3334,1728.9406,1353.5267,0.78279126
1735.9238,1365.3334,1748.1119,1353.1133,0.70237887
1755.4286,1365.3334,1768.952,1352.2441,0.87630266
1774.9333,1365.3334,1787.5952,1353.7582,0.8061691
1794.4381,1365.3334,1807.8141,1354.3325,0.5081283
1852.9524,1365.3334,1864.6505,1353.2783,0.49687243
1872.4573,1365.3334,1884.7727,1353.2013,0.935855
1891.962,1365.3334,1904.7406,1352.5586,0.79769707
1911.4668,1365.3334,1923.4465,1352.1388,0.5728739
1930.9716,1365.3334,1944.4958,1352.5339,0.7413932
1950.4763,1365.3334,1963.2963,1352.5464,0.63861793
1969.9811,1365.3334,1982.6085,1352.9219,0.9294367
39.009525,1384.8381,52.39594,1368.6112,0.7338338
58.51429,1384.8381,73.066864,1367.9474,0.9969217
78.01905,1384.8381,90.59777,1369.0094,0.9939205
97.52381,1384.8381,110.05978,1369.1227,0.9520366
117.02858,1384.8381,130.30461,1369.2087,0.938326
136.53334,1384.8381,149.28537,1369.2238,0.79819
156.0381,1384.8381,167.55508,1369.473,0.95727193
175.54286,1384.8381,188.67072,1370.2122,0.8268635
195.04762,1384.8381,208.18184,1369.6125,0.8783375
214.55238,1384.8381,227.37352,1369.6494,0.97783077
234.05716,1384.8381,245.30077,1370.0234,0.89747304
253.56192,1384.8381,264.6605,1369.5071,0.9642797
273.06668,1384.8381,285.24655,1370.2626,0.96076804
292.57144,1384.8381,304.4802,1369.147,0.9123031
312.0762,1384.8381,324.4087,1369.5112,0.96607363
331.58096,1384.8381,344.4672,1369.3217,0.91604483
351.08572,1384.8381,362.68152,1369.7649,0.894585
370.59048,1384.8381,382.40625,1368.9865,0.33825696
390.09525,1384.8381,402.4819,1369.6311,0.66690195
409.6,1384.8381,423.2167,1369.8566,0.9845157
429.10477,1384.8381,441.2386,1370.2368,0.9146665
448.60953,1384.8381,460.6129,1369.6301,0.9227713
468.11432,1384.8381,480.33548,1369.453,0.62946725
487.61908,1384.8381,499.57175,1369.6935,0.7124606
507.12384,1384.8381,518.37225,1369.3788,0.6360679
526.6286,1384.8381,538.21625,1370.226,0.6989176
546.13336,1384.8381,557.69415,1369.9495,0.7886027
565.6381,1384.8381,578.44525,1370.3298,0.59236205
585.1429,1384.8381,597.2179,1369.7701,0.84799033
604.64764,1384.8381,616.97174,1370.3041,0.9860191
624.1524,1384.8381,636.4541,1369.0747,0.8688943
643.65717,1384.8381,656.31757,1370.488,0.30992433
663.1619,1384.8381,675.95703,1370.2899,0.6410554
682.6667,1384.8381,696.0056,1370.107,0.8766872
702.17145,1384.8381,714.6917,1370.0417,0.9957849
721.6762,1384.8381,733.24506,1369.8618,0.998036
741.18097,1384.8381,754.52155,1370.088,0.99771035
760.6857,1384.8381,773.2805,1370.467,0.99233574
780.1905,1384.8381,792.0542,1370.3335,0.95498234
799.69525,1384.8381,810.9882,1370.7355,0.9110389
819.2,1384.8381,831.5399,1370.4023,0.9690643
838.7048,1384.8381,850.35815,1370.4277,0.9842388
858.20953,1384.8381,869.34094,1370.3546,0.9639253
877.7143,1384.8381,890.432,1370.9679,0.973899
897.21906,1384.8381,910.61633,1370.7563,0.98027843
916.7238,1384.8381,929.47095,1370.3121,0.9771622
936.22864,1384.8381,948.5372,1370.8695,0.96649444
955.7334,1384.8381,967.6361,1369.7931,0.97223663
975.23816,1384.8381,987.2846,1371.0813,0.9486806
994.7429,1384.8381,1006.1742,1370.2177,0.9497628
1014.2477,1384.8381,1026.1747,1370.2429,0.9359944
1033.7524,1384.8381,1045.8171,1370.1761,0.9733787
1053.2572,1384.8381,1066.1863,1370.6727,0.9968205
1072.762,1384.8381,1085.8866,1371.1123,0.9907033
1092.2667,1384.8381,1104.8492,1371.3015,0.73362327
1111.7715,1384.8381,1124.8013,1370.4884,0.6139949
1131.2762,1384.8381,1144.7039,1371.7634,0.7612555
1150.781,1384.8381,1163.7441,1370.8403,0.9711339
1170.2858,1384.8381,1183.0376,1370.6016,0.6601937
1189.7905,1384.8381,1202.4972,1370.4924,0.83772665
1209.2953,1384.8381,1220.3479,1370.4047,0.5611502
1228.8,1384.8381,1239.912,1370.508,0.7785767
1248.3048,1384.8381,1260.6218,1370.5902,0.9697678
1267.8096,1384.8381,1280.8162,1371.4802,0.46747917
1287.3143,1384.8381,1300.4305,1372.4604,0.94805473
1306.8191,1384.8381,1319.6023,1370.8672,0.9629541
1326.3239,1384.8381,1339.4868,1371.786,0.98563915
1345.8286,1384.8381,1357.9026,1371.397,0.84478533
1365.3334,1384.8381,1378.1274,1371.0978,0.82190907
1384.8381,1384.8381,1397.7778,1371.2764,0.98835963
1404.3429,1384.8381,1418.2036,1371.7878,0.97678256
1423.8477,1384.8381,1435.7495,1371.306,0.9509403
1443.3524,1384.8381,1456.0206,1372.499,0.9452265
1462.8572,1384.8381,1475.7023,1371.9767,0.49753574
1482.3619,1384.8381,1493.542,1371.8707,0.38101414
1521.3715,1384.8381,1534.3175,1371.9276,0.2215498
1560.381,1384.8381,1572.2214,1371.4153,0.44392607
1579.8857,1384.8381,1593.5386,1372.024,0.5235811
1599.3905,1384.8381,1612.5917,1372.1057,0.8899507
1618.8953,1384.8381,1631.133,1371.7986,0.97645074
1638.4,1384.8381,1651.3203,1370.9137,0.8359316
1657.9048,1384.8381,1669.6063,1371.8889,0.9122949
1677.4095,1384.8381,1689.2281,1371.4258,0.95189023
1696.9143,1384.8381,1710.0352,1372.0549,0.9650225
1716.4191,1384.8381,1728.37,1373.2617,0.8597094
1735.9238,1384.8381,1748.6593,1373.1682,0.951702
1755.4286,1384.8381,1768.329,1372.9318,0.9175714
1774.9333,1384.8381,1788.3726,1372.7478,0.32962736
1794.4381,1384.8381,1807.4727,1372.8328,0.5189169
1813.9429,1384.8381,1827.3768,1373.4678,0.59419286
1852.9524,1384.8381,1865.0803,1372.3884,0.58052737
1872.4573,1384.8381,1885.8788,1373.309,0.88973933
1891.962,1384.8381,1905.1554,1371.7377,0.97809577
1911.4668,1384.8381,1923.2163,1372.9055,0.73057544
1930.9716,1384.8381,1944.3197,1373.5521,0.7831029
1950.4763,1384.8381,1962.9883,1372.7119,0.91033894
1969.9811,1384.8381,1982.542,1371.6755,0.67413217
39.009525,1404.3429,52.740993,1387.4962,0.81452954
58.51429,1404.3429,71.572044,1388.2213,0.9917216
78.01905,1404.3429,90.73386,1387.9257,0.9886622
136.53334,1404.3429,150.165,1388.7625,0.93938386
156.0381,1404.3429,168.29906,1388.8413,0.9522296
175.54286,1404.3429,188.34558,1388.9556,0.9311843
195.04762,1404.3429,207.82867,1389.043,0.744759
214.55238,1404.3429,226.89459,1388.4475,0.95217806
234.05716,1404.3429,245.1811,1387.1263,0.9314389
253.56192,1404.3429,264.47803,1388.6079,0.9351385
273.06668,1404.3429,285.53644,1389.5612,0.98851705
292.57144,1404.3429,303.66208,1389.5852,0.9845418
312.0762,1404.3429,324.30435,1389.3173,0.9624422
331.58096,1404.3429,342.56036,1389.2526,0.76491034
351.08572,1404.3429,362.06137,1388.9814,0.59647864
370.59048,1404.3429,382.45734,1389.8046,0.615456
390.09525,1404.3429,401.77475,1389.6462,0.9755168
409.6,1404.3429,421.91003,1389.2123,0.9405847
429.10477,1404.3429,440.61337,1389.5414,0.9820444
448.60953,1404.3429,460.2927,1388.9469,0.98491234
468.11432,1404.3429,480.912,1389.4773,0.9868735
487.61908,1404.3429,500.95752,1389.1478,0.93033594
507.12384,1404.3429,519.46765,1389.1113,0.9189987
526.6286,1404.3429,538.9665,1389.1321,0.9626645
546.13336,1404.3429,558.6607,1389.3823,0.9013032
565.6381,1404.3429,577.79095,1389.8129,0.7921899
585.1429,1404.3429,597.68384,1389.5634,0.8372446
604.64764,1404.3429,617.05695,1389.681,0.9814501
624.1524,1404.3429,636.58795,1389.2683,0.4698854
643.65717,1404.3429,655.66644,1389.643,0.89655197
663.1619,1404.3429,677.41565,1390.6279,0.7095458
682.6667,1404.3429,696.2908,1389.4648,0.9583226
702.17145,1404.3429,714.3043,1389.142,0.97729135
721.6762,1404.3429,733.41675,1389.3442,0.987334
741.18097,1404.3429,753.18915,1390.2632,0.99763566
760.6857,1404.3429,772.8416,1391.1785,0.98440516
780.1905,1404.3429,792.0228,1389.9601,0.967954
799.69525,1404.3429,810.87177,1389.7582,0.94895124
819.2,1404.3429,831.8714,1390.1064,0.9639069
838.7048,1404.3429,851.6408,1389.6276,0.9516867
858.20953,1404.3429,869.6545,1389.4113,0.8999625
877.7143,1404.3429,890.48145,1390.4625,0.95242083
897.21906,1404.3429,910.1559,1390.2495,0.9506152
916.7238,1404.3429,929.7479,1389.2784,0.95912796
936.22864,1404.3429,947.98413,1389.8943,0.76205075
955.7334,1404.3429,967.568,1389.7898,0.9764891
975.23816,1404.3429,988.20404,1389.77,0.96304494
994.7429,1404.3429,1006.5045,1390.1879,0.96227926
1014.2477,1404.3429,1027.3976,1389.6848,0.9374223
1033.7524,1404.3429,1047.2947,1389.7941,0.9696747
1053.2572,1404.3429,1066.5938,1389.4446,0.9949641
1072.762,1404.3429,1085.328,1389.5231,0.9876513
1092.2667,1404.3429,1105.2611,1390.3767,0.80290544
1111.7715,1404.3429,1123.8638,1389.7948,0.8152401
1131.2762,1404.3429,1144.9775,1389.5442,0.63928974
1150.781,1404.3429,1163.9003,1390.1735,0.839593
1170.2858,1404.3429,1184.0234,1389.9961,0.9426177
1189.7905,1404.3429,1203.572,1390.1753,0.7126795
1209.2953,1404.3429,1221.3828,1390.8468,0.5632161
1228.8,1404.3429,1241.3455,1391.0684,0.89629704
1248.3048,1404.3429,1260.2755,1389.7524,0.8745813
1267.8096,1404.3429,1281.8899,1390.8893,0.7858492
1287.3143,1404.3429,1300.0295,1390.8152,0.7239294
1306.8191,1404.3429,1320.0814,1390.3109,0.96615624
1326.3239,1404.3429,1340.4316,1390.5951,0.97362244
1345.8286,1404.3429,1357.2709,1390.2672,0.7699114
1365.3334,1404.3429,1377.3885,1392.0139,0.7770943
1384.8381,1404.3429,1397.913,1390.5408,0.98965657
1404.3429,1404.3429,1416.8618,1390.5009,0.9253144
1423.8477,1404.3429,1435.72,1391.044,0.66530776
1443.3524,1404.3429,1456.1837,1392.016,0.8033342
1462.8572,1404.3429,1474.823,1391.5916,0.48350948
1482.3619,1404.3429,1495.3944,1391.4001,0.3441697
1501.8667,1404.3429,1514.2996,1390.6901,0.40209842
1579.8857,1404.3429,1592.485,1392.3036,0.36211514
1599.3905,1404.3429,1611.5652,1391.266,0.85743463
1618.8953,1404.3429,1630.5721,1391.4926,0.9859902
1638.4,1404.3429,1650.3094,1391.3043,0.8944826
1657.9048,1404.3429,1669.5892,1390.9828,0.8758709
1677.4095,1404.3429,1689.8578,1391.4692,0.96950316
1696.9143,1404.3429,1709.9521,1390.9191,0.9590416
1716.4191,1404.3429,1728.8698,1392.7362,0.79887843
1735.9238,1404.3429,1748.0331,1392.8389,0.9147846
1755.4286,1404.3429,1769.2686,1392.5175,0.9652763
1774.9333,1404.3429,1787.9435,1392.0498,0.6651635
1813.9429,1404.3429,1826.579,1391.9948,0.60677636
1833.4476,1404.3429,1845.516,1391.4894,0.5228237
1852.9524,1404.3429,1865.4863,1392.1096,0.54432315
1872.4573,1404.3429,1884.5404,1392.2738,0.7654938
1891.962,1404.3429,1905.0361,1392.0106,0.81495214
1911.4668,1404.3429,1923.8789,1392.3844,0.9738391
1930.9716,1404.3429,1944.5597,1391.947,0.96035683
1950.4763,1404.3429,1961.9376,1391.6016,0.93015236
1969.9811,1404.3429,1982.4487,1392.2517,0.7416988
39.009525,1423.8477,53.029816,1406.4657,0.8092094
58.51429,1423.8477,73.06837,1407.5155,0.98140967
78.01905,1423.8477,90.58676,1406.5922,0.9795887
97.52381,1423.8477,108.78072,1407.7509,0.9908516
117.02858,1423.8477,132.68095,1407.4691,0.99382997
136.53334,1423.8477,149.61826,1407.3956,0.9590076
156.0381,1423.8477,167.2122,1407.1311,0.9875473
175.54286,1423.8477,188.41035,1408.4637,0.9560669
195.04762,1423.8477,206.12598,1407.0624,0.9731226
214.55238,1423.8477,226.95874,1410.3712,0.9572094
234.05716,1423.8477,246.81036,1408.5593,0.93970644
253.56192,1423.8477,265.7453,1408.3625,0.92657834
273.06668,1423.8477,285.7347,1408.2496,0.9733351
292.57144,1423.8477,303.97336,1408.423,0.899697
312.0762,1423.8477,322.74683,1408.6731,0.9887195
331.58096,1423.8477,342.56564,1408.5757,0.85108507
351.08572,1423.8477,362.6037,1409.3207,0.6154512
370.59048,1423.8477,383.93588,1409.6328,0.41619638
390.09525,1423.8477,402.27777,1409.4664,0.93266773
409.6,1423.8477,421.20135,1408.7023,0.96771246
429.10477,1423.8477,441.50995,1409.238,0.9913835
448.60953,1423.8477,462.21933,1409.2985,0.99249834
468.11432,1423.8477,480.07706,1409.2129,0.9943133
487.61908,1423.8477,500.9394,1409.2933,0.9594866
507.12384,1423.8477,518.83527,1409.2308,0.9654723
526.6286,1423.8477,538.2181,1409.897,0.82136047
546.13336,1423.8477,559.10956,1409.0568,0.9109334
565.6381,1423.8477,577.1421,1408.8348,0.7494931
585.1429,1423.8477,597.0823,1408.3998,0.7215287
604.64764,1423.8477,615.8483,1408.2784,0.7668524
624.1524,1423.8477,636.8661,1409.5181,0.8866818
643.65717,1423.8477,654.7697,1409.791,0.77008057
663.1619,1423.8477,675.87146,1409.4094,0.8596871
682.6667,1423.8477,695.5797,1409.36,0.81456095
702.17145,1423.8477,713.83215,1409.4379,0.929357
721.6762,1423.8477,733.9861,1409.1293,0.96134216
741.18097,1423.8477,753.2528,1409.1094,0.99356395
760.6857,1423.8477,772.30664,1408.736,0.9865146
780.1905,1423.8477,792.26355,1408.5374,0.9138588
799.69525,1423.8477,812.69147,1409.2509,0.98668915
819.2,1423.8477,830.9882,1409.5024,0.9894928
838.7048,1423.8477,851.4288,1409.325,0.9718704
858.20953,1423.8477,870.72003,1409.3115,0.93525445
877.7143,1423.8477,890.02893,1409.2517,0.86257213
897.21906,1423.8477,910.18335,1409.3142,0.96088266
916.7238,1423.8477,927.80566,1408.8842,0.926271
936.22864,1423.8477,948.19434,1409.3387,0.9615841
955.7334,1423.8477,968.2416,1409.3828,0.9876055
975.23816,1423.8477,986.8126,1409.1654,0.97743237
994.7429,1423.8477,1005.55255,1409.2458,0.89755934
1014.2477,1423.8477,1027.7238,1409.7504,0.84755033
1033.7524,1423.8477,1046.14,1409.9724,0.9392033
1053.2572,1423.8477,1065.9205,1409.4781,0.9963712
1072.762,1423.8477,1085.8552,1409.6456,0.99546915
1092.2667,1423.8477,1104.8447,1408.8865,0.9265287
1111.7715,1423.8477,1123.3923,1409.6561,0.69507796
1131.2762,1423.8477,1143.5219,1409.6775,0.47698954
1150.781,1423.8477,1163.315,1410.6534,0.87798184
1170.2858,1423.8477,1182.7435,1410.4177,0.8987319
1209.2953,1423.8477,1220.747,1411.0764,0.69062996
1228.8,1423.8477,1242.069,1409.6605,0.9057181
1248.3048,1423.8477,1261.0731,1410.1514,0.8360616
1267.8096,1423.8477,1281.093,1409.9745,0.8542681
1287.3143,1423.8477,1298.7799,1409.918,0.6717325
1306.8191,1423.8477,1319.7498,1409.4834,0.84046847
1326.3239,1423.8477,1339.1315,1409.638,0.93654394
1345.8286,1423.8477,1358.4425,1409.6588,0.589273
1365.3334,1423.8477,1377.7654,1411.113,0.49767563
1384.8381,1423.8477,1398.0597,1410.4584,0.9496642
1404.3429,1423.8477,1416.4508,1410.739,0.95861524
1423.8477,1423.8477,1436.1836,1411.1119,0.92589813
1443.3524,1423.8477,1454.5837,1411.2559,0.34630176
1540.8762,1423.8477,1553.3673,1409.509,0.4798133
1579.8857,1423.8477,1592.7241,1408.8944,0.74263424
1599.3905,1423.8477,1612.7272,1411.5535,0.91848814
1618.8953,1423.8477,1631.9191,1410.8169,0.9214445
1638.4,1423.8477,1652.3341,1411.6049,0.6401519
1657.9048,1423.8477,1671.7056,1411.2191,0.71245384
1677.4095,1423.8477,1690.6068,1411.4309,0.96751225
1696.9143,1423.8477,1710.7197,1410.057,0.9775566
1716.4191,1423.8477,1727.1218,1409.9373,0.8245049
1735.9238,1423.8477,1749.7217,1411.7844,0.8745351
1755.4286,1423.8477,1769.7655,1411.5938,0.9887151
1774.9333,1423.8477,1787.7598,1411.7206,0.84077835
1794.4381,1423.8477,1808.1578,1411.8854,0.45270216
1813.9429,1423.8477,1825.7904,1411.312,0.75254047
1891.962,1423.8477,1904.3239,1411.6521,0.5870268
1911.4668,1423.8477,1925.1572,1412.3523,0.9302349
1930.9716,1423.8477,1944.564,1410.9348,0.9871583
1950.4763,1423.8477,1962.9824,1410.1653,0.95418805
1969.9811,1423.8477,1984.4902,1411.4374,0.9561366
58.51429,1443.3524,72.88831,1427.2516,0.74985427
78.01905,1443.3524,90.627495,1426.4778,0.57650876
97.52381,1443.3524,110.13568,1427.486,0.9088058
117.02858,1443.3524,130.99075,1428.2994,0.81139606
136.53334,1443.3524,150.32265,1427.4706,0.85377413
156.0381,1443.3524,169.39642,1427.9004,0.9702053
175.54286,1443.3524,187.39616,1427.7493,0.8846893
195.04762,1443.3524,208.41353,1428.8312,0.9288294
214.55238,1443.3524,227.15645,1430.2366,0.89697164
234.05716,1443.3524,246.29865,1427.8695,0.86590505
253.56192,1443.3524,265.66446,1427.7615,0.95866233
273.06668,1443.3524,286.4043,1428.2744,0.9886536
292.57144,1443.3524,304.91696,1427.956,0.99494934
312.0762,1443.3524,323.99792,1426.7661,0.97367305
331.58096,1443.3524,343.72067,1427.1172,0.70347154
351.08572,1443.3524,363.28387,1428.4884,0.952065
370.59048,1443.3524,382.98828,1428.5868,0.929197
390.09525,1443.3524,403.27042,1428.3077,0.9966716
409.6,1443.3524,422.3443,1427.5448,0.9973903
429.10477,1443.3524,441.8269,1428.8143,0.9977811
448.60953,1443.3524,462.3392,1429.1012,0.9741551
468.11432,1443.3524,481.82532,1428.8627,0.99663645
487.61908,1443.3524,500.82587,1429.1488,0.9886948
507.12384,1443.3524,518.54987,1428.2687,0.95890105
526.6286,1443.3524,538.72845,1428.3741,0.91110164
546.13336,1443.3524,557.6574,1428.6718,0.915206
565.6381,1443.3524,577.58264,1428.6814,0.8711562
585.1429,1443.3524,597.1049,1428.3104,0.87959003
604.64764,1443.3524,616.6576,1428.84,0.9713985
624.1524,1443.3524,636.9391,1428.4307,0.97464025
643.65717,1443.3524,655.4478,1428.6079,0.7007275
663.1619,1443.3524,675.28033,1428.387,0.8549896
682.6667,1443.3524,693.9301,1428.5941,0.9059304
702.17145,1443.3524,713.3549,1428.3566,0.8652136
721.6762,1443.3524,734.7679,1428.5067,0.95674974
741.18097,1443.3524,752.8487,1428.7156,0.94089323
760.6857,1443.3524,771.82904,1428.6127,0.94890875
780.1905,1443.3524,792.3537,1428.7477,0.9724781
799.69525,1443.3524,812.52234,1428.6682,0.78590745
819.2,1443.3524,831.6882,1428.9252,0.9303997
838.7048,1443.3524,851.3493,1428.6102,0.8532118
858.20953,1443.3524,869.7479,1428.6403,0.940944
877.7143,1443.3524,891.0207,1428.9891,0.8306113
897.21906,1443.3524,910.18536,1428.6433,0.8979758
916.7238,1443.3524,930.559,1428.3885,0.9312598
936.22864,1443.3524,947.8319,1428.9261,0.9886869
955.7334,1443.3524,968.9791,1428.3824,0.97698903
975.23816,1443.3524,986.69794,1427.97,0.93900275
994.7429,1443.3524,1007.1485,1428.9735,0.90337497
1014.2477,1443.3524,1026.2325,1429.3217,0.7044405
1033.7524,1443.3524,1045.2424,1428.9705,0.62651134
1053.2572,1443.3524,1068.201,1429.3185,0.9803281
1072.762,1443.3524,1084.6876,1429.3912,0.9782475
1092.2667,1443.3524,1105.4937,1429.3591,0.9062908
1111.7715,1443.3524,1125.6862,1428.9987,0.98888624
1131.2762,1443.3524,1145.2668,1429.0114,0.9774661
1150.781,1443.3524,1162.2717,1430.0101,0.97425497
1170.2858,1443.3524,1184.1984,1430.3177,0.96280324
1189.7905,1443.3524,1202.6913,1430.0989,0.88866156
1209.2953,1443.3524,1220.5177,1430.8773,0.92770284
1228.8,1443.3524,1243.0017,1429.8147,0.78986835
1248.3048,1443.3524,1259.642,1429.2891,0.8809535
1267.8096,1443.3524,1279.8827,1430.1677,0.8761054
1287.3143,1443.3524,1298.6249,1429.0533,0.64491314
1306.8191,1443.3524,1319.7582,1428.866,0.9047409
1326.3239,1443.3524,1338.1968,1428.5391,0.43724388
1384.8381,1443.3524,1396.3497,1430.0294,0.6774132
1404.3429,1443.3524,1416.4543,1429.2545,0.71525913
1423.8477,1443.3524,1436.4905,1429.7681,0.7516058
1443.3524,1443.3524,1455.065,1429.2316,0.23681779
1482.3619,1443.3524,1495.6761,1430.9452,0.31749046
1501.8667,1443.3524,1514.7047,1431.8872,0.22309683
1521.3715,1443.3524,1534.9187,1430.4398,0.60632837
1540.8762,1443.3524,1555.4591,1429.5564,0.91647005
1560.381,1443.3524,1571.5144,1428.5867,0.37313256
1599.3905,1443.3524,1612.2734,1429.7489,0.4706973
1618.8953,1443.3524,1631.1478,1431.2937,0.2987059
1677.4095,1443.3524,1691.4471,1430.49,0.5636182
1696.9143,1443.3524,1711.2552,1430.7832,0.8251121
1716.4191,1443.3524,1729.0609,1429.6868,0.8992036
1755.4286,1443.3524,1769.6105,1430.9944,0.9795287
1774.9333,1443.3524,1788.1282,1430.5299,0.97806704
1794.4381,1443.3524,1806.9113,1431.0634,0.6471422
1813.9429,1443.3524,1825.5392,1430.9558,0.39262983
1833.4476,1443.3524,1847.0586,1431.6404,0.2642426
1872.4573,1443.3524,1886.0731,1430.8424,0.49795058
1891.962,1443.3524,1904.436,1430.7018,0.9219525
1911.4668,1443.3524,1924.7532,1431.3341,0.8898402
1930.9716,1443.3524,1945.584,1430.9255,0.9206158
1950.4763,1443.3524,1963.878,1430.7184,0.7795474
1969.9811,1443.3524,1983.6042,1431.205,0.706231
58.51429,1462.8572,71.86072,1446.7932,0.7992566
78.01905,1462.8572,89.6901,1447.9462,0.6985235
97.52381,1462.8572,111.21481,1447.3136,0.96845996
117.02858,1462.8572,129.30066,1448.2306,0.93732804
136.53334,1462.8572,148.0842,1447.2765,0.68877465
156.0381,1462.8572,168.76605,1447.6777,0.88645136
175.54286,1462.8572,188.83559,1447.6201,0.73455876
195.04762,1462.8572,208.87251,1447.2615,0.8979077
214.55238,1462.8572,227.88097,1448.1945,0.9565294
234.05716,1462.8572,246.84584,1448.5785,0.8544628
253.56192,1462.8572,266.91034,1448.3298,0.9875177
273.06668,1462.8572,286.5744,1447.1338,0.99724114
292.57144,1462.8572,304.7541,1445.8055,0.9854896
312.0762,1462.8572,323.3741,1446.8429,0.9797197
331.58096,1462.8572,343.06757,1447.0638,0.9893873
351.08572,1462.8572,363.6839,1447.8236,0.9944991
370.59048,1462.8572,382.99054,1447.6667,0.9921333
390.09525,1462.8572,402.52173,1447.7285,0.99332935
409.6,1462.8572,422.11847,1448.1826,0.991473
429.10477,1462.8572,441.0736,1447.0886,0.9926549
448.60953,1462.8572,461.66376,1447.9998,0.9924545
468.11432,1462.8572,481.95712,1448.6188,0.9915619
487.61908,1462.8572,501.0611,1448.107,0.9973095
507.12384,1462.8572,519.6094,1447.4977,0.9848773
526.6286,1462.8572,538.2057,1447.4535,0.7745626
546.13336,1462.8572,557.9631,1447.7836,0.60012496
565.6381,1462.8572,578.0812,1448.0027,0.9288682
585.1429,1462.8572,597.66876,1448.1116,0.9904829
604.64764,1462.8572,617.17834,1448.2627,0.9831582
624.1524,1462.8572,636.4835,1448.052,0.99257696
643.65717,1462.8572,655.6012,1448.1436,0.8856717
663.1619,1462.8572,676.5665,1447.8033,0.5330516
702.17145,1462.8572,716.0302,1449.2375,0.5373081
721.6762,1462.8572,734.6422,1447.9404,0.8876896
741.18097,1462.8572,753.24475,1448.3175,0.9635266
760.6857,1462.8572,772.45233,1448.0275,0.5371774
780.1905,1462.8572,792.31915,1448.3973,0.9737214
799.69525,1462.8572,811.59235,1448.1997,0.6792552
819.2,1462.8572,830.65045,1447.758,0.8208147
838.7048,1462.8572,851.1053,1448.3589,0.86752427
858.20953,1462.8572,870.85626,1448.419,0.84818417
877.7143,1462.8572,890.6329,1448.4923,0.98248476
897.21906,1462.8572,909.378,1448.9918,0.9737992
916.7238,1462.8572,930.0882,1448.5786,0.99327135
936.22864,1462.8572,948.59015,1448.1996,0.98115176
955.7334,1462.8572,968.1676,1448.5215,0.98128945
975.23816,1462.8572,988.6325,1448.0604,0.8601782
994.7429,1462.8572,1006.2049,1448.4252,0.55180025
1014.2477,1462.8572,1026.6128,1448.5616,0.39293042
1033.7524,1462.8572,1047.5684,1448.597,0.7011578
1053.2572,1462.8572,1065.4235,1448.357,0.99236673
1072.762,1462.8572,1086.4442,1448.5587,0.94781417
1092.2667,1462.8572,1104.7832,1448.6415,0.98455304
1111.7715,1462.8572,1124.79,1449.0094,0.98673147
1131.2762,1462.8572,1144.168,1449.4012,0.8992969
1150.781,1462.8572,1164.3108,1451.3715,0.9447856
1170.2858,1462.8572,1184.3237,1450.4324,0.9971205
1189.7905,1462.8572,1204.4445,1448.9097,0.9797755
1209.2953,1462.8572,1222.6495,1449.2373,0.98292375
1228.8,1462.8572,1241.0128,1449.9796,0.84537077
1248.3048,1462.8572,1260.9225,1449.4044,0.9874135
1287.3143,1462.8572,1300.145,1448.6141,0.4581579
1306.8191,1462.8572,1318.437,1448.7008,0.7326655
1326.3239,1462.8572,1338.96,1449.9658,0.38626274
1384.8381,1462.8572,1395.7529,1448.4,0.6445156
1404.3429,1462.8572,1414.9323,1450.7063,0.7618913
1423.8477,1462.8572,1435.8007,1448.8062,0.8582803
1443.3524,1462.8572,1456.5227,1449.324,0.8586743
1462.8572,1462.8572,1474.4113,1449.0995,0.89753646
1482.3619,1462.8572,1495.0383,1449.9574,0.6486511
1501.8667,1462.8572,1514.3754,1451.2231,0.25431207
1521.3715,1462.8572,1534.545,1450.5472,0.34871542
1540.8762,1462.8572,1553.311,1449.3503,0.76156783
1579.8857,1462.8572,1591.1743,1449.2163,0.30723307
1599.3905,1462.8572,1610.8949,1450.642,0.29090717
1618.8953,1462.8572,1630.5267,1450.2832,0.7624131
1677.4095,1462.8572,1691.8939,1450.5753,0.373248
1696.9143,1462.8572,1710.118,1452.0392,0.4206725
1716.4191,1462.8572,1729.9507,1449.7952,0.89960533
1735.9238,1462.8572,1749.8549,1450.8822,0.82541275
1755.4286,1462.8572,1769.5107,1450.7148,0.9766837
1774.9333,1462.8572,1788.539,1449.5085,0.8613739
1794.4381,1462.8572,1808.1041,1449.5609,0.7388283
1833.4476,1462.8572,1847.6682,1452.0309,0.40786183
1852.9524,1462.8572,1866.833,1451.2356,0.31608924
1872.4573,1462.8572,1885.0698,1450.1057,0.7992617
1891.962,1462.8572,1904.6598,1450.6493,0.91374934
1911.4668,1462.8572,1925.5636,1450.9049,0.9159484
1930.9716,1462.8572,1944.423,1450.5421,0.8611104
1950.4763,1462.8572,1962.707,1450.531,0.3156817
1969.9811,1462.8572,1981.8759,1450.7058,0.30004913
39.009525,1482.3619,52.726685,1467.1323,0.40941313
58.51429,1482.3619,71.08636,1467.0043,0.43263566
78.01905,1482.3619,91.927055,1466.2023,0.64000344
97.52381,1482.3619,109.47582,1466.9548,0.930436
117.02858,1482.3619,129.80733,1466.4924,0.7999321
136.53334,1482.3619,148.8955,1466.5913,0.85359704
156.0381,1482.3619,167.87651,1467.1295,0.50603455
175.54286,1482.3619,188.12201,1466.7201,0.7930509
195.04762,1482.3619,207.36179,1466.1936,0.8160012
214.55238,1482.3619,227.21965,1466.7064,0.91342485
234.05716,1482.3619,246.82265,1466.0319,0.9610038
253.56192,1482.3619,266.97086,1467.5012,0.9814863
273.06668,1482.3619,286.71542,1467.2023,0.991661
292.57144,1482.3619,304.99777,1465.5964,0.9807163
312.0762,1482.3619,325.44684,1467.8198,0.9814812
331.58096,1482.3619,344.00922,1466.4813,0.98910415
351.08572,1482.3619,362.5959,1467.341,0.99422306
370.59048,1482.3619,384.20615,1467.427,0.99811614
390.09525,1482.3619,404.08774,1467.2103,0.9966397
409.6,1482.3619,421.85797,1467.355,0.9917362
429.10477,1482.3619,441.57855,1467.3218,0.9934361
448.60953,1482.3619,460.52307,1468.2064,0.9902978
468.11432,1482.3619,481.0431,1467.6746,0.95836574
487.61908,1482.3619,500.04883,1467.3191,0.98005015
507.12384,1482.3619,518.1754,1466.9541,0.76139075
526.6286,1482.3619,538.4935,1467.4266,0.50274235
546.13336,1482.3619,559.75354,1467.1844,0.577482
565.6381,1482.3619,577.42145,1467.344,0.96222097
585.1429,1482.3619,596.52856,1467.2546,0.9723631
604.64764,1482.3619,617.1841,1467.5267,0.9624699
624.1524,1482.3619,636.2781,1467.7124,0.89684945
643.65717,1482.3619,655.5875,1467.688,0.89604247
663.1619,1482.3619,675.28577,1467.4835,0.7088219
721.6762,1482.3619,734.95667,1467.445,0.8834319
741.18097,1482.3619,753.84814,1467.5887,0.9403997
760.6857,1482.3619,772.01373,1467.6649,0.9552348
780.1905,1482.3619,793.5222,1467.6409,0.9852226
799.69525,1482.3619,812.1476,1467.7821,0.94814503
819.2,1482.3619,831.4573,1467.1936,0.97213304
838.7048,1482.3619,850.68835,1467.6967,0.8992986
858.20953,1482.3619,870.98566,1467.651,0.9586767
877.7143,1482.3619,889.6843,1467.2532,0.98746747
897.21906,1482.3619,909.18463,1468.1035,0.9842082
916.7238,1482.3619,928.7839,1468.1158,0.95097196
936.22864,1482.3619,948.31323,1467.5128,0.88172257
955.7334,1482.3619,968.58624,1467.8116,0.708286
975.23816,1482.3619,989.06274,1467.9735,0.7788534
994.7429,1482.3619,1008.9445,1468.4774,0.27851284
1014.2477,1482.3619,1027.0646,1468.175,0.7081112
1033.7524,1482.3619,1045.3035,1468.4673,0.9345853
1053.2572,1482.3619,1066.7073,1467.9664,0.9792787
1072.762,1482.3619,1084.0016,1467.9913,0.9299507
1092.2667,1482.3619,1106.3344,1467.7522,0.9722236
1111.7715,1482.3619,1124.6005,1467.9042,0.9669794
1131.2762,1482.3619,1147.0931,1468.487,0.9647176
1150.781,1482.3619,1164.9674,1469.6315,0.994475
1170.2858,1482.3619,1183.9381,1467.7212,0.9867062
1189.7905,1482.3619,1202.9968,1469.5297,0.9237436
1209.2953,1482.3619,1222.0281,1468.4572,0.97094744
1228.8,1482.3619,1240.7614,1468.4161,0.8776175
1248.3048,1482.3619,1261.1605,1468.6683,0.93312174
1267.8096,1482.3619,1278.5681,1467.6473,0.497876
1287.3143,1482.3619,1299.6753,1469.0829,0.40578088
1306.8191,1482.3619,1319.533,1468.8691,0.56709045
1326.3239,1482.3619,1340.1573,1469.8517,0.79853874
1345.8286,1482.3619,1357.8906,1469.7015,0.5072607
1365.3334,1482.3619,1377.4618,1466.4958,0.6963928
1384.8381,1482.3619,1397.3823,1468.7604,0.71613234
1404.3429,1482.3619,1416.4093,1468.8267,0.8604495
1423.8477,1482.3619,1436.3674,1468.7045,0.7013945
1443.3524,1482.3619,1456.4193,1468.8055,0.9692615
1462.8572,1482.3619,1475.0104,1470.1097,0.8967349
1482.3619,1482.3619,1494.2069,1469.7112,0.3971869
1618.8953,1482.3619,1631.3337,1467.8734,0.5675052
1638.4,1482.3619,1652.7627,1469.0582,0.69858027
1677.4095,1482.3619,1691.7225,1470.468,0.6447259
1696.9143,1482.3619,1710.167,1469.6376,0.34748778
1716.4191,1482.3619,1729.7064,1470.1533,0.6905777
1735.9238,1482.3619,1750.7668,1471.7167,0.70187104
1755.4286,1482.3619,1769.6782,1470.9005,0.61508256
1774.9333,1482.3619,1787.324,1469.7651,0.8589739
1813.9429,1482.3619,1827.4656,1470.9048,0.47380203
1833.4476,1482.3619,1846.1565,1471.2678,0.24025178
1852.9524,1482.3619,1865.4675,1470.2362,0.34984913
1872.4573,1482.3619,1884.0359,1470.6163,0.8877491
1891.962,1482.3619,1904.3815,1471.1393,0.8508448
1911.4668,1482.3619,1923.5358,1469.6216,0.77668643
39.009525,1501.8667,51.278084,1485.3624,0.8536978
58.51429,1501.8667,72.56577,1485.6477,0.87491256
78.01905,1501.8667,90.79491,1486.3544,0.7256536
97.52381,1501.8667,110.60758,1486.3007,0.9234625
117.02858,1501.8667,128.39311,1486.1129,0.66701376
136.53334,1501.8667,149.10495,1485.3468,0.3872697
156.0381,1501.8667,166.80688,1485.9155,0.66636914
175.54286,1501.8667,186.68091,1485.8226,0.41082337
195.04762,1501.8667,207.64801,1485.8563,0.5939561
214.55238,1501.8667,226.85896,1485.8066,0.9343398
234.05716,1501.8667,247.53629,1486.2422,0.9561337
253.56192,1501.8667,266.0958,1486.0874,0.9649237
273.06668,1501.8667,286.36478,1487.5145,0.98330694
292.57144,1501.8667,304.39615,1486.5603,0.8935983
312.0762,1501.8667,324.16492,1487.8223,0.9692348
331.58096,1501.8667,344.08194,1486.3114,0.9539276
351.08572,1501.8667,363.66064,1486.0951,0.96915066
370.59048,1501.8667,384.55145,1485.2092,0.99381477
390.09525,1501.8667,405.03995,1487.2289,0.9985436
409.6,1501.8667,422.6133,1486.7089,0.99921453
429.10477,1501.8667,442.8134,1486.355,0.9955141
448.60953,1501.8667,461.89093,1487.1086,0.9898687
468.11432,1501.8667,481.47382,1487.2899,0.94959754
487.61908,1501.8667,499.38235,1487.0752,0.9841488
507.12384,1501.8667,518.6899,1486.6997,0.8299778
565.6381,1501.8667,578.03394,1487.3809,0.96359825
585.1429,1501.8667,597.1491,1487.4645,0.9102243
604.64764,1501.8667,616.97095,1486.9025,0.91259843
624.1524,1501.8667,635.0179,1487.749,0.859658
643.65717,1501.8667,655.6554,1487.2401,0.9361947
663.1619,1501.8667,675.8623,1487.0582,0.8087546
682.6667,1501.8667,694.9215,1486.6587,0.6831229
702.17145,1501.8667,714.55457,1487.3575,0.61350685
721.6762,1501.8667,735.4465,1487.7307,0.85854626
741.18097,1501.8667,753.2972,1487.26,0.6455257
760.6857,1501.8667,772.5914,1487.4618,0.8704074
780.1905,1501.8667,793.0139,1486.8036,0.9412866
799.69525,1501.8667,811.63196,1487.4196,0.96418357
819.2,1501.8667,831.29065,1487.0996,0.8548394
838.7048,1501.8667,850.95337,1487.3076,0.9403114
858.20953,1501.8667,871.34595,1487.2502,0.983467
877.7143,1501.8667,890.1064,1487.3695,0.9972013
897.21906,1501.8667,909.7302,1487.2335,0.95215714
916.7238,1501.8667,927.8884,1487.4836,0.8597469
936.22864,1501.8667,947.92786,1487.466,0.30052817
975.23816,1501.8667,988.68567,1487.6431,0.56532294
994.7429,1501.8667,1008.84125,1488.6428,0.80224353
1014.2477,1501.8667,1026.4081,1487.5276,0.94715863
1033.7524,1501.8667,1047.2255,1487.7207,0.963848
1053.2572,1501.8667,1065.7429,1487.6765,0.8112089
1072.762,1501.8667,1086.2225,1487.7285,0.6132253
1092.2667,1501.8667,1105.9288,1487.5513,0.90689325
1111.7715,1501.8667,1124.1012,1487.3267,0.9716183
1131.2762,1501.8667,1145.8961,1486.8544,0.95999753
1150.781,1501.8667,1164.8533,1487.427,0.9709212
1170.2858,1501.8667,1181.8666,1487.3945,0.9718888
1189.7905,1501.8667,1202.4414,1488.5485,0.8751996
1209.2953,1501.8667,1222.1412,1488.3035,0.974377
1228.8,1501.8667,1242.5,1487.6714,0.9475103
1248.3048,1501.8667,1260.6453,1488.3473,0.86753744
1267.8096,1501.8667,1280.0221,1488.1525,0.6861148
1287.3143,1501.8667,1301.0781,1488.487,0.7446541
1306.8191,1501.8667,1319.7363,1487.6667,0.8208054
1326.3239,1501.8667,1338.2233,1487.9958,0.59990686
1345.8286,1501.8667,1357.9889,1488.0033,0.89987946
1365.3334,1501.8667,1377.9288,1488.9254,0.67419755
1384.8381,1501.8667,1398.2334,1488.0332,0.95399153
1404.3429,1501.8667,1418.5427,1488.5527,0.9297185
1423.8477,1501.8667,1437.7904,1488.965,0.8619936
1443.3524,1501.8667,1455.575,1489.0283,0.8515704
1462.8572,1501.8667,1474.934,1489.3066,0.78509516
1482.3619,1501.8667,1493.4272,1487.99,0.76821923
1657.9048,1501.8667,1669.7367,1488.6105,0.45689678
1696.9143,1501.8667,1708.9916,1488.5106,0.4374387
1716.4191,1501.8667,1730.5046,1488.6599,0.37457404
1735.9238,1501.8667,1750.8596,1490.1132,0.8511235
1755.4286,1501.8667,1768.4534,1488.3727,0.80948466
1774.9333,1501.8667,1788.3861,1490.1895,0.9579116
1794.4381,1501.8667,1808.8433,1489.5946,0.95164603
1813.9429,1501.8667,1827.2434,1489.4219,0.535149
1833.4476,1501.8667,1846.1049,1489.7081,0.5391454
1852.9524,1501.8667,1865.4286,1490.3593,0.7861701
1872.4573,1501.8667,1884.3242,1490.365,0.7529384
1891.962,1501.8667,1903.6329,1489.8813,0.6500432
1911.4668,1501.8667,1923.2743,1490.2274,0.7894797
1930.9716,1501.8667,1944.8735,1491.1887,0.60327953
1950.4763,1501.8667,1963.8129,1490.6078,0.2067119
1969.9811,1501.8667,1982.3029,1490.0233,0.6009449
39.009525,1521.3715,52.433075,1505.1179,0.8966317
58.51429,1521.3715,71.273285,1505.5981,0.7169427
78.01905,1521.3715,90.059456,1505.1796,0.6949052
97.52381,1521.3715,109.957634,1505.4121,0.8948007
117.02858,1521.3715,129.02844,1505.6613,0.48971483
156.0381,1521.3715,167.0032,1506.4531,0.7586268
214.55238,1521.3715,228.03233,1504.945,0.94825226
234.05716,1521.3715,247.16739,1505.175,0.9846187
253.56192,1521.3715,266.90204,1505.8014,0.99591273
273.06668,1521.3715,285.96542,1506.1792,0.99716485
292.57144,1521.3715,304.1189,1505.7906,0.97625554
312.0762,1521.3715,324.15366,1505.4877,0.9794073
331.58096,1521.3715,344.6879,1505.936,0.9607514
351.08572,1521.3715,362.67944,1505.7314,0.9444138
370.59048,1521.3715,382.17865,1506.4604,0.94575185
390.09525,1521.3715,402.85245,1506.5757,0.99853134
409.6,1521.3715,421.85272,1506.5969,0.98378587
429.10477,1521.3715,441.3168,1506.796,0.94267625
448.60953,1521.3715,460.13306,1506.137,0.98771733
468.11432,1521.3715,480.36313,1506.9733,0.9843289
487.61908,1521.3715,499.1933,1506.1477,0.98807484
507.12384,1521.3715,519.0182,1506.4923,0.89346
526.6286,1521.3715,538.5212,1506.2307,0.44486263
546.13336,1521.3715,559.6849,1506.4454,0.8728407
565.6381,1521.3715,576.6326,1506.4827,0.9715435
585.1429,1521.3715,598.8501,1506.7092,0.94268185
604.64764,1521.3715,617.64514,1506.4977,0.88822633
624.1524,1521.3715,636.4351,1506.82,0.9508423
643.65717,1521.3715,655.3688,1506.8783,0.97596055
663.1619,1521.3715,675.4031,1507.1587,0.94964474
682.6667,1521.3715,694.5236,1507.0118,0.7865142
702.17145,1521.3715,715.4941,1506.7095,0.768533
721.6762,1521.3715,734.0628,1506.374,0.78724486
741.18097,1521.3715,753.5416,1506.9635,0.4394671
760.6857,1521.3715,772.14636,1506.6471,0.81492
780.1905,1521.3715,791.4618,1506.6086,0.6804829
799.69525,1521.3715,812.91876,1506.9855,0.9305087
819.2,1521.3715,831.6955,1506.7323,0.9796983
838.7048,1521.3715,850.9378,1506.688,0.98624444
858.20953,1521.3715,870.7004,1506.0065,0.9792503
877.7143,1521.3715,890.03406,1506.656,0.9954098
897.21906,1521.3715,910.0053,1506.9783,0.81676227
916.7238,1521.3715,927.6631,1506.8607,0.5270963
936.22864,1521.3715,947.93665,1507.1119,0.6148339
955.7334,1521.3715,966.9823,1507.6288,0.7617851
975.23816,1521.3715,988.7662,1507.0841,0.9484985
994.7429,1521.3715,1009.03186,1506.8558,0.95715076
1014.2477,1521.3715,1026.6414,1506.862,0.95980316
1033.7524,1521.3715,1047.0204,1507.1245,0.8684673
1072.762,1521.3715,1087.4001,1507.076,0.60154176
1092.2667,1521.3715,1105.0387,1507.4781,0.8277649
1111.7715,1521.3715,1124.1503,1506.7443,0.84947497
1131.2762,1521.3715,1144.5167,1507.3392,0.95328534
1150.781,1521.3715,1165.4337,1506.2605,0.9861905
1170.2858,1521.3715,1183.2574,1507.0553,0.96863055
1189.7905,1521.3715,1202.2167,1507.3728,0.7649807
1209.2953,1521.3715,1221.5013,1509.38,0.9822688
1228.8,1521.3715,1240.9272,1508.239,0.77584255
1248.3048,1521.3715,1260.9806,1508.3618,0.7923526
1267.8096,1521.3715,1279.4326,1507.044,0.71123236
1287.3143,1521.3715,1301.0685,1506.7689,0.63981044
1306.8191,1521.3715,1320.5778,1509.2084,0.9453104
1326.3239,1521.3715,1340.2611,1509.195,0.6965859
1345.8286,1521.3715,1359.4429,1508.1798,0.8288648
1365.3334,1521.3715,1377.805,1508.0035,0.6355916
1384.8381,1521.3715,1397.8619,1508.3558,0.7084306
1404.3429,1521.3715,1415.6676,1508.2723,0.6903041
1423.8477,1521.3715,1436.6178,1509.5342,0.6123539
1443.3524,1521.3715,1454.1191,1509.4446,0.69548815
1657.9048,1521.3715,1670.0773,1508.5583,0.25234407
1716.4191,1521.3715,1729.3807,1509.1045,0.5279301
1735.9238,1521.3715,1748.8665,1509.9802,0.9122956
1755.4286,1521.3715,1770.3942,1507.3752,0.9364073
1794.4381,1521.3715,1809.359,1508.5446,0.82802576
1813.9429,1521.3715,1827.6578,1510.3463,0.8260797
1833.4476,1521.3715,1847.0731,1510.0621,0.6471699
1852.9524,1521.3715,1865.8423,1510.1025,0.9471035
1872.4573,1521.3715,1884.5748,1509.5597,0.92760444
1891.962,1521.3715,1904.7267,1508.8125,0.94542176
1911.4668,1521.3715,1923.1185,1510.5732,0.6867135
1930.9716,1521.3715,1943.1493,1509.8658,0.9359463
1950.4763,1521.3715,1963.578,1509.8358,0.49294978
39.009525,1540.8762,52.079063,1524.3125,0.84577304
58.51429,1540.8762,71.05983,1524.3722,0.7212206
78.01905,1540.8762,91.25147,1523.6049,0.84446126
97.52381,1540.8762,109.76178,1525.5056,0.6118197
117.02858,1540.8762,129.56786,1524.9453,0.6384049
136.53334,1540.8762,147.30933,1525.6927,0.96948045
156.0381,1540.8762,168.55652,1525.7063,0.93143654
175.54286,1540.8762,187.53665,1525.8107,0.5709737
195.04762,1540.8762,206.44673,1524.861,0.42770836
214.55238,1540.8762,227.20192,1524.5988,0.99148667
234.05716,1540.8762,247.32645,1525.8708,0.9974983
253.56192,1540.8762,266.41183,1525.3707,0.9945166
273.06668,1540.8762,286.13715,1525.5941,0.98504716
292.57144,1540.8762,305.59314,1525.5712,0.97675896
312.0762,1540.8762,325.04556,1524.3033,0.912835
331.58096,1540.8762,344.5687,1525.634,0.978695
351.08572,1540.8762,364.0173,1525.8964,0.9923454
370.59048,1540.8762,383.17584,1525.9231,0.980504
390.09525,1540.8762,400.9514,1525.724,0.92776513
409.6,1540.8762,421.84323,1525.7848,0.95872194
429.10477,1540.8762,440.93933,1526.1438,0.9159571
448.60953,1540.8762,460.8774,1526.2355,0.96591485
468.11432,1540.8762,479.9379,1525.7943,0.98725086
487.61908,1540.8762,498.9377,1526.177,0.97095954
507.12384,1540.8762,519.90173,1526.5208,0.9026297
526.6286,1540.8762,539.5093,1525.9459,0.91953003
546.13336,1540.8762,559.49695,1525.1658,0.9833022
565.6381,1540.8762,578.09503,1525.8524,0.98938686
585.1429,1540.8762,597.56555,1526.2758,0.9955291
604.64764,1540.8762,616.7452,1525.3158,0.9613471
624.1524,1540.8762,636.4556,1525.1075,0.9057429
643.65717,1540.8762,654.83997,1526.1272,0.95422983
663.1619,1540.8762,675.6639,1526.2471,0.71873814
682.6667,1540.8762,695.24005,1526.2509,0.9466043
702.17145,1540.8762,715.33105,1526.2306,0.94063973
721.6762,1540.8762,734.65875,1526.5781,0.7486181
741.18097,1540.8762,753.0789,1526.2379,0.6516958
760.6857,1540.8762,771.9349,1526.2756,0.85566974
780.1905,1540.8762,792.23926,1526.3186,0.78505236
799.69525,1540.8762,812.9316,1526.4248,0.9485529
819.2,1540.8762,832.0881,1526.4175,0.97426224
838.7048,1540.8762,851.2307,1527.7031,0.9774668
858.20953,1540.8762,870.7693,1527.2563,0.94865847
877.7143,1540.8762,890.9838,1526.0677,0.9928876
897.21906,1540.8762,909.6948,1525.6538,0.9271693
916.7238,1540.8762,928.6608,1526.131,0.70195866
936.22864,1540.8762,947.72876,1526.6588,0.68467206
955.7334,1540.8762,968.7647,1526.527,0.5779117
975.23816,1540.8762,987.6669,1526.4224,0.9527499
994.7429,1540.8762,1006.8593,1526.3939,0.91114545
1014.2477,1540.8762,1027.3468,1526.3142,0.929703
1033.7524,1540.8762,1046.8835,1527.0902,0.9282793
1072.762,1540.8762,1086.2224,1528.4069,0.76241714
1111.7715,1540.8762,1125.8713,1527.2274,0.8964271
1131.2762,1540.8762,1144.074,1526.5858,0.9662639
1150.781,1540.8762,1163.2031,1525.7979,0.988424
1170.2858,1540.8762,1184.9758,1527.326,0.94653183
1189.7905,1540.8762,1203.1311,1526.6185,0.98448527
1209.2953,1540.8762,1220.8159,1526.7836,0.9548535
1228.8,1540.8762,1240.5648,1527.1105,0.8310431
1248.3048,1540.8762,1261.1682,1528.6077,0.8925019
1267.8096,1540.8762,1281.0542,1527.3579,0.72510606
1287.3143,1540.8762,1301.5487,1527.2056,0.6332579
1326.3239,1540.8762,1340.723,1527.8434,0.5518302
1345.8286,1540.8762,1360.5841,1526.9257,0.47559333
1365.3334,1540.8762,1379.2252,1527.3552,0.31037903
1384.8381,1540.8762,1396.973,1527.6083,0.86455274
1404.3429,1540.8762,1417.5842,1529.4143,0.5279915
1423.8477,1540.8762,1438.0724,1529.6558,0.715776
1657.9048,1540.8762,1669.9003,1528.736,0.35567135
1696.9143,1540.8762,1711.2032,1528.3269,0.29877558
1716.4191,1540.8762,1729.5674,1528.1962,0.76891077
1735.9238,1540.8762,1749.4147,1527.5321,0.9523492
1755.4286,1540.8762,1768.8221,1528.4492,0.95726573
1774.9333,1540.8762,1789.4707,1526.8541,0.55180967
1794.4381,1540.8762,1809.094,1529.2056,0.7891473
1813.9429,1540.8762,1827.2142,1529.8788,0.9236302
1833.4476,1540.8762,1846.6136,1529.2756,0.90180457
1852.9524,1540.8762,1867.4847,1530.0374,0.8028139
1872.4573,1540.8762,1886.3496,1527.9805,0.90333104
1891.962,1540.8762,1906.4143,1528.1154,0.9416726
1911.4668,1540.8762,1923.434,1529.1641,0.42063212
1930.9716,1540.8762,1944.0157,1530.4857,0.35255435
1950.4763,1540.8762,1965.9017,1527.8726,0.7062884
1969.9811,1540.8762,1983.3364,1527.8923,0.57954264
39.009525,1560.381,52.27625,1544.8834,0.7150715
58.51429,1560.381,71.13887,1545.2554,0.8474397
78.01905,1560.381,89.60251,1545.5145,0.9634269
97.52381,1560.381,108.17511,1545.2122,0.86963576
117.02858,1560.381,128.45609,1545.0145,0.9499157
136.53334,1560.381,149.05116,1545.1967,0.80727684
156.0381,1560.381,168.62898,1545.7135,0.9172123
175.54286,1560.381,186.63716,1544.6969,0.91752815
195.04762,1560.381,206.90335,1544.266,0.9624305
214.55238,1560.381,226.96104,1545.381,0.98441976
234.05716,1560.381,246.71649,1544.768,0.9962901
253.56192,1560.381,266.11108,1544.5953,0.9947239
273.06668,1560.381,286.60513,1543.9884,0.99503785
292.57144,1560.381,304.94962,1544.982,0.9175138
312.0762,1560.381,323.76077,1544.7787,0.9866796
331.58096,1560.381,344.5302,1545.1378,0.9860876
351.08572,1560.381,363.28873,1545.6582,0.96543115
370.59048,1560.381,381.98563,1545.44,0.97846895
390.09525,1560.381,401.617,1545.3936,0.9073004
409.6,1560.381,422.38858,1544.7509,0.9157469
429.10477,1560.381,441.9668,1544.0037,0.95997745
448.60953,1560.381,460.56067,1545.5231,0.9758629
468.11432,1560.381,479.56824,1545.3359,0.98634
487.61908,1560.381,500.57254,1545.2999,0.9793954
507.12384,1560.381,520.546,1544.9238,0.820677
526.6286,1560.381,538.9941,1544.9054,0.8203932
546.13336,1560.381,556.94525,1545.7472,0.99613136
565.6381,1560.381,577.91113,1545.4412,0.99442136
585.1429,1560.381,597.1131,1544.9353,0.9949589
604.64764,1560.381,616.74365,1544.7933,0.9732527
624.1524,1560.381,635.3742,1546.1863,0.9769286
643.65717,1560.381,655.4282,1545.857,0.97628796
663.1619,1560.381,676.1185,1545.9103,0.5079082
682.6667,1560.381,697.7697,1547.2374,0.9764651
702.17145,1560.381,714.67096,1546.0686,0.987099
721.6762,1560.381,734.4042,1545.3806,0.98485106
741.18097,1560.381,753.1318,1546.0847,0.8779691
760.6857,1560.381,772.7787,1546.3623,0.9110143
780.1905,1560.381,792.33234,1546.3175,0.97602797
799.69525,1560.381,811.68134,1545.5105,0.80201733
819.2,1560.381,832.8529,1545.5117,0.89018166
838.7048,1560.381,851.7286,1545.9738,0.9783433
858.20953,1560.381,869.9881,1546.0131,0.9683693
877.7143,1560.381,890.4329,1544.7749,0.99263513
897.21906,1560.381,909.367,1545.4045,0.9658722
916.7238,1560.381,927.88074,1545.9691,0.86932117
936.22864,1560.381,949.05554,1545.9678,0.9498336
955.7334,1560.381,967.66174,1546.5181,0.7356357
975.23816,1560.381,987.10944,1545.6854,0.8795523
994.7429,1560.381,1006.72253,1545.6177,0.8278616
1014.2477,1560.381,1026.5469,1545.8644,0.86256105
1033.7524,1560.381,1047.2507,1545.7258,0.9368419
1053.2572,1560.381,1067.042,1546.472,0.74170595
1072.762,1560.381,1085.0599,1546.2144,0.88601273
1092.2667,1560.381,1103.7911,1546.13,0.94393605
1111.7715,1560.381,1125.8615,1547.978,0.9406675
1131.2762,1560.381,1144.5406,1547.6172,0.94172376
1150.781,1560.381,1162.8997,1546.6671,0.955616
1170.2858,1560.381,1182.7423,1546.2241,0.9648481
1189.7905,1560.381,1202.0286,1547.0765,0.9764849
1209.2953,1560.381,1223.2175,1546.9935,0.9875846
1228.8,1560.381,1240.6335,1546.4019,0.9201328
1248.3048,1560.381,1260.4504,1545.9714,0.93305373
1267.8096,1560.381,1279.3743,1546.9479,0.77087885
1287.3143,1560.381,1301.3947,1546.771,0.57322353
1423.8477,1560.381,1438.5344,1546.8481,0.2568164
1638.4,1560.381,1652.8494,1548.218,0.20843881
1657.9048,1560.381,1670.7284,1546.8234,0.5151176
1677.4095,1560.381,1689.539,1547.7744,0.6030367
1696.9143,1560.381,1708.855,1548.0056,0.3444345
1716.4191,1560.381,1729.3208,1548.2925,0.6547088
1735.9238,1560.381,1747.9446,1548.6228,0.95209163
1755.4286,1560.381,1769.1438,1548.8761,0.777662
1774.9333,1560.381,1788.4332,1550.0793,0.5711694
1794.4381,1560.381,1809.524,1548.3926,0.77462995
1813.9429,1560.381,1828.5093,1547.2924,0.8774138
1833.4476,1560.381,1847.0004,1547.3677,0.5854551
1852.9524,1560.381,1865.2395,1547.9203,0.9097518
1872.4573,1560.381,1885.0115,1547.9517,0.90145385
1891.962,1560.381,1904.7267,1547.1476,0.9697422
1950.4763,1560.381,1963.6702,1547.9135,0.62107587
1969.9811,1560.381,1983.6534,1547.5907,0.8614012
39.009525,1579.8857,51.46393,1564.2327,0.593709
58.51429,1579.8857,71.41068,1564.4923,0.92115027
78.01905,1579.8857,89.72618,1563.304,0.7326592
97.52381,1579.8857,109.64225,1564.2694,0.9520675
117.02858,1579.8857,129.3474,1565.3267,0.9492565
136.53334,1579.8857,149.38672,1565.1923,0.63071877
156.0381,1579.8857,168.5613,1564.1868,0.3558708
175.54286,1579.8857,187.20853,1563.7334,0.8263939
195.04762,1579.8857,206.91672,1564.7067,0.62221354
214.55238,1579.8857,227.6624,1564.6702,0.974546
234.05716,1579.8857,247.68582,1563.008,0.9822283
253.56192,1579.8857,267.1261,1563.7992,0.9345305
273.06668,1579.8857,287.09747,1562.6056,0.9901317
292.57144,1579.8857,306.56964,1564.7474,0.95331126
312.0762,1579.8857,325.91806,1564.9781,0.9708353
331.58096,1579.8857,344.02264,1564.7294,0.9916898
351.08572,1579.8857,362.69504,1564.5941,0.7652232
370.59048,1579.8857,383.80933,1565.8748,0.96778834
390.09525,1579.8857,403.34244,1565.2579,0.8580414
409.6,1579.8857,421.7589,1564.9728,0.8330825
429.10477,1579.8857,441.75284,1565.5111,0.98265857
448.60953,1579.8857,462.62082,1565.3402,0.99693596
468.11432,1579.8857,479.26837,1564.5239,0.9924199
487.61908,1579.8857,499.9912,1565.1581,0.96649915
507.12384,1579.8857,518.7137,1564.3236,0.96268475
526.6286,1579.8857,539.4594,1564.7495,0.99265075
546.13336,1579.8857,558.4957,1565.2275,0.9904075
565.6381,1579.8857,578.9605,1564.8944,0.9974279
585.1429,1579.8857,596.6978,1564.6213,0.9958247
604.64764,1579.8857,616.6191,1565.4261,0.98104686
624.1524,1579.8857,636.2189,1565.9371,0.94877845
643.65717,1579.8857,656.4222,1565.7866,0.99155223
663.1619,1579.8857,675.7591,1565.4923,0.93391633
682.6667,1579.8857,695.2647,1566.3605,0.97537607
702.17145,1579.8857,714.0579,1565.7136,0.9886049
721.6762,1579.8857,734.42316,1566.1125,0.99477047
741.18097,1579.8857,753.09216,1565.4692,0.9410768
760.6857,1579.8857,774.48175,1566.5875,0.9482059
780.1905,1579.8857,791.7812,1565.5621,0.9393666
799.69525,1579.8857,812.6988,1565.4836,0.94216394
819.2,1579.8857,832.07874,1565.4448,0.9284667
838.7048,1579.8857,850.4072,1565.5709,0.9364184
858.20953,1579.8857,869.73663,1565.0369,0.9200101
877.7143,1579.8857,888.33655,1565.1809,0.95872694
897.21906,1579.8857,910.3289,1565.2933,0.9975629
916.7238,1579.8857,928.97546,1565.509,0.9723523
936.22864,1579.8857,949.2778,1565.7904,0.98509187
955.7334,1579.8857,967.2284,1565.6969,0.954868
975.23816,1579.8857,986.74243,1565.6309,0.86707073
994.7429,1579.8857,1005.7273,1565.2299,0.635632
1014.2477,1579.8857,1026.198,1565.2122,0.9748585
1033.7524,1579.8857,1045.8236,1565.1887,0.9445688
1053.2572,1579.8857,1067.7252,1566.0751,0.94600475
1072.762,1579.8857,1085.1277,1565.4132,0.919545
1092.2667,1579.8857,1103.9486,1565.5593,0.9832299
1111.7715,1579.8857,1125.2823,1566.3218,0.9626054
1131.2762,1579.8857,1145.1497,1565.3251,0.954271
1150.781,1579.8857,1164.795,1565.1521,0.9690675
1170.2858,1579.8857,1182.2098,1564.6755,0.9579456
1189.7905,1579.8857,1201.5135,1565.8247,0.8998009
1209.2953,1579.8857,1221.4296,1565.8776,0.9482516
1228.8,1579.8857,1240.3507,1565.6355,0.97112966
1248.3048,1579.8857,1260.2893,1565.5397,0.7144614
1267.8096,1579.8857,1280.0254,1566.4692,0.9366417
1287.3143,1579.8857,1300.4713,1565.7948,0.83586055
1306.8191,1579.8857,1320.4658,1566.2009,0.397134
1638.4,1579.8857,1651.9261,1568.0262,0.74712294
1657.9048,1579.8857,1671.1575,1566.6589,0.55067366
1677.4095,1579.8857,1689.94,1567.3226,0.68206
1696.9143,1579.8857,1709.0353,1567.789,0.68899566
1716.4191,1579.8857,1728.2627,1568.9497,0.87283903
1735.9238,1579.8857,1749.3301,1567.9259,0.9798053
1755.4286,1579.8857,1767.7577,1566.5303,0.8105857
1774.9333,1579.8857,1789.006,1567.2981,0.97537106
1794.4381,1579.8857,1808.1879,1567.6567,0.97070414
1813.9429,1579.8857,1826.8466,1567.5546,0.96364295
1833.4476,1579.8857,1845.5151,1567.6709,0.8171209
1852.9524,1579.8857,1867.0582,1568.6147,0.4272636
1872.4573,1579.8857,1885.6771,1568.0416,0.4850236
1891.962,1579.8857,1904.6221,1568.0566,0.67905796
1911.4668,1579.8857,1923.6119,1567.5029,0.3997228
1950.4763,1579.8857,1962.9078,1567.8054,0.6584924
1969.9811,1579.8857,1983.4025,1568.0742,0.89463717
39.009525,1599.3905,51.90996,1583.0996,0.74397856
58.51429,1599.3905,70.37368,1583.8977,0.9855803
78.01905,1599.3905,89.667046,1583.6986,0.96441996
97.52381,1599.3905,109.63806,1584.3486,0.9251037
117.02858,1599.3905,128.70412,1584.6887,0.6037448
156.0381,1599.3905,168.71024,1584.3783,0.40406603
175.54286,1599.3905,186.70445,1584.5609,0.26479307
195.04762,1599.3905,207.15169,1583.3444,0.7874032
214.55238,1599.3905,228.70088,1584.4224,0.92657393
234.05716,1599.3905,247.16388,1584.2139,0.8848291
253.56192,1599.3905,268.148,1584.2933,0.61399835
273.06668,1599.3905,287.06555,1583.5033,0.937228
292.57144,1599.3905,305.99332,1583.4222,0.77036625
312.0762,1599.3905,325.23306,1582.9135,0.94661427
331.58096,1599.3905,345.291,1583.6232,0.9177519
351.08572,1599.3905,364.29416,1584.081,0.9575817
370.59048,1599.3905,382.5048,1584.6619,0.9750008
390.09525,1599.3905,402.6798,1584.2567,0.8043261
409.6,1599.3905,421.93338,1585.1587,0.960571
429.10477,1599.3905,442.8986,1584.9927,0.9983539
448.60953,1599.3905,461.20236,1584.4592,0.99283767
468.11432,1599.3905,480.47577,1584.7953,0.9846
487.61908,1599.3905,500.37442,1584.632,0.993688
507.12384,1599.3905,520.0787,1584.0056,0.9882675
526.6286,1599.3905,538.9034,1583.6349,0.99395466
546.13336,1599.3905,558.5505,1584.0543,0.99817747
565.6381,1599.3905,578.3149,1584.111,0.9927108
585.1429,1599.3905,598.6612,1585.438,0.9926652
604.64764,1599.3905,617.93164,1585.3555,0.99055505
624.1524,1599.3905,636.6724,1584.6857,0.903878
643.65717,1599.3905,656.45776,1585.3036,0.99049765
663.1619,1599.3905,676.0336,1584.9652,0.988048
682.6667,1599.3905,694.75195,1584.5576,0.9429545
702.17145,1599.3905,713.8529,1584.7903,0.90490013
721.6762,1599.3905,733.95636,1584.7689,0.98962617
741.18097,1599.3905,754.2197,1584.8531,0.95397323
760.6857,1599.3905,772.7905,1585.0677,0.958326
780.1905,1599.3905,792.0528,1585.0767,0.8759764
799.69525,1599.3905,811.55444,1584.4425,0.98008895
819.2,1599.3905,831.08844,1584.9639,0.9068117
838.7048,1599.3905,851.14764,1585.1077,0.816619
858.20953,1599.3905,870.72296,1585.2245,0.9300614
877.7143,1599.3905,890.60876,1585.1503,0.88009113
897.21906,1599.3905,909.65857,1585.3987,0.97267956
916.7238,1599.3905,928.32635,1584.9359,0.964939
936.22864,1599.3905,948.81104,1584.9597,0.9742581
955.7334,1599.3905,967.95233,1584.7334,0.9371921
975.23816,1599.3905,987.8585,1584.8674,0.9361417
994.7429,1599.3905,1007.4824,1584.9774,0.8521603
1014.2477,1599.3905,1026.4164,1584.9974,0.8334602
1033.7524,1599.3905,1045.6195,1585.2299,0.8022571
1053.2572,1599.3905,1066.7703,1585.2853,0.9826909
1072.762,1599.3905,1086.1544,1585.4364,0.94638
1092.2667,1599.3905,1104.7622,1585.3441,0.99635
1111.7715,1599.3905,1124.943,1585.3083,0.98591566
1131.2762,1599.3905,1143.8971,1584.9105,0.9284606
1170.2858,1599.3905,1183.5095,1583.9675,0.9929548
1189.7905,1599.3905,1203.0676,1585.8677,0.9717541
1209.2953,1599.3905,1221.881,1585.0623,0.9142411
1228.8,1599.3905,1241.443,1585.5107,0.9875552
1248.3048,1599.3905,1260.1041,1585.4323,0.90857446
1267.8096,1599.3905,1279.7511,1586.8639,0.9682396
1287.3143,1599.3905,1301.3273,1585.6056,0.9869104
1306.8191,1599.3905,1320.4608,1585.787,0.9037196
1638.4,1599.3905,1651.5416,1587.7776,0.73875403
1657.9048,1599.3905,1671.4554,1587.6238,0.20710719
1677.4095,1599.3905,1690.8226,1587.5432,0.73649085
1696.9143,1599.3905,1708.6462,1587.2451,0.563805
1716.4191,1599.3905,1729.1171,1586.6885,0.6854132
1735.9238,1599.3905,1749.9917,1588.3186,0.4995439
1755.4286,1599.3905,1768.1871,1587.7897,0.6770446
1774.9333,1599.3905,1787.7898,1586.8958,0.9561311
1794.4381,1599.3905,1808.3854,1588.1368,0.9451561
1813.9429,1599.3905,1827.1581,1587.495,0.9815752
1833.4476,1599.3905,1847.0221,1587.7428,0.77085257
1872.4573,1599.3905,1886.3453,1587.7102,0.4268058
1891.962,1599.3905,1903.8182,1587.2017,0.9171165
1911.4668,1599.3905,1923.7567,1588.5326,0.7938455
1930.9716,1599.3905,1942.8422,1588.385,0.46926817
1950.4763,1599.3905,1962.1422,1588.6378,0.44905117
1969.9811,1599.3905,1982.7456,1588.4556,0.8308676
39.009525,1618.8953,50.605484,1603.0842,0.9428533
58.51429,1618.8953,70.547295,1603.8284,0.9603986
78.01905,1618.8953,89.778305,1604.0138,0.9490974
97.52381,1618.8953,110.43663,1603.1553,0.84660065
117.02858,1618.8953,129.9158,1603.6519,0.93077415
136.53334,1618.8953,148.16148,1603.5277,0.6727038
156.0381,1618.8953,169.21584,1604.0676,0.4008709
214.55238,1618.8953,227.25859,1603.2452,0.8667426
234.05716,1618.8953,248.08047,1603.2863,0.9384908
253.56192,1618.8953,266.93896,1603.3976,0.851012
331.58096,1618.8953,346.38547,1603.9835,0.8933872
351.08572,1618.8953,365.54828,1603.4902,0.99110764
370.59048,1618.8953,383.65314,1602.7255,0.9851862
390.09525,1618.8953,403.897,1603.6956,0.9059495
409.6,1618.8953,422.7181,1604.2354,0.9774731
429.10477,1618.8953,442.30173,1603.9358,0.98976934
448.60953,1618.8953,459.21118,1603.8359,0.97415435
468.11432,1618.8953,479.55704,1603.8021,0.88896906
487.61908,1618.8953,499.0853,1603.6007,0.9619871
507.12384,1618.8953,518.2271,1604.2437,0.988157
526.6286,1618.8953,539.4822,1603.8889,0.9860243
546.13336,1618.8953,558.36316,1604.3634,0.9953158
565.6381,1618.8953,578.0149,1604.743,0.9916742
585.1429,1618.8953,598.83435,1604.1459,0.9989561
604.64764,1618.8953,618.92334,1604.1216,0.985554
624.1524,1618.8953,637.6299,1604.6099,0.9870183
643.65717,1618.8953,655.82635,1604.1802,0.99680036
663.1619,1618.8953,677.293,1603.934,0.9942507
682.6667,1618.8953,694.2308,1605.1334,0.9011806
702.17145,1618.8953,715.1302,1604.5848,0.87293947
721.6762,1618.8953,734.0894,1604.4038,0.7994621
741.18097,1618.8953,753.44574,1604.5769,0.77887744
760.6857,1618.8953,773.77466,1604.3324,0.9411045
780.1905,1618.8953,790.9614,1603.8439,0.8558797
799.69525,1618.8953,812.234,1604.2775,0.9206098
819.2,1618.8953,832.94183,1603.9877,0.91602504
838.7048,1618.8953,850.36066,1604.3175,0.7276244
858.20953,1618.8953,871.96924,1604.4847,0.9337143
877.7143,1618.8953,890.1064,1604.0127,0.9380689
897.21906,1618.8953,908.5834,1604.2838,0.9412119
916.7238,1618.8953,929.1377,1604.6342,0.8576566
936.22864,1618.8953,950.42,1605.6578,0.9685883
955.7334,1618.8953,968.71643,1605.7764,0.591733
975.23816,1618.8953,989.1156,1603.9963,0.81394476
994.7429,1618.8953,1008.7743,1605.514,0.9773402
1014.2477,1618.8953,1027.1421,1605.1157,0.6405609
1033.7524,1618.8953,1045.6278,1604.4302,0.92175126
1053.2572,1618.8953,1066.1744,1604.5631,0.9919024
1072.762,1618.8953,1087.4326,1606.0651,0.9590705
1092.2667,1618.8953,1103.6962,1604.6748,0.9859545
1111.7715,1618.8953,1125.1437,1604.0686,0.9680122
1131.2762,1618.8953,1146.3739,1604.3326,0.98751193
1150.781,1618.8953,1163.8519,1604.6346,0.93524987
1170.2858,1618.8953,1182.7179,1604.8705,0.84720457
1189.7905,1618.8953,1204.445,1603.8041,0.9956171
1209.2953,1618.8953,1221.738,1604.5535,0.95690507
1228.8,1618.8953,1239.325,1604.4463,0.98830694
1248.3048,1618.8953,1260.4354,1604.2583,0.96424675
1267.8096,1618.8953,1281.8901,1602.7152,0.9717788
1287.3143,1618.8953,1299.8042,1605.3392,0.98403996
1306.8191,1618.8953,1319.8088,1606.8002,0.96397
1326.3239,1618.8953,1339.0408,1606.5131,0.56695247
1599.3905,1618.8953,1613.4408,1608.4786,0.21406667
1618.8953,1618.8953,1632.0226,1607.9042,0.96712035
1638.4,1618.8953,1650.392,1607.5946,0.96700984
1657.9048,1618.8953,1670.2285,1606.8287,0.8598991
1677.4095,1618.8953,1690.4064,1606.6676,0.96747625
1696.9143,1618.8953,1709.1201,1607.8981,0.85920787
1716.4191,1618.8953,1730.7384,1607.4209,0.60319483
1774.9333,1618.8953,1788.0289,1606.5527,0.78654414
1794.4381,1618.8953,1808.9187,1607.4084,0.94869864
1813.9429,1618.8953,1827.7852,1606.2639,0.98009026
1833.4476,1618.8953,1846.5769,1606.9119,0.958715
1872.4573,1618.8953,1885.0547,1607.2715,0.5191039
1891.962,1618.8953,1904.7216,1606.0499,0.44407
1911.4668,1618.8953,1925.0315,1605.852,0.8670849
1930.9716,1618.8953,1943.4048,1606.8942,0.7168802
1950.4763,1618.8953,1963.5245,1608.168,0.55726737
39.009525,1638.4,52.224113,1622.6724,0.97001314
58.51429,1638.4,70.78056,1622.315,0.964096
78.01905,1638.4,90.04927,1622.7043,0.97536695
97.52381,1638.4,110.56901,1623.1208,0.83439577
117.02858,1638.4,129.1081,1622.8068,0.6981469
136.53334,1638.4,147.90103,1623.5281,0.6125721
156.0381,1638.4,168.96,1623.5851,0.4551539
175.54286,1638.4,190.05177,1622.2206,0.79280496
195.04762,1638.4,207.55568,1622.0854,0.9557971
214.55238,1638.4,225.83899,1622.6865,0.7517323
234.05716,1638.4,245.49028,1623.1443,0.85084414
253.56192,1638.4,265.62204,1623.02,0.764228
331.58096,1638.4,346.94864,1622.5128,0.91728646
351.08572,1638.4,365.36163,1622.8512,0.97861004
370.59048,1638.4,383.10895,1622.5226,0.99060017
390.09525,1638.4,402.6474,1621.6674,0.9563848
409.6,1638.4,421.92178,1621.6669,0.97118974
429.10477,1638.4,441.35187,1622.2999,0.98805004
448.60953,1638.4,459.40054,1623.3118,0.9840181
468.11432,1638.4,480.07208,1623.4463,0.97572744
487.61908,1638.4,499.92023,1623.4438,0.96685475
507.12384,1638.4,518.79736,1623.7742,0.95070434
526.6286,1638.4,538.17816,1623.5991,0.9817794
546.13336,1638.4,559.69574,1623.7505,0.9962941
565.6381,1638.4,577.44916,1624.0907,0.98552907
585.1429,1638.4,597.74756,1623.232,0.991906
604.64764,1638.4,617.0097,1623.6456,0.98895323
624.1524,1638.4,636.22095,1623.4614,0.9698741
643.65717,1638.4,656.2771,1623.7028,0.9956013
663.1619,1638.4,677.14777,1623.8333,0.98691463
682.6667,1638.4,696.13293,1623.9965,0.960374
702.17145,1638.4,714.7686,1624.7456,0.9043917
721.6762,1638.4,732.91626,1624.2185,0.8109761
741.18097,1638.4,752.631,1623.5046,0.56417716
760.6857,1638.4,773.32153,1622.8625,0.93078375
780.1905,1638.4,792.42346,1623.8197,0.9621296
799.69525,1638.4,812.00574,1623.6216,0.8213144
819.2,1638.4,831.0023,1623.7878,0.9180034
838.7048,1638.4,850.7949,1623.8779,0.49697912
858.20953,1638.4,871.8508,1623.966,0.54608035
877.7143,1638.4,890.6426,1623.8195,0.950911
897.21906,1638.4,909.8068,1623.8651,0.9310523
916.7238,1638.4,930.1038,1623.8596,0.96060824
936.22864,1638.4,948.95337,1624.0026,0.9749181
955.7334,1638.4,969.10034,1624.6022,0.9646093
975.23816,1638.4,988.6723,1623.9785,0.90010375
994.7429,1638.4,1006.0234,1623.9963,0.98100084
1014.2477,1638.4,1026.2163,1624.0953,0.8921099
1033.7524,1638.4,1046.8444,1624.3745,0.8389036
1053.2572,1638.4,1066.7465,1624.9541,0.80226934
1072.762,1638.4,1085.5867,1623.7524,0.9165913
1092.2667,1638.4,1104.7914,1624.402,0.84834135
1111.7715,1638.4,1125.3602,1624.1229,0.97231627
1131.2762,1638.4,1144.7961,1624.0786,0.9908058
1150.781,1638.4,1165.162,1624.1788,0.9709442
1170.2858,1638.4,1183.6409,1624.5228,0.98933536
1189.7905,1638.4,1202.2095,1624.6211,0.9582281
1209.2953,1638.4,1220.7681,1623.9528,0.9882298
1228.8,1638.4,1240.0862,1623.9922,0.8362611
1248.3048,1638.4,1260.7194,1623.8025,0.9625584
1267.8096,1638.4,1279.7283,1624.4216,0.6128928
1287.3143,1638.4,1299.9269,1625.1603,0.67119926
1306.8191,1638.4,1320.1576,1625.4048,0.91349864
1326.3239,1638.4,1338.0546,1626.4065,0.70694256
1540.8762,1638.4,1554.0781,1625.4475,0.26934695
1560.381,1638.4,1572.6771,1627.4816,0.45368183
1579.8857,1638.4,1592.3539,1627.4965,0.59729886
1599.3905,1638.4,1612.9781,1624.9102,0.9644673
1618.8953,1638.4,1632.0186,1626.0212,0.91347355
1638.4,1638.4,1651.4003,1626.2103,0.9202105
1657.9048,1638.4,1671.8215,1625.3647,0.9722685
1677.4095,1638.4,1690.7478,1626.3126,0.95811325
1696.9143,1638.4,1710.3412,1626.3015,0.84065485
1716.4191,1638.4,1731.235,1626.004,0.6805663
1774.9333,1638.4,1787.9929,1626.1368,0.55748254
1794.4381,1638.4,1808.0631,1627.4215,0.7070977
1813.9429,1638.4,1828.2236,1626.6761,0.8480303
1833.4476,1638.4,1844.9092,1625.1266,0.95633626
1852.9524,1638.4,1866.934,1627.5197,0.26333225
1872.4573,1638.4,1885.5979,1625.6439,0.28705412
1891.962,1638.4,1905.3752,1626.982,0.51959515
1911.4668,1638.4,1924.7509,1626.6569,0.3138955
1969.9811,1638.4,1983.4331,1627.1626,0.24236089
39.009525,1657.9048,53.28759,1642.1111,0.9881037
58.51429,1657.9048,70.21225,1641.8076,0.9682727
78.01905,1657.9048,89.47943,1641.7905,0.97459185
97.52381,1657.9048,110.22877,1642.4819,0.99204725
156.0381,1657.9048,170.37709,1642.7887,0.7135396
175.54286,1657.9048,188.5289,1642.4697,0.96113753
195.04762,1657.9048,207.4346,1642.8777,0.97442776
214.55238,1657.9048,228.93481,1643.1309,0.99552876
234.05716,1657.9048,247.89226,1642.5419,0.9781572
253.56192,1657.9048,266.01743,1641.6354,0.8434907
351.08572,1657.9048,364.63513,1642.4412,0.97164345
370.59048,1657.9048,382.61716,1642.4944,0.97294915
390.09525,1657.9048,402.6723,1642.5101,0.98548937
409.6,1657.9048,421.13678,1642.5657,0.9887956
429.10477,1657.9048,441.99518,1642.0679,0.9729741
448.60953,1657.9048,460.77502,1642.4468,0.98303753
468.11432,1657.9048,481.586,1643.2509,0.9918919
487.61908,1657.9048,500.2309,1642.7014,0.97457594
507.12384,1657.9048,520.5761,1643.0302,0.9843424
526.6286,1657.9048,539.5502,1643.4867,0.9847886
546.13336,1657.9048,558.5346,1643.2506,0.9846225
565.6381,1657.9048,577.40765,1642.8348,0.9533989
585.1429,1657.9048,596.9007,1642.2947,0.865686
604.64764,1657.9048,617.3636,1642.6661,0.90398407
624.1524,1657.9048,635.82117,1643.2336,0.9029634
643.65717,1657.9048,655.0121,1643.0563,0.9947373
663.1619,1657.9048,675.82874,1643.1887,0.99230546
682.6667,1657.9048,694.8053,1643.8029,0.90731645
702.17145,1657.9048,715.3276,1643.7166,0.9127397
721.6762,1657.9048,732.9706,1643.2706,0.59795153
741.18097,1657.9048,752.17786,1643.5125,0.8358741
760.6857,1657.9048,772.59076,1642.7651,0.96921265
780.1905,1657.9048,792.9051,1643.0433,0.99503094
799.69525,1657.9048,812.11725,1643.1663,0.95953995
819.2,1657.9048,832.06506,1643.2544,0.8244728
838.7048,1657.9048,851.5087,1643.4285,0.70496565
858.20953,1657.9048,869.88617,1643.7501,0.6443804
877.7143,1657.9048,889.96796,1643.3994,0.69081914
897.21906,1657.9048,909.07227,1643.1986,0.9881708
916.7238,1657.9048,929.1689,1643.4492,0.9937052
936.22864,1657.9048,949.2555,1643.0304,0.97485113
955.7334,1657.9048,967.91614,1644.2192,0.9932031
975.23816,1657.9048,987.525,1643.3536,0.99492407
994.7429,1657.9048,1007.0677,1643.5504,0.99529576
1014.2477,1657.9048,1026.5859,1644.4313,0.98014313
1033.7524,1657.9048,1047.1505,1643.561,0.9385139
1053.2572,1657.9048,1065.9773,1644.356,0.8387952
1072.762,1657.9048,1085.7615,1643.9875,0.9142257
1092.2667,1657.9048,1103.9043,1643.586,0.808714
1111.7715,1657.9048,1124.4655,1643.9303,0.6775133
1131.2762,1657.9048,1143.6692,1644.2104,0.9906332
1150.781,1657.9048,1163.8774,1643.7325,0.94490546
1170.2858,1657.9048,1182.2174,1643.8217,0.9213931
1189.7905,1657.9048,1202.7024,1643.3007,0.9244004
1209.2953,1657.9048,1220.9192,1643.9391,0.9497218
1228.8,1657.9048,1240.6124,1644.6266,0.9580564
1248.3048,1657.9048,1260.9253,1644.2971,0.8820322
1267.8096,1657.9048,1281.0853,1644.7653,0.5457382
1287.3143,1657.9048,1301.4523,1644.0024,0.70795214
1306.8191,1657.9048,1318.359,1644.4886,0.83784205
1326.3239,1657.9048,1340.174,1644.4913,0.39817274
1560.381,1657.9048,1573.4033,1646.7343,0.28224692
1579.8857,1657.9048,1592.5847,1644.8783,0.6548346
1599.3905,1657.9048,1612.001,1644.4379,0.9715884
1618.8953,1657.9048,1631.0077,1644.8967,0.97677904
1638.4,1657.9048,1651.3403,1645.8528,0.9678194
1657.9048,1657.9048,1671.4979,1645.8759,0.97150254
1677.4095,1657.9048,1691.8259,1644.2389,0.9270309
1696.9143,1657.9048,1709.5292,1645.8011,0.826167
1716.4191,1657.9048,1729.5886,1644.9727,0.8849439
1735.9238,1657.9048,1747.8966,1644.0482,0.36167252
1755.4286,1657.9048,1766.7654,1644.9229,0.71524835
1774.9333,1657.9048,1785.7177,1645.9225,0.60711765
1794.4381,1657.9048,1807.7823,1645.4313,0.5659943
1813.9429,1657.9048,1827.8993,1645.8759,0.77558607
1833.4476,1657.9048,1847.7767,1645.553,0.9523762
1852.9524,1657.9048,1866.1217,1646.8362,0.8555212
1872.4573,1657.9048,1885.0337,1645.681,0.9256102
1891.962,1657.9048,1904.8896,1645.0891,0.91223747
1911.4668,1657.9048,1923.8776,1645.8462,0.7969213
1930.9716,1657.9048,1943.3007,1645.8783,0.5244271
1950.4763,1657.9048,1964.5886,1646.9543,0.55946773
1969.9811,1657.9048,1983.9799,1647.1642,0.45333654
39.009525,1677.4095,51.936577,1662.3707,0.98861146
58.51429,1677.4095,70.15946,1661.716,0.8738256
78.01905,1677.4095,89.62517,1661.9996,0.92630535
97.52381,1677.4095,110.50634,1661.1062,0.9416224
117.02858,1677.4095,129.02225,1660.5747,0.8052382
136.53334,1677.4095,148.66054,1662.312,0.9382755
156.0381,1677.4095,169.5781,1662.6737,0.97408503
175.54286,1677.4095,188.2653,1662.3362,0.9792626
195.04762,1677.4095,207.40897,1662.6976,0.9572416
214.55238,1677.4095,226.8293,1661.2778,0.9114593
234.05716,1677.4095,246.46118,1660.1167,0.82978296
253.56192,1677.4095,264.85718,1661.427,0.80064815
331.58096,1677.4095,345.5435,1662.2892,0.77366424
351.08572,1677.4095,362.8219,1661.9985,0.8764895
370.59048,1677.4095,383.57535,1662.2593,0.91675997
390.09525,1677.4095,403.63025,1662.501,0.9462638
409.6,1677.4095,424.41776,1662.1874,0.9957444
429.10477,1677.4095,442.46854,1662.4752,0.98718655
448.60953,1677.4095,459.99234,1662.7493,0.9845585
468.11432,1677.4095,480.7727,1662.2053,0.9782999
487.61908,1677.4095,500.1874,1662.8909,0.9732293
507.12384,1677.4095,518.28174,1662.6398,0.9811248
526.6286,1677.4095,539.0865,1662.1029,0.9037603
546.13336,1677.4095,558.6517,1662.315,0.87039375
565.6381,1677.4095,577.44135,1662.2454,0.6713282
624.1524,1677.4095,636.1086,1662.4296,0.94246644
643.65717,1677.4095,656.9093,1662.8611,0.9664594
663.1619,1677.4095,676.12415,1662.666,0.9802879
682.6667,1677.4095,693.94324,1662.889,0.9417608
702.17145,1677.4095,714.2715,1662.7462,0.9055932
721.6762,1677.4095,733.083,1662.6592,0.8830087
741.18097,1677.4095,752.7638,1662.9415,0.8906403
760.6857,1677.4095,772.17645,1661.8969,0.84796214
780.1905,1677.4095,792.82214,1662.3531,0.9851294
799.69525,1677.4095,813.01196,1663.3937,0.98953193
819.2,1677.4095,831.4298,1662.9684,0.982096
838.7048,1677.4095,851.5574,1662.8604,0.56496024
858.20953,1677.4095,869.9505,1662.84,0.3175675
877.7143,1677.4095,891.38617,1662.9143,0.26738006
897.21906,1677.4095,909.4298,1662.7305,0.9427129
916.7238,1677.4095,927.7988,1662.8069,0.95380074
936.22864,1677.4095,947.9635,1662.9279,0.99121225
955.7334,1677.4095,968.1422,1662.8033,0.9972348
975.23816,1677.4095,988.95825,1663.2366,0.9893529
994.7429,1677.4095,1006.5741,1662.8295,0.9877711
1014.2477,1677.4095,1026.9148,1663.215,0.9843072
1033.7524,1677.4095,1046.9384,1663.2408,0.9667555
1053.2572,1677.4095,1065.4646,1663.3922,0.9846879
1072.762,1677.4095,1084.3601,1663.3381,0.9121662
1092.2667,1677.4095,1104.5287,1663.1417,0.8823618
1111.7715,1677.4095,1122.9414,1663.253,0.90091175
1131.2762,1677.4095,1143.3773,1663.1605,0.95643795
1150.781,1677.4095,1163.4099,1663.0281,0.97825676
1170.2858,1677.4095,1181.4282,1662.797,0.9798885
1189.7905,1677.4095,1203.7917,1663.2156,0.95741284
1209.2953,1677.4095,1222.2705,1662.675,0.80468494
1228.8,1677.4095,1242.7754,1663.423,0.9715659
1248.3048,1677.4095,1259.8127,1663.0963,0.9079085
1267.8096,1677.4095,1279.842,1663.9495,0.43767717
1287.3143,1677.4095,1298.073,1664.6117,0.4107238
1306.8191,1677.4095,1318.1396,1665.6915,0.5120639
1326.3239,1677.4095,1339.6184,1663.8143,0.20188393
1560.381,1677.4095,1575.1208,1666.4572,0.69996196
1579.8857,1677.4095,1592.8365,1664.8076,0.8018462
1599.3905,1677.4095,1612.3053,1664.533,0.88630944
1618.8953,1677.4095,1631.1906,1664.7937,0.7380354
1638.4,1677.4095,1650.4141,1665.7003,0.7550068
1657.9048,1677.4095,1671.5437,1665.6362,0.82433164
1677.4095,1677.4095,1690.9336,1665.8276,0.9326991
1696.9143,1677.4095,1710.8148,1664.5784,0.80217296
1716.4191,1677.4095,1730.8518,1664.2302,0.7233423
1735.9238,1677.4095,1749.4618,1663.8685,0.89248633
1755.4286,1677.4095,1768.5717,1665.0231,0.81294984
1774.9333,1677.4095,1787.4572,1665.0559,0.73967975
1794.4381,1677.4095,1807.2477,1665.8297,0.24144298
1813.9429,1677.4095,1828.5939,1665.224,0.8275836
1833.4476,1677.4095,1847.436,1665.1852,0.97562414
1852.9524,1677.4095,1866.8035,1664.9147,0.8309533
1872.4573,1677.4095,1885.4391,1664.5875,0.9169015
1891.962,1677.4095,1903.3904,1664.252,0.96822697
1911.4668,1677.4095,1924.6078,1662.9619,0.9312481
1930.9716,1677.4095,1944.7482,1665.0947,0.7609221
1950.4763,1677.4095,1964.2068,1666.8097,0.21254233
1969.9811,1677.4095,1983.9768,1666.2034,0.33517087
39.009525,1696.9143,51.604458,1680.0193,0.8647324
58.51429,1696.9143,69.501205,1680.596,0.9580525
78.01905,1696.9143,89.31265,1681.0676,0.9788497
97.52381,1696.9143,110.70497,1681.825,0.98787487
117.02858,1696.9143,128.38829,1681.4624,0.9867068
136.53334,1696.9143,148.8215,1681.6798,0.99556863
156.0381,1696.9143,168.18831,1681.7094,0.9840742
175.54286,1696.9143,187.92374,1681.7839,0.9846726
195.04762,1696.9143,206.438,1681.3772,0.98800844
214.55238,1696.9143,226.73813,1680.5541,0.8695359
234.05716,1696.9143,246.75932,1681.0424,0.4732086
253.56192,1696.9143,266.56375,1679.4551,0.22071327
351.08572,1696.9143,365.03967,1680.5889,0.65884954
370.59048,1696.9143,382.48563,1681.7527,0.7138425
390.09525,1696.9143,402.78116,1681.9453,0.9805471
409.6,1696.9143,422.18,1681.889,0.990596
429.10477,1696.9143,440.77386,1682.2577,0.9973825
448.60953,1696.9143,462.1589,1682.4371,0.9734448
468.11432,1696.9143,479.55533,1682.2173,0.96685743
487.61908,1696.9143,499.07373,1681.9652,0.75740653
507.12384,1696.9143,519.02545,1681.7648,0.94445634
526.6286,1696.9143,539.1215,1682.1981,0.97155356
546.13336,1696.9143,558.2021,1682.0922,0.8537182
565.6381,1696.9143,577.86346,1682.6873,0.8677414
585.1429,1696.9143,598.2819,1682.0658,0.26824358
604.64764,1696.9143,616.1312,1682.2488,0.597487
624.1524,1696.9143,637.0513,1681.8777,0.7918228
643.65717,1696.9143,656.0896,1682.1554,0.95524836
663.1619,1696.9143,674.8249,1682.5411,0.9594959
682.6667,1696.9143,694.53406,1682.1616,0.88983494
702.17145,1696.9143,714.4595,1682.6274,0.82781124
721.6762,1696.9143,734.72095,1682.6852,0.60795975
741.18097,1696.9143,753.0774,1681.8883,0.41258833
760.6857,1696.9143,771.1123,1682.8508,0.903662
780.1905,1696.9143,794.12286,1682.238,0.97957957
799.69525,1696.9143,814.09204,1683.0479,0.99034446
819.2,1696.9143,831.01245,1682.3253,0.98991966
838.7048,1696.9143,850.34076,1682.8055,0.90499747
858.20953,1696.9143,869.967,1682.5647,0.8389349
877.7143,1696.9143,890.50653,1682.5067,0.8676791
897.21906,1696.9143,911.0583,1682.4208,0.9560413
916.7238,1696.9143,930.8107,1682.5715,0.9731889
936.22864,1696.9143,948.4001,1682.2826,0.99081486
955.7334,1696.9143,966.8022,1682.1725,0.98662555
975.23816,1696.9143,987.54816,1682.2703,0.94256943
994.7429,1696.9143,1008.62726,1682.7166,0.93661165
1014.2477,1696.9143,1026.0712,1682.467,0.8514596
1033.7524,1696.9143,1046.1593,1682.3555,0.9369323
1053.2572,1696.9143,1065.8102,1683.3362,0.96401674
1072.762,1696.9143,1086.1978,1682.3999,0.98093194
1092.2667,1696.9143,1104.3536,1682.3596,0.93797547
1111.7715,1696.9143,1123.9406,1682.7432,0.944324
1131.2762,1696.9143,1143.5671,1682.5563,0.9865017
1150.781,1696.9143,1162.492,1682.4832,0.94162357
1170.2858,1696.9143,1183.0349,1682.7167,0.9336332
1189.7905,1696.9143,1202.9421,1682.8057,0.9105428
1209.2953,1696.9143,1220.2557,1682.3491,0.7886539
1228.8,1696.9143,1241.0099,1683.4402,0.9010718
1248.3048,1696.9143,1260.7557,1682.6473,0.9410974
1267.8096,1696.9143,1279.3862,1682.945,0.6438178
1560.381,1696.9143,1574.946,1684.3145,0.6074496
1579.8857,1696.9143,1593.3802,1685.9977,0.924513
1599.3905,1696.9143,1610.6228,1683.8668,0.528149
1618.8953,1696.9143,1632.0215,1683.4802,0.49316263
1638.4,1696.9143,1650.419,1685.2614,0.74694973
1657.9048,1696.9143,1671.8651,1682.7958,0.5787988
1677.4095,1696.9143,1691.3634,1683.3451,0.8360766
1696.9143,1696.9143,1711.7675,1683.0248,0.4840385
1716.4191,1696.9143,1729.7476,1684.0817,0.37754288
1735.9238,1696.9143,1748.5277,1684.6404,0.4911162
1755.4286,1696.9143,1767.4543,1684.5444,0.9053591
1774.9333,1696.9143,1788.0763,1684.5118,0.9145416
1794.4381,1696.9143,1807.0651,1684.6573,0.7691966
1813.9429,1696.9143,1827.0529,1684.1077,0.714619
1833.4476,1696.9143,1848.3877,1683.8308,0.88643736
1852.9524,1696.9143,1865.7118,1685.8745,0.81787705
1872.4573,1696.9143,1884.6823,1683.5016,0.97207147
1891.962,1696.9143,1903.6482,1684.5149,0.93412614
1911.4668,1696.9143,1925.6573,1685.4254,0.7849547
1930.9716,1696.9143,1946.4412,1685.7306,0.6928442
1950.4763,1696.9143,1965.5221,1685.1416,0.7070233
1969.9811,1696.9143,1983.0079,1685.3322,0.7811654
39.009525,1716.4191,51.13506,1701.0742,0.63165617
58.51429,1716.4191,69.83694,1700.9669,0.7818057
78.01905,1716.4191,89.290054,1700.8455,0.9765751
97.52381,1716.4191,110.29765,1700.4598,0.9943398
117.02858,1716.4191,129.83963,1701.0613,0.9961849
136.53334,1716.4191,148.88374,1701.2758,0.9955799
156.0381,1716.4191,168.44772,1701.2192,0.9816338
175.54286,1716.4191,187.65675,1702.6626,0.9772527
195.04762,1716.4191,206.06111,1701.4603,0.9770749
214.55238,1716.4191,227.29855,1701.1625,0.8166229
234.05716,1716.4191,247.43413,1701.1173,0.21826684
253.56192,1716.4191,266.85352,1701.692,0.23468573
351.08572,1716.4191,363.52045,1701.413,0.84100634
370.59048,1716.4191,384.5818,1700.953,0.9366735
390.09525,1716.4191,402.27917,1701.4333,0.9629146
409.6,1716.4191,421.78116,1701.1528,0.9928525
429.10477,1716.4191,440.592,1701.6581,0.9630328
448.60953,1716.4191,460.89734,1702.0862,0.88620776
468.11432,1716.4191,481.55838,1701.4028,0.5227258
487.61908,1716.4191,499.70303,1702.3793,0.8292291
507.12384,1716.4191,520.1017,1701.6587,0.98704696
526.6286,1716.4191,540.0205,1701.1813,0.97449243
546.13336,1716.4191,558.13947,1701.7074,0.6233982
604.64764,1716.4191,615.6408,1702.7505,0.8054618
624.1524,1716.4191,637.78186,1701.7533,0.96912706
643.65717,1716.4191,655.17755,1701.3969,0.8788358
663.1619,1716.4191,673.97845,1701.9442,0.84761685
682.6667,1716.4191,695.2725,1702.1191,0.87433964
702.17145,1716.4191,713.6397,1702.3718,0.83731806
721.6762,1716.4191,732.8691,1702.236,0.71960104
741.18097,1716.4191,753.9565,1702.2753,0.3644708
760.6857,1716.4191,773.97076,1702.9584,0.77462846
780.1905,1716.4191,791.2743,1702.1085,0.9558401
799.69525,1716.4191,813.1791,1702.3031,0.9766901
819.2,1716.4191,830.5688,1701.737,0.87567174
838.7048,1716.4191,850.06537,1701.9553,0.8514482
858.20953,1716.4191,871.1597,1702.5024,0.72951573
877.7143,1716.4191,889.20056,1701.8806,0.719752
897.21906,1716.4191,910.45996,1701.6227,0.9692408
916.7238,1716.4191,930.095,1701.4956,0.9835409
936.22864,1716.4191,947.2987,1701.9017,0.9858527
955.7334,1716.4191,967.2523,1701.5443,0.9711494
975.23816,1716.4191,987.8609,1702.0474,0.82713157
994.7429,1716.4191,1008.61633,1702.1746,0.9509415
1014.2477,1716.4191,1025.7197,1701.3406,0.9351161
1033.7524,1716.4191,1045.308,1702.0525,0.94330686
1053.2572,1716.4191,1066.1375,1702.0377,0.95760745
1072.762,1716.4191,1085.6552,1703.2404,0.9782237
1092.2667,1716.4191,1104.7773,1702.2667,0.957347
1111.7715,1716.4191,1123.6484,1701.9486,0.8461144
1131.2762,1716.4191,1144.4591,1702.1421,0.7994954
1150.781,1716.4191,1164.8888,1702.3752,0.91285557
1170.2858,1716.4191,1183.3142,1702.4242,0.97979647
1189.7905,1716.4191,1201.7108,1702.187,0.93150365
1209.2953,1716.4191,1220.729,1702.0898,0.921691
1228.8,1716.4191,1240.2655,1702.3761,0.49159372
1248.3048,1716.4191,1259.5343,1701.9303,0.712782
1267.8096,1716.4191,1279.4856,1701.5743,0.63123614
1326.3239,1716.4191,1338.7057,1704.3802,0.2630882
1540.8762,1716.4191,1556.4836,1702.4797,0.8181129
1579.8857,1716.4191,1595.1925,1702.9751,0.9496677
1599.3905,1716.4191,1610.9746,1702.8767,0.4579742
1618.8953,1716.4191,1631.8755,1704.2297,0.7075517
1638.4,1716.4191,1650.1694,1703.6163,0.6244586
1657.9048,1716.4191,1673.1112,1702.3007,0.5403243
1677.4095,1716.4191,1691.9795,1704.0262,0.7038084
1696.9143,1716.4191,1710.2869,1705.3572,0.8229359
1716.4191,1716.4191,1729.8258,1704.9894,0.6144765
1735.9238,1716.4191,1747.8813,1704.4376,0.57298815
1755.4286,1716.4191,1768.6746,1704.588,0.65537685
1774.9333,1716.4191,1788.0016,1703.8154,0.82898027
1794.4381,1716.4191,1806.2423,1704.2954,0.9591237
1813.9429,1716.4191,1827.2949,1703.7551,0.85265213
1833.4476,1716.4191,1846.4603,1704.2098,0.65307695
1852.9524,1716.4191,1866.6172,1705.2177,0.6237406
1872.4573,1716.4191,1883.2666,1703.2239,0.901421
1891.962,1716.4191,1903.559,1702.6864,0.5051446
1911.4668,1716.4191,1924.8801,1704.5444,0.8703177
1930.9716,1716.4191,1946.3239,1704.5765,0.4563108
1950.4763,1716.4191,1966.4437,1704.0504,0.5983423
1969.9811,1716.4191,1985.0232,1704.043,0.98269355
39.009525,1735.9238,51.953377,1720.2526,0.32887626
58.51429,1735.9238,71.255165,1720.2966,0.7465727
78.01905,1735.9238,89.44906,1720.363,0.94873434
97.52381,1735.9238,111.18182,1720.3556,0.99075913
117.02858,1735.9238,130.61241,1719.9263,0.9953779
136.53334,1735.9238,149.75081,1720.9067,0.997435
156.0381,1735.9238,169.77945,1720.7312,0.9959146
175.54286,1735.9238,186.86572,1721.4005,0.9922078
195.04762,1735.9238,208.58307,1720.6436,0.99538076
214.55238,1735.9238,226.79391,1720.4723,0.8736985
234.05716,1735.9238,247.21214,1720.7614,0.41981006
370.59048,1735.9238,383.7657,1720.745,0.95322144
390.09525,1735.9238,402.3109,1720.8766,0.9601249
409.6,1735.9238,422.9568,1719.1097,0.92447054
429.10477,1735.9238,441.67096,1720.418,0.9288841
448.60953,1735.9238,460.51294,1721.0767,0.9549579
468.11432,1735.9238,479.5328,1721.2941,0.8971352
487.61908,1735.9238,499.58838,1721.1952,0.9760202
507.12384,1735.9238,520.48016,1720.8322,0.96946365
526.6286,1735.9238,538.7881,1721.2804,0.95648354
546.13336,1735.9238,558.7448,1720.5574,0.80696034
565.6381,1735.9238,576.99994,1720.9706,0.709632
585.1429,1735.9238,596.7799,1721.1525,0.22436692
604.64764,1735.9238,616.02203,1721.3184,0.8743511
624.1524,1735.9238,636.75903,1721.2421,0.955781
643.65717,1735.9238,655.8232,1721.0417,0.9787262
663.1619,1735.9238,675.3745,1721.1217,0.97062564
682.6667,1735.9238,695.61786,1721.2129,0.9687082
702.17145,1735.9238,714.4538,1721.3053,0.9386754
721.6762,1735.9238,734.9103,1721.4211,0.8814411
741.18097,1735.9238,752.62805,1721.0465,0.8128602
760.6857,1735.9238,772.37823,1721.0745,0.87233394
780.1905,1735.9238,791.66113,1720.887,0.85066813
799.69525,1735.9238,812.44525,1722.027,0.96156734
819.2,1735.9238,832.4061,1722.208,0.8467485
838.7048,1735.9238,851.16595,1721.5337,0.9483457
858.20953,1735.9238,871.3789,1721.4957,0.9480722
877.7143,1735.9238,889.9606,1721.097,0.99629104
897.21906,1735.9238,909.38684,1721.5222,0.96669644
916.7238,1735.9238,929.4213,1721.1786,0.96923435
936.22864,1735.9238,947.5237,1721.4259,0.8748884
955.7334,1735.9238,966.6205,1721.6337,0.90839374
975.23816,1735.9238,987.2876,1721.4686,0.9462749
994.7429,1735.9238,1007.1193,1722.079,0.9675391
1014.2477,1735.9238,1026.8357,1722.9656,0.98685366
1033.7524,1735.9238,1046.265,1721.6112,0.9675978
1053.2572,1735.9238,1065.981,1721.3468,0.9648318
1072.762,1735.9238,1085.2891,1721.7389,0.92725116
1092.2667,1735.9238,1105.6124,1721.9459,0.9515849
1111.7715,1735.9238,1125.2139,1721.3523,0.6602678
1131.2762,1735.9238,1143.8475,1721.5602,0.8074202
1150.781,1735.9238,1164.5121,1721.2787,0.9877794
1170.2858,1735.9238,1182.7091,1721.2543,0.97062093
1189.7905,1735.9238,1201.823,1721.4711,0.8101393
1209.2953,1735.9238,1220.9125,1722.2651,0.98246187
1228.8,1735.9238,1241.1864,1721.467,0.8844523
1248.3048,1735.9238,1260.6439,1721.8107,0.7963417
1267.8096,1735.9238,1280.6296,1720.8379,0.48799744
1326.3239,1735.9238,1337.6359,1721.773,0.3594699
1345.8286,1735.9238,1359.2402,1721.8977,0.32519224
1365.3334,1735.9238,1378.1744,1721.9998,0.71842295
1384.8381,1735.9238,1397.7054,1721.0533,0.4849523
1560.381,1735.9238,1575.0195,1721.2118,0.90595454
1579.8857,1735.9238,1594.0289,1723.0094,0.8863406
1599.3905,1735.9238,1613.7211,1723.0409,0.9593455
1618.8953,1735.9238,1631.332,1723.6757,0.80607176
1638.4,1735.9238,1650.4218,1723.1932,0.94511807
1657.9048,1735.9238,1670.133,1723.4336,0.80560035
1677.4095,1735.9238,1689.3916,1722.465,0.844506
1696.9143,1735.9238,1709.6097,1722.181,0.6135548
1716.4191,1735.9238,1728.7927,1723.6106,0.2846579
1735.9238,1735.9238,1748.3685,1724.0634,0.48585895
1755.4286,1735.9238,1767.0282,1723.2551,0.82033473
1774.9333,1735.9238,1787.5913,1722.516,0.9024492
1794.4381,1735.9238,1806.8453,1722.7087,0.934433
1813.9429,1735.9238,1827.1487,1724.0419,0.91394454
1833.4476,1735.9238,1846.9896,1724.2366,0.94315124
1852.9524,1735.9238,1864.5221,1724.2645,0.52307415
1872.4573,1735.9238,1885.3654,1724.3864,0.5047303
1891.962,1735.9238,1904.0073,1723.8987,0.5898754
1911.4668,1735.9238,1924.4564,1723.5637,0.3364886
1930.9716,1735.9238,1945.1288,1722.9951,0.6217312
1969.9811,1735.9238,1984.5487,1723.5045,0.8677266
39.009525,1755.4286,52.219788,1738.7211,0.47791794
58.51429,1755.4286,70.562386,1739.9203,0.83716065
78.01905,1755.4286,90.563,1739.9705,0.9315227
97.52381,1755.4286,110.11242,1740.4757,0.9796367
117.02858,1755.4286,131.51183,1738.951,0.9978037
136.53334,1755.4286,150.91151,1738.528,0.99704254
156.0381,1755.4286,169.74174,1739.9957,0.9971163
175.54286,1755.4286,187.10161,1740.2268,0.98620784
195.04762,1755.4286,207.09789,1739.923,0.9717187
214.55238,1755.4286,228.51959,1739.0433,0.8837013
234.05716,1755.4286,246.87318,1739.8331,0.83036494
253.56192,1755.4286,267.96204,1740.3895,0.6115566
273.06668,1755.4286,286.51932,1740.6016,0.25997058
351.08572,1755.4286,365.63467,1740.2499,0.9485135
370.59048,1755.4286,382.94846,1739.456,0.7418887
390.09525,1755.4286,402.8713,1741.0267,0.94210845
409.6,1755.4286,424.52524,1740.1708,0.9872384
429.10477,1755.4286,442.41315,1740.2855,0.9544662
448.60953,1755.4286,460.22595,1740.4734,0.9135699
468.11432,1755.4286,481.04666,1741.0833,0.9676907
487.61908,1755.4286,499.7285,1740.7032,0.9836001
507.12384,1755.4286,519.66187,1740.3181,0.93200386
526.6286,1755.4286,538.0481,1740.1974,0.90932876
546.13336,1755.4286,558.99133,1740.5687,0.5512268
565.6381,1755.4286,578.0176,1740.9222,0.67904264
585.1429,1755.4286,596.87836,1740.2821,0.9825792
604.64764,1755.4286,616.67944,1740.4166,0.96815753
624.1524,1755.4286,636.6601,1740.5339,0.9822534
643.65717,1755.4286,656.2771,1740.2593,0.97365457
663.1619,1755.4286,676.1095,1740.7148,0.95670134
682.6667,1755.4286,695.1185,1740.5377,0.9812435
702.17145,1755.4286,713.9735,1740.1289,0.983244
721.6762,1755.4286,734.21423,1740.5736,0.7343681
741.18097,1755.4286,753.3167,1740.883,0.90192276
760.6857,1755.4286,771.682,1741.4684,0.7143124
780.1905,1755.4286,792.0711,1740.859,0.9045838
799.69525,1755.4286,811.9182,1741.1904,0.97927755
819.2,1755.4286,832.41296,1741.2827,0.97414744
838.7048,1755.4286,851.3358,1740.9114,0.983025
858.20953,1755.4286,870.1431,1741.1364,0.99779433
877.7143,1755.4286,889.6494,1741.3148,0.9959095
897.21906,1755.4286,908.25946,1740.9407,0.93672174
916.7238,1755.4286,930.19366,1741.4333,0.9279126
936.22864,1755.4286,947.795,1741.1974,0.9429322
955.7334,1755.4286,969.10724,1741.727,0.8753715
975.23816,1755.4286,987.70337,1741.7007,0.89751506
994.7429,1755.4286,1007.5447,1742.399,0.94752765
1014.2477,1755.4286,1028.6324,1742.0934,0.95690185
1033.7524,1755.4286,1047.6637,1741.2043,0.93391335
1053.2572,1755.4286,1064.4421,1741.5779,0.724129
1072.762,1755.4286,1085.3683,1741.0573,0.9761614
1092.2667,1755.4286,1103.6346,1741.0746,0.50224507
1111.7715,1755.4286,1124.2688,1742.2703,0.92181987
1131.2762,1755.4286,1144.4011,1740.8333,0.96848804
1150.781,1755.4286,1164.6617,1741.0552,0.87916154
1170.2858,1755.4286,1182.9977,1741.6565,0.8768395
1189.7905,1755.4286,1202.2864,1741.1174,0.732347
1209.2953,1755.4286,1222.818,1741.2524,0.9652605
1228.8,1755.4286,1241.496,1741.0797,0.7378064
1248.3048,1755.4286,1261.601,1742.2375,0.86403614
1267.8096,1755.4286,1280.6307,1741.2438,0.49793324
1287.3143,1755.4286,1300.5707,1741.816,0.20163253
1306.8191,1755.4286,1319.4476,1741.7543,0.48398143
1326.3239,1755.4286,1338.2113,1741.3008,0.86202276
1345.8286,1755.4286,1357.3433,1741.5165,0.9192552
1365.3334,1755.4286,1379.4878,1741.1655,0.9829288
1384.8381,1755.4286,1398.2477,1741.6547,0.580082
1404.3429,1755.4286,1417.503,1741.4886,0.23350392
1540.8762,1755.4286,1554.7391,1742.7087,0.27389625
1560.381,1755.4286,1574.5833,1742.1095,0.3146771
1579.8857,1755.4286,1592.7227,1741.3776,0.20383771
1618.8953,1755.4286,1632.7927,1742.3947,0.31817812
1638.4,1755.4286,1651.3491,1743.3943,0.3513958
1657.9048,1755.4286,1669.9795,1743.313,0.26591077
1677.4095,1755.4286,1689.5228,1742.1343,0.2525004
1696.9143,1755.4286,1710.1615,1743.1598,0.7052391
1716.4191,1755.4286,1729.36,1743.3446,0.4577599
1735.9238,1755.4286,1747.8911,1743.9453,0.7873829
1755.4286,1755.4286,1766.7573,1742.4915,0.9641179
1774.9333,1755.4286,1787.8846,1742.2933,0.8172728
1794.4381,1755.4286,1808.1235,1742.8833,0.9633228
1813.9429,1755.4286,1827.2406,1742.5621,0.947139
1833.4476,1755.4286,1846.6167,1742.7727,0.98920834
1852.9524,1755.4286,1865.5223,1742.6877,0.91929203
1872.4573,1755.4286,1884.8486,1744.5858,0.8798956
1911.4668,1755.4286,1924.0355,1743.5131,0.3526622
1930.9716,1755.4286,1944.1647,1743.2404,0.27415386
1950.4763,1755.4286,1963.4907,1744.7145,0.4467272
1969.9811,1755.4286,1983.0518,1743.2197,0.83282673
58.51429,1774.9333,72.0131,1759.6594,0.46309322
78.01905,1774.9333,90.44373,1759.1871,0.8442328
97.52381,1774.9333,110.48855,1759.129,0.8655448
117.02858,1774.9333,129.86102,1759.4098,0.9762719
136.53334,1774.9333,149.48811,1758.3945,0.8820833
156.0381,1774.9333,169.21458,1758.7157,0.96464264
175.54286,1774.9333,187.98262,1759.3018,0.97294295
195.04762,1774.9333,207.20583,1758.605,0.98731035
214.55238,1774.9333,227.51262,1759.3896,0.87151474
234.05716,1774.9333,247.93228,1759.0024,0.71497804
253.56192,1774.9333,268.03723,1759.2859,0.5079779
273.06668,1774.9333,287.6571,1759.8955,0.32914943
331.58096,1774.9333,344.67526,1759.5647,0.6324726
351.08572,1774.9333,365.08008,1759.1858,0.9753266
370.59048,1774.9333,384.37973,1759.3348,0.8805424
390.09525,1774.9333,403.53116,1759.0029,0.94455236
409.6,1774.9333,424.94357,1759.7032,0.9956301
429.10477,1774.9333,443.28995,1758.4115,0.9685332
448.60953,1774.9333,461.22595,1760.0952,0.99021465
468.11432,1774.9333,480.9089,1760.477,0.99426824
487.61908,1774.9333,499.41412,1760.0947,0.9959922
507.12384,1774.9333,518.532,1759.6969,0.7810679
526.6286,1774.9333,538.40204,1760.0508,0.33547768
565.6381,1774.9333,578.3273,1760.0483,0.6260665
585.1429,1774.9333,597.6859,1760.227,0.9782297
604.64764,1774.9333,617.80963,1760.0472,0.9786179
624.1524,1774.9333,636.19183,1760.0679,0.9746962
643.65717,1774.9333,656.3196,1759.9471,0.88809127
663.1619,1774.9333,676.7931,1760.2472,0.87564945
682.6667,1774.9333,695.24896,1759.7445,0.9975419
702.17145,1774.9333,713.9832,1760.4264,0.9757936
721.6762,1774.9333,733.8161,1760.7041,0.93962026
741.18097,1774.9333,753.0566,1760.2688,0.83098185
760.6857,1774.9333,772.3501,1760.2504,0.7900139
780.1905,1774.9333,791.60205,1760.5593,0.94846666
799.69525,1774.9333,812.40906,1760.4297,0.9869507
819.2,1774.9333,831.34735,1760.6776,0.9920709
838.7048,1774.9333,850.9028,1760.4463,0.9949545
858.20953,1774.9333,871.31134,1760.3883,0.99685836
877.7143,1774.9333,890.0959,1760.3292,0.96569943
897.21906,1774.9333,908.9458,1759.0641,0.7416275
916.7238,1774.9333,932.08453,1760.4847,0.92174715
936.22864,1774.9333,949.37445,1761.0044,0.9024653
955.7334,1774.9333,969.0731,1760.8651,0.90648663
975.23816,1774.9333,986.6883,1760.6182,0.8902882
994.7429,1774.9333,1007.2783,1761.0157,0.8040098
1014.2477,1774.9333,1026.7151,1760.6212,0.7463444
1033.7524,1774.9333,1046.5791,1760.6595,0.93895525
1053.2572,1774.9333,1065.6793,1760.3358,0.83768046
1072.762,1774.9333,1084.7546,1760.6112,0.83042455
1092.2667,1774.9333,1103.9102,1760.2424,0.56823426
1111.7715,1774.9333,1124.2186,1761.4229,0.8344183
1131.2762,1774.9333,1143.7466,1760.6279,0.9664324
1150.781,1774.9333,1162.9968,1760.4976,0.928273
1170.2858,1774.9333,1182.4924,1760.8745,0.80406505
1189.7905,1774.9333,1202.5951,1760.0538,0.88945085
1209.2953,1774.9333,1223.1293,1760.8248,0.8250862
1228.8,1774.9333,1240.831,1761.0548,0.73307043
1248.3048,1774.9333,1261.2808,1761.3048,0.827915
1267.8096,1774.9333,1280.1721,1760.8015,0.8137532
1287.3143,1774.9333,1298.8633,1760.9596,0.9432429
1306.8191,1774.9333,1319.1445,1762.0826,0.81555796
1326.3239,1774.9333,1337.6787,1760.8074,0.92079955
1345.8286,1774.9333,1356.9508,1761.7042,0.95829743
1365.3334,1774.9333,1378.0138,1761.8694,0.97153884
1384.8381,1774.9333,1398.399,1760.4211,0.96862465
1404.3429,1774.9333,1418.1456,1762.6254,0.20005889
1560.381,1774.9333,1572.8933,1762.5264,0.22326085
1579.8857,1774.9333,1592.0581,1761.417,0.26761755
1599.3905,1774.9333,1611.1987,1761.3949,0.34644163
1618.8953,1774.9333,1632.3258,1761.8088,0.22613874
1638.4,1774.9333,1651.0365,1761.4077,0.59182453
1657.9048,1774.9333,1671.1469,1761.2803,0.8502049
1677.4095,1774.9333,1690.5936,1761.5963,0.51593107
1696.9143,1774.9333,1710.6174,1762.1047,0.92746264
1716.4191,1774.9333,1729.437,1762.7771,0.55449265
1735.9238,1774.9333,1749.1538,1762.7223,0.680102
1755.4286,1774.9333,1766.9996,1762.5232,0.9357094
1774.9333,1774.9333,1786.9182,1761.7142,0.98530126
1794.4381,1774.9333,1807.8525,1762.1676,0.98990566
1813.9429,1774.9333,1826.8928,1763.1582,0.9913399
1833.4476,1774.9333,1845.4768,1763.2721,0.9642435
1852.9524,1774.9333,1865.2325,1763.0104,0.89065564
1872.4573,1774.9333,1885.1809,1762.2471,0.64356023
1969.9811,1774.9333,1982.6506,1762.8313,0.6834879
78.01905,1794.4381,90.38901,1778.4475,0.60573393
97.52381,1794.4381,110.28889,1778.8517,0.596004
117.02858,1794.4381,128.25397,1778.2936,0.90148944
136.53334,1794.4381,148.73177,1777.8966,0.88914186
156.0381,1794.4381,169.83878,1777.7028,0.9334716
175.54286,1794.4381,189.23375,1778.665,0.9859729
195.04762,1794.4381,207.76762,1777.9291,0.9350341
214.55238,1794.4381,226.71579,1777.9237,0.97607267
234.05716,1794.4381,248.86127,1777.3577,0.9600903
253.56192,1794.4381,264.68997,1779.2272,0.87664133
273.06668,1794.4381,284.7281,1778.8248,0.6184044
292.57144,1794.4381,305.9478,1779.5159,0.2897189
331.58096,1794.4381,342.36646,1779.5051,0.34121132
351.08572,1794.4381,363.4643,1778.9025,0.95366776
370.59048,1794.4381,383.89917,1777.8209,0.89481103
390.09525,1794.4381,404.01657,1778.7499,0.9009422
409.6,1794.4381,423.25217,1779.1962,0.9909226
429.10477,1794.4381,443.24362,1778.3044,0.9981651
448.60953,1794.4381,462.8835,1779.6096,0.9900892
468.11432,1794.4381,481.53195,1778.708,0.9953551
487.61908,1794.4381,500.41064,1779.2314,0.982
507.12384,1794.4381,519.2049,1779.5914,0.39415026
565.6381,1794.4381,577.75183,1779.5447,0.43592617
585.1429,1794.4381,596.80756,1779.8735,0.84152716
604.64764,1794.4381,616.57465,1779.7029,0.9586012
624.1524,1794.4381,636.3928,1779.3019,0.990426
643.65717,1794.4381,656.5122,1779.9869,0.98537564
663.1619,1794.4381,675.26935,1779.8428,0.96382153
682.6667,1794.4381,694.98914,1779.6693,0.9942891
702.17145,1794.4381,713.63104,1779.7084,0.9233337
721.6762,1794.4381,733.69324,1780.1993,0.8869507
741.18097,1794.4381,752.7802,1779.6099,0.8797223
760.6857,1794.4381,773.75146,1779.579,0.9453877
780.1905,1794.4381,793.12854,1779.6769,0.9726614
799.69525,1794.4381,811.70447,1779.8514,0.98116845
819.2,1794.4381,831.1591,1780.4318,0.9743664
838.7048,1794.4381,851.1487,1780.2866,0.9967136
858.20953,1794.4381,870.7589,1779.9602,0.9888828
877.7143,1794.4381,890.23346,1779.1959,0.9375779
897.21906,1794.4381,911.8128,1779.4445,0.9636709
936.22864,1794.4381,949.7533,1780.3599,0.9166031
955.7334,1794.4381,968.4734,1779.3978,0.89463395
975.23816,1794.4381,987.1558,1779.6102,0.5477875
994.7429,1794.4381,1005.96423,1779.3936,0.8664798
1014.2477,1794.4381,1026.4106,1779.4086,0.9015846
1033.7524,1794.4381,1044.6196,1779.8405,0.9850858
1053.2572,1794.4381,1064.7295,1779.4357,0.58607566
1072.762,1794.4381,1085.6508,1779.8031,0.38402373
1092.2667,1794.4381,1103.4415,1779.7067,0.62281704
1111.7715,1794.4381,1124.0264,1779.7572,0.9709148
1131.2762,1794.4381,1143.2252,1781.0764,0.9827746
1150.781,1794.4381,1164.0255,1780.3612,0.95739585
1170.2858,1794.4381,1182.4191,1780.6748,0.97722644
1189.7905,1794.4381,1202.3108,1780.4258,0.98104066
1209.2953,1794.4381,1222.0884,1780.5457,0.93472207
1228.8,1794.4381,1242.3298,1780.535,0.6972924
1248.3048,1794.4381,1261.6572,1780.7294,0.9210073
1267.8096,1794.4381,1280.5007,1780.0742,0.9589692
1287.3143,1794.4381,1300.4153,1781.0406,0.9192084
1306.8191,1794.4381,1319.6895,1780.9884,0.8881752
1326.3239,1794.4381,1338.2186,1780.1919,0.97900456
1345.8286,1794.4381,1357.4336,1781.1947,0.95505977
1365.3334,1794.4381,1377.7942,1780.4785,0.9567954
1384.8381,1794.4381,1396.1804,1781.0234,0.97333103
1404.3429,1794.4381,1418.245,1780.1581,0.8084217
1521.3715,1794.4381,1534.9706,1780.0935,0.272056
1540.8762,1794.4381,1554.1904,1780.3495,0.35447076
1618.8953,1794.4381,1631.2465,1782.0986,0.33664575
1638.4,1794.4381,1651.107,1780.9343,0.6426754
1657.9048,1794.4381,1670.2456,1781.198,0.71554023
1677.4095,1794.4381,1689.349,1780.6377,0.37271965
1696.9143,1794.4381,1709.2306,1780.5139,0.30902544
1755.4286,1794.4381,1768.0106,1781.3151,0.783099
1774.9333,1794.4381,1786.7904,1781.2393,0.9632
1794.4381,1794.4381,1807.9304,1781.6119,0.98143834
1813.9429,1794.4381,1828.4526,1782.0526,0.96188617
1833.4476,1794.4381,1847.6838,1781.4908,0.8503555
1852.9524,1794.4381,1865.0906,1783.288,0.7785028
1872.4573,1794.4381,1884.1707,1781.4401,0.76659125
1930.9716,1794.4381,1944.0154,1783.8309,0.35682365
1969.9811,1794.4381,1984.1864,1782.6124,0.8994297
39.009525,1813.9429,51.681477,1797.9677,0.29587224
78.01905,1813.9429,89.26518,1798.5485,0.2871635
97.52381,1813.9429,109.202126,1797.1796,0.783537
117.02858,1813.9429,128.14787,1797.9349,0.6391023
136.53334,1813.9429,149.67714,1798.8348,0.9322301
156.0381,1813.9429,169.55714,1798.3271,0.9125051
175.54286,1813.9429,187.53014,1798.399,0.8683266
195.04762,1813.9429,206.87027,1798.8593,0.8916084
214.55238,1813.9429,227.39812,1799.3292,0.9528121
234.05716,1813.9429,246.77876,1799.0675,0.961185
253.56192,1813.9429,265.6481,1798.9442,0.8588377
273.06668,1813.9429,284.47467,1799.296,0.7982802
292.57144,1813.9429,306.12524,1799.4407,0.52735007
351.08572,1813.9429,363.1233,1799.128,0.9319093
370.59048,1813.9429,383.88736,1797.1842,0.80470866
409.6,1813.9429,425.2764,1799.293,0.991867
429.10477,1813.9429,442.6061,1798.4026,0.9905052
448.60953,1813.9429,461.679,1798.3745,0.97506654
468.11432,1813.9429,480.93674,1799.2614,0.9660859
487.61908,1813.9429,501.56342,1799.0414,0.9513456
507.12384,1813.9429,518.9425,1799.1165,0.6326862
585.1429,1813.9429,596.9112,1799.5448,0.35969457
604.64764,1813.9429,616.1007,1799.4845,0.93338877
624.1524,1813.9429,635.66034,1799.0956,0.99093324
643.65717,1813.9429,656.6198,1799.7477,0.99381125
663.1619,1813.9429,676.6882,1799.0173,0.91881454
682.6667,1813.9429,695.1871,1799.4064,0.9610619
702.17145,1813.9429,713.7943,1799.0146,0.84477514
721.6762,1813.9429,734.5269,1799.0448,0.9085652
741.18097,1813.9429,752.9672,1798.3632,0.89083135
760.6857,1813.9429,773.4271,1798.1373,0.9533888
780.1905,1813.9429,793.57263,1799.9686,0.99350995
799.69525,1813.9429,811.1289,1799.4364,0.99633276
819.2,1813.9429,830.96387,1799.342,0.9950384
838.7048,1813.9429,850.702,1798.3925,0.9919052
858.20953,1813.9429,869.3396,1799.3163,0.99741334
877.7143,1813.9429,888.6414,1799.2783,0.9846416
897.21906,1813.9429,912.04266,1798.4159,0.7759779
916.7238,1813.9429,930.42145,1799.1407,0.9776209
936.22864,1813.9429,949.3139,1799.5967,0.92600566
955.7334,1813.9429,968.1618,1799.6118,0.89520013
975.23816,1813.9429,987.3975,1799.4863,0.7721094
994.7429,1813.9429,1006.92114,1798.3221,0.9420238
1014.2477,1813.9429,1026.8132,1798.9683,0.8121417
1033.7524,1813.9429,1045.6134,1799.2023,0.9654113
1053.2572,1813.9429,1065.4888,1798.9773,0.8415722
1111.7715,1813.9429,1125.2177,1799.6443,0.9668603
1131.2762,1813.9429,1145.087,1799.2019,0.96032876
1150.781,1813.9429,1163.0876,1799.4595,0.89315367
1170.2858,1813.9429,1183.715,1800.6593,0.9732268
1189.7905,1813.9429,1202.2028,1799.7804,0.9659356
1209.2953,1813.9429,1221.6707,1800.5624,0.6969836
1228.8,1813.9429,1240.2136,1799.7477,0.6246331
1248.3048,1813.9429,1261.0364,1800.4944,0.42049474
1267.8096,1813.9429,1282.3937,1800.932,0.37626472
1287.3143,1813.9429,1299.4912,1800.3301,0.8150151
1306.8191,1813.9429,1319.4766,1800.2205,0.8032153
1326.3239,1813.9429,1340.3033,1799.9944,0.7737095
1345.8286,1813.9429,1357.8271,1800.8717,0.91022736
1365.3334,1813.9429,1376.9783,1800.3307,0.93106633
1384.8381,1813.9429,1397.4531,1801.084,0.8251472
1404.3429,1813.9429,1416.9193,1800.3774,0.7492753
1540.8762,1813.9429,1554.063,1801.4972,0.41004303
1638.4,1813.9429,1650.5378,1801.2217,0.70803165
1657.9048,1813.9429,1670.5045,1800.7596,0.49558648
1696.9143,1813.9429,1708.3076,1801.0391,0.5095817
1755.4286,1813.9429,1769.2694,1801.6072,0.4780069
1774.9333,1813.9429,1787.4901,1802.9259,0.5017669
1794.4381,1813.9429,1808.3743,1803.118,0.637608
1813.9429,1813.9429,1827.1394,1802.4176,0.73959935
1833.4476,1813.9429,1847.7246,1800.4084,0.85871434
1852.9524,1813.9429,1865.7444,1802.1373,0.6840198
1872.4573,1813.9429,1885.2346,1801.5594,0.5827595
1891.962,1813.9429,1903.7905,1802.1395,0.869354
1911.4668,1813.9429,1924.8701,1802.1073,0.7091012
1930.9716,1813.9429,1943.3011,1802.3094,0.76293635
1950.4763,1813.9429,1962.6595,1801.0273,0.863811
1969.9811,1813.9429,1983.2389,1802.4025,0.7981252
58.51429,1833.4476,70.22916,1817.6625,0.6136152
78.01905,1833.4476,90.10845,1817.3745,0.58752286
97.52381,1833.4476,109.56788,1818.0443,0.82085687
117.02858,1833.4476,129.7188,1817.4159,0.8497375
136.53334,1833.4476,149.01477,1818.2356,0.98257977
156.0381,1833.4476,168.12659,1818.1592,0.9840729
175.54286,1833.4476,187.18175,1818.2327,0.99560034
195.04762,1833.4476,206.37372,1818.3226,0.9661071
214.55238,1833.4476,227.21014,1818.6566,0.95661384
234.05716,1833.4476,246.80734,1818.8116,0.9140716
253.56192,1833.4476,265.28845,1817.9517,0.5152281
273.06668,1833.4476,286.52216,1816.6575,0.65700275
292.57144,1833.4476,304.735,1818.5321,0.5397154
312.0762,1833.4476,323.7034,1818.5743,0.512172
331.58096,1833.4476,342.6063,1818.8087,0.20129253
351.08572,1833.4476,362.6658,1818.5594,0.5782416
370.59048,1833.4476,382.8141,1816.9011,0.7312977
390.09525,1833.4476,404.06186,1817.882,0.98975617
409.6,1833.4476,423.11624,1819.1184,0.98701054
429.10477,1833.4476,442.1466,1818.3514,0.99635977
448.60953,1833.4476,460.79868,1818.7279,0.9827562
468.11432,1833.4476,481.23206,1817.5155,0.95778304
487.61908,1833.4476,500.05658,1818.0981,0.84429467
507.12384,1833.4476,518.7443,1818.209,0.8855771
526.6286,1833.4476,538.29144,1818.8483,0.7724523
546.13336,1833.4476,556.9341,1818.014,0.7552813
565.6381,1833.4476,577.5207,1819.007,0.4255825
585.1429,1833.4476,597.7408,1818.8286,0.50589603
604.64764,1833.4476,616.8227,1818.6895,0.94388396
624.1524,1833.4476,636.3266,1818.8721,0.99511427
643.65717,1833.4476,657.05115,1818.8596,0.98605716
663.1619,1833.4476,675.9456,1818.6476,0.9960203
682.6667,1833.4476,695.37225,1818.5466,0.9947876
702.17145,1833.4476,713.1616,1818.8029,0.9900303
721.6762,1833.4476,734.2176,1818.4515,0.9220911
741.18097,1833.4476,753.54407,1819.8468,0.9502776
760.6857,1833.4476,772.27765,1818.3973,0.9894112
780.1905,1833.4476,792.65283,1818.3826,0.99648255
799.69525,1833.4476,810.8534,1818.9465,0.99772006
819.2,1833.4476,830.5428,1818.6525,0.99413264
838.7048,1833.4476,850.89667,1818.4199,0.9984363
858.20953,1833.4476,869.2271,1819.2379,0.93541396
877.7143,1833.4476,891.43396,1819.403,0.97172874
897.21906,1833.4476,911.0916,1819.0973,0.93364245
916.7238,1833.4476,930.0843,1818.9587,0.85254216
936.22864,1833.4476,947.845,1819.2819,0.88510454
955.7334,1833.4476,967.8904,1818.6041,0.7078641
975.23816,1833.4476,987.0514,1819.1198,0.45983762
994.7429,1833.4476,1006.644,1819.4031,0.9614262
1014.2477,1833.4476,1026.1063,1818.8444,0.8797563
1033.7524,1833.4476,1046.9299,1819.2308,0.6805317
1053.2572,1833.4476,1065.012,1818.4292,0.81468004
1111.7715,1833.4476,1125.4066,1818.9432,0.992151
1131.2762,1833.4476,1145.0057,1819.7286,0.9548304
1150.781,1833.4476,1162.1671,1820.8586,0.82462656
1170.2858,1833.4476,1182.1523,1819.2253,0.93929154
1189.7905,1833.4476,1202.1172,1819.6929,0.7977849
1209.2953,1833.4476,1221.6766,1819.2749,0.816076
1228.8,1833.4476,1241.5636,1819.016,0.6450436
1248.3048,1833.4476,1260.9438,1819.9807,0.26222837
1287.3143,1833.4476,1300.6249,1819.0172,0.6858978
1326.3239,1833.4476,1338.9442,1819.561,0.5382827
1345.8286,1833.4476,1357.589,1821.368,0.8756388
1365.3334,1833.4476,1377.476,1820.7714,0.67139894
1384.8381,1833.4476,1396.8754,1820.4801,0.881444
1404.3429,1833.4476,1415.5614,1819.7019,0.5937525
1423.8477,1833.4476,1437.8386,1819.6587,0.8432532
1443.3524,1833.4476,1455.1295,1819.7148,0.39035824
1501.8667,1833.4476,1514.2373,1821.5186,0.22491331
1560.381,1833.4476,1573.3916,1819.899,0.26341692
1579.8857,1833.4476,1593.3602,1820.5105,0.8118291
1599.3905,1833.4476,1611.0757,1821.8428,0.5282476
1638.4,1833.4476,1651.396,1821.4045,0.37144428
1657.9048,1833.4476,1669.7158,1820.5181,0.54560435
1677.4095,1833.4476,1689.4535,1820.5497,0.48828593
1696.9143,1833.4476,1708.8755,1819.7356,0.5057477
1716.4191,1833.4476,1729.5718,1820.1283,0.54451793
1755.4286,1833.4476,1771.0342,1822.1646,0.311445
1774.9333,1833.4476,1790.2672,1821.5159,0.47547284
1794.4381,1833.4476,1808.582,1821.3585,0.59463924
1813.9429,1833.4476,1826.8414,1820.4724,0.76366687
1833.4476,1833.4476,1848.4937,1821.2238,0.7596191
1852.9524,1833.4476,1866.2224,1819.8953,0.62074995
1872.4573,1833.4476,1885.9067,1821.9297,0.6186612
1891.962,1833.4476,1903.6259,1822.2653,0.49213374
1911.4668,1833.4476,1923.9072,1821.521,0.9311954
1930.9716,1833.4476,1944.176,1821.9854,0.6416813
1950.4763,1833.4476,1963.3625,1822.601,0.56321317
1969.9811,1833.4476,1983.3977,1820.0668,0.87217265
58.51429,1852.9524,70.463715,1836.6853,0.5374125
78.01905,1852.9524,90.48384,1837.0222,0.7239596
97.52381,1852.9524,109.13322,1837.7168,0.3946813
117.02858,1852.9524,130.16774,1837.0303,0.6812004
136.53334,1852.9524,148.96323,1836.508,0.93132484
156.0381,1852.9524,168.34187,1837.6001,0.9489199
175.54286,1852.9524,187.13907,1837.2875,0.9905839
195.04762,1852.9524,208.8201,1837.6846,0.8973104
214.55238,1852.9524,227.03268,1837.2386,0.9475658
234.05716,1852.9524,246.65729,1837.2798,0.9086844
253.56192,1852.9524,266.19922,1835.8605,0.36060005
273.06668,1852.9524,286.31174,1834.7144,0.2822074
292.57144,1852.9524,305.62567,1836.183,0.80206907
312.0762,1852.9524,324.76715,1835.412,0.88598657
331.58096,1852.9524,344.1877,1838.1254,0.46698636
351.08572,1852.9524,362.3873,1838.3674,0.5587456
370.59048,1852.9524,383.43143,1838.4069,0.85417384
390.09525,1852.9524,403.5976,1838.4324,0.9691465
409.6,1852.9524,423.21823,1837.5996,0.9955786
429.10477,1852.9524,442.8414,1838.239,0.98969316
448.60953,1852.9524,460.8988,1837.8331,0.97505695
468.11432,1852.9524,481.68253,1837.1649,0.42210785
487.61908,1852.9524,501.3551,1837.272,0.6849492
507.12384,1852.9524,521.026,1837.6105,0.9894842
526.6286,1852.9524,539.3273,1836.4668,0.9787052
546.13336,1852.9524,558.58105,1837.6394,0.5267045
565.6381,1852.9524,578.19275,1838.3684,0.91898316
585.1429,1852.9524,598.34845,1837.993,0.69485897
604.64764,1852.9524,617.38855,1838.1826,0.82247764
624.1524,1852.9524,637.1573,1838.9121,0.98791146
643.65717,1852.9524,656.2459,1838.4828,0.9880453
663.1619,1852.9524,677.31396,1838.2253,0.9953515
682.6667,1852.9524,696.35315,1838.3572,0.9943156
702.17145,1852.9524,714.946,1838.2651,0.9784108
721.6762,1852.9524,733.8148,1838.1307,0.9485867
741.18097,1852.9524,752.986,1838.8273,0.96627176
760.6857,1852.9524,773.30145,1838.1173,0.97668314
780.1905,1852.9524,792.2459,1838.1892,0.9480536
799.69525,1852.9524,811.8402,1838.2968,0.99340004
819.2,1852.9524,832.3848,1837.6356,0.9909745
838.7048,1852.9524,851.7569,1837.9913,0.9926864
858.20953,1852.9524,870.3222,1838.8644,0.8674267
877.7143,1852.9524,891.7722,1838.9656,0.9192968
897.21906,1852.9524,909.9254,1838.8605,0.96671456
916.7238,1852.9524,929.2975,1839.1642,0.88374054
936.22864,1852.9524,950.61975,1838.6575,0.7101177
955.7334,1852.9524,968.25287,1838.4846,0.63822514
975.23816,1852.9524,987.4782,1838.7013,0.5031021
994.7429,1852.9524,1007.2594,1838.7013,0.6582049
1014.2477,1852.9524,1026.1534,1837.7124,0.9359784
1033.7524,1852.9524,1046.5629,1838.3245,0.56536007
1092.2667,1852.9524,1105.8257,1838.7394,0.748984
1111.7715,1852.9524,1125.3374,1838.663,0.79715693
1131.2762,1852.9524,1145.0579,1838.0624,0.65396404
1150.781,1852.9524,1162.9382,1838.2396,0.7753118
1170.2858,1852.9524,1181.526,1838.8212,0.72262776
1189.7905,1852.9524,1202.8003,1838.4364,0.95635444
1209.2953,1852.9524,1221.1222,1839.0056,0.83790267
1228.8,1852.9524,1241.2979,1838.6831,0.8550737
1248.3048,1852.9524,1260.2743,1839.1683,0.73911035
1267.8096,1852.9524,1279.5011,1839.7034,0.43194357
1287.3143,1852.9524,1300.4062,1839.5787,0.8845997
1306.8191,1852.9524,1320.4728,1839.9707,0.8835361
1326.3239,1852.9524,1339.256,1838.6285,0.32919213
1345.8286,1852.9524,1358.4873,1840.7815,0.9106304
1365.3334,1852.9524,1378.8671,1840.2538,0.5193723
1384.8381,1852.9524,1398.0516,1840.2102,0.6669096
1404.3429,1852.9524,1417.08,1839.6111,0.6715346
1423.8477,1852.9524,1438.2267,1839.55,0.42408755
1462.8572,1852.9524,1476.4774,1838.8298,0.21525061
1482.3619,1852.9524,1494.8417,1836.9922,0.51098365
1501.8667,1852.9524,1515.7249,1839.146,0.30635646
1560.381,1852.9524,1571.3617,1840.0239,0.49149475
1579.8857,1852.9524,1592.0065,1839.7968,0.41925094
1599.3905,1852.9524,1612.6107,1840.3322,0.56941193
1657.9048,1852.9524,1670.7644,1840.4541,0.21031386
1677.4095,1852.9524,1690.1669,1840.8334,0.46903297
1696.9143,1852.9524,1709.1285,1841.0452,0.75690264
1716.4191,1852.9524,1729.4506,1841.1577,0.77820784
1735.9238,1852.9524,1749.6704,1841.3019,0.97644097
1755.4286,1852.9524,1769.9353,1841.1948,0.6821177
1774.9333,1852.9524,1787.6315,1840.6349,0.94124067
1794.4381,1852.9524,1807.3423,1841.408,0.3900782
1813.9429,1852.9524,1827.1348,1841.564,0.8096744
1833.4476,1852.9524,1847.3395,1840.0397,0.79669267
1852.9524,1852.9524,1866.4047,1839.9629,0.84055656
1872.4573,1852.9524,1886.0371,1840.3439,0.64086336
1891.962,1852.9524,1905.3398,1841.4506,0.30591893
1911.4668,1852.9524,1924.5159,1840.7336,0.8578812
1930.9716,1852.9524,1944.7825,1841.3749,0.91056824
1950.4763,1852.9524,1964.284,1841.292,0.67461646
1969.9811,1852.9524,1981.4828,1842.1595,0.49794963
58.51429,1872.4573,70.230835,1856.065,0.6601999
78.01905,1872.4573,89.561714,1856.0731,0.43775243
97.52381,1872.4573,110.11406,1857.3727,0.88572335
136.53334,1872.4573,148.56233,1856.3177,0.72443897
156.0381,1872.4573,166.94637,1856.8993,0.7883855
175.54286,1872.4573,187.20834,1856.4705,0.8851097
195.04762,1872.4573,207.44113,1855.7584,0.93688494
214.55238,1872.4573,227.20218,1855.8153,0.93666124
234.05716,1872.4573,246.22841,1855.7067,0.8516484
253.56192,1872.4573,266.75766,1857.759,0.26793858
292.57144,1872.4573,307.14667,1856.9578,0.77595
312.0762,1872.4573,325.2734,1856.297,0.8516175
331.58096,1872.4573,344.84128,1856.4631,0.75921047
351.08572,1872.4573,363.1481,1856.9974,0.8028274
370.59048,1872.4573,382.89993,1857.331,0.94972074
390.09525,1872.4573,402.96255,1856.7991,0.9608336
409.6,1872.4573,423.16003,1856.8093,0.9907667
429.10477,1872.4573,443.48907,1856.6897,0.9953255
448.60953,1872.4573,460.423,1856.5377,0.97001684
468.11432,1872.4573,480.90164,1856.5887,0.9682971
487.61908,1872.4573,500.36288,1857.012,0.9911647
507.12384,1872.4573,519.16656,1856.8174,0.9976541
526.6286,1872.4573,539.92865,1856.4625,0.9426105
546.13336,1872.4573,558.581,1857.5785,0.5655849
565.6381,1872.4573,578.89215,1857.5425,0.9455224
585.1429,1872.4573,598.4674,1857.7319,0.8021795
604.64764,1872.4573,616.0442,1857.8524,0.7349156
624.1524,1872.4573,637.2829,1857.4492,0.8605492
643.65717,1872.4573,654.6052,1857.6813,0.96161056
663.1619,1872.4573,674.78644,1857.6968,0.9954285
682.6667,1872.4573,695.745,1857.7703,0.99448264
702.17145,1872.4573,716.10046,1858.3345,0.9839331
721.6762,1872.4573,734.1045,1858.1532,0.97311044
741.18097,1872.4573,753.8737,1857.9614,0.9653574
760.6857,1872.4573,773.7182,1857.8387,0.955431
780.1905,1872.4573,792.5327,1857.9381,0.9873938
799.69525,1872.4573,811.5606,1857.8724,0.9695311
819.2,1872.4573,831.4977,1856.6295,0.9753931
838.7048,1872.4573,849.14734,1857.8292,0.99389136
858.20953,1872.4573,871.5302,1857.5858,0.98670846
877.7143,1872.4573,890.39923,1858.5685,0.991162
897.21906,1872.4573,909.6166,1858.203,0.9890101
916.7238,1872.4573,929.20386,1857.8672,0.91204965
936.22864,1872.4573,949.28046,1857.7255,0.4211079
1014.2477,1872.4573,1027.279,1858.6929,0.5425077
1092.2667,1872.4573,1105.235,1858.6575,0.86560154
1111.7715,1872.4573,1124.5769,1858.6395,0.649458
1131.2762,1872.4573,1145.3088,1858.0614,0.84449613
1150.781,1872.4573,1163.7269,1858.1891,0.94926184
1170.2858,1872.4573,1181.6488,1858.2087,0.54368544
1189.7905,1872.4573,1201.6997,1858.7802,0.6289736
1209.2953,1872.4573,1221.4192,1858.0566,0.8511414
1228.8,1872.4573,1242.1725,1858.5642,0.86495775
1248.3048,1872.4573,1260.7849,1858.0844,0.7159689
1267.8096,1872.4573,1280.4843,1858.2377,0.8585863
1287.3143,1872.4573,1299.6763,1858.8638,0.7318007
1306.8191,1872.4573,1319.1643,1858.9736,0.48354325
1326.3239,1872.4573,1338.574,1858.1838,0.39987132
1345.8286,1872.4573,1358.2434,1858.6074,0.8854135
1365.3334,1872.4573,1378.669,1859.5743,0.9591109
1384.8381,1872.4573,1398.9243,1859.7455,0.78890944
1404.3429,1872.4573,1418.7505,1860.0436,0.95356834
1423.8477,1872.4573,1435.9412,1859.9014,0.8308834
1443.3524,1872.4573,1456.9913,1858.6755,0.8801449
1462.8572,1872.4573,1475.8767,1858.5254,0.5722204
1482.3619,1872.4573,1495.7289,1858.3611,0.54753625
1501.8667,1872.4573,1516.109,1858.5009,0.2590712
1579.8857,1872.4573,1592.8208,1858.7224,0.30645868
1599.3905,1872.4573,1612.5692,1858.9291,0.7150315
1618.8953,1872.4573,1632.5569,1859.8915,0.30060682
1677.4095,1872.4573,1690.6078,1859.9608,0.6495522
1696.9143,1872.4573,1708.9156,1859.0807,0.64519143
1716.4191,1872.4573,1729.2251,1859.2593,0.8827222
1735.9238,1872.4573,1749.2007,1860.8611,0.90051347
1755.4286,1872.4573,1769.1895,1859.7103,0.23385444
1774.9333,1872.4573,1788.2125,1861.2701,0.3935312
1794.4381,1872.4573,1806.2078,1860.669,0.66910887
1813.9429,1872.4573,1826.8762,1860.4398,0.84443337
1833.4476,1872.4573,1846.2175,1860.2708,0.8941251
1852.9524,1872.4573,1865.5905,1860.6683,0.5817927
1872.4573,1872.4573,1887.24,1860.8705,0.6248751
1891.962,1872.4573,1905.6733,1859.991,0.37185952
1911.4668,1872.4573,1923.3431,1861.5491,0.5442261
1930.9716,1872.4573,1944.3246,1861.5167,0.44307953
1969.9811,1872.4573,1983.5099,1860.5674,0.7153837
58.51429,1891.962,69.59011,1876.164,0.4093981
78.01905,1891.962,89.56351,1876.001,0.65648526
97.52381,1891.962,109.16499,1876.5552,0.8647713
117.02858,1891.962,129.21893,1876.173,0.5289535
136.53334,1891.962,148.08185,1875.7007,0.71779704
156.0381,1891.962,167.75217,1876.1598,0.329456
175.54286,1891.962,187.64003,1876.0308,0.32898134
195.04762,1891.962,208.55219,1874.1096,0.79506356
214.55238,1891.962,230.29164,1875.7686,0.9353326
234.05716,1891.962,245.9812,1876.7869,0.9211899
253.56192,1891.962,265.16547,1877.2277,0.8802142
273.06668,1891.962,285.4031,1876.842,0.84374326
292.57144,1891.962,306.40576,1875.6364,0.7476597
312.0762,1891.962,324.67316,1875.83,0.84015965
331.58096,1891.962,343.7645,1876.7626,0.48574895
351.08572,1891.962,362.05237,1877.0962,0.64794534
370.59048,1891.962,382.1742,1876.2761,0.92415416
390.09525,1891.962,403.59366,1877.2374,0.9391064
409.6,1891.962,422.97882,1876.7482,0.95318496
429.10477,1891.962,442.73157,1876.133,0.92010975
448.60953,1891.962,460.27307,1876.3987,0.92851037
468.11432,1891.962,479.3372,1877.0935,0.96943736
487.61908,1891.962,499.19897,1876.8639,0.963475
507.12384,1891.962,518.90454,1876.3296,0.99378186
526.6286,1891.962,539.4691,1876.107,0.9676368
546.13336,1891.962,557.90643,1876.7335,0.631286
565.6381,1891.962,578.0204,1876.6847,0.90302193
585.1429,1891.962,597.58203,1876.9819,0.9666087
604.64764,1891.962,616.084,1877.2544,0.67190284
643.65717,1891.962,655.46674,1877.2533,0.7904923
663.1619,1891.962,676.72504,1877.097,0.99245137
682.6667,1891.962,695.3291,1877.2318,0.96438545
702.17145,1891.962,714.3938,1877.3794,0.9956297
721.6762,1891.962,735.23596,1877.8099,0.9403318
741.18097,1891.962,752.9055,1877.8839,0.989619
760.6857,1891.962,773.5057,1877.3204,0.8878834
780.1905,1891.962,792.0037,1877.3425,0.9657016
799.69525,1891.962,811.63153,1877.0488,0.98404473
819.2,1891.962,831.6306,1876.7662,0.9911312
838.7048,1891.962,851.5538,1877.4644,0.9969976
858.20953,1891.962,871.22437,1876.9781,0.9945945
877.7143,1891.962,892.02454,1877.1377,0.9752409
897.21906,1891.962,909.55597,1877.49,0.9642518
916.7238,1891.962,928.13336,1877.6727,0.87542766
1092.2667,1891.962,1105.6539,1877.6376,0.5886157
1111.7715,1891.962,1124.7611,1877.9116,0.8587237
1131.2762,1891.962,1142.663,1878.1241,0.50207525
1150.781,1891.962,1161.4812,1877.3036,0.33302644
1170.2858,1891.962,1182.6599,1877.6606,0.9354331
1189.7905,1891.962,1202.9336,1878.3019,0.3922547
1209.2953,1891.962,1222.4851,1876.8446,0.88069797
1228.8,1891.962,1241.0096,1877.3135,0.8337525
1248.3048,1891.962,1260.6506,1877.2726,0.94093156
1267.8096,1891.962,1281.1477,1877.0576,0.9077648
1287.3143,1891.962,1300.1017,1877.6367,0.71300423
1306.8191,1891.962,1320.1483,1878.7913,0.62805736
1326.3239,1891.962,1338.5656,1877.5437,0.4592508
1345.8286,1891.962,1358.2518,1878.1344,0.7767619
1365.3334,1891.962,1378.3158,1878.5948,0.7315607
1384.8381,1891.962,1398.4843,1879.4337,0.8960685
1404.3429,1891.962,1417.9501,1880.1418,0.68829834
1423.8477,1891.962,1437.2678,1878.758,0.46455783
1443.3524,1891.962,1457.6941,1879.5851,0.8385769
1462.8572,1891.962,1474.6793,1878.9233,0.8011748
1482.3619,1891.962,1497.4541,1878.442,0.7880987
1677.4095,1891.962,1690.8401,1878.7102,0.7515024
1696.9143,1891.962,1709.8654,1878.9055,0.6934482
1716.4191,1891.962,1729.8999,1880.8983,0.94543856
1735.9238,1891.962,1749.0444,1879.9421,0.8857316
1755.4286,1891.962,1767.6656,1879.6321,0.54141635
1774.9333,1891.962,1787.2865,1879.9937,0.37383905
1794.4381,1891.962,1805.8042,1879.6119,0.76549727
1813.9429,1891.962,1826.2284,1879.2263,0.93043727
1833.4476,1891.962,1846.4366,1879.5782,0.50527537
1891.962,1891.962,1904.1233,1880.7682,0.48921904
1911.4668,1891.962,1924.7661,1880.9414,0.5274572
1930.9716,1891.962,1944.6978,1880.8134,0.341403
1950.4763,1891.962,1963.8407,1880.095,0.70695937
1969.9811,1891.962,1984.5043,1878.3921,0.545305
39.009525,1911.4668,51.56373,1895.9889,0.3993783
58.51429,1911.4668,69.71042,1895.8192,0.61232466
78.01905,1911.4668,90.076805,1895.4283,0.6760369
97.52381,1911.4668,109.9508,1895.7985,0.763577
117.02858,1911.4668,129.20528,1896.4155,0.7797245
136.53334,1911.4668,148.78047,1896.1992,0.8206606
156.0381,1911.4668,169.18332,1896.3606,0.20033272
175.54286,1911.4668,189.22845,1896.8307,0.5865121
195.04762,1911.4668,208.20784,1896.6296,0.6952042
214.55238,1911.4668,229.38704,1894.2968,0.8864874
234.05716,1911.4668,247.48187,1895.8552,0.9499937
253.56192,1911.4668,266.40668,1895.5468,0.7768093
273.06668,1911.4668,284.67386,1896.4836,0.8363605
292.57144,1911.4668,304.7375,1896.0121,0.91364163
312.0762,1911.4668,324.01315,1896.5073,0.97338
331.58096,1911.4668,343.22427,1896.061,0.6192888
351.08572,1911.4668,362.49658,1895.673,0.47705504
370.59048,1911.4668,383.1681,1896.0525,0.84369224
390.09525,1911.4668,403.2149,1896.4537,0.88562703
409.6,1911.4668,424.14005,1895.3743,0.96980333
429.10477,1911.4668,442.1324,1895.5267,0.9802893
448.60953,1911.4668,460.7589,1896.3783,0.977714
468.11432,1911.4668,480.5982,1896.6947,0.93662053
487.61908,1911.4668,499.64816,1896.3511,0.6994507
507.12384,1911.4668,519.64453,1895.9319,0.89057225
526.6286,1911.4668,537.9339,1896.6519,0.74687
546.13336,1911.4668,558.29614,1895.9359,0.68866545
565.6381,1911.4668,577.7554,1896.5051,0.9064773
585.1429,1911.4668,596.1193,1896.1248,0.9840182
604.64764,1911.4668,616.5817,1895.9802,0.8337617
624.1524,1911.4668,637.74927,1896.0568,0.55117035
643.65717,1911.4668,655.0608,1896.3604,0.37894824
663.1619,1911.4668,676.72565,1896.724,0.98629737
682.6667,1911.4668,694.11456,1896.6969,0.98265564
702.17145,1911.4668,715.56604,1896.5944,0.9867236
721.6762,1911.4668,733.64685,1896.7852,0.95369685
741.18097,1911.4668,754.1031,1896.8584,0.97473854
760.6857,1911.4668,774.671,1897.0295,0.9716613
780.1905,1911.4668,792.8133,1896.6879,0.9886445
799.69525,1911.4668,811.3393,1896.4122,0.9818706
819.2,1911.4668,831.29205,1897.0892,0.99809796
838.7048,1911.4668,851.94714,1896.7212,0.9947108
858.20953,1911.4668,870.66327,1897.3667,0.9941479
877.7143,1911.4668,889.9085,1896.5492,0.99595386
897.21906,1911.4668,910.82355,1896.9963,0.9848393
916.7238,1911.4668,928.75854,1896.5826,0.96006286
936.22864,1911.4668,947.1115,1896.724,0.82865596
955.7334,1911.4668,968.9429,1896.7388,0.6518209
975.23816,1911.4668,986.9869,1896.8599,0.48846856
1072.762,1911.4668,1087.9285,1896.0925,0.7056393
1092.2667,1911.4668,1107.3649,1896.5874,0.9509809
1111.7715,1911.4668,1123.3685,1896.7667,0.9348061
1131.2762,1911.4668,1143.6869,1897.3456,0.79344434
1150.781,1911.4668,1162.75,1897.4437,0.6208808
1170.2858,1911.4668,1182.4253,1898.8298,0.8363439
1189.7905,1911.4668,1202.5016,1897.2291,0.8869253
1209.2953,1911.4668,1222.6973,1896.6268,0.9178037
1228.8,1911.4668,1242.1676,1896.5178,0.6454499
1248.3048,1911.4668,1259.9688,1897.2263,0.9377651
1267.8096,1911.4668,1280.5282,1896.8938,0.98425317
1287.3143,1911.4668,1299.694,1897.4955,0.9409104
1306.8191,1911.4668,1319.5066,1898.5847,0.8778493
1326.3239,1911.4668,1338.845,1898.4182,0.9514988
1345.8286,1911.4668,1358.3143,1898.405,0.87308043
1365.3334,1911.4668,1378.4984,1898.9984,0.9269931
1404.3429,1911.4668,1416.9957,1898.0651,0.61195827
1423.8477,1911.4668,1438.5269,1897.7396,0.61115456
1443.3524,1911.4668,1456.9358,1897.9829,0.72762424
1462.8572,1911.4668,1476.0277,1897.2709,0.8850888
1482.3619,1911.4668,1494.9078,1898.0452,0.9256188
1677.4095,1911.4668,1688.6528,1897.3309,0.44751108
1696.9143,1911.4668,1710.913,1899.3005,0.95517373
1716.4191,1911.4668,1730.441,1899.2883,0.9388157
1735.9238,1911.4668,1748.311,1900.099,0.88378733
1755.4286,1911.4668,1767.1682,1898.7909,0.8436049
1774.9333,1911.4668,1787.4277,1900.7498,0.49957108
1794.4381,1911.4668,1806.9093,1899.67,0.70951504
1813.9429,1911.4668,1826.6482,1898.9507,0.46802118
1833.4476,1911.4668,1847.361,1899.2875,0.52367
1852.9524,1911.4668,1866.6641,1900.0642,0.69145775
1911.4668,1911.4668,1924.801,1899.5989,0.6288266
1930.9716,1911.4668,1942.9917,1899.363,0.28947595
1950.4763,1911.4668,1964.063,1899.582,0.5304377
39.009525,1930.9716,51.862083,1915.9646,0.7494339
58.51429,1930.9716,70.86802,1914.4806,0.8336463
78.01905,1930.9716,89.636375,1916.0841,0.9436088
97.52381,1930.9716,109.18637,1915.6245,0.6429223
117.02858,1930.9716,127.98667,1914.3523,0.5359466
136.53334,1930.9716,149.91223,1915.5237,0.3935443
156.0381,1930.9716,168.95107,1915.9672,0.5671949
175.54286,1930.9716,187.18558,1915.92,0.6935563
195.04762,1930.9716,207.06071,1913.7563,0.5831536
234.05716,1930.9716,247.50833,1913.9646,0.9361467
253.56192,1930.9716,266.7385,1915.4532,0.7013844
273.06668,1930.9716,285.25943,1915.7538,0.90203005
292.57144,1930.9716,304.89105,1915.4104,0.88378555
312.0762,1930.9716,324.36752,1915.9811,0.89374727
331.58096,1930.9716,345.86694,1915.4454,0.6644894
351.08572,1930.9716,363.9663,1916.3905,0.64529914
370.59048,1930.9716,382.25842,1915.3958,0.35771772
390.09525,1930.9716,402.00244,1915.6328,0.5122245
409.6,1930.9716,423.83252,1915.092,0.93635845
429.10477,1930.9716,443.08505,1914.4011,0.9799771
448.60953,1930.9716,461.99722,1915.2856,0.8792747
468.11432,1930.9716,479.32486,1914.4379,0.9363426
487.61908,1930.9716,500.31598,1915.5723,0.7357751
507.12384,1930.9716,520.025,1916.058,0.91204596
526.6286,1930.9716,537.9466,1915.8912,0.25921246
546.13336,1930.9716,557.60596,1916.3251,0.6056574
565.6381,1930.9716,576.38196,1916.1184,0.8450254
585.1429,1930.9716,596.3894,1916.5087,0.96895653
604.64764,1930.9716,615.6075,1915.9247,0.971881
624.1524,1930.9716,637.5907,1916.0253,0.69439954
643.65717,1930.9716,656.0669,1915.7319,0.6094693
663.1619,1930.9716,674.9513,1915.5526,0.906857
682.6667,1930.9716,695.5101,1915.988,0.9925081
702.17145,1930.9716,714.88654,1915.9862,0.9954973
721.6762,1930.9716,733.9195,1915.7648,0.907985
741.18097,1930.9716,752.52106,1916.063,0.9453778
760.6857,1930.9716,772.03564,1916.1156,0.98034096
780.1905,1930.9716,792.9591,1916.5336,0.9835349
799.69525,1930.9716,811.71,1916.3271,0.98664814
819.2,1930.9716,831.9503,1916.8665,0.9715574
838.7048,1930.9716,852.60474,1916.7096,0.9961753
858.20953,1930.9716,869.4945,1916.219,0.99138975
877.7143,1930.9716,889.6876,1915.8976,0.9787093
897.21906,1930.9716,909.3216,1916.3939,0.9766876
916.7238,1930.9716,929.45355,1917.2366,0.94836444
936.22864,1930.9716,947.4479,1916.4294,0.88079154
955.7334,1930.9716,967.19446,1916.3313,0.6775726
975.23816,1930.9716,987.0362,1916.5867,0.5771529
1092.2667,1930.9716,1106.5417,1915.2441,0.9925306
1111.7715,1930.9716,1126.0243,1915.91,0.9888185
1131.2762,1930.9716,1144.2164,1917.6752,0.9579195
1150.781,1930.9716,1161.6567,1917.0283,0.8423755
1170.2858,1930.9716,1182.2937,1916.8436,0.84735745
1189.7905,1930.9716,1201.4589,1917.0012,0.82459784
1209.2953,1930.9716,1221.3333,1917.4031,0.91656697
1228.8,1930.9716,1241.0631,1916.3699,0.53835225
1248.3048,1930.9716,1260.8098,1916.5337,0.96225613
1267.8096,1930.9716,1280.5311,1916.2819,0.95406884
1287.3143,1930.9716,1300.5024,1917.1937,0.95198244
1306.8191,1930.9716,1318.7074,1917.5369,0.71994615
1326.3239,1930.9716,1338.6497,1917.3593,0.45063427
1345.8286,1930.9716,1358.24,1918.5739,0.3403556
1365.3334,1930.9716,1377.6437,1917.5332,0.6903949
1384.8381,1930.9716,1397.8901,1917.7198,0.9170266
1404.3429,1930.9716,1416.7112,1918.1636,0.77638054
1423.8477,1930.9716,1437.2584,1917.265,0.7798575
1443.3524,1930.9716,1457.1586,1916.7396,0.98784727
1462.8572,1930.9716,1476.452,1917.103,0.93862885
1482.3619,1930.9716,1493.343,1918.0188,0.80140543
1696.9143,1930.9716,1710.4614,1918.5515,0.20792958
1716.4191,1930.9716,1729.4446,1918.9574,0.46601292
1735.9238,1930.9716,1748.5568,1920.0352,0.8912721
1755.4286,1930.9716,1766.578,1919.0955,0.811026
1774.9333,1930.9716,1787.8055,1919.1268,0.37713987
1813.9429,1930.9716,1826.386,1918.6288,0.6030683
1833.4476,1930.9716,1846.9193,1918.9745,0.6022238
1872.4573,1930.9716,1885.1876,1917.6313,0.6308911
1969.9811,1930.9716,1982.0178,1919.0872,0.41549402
39.009525,1950.4763,52.0851,1935.1636,0.72044307
58.51429,1950.4763,70.17129,1934.8502,0.8667893
78.01905,1950.4763,90.27524,1935.4271,0.897441
97.52381,1950.4763,110.001465,1935.006,0.41530243
117.02858,1950.4763,129.03006,1935.0153,0.59268075
136.53334,1950.4763,148.01077,1935.7277,0.8042941
156.0381,1950.4763,168.08316,1935.954,0.7474742
175.54286,1950.4763,187.55655,1935.7637,0.6052548
195.04762,1950.4763,206.85942,1934.9675,0.55891675
214.55238,1950.4763,228.23389,1935.7463,0.74880314
234.05716,1950.4763,247.37589,1935.4644,0.9029173
253.56192,1950.4763,266.04044,1935.534,0.835855
273.06668,1950.4763,284.02142,1934.9277,0.77439255
292.57144,1950.4763,305.38043,1934.6945,0.871669
312.0762,1950.4763,324.34607,1935.8518,0.82932115
331.58096,1950.4763,344.03964,1936.554,0.32302263
351.08572,1950.4763,363.1341,1936.6111,0.511049
370.59048,1950.4763,381.8251,1936.3406,0.8043097
390.09525,1950.4763,401.76312,1935.8237,0.871817
409.6,1950.4763,420.99973,1935.6001,0.9608219
429.10477,1950.4763,443.60495,1935.2094,0.88314116
448.60953,1950.4763,461.80258,1935.2854,0.85077405
468.11432,1950.4763,479.35828,1935.3395,0.7187616
487.61908,1950.4763,499.39462,1935.2802,0.9505874
507.12384,1950.4763,519.1615,1935.5142,0.43347025
526.6286,1950.4763,537.7264,1935.4506,0.87521863
546.13336,1950.4763,558.35583,1935.5828,0.87597615
565.6381,1950.4763,577.3748,1935.6808,0.96599907
585.1429,1950.4763,597.2738,1935.9121,0.9933928
604.64764,1950.4763,616.1363,1935.9514,0.94417304
624.1524,1950.4763,636.7994,1935.4019,0.79050624
643.65717,1950.4763,655.6771,1935.4575,0.79029495
663.1619,1950.4763,675.3874,1935.4365,0.9182281
682.6667,1950.4763,696.12976,1936.1783,0.9679203
702.17145,1950.4763,715.80084,1936.5359,0.99342567
721.6762,1950.4763,733.9334,1935.0363,0.97935116
741.18097,1950.4763,753.4697,1934.56,0.9865295
760.6857,1950.4763,771.86115,1935.8629,0.9953436
780.1905,1950.4763,793.5158,1935.6772,0.9729471
799.69525,1950.4763,813.05084,1935.9679,0.98497725
819.2,1950.4763,832.95294,1936.8,0.9629314
838.7048,1950.4763,851.23346,1936.1255,0.9013031
858.20953,1950.4763,869.34766,1936.5427,0.9923838
877.7143,1950.4763,890.1891,1935.6948,0.9919397
897.21906,1950.4763,909.2641,1935.9503,0.9803778
916.7238,1950.4763,928.7648,1935.4263,0.9800614
936.22864,1950.4763,947.7277,1936.2125,0.9260465
955.7334,1950.4763,967.7964,1936.7279,0.9565972
975.23816,1950.4763,988.05225,1936.1934,0.954793
994.7429,1950.4763,1007.57227,1935.9976,0.83116764
1092.2667,1950.4763,1106.3323,1935.2054,0.9892882
1111.7715,1950.4763,1124.766,1935.0848,0.97157234
1131.2762,1950.4763,1144.5345,1936.021,0.9328465
1150.781,1950.4763,1162.1763,1935.8246,0.85364497
1170.2858,1950.4763,1183.2704,1935.7471,0.924048
1189.7905,1950.4763,1202.2601,1937.3381,0.7133682
1209.2953,1950.4763,1221.6624,1935.9795,0.9396419
1228.8,1950.4763,1241.5416,1936.3413,0.7546351
1248.3048,1950.4763,1260.4049,1935.9768,0.88425136
1267.8096,1950.4763,1281.3322,1936.2301,0.96411514
1287.3143,1950.4763,1301.3899,1937.1158,0.87181056
1306.8191,1950.4763,1319.26,1936.7714,0.8331759
1326.3239,1950.4763,1339.3108,1937.3925,0.73948604
1345.8286,1950.4763,1357.7865,1937.5237,0.6352253
1365.3334,1950.4763,1377.9827,1936.6907,0.24930306
1384.8381,1950.4763,1397.7396,1936.615,0.4430264
1404.3429,1950.4763,1417.7203,1936.0538,0.50893164
1423.8477,1950.4763,1436.5398,1936.3876,0.6841008
1443.3524,1950.4763,1456.4962,1935.974,0.93298936
1462.8572,1950.4763,1477.1661,1937.5465,0.8223783
1482.3619,1950.4763,1495.8198,1936.6443,0.6890663
1735.9238,1950.4763,1748.8184,1939.4376,0.40734747
1755.4286,1950.4763,1767.7069,1939.4675,0.7871016
1774.9333,1950.4763,1787.831,1938.4521,0.6506454
1794.4381,1950.4763,1805.5302,1937.9403,0.52339864
1813.9429,1950.4763,1826.3599,1938.3218,0.2982529
1833.4476,1950.4763,1847.0745,1939.7139,0.21908711
1930.9716,1950.4763,1943.4019,1938.3097,0.41631445
39.009525,1969.9811,51.842106,1953.7706,0.54715896
78.01905,1969.9811,89.98975,1955.0094,0.3432921
97.52381,1969.9811,110.772026,1954.7777,0.72412246
117.02858,1969.9811,129.15593,1955.5154,0.53668123
136.53334,1969.9811,148.09575,1954.8008,0.8451476
156.0381,1969.9811,170.12996,1954.8391,0.5475338
175.54286,1969.9811,189.42903,1954.4801,0.9367867
195.04762,1969.9811,207.23619,1954.028,0.8940297
214.55238,1969.9811,227.16891,1954.8081,0.61215764
234.05716,1969.9811,246.99768,1954.7081,0.84875184
253.56192,1969.9811,265.79596,1954.4161,0.3794121
292.57144,1969.9811,305.10373,1955.1865,0.65183556
312.0762,1969.9811,325.29074,1954.7714,0.89274937
331.58096,1969.9811,344.4154,1955.312,0.8332951
351.08572,1969.9811,363.05447,1955.3392,0.79464835
370.59048,1969.9811,382.6222,1954.6891,0.6660198
390.09525,1969.9811,402.1677,1954.6008,0.84752995
409.6,1969.9811,421.93933,1954.5026,0.9389173
429.10477,1969.9811,442.25156,1955.0216,0.46126834
468.11432,1969.9811,480.24973,1954.4493,0.456363
487.61908,1969.9811,499.8438,1954.9077,0.6250671
507.12384,1969.9811,520.2153,1954.9155,0.83961195
526.6286,1969.9811,538.42096,1954.0256,0.8235986
546.13336,1969.9811,559.0594,1955.0752,0.7971851
565.6381,1969.9811,577.43475,1955.4021,0.8418923
585.1429,1969.9811,596.04987,1955.0894,0.9871373
604.64764,1969.9811,617.07654,1955.6268,0.98436546
624.1524,1969.9811,637.20245,1954.7906,0.825559
643.65717,1969.9811,657.24896,1955.0371,0.9197525
663.1619,1969.9811,675.1963,1955.2494,0.89480656
682.6667,1969.9811,696.1596,1956.0399,0.9841203
702.17145,1969.9811,714.2298,1954.8756,0.9772694
721.6762,1969.9811,734.46826,1954.0642,0.9669711
741.18097,1969.9811,753.8461,1954.6368,0.975074
760.6857,1969.9811,772.2246,1955.1445,0.97324556
780.1905,1969.9811,791.6707,1955.2611,0.9194953
799.69525,1969.9811,812.76355,1954.89,0.9246557
819.2,1969.9811,832.69794,1955.2742,0.98251075
838.7048,1969.9811,851.00507,1955.6545,0.9413482
858.20953,1969.9811,869.2776,1955.2148,0.99647164
877.7143,1969.9811,890.18774,1955.5466,0.97320205
897.21906,1969.9811,909.7725,1955.9136,0.9541365
916.7238,1969.9811,928.9539,1954.8517,0.87792623
936.22864,1969.9811,948.0066,1955.2784,0.94348794
955.7334,1969.9811,968.581,1955.4819,0.941866
975.23816,1969.9811,988.6854,1955.9469,0.9601698
994.7429,1969.9811,1006.8874,1955.3733,0.8001407
1014.2477,1969.9811,1027.7012,1955.2883,0.6066012
1072.762,1969.9811,1086.8024,1956.0277,0.9514098
1092.2667,1969.9811,1105.2422,1954.7695,0.9071459
1111.7715,1969.9811,1126.0051,1955.0126,0.85603875
1131.2762,1969.9811,1143.7966,1955.0111,0.82885617
1150.781,1969.9811,1164.0768,1956.0892,0.72633684
1170.2858,1969.9811,1183.6406,1955.7316,0.9273708
1189.7905,1969.9811,1202.8207,1956.1375,0.9765385
1209.2953,1969.9811,1221.5015,1956.0928,0.9317708
1228.8,1969.9811,1241.164,1956.4618,0.75710934
1248.3048,1969.9811,1259.3448,1955.8658,0.8070178
1267.8096,1969.9811,1279.9407,1955.5214,0.7917371
1287.3143,1969.9811,1300.6117,1956.3945,0.87938946
1306.8191,1969.9811,1321.488,1956.4711,0.95087636
1326.3239,1969.9811,1341.5839,1956.0303,0.88225526
1345.8286,1969.9811,1359.9548,1957.7263,0.902595
1365.3334,1969.9811,1378.4475,1956.2279,0.5439379
1384.8381,1969.9811,1396.4565,1956.4084,0.31823933
1404.3429,1969.9811,1418.3049,1957.0526,0.5336536
1423.8477,1969.9811,1436.2754,1956.859,0.49826545
1443.3524,1969.9811,1455.6113,1955.645,0.9066022
1462.8572,1969.9811,1477.9161,1955.9039,0.65848494
1482.3619,1969.9811,1496.0702,1956.5957,0.7352381
1774.9333,1969.9811,1786.9197,1958.1724,0.6698935
1813.9429,1969.9811,1827.2465,1958.7083,0.2557754
1833.4476,1969.9811,1846.5618,1957.6736,0.7332776
1852.9524,1969.9811,1865.319,1957.6616,0.5537839
1911.4668,1969.9811,1924.3182,1957.2396,0.30871227
1950.4763,1969.9811,1961.8721,1959.3044,0.47559023
39.009525,1989.4858,51.882614,1973.8414,0.6471839
58.51429,1989.4858,71.122086,1974.0284,0.8921789
78.01905,1989.4858,90.15353,1974.3428,0.931423
97.52381,1989.4858,110.486435,1973.7255,0.6736854
117.02858,1989.4858,128.5501,1974.4071,0.8047606
136.53334,1989.4858,148.60483,1973.5792,0.4329834
156.0381,1989.4858,168.4478,1974.5162,0.91950125
175.54286,1989.4858,187.16255,1974.0468,0.7995865
195.04762,1989.4858,209.27835,1973.414,0.6590343
214.55238,1989.4858,228.39508,1973.7681,0.9368674
234.05716,1989.4858,246.00267,1972.4294,0.9141736
253.56192,1989.4858,266.74805,1974.5127,0.80466443
273.06668,1989.4858,286.77612,1974.971,0.3105496
292.57144,1989.4858,304.97095,1973.9961,0.7443411
312.0762,1989.4858,324.44733,1974.3113,0.8643591
331.58096,1989.4858,345.1095,1974.1368,0.8376817
351.08572,1989.4858,362.92645,1973.9016,0.852574
370.59048,1989.4858,382.82556,1973.5547,0.6966479
390.09525,1989.4858,403.8262,1974.0776,0.91814536
409.6,1989.4858,423.0108,1974.668,0.48356932
429.10477,1989.4858,441.03378,1974.3484,0.7775051
468.11432,1989.4858,478.82086,1974.1145,0.3242082
487.61908,1989.4858,499.82153,1974.202,0.53173643
507.12384,1989.4858,519.0795,1974.8038,0.8399877
526.6286,1989.4858,538.33844,1974.1421,0.7935207
546.13336,1989.4858,557.9838,1974.8391,0.85816145
565.6381,1989.4858,577.0849,1974.2546,0.90515256
585.1429,1989.4858,596.77106,1974.8162,0.97160304
604.64764,1989.4858,617.54834,1974.7322,0.9940958
624.1524,1989.4858,636.57776,1975.13,0.98126906
643.65717,1989.4858,656.2612,1974.6432,0.955013
663.1619,1989.4858,674.52356,1974.8276,0.9644977
682.6667,1989.4858,695.18884,1974.7067,0.99340445
702.17145,1989.4858,715.3047,1974.696,0.9750472
721.6762,1989.4858,733.6267,1974.226,0.85986674
741.18097,1989.4858,752.56683,1974.3025,0.8952999
760.6857,1989.4858,772.82184,1974.4718,0.71324617
780.1905,1989.4858,792.74567,1975.081,0.88062143
799.69525,1989.4858,812.2829,1975.0393,0.858722
819.2,1989.4858,830.6997,1974.8987,0.9176914
838.7048,1989.4858,850.84064,1974.5912,0.9644653
858.20953,1989.4858,869.05664,1974.8452,0.8492377
877.7143,1989.4858,890.077,1975.0029,0.58801305
897.21906,1989.4858,908.8298,1975.1993,0.9741966
916.7238,1989.4858,927.98315,1974.6635,0.9658474
936.22864,1989.4858,947.39655,1974.7728,0.56907696
955.7334,1989.4858,968.36804,1975.832,0.6071711
975.23816,1989.4858,988.1483,1975.5504,0.91220254
994.7429,1989.4858,1007.7124,1975.4896,0.77917385
1014.2477,1989.4858,1026.7732,1974.8032,0.9421582
1033.7524,1989.4858,1045.3887,1975.8591,0.6357148
1053.2572,1989.4858,1068.0013,1975.8989,0.6004428
1072.762,1989.4858,1085.6202,1975.1942,0.8960381
1092.2667,1989.4858,1103.8818,1974.9567,0.9516807
1111.7715,1989.4858,1125.4303,1974.9773,0.82064605
1131.2762,1989.4858,1145.654,1976.1165,0.8581995
1150.781,1989.4858,1165.9117,1975.5806,0.94258976
1170.2858,1989.4858,1183.737,1975.9779,0.92321086
1189.7905,1989.4858,1203.5433,1975.0546,0.83688504
1209.2953,1989.4858,1222.1138,1975.9983,0.53773606
1228.8,1989.4858,1242.3824,1975.2611,0.43923062
1248.3048,1989.4858,1260.2476,1975.8113,0.21254644
1267.8096,1989.4858,1281.1968,1975.3724,0.8785977
1287.3143,1989.4858,1300.1005,1975.0157,0.9649841
1306.8191,1989.4858,1320.8662,1975.6647,0.98488414
1326.3239,1989.4858,1338.6642,1976.3552,0.97736514
1345.8286,1989.4858,1357.5464,1975.4629,0.97774696
1365.3334,1989.4858,1377.0338,1975.3447,0.63573176
1384.8381,1989.4858,1398.9719,1974.7762,0.8430614
1404.3429,1989.4858,1418.1259,1974.5759,0.91085845
1423.8477,1989.4858,1437.3159,1975.9589,0.91413295
1443.3524,1989.4858,1457.0724,1975.6001,0.9626534
1462.8572,1989.4858,1476.329,1975.712,0.83391553
1482.3619,1989.4858,1495.0022,1976.7698,0.5482989
1521.3715,1989.4858,1534.2203,1976.7845,0.31635922
1774.9333,1989.4858,1788.0844,1977.3971,0.92244077
1794.4381,1989.4858,1807.6937,1977.0847,0.9609527
1813.9429,1989.4858,1826.6598,1978.1306,0.57545626
1833.4476,1989.4858,1846.59,1977.426,0.8843989
1852.9524,1989.4858,1866.1195,1978.4784,0.45242137
1872.4573,1989.4858,1885.8508,1977.5878,0.2334172
