source_x,source_y,matched_reference_x,matched_reference_y,true_reference_x,true_reference_y,ground_truth_error_px,ransac_self_residual_px
124.41561889648438,49.76625061035156,124.41561889648438,47.31130599975586,127.35146836085211,46.13309429260008,3.163446681122863,2.0501413225834253
149.2987518310547,49.76625061035156,149.2987518310547,47.36444854736328,152.19720988989067,46.21114974845302,3.11948028338041,1.9935104594212536
174.18186950683594,49.76625061035156,174.18186950683594,48.88425827026367,177.0429361830693,46.28920515644094,3.8626419960195624,0.5567705728849023
199.06500244140625,49.76625061035156,199.06500244140625,49.524879455566406,201.88867771210786,46.36726061229388,4.236000329764097,0.3988648568425674
223.9481201171875,49.76625061035156,223.9481201171875,49.2200927734375,226.73440400528648,46.44531602028181,3.932272108455009,0.3559757069605741
248.83123779296875,49.76625061035156,248.83123779296875,49.580421447753906,251.5801302984651,46.523371428269726,4.11119992561809,0.4369637255521608
124.41561889648438,74.64937591552734,124.41561889648438,73.78812408447266,127.27341292893168,70.97882820370866,4.007384443445496,0.5535304007255875
149.2987518310547,74.64937591552734,149.2987518310547,74.3531265258789,152.11915445797024,71.0568836595616,4.338189485448951,0.34495975656800565
174.18186950683594,74.64937591552734,174.18186950683594,74.44561004638672,176.96488075114885,71.13493906754952,4.325007967170344,0.3901125127479107
199.06500244140625,74.64937591552734,199.06500244140625,74.28827667236328,201.81062228018743,71.21299452340247,4.12259488609126,0.33153765014621106
223.9481201171875,74.64937591552734,223.9481201171875,75.36063385009766,226.65634857336605,71.29104993139039,4.88835500370585,1.186311668898086
248.83123779296875,74.64937591552734,248.83123779296875,74.77281951904297,251.50207486654466,71.36910533937832,4.326504465551574,0.6461608946226509
273.7143859863281,74.64937591552734,273.7143859863281,75.06857299804688,276.3478316314433,71.44716084309628,4.477684888622678,0.9180486654400409
298.5975036621094,74.64937591552734,298.5975036621094,75.36319732666016,301.19355792462187,71.5252162510842,4.633529590969335,1.2023928017831689
323.4806213378906,74.64937591552734,323.4806213378906,74.91455078125,326.0392842178005,71.60327165907212,4.184653529027209,0.7850070637015663
124.41561889648438,99.53250122070312,122.57120513916016,98.97793579101562,127.19535749701124,95.82456211481727,5.597012646971642,2.1565978933435415
199.06500244140625,99.53250122070312,200.67318725585938,96.88703155517578,201.732566848267,96.05872843451107,1.3447569224631808,2.591632185056494
99.53250122070312,124.41561889648438,99.53250122070312,123.90375518798828,102.27157579584471,120.59223300000795,4.297523557779886,0.324057041001323
124.41561889648438,124.41561889648438,124.41561889648438,123.59883880615234,127.11730208902333,120.67028840799587,3.984407045896529,0.5336736812645038
149.2987518310547,124.41561889648438,149.2987518310547,123.88970184326172,151.96304361806187,120.74834386384882,4.119050944226723,0.32803940727614417
174.18186950683594,124.41561889648438,174.18186950683594,124.74922943115234,176.8087699112405,120.82639927183673,4.721144161482142,0.7680020463607868
199.06500244140625,124.41561889648438,199.06500244140625,124.32228088378906,201.65451144027907,120.90445472768968,4.288017314396056,0.410223112942606
223.9481201171875,124.41561889648438,223.9481201171875,124.09925079345703,226.50023773345768,120.9825101356776,4.0283218162321575,0.30095595720632584
248.83123779296875,124.41561889648438,248.83123779296875,124.09883117675781,251.3459640266363,121.06056554366552,3.943970852773316,0.3027981654865569
273.7143859863281,124.41561889648438,273.7143859863281,124.83309173583984,276.1917207915349,121.1386210473835,4.448179560781254,0.8642177847560235
298.5975036621094,124.41561889648438,298.5975036621094,124.30877685546875,301.0374470847135,121.21667645537141,3.938833430064195,0.41585684381566873
323.4806213378906,124.41561889648438,323.4806213378906,123.90711212158203,325.88317337789215,121.29473186335933,3.549195249414603,0.3143222848863701
348.3637390136719,124.41561889648438,348.3637390136719,125.11282348632812,350.72889967107074,121.37278727134725,4.425139074049072,1.144851947819842
373.24688720703125,124.41561889648438,373.24688720703125,124.30181121826172,375.5746564359693,121.45084277506523,3.680561186462343,0.42231577037288354
398.1300048828125,124.41561889648438,398.1300048828125,124.41043090820312,400.4203827291479,121.52889818305314,3.680904987240802,0.5092218890364524
423.01312255859375,124.41561889648438,423.01312255859375,123.96440887451172,425.26610902232653,121.60695359104106,3.2609114399699446,0.30148310226175123
447.896240234375,124.41561889648438,447.896240234375,124.819091796875,450.1118353155051,121.68500899902898,3.8381423302533104,0.8825778024945534
472.7793884277344,124.41561889648438,472.7793884277344,124.41165924072266,474.9575920804037,121.76306450274696,3.4292309981298272,0.5226850311474475
497.6624755859375,124.41561889648438,497.6624755859375,124.06073760986328,499.80328790186235,121.84111981500483,3.0837932043617644,0.3132197209870412
522.5455932617188,124.41561889648438,522.5455932617188,124.27375793457031,524.6490141950409,121.91917522299275,3.157283542603939,0.425277553286148
99.53250122070312,149.2987518310547,99.53250122070312,149.06253051757812,102.19352033999176,145.43797452904653,4.496490728025573,0.2914206770904238
124.41561889648438,149.2987518310547,124.41561889648438,149.4398651123047,127.03924663317038,145.51602993703446,4.720159423514851,0.5586282209402897
149.2987518310547,149.2987518310547,149.2987518310547,149.17974853515625,151.88498816220894,145.5940853928874,4.421040435283032,0.3585352633001315
174.18186950683594,149.2987518310547,174.18186950683594,149.44189453125,176.73071445538756,145.67214080087533,4.550566311947435,0.5690868826189962
199.06500244140625,149.2987518310547,199.06500244140625,149.20123291015625,201.57645598442613,145.75019625672826,4.268143962198392,0.38023665961162056
223.9481201171875,149.2987518310547,223.9481201171875,149.14784240722656,226.42218227760475,145.8282516647162,4.140128774732619,0.34898433574239623
248.83123779296875,149.2987518310547,248.83123779296875,149.25575256347656,251.26790857078336,145.9063070727041,4.141998258704569,0.42767887310522584
273.7143859863281,149.2987518310547,273.7143859863281,149.23623657226562,276.11366533568196,145.9843625764221,4.041191146318023,0.41692511837349105
298.5975036621094,149.2987518310547,298.5975036621094,149.22360229492188,300.95939162886054,146.06241798441,3.946086797386808,0.41148189245768524
323.4806213378906,149.2987518310547,323.4806213378906,149.13894653320312,325.8051179220392,146.14047339239792,3.793959085948154,0.3573649134347004
348.3637390136719,149.2987518310547,348.3637390136719,149.34532165527344,350.6508442152178,146.21852880038583,3.873975188396865,0.5162204470522568
373.24688720703125,149.2987518310547,373.24688720703125,149.60739135742188,375.49660098011634,146.29658430410382,4.002830923872423,0.7543313966337022
398.1300048828125,149.2987518310547,398.1300048828125,149.37109375,400.3423272732949,146.37463971209172,3.724662019663893,0.5466041527862662
423.01312255859375,149.2987518310547,423.01312255859375,149.27891540527344,425.18805356647357,146.45269512007965,3.566208909959982,0.4742140210535336
447.896240234375,149.2987518310547,447.896240234375,149.4114227294922,450.03377985965216,146.53075052806756,3.587108582366951,0.5901948494323418
472.7793884277344,149.2987518310547,472.7793884277344,149.31822204589844,474.8795366245507,146.60880603178555,3.4280544899581655,0.5147024733739176
497.6624755859375,149.2987518310547,497.6624755859375,149.5981903076172,499.7252324460094,146.68686134404342,3.568024971593826,0.7681819534841713
522.5455932617188,149.2987518310547,522.5455932617188,149.5555877685547,524.570958739188,146.76491675203133,3.4481806854901995,0.7332750495325815
547.4287719726562,149.2987518310547,547.4287719726562,149.42799377441406,549.4167459758065,146.84297235147935,3.2610391586475522,0.6222490558019226
572.3118896484375,149.2987518310547,572.3118896484375,149.17002868652344,574.2624722689851,146.92102775946728,2.9770417748969917,0.41506518523510344
597.1950073242188,149.2987518310547,597.1950073242188,149.35733032226562,599.1081985621637,146.99908316745518,3.036713742867584,0.5691502500626311
99.53250122070312,174.18186950683594,99.53103637695312,174.56089782714844,102.11546493200385,170.28370082222514,4.997367824673941,0.744989692233914
124.41561889648438,174.18186950683594,124.41494750976562,174.68112182617188,126.96119122518246,170.36175623021308,5.0140079985827954,0.8631685423125716
149.2987518310547,174.18186950683594,149.29891967773438,174.25848388671875,151.806932754221,170.439811686066,4.568630754161033,0.48022771256575425
174.18186950683594,174.18186950683594,174.1811981201172,174.3292999267578,176.65265904739962,170.51786709405394,4.542591700042699,0.5461840543458601
199.06500244140625,174.18186950683594,199.06494140625,174.2360076904297,201.4984005764382,170.59592254990687,4.378577778597525,0.4699439909782284
223.9481201171875,174.18186950683594,223.9482879638672,174.40972900390625,226.34412686961682,170.6739779578948,4.438004049128298,0.6267534920231782
248.83123779296875,174.18186950683594,248.83131408691406,174.4292449951172,251.18985316279543,170.7520333658827,4.368591528014106,0.6490607877926441
273.7143859863281,174.18186950683594,273.7143859863281,174.14878845214844,276.03560992769405,170.83008886960067,4.049919444281959,0.41197224986316155
298.5975036621094,174.18186950683594,298.5974426269531,174.12551879882812,300.88133622087264,170.9081442775886,3.945588518620237,0.398239384764484
323.4806213378906,174.18186950683594,323.4806213378906,174.37828063964844,325.7270625140513,170.98619968557654,4.068502323574046,0.6160032796787481
348.3637390136719,174.18186950683594,348.3637390136719,174.2166748046875,350.57278880722987,171.06425509356444,3.8493702115405593,0.4791137077999849
373.24688720703125,174.18186950683594,373.24688720703125,174.29396057128906,375.41854557212844,171.1423105972824,3.8274008953012437,0.5496344322563069
398.1300048828125,174.18186950683594,398.1300048828125,174.4272918701172,400.264271865307,171.22036600527034,3.8522031430325696,0.6740239848563
423.01312255859375,174.18186950683594,423.01312255859375,174.4778289794922,425.10999815848567,171.29842141325827,3.808611263130904,0.7252275926314631
447.896240234375,174.18186950683594,447.896240234375,174.33721923828125,449.95572445166425,171.37647682124617,3.606587154262911,0.6010998003538053
472.7793884277344,174.18186950683594,472.7793884277344,174.55630493164062,474.8014812165628,171.45453232496413,3.7026818051461934,0.8077485787318457
497.6624755859375,174.18186950683594,497.6624755859375,174.48004150390625,499.6471770380215,171.532587637222,3.5533820720738936,0.7407388188921684
522.5455932617188,174.18186950683594,522.5455932617188,174.72976684570312,524.4929033312,171.61064304520994,3.677084414248052,0.9821412451715777
547.4287719726562,174.18186950683594,547.4287719726562,174.450927734375,549.3386905678185,171.68869864465796,3.3582284889842704,0.7226446162311689
572.3118896484375,174.18186950683594,572.3118896484375,174.18359375,574.1844168609971,171.76675405264587,3.057363616661095,0.4895206263809682
597.1950073242188,174.18186950683594,597.1950073242188,174.54588317871094,599.0301431541757,171.8448094606338,3.2655049754791006,0.8204638678004931
622.078125,174.18186950683594,622.078125,174.675537109375,623.8758694473543,171.92286486862173,3.2877179871465114,0.9482535890755434
646.9612426757812,174.18186950683594,646.9612426757812,174.2611846923828,648.721595740533,172.00092027660963,2.8648975796337317,0.5687239371619982
671.8443603515625,174.18186950683594,671.8443603515625,174.1407928466797,673.5673220337115,172.07897568459757,2.6869475186557423,0.4710913450871985
696.7274780273438,174.18186950683594,696.7274780273438,174.2543182373047,698.4130483268901,172.15703109258547,2.6906803232858,0.5714008591082629
99.53250122070312,199.06500244140625,99.82261657714844,199.0067596435547,102.0374094761509,195.12944235126372,4.465299202804924,0.24622990134516656
124.41561889648438,199.06500244140625,123.21961975097656,198.3717498779297,126.88313576932951,195.20749775925165,4.84085127712958,1.4869418263908702
447.896240234375,199.06500244140625,449.30596923828125,197.16773986816406,449.8776689958113,196.22221835028478,1.104921514648283,1.9241474558872753
472.7793884277344,199.06500244140625,474.9934387207031,196.94570922851562,474.72342576070986,196.30027385400274,0.6996383503188731,2.6316945686349626
497.6624755859375,199.06500244140625,499.9684143066406,196.73460388183594,499.5691215821685,196.3783291662606,0.5351320890907535,2.838763251446187
522.5455932617188,199.06500244140625,524.5166625976562,197.4131317138672,524.414847875347,196.45638457424852,0.9621493266886421,2.1404037779495027
74.64937591552734,223.9481201171875,74.64937591552734,224.1381072998047,77.11362015705438,219.8971132125219,4.904949595079111,0.5125824843762697
99.53250122070312,223.9481201171875,99.53250122070312,224.22869873046875,101.95935406816298,219.97516864444233,4.897155596461674,0.6001308648792263
124.41561889648438,223.9481201171875,124.41561889648438,224.05274963378906,126.8050803613416,220.05322405243027,4.658940970647839,0.44568772488917563
149.2987518310547,223.9481201171875,149.2987518310547,223.9306640625,151.65082189038014,220.1312795082832,4.468507195339003,0.3492641806365266
174.18186950683594,223.9481201171875,174.18186950683594,224.0149688720703,176.49654818355876,220.20933491627113,4.454277402902409,0.42187710776794923
199.06500244140625,223.9481201171875,199.06500244140625,223.98974609375,201.34228971259733,220.28739037212407,4.346662536358814,0.4049369363204125
223.9481201171875,223.9481201171875,223.9481201171875,223.9491729736328,226.18801600577595,220.365445780112,4.226137029166946,0.37598690713704486
248.83123779296875,223.9481201171875,248.83123779296875,224.20216369628906,251.03374229895456,220.4435011880999,4.3564400546036035,0.6023732212436297
273.7143859863281,223.9481201171875,273.7143859863281,224.16915893554688,275.8794990638532,220.5215566918179,4.241782263026565,0.5763861699203826
298.5975036621094,223.9481201171875,298.5975036621094,224.18609619140625,300.7252253570318,220.5996120998058,4.170140015676521,0.5964521129041811
323.4806213378906,223.9481201171875,323.4806213378906,224.06480407714844,325.5709516502104,220.67766750779373,3.9802229779326375,0.4910066530628336
348.3637390136719,223.9481201171875,348.3637390136719,224.14065551757812,350.416677943389,220.75572291578163,3.9588289894680835,0.5636334440678376
373.24688720703125,223.9481201171875,373.24688720703125,224.04412841796875,375.26243470828757,220.83377841949962,3.7906172112851655,0.48151559384981696
398.1300048828125,223.9481201171875,398.1300048828125,224.3440704345703,400.10816100146616,220.91183382748753,3.961483277355346,0.7629335132754961
423.01312255859375,223.9481201171875,423.01312255859375,224.27630615234375,424.9538872946448,220.98988923547546,3.8166875575788737,0.7031965169971234
447.896240234375,223.9481201171875,447.896240234375,224.1775665283203,449.7996135878234,221.06794464346336,3.6458988451956045,0.6153857304083443
472.7793884277344,223.9481201171875,472.7793884277344,224.00009155273438,474.64537035272195,221.14600014718135,3.4099452041978577,0.4605545807347664
497.6624755859375,223.9481201171875,497.6624755859375,223.87632751464844,499.4910661741806,221.22405545943923,3.2215354404778775,0.3636564979847222
522.5455932617188,223.9481201171875,522.5455932617188,223.9551544189453,524.3367924673591,221.30211086742713,3.2010989801221372,0.43096234593024796
547.4287719726562,223.9481201171875,547.4287719726562,224.08969116210938,549.1825797039777,221.38016646687515,3.2275944033485646,0.5528077040920392
572.3118896484375,223.9481201171875,572.3118896484375,223.9930419921875,574.0283059971563,221.45822187486309,3.061273935691099,0.4716971529391479
597.1950073242188,223.9481201171875,597.1950073242188,224.03546142578125,598.8740322903349,221.536277282851,3.0108215186415968,0.5131135427924363
622.078125,223.9481201171875,622.078125,224.0047149658203,623.7197585835135,221.61433269083892,2.8998083114344704,0.4904627354343492
646.9612426757812,223.9481201171875,646.9612426757812,224.1946258544922,648.5654848766922,221.69238809882683,2.972336929935886,0.667064749364252
671.8443603515625,223.9481201171875,671.8443603515625,224.14254760742188,673.4112111698707,221.77044350681476,2.842868155745233,0.6232605859674488
696.7274780273438,223.9481201171875,696.7274780273438,224.1783447265625,698.2569374630493,221.8484989148027,2.78701052600157,0.6608743112276069
721.610595703125,223.9481201171875,721.610595703125,224.2650909423828,723.1026637562279,221.9265543227906,2.7739900137282607,0.7467388417747242
746.4937744140625,223.9481201171875,746.4937744140625,224.1140594482422,747.9484509928465,222.00460992223861,2.562393656645931,0.6104572221223595
771.3768310546875,223.9481201171875,771.3768310546875,223.95602416992188,772.7941163425852,222.08266513876643,2.349078893290502,0.47427214109694804
796.260009765625,223.9481201171875,796.260009765625,224.0742645263672,797.6399035792036,222.16072073821445,2.359185614980413,0.5830742992480471
821.14306640625,223.9481201171875,821.14306640625,223.9940948486328,822.4855689289424,222.2387759547423,2.209854620259987,0.5159067679636168
846.0262451171875,223.9481201171875,846.0262451171875,224.02195739746094,847.3313561655609,222.3168315541903,2.147270125060145,0.5448986777350917
870.9093627929688,223.9481201171875,870.9093627929688,224.1021270751953,872.1770824587395,222.39488696217822,2.1264482016913866,0.6217786436787154
74.64937591552734,248.83123779296875,74.64937591552734,249.01980590820312,77.03556474906647,244.74283950570052,4.897584992365411,0.4846099327002638
99.53250122070312,248.83123779296875,99.53250122070312,248.92282104492188,101.88129866017506,244.82089493762095,4.726800947937924,0.4029905223645894
124.41561889648438,248.83123779296875,124.41561889648438,248.8302459716797,126.72702495335368,244.89895034560888,4.560447703822022,0.3306734650205596
149.2987518310547,248.83123779296875,149.2987518310547,248.86013793945312,151.57276648239224,244.97700580146181,4.4999842039277,0.3587505668574069
174.18186950683594,248.83123779296875,174.18186950683594,248.83387756347656,176.41849277557085,245.05506120944975,4.391120208296168,0.3416980017921733
199.06500244140625,248.83123779296875,199.06500244140625,248.85472106933594,201.26423430460943,245.13311666530268,4.322841672817532,0.36266243034562956
223.9481201171875,248.83123779296875,223.9481201171875,248.88160705566406,226.10996059778805,245.2111720732906,4.259770794701751,0.38923524656785646
248.83123779296875,248.83123779296875,248.83123779296875,248.9060516357422,250.95568689096666,245.28922748127852,4.194603787522248,0.41436788083325804
273.7143859863281,248.83123779296875,273.7143859863281,249.02357482910156,275.8014436558652,245.36728298499648,4.210021349737196,0.5235604327797115
298.5975036621094,248.83123779296875,298.5975036621094,248.8900604248047,300.6471699490438,245.4453383929844,4.008396408079374,0.4092256460601329
323.4806213378906,248.83123779296875,323.4806213378906,248.9037322998047,325.49289624222246,245.52339380097234,3.9339469565935676,0.42529811707319265
348.3637390136719,248.83123779296875,348.3637390136719,248.82366943359375,350.33862253540104,245.60144920896025,3.7792681964150923,0.36234501338492475
373.24688720703125,248.83123779296875,373.24688720703125,248.92068481445312,375.1843793002996,245.6795047126782,3.7761255359983816,0.4487562414254811
398.1300048828125,248.83123779296875,398.1300048828125,249.0765838623047,400.0301055934782,245.75756012066614,3.824434769770903,0.5948987894647265
423.01312255859375,248.83123779296875,423.01312255859375,248.7447052001953,424.87583188665684,245.83561552865407,3.4543434626454212,0.3136490983081931
447.896240234375,248.83123779296875,447.896240234375,248.84420776367188,449.7215581798354,245.91367093664198,3.4525109263546625,0.3959792585248924
472.7793884277344,248.83123779296875,472.7793884277344,248.77459716796875,474.567314944734,245.99172644035994,3.3077259131875443,0.3439491049156863
497.6624755859375,248.83123779296875,497.6624755859375,248.84722900390625,499.41301076619266,246.0697817526178,3.2830757912361146,0.40699178829932986
522.5455932617188,248.83123779296875,522.5455932617188,248.8367919921875,524.2587370593712,246.14783716060575,3.188312995570237,0.40246340516049267
547.4287719726562,248.83123779296875,547.4287719726562,248.8142547607422,549.1045242959898,246.22589276005377,3.083466182036949,0.3879677317418452
572.3118896484375,248.83123779296875,572.3118896484375,248.85215759277344,573.9502505891684,246.30394816804167,3.0294550408290206,0.42395776579558475
597.1950073242188,248.83123779296875,597.1950073242188,248.85348510742188,598.795976882347,246.3820035760296,2.944711273803653,0.42937180756772014
622.078125,248.83123779296875,622.078125,248.8271026611328,623.6417031755255,246.46005898401754,2.8368419907268745,0.4112791052558261
646.9612426757812,248.83123779296875,646.9612426757812,248.9411163330078,648.4874294687042,246.53811439200544,2.846693600539714,0.5151562877349136
671.8443603515625,248.83123779296875,671.8443603515625,248.87303161621094,673.3331557618828,246.61616979999337,2.703689521985049,0.4591755252312253
696.7274780273438,248.83123779296875,696.7274780273438,249.01583862304688,698.1788820550614,246.69422520798128,2.737966855293839,0.5922552212259733
721.610595703125,248.83123779296875,721.610595703125,249.227783203125,723.02460834824,246.7722806159692,2.8335357269803265,0.7967998995106498
746.4937744140625,248.83123779296875,746.4937744140625,249.0403594970703,747.8703955848586,246.85033621541723,2.5867523696841266,0.623952268907341
771.3768310546875,248.83123779296875,771.3768310546875,248.9827423095703,772.7160609345973,246.92839143194504,2.4523242443940627,0.5751659569762305
796.260009765625,248.83123779296875,796.260009765625,248.922607421875,797.5618481712157,247.00644703139307,2.3165607862352524,0.5249624675054015
821.14306640625,248.83123779296875,821.14306640625,248.92926025390625,822.4075135209545,247.08450224792088,2.23650589235342,0.535366161263612
846.0262451171875,248.83123779296875,846.0262451171875,248.9330291748047,847.253300757573,247.1625578473689,2.1541202997683624,0.5431897642009129
870.9093627929688,248.83123779296875,870.9093627929688,248.88436889648438,872.0990270507516,247.24061325535683,2.0290967581622708,0.5039873779542023
895.79248046875,248.83123779296875,895.79248046875,248.99266052246094,896.9447533439302,247.31866866334474,2.032235597381201,0.6065925536836
920.6756591796875,248.83123779296875,920.6756591796875,248.93408203125,921.7905405805487,247.39672426279276,1.8990601481317384,0.5574194052955171
945.5587768554688,248.83123779296875,945.5587768554688,249.0094757080078,946.6362668737273,247.4747796707807,1.8751737695817656,0.6310975316839397
970.44189453125,248.83123779296875,970.44189453125,249.08935546875,971.4819931669059,247.5528350787686,1.8554514493033472,0.7103500031334895
74.64937591552734,273.7143859863281,74.66400146484375,273.7046813964844,76.95750924534849,269.58859627059906,4.711935345775677,0.2793009592113674
99.53250122070312,273.7143859863281,99.5313949584961,273.6960144042969,101.80324315645709,269.6666517025195,4.625695409022641,0.28668148223202944
124.41561889648438,273.7143859863281,124.42948913574219,273.80584716796875,126.6489694496357,269.7447071105074,4.628061303621405,0.37340235670034283
149.2987518310547,273.7143859863281,149.28890991210938,273.72998046875,151.49471097867428,269.8227625663604,4.486859712762679,0.32652910542511776
174.18186950683594,273.7143859863281,174.1842803955078,273.681640625,176.3404372718529,269.9008179743483,4.352428332677199,0.28541317260530535
199.06500244140625,273.7143859863281,199.0711669921875,273.7139587402344,201.18617880089147,269.97887343020125,4.292334705516626,0.31231617276777024
223.9481201171875,273.7143859863281,223.95582580566406,273.71575927734375,226.03190509407008,270.05692883818915,4.206797522371701,0.3170097567516426
248.83123779296875,273.7143859863281,248.839111328125,273.6929626464844,250.8776313872487,270.13498424617705,4.1005821938479805,0.3027452472444558
273.7143859863281,273.7143859863281,273.7162170410156,273.6664733886719,275.72338815214727,270.2130397498951,3.9943634995824553,0.29020497365394715
298.5975036621094,273.7143859863281,298.5963439941406,273.7828674316406,300.56911444532585,270.291095157883,4.010523265716359,0.39099000340514384
323.4806213378906,273.7143859863281,323.4752197265625,273.7623291015625,325.4148407385045,270.3691505658709,3.9084255455419896,0.37987407200042184
348.3637390136719,273.7143859863281,348.3628234863281,273.7405700683594,350.2605670316831,270.4472059738588,3.801010079292356,0.36336099721651766
373.24688720703125,273.7143859863281,373.2474365234375,273.7926940917969,375.10632379658165,270.5252614775768,3.7591990879343284,0.4117153481174272
398.1300048828125,273.7143859863281,398.1297912597656,273.7804870605469,399.95205008976023,270.6033168855647,3.662654442380489,0.40574907901850293
423.01312255859375,273.7143859863281,423.01312255859375,273.7322692871094,424.7977763829389,270.6813722935526,3.5345384052296533,0.3686103168281406
447.896240234375,273.7143859863281,447.8959045410156,273.7154846191406,449.64350267611746,270.7594277015405,3.4340022920643016,0.35900563001843333
472.7793884277344,273.7143859863281,472.7791442871094,273.652587890625,474.48925944101603,270.83748320525854,3.293828809940402,0.31280973987845334
497.6624755859375,273.7143859863281,497.6623229980469,273.7217102050781,499.3349552624747,270.9155385175164,3.2668483638023442,0.3725424916461498
522.5455932617188,273.7143859863281,522.5455322265625,273.7922058105469,524.1806815556532,270.9935939255043,3.2412870609570326,0.43774311232699314
547.4287719726562,273.7143859863281,547.4287109375,273.7640380859375,549.0264687922718,271.0716495249523,3.1307804659236034,0.4173362658031554
572.3118896484375,273.7143859863281,572.3118896484375,273.7234802246094,573.8721950854504,271.14970493294027,3.009796057672062,0.3867070687923543
597.1950073242188,273.7143859863281,597.1950073242188,273.7731628417969,598.717921378629,271.22776034092817,2.9661997755627905,0.4339950650646886
622.078125,273.7143859863281,622.078125,273.7962341308594,623.5636476718075,271.3058157489161,2.8998209126729306,0.45882470650913326
646.9612426757812,273.7143859863281,646.9612426757812,273.73974609375,648.4093739649862,271.383871156904,2.7653627156005633,0.41350656713935935
671.8443603515625,273.7143859863281,671.8443603515625,273.67340087890625,673.2551002581648,271.46192656489194,2.623128995231721,0.3618633566090409
696.7274780273438,273.7143859863281,696.7274780273438,273.75445556640625,698.1008265513434,271.53998197287984,2.605758903812435,0.4349727370681645
721.610595703125,273.7143859863281,721.610595703125,273.8247375488281,722.946552844522,271.61803738086775,2.5795943702307103,0.5021417231989653
746.4937744140625,273.7143859863281,746.4937744140625,273.7951354980469,747.7923400811405,271.69609298031577,2.468248829222202,0.47983094099760093
771.3768310546875,273.7143859863281,771.3768310546875,273.7301940917969,772.6380054308793,271.7741481968436,2.3273754210110207,0.42682021160438927
796.260009765625,273.7143859863281,796.260009765625,273.7236328125,797.4837926674977,271.85220379629163,2.236043638577433,0.4254535589865678
821.14306640625,273.7143859863281,821.14306640625,273.7066345214844,822.3294580172364,271.9302590128195,2.1361261672484364,0.4151191557604287
846.0262451171875,273.7143859863281,846.0262451171875,273.80780029296875,847.175245253855,272.00831461226744,2.135029280621458,0.5089204158203421
870.9093627929688,273.7143859863281,870.9093627929688,273.7110900878906,872.0209715470336,272.0863700202554,1.9686008534718697,0.42754954761613767
895.79248046875,273.7143859863281,895.79248046875,273.7098693847656,896.8666978402122,272.1644254282433,1.8821105132011915,0.4308054358611559
920.6756591796875,273.7143859863281,920.6756591796875,273.6745910644531,921.7124850768307,272.2424810276913,1.7680348125477388,0.40496140971062294
945.5587768554688,273.7143859863281,945.5587768554688,273.6695556640625,946.5582113700093,272.32053643567923,1.678905068013884,0.4049665798611438
970.44189453125,273.7143859863281,970.44189453125,273.7565612792969,971.4039376631879,272.39859184366713,1.6642139212893938,0.48488831135878474
995.324951171875,273.7143859863281,995.324951171875,273.7413635253906,996.2496030129266,272.476647060195,1.566680811300482,0.4757601144482424
1020.2080688476562,273.7143859863281,1020.2080688476562,273.79193115234375,1021.0953293061052,272.55470246818294,1.5224867612026576,0.5255244111218721
1045.0911865234375,273.7143859863281,1045.0911865234375,273.8748779296875,1045.941055599284,272.63275787617084,1.5050380970023498,0.6062499316027625
1069.974365234375,273.7143859863281,1069.974365234375,273.74334716796875,1070.7868428359027,272.71081347561886,1.313866689897372,0.49066137545632027
49.76625061035156,298.5975036621094,49.94634246826172,298.5802001953125,52.03371992625197,294.35626713185724,4.711555494385735,0.18650091500319904
74.64937591552734,298.5975036621094,75.23768615722656,298.6142578125,76.87945383736057,294.4343225637777,4.490797234238458,0.4747285437159092
99.53250122070312,298.5975036621094,98.36392211914062,298.9861755371094,101.72518774846917,294.5123779956981,5.595799413170825,1.4682872415033057
124.41561889648438,298.5975036621094,126.80687713623047,298.2620849609375,126.57091404164778,294.59043340368606,3.679225970210574,2.2224776318410173
149.2987518310547,298.5975036621094,149.737060546875,297.0068054199219,151.41665557068634,294.66848885953897,2.8790213233966817,1.394860852608578
447.896240234375,298.5975036621094,449.5721130371094,295.9809265136719,449.56544726812956,295.60515399471916,0.3758316358107189,2.7767026753598567
472.7793884277344,298.5975036621094,473.46759033203125,295.7789611816406,474.4112040330281,295.6832094984371,0.9484593831816565,2.5886706137109226
522.5455932617188,298.5975036621094,524.5612182617188,296.0599670410156,524.1026261476653,295.83932021868293,0.508912317867736,2.899159280470921
547.4287719726562,298.5975036621094,548.7201538085938,295.80450439453125,548.9484133842839,295.91737581813095,0.25464169367889306,2.733186309882861
646.9612426757812,298.5975036621094,648.7015991210938,296.2571105957031,648.3313185569983,296.2295974500826,0.3713013187813374,2.5535751391381267
671.8443603515625,298.5975036621094,673.8416137695312,296.10589599609375,673.1770448501769,296.3076528580705,0.6945197476864915,2.827864421130396
696.7274780273438,298.5975036621094,697.8741455078125,296.61260986328125,698.0227711433555,296.38570826605843,0.2712451185972335,1.919233325724401
721.610595703125,298.5975036621094,722.3842163085938,297.27001953125,722.8684974365341,296.4637636740464,0.9405193874420082,1.159047768573842
746.4937744140625,298.5975036621094,748.6370849609375,296.4988098144531,747.7142846731526,296.5418192734944,0.9238020267908361,2.6327308620781484
821.14306640625,298.5975036621094,821.6597900390625,296.09442138671875,822.2514026092485,296.77598530599806,0.902515822169071,2.1847809410681442
846.0262451171875,298.5975036621094,846.82421875,296.0380554199219,847.0971898458671,296.8540409054461,0.8604333395243702,2.293027435589818
870.9093627929688,298.5975036621094,871.4306640625,296.39605712890625,871.9429161390457,296.932096313434,0.7414446690579962,1.8785796062483842
895.79248046875,298.5975036621094,896.70556640625,295.7192077636719,896.7886424322243,297.0101517214219,1.2936142887827706,2.621949871486047
920.6756591796875,298.5975036621094,921.8703002929688,296.1453552246094,921.6344296688428,297.0882073208699,0.9719079312097669,2.316468709690093
945.5587768554688,298.5975036621094,945.5513916015625,296.6171569824219,946.4801559620214,297.1662627288579,1.0789440940232553,1.6297719317003994
49.76625061035156,323.4806213378906,49.76625061035156,323.4752197265625,51.95566451826405,319.2019934250359,4.801457724922662,0.23321428471578215
74.64937591552734,323.4806213378906,74.64937591552734,323.47772216796875,76.80139842937265,319.2800488569563,4.717166747750544,0.23910800364805515
99.53250122070312,323.4806213378906,99.53250122070312,323.47857666015625,101.64713234048125,319.35810428887675,4.631409864740091,0.24378310128075062
124.41561889648438,323.4806213378906,124.41561889648438,323.4794921875,126.49285863365986,319.43615969686465,4.545708146760894,0.24853491935195854
149.2987518310547,323.4806213378906,149.2987518310547,323.46240234375,151.3386001626984,319.5142151527176,4.444003072854689,0.23939240140713017
174.18186950683594,323.4806213378906,174.18186950683594,323.4759216308594,176.18432645587703,319.5922705607055,4.36950563193025,0.25385567146158866
199.06500244140625,323.4806213378906,199.06500244140625,323.4981384277344,201.0300679849156,319.6703260165585,4.302746848867588,0.27583158273725816
223.9481201171875,323.4806213378906,223.9481201171875,323.4996337890625,225.87579427809422,319.7483814245464,4.217561140388507,0.28124735605150275
248.83123779296875,323.4806213378906,248.83123779296875,323.48834228515625,250.72152057127283,319.8264368325343,4.121009648847656,0.2761614558124476
273.7143859863281,323.4806213378906,273.7143859863281,323.49981689453125,275.56727733617146,319.90449233625225,4.044695913624207,0.2898095618648669
298.5975036621094,323.4806213378906,298.5975036621094,323.4868469238281,300.41300362935004,319.9825477442402,3.9466635112600392,0.2832836162403978
323.4806213378906,323.4806213378906,323.4806213378906,323.48126220703125,325.2587299225287,320.0606031522281,3.85520148733763,0.2828816240170411
348.3637390136719,323.4806213378906,348.3637390136719,323.4823913574219,350.1044562157073,320.138658560216,3.7697009691183823,0.28798972767099446
373.24688720703125,323.4806213378906,373.24688720703125,323.4935302734375,374.95021298060584,320.216714063934,3.6930804434494124,0.3014602662998328
398.1300048828125,323.4806213378906,398.1300048828125,323.4960632324219,399.7959392737844,320.29476947192194,3.6088251739366415,0.30783416772922256
423.01312255859375,323.4806213378906,423.01312255859375,323.4994201660156,424.64166556696307,320.37282487990984,3.525301464159838,0.31493681438292503
447.896240234375,323.4806213378906,447.896240234375,323.48577880859375,449.48739186014166,320.45088028789775,3.426714538315479,0.307666984279646
472.7793884277344,323.4806213378906,472.7793884277344,323.4930114746094,474.3331486250402,320.5289357916157,3.3466274673537058,0.31802960411970277
497.6624755859375,323.4806213378906,497.6624755859375,323.4893493652344,499.1788444464989,320.6069911038736,3.2568947892302083,0.3191874642246529
522.5455932617188,323.4806213378906,522.5455932617188,323.4737243652344,524.0245707396774,320.6850465118615,3.1565960384884915,0.310264798840652
547.4287719726562,323.4806213378906,547.4287719726562,323.46490478515625,548.870357976296,320.76310211130954,3.0623369988123734,0.3071289112012025
572.3118896484375,323.4806213378906,572.3118896484375,323.4963073730469,573.7160842694745,320.84115751929744,3.0035950591940703,0.3379960103075906
597.1950073242188,323.4806213378906,597.1950073242188,323.4959716796875,598.5618105626531,320.9192129272854,2.916819631152319,0.34201362560005455
622.078125,323.4806213378906,622.078125,323.4827575683594,623.4075368558317,320.9972683352733,2.818686327034764,0.3349527560896185
646.9612426757812,323.4806213378906,646.9612426757812,323.4807434082031,648.2532631490104,321.0753237432612,2.730450634553318,0.33751646722929335
671.8443603515625,323.4806213378906,671.8443603515625,323.5123596191406,673.098989442189,321.15337915124917,2.671868822180403,0.3693125912954422
696.7274780273438,323.4806213378906,696.7274780273438,323.49755859375,697.9447157353676,321.2314345592371,2.572350243966068,0.36068547933907846
721.610595703125,323.4806213378906,721.610595703125,323.47589111328125,722.7904420285462,321.309489967225,2.4668464235221044,0.34623410201204946
746.4937744140625,323.4806213378906,746.4937744140625,323.46337890625,747.6362292651647,321.387545566673,2.369448699699242,0.3398137219938603
771.3768310546875,323.4806213378906,771.3768310546875,323.49468994140625,772.4818946149035,321.46560078320084,2.3104909184119125,0.3712010751144765
796.260009765625,323.4806213378906,796.260009765625,323.4822998046875,797.3276818515219,321.54365638264886,2.213201753301565,0.3647189822139508
821.14306640625,323.4806213378906,821.14306640625,323.4980773925781,822.1733472012606,321.62171159917665,2.1406137220934807,0.3828870837795273
846.0262451171875,323.4806213378906,846.0262451171875,323.51446533203125,847.0191344378792,321.69976719862467,2.0685643617090883,0.4017998601458571
870.9093627929688,323.4806213378906,870.9093627929688,323.49755859375,871.8648607310578,321.77782260661263,1.9673505470931507,0.39115981806792777
895.79248046875,323.4806213378906,895.79248046875,323.4574890136719,896.7105870242364,321.85587801460053,1.8460978954468603,0.3605059941911998
920.6756591796875,323.4806213378906,920.6756591796875,323.46673583984375,921.5563742608549,321.93393361404856,1.7678070363018747,0.3728214046615845
945.5587768554688,323.4806213378906,945.5587768554688,323.4918212890625,946.4021005540335,322.01198902203646,1.703261107138994,0.39919444171891577
970.44189453125,323.4806213378906,970.44189453125,323.4801940917969,971.2478268472121,322.09004443002436,1.606873666483533,0.3932885102464432
995.324951171875,323.4806213378906,995.324951171875,323.4888916015625,996.0934921969508,322.1680996465522,1.5281186785209135,0.40534666758463545
1020.2080688476562,323.4806213378906,1020.2080688476562,323.5060729980469,1020.9392184901294,322.2461550545401,1.4566993595313127,0.42506640722300926
1045.0911865234375,323.4806213378906,1045.0911865234375,323.4884033203125,1045.784944783308,322.3242104625281,1.3552289597166993,0.4136729571587514
1069.974365234375,323.4806213378906,1069.974365234375,323.5045166015625,1070.6307320199267,322.4022660619761,1.2828770826520899,0.4324786559593913
1094.8575439453125,323.4806213378906,1094.8575439453125,323.49365234375,1095.476519256545,322.48032166142406,1.187421369042448,0.4271378378814801
1119.7406005859375,323.4806213378906,1119.7406005859375,323.479736328125,1120.3221846062838,322.5583768779519,1.0895610167152057,0.41911178899973156
1144.623779296875,323.4806213378906,1144.623779296875,323.5014953613281,1145.1679718429023,322.6364324773999,1.0219977105169138,0.4429894383891495
1169.5068359375,323.4806213378906,1169.5068359375,323.51678466796875,1170.013637192641,322.71448769392777,0.9489615096345125,0.4612383508764939
1194.3900146484375,323.4806213378906,1194.3900146484375,323.505859375,1194.8594244292594,322.7925432933758,0.8539118072933635,0.45576352863728686
1219.2730712890625,323.4806213378906,1219.2730712890625,323.51959228515625,1219.7050897789982,322.8705985099036,0.7796363870183461,0.4726597052124839
1244.15625,323.4806213378906,1244.15625,323.4936828613281,1244.5508770156166,322.9486541093516,0.6728943616464359,0.45360308553357054
49.76625061035156,348.3637390136719,49.76625061035156,348.3618469238281,51.877609110276126,344.04771971821447,4.803074875683245,0.20856475157122495
74.64937591552734,348.3637390136719,74.64937591552734,348.3671875,76.72334302138474,344.1257751501349,4.72132590251578,0.21667203467446583
99.53250122070312,348.3637390136719,99.53250122070312,348.36859130859375,101.56907693249333,344.20383058205533,4.6360406101727145,0.22181621645458416
124.41561889648438,348.3637390136719,124.41561889648438,348.3721923828125,126.41480322567195,344.28188599004324,4.552729331818252,0.22874407831058524
149.2987518310547,348.3637390136719,149.2987518310547,348.36212158203125,151.2605447547105,344.3599414458962,4.457137794300289,0.224865887858067
174.18186950683594,348.3637390136719,174.18186950683594,348.36932373046875,176.10627104788912,344.4379968538841,4.377059778180404,0.2346718931790076
199.06500244140625,348.3637390136719,199.06500244140625,348.3637390136719,200.9520125769277,344.51605230973706,4.285498830147713,0.2343178103829255
223.9481201171875,348.3637390136719,223.9481201171875,348.3553161621094,225.79773887010631,344.59410771772497,4.191393383262604,0.23172371772400074
248.83123779296875,348.3637390136719,248.83123779296875,348.3670959472656,250.64346516328493,344.6721631257129,4.115421800679789,0.24528355218127368
273.7143859863281,348.3637390136719,273.7143859863281,348.3668518066406,275.4892219281835,344.7502186294309,4.028657116086678,0.24924475934441226
298.5975036621094,348.3637390136719,298.5975036621094,348.36077880859375,300.3349482213621,344.8282740374188,3.936661473234734,0.24845831499064408
323.4806213378906,348.3637390136719,323.4806213378906,348.35986328125,325.1806745145407,344.9063294454067,3.8492956185194003,0.25187182755623805
348.3637390136719,348.3637390136719,348.3637390136719,348.3636169433594,350.0264008077193,344.98438485339466,3.766119190789419,0.2591281965478208
373.24688720703125,348.3637390136719,373.24688720703125,348.3599853515625,374.8721575726179,345.0624403571126,3.6763170091377524,0.26032582189943354
398.1300048828125,348.3637390136719,398.1300048828125,348.35833740234375,399.71788386579647,345.1404957651005,3.5882954821165933,0.26315924251370687
423.01312255859375,348.3637390136719,423.01312255859375,348.3554382324219,424.5636101589751,345.21855117308843,3.499153072094729,0.2649609054450404
447.896240234375,348.3637390136719,447.896240234375,348.3477783203125,449.4093364521537,345.2966065810764,3.4057464888874662,0.26284272677238524
472.7793884277344,348.3637390136719,472.7793884277344,348.35247802734375,474.25509321705226,345.37466208479435,3.3234157749094697,0.27091492825062463
497.6624755859375,348.3637390136719,497.6624755859375,348.3571472167969,499.1007890385109,345.4527173970522,3.241058186098452,0.2790316932275363
522.5455932617188,348.3637390136719,522.5455932617188,348.3614501953125,523.9465153316895,345.53077280504016,3.1583725451457116,0.2869023095116895
547.4287719726562,348.3637390136719,547.4287719726562,348.35504150390625,548.7923025683081,345.6088284044881,3.066089051657551,0.2857443658731236
572.3118896484375,348.3637390136719,572.3118896484375,348.3589782714844,573.6380288614866,345.6868838124761,2.983074590124998,0.29333296400172676
597.1950073242188,348.3637390136719,597.1950073242188,348.36346435546875,598.4837551546652,345.764939220464,2.9005523349410605,0.30143747952117184
622.078125,348.3637390136719,622.078125,348.35943603515625,623.3294814478438,345.8429946284519,2.810403941239856,0.3022773125428971
646.9612426757812,348.3637390136719,646.9612426757812,348.3624267578125,648.1752077410225,345.92105003643985,2.7265420362221633,0.30913636790912136
671.8443603515625,348.3637390136719,671.8443603515625,348.3631896972656,673.0209340342011,345.99910544442776,2.6406855142545385,0.31409926934004245
696.7274780273438,348.3637390136719,696.7274780273438,348.3532409667969,697.8666603273797,346.07716085241566,2.5452459605697806,0.30983904326272543
721.610595703125,348.3637390136719,721.610595703125,348.35760498046875,722.7123866205583,346.1552162604036,2.46261229185769,0.3178965003524375
746.4937744140625,348.3637390136719,746.4937744140625,348.360595703125,747.5581738571768,346.2332718598516,2.3787502829556666,0.32480321041724686
771.3768310546875,348.3637390136719,771.3768310546875,348.36688232421875,772.4038392069156,346.3113270763794,2.297836617704287,0.3346156048492164
796.260009765625,348.3637390136719,796.260009765625,348.3611145019531,797.249626443534,346.38938267582745,2.206143142081342,0.3339149437693554
821.14306640625,348.3637390136719,821.14306640625,348.3534240722656,822.0952917932727,346.4674378923553,2.1127415976648374,0.3315477482863198
846.0262451171875,348.3637390136719,846.0262451171875,348.3616943359375,846.9410790298913,346.5454934918033,2.0335945008940812,0.34310758436998595
870.9093627929688,348.3637390136719,870.9093627929688,348.3545837402344,871.7868053230699,346.6235488997912,1.940718169250323,0.3412258017998906
895.79248046875,348.3637390136719,895.79248046875,348.36138916015625,896.6325316162485,346.7016043077791,1.8602611877352175,0.3515464087165555
920.6756591796875,348.3637390136719,920.6756591796875,348.36883544921875,921.478318852867,346.77965990722714,1.780376773105331,0.3624939069458719
945.5587768554688,348.3637390136719,945.5587768554688,348.36590576171875,946.3240451460456,346.85771531521505,1.691234454322476,0.36427129408009096
970.44189453125,348.3637390136719,970.44189453125,348.3676452636719,971.1697714392242,346.935770723203,1.6062594724405466,0.37019452768666994
995.324951171875,348.3637390136719,995.324951171875,348.3624267578125,996.0154367889629,347.0138259397308,1.5150889590832375,0.36993782854380425
1020.2080688476562,348.3637390136719,1020.2080688476562,348.3590393066406,1020.8611630821415,347.09188134771875,1.4255600204750831,0.3713087078253828
1045.0911865234375,348.3637390136719,1045.0911865234375,348.3583679199219,1045.70688937532,347.16993675570666,1.338453822100071,0.37509120236764865
1069.974365234375,348.3637390136719,1069.974365234375,348.36236572265625,1070.5526766119388,347.2479923551547,1.255496735008289,0.38303614533131675
1094.8575439453125,348.3637390136719,1094.8575439453125,348.36492919921875,1095.3984638485572,347.3260479546027,1.1712679378098048,0.38972056650597875
1119.7406005859375,348.3637390136719,1119.7406005859375,348.3702392578125,1120.244129198296,347.40410317113054,1.0894769393854666,0.3988858205861801
1144.623779296875,348.3637390136719,1144.623779296875,348.37060546875,1145.0899164349144,347.4821587705785,1.0033052212319786,0.4036246542132335
1169.5068359375,348.3637390136719,1169.5068359375,348.3651123046875,1169.935581784653,347.56021398710635,0.9119672708469252,0.4030924015869472
1194.3900146484375,348.3637390136719,1194.3900146484375,348.36358642578125,1194.7813690212715,347.6382695865544,0.8241618544936335,0.40612868631635024
1219.2730712890625,348.3637390136719,1219.2730712890625,348.3601989746094,1219.6270343710103,347.7163248030822,0.7347542528912286,0.40749103116323143
1244.15625,348.3637390136719,1244.15625,348.3602600097656,1244.4728216076287,347.79438040253024,0.6484113760888979,0.4119555391162129
1269.0394287109375,348.3637390136719,1269.0394287109375,348.3699645996094,1269.3186088442474,347.87243600197826,0.5705052605328892,0.42513721611240496
1293.9224853515625,348.3637390136719,1293.9224853515625,348.3615417480469,1294.164274193986,347.95049121850604,0.4768903250815041,0.4219411401850192
1318.8056640625,348.3637390136719,1318.8056640625,348.3612060546875,1319.0100614306045,348.02854681795407,0.3904362327860117,0.42605758028251994
1343.688720703125,348.3637390136719,1343.688720703125,348.3687744140625,1343.8557267803433,348.1066020344819,0.3108462424459812,0.43734251273895475
49.76625061035156,373.24688720703125,49.803314208984375,373.1572265625,51.79955360655816,368.89347648311303,4.70792273427444,0.09544411333152472
74.64937591552734,373.24688720703125,74.57569885253906,373.04022216796875,76.64528751766676,368.97153191503344,4.564804225501446,0.20375271994448466
99.53250122070312,373.24688720703125,99.4578628540039,373.1145324707031,101.49102142877535,369.0495873469539,4.545053646466593,0.19603674657904918
124.41561889648438,373.24688720703125,124.51969146728516,373.29962158203125,126.33674772195397,369.1276427549418,4.550505550629918,0.2054970696339599
149.2987518310547,373.24688720703125,149.3251953125,373.27178955078125,151.18248925099255,369.20569821079476,4.470194577316993,0.20529219550501332
174.18186950683594,373.24688720703125,174.18798828125,373.20281982421875,176.02821554417116,369.28375361878267,4.32960925509329,0.1656562298994251
199.06500244140625,373.24688720703125,199.02484130859375,373.21881103515625,200.87395707320974,369.36180907463563,4.277346517925719,0.21435502022991487
223.9481201171875,373.24688720703125,223.8589630126953,373.3549499511719,225.71968336638835,369.43986448262353,4.334763483823072,0.35106524994601307
248.83123779296875,373.24688720703125,248.8085479736328,373.1056213378906,250.56540965956697,369.5179198906115,3.994767159461508,0.15256891053776434
273.7143859863281,373.24688720703125,273.73211669921875,373.17791748046875,275.41116642446553,369.59597539432946,3.955947053273996,0.15502186206219168
298.5975036621094,373.24688720703125,298.57891845703125,373.2789306640625,300.2568927176441,369.67403080231736,3.976292322313518,0.26048233825354417
323.4806213378906,373.24688720703125,323.4693603515625,373.27978515625,325.10261901082276,369.75208621030527,3.8874405077464824,0.26139417184089875
348.3637390136719,373.24688720703125,348.3719482421875,373.2710876464844,349.94834530400135,369.8301416182932,3.7848563071033205,0.2482212641452777
373.24688720703125,373.24688720703125,373.2528381347656,373.23956298828125,374.7941020688999,369.9081971220112,3.670625702739575,0.22675162752967096
398.1300048828125,373.24688720703125,398.1041564941406,373.2973327636719,399.6398283620785,369.9862525299991,3.6498685455498836,0.29679008853514166
423.01312255859375,373.24688720703125,423.0060119628906,373.2274475097656,424.48555465525715,370.064307937987,3.4920622172417066,0.23270924928329723
447.896240234375,373.24688720703125,447.90142822265625,373.1976623535156,449.33128094843573,370.14236334597496,3.373326376575206,0.20570908285401257
472.7793884277344,373.24688720703125,472.7720947265625,373.25384521484375,474.1770377133343,370.2204188496929,3.342983743435114,0.26288578272752855
497.6624755859375,373.24688720703125,497.65460205078125,373.2785949707031,499.02273353479296,370.29847416195076,3.2791620564258355,0.2886540616290872
522.5455932617188,373.24688720703125,522.5408325195312,373.2724914550781,523.8684598279715,370.37652956993867,3.185779262644661,0.2861359655067651
547.4287719726562,373.24688720703125,547.437744140625,373.2045593261719,548.71424706459,370.4545851693867,3.0318010452332933,0.22548626325531637
572.3118896484375,373.24688720703125,572.3164672851562,373.20904541015625,573.5599733577686,370.53264057737465,2.9511777617691144,0.23586231255309395
597.1950073242188,373.24688720703125,597.193359375,373.2435302734375,598.4056996509472,370.61069598536255,2.898548832286058,0.2724874110218532
622.078125,373.24688720703125,622.0792846679688,373.24169921875,623.2514259441258,370.68875139335046,2.809173859070194,0.2737758201102462
646.9612426757812,373.24688720703125,646.9591674804688,373.2503662109375,648.0971522373045,370.7668068013384,2.7318632190866836,0.2872092560161734
671.8443603515625,373.24688720703125,671.8444213867188,373.2493896484375,672.9428785304831,370.8448622093263,2.6435506997456013,0.2896343853407828
696.7274780273438,373.24688720703125,696.728759765625,373.2456359863281,697.7886048236617,370.9229176173142,2.5530946258999765,0.2900989012895298
721.610595703125,373.24688720703125,721.6110229492188,373.24493408203125,722.6343311168403,371.00097302530213,2.4662767140038757,0.29424031050866356
746.4937744140625,373.24688720703125,746.493896484375,373.2473449707031,747.4801183534588,371.07902862475015,2.3820640946846945,0.30084333931033835
771.3768310546875,373.24688720703125,771.3764038085938,373.2469177246094,772.3257837031975,371.157083841278,2.2953709600406267,0.30508226956627843
796.260009765625,373.24688720703125,796.260009765625,373.2467346191406,797.171570939816,371.235139440726,2.208496985760528,0.3090740736563921
821.14306640625,373.24688720703125,821.1430053710938,373.2463073730469,822.0172362895547,371.31319465725386,2.1216042210444797,0.3130877767684988
846.0262451171875,373.24688720703125,846.0262451171875,373.2466735839844,846.8630235261733,371.3912502567018,2.0353854252128767,0.3177497845048564
870.9093627929688,373.24688720703125,870.9093627929688,373.24658203125,871.7087498193519,371.4693056646898,1.9487767704596386,0.3220411343647045
895.79248046875,373.24688720703125,895.79248046875,373.2463073730469,896.5544761125304,371.5473610726777,1.8620031935199548,0.32617443210458724
920.6756591796875,373.24688720703125,920.6756591796875,373.2462158203125,921.400263349149,371.6254166721257,1.775398851290604,0.33047449043874483
945.5587768554688,373.24688720703125,945.5587768554688,373.2468566894531,946.2459896423276,371.7034720801136,1.6894666219752157,0.3354318784494742
970.44189453125,373.24688720703125,970.44189453125,373.2467346191406,971.0917159355062,371.7815274881016,1.602841163146596,0.3397141383347426
995.324951171875,373.24688720703125,995.324951171875,373.2464904785156,995.9373812852449,371.85958270462936,1.5161081152175189,0.3438909578832151
1020.2080688476562,373.24688720703125,1020.2080688476562,373.2462158203125,1020.7831075784235,371.9376381126173,1.4293513070477664,0.3480437644519156
1045.0911865234375,373.24688720703125,1045.0911865234375,373.24658203125,1045.6288338716022,372.0156935206052,1.343186955202375,0.35277499537195744
1069.974365234375,373.24688720703125,1069.974365234375,373.2469177246094,1070.4746211082208,372.09374912005325,1.2570018973140806,0.3574836513328663
1094.8575439453125,373.24688720703125,1094.8575439453125,373.2462463378906,1095.3204083448393,372.17180471950127,1.1699009546437802,0.36128978342969587
1119.7406005859375,373.24688720703125,1119.7406005859375,373.24609375,1120.166073694578,372.24985993602905,1.083286286387547,0.36556554170156
1144.623779296875,373.24688720703125,1144.623779296875,373.246337890625,1145.0118609311965,372.3279155354771,0.9970491348640097,0.3702025587480654
1169.5068359375,373.24688720703125,1169.5068359375,373.24658203125,1169.8575262809352,372.4059707520049,0.9108298632416174,0.3748434435839815
1194.3900146484375,373.24688720703125,1194.3900146484375,373.2464599609375,1194.7033135175536,372.48402635145294,0.8242943589890067,0.37915640528512823
1219.2730712890625,373.24688720703125,1219.2730712890625,373.2466125488281,1219.5489788672924,372.5620815679808,0.7380431257484154,0.3837211445229815
1244.15625,373.24688720703125,1244.15625,373.2466735839844,1244.3947661039108,372.64013716742875,0.6517486911631873,0.38820603723781055
1269.0394287109375,373.24688720703125,1269.0394287109375,373.2468566894531,1269.2405533405295,372.71819276687677,0.5656294367006748,0.39280486482773447
1293.9224853515625,373.24688720703125,1293.9224853515625,373.2461242675781,1294.0862186902682,372.7962479834046,0.47874552453833114,0.39657345932910204
1318.8056640625,373.24688720703125,1318.8056640625,373.2464904785156,1318.9320059268866,372.87430358285263,0.393046246642739,0.40134423295844296
1343.688720703125,373.24688720703125,1343.688720703125,373.2463073730469,1343.7776712766254,372.9523587993805,0.30711230598358413,0.40561720445863453
1368.57177734375,373.24688720703125,1368.57177734375,373.24639892578125,1368.623336626364,373.03041401590826,0.22205368926573474,0.4101430888639691
1393.4549560546875,373.24688720703125,1393.4549560546875,373.2462463378906,1393.4691238629825,373.1084696153563,0.13850325651113662,0.4144483742847656
1418.338134765625,373.24688720703125,1418.338134765625,373.2461853027344,1418.314911099601,373.1865252148043,0.06402081501682867,0.41883945931869254
49.76625061035156,398.1300048828125,50.26701736450195,398.1325988769531,51.72149819857024,393.7392027762916,4.6278984208795775,0.4160746712227671
74.64937591552734,398.1300048828125,74.78038787841797,398.1300964355469,76.56723210967884,393.8172582082121,4.668338664016417,0.12470273019617735
99.53250122070312,398.1300048828125,100.7659912109375,397.6885681152344,101.41296602078744,393.8953136401325,3.8480327334185804,1.172666613395838
124.41561889648438,398.1300048828125,124.3627700805664,396.6374206542969,126.25869231396605,393.97336904812045,3.26981529684328,1.3713144287345929
149.2987518310547,398.1300048828125,148.03314208984375,396.0807189941406,151.1044338430046,394.05142450397335,3.6811505213529627,2.3550128663703878
547.4287719726562,398.1300048828125,548.6934814453125,395.3910827636719,548.6361916566021,395.30031146256533,0.10733847863209499,2.7792134815476475
696.7274780273438,398.1300048828125,697.837158203125,396.6878967285156,697.7105494156738,395.76864391049287,0.9279307778615,1.5588117238426082
721.610595703125,398.1300048828125,722.87646484375,395.6670837402344,722.5562757088524,395.8466993184808,0.36712782250231457,2.5000642161720297
746.4937744140625,398.1300048828125,747.122314453125,395.1766052246094,747.4020629454709,395.9247549179288,0.7987409984367565,2.757372371045726
796.260009765625,398.1300048828125,797.0079345703125,396.3900146484375,797.0935155318281,396.0808657339046,0.32077585995644886,1.612477595229431
821.14306640625,398.1300048828125,822.3493041992188,395.489013671875,821.9391808815668,396.15892095043245,0.7854787696342117,2.6170662485474288
846.0262451171875,398.1300048828125,847.43798828125,396.7132263183594,846.7849681181854,396.23697654988047,0.8082383159348369,1.7257574753681253
870.9093627929688,398.1300048828125,872.2495727539062,395.8770446777344,871.630694411364,396.31503195786837,0.7581841863472772,2.3268863073729853
895.79248046875,398.1300048828125,896.9247436523438,395.6970520019531,896.4764207045425,396.39308736585633,0.827924328262578,2.383783690650417
920.6756591796875,398.1300048828125,921.6502075195312,395.8443298339844,921.3222079411611,396.4711429653043,0.7074449978663301,2.1810150612516237
945.5587768554688,398.1300048828125,945.814208984375,396.6716003417969,946.1679342343397,396.54919837329226,0.37430441402202674,1.1869525885074694
970.44189453125,398.1300048828125,971.2346801757812,395.7332763671875,971.0136605275183,396.62725378128016,0.9208937516489608,2.2143738072001478
995.324951171875,398.1300048828125,996.1340942382812,396.2777404785156,995.859325877257,396.705308997808,0.5082445188192727,1.7040249129406027
1020.2080688476562,398.1300048828125,1021.3935546875,396.891357421875,1020.7050521704356,396.7833644057959,0.6969205173661505,1.4128055595777007
1045.0911865234375,398.1300048828125,1045.72021484375,396.26104736328125,1045.5507784636143,396.8614198137838,0.6238235056776456,1.6481941179573685
1069.974365234375,398.1300048828125,1071.8634033203125,396.60443115234375,1070.396565700233,396.93947541323183,1.504615319752762,2.1361741077593854
1094.8575439453125,398.1300048828125,1096.20849609375,396.5514221191406,1095.2423529368514,397.01753101267985,1.0727022421242551,1.7575909360892543
1119.7406005859375,398.1300048828125,1120.529296875,397.21661376953125,1120.08801828659,397.0955862292077,0.45757453830582767,0.8857986497728114
1144.623779296875,398.1300048828125,1145.30126953125,397.1029357910156,1144.9338055232085,397.1736418286557,0.3742046779032172,0.8922081032427857
1169.5068359375,398.1300048828125,1170.11962890625,396.9777526855469,1169.7794708729473,397.2516970451835,0.4367527902567923,0.957612918208726
1194.3900146484375,398.1300048828125,1194.8814697265625,397.1560974121094,1194.6252581095657,397.3297526446315,0.3095166109701169,0.7385405802559822
1219.2730712890625,398.1300048828125,1219.6920166015625,397.0558776855469,1219.4709234593045,397.40780786115937,0.4156164410368963,0.7961176144563418
1244.15625,398.1300048828125,1244.883544921875,396.464599609375,1244.316710695923,397.4858634606074,1.168024354859409,1.4554817317459814
1492.987548828125,398.1300048828125,1492.218994140625,396.40911865234375,1492.774095514589,398.2664179234068,1.938478299509146,1.631654753148059
1517.87060546875,398.1300048828125,1517.915283203125,397.30096435546875,1517.6197608643276,398.3444731399346,1.084547848638177,0.4624215534984746
49.76625061035156,423.01312255859375,49.76625061035156,423.01312255859375,51.64344279058232,418.58492906947026,4.809651552725534,0.12809609401815394
74.64937591552734,423.01312255859375,74.64937591552734,423.01312255859375,76.48917670169092,418.66298450139067,4.723194686808361,0.1320437236941477
99.53250122070312,423.01312255859375,99.53250122070312,423.01312255859375,101.33491061279952,418.74103993331113,4.636741266661204,0.13602913245709727
124.41561889648438,423.01312255859375,124.41561889648438,423.01312255859375,126.18063690597813,418.81909534129903,4.5502915151939645,0.14004909384256942
149.2987518310547,423.01312255859375,149.2987518310547,423.01312255859375,151.02637843501668,418.897150797152,4.463845564499651,0.14410071975603705
174.18186950683594,423.01312255859375,174.18186950683594,423.01312255859375,175.8721047281953,418.9752062051399,4.3774037489148485,0.14818140810950692
199.06500244140625,423.01312255859375,199.06500244140625,423.01312255859375,200.71784625723387,419.05326166099286,4.290966209126815,0.15228882747671837
223.9481201171875,423.01312255859375,223.9481201171875,423.01312255859375,225.5635725504125,419.13131706898076,4.204533318122482,0.15642086726314863
248.83123779296875,423.01312255859375,248.83123779296875,423.01312255859375,250.4092988435911,419.20937247696867,4.1181053122709415,0.1605756291495605
273.7143859863281,423.01312255859375,273.7143859863281,423.01312255859375,275.2550556084897,419.28742798068663,4.031682399755478,0.16475139923541532
298.5975036621094,423.01312255859375,298.5975036621094,423.01312255859375,300.1007819016683,419.3654833886746,3.9452651342412914,0.16894660991827387
323.4806213378906,423.01312255859375,323.4806213378906,423.01312255859375,324.94650819484696,419.4435387966625,3.858853781998044,0.17315985295681946
348.3637390136719,423.01312255859375,348.3637390136719,423.01312255859375,349.79223448802554,419.5215942046504,3.772448749372121,0.17738984347892367
373.24688720703125,423.01312255859375,373.24688720703125,423.01312255859375,374.6379912529241,419.59964970836836,3.6860503748219893,0.18163541664017105
398.1300048828125,423.01312255859375,398.1300048828125,423.01312255859375,399.4837175461027,419.6777051163563,3.599659357318954,0.18589549473544917
423.01312255859375,423.01312255859375,423.01312255859375,423.01312255859375,424.32944383928134,419.7557605243442,3.5132761258063985,0.19016910781752902
447.896240234375,423.01312255859375,447.896240234375,423.01312255859375,449.1751701324599,419.83381593233213,3.426901269077731,0.19445536349916473
472.7793884277344,423.01312255859375,472.7793884277344,423.01312255859375,474.0209268973585,419.9118714360501,3.3405353308466736,0.19875344912107812
497.6624755859375,423.01312255859375,497.6624755859375,423.01312255859375,498.86662271881715,419.989926748308,3.2541793473857035,0.20306259799738152
522.5455932617188,423.01312255859375,522.5455932617188,423.01312255859375,523.7123490119957,420.0679821562959,3.1678337977317317,0.20738213566224656
547.4287719726562,423.01312255859375,547.4287719726562,423.01312255859375,548.5581362486142,420.1460377557439,3.081499462038336,0.211711431906232
572.3118896484375,423.01312255859375,572.3118896484375,423.01312255859375,573.4038625417928,420.2240931637318,2.995177751858256,0.21604987949177162
597.1950073242188,423.01312255859375,597.1950073242188,423.01312255859375,598.2495888349714,420.3021485717198,2.9088695605559014,0.22039694797649645
622.078125,423.01312255859375,622.078125,423.01312255859375,623.09531512815,420.3802039797077,2.8225761282646036,0.22475213713461262
646.9612426757812,423.01312255859375,646.9612426757812,423.01312255859375,647.9410414213287,420.4582593876956,2.7362988513296815,0.2291149838751732
671.8443603515625,423.01312255859375,671.8443603515625,423.01312255859375,672.7867677145073,420.53631479568355,2.650039307660313,0.23348505893518326
696.7274780273438,423.01312255859375,696.7274780273438,423.01312255859375,697.6324940076859,420.61437020367146,2.5637992871751583,0.23786196391202663
721.610595703125,423.01312255859375,721.610595703125,423.01312255859375,722.4782203008645,420.69242561165936,2.477580828573135,0.24224532859589076
746.4937744140625,423.01312255859375,746.4937744140625,423.01312255859375,747.324007537483,420.7704812111074,2.391386052623046,0.24663481934182707
771.3768310546875,423.01312255859375,771.3768310546875,423.01312255859375,772.1696728872217,420.8485364276352,2.305218273776747,0.25103008303447455
796.260009765625,423.01312255859375,796.260009765625,423.01312255859375,797.0154601238402,420.92659202708325,2.219079742292498,0.25543086367445844
821.14306640625,423.01312255859375,821.14306640625,423.01312255859375,821.8611254735789,421.00464724361103,2.1329748978992207,0.259836838864812
846.0262451171875,423.01312255859375,846.0262451171875,423.01312255859375,846.7069127101975,421.08270284305905,2.0469070937145704,0.26424779091670314
870.9093627929688,423.01312255859375,870.9093627929688,423.01312255859375,871.552639003376,421.160758251047,1.960881896175562,0.26866344332311587
895.79248046875,423.01312255859375,895.79248046875,423.01312255859375,896.3983652965546,421.2388136590349,1.8749049297544451,0.2730835783646365
920.6756591796875,423.01312255859375,920.6756591796875,423.01312255859375,921.2441525331732,421.31686925848294,1.7889829376196438,0.27750799270112697
945.5587768554688,423.01312255859375,945.5587768554688,423.01312255859375,946.0898788263518,421.39492466647084,1.7031246934816142,0.2819364636748784
970.44189453125,423.01312255859375,970.44189453125,423.01312255859375,970.9356051195304,421.47298007445875,1.6173401053636398,0.2863688134316561
995.324951171875,423.01312255859375,995.324951171875,423.01312255859375,995.7812704692691,421.5510352909866,1.5316417594441611,0.29080485372872533
1020.2080688476562,423.01312255859375,1020.2080688476562,423.01312255859375,1020.6269967624477,421.6290906989745,1.4460445312066386,0.2952444394867728
1045.0911865234375,423.01312255859375,1045.0911865234375,423.01312255859375,1045.4727230556264,421.70714610696245,1.3605677556116715,0.299687402744692
1069.974365234375,423.01312255859375,1069.974365234375,423.01312255859375,1070.318510292245,421.7852017064105,1.275235444960212,0.30413360639068665
1094.8575439453125,423.01312255859375,1094.8575439453125,423.01312255859375,1095.1642975288635,421.8632573058585,1.1900789303526345,0.30858289993483107
1119.7406005859375,423.01312255859375,1119.7406005859375,423.01312255859375,1120.0099628786022,421.9413125223863,1.1051392665291733,0.313035129774632
1144.623779296875,423.01312255859375,1144.623779296875,423.01312255859375,1144.8557501152206,422.0193681218343,1.0204696669392141,0.3174902151450701
1169.5068359375,423.01312255859375,1169.5068359375,423.01312255859375,1169.7014154649594,422.09742333836215,0.9361443555558513,0.32194799469951063
1194.3900146484375,423.01312255859375,1194.3900146484375,423.01312255859375,1194.5472027015778,422.17547893781017,0.8522645830312735,0.32640840089493994
1219.2730712890625,423.01312255859375,1219.2730712890625,423.01312255859375,1219.3928680513166,422.25353415433796,0.7689771180772664,0.33087128462620186
1244.15625,423.01312255859375,1244.15625,423.01312255859375,1244.238655287935,422.331589753786,0.6864966099761882,0.33533658988822257
1269.0394287109375,423.01312255859375,1269.0394287109375,423.01312255859375,1269.0844425245537,422.409645353234,0.6051536836251483,0.3398042001936402
1293.9224853515625,423.01312255859375,1293.9224853515625,423.01312255859375,1293.9301078742924,422.48770056976184,0.5254772775304808,0.34427400387219154
1318.8056640625,423.01312255859375,1318.8056640625,423.01312255859375,1318.7758951109108,422.56575616920986,0.4483557480718796,0.34874595960014043
1343.688720703125,423.01312255859375,1343.688720703125,423.01312255859375,1343.6215604606496,422.6438113857377,0.3753681400514252,0.35321994259627726
1368.57177734375,423.01312255859375,1368.57177734375,423.01312255859375,1368.4672258103883,422.7218666022655,0.30945283198731655,0.3576958979006812
1393.4549560546875,423.01312255859375,1393.4549560546875,423.01312255859375,1393.3130130470067,422.7999222017135,0.25612928298677984,0.3621737743602975
1418.338134765625,423.01312255859375,1418.338134765625,423.01312255859375,1418.1588002836252,422.87797780116153,0.22455503088454729,0.3666534804381999
1443.22119140625,423.01312255859375,1443.22119140625,423.01312255859375,1443.004465633364,422.9560330176894,0.22411888879286,0.37113492789322616
1468.1043701171875,423.01312255859375,1468.1043701171875,423.01312255859375,1467.8502528699826,423.0340886171374,0.2549806873821384,0.37561809757955816
1492.987548828125,423.01312255859375,1492.9859619140625,423.01312255859375,1492.696040106601,423.11214421658536,0.3063657017245062,0.3806826896595331
1517.87060546875,423.01312255859375,1517.8909912109375,423.01312255859375,1517.5417054563397,423.1901994331132,0.39160791342170964,0.37769498586595085
1542.753662109375,423.01312255859375,1542.8116455078125,423.01312255859375,1542.3873708060785,423.26825464964105,0.49507717217991426,0.37216628566121757
1567.6368408203125,423.01312255859375,1567.7413330078125,423.01312255859375,1567.233158042697,423.3463102490891,0.6076642430387307,0.3692771317669831
1592.52001953125,423.01312255859375,1592.328369140625,423.01312255859375,1592.0789452793153,423.4243658485371,0.480971211315231,0.4995377833534246
99.53250122070312,447.896240234375,99.53250122070312,447.896240234375,101.2568552048116,443.5867662264897,4.64165518830833,0.10870790832049253
124.41561889648438,447.896240234375,124.41561889648438,447.896240234375,126.10258149799022,443.6648216344777,4.555298693437829,0.11271170383016282
149.2987518310547,447.896240234375,149.2987518310547,447.896240234375,150.94832302702878,443.7428770903306,4.468949601068906,0.11675569292859186
174.18186950683594,447.896240234375,174.18186950683594,447.896240234375,175.7940493202074,443.82093249831854,4.382608457779915,0.12083583552130307
199.06500244140625,447.896240234375,199.06500244140625,447.896240234375,200.63979084924597,443.89898795417145,4.296275633738933,0.12494859468563038
223.9481201171875,447.896240234375,223.9481201171875,447.896240234375,225.48551714242458,443.9770433621594,4.209951749888866,0.12909084822257455
248.83123779296875,447.896240234375,248.83123779296875,447.896240234375,250.3312434356032,444.0550987701473,4.123637311421123,0.13325984802645305
273.7143859863281,447.896240234375,273.7143859863281,447.896240234375,275.17700020050177,444.1331542738653,4.037332818295786,0.13745316560626186
298.5975036621094,447.896240234375,298.5975036621094,447.896240234375,300.02272649368035,444.2112096818532,3.9510391408654115,0.14166863177083364
323.4806213378906,447.896240234375,323.4806213378906,447.896240234375,324.868452786859,444.2892650898411,3.8647568906764542,0.14590433146674367
348.3637390136719,447.896240234375,348.3637390136719,447.896240234375,349.7141790800376,444.36732049782904,3.7784868505566367,0.1501585524503833
373.24688720703125,447.896240234375,373.24688720703125,447.896240234375,374.55993584493615,444.445376001547,3.692229770601427,0.15442976930788066
398.1300048828125,447.896240234375,398.1300048828125,447.896240234375,399.40566213811474,444.5234314095349,3.605986800020826,0.15871659986642742
423.01312255859375,447.896240234375,423.01312255859375,447.896240234375,424.2513884312934,444.6014868175228,3.5197588623869875,0.1630178171799776
447.896240234375,447.896240234375,447.896240234375,447.896240234375,449.09711472447196,444.6795422255108,3.4335470902838554,0.16733231183303876
472.7793884277344,447.896240234375,472.7793884277344,447.896240234375,473.94287148937053,444.75759772922873,3.3473526270509755,0.17165908800071963
497.6624755859375,447.896240234375,497.6624755859375,447.896240234375,498.7885673108292,444.8356530414866,3.2611771706152624,0.1759972243383913
522.5455932617188,447.896240234375,522.5455932617188,447.896240234375,523.6342936040078,444.91370844947454,3.175021934293017,0.1803459162304259
547.4287719726562,447.896240234375,547.4287719726562,447.896240234375,548.4800808406263,444.99176404892256,3.088888513322045,0.1847044238804019
572.3118896484375,447.896240234375,572.3118896484375,447.896240234375,573.3258071338049,445.06981945691047,3.002779225720233,0.18907204782675419
597.1950073242188,447.896240234375,597.1950073242188,447.896240234375,598.1715334269835,445.14787486489837,2.9166959789322107,0.19344818055007232
622.078125,447.896240234375,622.078125,447.896240234375,623.0172597201621,445.2259302728863,2.8306411487576177,0.19783225739788723
646.9612426757812,447.896240234375,646.9612426757812,447.896240234375,647.8629860133408,445.30398568087423,2.744617408124212,0.20222376170093012
671.8443603515625,447.896240234375,671.8443603515625,447.896240234375,672.7087123065194,445.38204108886214,2.658627774874733,0.2066222198750783
696.7274780273438,447.896240234375,696.7274780273438,447.896240234375,697.554438599698,445.46009649685004,2.572675669047786,0.211027197100314
721.610595703125,447.896240234375,721.610595703125,447.896240234375,722.4001648928765,445.538151904838,2.4867649819199844,0.21543829350012295
746.4937744140625,447.896240234375,746.4937744140625,447.896240234375,747.2459521294951,445.616207504286,2.400899949158729,0.21985515159654598
771.3768310546875,447.896240234375,771.3768310546875,447.896240234375,772.0916174792338,445.6942627208138,2.315086305722715,0.22427739910116676
796.260009765625,447.896240234375,796.260009765625,447.896240234375,796.9374047158523,445.77231832026183,2.2293290954553,0.2287047655140035
821.14306640625,447.896240234375,821.14306640625,447.896240234375,821.783070065591,445.8503735367897,2.1436359831507215,0.23313691700398276
846.0262451171875,447.896240234375,846.0262451171875,447.896240234375,846.6288573022096,445.9284291362377,2.0580140824322353,0.23757362802985527
870.9093627929688,447.896240234375,870.9093627929688,447.896240234375,871.4745835953881,446.0064845442256,1.9724733518959523,0.24201461639523508
895.79248046875,447.896240234375,895.79248046875,447.896240234375,896.3203098885667,446.0845399522135,1.8870245914688304,0.24645966116774512
920.6756591796875,447.896240234375,920.6756591796875,447.896240234375,921.1660971251853,446.1625955516615,1.8016806776687104,0.250908557677041
945.5587768554688,447.896240234375,945.5587768554688,447.896240234375,946.0118234183639,446.2406509596495,1.7164576996644072,0.2553610833541737
970.44189453125,447.896240234375,970.44189453125,447.896240234375,970.8575497115424,446.3187063676374,1.6313743683189532,0.25981706196545556
995.324951171875,447.896240234375,995.324951171875,447.896240234375,995.7032150612812,446.39676158416523,1.5464539412680864,0.26427630790863593
1020.2080688476562,447.896240234375,1020.2080688476562,447.896240234375,1020.5489413544598,446.47481699215314,1.4617243582232011,0.26873867986816263
1045.0911865234375,447.896240234375,1045.0911865234375,447.896240234375,1045.3946676476385,446.55287240014104,1.3772210900217592,0.2732040142697262
1069.974365234375,447.896240234375,1069.974365234375,447.896240234375,1070.2404548842571,446.63092799958906,1.2929883036104313,0.2776721791564459
1094.8575439453125,447.896240234375,1094.8575439453125,447.896240234375,1095.0862421208756,446.7089835990371,1.2090827819714363,0.28214302962419574
1119.7406005859375,447.896240234375,1119.7406005859375,447.896240234375,1119.9319074706143,446.7870388155649,1.1255781232837747,0.2866164180466227
1144.623779296875,447.896240234375,1144.623779296875,447.896240234375,1144.7776947072327,446.86509441501295,1.042569735956991,0.29109227029552404
1169.5068359375,447.896240234375,1169.5068359375,447.896240234375,1169.6233600569715,446.94314963154073,0.9601872565440489,0.2955704315243039
1194.3900146484375,447.896240234375,1194.3900146484375,447.896240234375,1194.46914729359,447.02120523098876,0.8786058460310759,0.3000508413041094
1219.2730712890625,447.896240234375,1219.2730712890625,447.896240234375,1219.3148126433287,447.0992604475166,0.7980721278912293,0.3045333574014499
1244.15625,447.896240234375,1244.15625,447.896240234375,1244.160599879947,447.1773160469646,0.7189373468524425,0.3090179311786842
1269.0394287109375,447.896240234375,1269.0394287109375,447.896240234375,1269.0063871165657,447.25537164641264,0.6417197939876058,0.3135044532910848
1293.9224853515625,447.896240234375,1293.9224853515625,447.896240234375,1293.8520524663045,447.3334268629404,0.5672033871472546,0.31799281924888534
1318.8056640625,447.896240234375,1318.8056640625,447.896240234375,1318.697839702923,447.41148246238845,0.49660466169738343,0.3224829951813029
1343.688720703125,447.896240234375,1343.688720703125,447.896240234375,1343.5435050526617,447.4895376789163,0.43185015196956306,0.3269748633747774
1368.57177734375,447.896240234375,1368.57177734375,447.896240234375,1368.3891704024004,447.56759289544414,0.3759712334945268,0.3314683761593292
1393.4549560546875,447.896240234375,1393.4549560546875,447.896240234375,1393.2349576390188,447.64564849489216,0.3334599268184436,0.33596348960147543
1418.338134765625,447.896240234375,1418.338134765625,447.896240234375,1418.0807448756373,447.7237040943401,0.30986815758647035,0.3404601191333243
1443.22119140625,447.896240234375,1443.22119140625,447.896240234375,1442.926410225376,447.80175931086796,0.3095522403475872,0.3449581833972048
1468.1043701171875,447.896240234375,1468.1043701171875,447.896240234375,1467.7721974619947,447.879814910316,0.33257850821768636,0.34945767027165087
1492.987548828125,447.896240234375,1492.987548828125,447.896240234375,1492.617984698613,447.957870509764,0.3746677683847564,0.3539585042831035
1517.87060546875,447.896240234375,1517.87060546875,447.896240234375,1517.4636500483518,448.03592572629185,0.4302612588224713,0.35846061259823536
1542.753662109375,447.896240234375,1542.753662109375,447.896240234375,1542.3093153980906,448.11398094281964,0.49482826914320116,0.36296396905373524
1567.6368408203125,447.896240234375,1567.6368408203125,447.896240234375,1567.155102634709,448.19203654226766,0.5653026934585318,0.3674685498625125
1592.52001953125,447.896240234375,1592.52001953125,447.896240234375,1592.0008898713274,448.2700921417157,0.6397349860946887,0.3719742892574504
1617.403076171875,447.896240234375,1617.403076171875,447.896240234375,1616.8465552210662,448.3481473582435,0.7168930305786705,0.3764811235282175
1642.2861328125,447.896240234375,1642.2861328125,447.896240234375,1641.692220570805,448.42620257477137,0.7959848196251413,0.3809890351369421
1667.1693115234375,447.896240234375,1667.1693115234375,447.896240234375,1666.5380078074234,448.50425817421933,0.8764874197761267,0.38549800841148557
1692.052490234375,447.896240234375,1692.052490234375,447.896240234375,1691.383795044042,448.58231377366735,0.9580449670509198,0.39000798518438023
174.18186950683594,472.7793884277344,174.01138305664062,471.8917541503906,175.71599381648943,468.66668926321705,3.647840644692722,0.844298678441325
199.06500244140625,472.7793884277344,199.18226623535156,472.4333190917969,200.561735345528,468.74474471907,3.9380853125685777,0.27377961169751086
223.9481201171875,472.7793884277344,224.04698181152344,472.7008972167969,225.40746163870662,468.8228001270579,4.109810506290303,0.04077294221284387
248.83123779296875,472.7793884277344,249.02780151367188,472.2711181640625,250.25318793188524,468.9008555350459,3.586117965500829,0.44229294592345914
273.7143859863281,472.7793884277344,273.9849548339844,471.9592590332031,275.0989446967838,468.97891103876384,3.181736567093221,0.7576414006796955
298.5975036621094,472.7793884277344,298.3335876464844,472.1522216796875,299.9446709899624,469.05696644675174,3.489440427439402,0.6220852511329451
323.4806213378906,472.7793884277344,323.5202941894531,471.61083984375,324.79039728314103,469.13502185473965,2.782595296356058,1.0675806442584068
348.3637390136719,472.7793884277344,348.4130554199219,472.1761474609375,349.6361235763196,469.2130772627276,3.2055702635746077,0.497764579208458
373.24688720703125,472.7793884277344,373.437255859375,472.355712890625,374.4818803412182,469.29113276644557,3.237729396595977,0.3381232352382089
398.1300048828125,472.7793884277344,398.17449951171875,472.6535339355469,399.3276066343968,469.3691881744335,3.48088826521541,0.0231693764731332
423.01312255859375,472.7793884277344,423.0703125,472.70660400390625,424.1733329275754,469.4472435824214,3.4409423739421574,0.047026358744706794
447.896240234375,472.7793884277344,447.9017333984375,472.8105163574219,449.019059220754,469.52529899040934,3.470024516013687,0.16625212231120576
472.7793884277344,472.7793884277344,472.7452392578125,472.78021240234375,473.86481598565257,469.6033544941273,3.3683643238994296,0.1640477446712192
497.6624755859375,472.7793884277344,497.6720886230469,472.7833251953125,498.71051180711123,469.68140980638515,3.2711162910032234,0.14848336516143135
522.5455932617188,472.7793884277344,522.4995727539062,472.7696838378906,523.5562381002898,469.7594652143731,3.1902911803814207,0.17166613886917367
547.4287719726562,472.7793884277344,547.3353881835938,472.7896728515625,548.4020253369083,469.8375208138211,3.1389355633354197,0.22304182489591223
572.3118896484375,472.7793884277344,572.3302612304688,472.7825927734375,573.2477516300869,469.91557622180903,3.010244598151959,0.15806484305531251
597.1950073242188,472.7793884277344,597.2122192382812,472.7828369140625,598.0934779232655,469.99363162979694,2.9251124743563417,0.16319037348939183
622.078125,472.7793884277344,622.0899047851562,472.8013000488281,622.9392042164441,470.07168703778484,2.858687935756996,0.18692016263074385
646.9612426757812,472.7793884277344,646.96728515625,472.76239013671875,647.7849305096228,470.1497424457728,2.7376033096300265,0.1575190795261568
671.8443603515625,472.7793884277344,671.8372802734375,472.8045654296875,672.6306568028014,470.2277978537607,2.696141216200124,0.2057874031993749
696.7274780273438,472.7793884277344,696.7131958007812,472.772216796875,697.4763830959799,470.3058532617486,2.581744358946842,0.18435539474778012
721.610595703125,472.7793884277344,721.5968627929688,472.7962951660156,722.3221093891585,470.38390866973657,2.5190456988142143,0.20988609059978822
746.4937744140625,472.7793884277344,746.4874877929688,472.82550048828125,747.1678966257771,470.46196426918453,2.459524270818563,0.23833966678746368
771.3768310546875,472.7793884277344,771.3732299804688,472.7983703613281,772.0135619755158,470.5400194857124,2.347375926705257,0.21658264143563152
796.260009765625,472.7793884277344,796.2633666992188,472.7630615234375,796.8593492121342,470.6180750851604,2.2262439165764736,0.18583851916936378
821.14306640625,472.7793884277344,821.1273193359375,472.8314514160156,821.705014561873,470.69613030168824,2.212086805566406,0.26076196214914027
846.0262451171875,472.7793884277344,846.013427734375,472.79803466796875,846.5508017984915,470.77418590113626,2.093975815475073,0.23325763101881603
870.9093627929688,472.7793884277344,870.9049072265625,472.7835998535156,871.3965280916701,470.85224130912417,1.9929467885528342,0.22114459358136368
895.79248046875,472.7793884277344,895.7932739257812,472.7789001464844,896.2422543848487,470.93029671711207,1.9023454186113167,0.21926236584138578
920.6756591796875,472.7793884277344,920.6748657226562,472.7858581542969,921.0880416214673,471.0083523165601,1.8248948809579755,0.2307928671864704
945.5587768554688,472.7793884277344,945.5606079101562,472.7768249511719,945.9337679146458,471.086407724548,1.7311148976938064,0.22590946268959225
970.44189453125,472.7793884277344,970.440673828125,472.78558349609375,970.7794942078244,471.16446313253596,1.656149293645176,0.23966248565812476
995.324951171875,472.7793884277344,995.3248291015625,472.7822265625,995.6251595575632,471.24251834906374,1.5687255226216714,0.24062284891959232
1020.2080688476562,472.7793884277344,1020.2080688476562,472.7809753417969,1020.4708858507418,471.3205737570517,1.4838617071132507,0.24390039353017196
1045.0911865234375,472.7793884277344,1045.0911865234375,472.7799987792969,1045.3166121439206,471.3986291650396,1.399642354876218,0.24747878851116462
1069.974365234375,472.7793884277344,1069.97412109375,472.78033447265625,1070.1623993805392,471.47668476448763,1.3171754913011464,0.2523712571006786
1094.8575439453125,472.7793884277344,1094.8572998046875,472.7795715332031,1095.0081866171577,471.55474036393565,1.2340900386059905,0.25615112321457995
1119.7406005859375,472.7793884277344,1119.7406005859375,472.7794189453125,1119.8538519668964,471.63279558046344,1.1522026801335281,0.26041782602330255
1144.623779296875,472.7793884277344,1144.6239013671875,472.7794189453125,1144.6996392035148,471.71085117991146,1.0712484721602744,0.26487300197597385
1169.5068359375,472.7793884277344,1169.5069580078125,472.779296875,1169.5453045532536,471.7889063964393,0.9911325630665927,0.2692580479958952
1194.3900146484375,472.7793884277344,1194.3900146484375,472.7796325683594,1194.391091789872,471.8669619958873,0.9126712080974909,0.2741165450216468
1219.2730712890625,472.7793884277344,1219.273193359375,472.7792053222656,1219.2367571396107,471.94501721241517,0.8349834733254244,0.2781761774021534
1244.15625,472.7793884277344,1244.15625,472.7793884277344,1244.0825443762292,472.0230728118632,0.7598985654586141,0.2828942171790643
1269.0394287109375,472.7793884277344,1269.0394287109375,472.7793884277344,1268.9283316128478,472.10112841131115,0.6872984905282236,0.28740005701973886
1293.9224853515625,472.7793884277344,1293.9224853515625,472.7793884277344,1293.7739969625866,472.179183627839,0.618299768298612,0.2919073122569682
1318.8056640625,472.7793884277344,1318.8056640625,472.7793884277344,1318.619784199205,472.257239227287,0.554248239606026,0.2964159615380915
1343.688720703125,472.7793884277344,1343.688720703125,472.7793884277344,1343.4654495489438,472.33529444381486,0.49706083615884805,0.3009258989618848
1368.57177734375,472.7793884277344,1368.57177734375,472.7793884277344,1368.3111148986825,472.4133496603427,0.4493654298031691,0.30543708860329727
1393.4549560546875,472.7793884277344,1393.4549560546875,472.7793884277344,1393.156902135301,472.49140525979067,0.41445198018659857,0.3099494979252326
1418.338134765625,472.7793884277344,1418.338134765625,472.7793884277344,1418.0026893719194,472.5694608592387,0.3957185820413837,0.31446305324695417
1443.22119140625,472.7793884277344,1443.22119140625,472.7793884277344,1442.848354721658,472.64751607576653,0.3954712512825838,0.31897768377025054
1468.1043701171875,472.7793884277344,1468.1043701171875,472.7793884277344,1467.6941419582768,472.72557167521455,0.4137431391758365,0.3234933878468639
1492.987548828125,472.7793884277344,1492.987548828125,472.7793884277344,1492.5399291948952,472.8036272746626,0.4482754262205264,0.32801009990770696
1517.87060546875,472.7793884277344,1517.87060546875,472.7793884277344,1517.385594544634,472.88168249119036,0.49568101832757283,0.3325277567137608
1542.753662109375,472.7793884277344,1542.753662109375,472.7793884277344,1542.2312598943727,472.9597377077182,0.5526571604801901,0.3370463415402182
1567.6368408203125,472.7793884277344,1567.6368408203125,472.7793884277344,1567.077047130991,473.0377933071662,0.6165566124195314,0.3415658397303244
1592.52001953125,472.7793884277344,1592.52001953125,472.7793884277344,1591.9228343676095,473.11584890661425,0.6854456751051512,0.34608619420511716
1617.403076171875,472.7793884277344,1617.403076171875,472.7793884277344,1616.7684997173483,473.1939041231421,0.757964734258163,0.3506073496627318
1642.2861328125,472.7793884277344,1642.2861328125,472.7793884277344,1641.614165067087,473.2719593396699,0.8331667025033961,0.3551292968380548
1667.1693115234375,472.7793884277344,1667.1693115234375,472.7793884277344,1666.4599523037054,473.3500149391179,0.9103873450969061,0.35965202805700663
1692.052490234375,472.7793884277344,1692.052490234375,472.7793884277344,1691.305739540324,473.4280705385659,0.9891537190843246,0.36417549275321737
1716.935546875,472.7793884277344,1716.935546875,472.7793884277344,1716.1514048900628,473.50612575509376,1.0691238447993947,0.3686996417339731
1741.8187255859375,472.7793884277344,1741.8187255859375,472.7793884277344,1740.9971921266813,473.5841813545418,1.1500473380329694,0.37322449369669536
1766.701904296875,472.7793884277344,1766.701904296875,472.7793884277344,1765.8429793632997,473.6622369539898,1.2317359951826872,0.37775000198440256
1791.5849609375,472.7793884277344,1791.5849609375,472.7793884277344,1790.6886447130385,473.7402921705176,1.3140467180156834,0.38227612108201486
447.896240234375,497.6624755859375,449.10430908203125,495.1203308105469,448.94100390849616,494.370994811868,0.7669243891149838,2.7011916129044553
497.6624755859375,497.6624755859375,498.6957092285156,495.156494140625,498.6324564948534,494.5271056278438,0.6325589366507004,2.588517365030786
646.9612426757812,497.6624755859375,648.3186645507812,495.4284362792969,647.7068751973649,494.99543826723146,0.7495155044468629,2.466999481503633
796.260009765625,497.6624755859375,797.1593017578125,495.8912353515625,796.7812938998763,495.46377090661906,0.5706275425812202,1.811720165540228
821.14306640625,497.6624755859375,822.2570190429688,495.2191467285156,821.6269592496151,495.5418261231469,0.7078822888874067,2.505414577976106
846.0262451171875,497.6624755859375,846.34716796875,495.74322509765625,846.4727464862336,495.6198817225949,0.1760214538768084,1.7647490464939024
870.9093627929688,497.6624755859375,871.4490966796875,495.2689208984375,871.3184727794122,495.69793713058283,0.4484612923846405,2.2660723172556296
895.79248046875,497.6624755859375,897.231689453125,496.3872375488281,896.1641990725908,495.77599253857073,1.2301041318106367,1.755007799407233
920.6756591796875,497.6624755859375,921.2088623046875,494.85992431640625,921.0099863092094,495.85404813801875,1.0138214015668017,2.6571222712801585
945.5587768554688,497.6624755859375,945.9278564453125,495.5782775878906,945.8557126023879,495.93210354600666,0.36110599926981635,1.9168982693312218
970.44189453125,497.6624755859375,971.6611938476562,496.4971923828125,970.7014388955665,496.0101589539946,1.0762579285872191,1.5046012112633735
995.324951171875,497.6624755859375,996.0603637695312,497.089111328125,995.5471042453053,496.0882141705224,1.124824634912322,0.7631764706385802
1020.2080688476562,497.6624755859375,1021.3279418945312,496.5742492675781,1020.3928305384838,496.16626957851037,1.020235597742322,1.3717777886201452
1045.0911865234375,497.6624755859375,1046.1259765625,496.2055358886719,1045.2385568316627,496.24432498649827,0.8882670616372066,1.576459729462139
1069.974365234375,497.6624755859375,1070.2611083984375,496.0588684082031,1070.0843440682813,496.3223805859463,0.31730788870513016,1.4066170162182496
1094.8575439453125,497.6624755859375,1095.47216796875,495.6507873535156,1094.9301313048998,496.4004361853943,0.925082221261969,1.8736907143851869
1119.7406005859375,497.6624755859375,1120.312255859375,496.9352111816406,1119.7757966546385,496.47849140192216,0.7045434234542306,0.7087295183589699
1144.623779296875,497.6624755859375,1145.3480224609375,495.97308349609375,1144.621583891257,496.5565470013701,0.9317417332656821,1.600135689917308
1169.5068359375,497.6624755859375,1169.5709228515625,496.11834716796875,1169.4672492409957,496.63460221789796,0.5265619565686243,1.3129422224312042
1194.3900146484375,497.6624755859375,1194.62353515625,496.0138244628906,1194.313036477614,496.712657817346,0.764707451731685,1.421585381067635
1219.2730712890625,497.6624755859375,1219.808837890625,497.28106689453125,1219.1587018273528,496.7907130338738,0.814324142727364,0.47909450074604676
1244.15625,497.6624755859375,1244.6544189453125,496.59515380859375,1244.0044890639713,496.86876863332185,0.7051765190157738,0.9233852245619738
1269.0394287109375,497.6624755859375,1269.3907470703125,497.1482849121094,1268.85027630059,496.9468242327698,0.5767972418835361,0.3794905624822599
1293.9224853515625,497.6624755859375,1294.5941162109375,497.2485046386719,1293.6959416503287,497.02487944929766,0.9255948177509996,0.6123288476472157
1318.8056640625,497.6624755859375,1319.734375,497.0015869140625,1318.541728886947,497.1029350487457,1.1969445247729409,0.9380369879679119
1343.688720703125,497.6624755859375,1345.08544921875,497.15020751953125,1343.3873942366859,497.1809902652735,1.6983339776228685,1.3377512774465528
1368.57177734375,497.6624755859375,1368.974609375,497.2155456542969,1368.2330595864246,497.25904548180137,0.7428245579739262,0.36664436693299973
1393.4549560546875,497.6624755859375,1394.4754638671875,497.3936767578125,1393.078846823043,497.33710108124933,1.3977624888275682,0.9361876934694524
1418.338134765625,497.6624755859375,1418.8714599609375,496.9899597167969,1417.9246340596615,497.41515668069735,1.0379170224239378,0.598442145161421
1443.22119140625,497.6624755859375,1443.35302734375,496.7825012207031,1442.7702994094002,497.4932118972252,0.919065564143303,0.6014042896615278
1468.1043701171875,497.6624755859375,1468.1763916015625,497.08612060546875,1467.6160866460189,497.5712674966732,0.7411539308754428,0.29197266433361707
1492.987548828125,497.6624755859375,1493.39990234375,496.53558349609375,1492.4618738826373,497.64932309612124,1.4561295582903535,0.8982824357663927
1517.87060546875,497.6624755859375,1518.0030517578125,496.7288513183594,1517.307539232376,497.727378312649,1.2168787250026747,0.6414160393721595
1816.4681396484375,497.6624755859375,1816.3941650390625,496.1566162109375,1815.4563766373992,498.6640435914243,2.6770579289042185,1.1715947424199806
1841.351318359375,497.6624755859375,1840.669921875,496.267578125,1840.3021638740177,498.7420991908723,2.5016995128776545,1.303815678651978
1866.234375,497.6624755859375,1866.331787109375,496.86712646484375,1865.1478292237564,498.82015440740014,2.2838726801913745,0.4392294369558175
373.24688720703125,522.5455932617188,373.24688720703125,522.5455932617188,374.32576962097244,518.9825548810828,3.722798646851086,0.07344159210669991
398.1300048828125,522.5455932617188,398.1300048828125,522.5455932617188,399.171495914151,519.0606102890707,3.63728056217901,0.07788554419910536
423.01312255859375,522.5455932617188,423.01312255859375,522.5455932617188,424.01722220732967,519.1386656970586,3.551812429652296,0.08234131866521949
447.896240234375,522.5455932617188,447.896240234375,522.5455932617188,448.86294850050825,519.2167211050466,3.466397944160069,0.08680709501040897
472.7793884277344,522.5455932617188,472.7793884277344,522.5455932617188,473.7087052654068,519.2947766087646,3.3810410668765707,0.09128141076767478
497.6624755859375,522.5455932617188,497.6624755859375,522.5455932617188,498.5544010868655,519.3728319210225,3.2957465958751437,0.09576305328413744
522.5455932617188,522.5455932617188,522.5455932617188,522.5455932617188,523.400127380044,519.4508873290104,3.2105191744206047,0.10025105495623478
547.4287719726562,522.5455932617188,547.4287719726562,522.5455932617188,548.2459146166625,519.5289429284584,3.1253641921883997,0.10474460461501697
572.3118896484375,522.5455932617188,572.3118896484375,522.5455932617188,573.0916409098411,519.6069983364463,3.0402881712919245,0.10924299695516902
597.1950073242188,522.5455932617188,597.1950073242188,522.5455932617188,597.9373672030197,519.6850537444342,2.955297704056215,0.11374566713428201
622.078125,522.5455932617188,622.078125,522.5455932617188,622.7830934961983,519.7631091524221,2.8704003900362873,0.11825212649341249
646.9612426757812,522.5455932617188,646.9612426757812,522.5455932617188,647.628819789377,519.8411645604101,2.7856047463807094,0.12276195774297727
671.8443603515625,522.5455932617188,671.8443603515625,522.5455932617188,672.4745460825555,519.919219968398,2.700920348958049,0.12727480244686837
696.7274780273438,522.5455932617188,696.7274780273438,522.5455932617188,697.3202723757341,519.9972753763859,2.6163580000051208,0.1317903510396463
721.610595703125,522.5455932617188,721.610595703125,522.5455932617188,722.1659986689127,520.0753307843738,2.531929928213677,0.13630833480295598
746.4937744140625,522.5455932617188,746.4937744140625,522.5455932617188,747.0117859055313,520.1533863838218,2.447649822166354,0.14082853045530902
771.3768310546875,522.5455932617188,771.3768310546875,522.5455932617188,771.85745125527,520.2314416003496,2.363534152286665,0.14535069940257983
796.260009765625,522.5455932617188,796.260009765625,522.5455932617188,796.7032384918884,520.3094971997976,2.2796002504658963,0.1498747053848349
821.14306640625,522.5455932617188,821.14306640625,522.5455932617188,821.5489038416272,520.3875524163255,2.1958698309187032,0.15440034448822487
846.0262451171875,522.5455932617188,846.0262451171875,522.5455932617188,846.3946910782457,520.4656080157736,2.112366220514274,0.15892751970432695
870.9093627929688,522.5455932617188,870.9093627929688,522.5455932617188,871.2404173714243,520.5436634237615,2.0291180867608576,0.16345607193489228
895.79248046875,522.5455932617188,895.79248046875,522.5455932617188,896.0861436646029,520.6217188317494,1.9461579830241225,0.16798590002064578
920.6756591796875,522.5455932617188,920.6756591796875,522.5455932617188,920.9319309012214,520.6997744311974,1.8635241748808056,0.17251691457521418
945.5587768554688,522.5455932617188,945.5587768554688,522.5455932617188,945.7776571944,520.7778298391853,1.7812625075540793,0.1770490031322789
970.44189453125,522.5455932617188,970.44189453125,522.5455932617188,970.6233834875786,520.8558852471732,1.699426790329227,0.1815820955547494
995.324951171875,522.5455932617188,995.324951171875,522.5455932617188,995.4690488373174,520.933940463701,1.6180818516207411,0.1861161073687545
1020.2080688476562,522.5455932617188,1020.2080688476562,522.5455932617188,1020.314775130496,521.011995871689,1.5373051699332494,0.19065099442937097
1045.0911865234375,522.5455932617188,1045.0911865234375,522.5455932617188,1045.1605014236748,521.0900512796769,1.457191482572273,0.19518668538625253
1069.974365234375,522.5455932617188,1069.974365234375,522.5455932617188,1070.0062886602934,521.1681068791249,1.3778562477101028,0.19972313659819282
1094.8575439453125,522.5455932617188,1094.8575439453125,522.5455932617188,1094.8520758969119,521.246162478573,1.2994422879605714,0.20426028702811883
1119.7406005859375,522.5455932617188,1119.7406005859375,522.5455932617188,1119.6977412466506,521.3242176951007,1.2221273246661208,0.20879806883139757
1144.623779296875,522.5455932617188,1144.623779296875,522.5455932617188,1144.543528483269,521.4022732945488,1.1461329505838316,0.2133364848210426
1169.5068359375,522.5455932617188,1169.5068359375,522.5455932617188,1169.3891938330078,521.4803285110766,1.0717409452429025,0.21787545222906943
1194.3900146484375,522.5455932617188,1194.3900146484375,522.5455932617188,1194.2349810696262,521.5583841105246,0.9993084202390023,0.22241498046672575
1219.2730712890625,522.5455932617188,1219.2730712890625,522.5455932617188,1219.080646419365,521.6364393270525,0.9292944675383036,0.22695499267805053
1244.15625,522.5455932617188,1244.15625,522.5455932617188,1243.9264336559834,521.7144949265005,0.8622876519930732,0.23149550362242594
1269.0394287109375,522.5455932617188,1269.0394287109375,522.5455932617188,1268.772220892602,521.7925505259484,0.7990452928815062,0.23603646353243618
1293.9224853515625,522.5455932617188,1293.9224853515625,522.5455932617188,1293.6178862423408,521.8706057424763,0.7405327598909758,0.2405778247054672
1318.8056640625,522.5455932617188,1318.8056640625,522.5455932617188,1318.4636734789592,521.9486613419243,0.6879573214233813,0.24511960815772543
1343.688720703125,522.5455932617188,1343.688720703125,522.5455932617188,1343.309338828698,522.0267165584521,0.6427780642155141,0.24966174749814643
1368.57177734375,522.5455932617188,1368.57177734375,522.5455932617188,1368.1550041784367,522.1047717749799,0.6066493670118969,0.2542042447347429
1393.4549560546875,522.5455932617188,1393.4549560546875,522.5455932617188,1393.0007914150551,522.1828273744279,0.5812612225792435,0.25874710330515976
1418.338134765625,522.5455932617188,1418.338134765625,522.5455932617188,1417.8465786516736,522.2608829738759,0.5680557729365886,0.26329028337562715
1443.22119140625,522.5455932617188,1443.22119140625,522.5455932617188,1442.6922440014123,522.3389381904038,0.5678835052937518,0.26783374629613715
1468.1043701171875,522.5455932617188,1468.1043701171875,522.5455932617188,1467.538031238031,522.4169937898519,0.5807560160762324,0.27237752137454946
1492.987548828125,522.5455932617188,1492.9874267578125,522.5455932617188,1492.3838184746494,522.4950493892999,0.6057207628455662,0.2769529891940141
1517.87060546875,522.5455932617188,1517.8704833984375,522.5455932617188,1517.2294838243881,522.5731046058277,0.641589688185649,0.2814971664965811
1542.753662109375,522.5455932617188,1542.7991943359375,522.5455932617188,1542.0751491741269,522.6511598223555,0.7317005501337642,0.2778932376771426
1567.6368408203125,522.5455932617188,1567.6480712890625,522.5455932617188,1566.9209364107453,522.7292154218035,0.7499614849707628,0.28790227006265545
1592.52001953125,522.5455932617188,1592.4771728515625,522.5455932617188,1591.7667236473637,522.8072710212515,0.7571085269502241,0.30876183159254983
1617.403076171875,522.5455932617188,1617.523681640625,522.5455932617188,1616.6123889971025,522.8853262377794,0.9725599092916087,0.29336003889638856
1642.2861328125,522.5455932617188,1642.5296630859375,522.5455932617188,1641.4580543468412,522.9633814543072,1.1501705367352495,0.33837760628074465
1667.1693115234375,522.5455932617188,1666.597412109375,522.5455932617188,1666.3038415834596,523.0414370537552,0.5762332164907785,0.7149219676961871
1692.052490234375,522.5455932617188,1690.6829833984375,522.5455932617188,1691.1496288200783,523.1194926532032,0.7396745643082334,1.4794093131311545
1716.935546875,522.5455932617188,1715.2894287109375,522.5455932617188,1715.995294169817,523.197547869731,0.9608802510966958,1.7527360830830736
1741.8187255859375,522.5455932617188,1741.4766845703125,522.5455932617188,1740.8410814064355,523.275603469179,0.967939194849906,0.5252109803879809
1766.701904296875,522.5455932617188,1767.5,522.5455932617188,1765.686868643054,523.353659068627,1.9850480260778394,0.783719544708326
1791.5849609375,522.5455932617188,1790.8385009765625,522.0107421875,1790.5325339927927,523.4317142851548,1.4535396442721522,0.8556907622276728
447.896240234375,547.4287719726562,447.896240234375,547.4287719726562,448.78489290106023,544.0625083416651,3.4815850406590148,0.06087004819460055
472.7793884277344,547.4287719726562,472.7793884277344,547.4287719726562,473.6306496659588,544.1405638453831,3.3966098368768503,0.06541162888200763
497.6624755859375,547.4287719726562,497.6624755859375,547.4287719726562,498.47634548741746,544.2186191576409,3.311716369541036,0.06995457369939263
522.5455932617188,547.4287719726562,522.5455932617188,547.4287719726562,523.3220717805959,544.2966745656289,3.2269107606788765,0.07449864776656653
547.4287719726562,547.4287719726562,547.4287719726562,547.4287719726562,548.1678590172145,544.3747301650769,3.1422000289409024,0.07904366286739015
572.3118896484375,547.4287719726562,572.3118896484375,547.4287719726562,573.0135853103931,544.4527855730648,3.057592492887234,0.08358944502336832
597.1950073242188,547.4287719726562,597.1950073242188,547.4287719726562,597.8593116035717,544.5308409810527,2.973096737017267,0.0881358849700773
622.078125,547.4287719726562,622.078125,547.4287719726562,622.7050378967502,544.6088963890406,2.88872257013083,0.09268288590607254
646.9612426757812,547.4287719726562,646.9612426757812,547.4287719726562,647.5507641899289,544.6869517970285,2.8044809664396273,0.09723036912725758
671.8443603515625,547.4287719726562,671.8443603515625,547.4287719726562,672.3964904831075,544.7650072050164,2.7203842411466566,0.10177826998748789
696.7274780273438,547.4287719726562,696.7274780273438,547.4287719726562,697.2422167762861,544.8430626130043,2.636446258176751,0.10632653489597896
721.610595703125,547.4287719726562,721.610595703125,547.4287719726562,722.0879430694647,544.9211180209924,2.552682676998247,0.11087511905115476
746.4937744140625,547.4287719726562,746.4937744140625,547.4287719726562,746.9337303060832,544.9991736204404,2.469111042463219,0.115423995868991
771.3768310546875,547.4287719726562,771.3768310546875,547.4287719726562,771.779395655822,545.0772288369682,2.385752161706717,0.11997309985479455
796.260009765625,547.4287719726562,796.260009765625,547.4287719726562,796.6251828924404,545.1552844364162,2.3026282787256447,0.12452244829927893
821.14306640625,547.4287719726562,821.14306640625,547.4287719726562,821.4708482421792,545.233339652944,2.219766654944226,0.12907197307753637
846.0262451171875,547.4287719726562,846.0262451171875,547.4287719726562,846.3166354787977,545.311395252392,2.1371969346864326,0.13362169853628245
870.9093627929688,547.4287719726562,870.9093627929688,547.4287719726562,871.1623617719763,545.3894506603799,2.0549549625437935,0.13817157357727283
895.79248046875,547.4287719726562,895.79248046875,547.4287719726562,896.0080880651549,545.4675060683678,1.9730814942500061,0.1427215939870162
920.6756591796875,547.4287719726562,920.6756591796875,547.4287719726562,920.8538753017734,545.5455616678158,1.8916241800179248,0.14727175745305005
945.5587768554688,547.4287719726562,945.5587768554688,547.4287719726562,945.699601594952,545.6236170758038,1.8106396131977036,0.15182202979467216
970.44189453125,547.4287719726562,970.44189453125,547.4287719726562,970.5453278881306,545.7016724837918,1.7301939497500256,0.1563724116937031
995.324951171875,547.4287719726562,995.324951171875,547.4287719726562,995.3909932378693,545.7797277003195,1.6503661916699908,0.16092288269459634
1020.2080688476562,547.4287719726562,1020.2080688476562,547.4287719726562,1020.2367195310479,545.8577831083074,1.5712500989870328,0.1654734568492431
1045.0911865234375,547.4287719726562,1045.0911865234375,547.4287719726562,1045.0824458242266,545.9358385162953,1.4929590432910087,0.17002411560957476
1069.974365234375,547.4287719726562,1069.974365234375,547.4287719726562,1069.9282330608453,546.0138941157434,1.4156297282188453,0.1745748635218618
1094.8575439453125,547.4287719726562,1094.8575439453125,547.4287719726562,1094.7740202974637,546.0919497151914,1.3394289633285563,0.17912568347997537
1119.7406005859375,547.4287719726562,1119.7406005859375,547.4287719726562,1119.6196856472025,546.1700049317193,1.2645611435428843,0.18367654780311587
1144.623779296875,547.4287719726562,1144.623779296875,547.4287719726562,1144.465472883821,546.2480605311673,1.1912768059846308,0.18822749630502544
1169.5068359375,547.4287719726562,1169.5068359375,547.4287719726562,1169.3111382335596,546.3261157476951,1.1198876469419197,0.19277847995371208
1194.3900146484375,547.4287719726562,1194.3900146484375,547.4287719726562,1194.156925470178,546.4041713471431,1.0507792379103977,0.19732953942470552
1219.2730712890625,547.4287719726562,1219.2730712890625,547.4287719726562,1219.0025908199168,546.4822265636709,0.9844327785382339,0.20188062644750446
1244.15625,547.4287719726562,1244.15625,547.4287719726562,1243.8483780565352,546.5602821631189,0.9214443460366688,0.2064317823762941
1269.0394287109375,547.4287719726562,1269.0394287109375,547.4287719726562,1268.694165293154,546.638337762567,0.8625503278876604,0.2109829818703546
1293.9224853515625,547.4287719726562,1293.9224853515625,547.4287719726562,1293.5398306428926,546.7163929790947,0.8086460638220737,0.215534199842532
1318.8056640625,547.4287719726562,1318.8056640625,547.4287719726562,1318.385617879511,546.7944485785428,0.7607923265670006,0.22008547841578913
1343.688720703125,547.4287719726562,1343.688720703125,547.4287719726562,1343.2312832292498,546.8725037950707,0.7201967286094204,0.2246367706090595
1368.57177734375,547.4287719726562,1368.57177734375,547.4287719726562,1368.0769485789885,546.9505590115984,0.6881447104781221,0.22918809660798378
1393.4549560546875,547.4287719726562,1393.4549560546875,547.4287719726562,1392.922735815607,547.0286146110465,0.6658710813193696,0.23373947676580145
1418.338134765625,547.4287719726562,1418.338134765625,547.4287719726562,1417.7685230522254,547.1066702104945,0.6543753122098364,0.23829088693092237
1443.22119140625,547.4287719726562,1443.22119140625,547.4287719726562,1442.6141884019642,547.1847254270223,0.6542257742155355,0.2428423030879426
1468.1043701171875,547.4287719726562,1468.1043701171875,547.4287719726562,1467.4599756385828,547.2627810264703,0.6654301152426966,0.2473937683300567
1492.987548828125,547.4287719726562,1492.987548828125,547.4287719726562,1492.3057628752013,547.3408366259183,0.6874334228200302,0.2519452588790871
1517.87060546875,547.4287719726562,1517.87060546875,547.4287719726562,1517.15142822494,547.4188918424462,0.7192451077255431,0.2564967510592789
1542.753662109375,547.4287719726562,1542.753662109375,547.4287719726562,1541.9970935746787,547.496947058974,0.7596339842890755,0.26104826594566977
1567.6368408203125,547.4287719726562,1567.6368408203125,547.4287719726562,1566.8428808112972,547.575002658422,0.8073140091532914,0.2655998246997905
1592.52001953125,547.4287719726562,1592.52001953125,547.4287719726562,1591.6886680479156,547.65305825787,0.8610746927980828,0.27015140390440145
1617.403076171875,547.4287719726562,1617.403076171875,547.4287719726562,1616.5343333976543,547.7311134743978,0.9198502005413538,0.2747029802138634
1642.2861328125,547.4287719726562,1642.2861328125,547.4287719726562,1641.379998747393,547.8091686909257,0.9827413735146155,0.2792545750067886
1667.1693115234375,547.4287719726562,1667.1693115234375,547.4287719726562,1666.2257859840115,547.8872242903736,1.0490085658227735,0.28380620972305937
1692.052490234375,547.4287719726562,1692.052490234375,547.4287719726562,1691.0715732206302,547.9652798898217,1.118051399996994,0.28835786120055606
1716.935546875,547.4287719726562,1716.935546875,547.4287719726562,1715.917238570369,548.0433351063496,1.1893862486911422,0.29290950632846785
1741.8187255859375,547.4287719726562,1741.8187255859375,547.4287719726562,1740.7630258069873,548.1213907057976,1.262625333491179,0.2974611890318858
1766.701904296875,547.4287719726562,1766.701904296875,547.4287719726562,1765.6088130436058,548.1994463052456,1.3374555749204233,0.30201288629226397
1791.5849609375,547.4287719726562,1791.5849609375,547.4287719726562,1790.4544783933445,548.2775015217734,1.4136239352051296,0.30656457513156227
1816.4681396484375,547.4287719726562,1816.4681396484375,547.4287719726562,1815.3002656299632,548.3555571212214,1.4909260325811957,0.31111629959839976
1841.351318359375,547.4287719726562,1841.351318359375,547.4287719726562,1840.1460528665816,548.4336127206694,1.5691940087147203,0.3156680367879395
1866.234375,547.4287719726562,1866.234375,547.4287719726562,1864.9917182163204,548.5116679371972,1.6482898871388376,0.3202197638282928
1891.1175537109375,547.4287719726562,1891.1175537109375,547.4287719726562,1889.8375054529388,548.5897235366452,1.7281007137126068,0.32477152486619093
1916.000732421875,547.4287719726562,1916.000732421875,547.4287719726562,1914.6832926895572,548.6677791360933,1.8085315035513665,0.3293232970885299
1940.8837890625,547.4287719726562,1940.8837890625,547.4287719726562,1939.528958039296,548.745834352621,1.8895026896394307,0.33387505770792414
1965.7667236328125,547.4287719726562,1965.7667236328125,547.4287719726562,1964.374501502155,548.8238891862287,1.970947614904745,0.3384268062914151
1990.64990234375,547.4287719726562,1990.64990234375,547.4287719726562,1989.2202887387734,548.9019447856767,2.0528110474558483,0.3429786094188026
2015.5330810546875,547.4287719726562,2015.5330810546875,547.4287719726562,2014.0660759753919,548.9800003851248,2.1350441424777937,0.34753042204204077
2040.4161376953125,547.4287719726562,2040.4161376953125,547.4287719726562,2038.9117413251306,549.0580556016527,2.2176053711903188,0.35208222146275886
547.4287719726562,572.3118896484375,547.580322265625,571.6766357421875,548.0898036092266,569.2204564582555,2.5084632575133967,0.5990487532872149
572.3118896484375,572.3118896484375,572.651123046875,571.654296875,572.9355299024052,569.2985118662434,2.372890698484617,0.6857306147128086
597.1950073242188,572.3118896484375,597.55712890625,571.8375854492188,597.7812561955838,569.3765672742313,2.4712028446573453,0.5440960922928676
622.078125,572.3118896484375,622.189208984375,571.7301025390625,622.6269824887623,569.4546226822192,2.317208281541188,0.5241976880559828
646.9612426757812,572.3118896484375,647.1250610351562,571.6693725585938,647.472708781941,569.5326780902071,2.16479149274902,0.5910391659448883
671.8443603515625,572.3118896484375,671.9747924804688,571.9458618164062,672.3184350751196,569.610733498195,2.360278478351726,0.3138335060922861
696.7274780273438,572.3118896484375,696.716552734375,572.130859375,697.1641613682982,569.688788906183,2.4827528398595065,0.10131843593588594
721.610595703125,572.3118896484375,721.5957641601562,572.1473388671875,722.0098876614768,569.766844314171,2.4162476262352413,0.08217412173708993
746.4937744140625,572.3118896484375,746.4105834960938,572.2185668945312,746.8556748980953,569.844899913619,2.4150364991877336,0.09371506073458194
771.3768310546875,572.3118896484375,771.4220581054688,572.2880249023438,771.7013402478341,569.9229551301468,2.3815023708583807,0.07877783256125026
796.260009765625,572.3118896484375,796.329833984375,572.3356323242188,796.5471274844525,570.0010107295948,2.3447120196861055,0.1359766448970478
821.14306640625,572.3118896484375,821.1975708007812,572.3587036132812,821.3927928341913,570.0790659461226,2.287981541852427,0.15629572007003925
846.0262451171875,572.3118896484375,846.0379638671875,572.3594970703125,846.2385800708098,570.1571215455706,2.2114937967667987,0.15601377634446476
870.9093627929688,572.3118896484375,870.8867797851562,572.34619140625,871.0843063639884,570.2351769535585,2.120235545598071,0.15187991368441228
895.79248046875,572.3118896484375,895.7957763671875,572.309326171875,895.930032657167,570.3132323615465,2.0006037216377357,0.11543942114687411
920.6756591796875,572.3118896484375,920.675537109375,572.3070678710938,920.7758198937855,570.3912879609945,1.9184027994112434,0.11817182237593153
945.5587768554688,572.3118896484375,945.5606689453125,572.24072265625,945.6215461869641,570.4693433689824,1.772425066938417,0.05730112601093399
970.44189453125,572.3118896484375,970.43701171875,572.3223876953125,970.4672724801427,570.5473987769703,1.775246848727674,0.1431380397074925
995.324951171875,572.3118896484375,995.330810546875,572.3165283203125,995.3129378298814,570.6254539934981,1.6911687712417758,0.14046070008569345
1020.2080688476562,572.3118896484375,1020.2182006835938,572.2741088867188,1020.15866412306,570.703509401486,1.5717275034348255,0.10235538641143846
1045.0911865234375,572.3118896484375,1045.07421875,572.3916015625,1045.0043904162387,570.781564809474,1.6115502915795792,0.22704704846465865
1069.974365234375,572.3118896484375,1069.95654296875,572.3550415039062,1069.8501776528574,570.859620408922,1.4991990634165173,0.19583745345352638
1094.8575439453125,572.3118896484375,1094.8436279296875,572.3378295898438,1094.6959648894758,570.93767600837,1.4079184724828324,0.18274274262827342
1119.7406005859375,572.3118896484375,1119.7470703125,572.2706298828125,1119.5416302392146,571.0157312248979,1.2716038161894023,0.11752599746594747
1144.623779296875,572.3118896484375,1144.62353515625,572.3087768554688,1144.387417475833,571.0937868243459,1.237720620630285,0.160798993518517
1169.5068359375,572.3118896484375,1169.5081787109375,572.3357543945312,1169.2330828255717,571.1718420408737,1.1959806491502576,0.19182227576773908
1194.3900146484375,572.3118896484375,1194.3905029296875,572.3174438476562,1194.0788700621902,571.2498976403217,1.1121015910873353,0.17834721497869493
1219.2730712890625,572.3118896484375,1219.275146484375,572.3032836914062,1218.924535411929,571.3279528568495,1.0364354108959155,0.16865554144613237
1244.15625,572.3118896484375,1244.158203125,572.3076171875,1243.7703226485473,571.4060084562975,0.9815037280589942,0.17750433753372596
1269.0394287109375,572.3118896484375,1269.0389404296875,572.3124389648438,1268.616109885166,571.4840640557455,0.9300487403377456,0.18719473055218158
1293.9224853515625,572.3118896484375,1293.9215087890625,572.314453125,1293.4617752349047,571.5621192722734,0.8816808758144454,0.19381000602512083
1318.8056640625,572.3118896484375,1318.80517578125,572.3148193359375,1318.3075624715232,571.6401748717215,0.8383103000170303,0.19864139232437167
1343.688720703125,572.3118896484375,1343.68798828125,572.3123779296875,1343.153227821262,571.7182300882492,0.7993625004041762,0.2008209417383529
1368.57177734375,572.3118896484375,1368.57177734375,572.3123168945312,1367.9988931710006,571.796285304777,0.7710284540864756,0.20519031202311183
1393.4549560546875,572.3118896484375,1393.4552001953125,572.3114013671875,1392.844680407619,571.874340904225,0.7508370392103529,0.2087961769183595
1418.338134765625,572.3118896484375,1418.3380126953125,572.3118896484375,1417.6904676442375,571.9523965036731,0.7406415558853848,0.21388673379932663
1443.22119140625,572.3118896484375,1443.22119140625,572.311767578125,1442.5361329939763,572.030451720201,0.7405698077470884,0.2182954955560827
1468.1043701171875,572.3118896484375,1468.1043701171875,572.3115844726562,1467.381920230595,572.1085073196489,0.7504493112204303,0.2226642502002056
1492.987548828125,572.3118896484375,1492.9876708984375,572.311767578125,1492.2277074672133,572.1865629190969,0.7702081689000233,0.227374069082541
1517.87060546875,572.3118896484375,1517.87060546875,572.3118896484375,1517.073372816952,572.2646181356248,0.7986328925209211,0.23206419505656745
1542.753662109375,572.3118896484375,1542.753662109375,572.3118896484375,1541.9190381666908,572.3426733521526,0.8351914523725055,0.23661382052641997
1567.6368408203125,572.3118896484375,1567.6368408203125,572.3118896484375,1566.7648254033093,572.4207289516006,0.878781475342059,0.24116356334119873
1592.52001953125,572.3118896484375,1592.52001953125,572.3118896484375,1591.6106126399277,572.4987845510486,0.9284129461648643,0.24571339590349275
1617.403076171875,572.3118896484375,1617.403076171875,572.3118896484375,1616.4562779896664,572.5768397675764,0.9831710753806653,0.2502632909973285
1642.2861328125,572.3118896484375,1642.2861328125,572.3118896484375,1641.3019433394052,572.6548949841043,1.0422483289727953,0.25481326639765506
1667.1693115234375,572.3118896484375,1667.1693115234375,572.3118896484375,1666.1477305760236,572.7329505835523,1.104952461963343,0.25936334019938617
1692.052490234375,572.3118896484375,1692.052490234375,572.3118896484375,1690.9935178126423,572.8110061830004,1.1707006043666872,0.26391348614690974
1716.935546875,572.3118896484375,1716.935546875,572.3118896484375,1715.839183162381,572.8890613995281,1.239007917894292,0.26846367824935
1741.8187255859375,572.3118896484375,1741.8187255859375,572.3118896484375,1740.6849703989994,572.9671169989762,1.3094745911253403,0.2730139577272511
1766.701904296875,572.3118896484375,1766.701904296875,572.3118896484375,1765.5307576356179,573.0451725984242,1.3817700195455436,0.27756429905926394
1791.5849609375,572.3118896484375,1791.5849609375,572.3118896484375,1790.3764229853566,573.123227814952,1.4556213801033573,0.2821146769290809
1816.4681396484375,572.3118896484375,1816.4681396484375,572.3118896484375,1815.2222102219753,573.2012834144,1.5308041699242398,0.2866651331799105
1841.351318359375,572.3118896484375,1841.351318359375,572.3118896484375,1840.0679974585937,573.279339013848,1.6071312357786203,0.29121564286096796
1866.234375,572.3118896484375,1866.234375,572.3118896484375,1864.9136628083324,573.3573942303758,1.6844466521897623,0.2957661811821505
1891.1175537109375,572.3118896484375,1891.1175537109375,572.3118896484375,1889.7594500449509,573.4354498298238,1.7626210735047854,0.3003167904744226
1916.000732421875,572.3118896484375,1916.000732421875,572.3118896484375,1914.6052372815693,573.5135054292718,1.8415447785397216,0.30486744623566936
1940.8837890625,572.3118896484375,1940.8837890625,572.3118896484375,1939.450902631308,573.5915606457997,1.9211250313772072,0.30941812409099356
1965.7667236328125,572.3118896484375,1965.7667236328125,572.3118896484375,1964.296446094167,573.6696154794073,2.0012834563668935,0.3139688221082756
1990.64990234375,572.3118896484375,1990.64990234375,572.3118896484375,1989.1422333307855,573.7476710788553,2.0819544107847077,0.31851960544110436
2015.5330810546875,572.3118896484375,2015.5330810546875,572.3118896484375,2013.988020567404,573.8257266783033,2.163079855751485,0.3230704277216818
2040.4161376953125,572.3118896484375,2040.4161376953125,572.3118896484375,2038.8336859171427,573.9037818948312,2.2446101118816304,0.3276212650015723
2065.29931640625,572.3118896484375,2065.29931640625,572.3118896484375,2063.679473153761,573.9818374942793,2.32650337856304,0.33217216039741343
2090.182373046875,572.3118896484375,2090.182373046875,572.3118896484375,2088.5251385035,574.059892710807,2.4087218680887754,0.3367230678069582
2115.065673828125,572.3118896484375,2115.065673828125,572.3118896484375,2113.3710476269985,574.1379486931753,2.491234552669279,0.34127405283376877
2139.94873046875,572.3118896484375,2139.94873046875,572.3118896484375,2138.216712976737,574.2160039097031,2.5740115991567167,0.34582502487302597
696.7274780273438,597.1950073242188,697.5841674804688,595.099365234375,697.0861059603103,594.5345151993616,0.7530742592315445,2.21170709866476
721.610595703125,597.1950073242188,722.5932006835938,594.4215698242188,721.9318322534889,594.6125706073495,0.6883963244352335,2.8841277548237882
771.3768310546875,597.1950073242188,771.7412719726562,595.1544189453125,771.6232848398462,594.7686814233253,0.4033787294559924,2.00165890614731
796.260009765625,597.1950073242188,797.33251953125,595.049072265625,796.4690720764646,594.8467370227734,0.8868376726747639,2.331699876617393
846.0262451171875,597.1950073242188,846.6524047851562,594.9183959960938,846.1605246628219,595.0028478387493,0.4990773171318968,2.2783314247430786
870.9093627929688,597.1950073242188,871.9086303710938,594.8936157226562,871.0062509560005,595.0809032467372,0.9216101266047547,2.4262731619137683
895.79248046875,597.1950073242188,896.306884765625,594.8193969726562,895.8519772491791,595.1589586547251,0.5676644999015065,2.3374119298136877
995.324951171875,597.1950073242188,996.1168823242188,595.2281494140625,995.2348824218935,595.4711802866767,0.914870391227808,2.0143278632020465
1020.2080688476562,597.1950073242188,1020.7335205078125,595.7452392578125,1020.0806087150721,595.5492356946647,0.6816972978280629,1.4303229844726582
1045.0911865234375,597.1950073242188,1046.0999755859375,596.6475830078125,1044.9263350082508,595.6272911026526,1.555129505001908,1.0903758137888857
1069.974365234375,597.1950073242188,1071.1561279296875,595.1195678710938,1069.7721222448695,595.7053467021007,1.502866785335419,2.2760146051988817
1094.8575439453125,597.1950073242188,1095.2625732421875,595.7520141601562,1094.617909481488,595.7834023015487,0.6454274395928675,1.3708427300543689
1119.7406005859375,597.1950073242188,1120.84033203125,595.398681640625,1119.4635748312267,595.8614575180765,1.4524537516103921,1.9875871878754696
1144.623779296875,597.1950073242188,1144.87109375,595.4985961914062,1144.309362067845,595.9395131175245,0.7141079879641045,1.57437050729129
1169.5068359375,597.1950073242188,1170.008056640625,596.5505981445312,1169.1550274175838,596.0175683340523,1.0058725735506902,0.7012552053732796
1194.3900146484375,597.1950073242188,1194.60107421875,595.1050415039062,1194.0008146542023,596.0956239335003,1.1582595109264069,1.9511286232987421
1219.2730712890625,597.1950073242188,1219.775634765625,596.02685546875,1218.846480003941,596.1736791500282,0.9406836686921579,1.1272976462445259
1244.15625,597.1950073242188,1244.4180908203125,595.4844970703125,1243.6922672405594,596.2517347494762,1.0561598010027085,1.5723653552566446
1269.0394287109375,597.1950073242188,1269.4486083984375,595.9462890625,1268.538054477178,596.3297903489241,0.9880190687480871,1.1561859887937485
1293.9224853515625,597.1950073242188,1293.9207763671875,596.5315551757812,1293.3837198269168,596.407845565452,0.55112049057834,0.49663428522365255
1318.8056640625,597.1950073242188,1319.2572021484375,596.6002807617188,1318.2295070635353,596.4859011649,1.0340405599881566,0.6082717696931916
1343.688720703125,597.1950073242188,1344.129150390625,596.8853149414062,1343.075172413274,596.5639563814278,1.1018806200366271,0.44543536360003516
1368.57177734375,597.1950073242188,1369.126708984375,596.8564453125,1367.9208377630127,596.6420115979557,1.2247886431719386,0.5612217209651785
1393.4549560546875,597.1950073242188,1393.7318115234375,596.06640625,1392.7666249996312,596.7200671974036,1.1657005018005075,0.9787300244420738
1418.338134765625,597.1950073242188,1418.5936279296875,596.6809692382812,1417.6124122362496,596.7981227968517,0.9881847971581568,0.40211179675559844
1443.22119140625,597.1950073242188,1443.4210205078125,596.5497436523438,1442.4580775859883,596.8761780133796,1.0167686377716858,0.48624858156694256
1468.1043701171875,597.1950073242188,1468.162353515625,595.8636474609375,1467.303864822607,596.9542336128276,1.3879412778407256,1.1337116188399232
1492.987548828125,597.1950073242188,1493.029296875,596.557373046875,1492.1496520592254,597.0322892122756,0.9996601252815178,0.43538682780124205
1517.87060546875,597.1950073242188,1517.974365234375,596.6446533203125,1516.9953174089642,597.1103444288034,1.0841599757273461,0.35278069063526285
1542.753662109375,597.1950073242188,1542.81298828125,596.9583129882812,1541.840982758703,597.1883996453312,0.9988666605780918,0.04427696096491852
1567.6368408203125,597.1950073242188,1567.80126953125,596.7029418945312,1566.6867699953214,597.2664552447792,1.2488620866584212,0.30974941178119275
1592.52001953125,597.1950073242188,1592.690673828125,596.6807861328125,1591.5325572319398,597.3445108442272,1.3348275330177164,0.32794541104248504
1617.403076171875,597.1950073242188,1617.6353759765625,596.8323364257812,1616.3782225816785,597.4225660607551,1.3888144873487165,0.24838540821211968
1642.2861328125,597.1950073242188,1642.3948974609375,597.0963745117188,1641.2238879314173,597.5006212772829,1.2388215229387478,0.15461544778788794
1667.1693115234375,597.1950073242188,1666.9610595703125,596.8828735351562,1666.0696751680357,597.5786768767309,1.1307999127913164,0.24822482723231673
1692.052490234375,597.1950073242188,1692.0968017578125,597.0760498046875,1690.9154624046544,597.656732476179,1.3163415332999742,0.12054479222887678
1716.935546875,597.1950073242188,1716.8948974609375,596.9771118164062,1715.761127754393,597.7347876927067,1.363637224853251,0.07414907717821437
1741.8187255859375,597.1950073242188,1741.7462158203125,596.9530639648438,1740.6069149910115,597.8128432921548,1.4273145663508187,0.10272091885496365
1766.701904296875,597.1950073242188,1766.9791259765625,597.0421752929688,1765.45270222763,597.8908988916028,1.7465111531803985,0.26539219258091373
1791.5849609375,597.1950073242188,1791.3759765625,597.0140991210938,1790.2983675773687,597.9689541081306,1.4397878910119921,0.252383874875501
1816.4681396484375,597.1950073242188,1816.3603515625,596.755615234375,1815.1441548139874,598.0470097075786,1.7739318522743337,0.2273388395901985
1841.351318359375,597.1950073242188,1841.5753173828125,596.2657470703125,1839.9899420506058,598.1250653070266,2.443456414456196,0.6907967867692149
1866.234375,597.1950073242188,1865.9501953125,595.9229736328125,1864.8356074003445,598.2031205235545,2.537986614874768,1.0518532554435867
2040.4161376953125,597.1950073242188,2041.738525390625,594.9603881835938,2038.7556305091548,598.7495081880098,4.822353396607015,2.319784044311473
2065.29931640625,597.1950073242188,2065.341796875,594.3887329101562,2063.6014177457732,598.8275637874578,4.7678233053180765,2.500937125276682
2115.065673828125,597.1950073242188,2114.360107421875,595.35693359375,2113.2929922190106,598.9836749863539,3.780474571401165,1.698057838673791
2139.94873046875,597.1950073242188,2140.214599609375,594.8091430664062,2138.1386575687493,599.0617302028817,4.732233374354385,2.0789536638618853
2164.831787109375,597.1950073242188,2165.171875,596.697998046875,2162.9843229184876,599.1397854194095,3.278369973324867,0.34204351891535006
2189.715087890625,597.1950073242188,2190.220458984375,596.5138549804688,2187.830232041986,599.2178414017777,3.60897872018453,0.5793184375462656
2214.59814453125,597.1950073242188,2215.613525390625,595.8056640625,2212.675897391725,599.2958966183055,4.561949315098363,1.4334899435955233
2239.481201171875,597.1950073242188,2239.36376953125,597.0866088867188,2237.5215627414636,599.3739518348334,2.936948010882183,0.28196327306015584
721.610595703125,622.078125,721.610595703125,622.078125,721.853776845501,619.4582969005281,2.631090332692837,0.04906179820921165
746.4937744140625,622.078125,746.4937744140625,622.078125,746.6995640821195,619.5363524999761,2.5500895728104407,0.05259800678191688
771.3768310546875,622.078125,771.3768310546875,622.078125,771.5452294318583,619.614407716504,2.4694657046475514,0.05628039575560601
796.260009765625,622.078125,796.260009765625,622.078125,796.3910166684767,619.692463315952,2.3892560514372994,0.060082125996225866
821.14306640625,622.078125,821.14306640625,622.078125,821.2366820182154,619.7705185324799,2.309504598771015,0.06398189377076041
846.0262451171875,622.078125,846.0262451171875,622.078125,846.082469254834,619.8485741319279,2.2302596770276,0.06796285965309566
870.9093627929688,622.078125,870.9093627929688,622.078125,870.9281955480126,619.9266295399158,2.151577883188417,0.07201153266436008
895.79248046875,622.078125,895.79248046875,622.078125,895.7739218411912,620.0046849479037,2.073523106284095,0.07611711766367273
920.6756591796875,622.078125,920.6756591796875,622.078125,920.6197090778097,620.0827405473517,1.9961687122512144,0.08027089279865247
945.5587768554688,622.078125,945.5587768554688,622.078125,945.4654353709883,620.1607959553396,1.9195997755322183,0.0844657299600723
970.44189453125,622.078125,970.44189453125,622.078125,970.3111616641669,620.2388513633275,1.8439139332122332,0.08869581199245984
995.324951171875,622.078125,995.324951171875,622.078125,995.1568270139056,620.3169065798554,1.769224704764634,0.09295631696350953
1020.2080688476562,622.078125,1020.2080688476562,622.078125,1020.0025533070842,620.3949619878433,1.6956633990591927,0.09724326572909361
1045.0911865234375,622.078125,1045.0911865234375,622.078125,1044.848279600263,620.4730173958312,1.6233835635137444,0.10155330037084455
1069.974365234375,622.078125,1069.974365234375,622.078125,1069.6940668368816,620.5510729952792,1.5525640137395524,0.10588361241108965
1094.8575439453125,622.078125,1094.8575439453125,622.078125,1094.5398540735,620.6291285947273,1.4834141151902092,0.11023180286034939
1119.7406005859375,622.078125,1119.7406005859375,622.078125,1119.3855194232387,620.707183811255,1.4161787934794519,0.11459581517284981
1144.623779296875,622.078125,1144.623779296875,622.078125,1144.2313066598572,620.7852394107031,1.351143189236207,0.11897394876051767
1169.5068359375,622.078125,1169.5068359375,622.078125,1169.076972009596,620.863294627231,1.288641079244047,0.12336465950278418
1194.3900146484375,622.078125,1194.3900146484375,622.078125,1193.9227592462144,620.9413502266789,1.2290583778511095,0.1277666916167621
1219.2730712890625,622.078125,1219.2730712890625,622.078125,1218.768424595953,621.0194054432068,1.1728407329227166,0.1321788729508171
1244.15625,622.078125,1244.15625,622.078125,1243.6142118325715,621.0974610426548,1.120494164279835,0.13660026124029676
1269.0394287109375,622.078125,1269.0394287109375,622.078125,1268.4599990691902,621.1755166421028,1.0725859207920172,0.14102997096681072
1293.9224853515625,622.078125,1293.9224853515625,622.078125,1293.305664418929,621.2535718586306,1.0297358621884953,0.14546722014371022
1318.8056640625,622.078125,1318.8056640625,622.078125,1318.1514516555474,621.3316274580786,0.9925988381543743,0.14991138088963482
1343.688720703125,622.078125,1343.688720703125,622.078125,1342.997117005286,621.4096826746064,0.9618372093249584,0.1543618145234106
1368.57177734375,622.078125,1368.57177734375,622.078125,1367.8427823550248,621.4877378911343,0.9380781587379491,0.15881801365924503
1393.4549560546875,622.078125,1393.4549560546875,622.078125,1392.6885695916433,621.5657934905823,0.9218632145170033,0.16327952814355057
1418.338134765625,622.078125,1418.338134765625,622.078125,1417.5343568282617,621.6438490900304,0.9135942964861101,0.1677459137580042
1443.22119140625,622.078125,1443.22119140625,622.078125,1442.3800221780004,621.7219043065581,0.9134871936651048,0.17221676956615034
1468.1043701171875,622.078125,1468.1043701171875,622.078125,1467.225809414619,621.7999599060062,0.9215447507387078,0.1766917984385307
1492.987548828125,622.078125,1492.987548828125,622.078125,1492.0715966512375,621.8780155054542,0.9375565050450319,0.18117067084574992
1517.87060546875,622.078125,1517.87060546875,622.078125,1516.9172620009763,621.956070721982,0.961124869270026,0.18565308661473084
1542.753662109375,622.078125,1542.7568359375,622.078125,1541.762927350715,622.0341259385099,0.9948820011925702,0.19006412331894112
1567.6368408203125,622.078125,1567.66796875,622.078125,1566.6087145873335,622.1121815379579,1.0598015044828382,0.19599748336139658
1592.52001953125,622.078125,1592.538818359375,622.078125,1591.454501823952,622.1902371374058,1.0900970050163798,0.19926302688915468
1617.403076171875,622.078125,1617.4124755859375,622.078125,1616.3001671736906,622.2682923539337,1.1284474407154774,0.20342504235260048
1642.2861328125,622.078125,1642.4556884765625,622.078125,1641.1458325234294,622.3463475704615,1.3370362617607978,0.262244086010957
1667.1693115234375,622.078125,1666.8275146484375,622.078125,1665.9916197600478,622.4244031699095,0.9047810980518511,0.41143086990032635
1692.052490234375,622.078125,1691.44970703125,622.078125,1690.8374069966665,622.5024587693575,0.7449634086102322,0.6514299319282831
1716.935546875,622.078125,1714.9884033203125,622.078125,1715.6830723464052,622.5805139858853,0.857297934764487,1.972014476572773
1741.8187255859375,622.078125,1740.629150390625,622.078125,1740.5288595830236,622.6585695853333,0.589045127924955,1.2238974706380188
1766.701904296875,622.078125,1767.666015625,622.078125,1765.374646819642,622.7366251847814,2.384112727100908,0.9773700993371377
1791.5849609375,622.078125,1791.481201171875,622.078125,1790.2203121693808,622.8146804013093,1.4602585167731956,0.263054696152411
1816.4681396484375,622.078125,1816.8153076171875,621.6964111328125,1815.0660994059995,622.8927360007573,2.119179689349334,0.36051980466065825
821.14306640625,646.9612426757812,821.14306640625,646.9612426757812,821.1586266102275,644.6162448256584,2.345049474324245,0.053817231686499524
846.0262451171875,646.9612426757812,846.0262451171875,646.9612426757812,846.0044138468461,644.6943004251065,2.2670473687726935,0.05655312971161802
870.9093627929688,646.9612426757812,870.9093627929688,646.9612426757812,870.8501401400247,644.7723558330944,2.1896878619359175,0.05951186490453136
895.79248046875,646.9612426757812,895.79248046875,646.9612426757812,895.6958664332033,644.8504112410823,2.113041319420418,0.06266188529683692
920.6756591796875,646.9612426757812,920.6756591796875,646.9612426757812,920.5416536698218,644.9284668405303,2.037188030853951,0.06597580609783703
945.5587768554688,646.9612426757812,945.5587768554688,646.9612426757812,945.3873799630004,645.0065222485182,1.9622203860696352,0.06943014717725936
970.44189453125,646.9612426757812,970.44189453125,646.9612426757812,970.233106256179,645.0845776565062,1.888243664990752,0.07300498547454419
995.324951171875,646.9612426757812,995.324951171875,646.9612426757812,995.0787716059177,645.162632873034,1.8153791893798434,0.07668346164656796
1020.2080688476562,646.9612426757812,1020.2080688476562,646.9612426757812,1019.9244978990963,645.2406882810219,1.7437660130283785,0.08045137783861504
1045.0911865234375,646.9612426757812,1045.0911865234375,646.9612426757812,1044.770224192275,645.3187436890098,1.6735649791897766,0.08429673375917932
1069.974365234375,646.9612426757812,1069.974365234375,646.9612426757812,1069.6160114288937,645.3967992884578,1.60496123381312,0.0882094120573799
1094.8575439453125,646.9612426757812,1094.8575439453125,646.9612426757812,1094.461798665512,645.4748548879058,1.53816871065219,0.09218083234692505
1119.7406005859375,646.9612426757812,1119.7406005859375,646.9612426757812,1119.3074640152508,645.5529101044336,1.4734340570194446,0.09620370020423497
1144.623779296875,646.9612426757812,1144.623779296875,646.9612426757812,1144.1532512518693,645.6309657038817,1.4110398517062719,0.10027186072660889
1169.5068359375,646.9612426757812,1169.5068359375,646.9612426757812,1168.998916601608,645.7090209204096,1.3513109843404358,0.10437998070350381
1194.3900146484375,646.9612426757812,1194.3900146484375,646.9612426757812,1193.8447038382265,645.7870765198576,1.2946157891241723,0.10852356028148236
1219.2730712890625,646.9612426757812,1219.2730712890625,646.9612426757812,1218.6903691879652,645.8651317363854,1.2413705853155015,0.11269864991006498
1244.15625,646.9612426757812,1244.15625,646.9612426757812,1243.5361564245836,645.9431873358334,1.1920372131225714,0.11690191230245237
1269.0394287109375,646.9612426757812,1269.0394287109375,646.9612426757812,1268.3819436612023,646.0212429352814,1.1471207882193966,0.12113039639989051
1293.9224853515625,646.9612426757812,1293.9224853515625,646.9612426757812,1293.227609010941,646.0992981518092,1.1071591986525284,0.1253815295207439
1318.8056640625,646.9612426757812,1318.8056640625,646.9612426757812,1318.0733962475595,646.1773537512572,1.0727059237224545,0.12965312345219263
1343.688720703125,646.9612426757812,1343.688720703125,646.9612426757812,1342.9190615972982,646.2554089677851,1.044306642000178,0.1339431807564384
1368.57177734375,646.9612426757812,1368.57177734375,646.9612426757812,1367.764726947037,646.3334641843129,1.0224657339906273,0.13825000158548875
1393.4549560546875,646.9612426757812,1393.4549560546875,646.9612426757812,1392.6105141836554,646.4115197837609,1.007609711923937,0.1425720880065584
1418.338134765625,646.9612426757812,1418.338134765625,646.9612426757812,1417.4563014202738,646.489575383209,1.0000500406758517,0.14690807344161486
1443.22119140625,646.9612426757812,1443.22119140625,646.9612426757812,1442.3019667700125,646.5676305997367,0.9999521979944667,0.15125674122874463
1468.1043701171875,646.9612426757812,1468.1043701171875,646.9612426757812,1467.1477540066312,646.6456861991848,1.0073183572723439,0.15561706903431594
1492.987548828125,646.9612426757812,1492.987548828125,646.9612426757812,1491.9935412432496,646.7237417986328,1.0219871552206743,0.15998808395045414
1517.87060546875,646.9612426757812,1517.87060546875,646.9612426757812,1516.8392065929884,646.8017970151606,1.0436505926856512,0.1643689118675884
1542.753662109375,646.9612426757812,1542.753662109375,646.9612426757812,1541.684871942727,646.8798522316885,1.0718847068191797,0.16875880832692233
1567.6368408203125,646.9612426757812,1567.6368408203125,646.9612426757812,1566.5306591793455,646.9579078311365,1.1061866677921692,0.17315710520635094
1592.52001953125,646.9612426757812,1592.52001953125,646.9612426757812,1591.376446415964,647.0359634305845,1.1460116322286322,0.1775631583481622
1617.403076171875,646.9612426757812,1617.403076171875,646.9612426757812,1616.2221117657027,647.1140186471123,1.1908053686736497,0.1819763826971679
1642.2861328125,646.9612426757812,1642.2861328125,646.9612426757812,1641.0677771154415,647.1920738636401,1.2400296939361253,0.186396288947775
1667.1693115234375,646.9612426757812,1667.1693115234375,646.9612426757812,1665.91356435206,647.2701294630881,1.2931790308366455,0.19082243452186523
1692.052490234375,646.9612426757812,1692.052490234375,646.9612426757812,1690.7593515886786,647.3481850625361,1.349789601256873,0.19525437491593664
1716.935546875,646.9612426757812,1716.935546875,646.9612426757812,1715.6050169384173,647.426240279064,1.4094441043196784,0.1996917025200426
1741.8187255859375,646.9612426757812,1741.8187255859375,646.9612426757812,1740.4508041750357,647.504295878512,1.471773001314966,0.20413410814029037
1766.701904296875,646.9612426757812,1766.701904296875,646.9612426757812,1765.2965914116542,647.58235147796,1.5364506010645347,0.2085812469536129
1791.5849609375,646.9612426757812,1791.5849609375,646.9612426757812,1790.142256761393,647.6604066944878,1.6031923355638973,0.21303280069005293
1816.4681396484375,646.9612426757812,1816.4681396484375,646.9612426757812,1814.9880439980116,647.7384622939359,1.6717516170933375,0.21748854059066153
1841.351318359375,646.9612426757812,1841.351318359375,646.9612426757812,1839.83383123463,647.8165178933839,1.7419135660566218,0.22194819402346735
1866.234375,646.9612426757812,1866.234375,646.9612426757812,1864.6794965843687,647.8945731099117,1.813491821506257,0.22641150782808342
1891.1175537109375,646.9612426757812,1891.1175537109375,646.9612426757812,1889.5252838209872,647.9726287093597,1.8863258232235436,0.23087831224028763
1916.000732421875,646.9612426757812,1916.000732421875,646.9612426757812,1914.3710710576056,648.0506843088077,1.9602752954531066,0.23534838786887
1940.8837890625,646.9612426757812,1940.8837890625,646.9612426757812,1939.2167364073443,648.1287395253355,2.0352182803769816,0.23982152984410848
1965.7667236328125,646.9612426757812,1965.7667236328125,646.9612426757812,1964.0622798702034,648.2067943589432,2.1110489182689767,0.24429756848125717
1990.64990234375,646.9612426757812,1990.64990234375,646.9612426757812,1988.9080671068218,648.2848499583912,2.187675988619597,0.24877641213809873
2015.5330810546875,646.9612426757812,2015.5330810546875,646.9612426757812,2013.7538543434403,648.3629055578392,2.265017996607252,0.2532578704213764
2040.4161376953125,646.9612426757812,2040.4161376953125,646.9612426757812,2038.599519693179,648.440960774367,2.343003759484344,0.25774178494360456
2065.29931640625,646.9612426757812,2065.29931640625,646.9612426757812,2063.445306929797,648.519016373815,2.421571810428806,0.2622280725702391
2090.182373046875,646.9612426757812,2090.182373046875,646.9612426757812,2088.2909722795357,648.5970715903429,2.5006665312287595,0.2667165706451927
2115.065673828125,646.9612426757812,2115.065673828125,646.9612426757812,2113.1368814030343,648.6751275727111,2.580240620370782,0.2712072343996527
2139.94873046875,646.9612426757812,2139.94873046875,646.9612426757812,2137.982546752773,648.753182789239,2.6602495700952264,0.2756998720422921
2164.831787109375,646.9612426757812,2164.831787109375,646.9612426757812,2162.8282121025113,648.8312380057667,2.7406560058307923,0.2801944305559071
2189.715087890625,646.9612426757812,2189.715087890625,646.9612426757812,2187.67412122601,648.9092939881349,2.821426738661279,0.28469086308838865
2214.59814453125,646.9612426757812,2214.59814453125,646.9612426757812,2212.5197865757486,648.9873492046628,2.90252983749904,0.2891889960510667
2239.481201171875,646.9612426757812,2239.481201171875,646.9612426757812,2237.3654519254874,649.0654044211906,2.983938927731904,0.29368879339365467
2264.364501953125,646.9612426757812,2264.364501953125,646.9612426757812,2262.2113610489855,649.1434604035588,3.0656304350827064,0.2981902239409388
2289.24755859375,646.9612426757812,2289.24755859375,646.9612426757812,2287.0570263987242,649.2215156200866,3.1475808298125103,0.3026931284693175
2314.130615234375,646.9612426757812,2314.130615234375,646.9612426757812,2311.902691748463,649.2995708366144,3.22977114465154,0.30719748437792094
2339.013671875,646.9612426757812,2339.013671875,646.9612426757812,2336.7483570982017,649.3776260531423,3.312183519125633,0.3117032287460376
2363.896728515625,646.9612426757812,2363.896728515625,646.9612426757812,2361.5940224479405,649.4556812696701,3.394801781081386,0.31621030222030266
2388.780029296875,646.9612426757812,2388.780029296875,646.9612426757812,2386.4399315714386,649.5337372520383,3.4776120700079307,0.32071869300663614
2413.6630859375,646.9612426757812,2413.6630859375,646.9612426757812,2411.2855969211773,649.6117924685661,3.560599419587514,0.32522825969468583
895.79248046875,671.8443603515625,895.96337890625,670.8049926757812,895.6178110252154,669.6961375342609,1.1614546419378518,1.0326760288067738
920.6756591796875,671.8443603515625,920.8303833007812,671.1941528320312,920.4635982618339,669.7741931337089,1.4665663331930698,0.6481492304692452
945.5587768554688,671.8443603515625,945.7289428710938,671.6342163085938,945.3093245550125,669.8522485416969,1.8307071457363773,0.27778966690199225
970.44189453125,671.8443603515625,970.6522827148438,671.2379760742188,970.1550508481911,669.9303039496848,1.3990160522660329,0.6188480522039371
995.324951171875,671.8443603515625,995.3383178710938,671.9924926757812,995.0007161979298,670.0083591662126,2.012650161731132,0.205966506872138
1020.2080688476562,671.8443603515625,1020.049072265625,672.1346435546875,1019.8464424911084,670.0864145742005,2.0582275826612335,0.36136635912662923
1045.0911865234375,671.8443603515625,1045.0662841796875,671.6558227539062,1044.692168784287,670.1644699821884,1.5375615170737487,0.1325754714407342
1069.974365234375,671.8443603515625,1069.9696044921875,671.894775390625,1069.5379560209058,670.2425255816364,1.707703087208861,0.11933633410831733
1094.8575439453125,671.8443603515625,1094.88623046875,671.923095703125,1094.3837432575242,670.3205811810844,1.6794481804439159,0.1623133202951612
1119.7406005859375,671.8443603515625,1119.7569580078125,671.8269653320312,1119.229408607263,670.3986363976123,1.5226397850176094,0.07985725299157391
1144.623779296875,671.8443603515625,1144.622314453125,671.8548583984375,1144.0751958438814,670.4766919970604,1.4827951316569339,0.09498870561976336
1169.5068359375,671.8443603515625,1169.5181884765625,671.81591796875,1168.92086119362,670.5547472135881,1.3954753873224932,0.07343364898375616
1194.3900146484375,671.8443603515625,1194.3868408203125,671.8687744140625,1193.7666484302385,670.6328028130362,1.3828464843391854,0.11487380063668724
1219.2730712890625,671.8443603515625,1219.258544921875,671.914306640625,1218.6123137799773,670.710858029564,1.3659806910140393,0.16066730797117487
1244.15625,671.8443603515625,1244.1563720703125,671.8383178710938,1243.4581010165957,670.788913629012,1.2604886860888411,0.09532476094684657
1269.0394287109375,671.8443603515625,1269.0294189453125,671.8897705078125,1268.3038882532144,670.86696922846,1.2540004953035302,0.14574152498432755
1293.9224853515625,671.8443603515625,1293.9342041015625,671.8258666992188,1293.1495536029531,670.9450244449878,1.1796437944594318,0.09659765289834271
1318.8056640625,671.8443603515625,1318.8065185546875,671.8173217773438,1317.9953408395716,671.0230800444358,1.1352661431547002,0.08756271420060556
1343.688720703125,671.8443603515625,1343.695556640625,671.8173828125,1342.8410061893103,671.1011352609637,1.1150188468917974,0.09382566118413832
1368.57177734375,671.8443603515625,1368.56005859375,671.8341674804688,1367.686671539049,671.1791904774915,1.091695846721197,0.10766609428483787
1393.4549560546875,671.8443603515625,1393.44580078125,671.8834228515625,1392.5324587756675,671.2572460769395,1.107380229297408,0.16085554372275782
1418.338134765625,671.8443603515625,1418.332763671875,671.8860473632812,1417.378246012286,671.3353016763875,1.1020094255946677,0.1682969436216351
1443.22119140625,671.8443603515625,1443.2158203125,671.8532104492188,1442.2239113620246,671.4133568929153,1.0850596836238608,0.1401795633771296
1468.1043701171875,671.8443603515625,1468.10107421875,671.8629150390625,1467.0696985986433,671.4914124923633,1.096243500302029,0.1543255987572092
1492.987548828125,671.8443603515625,1492.98779296875,671.847412109375,1491.9154858352617,671.5694680918114,1.1077434113680116,0.1439804512830004
1517.87060546875,671.8443603515625,1517.8702392578125,671.8478393554688,1516.7611511850005,671.6475233083393,1.1270327732552783,0.14847459794133858
1542.753662109375,671.8443603515625,1542.7529296875,671.84375,1541.6068165347392,671.725578524867,1.1521891582836463,0.14860505383604852
1567.6368408203125,671.8443603515625,1567.6357421875,671.84912109375,1566.4526037713576,671.8036341243151,1.184012489858201,0.15807683848485826
1592.52001953125,671.8443603515625,1592.5189208984375,671.844482421875,1591.298391007976,671.8816897237631,1.2210968826524617,0.15775748466907452
1617.403076171875,671.8443603515625,1617.40283203125,671.8436889648438,1616.1440563577148,671.9597449402909,1.2641143879099461,0.1613729828579188
1642.2861328125,671.8443603515625,1642.286376953125,671.8441772460938,1640.9897217074536,672.0378001568188,1.3110319056700745,0.16620517616747854
1667.1693115234375,671.8443603515625,1667.1690673828125,671.8441772460938,1665.835508944072,672.1158557562668,1.360950889057307,0.17042903589081176
1692.052490234375,671.8443603515625,1692.0526123046875,671.843994140625,1690.6812961806907,672.1939113557147,1.4152561497304557,0.17460017296614566
1716.935546875,671.8443603515625,1716.935546875,671.8438720703125,1715.5269615304294,672.2719665722426,1.4722016083138512,0.17878035639009393
1741.8187255859375,671.8443603515625,1741.8187255859375,671.84423828125,1740.3727487670478,672.3500221716906,1.531883254231719,0.1834724607142195
1766.701904296875,671.8443603515625,1766.701904296875,671.8442993164062,1765.2185360036663,672.4280777711386,1.5941075175491641,0.18787219316878165
1791.5849609375,671.8443603515625,1791.5849609375,671.8443603515625,1790.064201353405,672.5061329876664,1.6585091903612583,0.1922818524388757
1816.4681396484375,671.8443603515625,1816.4681396484375,671.8443603515625,1814.9099885900237,672.5841885871145,1.724871165900831,0.19664001725941951
1841.351318359375,671.8443603515625,1841.351318359375,671.8443603515625,1839.755775826642,672.6622441865625,1.7929556439895564,0.20100678202950994
1866.234375,671.8443603515625,1866.234375,671.8443603515625,1864.6014411763808,672.7402994030903,1.8625733962375774,0.20538157672022994
1891.1175537109375,671.8443603515625,1891.1175537109375,671.8443603515625,1889.4472284129993,672.8183550025383,1.9335594588897151,0.2097639404999734
1916.000732421875,671.8443603515625,1916.000732421875,671.8443603515625,1914.2930156496177,672.8964106019863,2.0057682577171465,0.21415338856910798
1940.8837890625,671.8443603515625,1940.8837890625,671.8443603515625,1939.1386809993564,672.9744658185142,2.0790720330192514,0.21854947249420137
1965.7667236328125,671.8443603515625,1965.7667236328125,671.8443603515625,1963.9842244622155,673.0525206521218,2.153358912263931,0.22295179837710666
1990.64990234375,671.8443603515625,1990.64990234375,671.8443603515625,1988.830011698834,673.1305762515698,2.2285316468214265,0.22736006721077445
2015.5330810546875,671.8443603515625,2015.5330810546875,671.8443603515625,2013.6757989354523,673.2086318510178,2.30450289534568,0.23177389919532485
2040.4161376953125,671.8443603515625,2040.4161376953125,671.8443603515625,2038.521464285191,673.2866870675457,2.3811958522263525,0.2361929607572547
2065.29931640625,671.8443603515625,2065.29931640625,671.8443603515625,2063.367251521809,673.3647426669937,2.458543695516872,0.24061700592706486
2090.182373046875,671.8443603515625,2090.182373046875,671.8443603515625,2088.212916871548,673.4427978835215,2.5364857914267187,0.24504572255328813
2115.065673828125,671.8443603515625,2115.065673828125,671.8443603515625,2113.0588259950464,673.5208538658896,2.614970120042159,0.24947892590789242
2139.94873046875,671.8443603515625,2139.94873046875,671.8443603515625,2137.904491344785,673.5989090824175,2.6939478177748226,0.2539162962733366
2164.831787109375,671.8443603515625,2164.831787109375,671.8443603515625,2162.7501566945234,673.6769642989453,2.773377437709903,0.25835766017501793
2189.715087890625,671.8443603515625,2189.715087890625,671.8443603515625,2187.596065818022,673.7550202813136,2.853222022790229,0.26280285877263765
2214.59814453125,671.8443603515625,2214.59814453125,671.8443603515625,2212.4417311677607,673.8330754978414,2.9334461861902463,0.26725161566884964
2239.481201171875,671.8443603515625,2239.481201171875,671.8443603515625,2237.2873965174995,673.9111307143692,3.0140203373792476,0.2717037975317913
2264.364501953125,671.8443603515625,2264.364501953125,671.8443603515625,2262.1333056409976,673.9891866967374,3.094917936586896,0.27615928244155313
2289.24755859375,671.8443603515625,2289.24755859375,671.8443603515625,2286.9789709907363,674.0672419132652,3.17611274200163,0.2806178277208282
2314.130615234375,671.8443603515625,2314.130615234375,671.8443603515625,2311.824636340475,674.1452971297931,3.257583263176268,0.2850793314287517
2339.013671875,671.8443603515625,2339.013671875,671.8443603515625,2336.670301690214,674.2233523463209,3.339309319914725,0.2895436568084746
2363.896728515625,671.8443603515625,2363.896728515625,671.8443603515625,2361.5159670399526,674.3014075628487,3.4212725998574314,0.2940106753250681
2388.780029296875,671.8443603515625,2388.780029296875,671.8443603515625,2386.3618761634507,674.3794635452169,3.5034572609305137,0.2984803099288758
2413.6630859375,671.8443603515625,2413.6630859375,671.8443603515625,2411.2075415131894,674.4575187617447,3.5858465243884643,0.3029523590647781
2438.546142578125,671.8443603515625,2438.546142578125,671.8443603515625,2436.053206862928,674.5355739782726,3.668427355788065,0.3074267592901524
2463.429443359375,671.8443603515625,2463.429443359375,671.8443603515625,2460.8991159864268,674.6136299606408,3.751187916121462,0.31190345335576547
2488.3125,671.8443603515625,2488.3125,671.8443603515625,2485.744781336165,674.6916851771686,3.8341149955522926,0.31638225791044594
995.324951171875,696.7274780273438,994.8399047851562,694.9453125,994.9226607899418,694.8540854593912,0.12317032624098628,1.8048855412245195
1020.2080688476562,696.7274780273438,1020.5265502929688,695.6824340820312,1019.7683870831204,694.9321408673791,1.0666542835992672,1.0830395707378881
1045.0911865234375,696.7274780273438,1046.2025146484375,695.3280029296875,1044.6141133762992,695.0101962753671,1.6198826102100412,1.7990656652478225
1069.974365234375,696.7274780273438,1070.3057861328125,695.6900634765625,1069.4599006129179,695.0882518748151,1.038123073997093,1.0715944089290033
1094.8575439453125,696.7274780273438,1095.395751953125,695.4876708984375,1094.3056878495363,695.166307474263,1.136448063190653,1.33652770770906
1119.7406005859375,696.7274780273438,1120.150146484375,695.1983642578125,1119.151353199275,695.2443626907909,0.999851930136282,1.5523582514064962
1144.623779296875,696.7274780273438,1145.2327880859375,695.5095825195312,1143.9971404358935,695.3224182902389,1.2497421989298094,1.341989194310694
1169.5068359375,696.7274780273438,1170.1463623046875,695.5393676757812,1168.8428057856322,695.4004735067667,1.3109352343109033,1.3277028948509648
1194.3900146484375,696.7274780273438,1194.9012451171875,694.7301025390625,1193.6885930222506,695.4785291062148,1.4250148875622495,2.0163363468393145
1219.2730712890625,696.7274780273438,1219.976318359375,695.4353637695312,1218.5342583719894,695.5565843227425,1.4471459600674226,1.4411309595472377
1244.15625,696.7274780273438,1244.771484375,694.8374633789062,1243.3800456086078,695.6346399221906,1.6036184963331281,1.9379768178399748
1269.0394287109375,696.7274780273438,1269.3157958984375,695.6547241210938,1268.2258328452265,695.7126955216386,1.0915036145822985,1.050021653327047
1293.9224853515625,696.7274780273438,1294.2562255859375,695.7612915039062,1293.0714981949652,695.7907507381665,1.1850935985833335,0.9664761464152931
1318.8056640625,696.7274780273438,1319.172607421875,695.4070434570312,1317.9172854315837,695.8688063376145,1.3375568239120077,1.3046150894081194
1343.688720703125,696.7274780273438,1343.6588134765625,695.8272094726562,1342.7629507813224,695.9468615541423,0.9038177854671919,0.8110624671734629
1368.57177734375,696.7274780273438,1368.624755859375,695.8829345703125,1367.6086161310611,696.0249167706701,1.026011156214284,0.7576936873993
1393.4549560546875,696.7274780273438,1393.37060546875,696.4093017578125,1392.4544033676796,696.1029723701181,0.9660558906042219,0.22249130753615298
1418.338134765625,696.7274780273438,1418.566162109375,696.2764892578125,1417.300190604298,696.1810279695661,1.2695655592448134,0.4447092831373713
1443.22119140625,696.7274780273438,1443.33642578125,695.6151733398438,1442.1458559540367,696.259083186094,1.3535421691135707,1.018108773091997
1468.1043701171875,696.7274780273438,1468.0999755859375,695.5850830078125,1466.9916431906554,696.337138785542,1.3393985931186234,1.031475863452109
1492.987548828125,696.7274780273438,1493.1492919921875,696.3306884765625,1491.8374304272738,696.41519438499,1.3145805468121345,0.3490694056440136
1517.87060546875,696.7274780273438,1517.9383544921875,696.126220703125,1516.6830957770126,696.4932496015178,1.3078167510313083,0.4936081003874516
1542.753662109375,696.7274780273438,1542.8712158203125,696.0383911132812,1541.5287611267513,696.5713048180456,1.4443620117512712,0.5866412955752983
1567.6368408203125,696.7274780273438,1567.7047119140625,696.3649291992188,1566.3745483633697,696.6493604174937,1.3602338730971655,0.25806480755925726
1592.52001953125,696.7274780273438,1592.767333984375,696.0304565429688,1591.2203355999882,696.7274160169417,1.6967488057034434,0.6330784105965671
1617.403076171875,696.7274780273438,1617.4368896484375,696.1305541992188,1616.066000949727,696.8054712334695,1.5280212129987536,0.4645017828212781
1642.2861328125,696.7274780273438,1642.5347900390625,696.2556762695312,1640.9116662994657,696.8835264499974,1.7403236834434535,0.4378690036196648
1667.1693115234375,696.7274780273438,1667.0107421875,696.6454467773438,1665.757453536084,696.9615820494454,1.292545532673683,0.1357614453428473
1692.052490234375,696.7274780273438,1692.075439453125,696.3931884765625,1690.6032407727027,697.0396376488934,1.6078760795049885,0.19249382164541065
1716.935546875,696.7274780273438,1716.552001953125,696.3452758789062,1715.4489061224415,697.1176928654212,1.3466433873628811,0.41293977080067246
1741.8187255859375,696.7274780273438,1741.852294921875,696.5508422851562,1740.29469335906,697.1957484648692,1.6858311330367424,0.07221405303268073
1766.701904296875,696.7274780273438,1766.6541748046875,696.5435180664062,1765.1404805956784,697.2738040643172,1.6806510039662195,0.022025052787318002
1791.5849609375,696.7274780273438,1792.081298828125,696.4729614257812,1789.986145945417,697.351859280845,2.2720314789973637,0.5381352160033568
1816.4681396484375,696.7274780273438,1816.4935302734375,696.6179809570312,1814.8319331820358,697.429914880293,1.8493624820186072,0.08797935951741542
1841.351318359375,696.7274780273438,1841.388916015625,696.5115966796875,1839.6777204186542,697.5079704797411,1.9801391669590962,0.08002543552806803
1866.234375,696.7274780273438,1866.1796875,696.44287109375,1864.523385768393,697.586025696269,2.0124954338792604,0.10386990821013424
1891.1175537109375,696.7274780273438,1891.255859375,696.666015625,1889.3691730050114,697.6640812957169,2.134413395236363,0.21150592718322467
1916.000732421875,696.7274780273438,1915.9840087890625,696.6805419921875,1914.2149602416298,697.7421368951649,2.063132691128065,0.14580682004778356
1940.8837890625,696.7274780273438,1941.1475830078125,696.2153930664062,1939.0606255913685,697.8201921116928,2.632635795890321,0.43088845837762346
1965.7667236328125,696.7274780273438,1965.7830810546875,696.471923828125,1963.9061690542276,697.8982469453005,2.357370631033565,0.07076676308360283
1990.64990234375,696.7274780273438,1990.4735107421875,696.6591186523438,1988.751956290846,697.9763025447484,2.1676538319906773,0.20217003400726352
2015.5330810546875,696.7274780273438,2015.560546875,696.6709594726562,2013.5977435274644,698.0543581441964,2.401330644770893,0.1627622620280166
2040.4161376953125,696.7274780273438,2040.3387451171875,696.5677490234375,2038.4434088772032,698.1324133607243,2.457737567555777,0.07502483247416736
2065.29931640625,696.7274780273438,2065.13427734375,696.6676025390625,2063.289196113821,698.2104689601723,2.405153121616978,0.21179595154232775
2090.182373046875,696.7274780273438,2090.12841796875,696.6856079101562,2088.13486146356,698.2885241767001,2.558047712013327,0.183866634889627
2115.065673828125,696.7274780273438,2115.02001953125,696.3838500976562,2112.9807705870585,698.3665801590683,2.8442494181793245,0.11799751057152827
2139.94873046875,696.7274780273438,2139.9677734375,696.3678588867188,2137.826435936797,698.4446353755961,2.9830063487478347,0.1339494172863321
2189.715087890625,696.7274780273438,2189.046630859375,694.0521240234375,2187.518010410034,698.6007465744922,4.798608922396818,2.5189505221719197
2214.59814453125,696.7274780273438,2212.9345703125,694.9014892578125,2212.363675759773,698.67880179102,3.820210800971557,2.280370034143612
2289.24755859375,696.7274780273438,2288.719482421875,693.8330688476562,2286.9009155827484,698.9129682064438,5.395605882918142,2.6845265759719212
2314.130615234375,696.7274780273438,2314.243408203125,694.0858154296875,2311.746580932487,698.9910234229717,5.504108635990015,2.381691512549541
2339.013671875,696.7274780273438,2337.7529296875,695.8509521484375,2336.592246282226,699.0690786394995,3.4210413735810827,1.3863690236123174
2363.896728515625,696.7274780273438,2362.983642578125,698.06201171875,2361.4379116319647,699.1471338560274,1.8885905354859727,1.8412409688903608
2388.780029296875,696.7274780273438,2388.607666015625,697.7351684570312,2386.283820755463,699.2251898383955,2.7605109146861,1.294341433087956
2413.6630859375,696.7274780273438,2413.781982421875,698.5987548828125,2411.1294861052015,699.3032450549233,2.744456797358465,2.1565752554483093
2438.546142578125,696.7274780273438,2439.710693359375,697.0877685546875,2435.9751514549403,699.3813002714512,4.383441690679712,1.341793034482057
2463.429443359375,696.7274780273438,2464.64111328125,697.3529663085938,2460.821060578439,699.4593562538194,4.3623022881962585,1.5272117086939552
2488.3125,696.7274780273438,2488.431396484375,695.9949951171875,2485.666725928177,699.5374114703473,4.493563942289136,0.45628484276064474
2513.195556640625,696.7274780273438,2513.072509765625,696.8218383789062,2510.512391277916,699.615466686875,3.789269823355768,0.4097663208355414
2538.078857421875,696.7274780273438,2537.956787109375,695.9874267578125,2535.3583004014145,699.6935226692433,4.526287670505674,0.4511503030768759
2562.9619140625,696.7274780273438,2563.077880859375,696.3411865234375,2560.203965751153,699.7715778857711,4.475150606185048,0.14568234536372585
2587.844970703125,696.7274780273438,2587.87109375,696.1158447265625,2585.049631100892,699.8496331022989,4.679938793947625,0.3008320115091899
1069.974365234375,721.610595703125,1069.974365234375,721.610595703125,1069.38184520493,719.9339781679937,1.77823686397603,0.08039471351857948
1094.8575439453125,721.610595703125,1094.8575439453125,721.610595703125,1094.2276324415484,720.0120337674417,1.7181934596516852,0.0806833248851778
1119.7406005859375,721.610595703125,1119.7406005859375,721.610595703125,1119.0732977912871,720.0900889839695,1.660492006227428,0.08122642278179314
1144.623779296875,721.610595703125,1144.623779296875,721.610595703125,1143.9190850279056,720.1681445834175,1.6053844540992976,0.08201895728835498
1169.5068359375,721.610595703125,1169.5068359375,721.610595703125,1168.7647503776443,720.2461997999453,1.5531475006450117,0.08305378037945396
1194.3900146484375,721.610595703125,1194.3900146484375,721.610595703125,1193.6105376142627,720.3242553993933,1.5040797265472161,0.08432198216346402
1219.2730712890625,721.610595703125,1219.2730712890625,721.610595703125,1218.4562029640015,720.4023106159212,1.4585015298061927,0.08581320407689853
1244.15625,721.610595703125,1244.15625,721.610595703125,1243.30199020062,720.4803662153693,1.4167492720412862,0.08751606068896481
1269.0394287109375,721.610595703125,1269.0394287109375,721.610595703125,1268.1477774372386,720.5584218148173,1.3791707237051927,0.08941845551488986
1293.9224853515625,721.610595703125,1293.9224853515625,721.610595703125,1292.9934427869773,720.6364770313451,1.3461156241279297,0.09150793387581181
1318.8056640625,721.610595703125,1318.8056640625,721.610595703125,1317.8392300235957,720.7145326307931,1.3179240422534582,0.09377201029262694
1343.688720703125,721.610595703125,1343.688720703125,721.610595703125,1342.6848953733345,720.7925878473209,1.2949139526958158,0.09619833640518506
1368.57177734375,721.610595703125,1368.57177734375,721.610595703125,1367.5305607230732,720.8706430638488,1.2773652412467709,0.09877496624624027
1393.4549560546875,721.610595703125,1393.4549560546875,721.610595703125,1392.3763479596917,720.9486986632968,1.265505082535784,0.10149046641562134
1418.338134765625,721.610595703125,1418.338134765625,721.610595703125,1417.22213519631,721.0267542627447,1.2594942898705024,0.10433398302178293
1443.22119140625,721.610595703125,1443.22119140625,721.610595703125,1442.0678005460488,721.1048094792726,1.2594166032868008,0.10729532375907348
1468.1043701171875,721.610595703125,1468.1043701171875,721.610595703125,1466.9135877826675,721.1828650787206,1.2652731148879592,0.11036503243513456
1492.987548828125,721.610595703125,1492.987548828125,721.610595703125,1491.759375019286,721.2609206781686,1.2769821955675442,0.1135343062332574
1517.87060546875,721.610595703125,1517.87060546875,721.610595703125,1516.6050403690247,721.3389758946964,1.2943849280540822,0.11679502402425689
1542.753662109375,721.610595703125,1542.753662109375,721.610595703125,1541.4507057187634,721.4170311112242,1.317255710586718,0.12013975444789146
1567.6368408203125,721.610595703125,1567.6407470703125,721.610595703125,1566.2964929553818,721.4950867106722,1.3492077130099254,0.12550500724887698
1592.52001953125,721.610595703125,1592.551025390625,721.610595703125,1591.1422801920003,721.5731423101203,1.4092429851859452,0.14411337240464167
1617.403076171875,721.610595703125,1617.4560546875,721.610595703125,1615.987945541739,721.6511975266482,1.4686704776567385,0.16134265176168788
1642.2861328125,721.610595703125,1642.406494140625,721.610595703125,1640.8336108914777,721.729252743176,1.5773525948885596,0.21515684375269953
1667.1693115234375,721.610595703125,1667.42041015625,721.610595703125,1665.6793981280962,721.807308342624,1.7520898221024295,0.33222886483525554
1692.052490234375,721.610595703125,1691.9508056640625,721.610595703125,1690.5251853647148,721.885363942072,1.4518577144631395,0.13827418322933782
1716.935546875,721.610595703125,1716.8009033203125,721.610595703125,1715.3708507144536,721.9634191585998,1.4729340943358753,0.15678089484618768
1741.8187255859375,721.610595703125,1741.2176513671875,721.610595703125,1740.216637951072,722.0414747580478,1.0898094416981137,0.5648613780434756
1766.701904296875,721.610595703125,1766.36962890625,721.610595703125,1765.0624251876905,722.1195303574958,1.4027815383143085,0.3143130201452504
1791.5849609375,721.610595703125,1790.9234619140625,721.610595703125,1789.9080905374292,722.1975855740236,1.172832528975807,0.6274168156898594
1816.4681396484375,721.610595703125,1815.8740234375,721.610595703125,1814.7538777740479,722.2756411734716,1.3026940488768732,0.5642313380309872
1841.351318359375,721.610595703125,1839.8548583984375,720.4172973632812,1839.5996650106663,722.3536967729196,1.9531426826553364,1.7793141182563414
2314.130615234375,721.610595703125,2315.092529296875,718.8604125976562,2311.6685255244993,723.8367497161503,6.040507673212963,2.698365579922129
2388.780029296875,721.610595703125,2389.71630859375,718.8851928710938,2386.205765347475,724.0709161315741,6.262239185647167,2.6524654358107576
2438.546142578125,721.610595703125,2439.14990234375,719.2855834960938,2435.8970960469524,724.2270265646298,5.915962170608373,2.1555956926529807
2488.3125,721.610595703125,2488.814453125,719.7003784179688,2485.588670520189,724.3831377635258,5.686291278320345,1.7203023869854952
2513.195556640625,721.610595703125,2513.7548828125,718.8364868164062,2510.434335869928,724.4611929800536,6.531718872180375,2.564169494910021
2538.078857421875,721.610595703125,2538.70849609375,719.2017211914062,2535.2802449934265,724.5392489624219,6.34366678768928,2.2252372450186613
2587.844970703125,721.610595703125,2588.66796875,718.6458129882812,2584.971575692904,724.6953593954775,7.089452261308191,2.8044523422129752
2612.728271484375,721.610595703125,2613.3818359375,718.7085571289062,2609.817484816402,724.7734153778457,7.0347071363490645,2.692759377992426
2637.611328125,721.610595703125,2638.50390625,719.197021484375,2634.663150166141,724.8514705943735,6.835510371088871,2.302710028742013
2662.494140625,721.610595703125,2662.90771484375,719.8786010742188,2659.5085717421202,724.929525045061,6.088185836896444,1.492105728749363
2687.37744140625,721.610595703125,2687.644287109375,719.6634521484375,2684.3544808656184,725.0075810274292,6.275550860022808,1.6631701106594747
1169.5068359375,746.4937744140625,1169.5068359375,746.4937744140625,1168.6866947781962,745.0919870365639,1.6240810856908385,0.09250276693262383
1194.3900146484375,746.4937744140625,1194.3900146484375,746.4937744140625,1193.5324820148146,745.1700426360119,1.5772216197951576,0.09244307478204661
1219.2730712890625,746.4937744140625,1219.2730712890625,746.4937744140625,1218.3781473645533,745.2480978525397,1.5338184138242075,0.09260737785359217
1244.15625,746.4937744140625,1244.15625,746.4937744140625,1243.2239346011718,745.3261534519877,1.4941722504345762,0.09299449049164092
1269.0394287109375,746.4937744140625,1269.0394287109375,746.4937744140625,1268.0697218377904,745.4042090514357,1.4585897638694334,0.09360164803169514
1293.9224853515625,746.4937744140625,1293.9224853515625,746.4937744140625,1292.9153871875292,745.4822642679636,1.4273750339908142,0.09442460129436324
1318.8056640625,746.4937744140625,1318.8056640625,746.4937744140625,1317.7611744241476,745.5603198674115,1.4008197583161388,0.0954577771897152
1343.688720703125,746.4937744140625,1343.688720703125,746.4937744140625,1342.6068397738863,745.6383750839394,1.3791933726005559,0.09669442733993962
1368.57177734375,746.4937744140625,1368.57177734375,746.4937744140625,1367.452505123625,745.7164303004672,1.3627304112276204,0.09812686354006561
1393.4549560546875,746.4937744140625,1393.4549560546875,746.4937744140625,1392.2982923602435,745.7944858999152,1.3516195204505919,0.09974665963748298
1418.338134765625,746.4937744140625,1418.338134765625,746.4937744140625,1417.144079596862,745.8725414993633,1.3459933433548115,0.10154484375418778
1443.22119140625,746.4937744140625,1443.22119140625,746.4937744140625,1441.9897449466007,745.950596715891,1.3459206495086016,0.1035121095342671
1468.1043701171875,746.4937744140625,1468.1043701171875,746.4937744140625,1466.8355321832194,746.0286523153391,1.3514023343910002,0.10563902994808873
1492.987548828125,746.4937744140625,1492.987548828125,746.4937744140625,1491.6813194198378,746.1067079147871,1.362371367115325,0.10791615680768894
1517.87060546875,746.4937744140625,1517.87060546875,746.4937744140625,1516.5269847695765,746.184763131315,1.3786966874960838,0.11033417822634922
1542.753662109375,746.4937744140625,1542.753662109375,746.4937744140625,1541.3726501193153,746.2628183478428,1.4001909945476856,0.11288405063012828
1567.6368408203125,746.4937744140625,1567.6368408203125,746.4937744140625,1566.2184373559337,746.3408739472908,1.4266208117438859,0.11555705951013608
1592.52001953125,746.4937744140625,1592.52001953125,746.4937744140625,1591.0642245925521,746.4189295467388,1.4577176193292778,0.11834485008732701
1617.403076171875,746.4937744140625,1617.403076171875,746.4937744140625,1615.9098899422909,746.4969847632666,1.4931896807042533,0.12123949027251214
1642.2861328125,746.4937744140625,1642.2861328125,746.4937744140625,1640.7555552920296,746.5750399797945,1.5327333878868241,0.12423352396954951
1667.1693115234375,746.4937744140625,1667.1693115234375,746.4937744140625,1665.601342528648,746.6530955792425,1.5760425128451854,0.12731995476625446
1692.052490234375,746.4937744140625,1692.052490234375,746.4937744140625,1690.4471297652667,746.7311511786904,1.6228154436536562,0.13049221321241453
1716.935546875,746.4937744140625,1716.935546875,746.4937744140625,1715.2927951150054,746.8092063952183,1.6727613935349808,0.13374417610867903
1741.8187255859375,746.4937744140625,1741.8187255859375,746.4937744140625,1740.1385823516239,746.8872619946663,1.7256053326005036,0.13707020140909523
1766.701904296875,746.4937744140625,1766.701904296875,746.4937744140625,1764.9843695882423,746.9653175941144,1.7810891179307635,0.14046501347045032
1791.5849609375,746.4937744140625,1791.5849609375,746.4937744140625,1789.830034937981,747.0433728106422,1.83897353469551,0.14392372771976344
1816.4681396484375,746.4937744140625,1816.4681396484375,746.4937744140625,1814.6758221745997,747.1214284100902,1.8990396166888577,0.14744187987007842
1841.351318359375,746.4937744140625,1841.351318359375,746.4937744140625,1839.5216094112182,747.1994840095382,1.9610866549216315,0.1510153002252008
1866.234375,746.4937744140625,1866.234375,746.4937744140625,1864.367274760957,747.277539226066,2.024932241624321,0.15464013952127603
1891.1175537109375,746.4937744140625,1891.1175537109375,746.4937744140625,1889.2130619975753,747.355594825514,2.0904121861153695,0.15831290016154462
1916.000732421875,746.4937744140625,1916.000732421875,746.4937744140625,1914.0588492341938,747.433650424962,2.1573773963920786,0.1620303070032688
1940.8837890625,746.4937744140625,1940.8837890625,746.4937744140625,1938.9045145839325,747.5117056414899,2.225693475139955,0.1657893383007806
1965.7667236328125,746.4937744140625,1965.7667236328125,746.4937744140625,1963.7500580467915,747.5897604750975,2.295239754758583,0.169587224364292
1990.64990234375,746.4937744140625,1990.64990234375,746.4937744140625,1988.59584528341,747.6678160745455,2.365908753033894,0.17342146740959538
2015.5330810546875,746.4937744140625,2015.5330810546875,746.4937744140625,2013.4416325200284,747.7458716739935,2.4376022073862744,0.17728967390410774
2040.4161376953125,746.4937744140625,2040.4161376953125,746.4937744140625,2038.2872978697671,747.8239268905214,2.510231983992272,0.18118964940344848
2065.29931640625,746.4937744140625,2065.29931640625,746.4937744140625,2063.1330851063854,747.9019824899694,2.583719804770404,0.18511942310130403
2090.182373046875,746.4937744140625,2090.182373046875,746.4937744140625,2087.978750456124,747.9800377064972,2.6579938105470964,0.1890770996830757
2115.065673828125,746.4937744140625,2115.065673828125,746.4937744140625,2112.8246595796227,748.0580936888654,2.732990972453113,0.19306102039792597
2139.94873046875,746.4937744140625,2139.94873046875,746.4937744140625,2137.6703249293614,748.1361489053933,2.808651949190323,0.1970695178176755
2164.831787109375,746.4937744140625,2164.831787109375,746.4937744140625,2162.5159902790997,748.2142041219211,2.884925187729384,0.20110115893668679
2189.715087890625,746.4937744140625,2189.715087890625,746.4937744140625,2187.3618994025983,748.2922601042893,2.961764142893907,0.20515461919154737
2214.59814453125,746.4937744140625,2214.59814453125,746.4937744140625,2212.207564752337,748.3703153208171,3.0391244551796492,0.20922855323548858
2239.481201171875,746.4937744140625,2239.481201171875,746.4937744140625,2237.0532301020758,748.4483705373449,3.116968001268637,0.21332182546422027
2264.364501953125,746.4937744140625,2264.364501953125,746.4937744140625,2261.899139225574,748.5264265197131,3.195260233690557,0.21743338415906205
2289.24755859375,746.4937744140625,2289.24755859375,746.4937744140625,2286.7448045753126,748.6044817362409,3.2739674825358365,0.2215621328608127
2314.130615234375,746.4937744140625,2314.130615234375,746.4937744140625,2311.5904699250514,748.6825369527688,3.353061234651558,0.22570716627034088
2339.013671875,746.4937744140625,2339.013671875,746.4937744140625,2336.43613527479,748.7605921692966,3.4325147721264395,0.22986760343876803
2363.896728515625,746.4937744140625,2363.896728515625,746.4937744140625,2361.281800624529,748.8386473858244,3.51230367840426,0.23404262289721472
2388.780029296875,746.4937744140625,2388.780029296875,746.4937744140625,2386.127709748027,748.9167033681927,3.5924063948784606,0.2382314991448154
2413.6630859375,746.4937744140625,2413.6630859375,746.4937744140625,2410.9733750977657,748.9947585847204,3.6728008689916387,0.2424334338479532
2438.546142578125,746.4937744140625,2438.546142578125,746.4937744140625,2435.8190404475044,749.0728138012483,3.7534690875896506,0.2466477985444394
2463.429443359375,746.4937744140625,2463.429443359375,746.4937744140625,2460.664949571003,749.1508697836165,3.8343945687490755,0.2508740083318147
2488.3125,746.4937744140625,2488.3125,746.4937744140625,2485.5106149207413,749.2289250001443,3.9155598227987647,0.25511139366280466
2513.195556640625,746.4937744140625,2513.195556640625,746.4937744140625,2510.35628027048,749.3069802166722,3.996950987177624,0.2593594461623325
2538.078857421875,746.4937744140625,2538.078857421875,746.4937744140625,2535.2021893939786,749.3850361990403,4.07855533884171,0.26361769197222046
2562.9619140625,746.4937744140625,2562.9619140625,746.4937744140625,2560.0478547437174,749.4630914155682,4.160358778857265,0.2678855634379197
2587.844970703125,746.4937744140625,2587.844970703125,746.4937744140625,2584.893520093456,749.541146632096,4.242350543809085,0.2721626474980128
2612.728271484375,746.4937744140625,2612.728271484375,746.4937744140625,2609.7394292169542,749.6192026144643,4.324520728981118,0.2764485586465066
2637.611328125,746.4937744140625,2637.611328125,746.4937744140625,2634.585094566693,749.697257830992,4.406857786673641,0.28074281043867444
2662.494140625,746.4937744140625,2662.494140625,746.4937744140625,2659.4305161426723,749.7753122816795,4.489352486196829,0.2850450237753039
2687.37744140625,746.4937744140625,2687.37744140625,746.4937744140625,2684.2764252661705,749.8533682640477,4.571998680871679,0.2893549683943166
2712.260498046875,746.4937744140625,2712.260498046875,746.4937744140625,2709.122090615909,749.9314234805755,4.65478595718849,0.29367218087640756
2737.1435546875,746.4937744140625,2737.1435546875,746.4937744140625,2733.967755965648,750.0094786971033,4.73770768700525,0.29799638575647125
2762.02685546875,746.4937744140625,2762.02685546875,746.4937744140625,2758.813665089146,750.0875346794716,4.820757747575814,0.30232732552126385
1244.15625,771.3768310546875,1244.414794921875,770.8140258789062,1243.1458793846439,770.1718188017264,1.4221731858695679,0.6644826940179023
1269.0394287109375,771.3768310546875,1269.1455078125,771.0379638671875,1267.9916666212625,770.2498744011745,1.39729542367998,0.3893987539879508
1293.9224853515625,771.3768310546875,1293.910888671875,771.4979248046875,1292.8373319710013,770.3279296177022,1.5878956916496592,0.16478998456494015
1318.8056640625,771.3768310546875,1318.8594970703125,771.39599609375,1317.6831192076197,770.4059852171503,1.537526068598331,0.16127029545021387
1343.688720703125,771.3768310546875,1343.8314208984375,771.5009765625,1342.5287845573584,770.4840404336782,1.6525799609105052,0.28608524003711944
1368.57177734375,771.3768310546875,1368.471923828125,771.3893432617188,1367.3744499070972,770.562095650206,1.3743316987138874,0.04160894104954273
1393.4549560546875,771.3768310546875,1393.4954833984375,771.35205078125,1392.2202371437156,770.640151249654,1.4604978443218695,0.14064400132887472
1418.338134765625,771.3768310546875,1418.3206787109375,771.3797607421875,1417.066024380334,770.718206849102,1.4183832496044824,0.09118512139576526
1443.22119140625,771.3768310546875,1443.2347412109375,771.3856811523438,1441.9116897300728,770.7962620656298,1.4484060483169166,0.12281272079184696
1468.1043701171875,771.3768310546875,1468.119140625,771.3868408203125,1466.7574769666915,770.8743176650778,1.4549253943106302,0.12554378753634166
1492.987548828125,771.3768310546875,1492.971435546875,771.4646606445312,1491.60326420331,770.9523732645258,1.4609350379348103,0.16061661480789852
1517.87060546875,771.3768310546875,1517.8724365234375,771.3856201171875,1516.4489295530486,771.0304284810536,1.4671513872553086,0.11667548845280258
1542.753662109375,771.3768310546875,1542.7633056640625,771.378173828125,1541.2945949027874,771.1084836975815,1.4932662410963256,0.12093402578600373
1567.6368408203125,771.3768310546875,1567.640869140625,771.4176635742188,1566.1403821394058,771.1865392970295,1.5181830167453543,0.14374048159451353
1592.52001953125,771.3768310546875,1592.52099609375,771.3599853515625,1590.9861693760242,771.2645948964775,1.5377881493775911,0.10722296377770664
1617.403076171875,771.3768310546875,1617.37744140625,771.4434204101562,1615.831834725763,771.3426501130053,1.5488882024064898,0.15504777696346403
1642.2861328125,771.3768310546875,1642.2777099609375,771.4081420898438,1640.6775000755017,771.4207053295331,1.6002592016413815,0.13697512487101662
1667.1693115234375,771.3768310546875,1667.1712646484375,771.3993530273438,1665.5232873121201,771.4987609289811,1.650972813805118,0.13957813516216389
1692.052490234375,771.3768310546875,1692.05126953125,771.4000244140625,1690.3690745487388,771.5768165284292,1.6914595504735142,0.14090662039815036
1716.935546875,771.3768310546875,1716.9354248046875,771.3853759765625,1715.2147398984775,771.6548717449571,1.7416614239401793,0.1332108101509042
1741.8187255859375,771.3768310546875,1741.8170166015625,771.3782958984375,1740.060527135096,771.7329273444051,1.7919315579220363,0.12959622934013854
1766.701904296875,771.3768310546875,1766.69970703125,771.3825073242188,1764.9063143717144,771.8109829438531,1.8438678336304803,0.13536672084188672
1791.5849609375,771.3768310546875,1791.5849609375,771.3820190429688,1789.7519797214532,771.8890381603809,1.9018119054738203,0.13928894050804375
1816.4681396484375,771.3768310546875,1816.4671630859375,771.3801879882812,1814.5977669580718,771.9670937598289,1.9593622093822192,0.1402474834253506
1841.351318359375,771.3768310546875,1841.35205078125,771.3768310546875,1839.4435541946903,772.0451493592769,2.02212971323788,0.14161103036864725
1866.234375,771.3768310546875,1866.2357177734375,771.3753662109375,1864.289219544429,772.1232045758047,2.0852140358966875,0.14385634110690146
1891.1175537109375,771.3768310546875,1891.117919921875,771.3757934570312,1889.1350067810474,772.2012601752527,2.1478686707892654,0.1467919162721134
1916.000732421875,771.3768310546875,1916.00048828125,771.3783569335938,1913.9807940176659,772.2793157747008,2.211536061592391,0.1518562560818012
1940.8837890625,771.3768310546875,1940.88330078125,771.3779907226562,1938.8264593674046,772.3573709912285,2.2781093723037777,0.15474854612270741
1965.7667236328125,771.3768310546875,1965.7669677734375,771.3770751953125,1963.6720028302636,772.4354258248362,2.347122529426343,0.15771389289433096
1990.64990234375,771.3768310546875,1990.649658203125,771.3766479492188,1988.517790066882,772.5134814242842,2.416040583342376,0.16053315283861433
2015.5330810546875,771.3768310546875,2015.5330810546875,771.3766479492188,2013.3635773035005,772.5915370237323,2.486503969388894,0.16413600046515617
2040.4161376953125,771.3768310546875,2040.41650390625,771.3762817382812,2038.2092426532392,772.66959224026,2.5582521950681985,0.16751259555752523
2065.29931640625,771.3768310546875,2065.29931640625,771.3766479492188,2063.0550298898575,772.7476478397081,2.6299168556026857,0.17125514034009828
2090.182373046875,771.3768310546875,2090.182373046875,771.3768310546875,2087.900695239596,772.825703056236,2.7028288316317224,0.1750494943347804
2115.065673828125,771.3768310546875,2115.065673828125,771.3768310546875,2112.746604363095,772.9037590386041,2.7766152509311057,0.1787216477758174
2139.94873046875,771.3768310546875,2139.94873046875,771.3768310546875,2137.5922697128335,772.981814255132,2.8511187923135712,0.18243344204057613
2164.831787109375,771.3768310546875,2164.831787109375,771.3768310546875,2162.437935062572,773.0598694716598,2.926285347499197,0.18618253995159126
2189.715087890625,771.3768310546875,2189.715087890625,771.3768310546875,2187.2838441860704,773.1379254540279,3.0020658610904447,0.1899667701917293
2214.59814453125,771.3768310546875,2214.59814453125,771.3768310546875,2212.129509535809,773.2159806705558,3.0784135606289227,0.1937840025020908
2239.481201171875,771.3768310546875,2239.481201171875,771.3768310546875,2236.975174885548,773.2940358870836,3.1552879610466067,0.19763235942367358
2264.364501953125,771.3768310546875,2264.364501953125,771.3768310546875,2261.821084009046,773.3720918694519,3.232652248107939,0.20151009593357716
2289.24755859375,771.3768310546875,2289.24755859375,771.3768310546875,2286.6667493587847,773.4501470859797,3.3104706119969003,0.2054154742695784
2314.130615234375,771.3768310546875,2314.130615234375,771.3768310546875,2311.5124147085235,773.5282023025075,3.388712475191076,0.20934698324221654
2339.013671875,771.3768310546875,2339.013671875,771.3768310546875,2336.358080058262,773.6062575190354,3.467349168609836,0.21330317797155124
2363.896728515625,771.3768310546875,2363.896728515625,771.3768310546875,2361.203745408001,773.6843127355631,3.5463544275107646,0.2172827100575529
2388.780029296875,771.3768310546875,2388.780029296875,771.3768310546875,2386.049654531499,773.7623687179314,3.6257049386507987,0.2212843597872414
2413.6630859375,771.3768310546875,2413.6630859375,771.3768310546875,2410.895319881238,773.8404239344592,3.7053770144829907,0.22530687225257737
2438.546142578125,771.3768310546875,2438.546142578125,771.3768310546875,2435.7409852309765,773.918479150987,3.785351078524111,0.22934918682876088
2463.429443359375,771.3768310546875,2463.429443359375,771.3768310546875,2460.586894354475,773.9965351333552,3.8656091764488454,0.23341031462423273
2488.3125,771.3768310546875,2488.3125,771.3768310546875,2485.4325597042134,774.074590349883,3.9461324511614007,0.23748921286735644
2513.195556640625,771.3768310546875,2513.195556640625,771.3768310546875,2510.278225053952,774.1526455664109,4.02690573394677,0.24158501919750916
2538.078857421875,771.3768310546875,2538.078857421875,771.3768310546875,2535.1241341774507,774.230701548779,4.107915073146885,0.24569692845476498
2562.9619140625,771.3768310546875,2562.9619140625,771.3768310546875,2559.9697995271895,774.308756765307,4.189145230832643,0.2498240668251625
2587.844970703125,771.3768310546875,2587.844970703125,771.3768310546875,2584.815464876928,774.3868119818347,4.270584354950784,0.25396573015862856
2612.728271484375,771.3768310546875,2612.728271484375,771.3768310546875,2609.6613740004263,774.4648679642029,4.352221516832509,0.2581212601159924
2637.611328125,771.3768310546875,2637.611328125,771.3768310546875,2634.507039350165,774.5429231807308,4.434044220365795,0.2622899180190993
2662.494140625,771.3768310546875,2662.494140625,771.3768310546875,2659.3524609261444,774.6209776314182,4.5160423316787925,0.2664710854609556
2687.37744140625,771.3768310546875,2687.37744140625,771.3768310546875,2684.1983700496426,774.6990336137864,4.598208839764113,0.270664304049229
2712.260498046875,771.3768310546875,2712.260498046875,771.3768310546875,2709.0440353993813,774.7770888303143,4.680532544853459,0.27486890276629894
2737.1435546875,771.3768310546875,2737.1435546875,771.3768310546875,2733.88970074912,774.855144046842,4.763006059591135,0.27908440649099236
2762.02685546875,771.3768310546875,2762.02685546875,771.3768310546875,2758.735609872618,774.9332000292103,4.845622545866062,0.2833103699543426
2786.909912109375,771.3768310546875,2786.909912109375,771.3768310546875,2783.581275222357,775.0112552457381,4.928373233239462,0.28754625089321795
2811.79296875,771.3768310546875,2811.79296875,771.3768310546875,2808.4269405720956,775.0893104622659,5.011252243315992,0.29179165700686016
2836.67626953125,771.3768310546875,2836.67626953125,771.3768310546875,2833.272849695594,775.1673664446341,5.0942541279539695,0.2960462202993325
2861.559326171875,771.3768310546875,2861.559326171875,771.3768310546875,2858.1185150453325,775.2454216611619,5.177371387976782,0.30030946986424034
1343.688720703125,796.260009765625,1344.10546875,794.6470947265625,1342.4507289579105,795.3298276702966,1.7900525277164596,1.696525050304417
1368.57177734375,796.260009765625,1369.4515380859375,794.4990234375,1367.2963943076493,795.4078828868245,2.338946387525984,2.0172637253916275
1393.4549560546875,796.260009765625,1394.2713623046875,794.9412231445312,1392.1421815442677,795.4859384862725,2.1977546528377734,1.6057268879177808
1418.338134765625,796.260009765625,1418.9156494140625,795.0294189453125,1416.9879687808861,795.5639940857204,2.0004307546789337,1.3981442407629516
1443.22119140625,796.260009765625,1443.40966796875,795.3557739257812,1441.833634130625,795.6420493022483,1.6018227898512183,0.9339880058893484
1468.1043701171875,796.260009765625,1468.118896484375,794.7874145507812,1466.6794213672435,795.7201049016963,1.7152259045183316,1.4529708318510937
1492.987548828125,796.260009765625,1493.1737060546875,794.6038818359375,1491.525208603862,795.7981605011444,2.035643725101846,1.653636003331741
1517.87060546875,796.260009765625,1517.653564453125,795.5587768554688,1516.3708739536007,795.8762157176722,1.3213865251344263,0.6752173037576507
1542.753662109375,796.260009765625,1543.0191650390625,796.14794921875,1541.2165393033395,795.9542709341999,1.8130005022054703,0.3837192172786814
1567.6368408203125,796.260009765625,1567.5921630859375,795.661865234375,1566.062326539958,796.032326533648,1.5740525504803902,0.55885188718452
1592.52001953125,796.260009765625,1592.570556640625,796.1668701171875,1590.9081137765763,796.110382133096,1.6634022870529763,0.16621413020090323
1617.403076171875,796.260009765625,1617.4674072265625,795.7739868164062,1615.753779126315,796.1884373496239,1.7630344609343311,0.46706943044593546
1642.2861328125,796.260009765625,1642.3111572265625,796.135498046875,1640.5994444760538,796.2664925661517,1.7167178289790577,0.1489458595859878
1667.1693115234375,796.260009765625,1667.1683349609375,796.123046875,1665.4452317126722,796.3445481655997,1.7372816771956185,0.1301029116497003
1692.052490234375,796.260009765625,1692.2703857421875,796.186279296875,1690.291018949291,796.4226037650477,1.9934247302265722,0.32368846277057517
1716.935546875,796.260009765625,1716.905029296875,796.0497436523438,1715.1366842990296,796.5006589815755,1.8249297700297633,0.15878735285569387
1741.8187255859375,796.260009765625,1741.783203125,796.1292724609375,1739.982471535648,796.5787145810235,1.8559721108350011,0.08859015733858956
1766.701904296875,796.260009765625,1766.5848388671875,796.191650390625,1764.8282587722665,796.6567701804715,1.8171158600319157,0.01756816807790431
1791.5849609375,796.260009765625,1791.56884765625,795.9041137695312,1789.6739241220052,796.7348253969994,2.0690135351527976,0.28582614658766553
1816.4681396484375,796.260009765625,1816.4471435546875,796.1787109375,1814.519711358624,796.8128809964473,2.029080218741438,0.08040972676478998
1841.351318359375,796.260009765625,1841.250732421875,796.2053833007812,1839.3654985952423,796.8909365958954,2.0060134350302437,0.03759249184029584
1866.234375,796.260009765625,1866.1788330078125,796.0882568359375,1864.211163944981,796.9689918124233,2.1557865477892895,0.08691150611381694
1891.1175537109375,796.260009765625,1891.117919921875,796.2103881835938,1889.0569511815995,797.0470474118713,2.2243180556419277,0.11141368019413282
1916.000732421875,796.260009765625,1916.177490234375,796.1779174804688,1913.902738418218,797.1251030113193,2.4640731026011493,0.27527657472549255
1940.8837890625,796.260009765625,1940.74951171875,795.9174194335938,1938.7484037679567,797.2031582278471,2.3785620189047543,0.23556232622386872
1965.7667236328125,796.260009765625,1965.7298583984375,795.9801025390625,1963.5939472308157,797.2812130614548,2.5010008211616537,0.1755389715768681
1990.64990234375,796.260009765625,1990.751220703125,796.1661987304688,1988.4397344674342,797.3592686609028,2.6012274942215385,0.19771567279044389
2015.5330810546875,796.260009765625,2015.60302734375,796.2521362304688,2013.2855217040526,797.4373242603508,2.6029796495948583,0.20048743808512454
2040.4161376953125,796.260009765625,2040.2828369140625,796.1497192382812,2038.1311870537913,797.5153794768786,2.5484554162258104,0.0440064891587144
2065.29931640625,796.260009765625,2065.248291015625,796.1511840820312,2062.9769742904095,797.5934350763266,2.6905329577593786,0.04730936922786803
2090.182373046875,796.260009765625,2090.408447265625,796.2211303710938,2087.8226396401483,797.6714902928544,2.964784136935285,0.33200598408443527
2115.065673828125,796.260009765625,2114.8203125,796.1856079101562,2112.668548763647,797.7495462752227,2.66007337996736,0.1689187320078959
2139.94873046875,796.260009765625,2140.013916015625,796.3172607421875,2137.5142141133856,797.8276014917504,2.9205545329354146,0.2551182321102115
2164.831787109375,796.260009765625,2164.5908203125,796.1969604492188,2162.359879463124,797.9056567082783,2.8101138729843766,0.17567962284419594
2189.715087890625,796.260009765625,2189.673828125,796.1768188476562,2187.2057885866225,797.9837126906465,3.058771734345465,0.08514111788019571
2214.59814453125,796.260009765625,2214.414794921875,796.2123413085938,2212.051453936361,798.0617679071743,3.000959739374455,0.14758256001712203
2239.481201171875,796.260009765625,2239.46923828125,796.2518920898438,2236.8971192861,798.1398231237022,3.190623718619516,0.17207266181271053
2264.364501953125,796.260009765625,2264.28173828125,796.209228515625,2261.743028409598,798.2178791060703,3.2372403381459343,0.11728458566243512
2289.24755859375,796.260009765625,2289.20556640625,796.1409301757812,2286.588693759337,798.2959343225982,3.3899948853885755,0.0678978689652966
2314.130615234375,796.260009765625,2313.571533203125,796.3820190429688,2311.4343591090756,798.373989539126,2.9215508836638486,0.5621917505496247
2339.013671875,796.260009765625,2338.784423828125,796.2068481445312,2336.2800244588143,798.4520447556538,3.3634690460297056,0.19522568816910074
2363.896728515625,796.260009765625,2363.69970703125,796.322265625,2361.125689808553,798.5300999721817,3.3911793180744354,0.2738600159669287
2388.780029296875,796.260009765625,2388.341064453125,796.0355834960938,2385.971598932051,798.6081559545498,3.4974985217387093,0.3603223372986439
2413.6630859375,796.260009765625,2413.16357421875,795.1743774414062,2410.81726428179,798.6862111710777,4.223522992140092,0.9849352780096265
2438.546142578125,796.260009765625,2438.2470703125,795.5217895507812,2435.6629296315286,798.7642663876055,4.146256033627569,0.5823596164572684
2463.429443359375,796.260009765625,2464.88623046875,794.6461181640625,2460.508838755027,798.8423223699738,6.063801444067594,2.083910696775048
2587.844970703125,796.260009765625,2587.76708984375,794.0352783203125,2584.7374092774803,799.2325992184533,6.015904657811923,1.9987009865817422
2612.728271484375,796.260009765625,2612.69775390625,793.40234375,2609.5833184009784,799.3106552008214,6.678911042707766,2.6274977060861247
2637.611328125,796.260009765625,2638.605712890625,793.9702758789062,2634.428983750717,799.3887104173492,6.841381377729703,2.314632410388801
2662.494140625,796.260009765625,2662.45068359375,794.2047119140625,2659.2744053266965,799.4667648680368,6.146376568368187,1.8160774421780814
2687.37744140625,796.260009765625,2687.554931640625,793.4573364257812,2684.1203144501947,799.5448208504049,6.989568074268624,2.570673653889747
2712.260498046875,796.260009765625,2713.008544921875,795.6411743164062,2708.9659797999334,799.6228760669327,5.674176732820725,0.896624424423185
2737.1435546875,796.260009765625,2738.120361328125,796.4810180664062,2733.811645149672,799.7009312834606,5.378928911207391,1.146804043426787
2762.02685546875,796.260009765625,2762.777099609375,795.5386352539062,2758.6575542731703,799.7789872658287,5.911957286894184,0.9395167384431539
2786.909912109375,796.260009765625,2786.721435546875,795.6726684570312,2783.503219622909,799.8570424823566,5.278816128364965,0.3479884200310129
2811.79296875,796.260009765625,2812.243408203125,796.3695068359375,2808.3488849726477,799.9350976988844,5.280222475867623,0.6376714867952405
2836.67626953125,796.260009765625,2837.40966796875,794.905517578125,2833.194794096146,800.0131536812527,6.622167947427353,1.345522040255548
2861.559326171875,796.260009765625,2861.15625,795.9020385742188,2858.0404594458846,800.0912088977805,5.220852303688051,0.3500255964401806
2886.4423828125,796.260009765625,2886.55908203125,795.2481689453125,2882.8861247956233,800.1692641143082,6.140667106842341,0.7537877476115098
2911.32568359375,796.260009765625,2911.736083984375,795.6008911132812,2907.732033919122,800.2473200966765,6.133654638369244,0.6025680085304875
2936.208740234375,796.260009765625,2936.371337890625,795.5138549804688,2932.5776992688607,800.3253753132043,6.127187111951902,0.5090523677585169
1443.22119140625,821.14306640625,1443.22119140625,821.14306640625,1441.755578914097,820.4877146519871,1.605461272958796,0.13151385804647747
1468.1043701171875,821.14306640625,1468.1043701171875,821.14306640625,1466.6013661507156,820.5657702514351,1.6100595559153106,0.1306553738286949
1492.987548828125,821.14306640625,1492.987548828125,821.14306640625,1491.447153387334,820.6438258508831,1.6192773839378136,0.12995077139430922
1517.87060546875,821.14306640625,1517.87060546875,821.14306640625,1516.2928187370728,820.7218810674109,1.6330364540663413,0.12940256674819292
1542.753662109375,821.14306640625,1542.753662109375,821.14306640625,1541.1384840868116,820.7999362839387,1.651223281512628,0.1290127497308188
1567.6368408203125,821.14306640625,1567.6368408203125,821.14306640625,1565.98427132343,820.8779918833867,1.6736936531808044,0.1287827579025337
1592.52001953125,821.14306640625,1592.5250244140625,821.14306640625,1590.8300585600484,820.9560474828347,1.705252275761291,0.13361906883662367
1617.403076171875,821.14306640625,1617.4232177734375,821.14306640625,1615.6757239097872,821.0341026993625,1.750887744235545,0.1484521585241433
1642.2861328125,821.14306640625,1642.27099609375,821.14306640625,1640.521389259526,821.1121579158904,1.7498798270566962,0.11455811136394428
1667.1693115234375,821.14306640625,1667.1883544921875,821.14306640625,1665.3671764961443,821.1902135153384,1.8217881718704787,0.1477238825271274
1692.052490234375,821.14306640625,1691.9306640625,821.14306640625,1690.212963732763,821.2682691147864,1.7222572807230223,0.043835932675549485
1716.935546875,821.14306640625,1716.9295654296875,821.14306640625,1715.0586290825017,821.3463243313142,1.881944898056853,0.12522625528667464
1741.8187255859375,821.14306640625,1741.1329345703125,821.14306640625,1739.9044163191202,821.4243799307623,1.2603151957292908,0.5676345372325841
1766.701904296875,821.14306640625,1764.6708984375,821.14306640625,1764.7502035557386,821.5024355302103,0.36801558259782563,1.9121571122884757
1791.5849609375,821.14306640625,1791.5189208984375,821.14306640625,1789.5958689054773,821.5804907467381,1.972173679288779,0.08116024514134569
1816.4681396484375,821.14306640625,1815.84521484375,821.14306640625,1814.441656142096,821.6585463461861,1.495224597665899,0.509348143944572
1841.351318359375,821.14306640625,1841.260986328125,821.14306640625,1839.2874433787144,821.7366019456341,2.060862976929836,0.07545773222202018
1891.1175537109375,821.14306640625,1890.060791015625,822.8427124023438,1888.9788959650716,821.89271276161,1.4397903381416728,2.0129652143245376
1916.000732421875,821.14306640625,1915.9324951171875,821.9595947265625,1913.82468320169,821.9707683610579,2.1078415313350454,0.9016809204571549
1940.8837890625,821.14306640625,1939.4622802734375,821.8052978515625,1938.6703485514288,822.0488235775858,0.8285291977708916,1.5082410215497946
1965.7667236328125,821.14306640625,1964.4884033203125,822.716552734375,1963.5158920142878,822.1268784111935,1.137318797771922,2.0337448100254827
2040.4161376953125,821.14306640625,2038.205322265625,822.4061279296875,2038.0531318372634,822.3610448266173,0.15872747924449587,2.507931957753961
2065.29931640625,821.14306640625,2064.666015625,821.4240112304688,2062.8989190738816,822.4391004260654,2.037899972027908,0.654608578133044
2090.182373046875,821.14306640625,2090.748046875,822.4304809570312,2087.7445844236204,822.5171556425931,3.0047128311977707,1.5559666877754064
2239.481201171875,821.14306640625,2240.066650390625,818.230224609375,2236.819064069572,822.9854884734409,5.758415696142585,2.8549882237184137
2488.3125,821.14306640625,2488.918212890625,818.2797241210938,2485.2764488882376,823.7660429362403,6.584993484470249,2.7665521505091135
2513.195556640625,821.14306640625,2513.2919921875,818.6704711914062,2510.1221142379763,823.8440981527681,6.067498838088587,2.289368498046824
2587.844970703125,821.14306640625,2588.06591796875,818.66552734375,2584.6593540609524,824.0782645681919,6.395498566864691,2.2942574417268156
2637.611328125,821.14306640625,2638.06640625,818.3580932617188,2634.3509285341893,824.234375767088,6.952371591018005,2.6283382566312703
2662.494140625,821.14306640625,2662.77587890625,819.0912475585938,2659.1963501101686,824.3124302177754,6.330385040620738,1.8707251403302938
2687.37744140625,821.14306640625,2687.64697265625,819.5201416015625,2684.0422592336668,824.3904862001436,6.059225640944585,1.4451103955811202
2712.260498046875,821.14306640625,2712.772216796875,820.2589111328125,2708.8879245834055,824.4685414166714,5.727889063730376,0.8879907679868578
2737.1435546875,821.14306640625,2737.3330078125,819.9034423828125,2733.7335899331442,824.5465966331993,5.874920464407263,1.0449377182941075
2762.02685546875,821.14306640625,2762.317626953125,818.4718627929688,2758.5794990566424,824.6246526155675,7.19933488396922,2.4641349296952253
2786.909912109375,821.14306640625,2787.52587890625,820.0662841796875,2783.425164406381,824.7027078320954,6.18969172851461,1.0898849606253758
2811.79296875,821.14306640625,2811.94189453125,819.5081787109375,2808.27082975612,824.7807630486232,6.424707166961741,1.4093025653826965
2836.67626953125,821.14306640625,2836.942138671875,819.3541870117188,2833.116738879618,824.8588190309913,6.703331801291109,1.578366401072147
2861.559326171875,821.14306640625,2862.138671875,818.96240234375,2857.9624042293567,824.9368742475192,7.289411908856196,2.0367696878927526
2886.4423828125,821.14306640625,2886.8095703125,818.9943237304688,2882.8080695790954,825.014929464047,7.229087184329175,1.9426946506342426
2911.32568359375,821.14306640625,2911.692138671875,818.98583984375,2907.653978702594,825.0929854464152,7.321472758240426,1.9462353572677162
2936.208740234375,821.14306640625,2936.17041015625,818.88427734375,2932.4996440523328,825.171040662943,7.2799668145685,1.9923011233805288
2961.091796875,821.14306640625,2961.232666015625,819.4413452148438,2957.3453094020715,825.2490958794708,6.9886700611356805,1.4467604346569534
2985.97509765625,821.14306640625,2985.990234375,819.6868896484375,2982.1912185255696,825.3271518618391,6.800373464755349,1.1838437808790152
3010.85791015625,821.14306640625,3011.07275390625,819.6935424804688,3007.0366401015485,825.4052063125265,6.993805714697717,1.2044969822757159
3035.7412109375,821.14306640625,3036.087646484375,820.1923217773438,3031.882549225047,825.4832622948948,6.758468356119589,0.7873103825720047
1517.87060546875,846.0262451171875,1517.87060546875,846.0262451171875,1516.214763137625,845.5676683040294,1.7181695257197303,0.14580835571922596
1542.753662109375,846.0262451171875,1542.753662109375,846.0262451171875,1541.0604284873637,845.6457235205572,1.735464428967567,0.14469290566375786
1567.6368408203125,846.0262451171875,1567.6368408203125,846.0262451171875,1565.906215723982,845.7237791200052,1.756857678783375,0.14371304754129674
1592.52001953125,846.0262451171875,1592.52001953125,846.0262451171875,1590.7520029606005,845.8018347194533,1.782201621787608,0.14287157709405618
1617.403076171875,846.0262451171875,1617.403076171875,846.0262451171875,1615.5976683103393,845.879889935981,1.8113302806393508,0.14217095466656807
1642.2861328125,846.0262451171875,1642.2861328125,846.0262451171875,1640.443333660078,845.9579451525088,1.8440644244012625,0.1416132662473703
1667.1693115234375,846.0262451171875,1667.1693115234375,846.0262451171875,1665.2891208966964,846.0360007519569,1.880215935815545,0.1412002037861958
1692.052490234375,846.0262451171875,1692.052490234375,846.0262451171875,1690.134908133315,846.1140563514049,1.9195916042638095,0.14093304206192891
1716.935546875,846.0262451171875,1716.935546875,846.0262451171875,1714.9805734830538,846.1921115679328,1.9619971056809298,0.14081261175355844
1741.8187255859375,846.0262451171875,1741.8187255859375,846.0262451171875,1739.8263607196723,846.2701671673808,2.007240824340365,0.14083928808540058
1766.701904296875,846.0262451171875,1766.701904296875,846.0262451171875,1764.6721479562907,846.3482227668288,2.0551351315693864,0.14101298852055918
1791.5849609375,846.0262451171875,1791.5849609375,846.0262451171875,1789.5178133060294,846.4262779833566,2.105498901521876,0.14133316904786375
1816.4681396484375,846.0262451171875,1816.4681396484375,846.0262451171875,1814.363600542648,846.5043335828046,2.158159731983013,0.14179884054598454
1841.351318359375,846.0262451171875,1841.351318359375,846.0262451171875,1839.2093877792665,846.5823891822527,2.21295341819727,0.14240857456931028
1866.234375,846.0262451171875,1866.234375,846.0262451171875,1864.0550531290053,846.6604443987804,2.2697252138020936,0.14316052636816312
1891.1175537109375,846.0262451171875,1891.1175537109375,846.0262451171875,1888.9008403656237,846.7384999982285,2.3283309624834136,0.14405247614884134
1916.000732421875,846.0262451171875,1916.000732421875,846.0262451171875,1913.7466276022421,846.8165555976765,2.388635424978623,0.14508183856987805
1940.8837890625,846.0262451171875,1940.8837890625,846.0262451171875,1938.5922929519809,846.8946108142043,2.4505128867809844,0.1462457060550869
1965.7667236328125,846.0262451171875,1965.7667236328125,846.0262451171875,1963.43783641484,846.9726656478119,2.5138471502506863,0.14754089346668992
1990.64990234375,846.0262451171875,1990.64990234375,846.0262451171875,1988.2836236514584,847.05072124726,2.5785317897364948,0.1489639953279492
2015.5330810546875,846.0262451171875,2015.5330810546875,846.0262451171875,2013.1294108880768,847.128776846708,2.6444671456559585,0.15051137161954334
2040.4161376953125,846.0262451171875,2040.4161376953125,846.0262451171875,2037.9750762378155,847.2068320632358,2.711561649023826,0.15217922300639417
2065.29931640625,846.0262451171875,2065.29931640625,846.0262451171875,2062.8208634744337,847.2848876626838,2.7797320001327477,0.15396365039019766
2090.182373046875,846.0262451171875,2090.182373046875,846.0262451171875,2087.6665288241725,847.3629428792117,2.848900324670231,0.15586063263952382
2115.065673828125,846.0262451171875,2115.065673828125,846.0262451171875,2112.512437947671,847.4409988615798,2.918996680112795,0.15786614065589766
2139.94873046875,846.0262451171875,2139.94873046875,846.0262451171875,2137.35810329741,847.5190540781077,2.9899544703372776,0.1599760543691653
2164.831787109375,846.0262451171875,2164.831787109375,846.0262451171875,2162.203768647148,847.5971092946355,3.0617144383163772,0.1621863175314953
2189.715087890625,846.0262451171875,2189.715087890625,846.0262451171875,2187.0496777706467,847.6751652770038,3.1342222003443574,0.1644929081467762
2214.59814453125,846.0262451171875,2214.59814453125,846.0262451171875,2211.8953431203854,847.7532204935316,3.207425668206567,0.16689178797676965
2239.481201171875,846.0262451171875,2239.481201171875,846.0262451171875,2236.741008470124,847.8312757100593,3.281278940281052,0.16937905707198397
2264.364501953125,846.0262451171875,2264.364501953125,846.0262451171875,2261.5869175936223,847.9093316924276,3.3557398474857454,0.17195090545947625
2289.24755859375,846.0262451171875,2289.24755859375,846.0262451171875,2286.432582943361,847.9873869089554,3.4307674126500416,0.1746035463827019
2314.130615234375,846.0262451171875,2314.130615234375,846.0262451171875,2311.2782482930998,848.0654421254832,3.506325941255597,0.17733337798475404
2339.013671875,846.0262451171875,2339.013671875,846.0262451171875,2336.1239136428385,848.1434973420111,3.582381836692677,0.18013689100920444
2363.896728515625,846.0262451171875,2363.896728515625,846.0262451171875,2360.969578992577,848.2215525585389,3.658904083510726,0.18301069934432956
2388.780029296875,846.0262451171875,2388.780029296875,846.0262451171875,2385.8154881160754,848.2996085409071,3.735864781943146,0.18595157303163148
2413.6630859375,846.0262451171875,2413.6630859375,846.0262451171875,2410.661153465814,848.3776637574349,3.813235920614562,0.18895632438628338
2438.546142578125,846.0262451171875,2438.546142578125,846.0262451171875,2435.506818815553,848.4557189739627,3.890993723265298,0.19202198195839637
2463.429443359375,846.0262451171875,2463.429443359375,846.0262451171875,2460.3527279390514,848.533774956331,3.969116233099209,0.1951457062585288
2488.3125,846.0262451171875,2488.3125,846.0262451171875,2485.1983932887897,848.6118301728587,4.047580844024664,0.19832469372561623
2513.195556640625,846.0262451171875,2513.195556640625,846.0262451171875,2510.0440586385284,848.6898853893866,4.126368761623186,0.2015563584421597
2538.078857421875,846.0262451171875,2538.078857421875,846.0262451171875,2534.889967762027,848.7679413717548,4.205462592271335,0.2048382396474953
2562.9619140625,846.0262451171875,2562.9619140625,846.0262451171875,2559.7356331117658,848.8459965882827,4.284843886516054,0.20816789942180886
2587.844970703125,846.0262451171875,2587.844970703125,846.0262451171875,2584.5812984615045,848.9240518048105,4.364497691551287,0.21154311214141824
2612.728271484375,846.0262451171875,2612.728271484375,846.0262451171875,2609.4272075850026,849.0021077871786,4.4444101406582694,0.2149617658221382
2637.611328125,846.0262451171875,2637.611328125,846.0262451171875,2634.2728729347414,849.0801630037065,4.5245660029405546,0.21842175521398663
2662.494140625,846.0262451171875,2662.494140625,846.0262451171875,2659.1182945107207,849.1582174543939,4.604952519659771,0.22192114417241665
2687.37744140625,846.0262451171875,2687.37744140625,846.0262451171875,2683.964203634219,849.2362734367622,4.6855601480390465,0.22545820005578227
2712.260498046875,846.0262451171875,2712.260498046875,846.0262451171875,2708.8098689839576,849.31432865329,4.7663753807519695,0.22903107738631243
2737.1435546875,846.0262451171875,2737.1435546875,846.0262451171875,2733.6555343336963,849.3923838698178,4.847388584641007,0.23263815865439894
2762.02685546875,846.0262451171875,2762.02685546875,846.0262451171875,2758.5014434571945,849.470439852186,4.928590794924208,0.23627791323201153
2786.909912109375,846.0262451171875,2786.909912109375,846.0262451171875,2783.347108806933,849.5484950687138,5.0099712666758185,0.23994878448368762
2811.79296875,846.0262451171875,2811.79296875,846.0262451171875,2808.192774156672,849.6265502852416,5.091522209805793,0.2436493999297127
2836.67626953125,846.0262451171875,2836.67626953125,846.0262451171875,2833.03868328017,849.7046062676098,5.173236364886319,0.24737846143671477
2861.559326171875,846.0262451171875,2861.559326171875,846.0262451171875,2857.884348629909,849.7826614841376,5.255104552323082,0.25113463029661387
2886.4423828125,846.0262451171875,2886.4423828125,846.0262451171875,2882.7300139796475,849.8607167006655,5.337120447922728,0.254916743080385
2911.32568359375,846.0262451171875,2911.32568359375,846.0262451171875,2907.575923103146,849.9387726830337,5.4192781521527404,0.2587236994882256
2936.208740234375,846.0262451171875,2936.208740234375,846.0262451171875,2932.421588452885,850.0168278995616,5.501569735904868,0.262554345776196
2961.091796875,846.0262451171875,2961.091796875,846.0262451171875,2957.2672538026236,850.0948831160894,5.583990050006399,0.26640769566970784
2985.97509765625,846.0262451171875,2985.97509765625,846.0262451171875,2982.1131629261217,850.1729390984575,5.666534287734593,0.2702828162567519
3010.85791015625,846.0262451171875,3010.85791015625,846.0262451171875,3006.9585845021006,850.250993549145,5.749194714952283,0.2741786716999565
3035.7412109375,846.0262451171875,3035.7412109375,846.0262451171875,3031.804493625599,850.3290495315132,5.831969566258047,0.2780945402447444
3060.624267578125,846.0262451171875,3060.624267578125,846.0262451171875,3056.650158975338,850.4071047480411,5.914851671173906,0.2820294764994999
3085.50732421875,846.0262451171875,3085.50732421875,846.0262451171875,3081.4958243250767,850.4851599645689,5.997837361344432,0.28598273012930847
3110.390625,846.0262451171875,3110.390625,846.0262451171875,3106.341733448575,850.563215946937,6.080923211585581,0.28995359095647294
1617.403076171875,870.9093627929688,1617.3734130859375,870.7572021484375,1615.5196129023514,870.7256162291596,1.8540692519322608,0.20939137975860797
1642.2861328125,870.9093627929688,1642.2657470703125,870.8844604492188,1640.36527825209,870.8036714456875,1.9021852149901803,0.1413091326085164
1667.1693115234375,870.9093627929688,1667.116455078125,870.8798828125,1665.2110654887085,870.8817270451356,1.9053904819355763,0.1091849503852029
1692.052490234375,870.9093627929688,1692.0262451171875,870.8203125,1690.0568527253272,870.9597826445836,1.9743247742829548,0.15697030117282915
1716.935546875,870.9093627929688,1717.0048828125,870.8119506835938,1714.902518075066,871.0378378611114,2.1144650638336673,0.242611589045022
1741.8187255859375,870.9093627929688,1741.804931640625,870.8650512695312,1739.7483053116844,871.1158934605594,2.0718671920979017,0.14455592020564562
1766.701904296875,870.9093627929688,1766.7410888671875,870.9139404296875,1764.5940925483028,871.1939490600074,2.1651785206670833,0.19326643321001793
1791.5849609375,870.9093627929688,1791.550537109375,870.94189453125,1789.4397578980415,871.2720042765352,2.1364365946430013,0.12840413919279692
1816.4681396484375,870.9093627929688,1816.46875,870.8952026367188,1814.2855451346602,871.3500598759832,2.230084884517781,0.15223432254479582
1841.351318359375,870.9093627929688,1841.354736328125,870.8854370117188,1839.1313323712786,871.4281154754312,2.288673211775206,0.15392127936521013
1866.234375,870.9093627929688,1866.2474365234375,870.857666015625,1863.9769977210174,871.506170691959,2.3612392235354003,0.16382964759579285
1891.1175537109375,870.9093627929688,1891.1131591796875,870.9361572265625,1888.8227849576358,871.584226291407,2.3802956937841566,0.1574382986878594
1916.000732421875,870.9093627929688,1915.98486328125,871.0031127929688,1913.6685721942542,871.6622818908551,2.4082583539363607,0.18835071854850768
1940.8837890625,870.9093627929688,1940.88671875,870.9464111328125,1938.514237543993,871.740337107383,2.501796459737325,0.1708582999879886
1965.7667236328125,870.9093627929688,1965.7613525390625,870.9391479492188,1963.359781006852,871.8183919409905,2.557462770284362,0.16144944206392664
1990.64990234375,870.9093627929688,1990.6488037109375,870.875732421875,1988.2055682434705,871.8964475404385,2.64787818880573,0.145367958021998
2015.5330810546875,870.9093627929688,2015.5303955078125,870.9312744140625,2013.051355480089,871.9745031398866,2.6896032483324364,0.162722344903102
2040.4161376953125,870.9093627929688,2040.4154052734375,870.9142456054688,2037.8970208298276,872.0525583564145,2.7636960984851107,0.15782897414003969
2065.29931640625,870.9093627929688,2065.30078125,870.9121704101562,2062.742808066446,872.1306139558625,2.833342810507657,0.16002709968483703
2090.182373046875,870.9093627929688,2090.181396484375,870.91455078125,2087.5884734161846,872.2086691723903,2.8979289928915724,0.1602047263951188
2115.065673828125,870.9093627929688,2115.06494140625,870.9130859375,2112.434382539683,872.2867251547584,2.9676126178569446,0.16109228339353568
2139.94873046875,870.9093627929688,2139.94873046875,870.9105834960938,2137.280047889422,872.3647803712863,3.039170159933322,0.16192382976330738
2164.831787109375,870.9093627929688,2164.83203125,870.9088745117188,2162.12571323916,872.4428355878141,3.1108188244852233,0.1627691554942786
2189.715087890625,870.9093627929688,2189.714111328125,870.9116821289062,2186.9716223626588,872.5208915701824,3.179748535905981,0.16490358042711226
2214.59814453125,870.9093627929688,2214.597900390625,870.9100341796875,2211.8172877123975,872.5989467867101,3.2533417681638563,0.16634679690302115
2239.481201171875,870.9093627929688,2239.481201171875,870.9103393554688,2236.6629530621362,872.6770020032379,3.3262019360028203,0.16857595936502281
2264.364501953125,870.9093627929688,2264.364501953125,870.9095458984375,2261.5088621856344,872.7550579856062,3.4000872555803117,0.17004836424480843
2289.24755859375,870.9093627929688,2289.24755859375,870.9091796875,2286.354527535373,872.833113202134,3.474355893322552,0.17185813740395808
2314.130615234375,870.9093627929688,2314.130615234375,870.9095458984375,2311.200192885112,872.9111684186619,3.5487839971644304,0.17422146100783706
2339.013671875,870.9093627929688,2339.013671875,870.9090576171875,2336.0458582348506,872.9892236351897,3.624225222734907,0.17612451851800814
2363.896728515625,870.9093627929688,2363.896728515625,870.9090576171875,2360.8915235845893,873.0672788517174,3.6998885894979487,0.17843047843198045
2388.780029296875,870.9093627929688,2388.780029296875,870.9092407226562,2385.7374327080875,873.1453348340857,3.775911926577616,0.18094848440933545
2413.6630859375,870.9093627929688,2413.6630859375,870.9093627929688,2410.583098057826,873.2233900506135,3.852408011628622,0.1835106970763935
2438.546142578125,870.9093627929688,2438.546142578125,870.9093627929688,2435.428763407565,873.3014452671414,3.9293907232910406,0.18606670996880117
2463.429443359375,870.9093627929688,2463.429443359375,870.9093627929688,2460.2746725310635,873.3795012495095,4.00676465164187,0.18869795725214625
2488.3125,870.9093627929688,2488.3125,870.9093627929688,2485.120337880802,873.4575564660374,4.08450608895509,0.1914012855988212
2513.195556640625,870.9093627929688,2513.195556640625,870.9093627929688,2509.9660032305405,873.5356116825652,4.1625951591158685,0.19417370883695967
2538.078857421875,870.9093627929688,2538.078857421875,870.9093627929688,2534.811912354039,873.6136676649334,4.241013430394755,0.19701233817579752
2562.9619140625,870.9093627929688,2562.9619140625,870.9093627929688,2559.657577703778,873.6917228814613,4.319741477636033,0.19991429891037724
2587.844970703125,870.9093627929688,2587.844970703125,870.9093627929688,2584.5032430535166,873.769778097989,4.398763394563482,0.20287689972282505
2612.728271484375,870.9093627929688,2612.728271484375,870.9093627929688,2609.3491521770147,873.8478340803573,4.478064403308854,0.20589755294469722
2637.611328125,870.9093627929688,2637.611328125,870.9093627929688,2634.1948175267535,873.9258892968851,4.557628420216002,0.20897368322717227
2662.494140625,870.9093627929688,2662.494140625,870.9093627929688,2659.040239102733,874.0039437475725,4.637441860564506,0.21210287395508387
2687.37744140625,870.9093627929688,2687.37744140625,870.9093627929688,2683.886148226231,874.0819997299408,4.717494377599915,0.215282902893398
2712.260498046875,870.9093627929688,2712.260498046875,870.9093627929688,2708.7318135759697,874.1600549464686,4.797771729879778,0.21851146034494245
2737.1435546875,870.9093627929688,2737.1435546875,870.9093627929688,2733.5774789257084,874.2381101629963,4.878263563226475,0.22178645662649285
2762.02685546875,870.9093627929688,2762.02685546875,870.9093627929688,2758.4233880492066,874.3161661453646,4.958960226257795,0.2251058976542409
2786.909912109375,870.9093627929688,2786.909912109375,870.9093627929688,2783.2690533989453,874.3942213618924,5.03985033455483,0.2284677824993625
2811.79296875,870.9093627929688,2811.79296875,870.9093627929688,2808.114718748684,874.4722765784203,5.120925474437369,0.23187029593851638
2836.67626953125,870.9093627929688,2836.67626953125,870.9093627929688,2832.960627872182,874.5503325607884,5.202177792884182,0.23531170950863517
2861.559326171875,870.9093627929688,2861.559326171875,870.9093627929688,2857.806293221921,874.6283877773163,5.283597558259216,0.23879027528526173
2886.4423828125,870.9093627929688,2886.4423828125,870.9093627929688,2882.6519585716596,874.7064429938441,5.365177907341938,0.2423044253141786
2911.32568359375,870.9093627929688,2911.32568359375,870.9093627929688,2907.497867695158,874.7844989762123,5.446912427439521,0.2458526686810031
2936.208740234375,870.9093627929688,2936.208740234375,870.9093627929688,2932.343533044897,874.8625541927402,5.528792712773686,0.24943348230378568
2961.091796875,870.9093627929688,2961.091796875,870.9093627929688,2957.1891983946357,874.940609409268,5.610813147874872,0.25304551667200026
2985.97509765625,870.9093627929688,2985.97509765625,870.9093627929688,2982.035107518134,875.0186653916362,5.692968481896576,0.25668748967559396
3010.85791015625,870.9093627929688,3010.85791015625,870.9093627929688,3006.8805290941127,875.0967198423236,5.775250572246226,0.26035803883492226
3035.7412109375,870.9093627929688,3035.7412109375,870.9093627929688,3031.7264382176113,875.1747758246918,5.857657238483242,0.2640561135086801
3060.624267578125,870.9093627929688,3060.624267578125,870.9093627929688,3056.57210356735,875.2528310412197,5.940180939481877,0.2677804678640404
3085.50732421875,870.9093627929688,3085.50732421875,870.9093627929688,3081.417768917089,875.3308862577475,6.022817639189666,0.271530055195819
3110.390625,870.9093627929688,3110.390625,870.9093627929688,3106.263678040587,875.4089422401157,6.1055635617849715,0.27530388164273917
3135.273681640625,870.9093627929688,3135.273681640625,870.9093627929688,3131.1093433903256,875.4869974566435,6.188412734860449,0.27910089142336697
3160.15673828125,870.9093627929688,3160.15673828125,870.9093627929688,3155.9550087400644,875.5650526731713,6.271361845555736,0.28292018654748124
3185.0400390625,870.9093627929688,3185.0400390625,870.9093627929688,3180.8009178635625,875.6431086555395,6.354407795435175,0.2867609143629897
3209.923095703125,870.9093627929688,3209.923095703125,870.9093627929688,3205.6465832133013,875.7211638720673,6.437545238709612,0.2906221512715467
1692.052490234375,895.79248046875,1692.0057373046875,895.6781005859375,1689.9787973173393,895.8055089377622,2.0309403241912007,0.18490163183928762
1716.935546875,895.79248046875,1716.9140625,895.5393676757812,1714.824462667078,895.88356415429,2.117757936489755,0.30872281147697833
1741.8187255859375,895.79248046875,1741.879638671875,895.3021240234375,1739.6702499036965,895.961619753738,2.305717534139439,0.5533394817649973
1766.701904296875,895.79248046875,1766.908447265625,895.3700561523438,1764.516037140315,896.039675353186,2.4843542585192906,0.5715758514311674
1791.5849609375,895.79248046875,1791.4232177734375,895.34326171875,1789.3617024900536,896.1177305697138,2.2021914686826034,0.45246840810561895
1816.4681396484375,895.79248046875,1816.3292236328125,895.6007080078125,1814.2074897266723,896.1957861691618,2.203604498674808,0.1927277328620265
1841.351318359375,895.79248046875,1841.29345703125,895.4252319335938,1839.0532769632907,896.2738417686098,2.395526119450177,0.37769313188150067
1866.234375,895.79248046875,1866.2459716796875,895.4445190429688,1863.8989423130295,896.3518969851377,2.5163230273337374,0.3817538244058056
1891.1175537109375,895.79248046875,1890.9549560546875,895.507080078125,1888.744729549648,896.4299525845857,2.3951607183570602,0.27076331170486184
1916.000732421875,895.79248046875,1915.849609375,895.66357421875,1913.5905167862663,896.5080081840337,2.411756216162001,0.11060395674319531
1940.8837890625,895.79248046875,1940.5802001953125,895.6028442382812,1938.436182136005,896.5860634005616,2.3587143446614247,0.21721192426525512
1965.7667236328125,895.79248046875,1965.8663330078125,895.76416015625,1963.281725598864,896.6641182341692,2.7368083601894657,0.26227611305405757
1990.64990234375,895.79248046875,1990.607666015625,895.4741821289062,1988.1275128354825,896.7421738336172,2.785491475518568,0.3097896598590658
2015.5330810546875,895.79248046875,2014.513671875,895.5780639648438,2012.973300072101,896.8202294330653,1.978817915223213,0.8767076428769051
2040.4161376953125,895.79248046875,2040.2021484375,895.59912109375,2037.8189654218397,896.898284649593,2.7142931365205167,0.1612703249677592
2065.29931640625,895.79248046875,2064.918701171875,895.8133544921875,2062.664752658458,896.9763402490411,2.5363004103968647,0.23141717788406269
2090.182373046875,895.79248046875,2089.96484375,895.8265991210938,2087.5104180081967,897.0543954655689,2.744392389133392,0.10325447926120349
2115.065673828125,895.79248046875,2114.85546875,895.71044921875,2112.3563271316953,897.1324514479371,2.8753780913396407,0.059576785771598334
2139.94873046875,895.79248046875,2139.753173828125,895.850341796875,2137.201992481434,897.2105066644649,2.8911199786120965,0.12352031599402293
2164.831787109375,895.79248046875,2164.658935546875,895.8003540039062,2162.0476578311723,897.2885618809927,3.0055838025162056,0.07368812848409978
2189.715087890625,895.79248046875,2189.37646484375,895.9153442382812,2186.893566954671,897.366617863361,2.875930642843392,0.2653325727018717
2214.59814453125,895.79248046875,2214.29638671875,895.7440795898438,2211.7392323044096,897.4446730798887,3.071002591526743,0.15014277271392867
2239.481201171875,895.79248046875,2238.69091796875,895.8530883789062,2236.5848976541483,897.5227282964166,2.687567491182122,0.6523083135991186
2264.364501953125,895.79248046875,2263.9375,895.9085693359375,2261.4308067776465,897.6007842787848,3.0244176834208494,0.33884977962668306
2289.24755859375,895.79248046875,2288.988037109375,895.8525390625,2286.276472127385,897.6788394953127,3.2692442433145117,0.1820626008912283
2314.130615234375,895.79248046875,2313.823974609375,896.0241088867188,2311.122137477124,897.7568947118405,3.2097461901143123,0.3581993095017243
2339.013671875,895.79248046875,2338.563720703125,895.91796875,2335.9678028268627,897.8349499283682,3.2270120016071187,0.3730085275759845
2363.896728515625,895.79248046875,2363.258544921875,895.8878173828125,2360.8134681766014,897.9130051448961,3.1748678337800174,0.5273245768159535
2388.780029296875,895.79248046875,2388.473876953125,895.7677001953125,2385.6593773000995,897.9910611272643,3.5867453395257805,0.1775148385586905
2413.6630859375,895.79248046875,2413.47119140625,895.9273681640625,2410.5050426498383,898.0691163437922,3.658568532983656,0.24744592358013123
2438.546142578125,895.79248046875,2438.365234375,895.8853759765625,2435.350707999577,898.14717156032,3.768698519492584,0.2087216887607719
2463.429443359375,895.79248046875,2463.400146484375,895.8225708007812,2460.1966171230756,898.2252275426881,4.004417534191182,0.18703036845663096
2488.3125,895.79248046875,2488.184814453125,895.97607421875,2485.042282472814,898.303282759216,3.910422846457402,0.3057147253836052
2513.195556640625,895.79248046875,2512.976806640625,895.9599609375,2509.8879478225526,898.3813379757438,3.924807709852517,0.3033394058676309
2538.078857421875,895.79248046875,2537.72314453125,895.7976684570312,2534.733856946051,898.4593939581121,4.002577033628141,0.25340524142327725
2562.9619140625,895.79248046875,2562.489013671875,895.939208984375,2559.57952229579,898.5374491746398,3.900768149200968,0.435505883915727
2587.844970703125,895.79248046875,2587.311279296875,896.156005859375,2584.4251876455287,898.6155043911676,3.7919201004057244,0.6388328964604776
2612.728271484375,895.79248046875,2612.165283203125,896.1713256835938,2609.271096769027,898.6935603735359,3.839008068038594,0.6731259278010612
2637.611328125,895.79248046875,2636.32861328125,896.6312255859375,2634.1167621187656,898.7716155900637,3.077914055776574,1.5115009218001614
2662.494140625,895.79248046875,2661.631103515625,896.576171875,2658.962183694745,898.8496700407511,3.505984443770432,1.1849253057933342
2687.37744140625,895.79248046875,2687.287353515625,896.4927978515625,2683.808092818243,898.9277260231194,4.246661065000131,0.8589547938730719
2712.260498046875,895.79248046875,2712.27587890625,896.01318359375,2708.653758167982,899.0057812396471,4.698446478658865,0.41120530535997313
2737.1435546875,895.79248046875,2737.38916015625,895.7943115234375,2733.4994235177205,899.083836456175,5.094214895371085,0.41564633817231234
2762.02685546875,895.79248046875,2764.2373046875,894.225830078125,2758.3453326412186,899.1618924385432,7.686354546864077,2.7281966253254413
2836.67626953125,895.79248046875,2836.51806640625,892.84033203125,2832.8825724641943,899.396058853967,7.496290441065862,2.7681276042206893
2861.559326171875,895.79248046875,2861.039794921875,893.0059814453125,2857.728237813933,899.4741140704949,7.266577608208038,2.6269281771178785
2911.32568359375,895.79248046875,2911.1796875,892.934814453125,2907.4198122871703,899.630225269391,7.678879320227809,2.6601882364278655
2961.091796875,895.79248046875,2962.707275390625,893.314697265625,2957.111142986648,899.7863357024465,8.555629838871573,2.8623137695407936
2985.97509765625,895.79248046875,2986.504150390625,894.2203369140625,2981.957052110146,899.8643916848148,7.24785878915887,1.5103902220678325
3010.85791015625,895.79248046875,3011.347412109375,895.5931396484375,3006.802473686125,899.9424461355022,6.290702042662582,0.6142333001641197
3035.7412109375,895.79248046875,3036.302490234375,897.2648315429688,3031.6483828096234,900.0205021178705,5.4087370280415,1.8255387302421817
3060.624267578125,895.79248046875,3060.571533203125,896.3673095703125,3056.494048159362,900.0985573343983,5.527033034016068,0.8021879559199055
3085.50732421875,895.79248046875,3085.35009765625,895.974365234375,3081.339713509101,900.176612550926,5.808791915464482,0.41217232107219376
3110.390625,895.79248046875,3110.2724609375,895.9203491210938,3106.185622632599,900.2546685332943,5.957228558430892,0.3611016293751681
3135.273681640625,895.79248046875,3135.847412109375,894.31103515625,3131.0312879823377,900.3327237498221,7.710757752969979,1.4241416005815872
3160.15673828125,895.79248046875,3160.461181640625,894.6914672851562,3155.8769533320765,900.41077896635,7.3297800302285205,0.9576127518642802
3185.0400390625,895.79248046875,3184.982421875,895.4130859375,3180.7228624555746,900.4888349487181,6.626241353323723,0.14594222186828845
3209.923095703125,895.79248046875,3209.635498046875,894.854248046875,3205.5685278053134,900.5668901652459,7.012455127723346,0.7079653511584167
3234.80615234375,895.79248046875,3234.748291015625,895.4242553710938,3230.414193155052,900.6449453817738,6.785278804340864,0.12697169763513289
3259.689453125,895.79248046875,3259.988037109375,895.5256958007812,3255.2601022785507,900.723001364142,7.026048169736816,0.41407961007785526
3284.572265625,895.79248046875,3284.8935546875,895.0361938476562,3280.1055238545296,900.8010558148295,7.4939223880446155,0.6571497332806456
1791.5849609375,920.6756591796875,1789.9410400390625,920.6756591796875,1789.2836468906055,920.9635178063323,0.7176547502609191,1.4583654993376771
1816.4681396484375,920.6756591796875,1815.4395751953125,920.6756591796875,1814.1294341272242,921.0415734057804,1.360280426657972,0.8439515992954569
1841.351318359375,920.6756591796875,1841.5361328125,920.6756591796875,1838.9752213638426,921.1196290052284,2.5991107428994584,0.369106795204985
1866.234375,920.6756591796875,1866.0736083984375,920.6756591796875,1863.8208867135813,921.1976842217562,2.312415432825168,0.025037082738608378
1891.1175537109375,920.6756591796875,1891.61328125,920.4906616210938,1888.6666739501998,921.2757398212042,3.0494003278554076,0.7045193353532747
1916.000732421875,920.6756591796875,1914.08935546875,920.598388671875,1913.5124611868182,921.3537954206522,0.9504979582428116,1.7319899156611704
1940.8837890625,920.6756591796875,1941.0177001953125,920.5960083007812,1938.358126536557,921.43185063718,2.787824323314321,0.3236923896415989
1965.7667236328125,920.6756591796875,1966.029052734375,920.1458129882812,1963.203669999416,921.5099054707877,3.1374409794982614,0.6849207583842396
1990.64990234375,920.6756591796875,1988.7869873046875,921.2591552734375,1988.0494572360344,921.5879610702357,0.8075047084540816,1.7862040221191051
2015.5330810546875,920.6756591796875,2015.30517578125,921.3660278320312,2012.8952444726528,921.6660166696837,2.4285308758327218,0.707492709255318
2040.4161376953125,920.6756591796875,2040.804931640625,920.63818359375,2037.7409098223916,921.7440718862115,3.2574865491685117,0.5657547668001762
2065.29931640625,920.6756591796875,2065.498291015625,921.1752319335938,2062.58669705901,921.8221274856595,2.982591695737003,0.6440751164543086
2090.182373046875,920.6756591796875,2090.259765625,920.78515625,2087.4323624087488,921.9001827021874,3.0393244210425285,0.28764198043921474
2115.065673828125,920.6756591796875,2114.6279296875,921.5026245117188,2112.2782715322473,921.9782386845555,2.397311470783165,0.8996800720394598
2139.94873046875,920.6756591796875,2139.662353515625,921.830322265625,2137.123936881986,922.0562939010834,2.5484548624542085,1.1976726494475713
2164.831787109375,920.6756591796875,2164.70361328125,922.4580078125,2161.9696022317244,922.1343491176112,2.7531021357198786,1.8249750319560987
2189.715087890625,920.6756591796875,2189.343505859375,921.9976196289062,2186.815511355223,922.2124050999795,2.53710248346556,1.3831050952421038
2239.481201171875,920.6756591796875,2240.786376953125,922.3823852539062,2236.5068420547004,922.3685155330351,4.279557373840297,2.2977802919964834
2264.364501953125,920.6756591796875,2263.480224609375,919.6123046875,2261.3527511781986,922.4465715154033,3.543897804976155,1.2325438258666126
2289.24755859375,920.6756591796875,2288.7861328125,920.8306884765625,2286.1984165279373,922.5246267319311,3.0928469704128974,0.36671699276583225
2339.013671875,920.6756591796875,2340.341796875,922.5177612304688,2335.889747227415,922.6807371649868,4.455031674387487,2.429118311493149
2363.896728515625,920.6756591796875,2365.507080078125,922.508056640625,2360.7354125771535,922.7587923815146,4.778250637167011,2.607723838353376
2388.780029296875,920.6756591796875,2388.59375,918.01171875,2385.5813217006516,922.8368483638828,5.688286213745224,2.581794431189319
2513.195556640625,920.6756591796875,2513.09423828125,917.9283447265625,2509.8098922231047,923.2271252123624,6.2341000686825465,2.643407689861214
2562.9619140625,920.6756591796875,2563.2197265625,917.777099609375,2559.501466696342,923.3832364112584,6.727126152653324,2.8159046561332683
2612.728271484375,920.6756591796875,2612.7646484375,918.0953979492188,2609.193041169579,923.5393476101543,6.510988126779777,2.465374295294745
2662.494140625,920.6756591796875,2662.654296875,918.2597045898438,2658.884128095297,923.6954572773697,6.6152535784648725,2.3061407129405125
2737.1435546875,920.6756591796875,2737.68212890625,917.9332275390625,2733.4213679182726,923.9296236927935,7.356007818725441,2.687772106668617
2762.02685546875,920.6756591796875,2762.617919921875,918.679443359375,2758.2672770417707,924.0076796751617,6.878822261628116,1.990310299036281
2786.909912109375,920.6756591796875,2787.31201171875,918.4271240234375,2783.1129423915095,924.0857348916895,7.046421799273169,2.16630899415882
2811.79296875,920.6756591796875,2812.083740234375,920.02587890625,2807.958607741248,924.1637901082174,5.842861217008146,0.6593645985129323
2836.67626953125,920.6756591796875,2836.98193359375,919.7169189453125,2832.8045168647463,924.2418460905856,6.1583907149342725,0.9161946734717767
2861.559326171875,920.6756591796875,2861.796875,920.0166625976562,2857.650182214485,924.3199013071134,5.976029153878978,0.6242785326177694
2886.4423828125,920.6756591796875,2886.577880859375,919.2021484375,2882.495847564224,924.3979565236413,6.607527335602452,1.3320962842165494
2911.32568359375,920.6756591796875,2911.154541015625,919.4697875976562,2907.3417566877224,924.4760125060094,6.292822273361539,1.0302901463854621
2936.208740234375,920.6756591796875,2936.453857421875,918.3280639648438,2932.187422037461,924.5540677225373,7.547555477119247,2.2018721597461237
2961.091796875,920.6756591796875,2961.46630859375,917.9317016601562,2957.0330873872,924.6321229390651,8.034245178052506,2.6109384722108118
2985.97509765625,920.6756591796875,2986.3203125,919.170166015625,2981.878996510698,924.7101789214333,7.10049510339613,1.4035373196659435
3010.85791015625,920.6756591796875,3011.132080078125,919.7413940429688,3006.724418086677,924.7882333721208,6.700602319577831,0.8490795409826657
3035.7412109375,920.6756591796875,3035.5546875,919.7632446289062,3031.5703272101755,924.8662893544889,6.474271572186903,0.715686233554135
3060.624267578125,920.6756591796875,3060.61474609375,919.4829711914062,3056.4159925599142,924.9443445710168,6.888841007703493,0.9984976524246454
3085.50732421875,920.6756591796875,3085.83056640625,920.0283813476562,3081.261657909653,925.0223997875446,6.768688575213179,0.6379370662264181
3110.390625,920.6756591796875,3109.932861328125,919.716796875,3106.107567033151,925.1004557699127,6.604290994492366,0.8129478765495756
3135.273681640625,920.6756591796875,3135.220947265625,920.1493530273438,3130.95323238289,925.1785109864406,6.595894184859762,0.3214123497705397
3160.15673828125,920.6756591796875,3160.103759765625,919.8653564453125,3155.7988977326286,925.2565662029684,6.89905644086049,0.595569550489562
3185.0400390625,920.6756591796875,3185.041748046875,919.8397216796875,3180.6448068561267,925.3346221853367,7.0375438472440575,0.6260427907517391
3209.923095703125,920.6756591796875,3209.864013671875,919.8081665039062,3205.4904722058654,925.4126774018645,7.109037020598323,0.6424323957826292
3234.80615234375,920.6756591796875,3234.8310546875,920.08642578125,3230.336137555604,925.4907326183923,7.029282496286024,0.38887106123213
3259.689453125,920.6756591796875,3259.655517578125,919.9092407226562,3255.1820466791028,925.5687886007605,7.214043531124084,0.5371156273980146
3284.572265625,920.6756591796875,3283.82421875,919.6270751953125,3280.0274682550817,925.646843051448,7.11708643775135,1.0147195436762317
3309.45556640625,920.6756591796875,3309.42041015625,919.9744873046875,3304.8733773785802,925.7248990338162,7.330944150360447,0.46376428390556823
3334.338623046875,920.6756591796875,3334.336669921875,920.4802856445312,3329.7190427283185,925.802954250344,7.046508496126059,0.13941065515251685
3359.221923828125,920.6756591796875,3359.41552734375,920.37109375,3354.564951851817,925.8810102327122,7.340794388171079,0.32576227347284975
3384.10498046875,920.6756591796875,3384.164794921875,920.2422485351562,3379.410617201556,925.95906544924,7.435334654575634,0.254911187634582
1891.1175537109375,945.5587768554688,1891.1175537109375,945.5587768554688,1888.5886185422119,946.1214661143828,2.590778317362291,0.2009209156755995
1916.000732421875,945.5587768554688,1916.000732421875,945.5587768554688,1913.4344057788303,946.1995217138308,2.645106124963324,0.199433236384012
1940.8837890625,945.5587768554688,1940.8837890625,945.5587768554688,1938.280071128569,946.2775769303587,2.7011147008476932,0.19803904724489657
1965.7667236328125,945.5587768554688,1965.7667236328125,945.5587768554688,1963.125614591428,946.3556317639662,2.7587016354943326,0.1967403342564832
1990.64990234375,945.5587768554688,1990.64990234375,945.5587768554688,1987.9714018280465,946.4336873634143,2.8177710001945404,0.19553898128744276
2015.5330810546875,945.5587768554688,2015.5330810546875,945.5587768554688,2012.817189064665,946.5117429628623,2.878231002423097,0.19443680645938388
2040.4161376953125,945.5587768554688,2040.4161376953125,945.5587768554688,2037.6628544144037,946.5897981793902,2.9399955434171554,0.19343550976108947
2065.29931640625,945.5587768554688,2065.29931640625,945.5587768554688,2062.508641651022,946.6678537788382,3.0029847171467363,0.1925366551687033
2090.182373046875,945.5587768554688,2090.182373046875,945.5587768554688,2087.354307000761,946.745908995366,3.067122475344065,0.19174169226134735
2115.065673828125,945.5587768554688,2115.065673828125,945.5587768554688,2112.2002161242594,946.8239649777342,3.132339195771138,0.19105190694837873
2139.94873046875,945.5587768554688,2139.94873046875,945.5587768554688,2137.045881473998,946.902020194262,3.1985676409205714,0.1904684555429156
2164.831787109375,945.5587768554688,2164.831787109375,945.5587768554688,2161.8915468237365,946.9800754107898,3.265746854955166,0.18999231032381278
2189.715087890625,945.5587768554688,2189.715087890625,945.5587768554688,2186.737455947235,947.0581313931581,3.333820034132886,0.1896242765492985
2214.59814453125,945.5587768554688,2214.59814453125,945.5587768554688,2211.583121296974,947.1361866096859,3.402732231005652,0.1893649918087456
2239.481201171875,945.5587768554688,2239.481201171875,945.5587768554688,2236.4287866467125,947.2142418262137,3.472434117846771,0.18921489900530242
2264.364501953125,945.5587768554688,2264.364501953125,945.5587768554688,2261.2746957702107,947.2922978085819,3.5428797810337933,0.18917425817984634
2289.24755859375,945.5587768554688,2289.24755859375,945.5587768554688,2286.1203611199494,947.3703530251097,3.6140243854401213,0.18924314064544914
2314.130615234375,945.5587768554688,2314.130615234375,945.5587768554688,2310.966026469688,947.4484082416376,3.685828105755442,0.1894214259839862
2339.013671875,945.5587768554688,2339.013671875,945.5587768554688,2335.811691819427,947.5264634581654,3.7582531637344387,0.18970880574994214
2363.896728515625,945.5587768554688,2363.896728515625,945.5587768554688,2360.6573571691656,947.6045186746932,3.8312643228033445,0.1901047851935436
2388.780029296875,945.5587768554688,2388.780029296875,945.5587768554688,2385.5032662926637,947.6825746570614,3.904829431334675,0.19060869295625
2413.6630859375,945.5587768554688,2413.6630859375,945.5587768554688,2410.3489316424025,947.7606298735892,3.9789163606589595,0.19121966594865816
2438.546142578125,945.5587768554688,2438.546142578125,945.5587768554688,2435.194596992141,947.8386850901171,4.053497178159225,0.19193668611683853
2463.429443359375,945.5587768554688,2463.429443359375,945.5587768554688,2460.04050611564,947.9167410724853,4.128545856679537,0.19275857862101012
2488.3125,945.5587768554688,2488.3125,945.5587768554688,2484.886171465378,947.9947962890132,4.204035907050552,0.19368399238085499
2513.195556640625,945.5587768554688,2513.195556640625,945.5587768554688,2509.731836815117,948.0728515055409,4.279944669707075,0.19471145881541072
2538.078857421875,945.5587768554688,2538.078857421875,945.5587768554688,2534.5777459386154,948.1509074879091,4.356251006754281,0.1958393832352836
2562.9619140625,945.5587768554688,2562.9619140625,945.5587768554688,2559.423411288354,948.228962704437,4.432932928735568,0.19706601877582894
2587.844970703125,945.5587768554688,2587.844970703125,945.5587768554688,2584.269076638093,948.3070179209648,4.50997198643302,0.19838954484377236
2612.728271484375,945.5587768554688,2612.728271484375,945.5587768554688,2609.114985761591,948.385073903333,4.587350947686572,0.1998080504203063
2637.611328125,945.5587768554688,2637.611328125,945.5587768554688,2633.9606511113298,948.4631291198608,4.665051418132451,0.20131950029871934
2662.494140625,945.5587768554688,2662.494140625,945.5587768554688,2658.806072687309,948.5411835705482,4.743057550481005,0.2029218146152449
2687.37744140625,945.5587768554688,2687.37744140625,945.5587768554688,2683.6519818108072,948.6192395529165,4.821356771671825,0.204612906794392
2712.260498046875,945.5587768554688,2712.260498046875,945.5587768554688,2708.497647160546,948.6972947694443,4.899932804548704,0.2063905469385526
2737.1435546875,945.5587768554688,2737.1435546875,945.5587768554688,2733.3433125102847,948.7753499859722,4.978773273544671,0.20825253448949424
2762.02685546875,945.5587768554688,2762.02685546875,945.5587768554688,2758.189221633783,948.8534059683403,5.057866590042261,0.21019664740197858
2786.909912109375,945.5587768554688,2786.909912109375,945.5587768554688,2783.0348869835216,948.9314611848681,5.137199559270731,0.21222059107290317
2811.79296875,945.5587768554688,2811.79296875,945.5587768554688,2807.8805523332603,949.009516401396,5.21676198726763,0.21432212202348316
2836.67626953125,945.5587768554688,2836.67626953125,945.5587768554688,2832.7264614567584,949.0875723837642,5.296544317367347,0.21649900259320884
2861.559326171875,945.5587768554688,2861.559326171875,945.5587768554688,2857.572126806497,949.165627600292,5.376535229560178,0.2187489412033566
2886.4423828125,945.5587768554688,2886.4423828125,945.5587768554688,2882.417792156236,949.2436828168198,5.4567262982935985,0.2210697275713233
2911.32568359375,945.5587768554688,2911.32568359375,945.5587768554688,2907.2637012797345,949.321738799188,5.537109616871776,0.2234591780642969
2936.208740234375,945.5587768554688,2936.208740234375,945.5587768554688,2932.1093666294732,949.3997940157159,5.617675389151476,0.22591506783001278
2961.091796875,945.5587768554688,2961.091796875,945.5587768554688,2956.955031979212,949.4778492322437,5.698416630733864,0.22843527639375688
2985.97509765625,945.5587768554688,2985.97509765625,945.5587768554688,2981.80094110271,949.5559052146119,5.779326781981324,0.2310177244093598
3010.85791015625,945.5587768554688,3010.85791015625,945.5587768554688,3006.646362678689,949.6339596652994,5.860396495911288,0.23366027220944313
3035.7412109375,945.5587768554688,3035.7412109375,945.5587768554688,3031.4922718021876,949.7120156476675,5.941622357623708,0.23636100597650114
3060.624267578125,945.5587768554688,3060.624267578125,945.5587768554688,3056.3379371519263,949.7900708641954,6.022995725620478,0.2391178773100106
3085.50732421875,945.5587768554688,3085.50732421875,945.5587768554688,3081.183602501665,949.8681260807232,6.104511465464941,0.2419289924115167
3110.390625,945.5587768554688,3110.390625,945.5587768554688,3106.029511625163,949.9461820630914,6.1861647508011925,0.24479251088246518
3135.273681640625,945.5587768554688,3135.273681640625,945.5587768554688,3130.875176974902,950.0242372796192,6.2679486352427745,0.24770656015686549
3160.15673828125,945.5587768554688,3160.15673828125,945.5587768554688,3155.7208423246407,950.102292496147,6.349858842127991,0.25066940483899613
3185.0400390625,945.5587768554688,3185.0400390625,945.5587768554688,3180.566751448139,950.1803484785153,6.4318913507417195,0.2536793649758756
3209.923095703125,945.5587768554688,3209.923095703125,945.5587768554688,3205.4124167978775,950.2584036950431,6.51403996130601,0.2567347254127354
3234.80615234375,945.5587768554688,3234.80615234375,945.5587768554688,3230.2580821476163,950.336458911571,6.59630111033152,0.2598339128518956
3259.689453125,945.5587768554688,3259.689453125,945.5587768554688,3255.103991271115,950.4145148939391,6.678671448101305,0.2629754088080613
3284.572265625,945.5587768554688,3284.57421875,945.5587768554688,3279.9494128470938,950.4925693446265,6.762480163788002,0.26724873183138315
3309.45556640625,945.5587768554688,3309.47412109375,945.5587768554688,3304.7953219705923,950.5706253269948,6.856368305188889,0.2799438279525782
3334.338623046875,945.5587768554688,3334.31005859375,945.5587768554688,3329.6409873203306,950.6486805435226,6.907050463832876,0.2584483845091315
3359.221923828125,945.5587768554688,3359.086181640625,945.5587768554688,3354.486896443829,950.7267365258908,6.918181226057465,0.23477975638904533
3384.10498046875,945.5587768554688,3383.89892578125,945.5587768554688,3379.332561793568,950.8047917424186,6.955023527070138,0.246873126560815
3408.98828125,945.5587768554688,3409.2099609375,945.5587768554688,3404.178470917066,950.8828477247869,7.325409370625504,0.43890071422955246
3433.87109375,945.5587768554688,3433.439208984375,945.5587768554688,3429.0238924930454,950.9609021754743,6.976960490905192,0.38104120562448784
3458.75439453125,945.5587768554688,3457.07861328125,945.5587768554688,3453.8698016165436,951.0389581578424,6.350500720922908,1.5547510227611996
3483.637451171875,945.5587768554688,3481.211669921875,945.5587768554688,3478.7154669662823,951.1170133743703,6.0930306412786965,2.2994250584670812
1965.7667236328125,970.44189453125,1965.7796630859375,970.5839233398438,1963.0475591834402,971.201358057145,2.8010029211284193,0.24913264791460457
1990.64990234375,970.44189453125,1990.689453125,970.5211791992188,1987.8933464200586,971.279413656593,2.897090298518117,0.25587392521280616
2015.5330810546875,970.44189453125,2015.45458984375,970.7451171875,2012.739133656677,971.357469256041,2.783644618078831,0.3055745035252083
2040.4161376953125,970.44189453125,2040.42138671875,970.4149780273438,2037.5847990064158,971.4355244725688,3.0145886778509143,0.22122805390458408
2065.29931640625,970.44189453125,2065.28662109375,970.4686279296875,2062.430586243034,971.5135800720168,3.0411938524634907,0.19671826327664346
2090.182373046875,970.44189453125,2090.19677734375,970.4575805664062,2087.276251592773,971.5916352885446,3.1329779403826485,0.22276019276139764
2115.065673828125,970.44189453125,2115.086181640625,970.3802490234375,2112.1221607162715,971.6696912709128,3.2323491998203724,0.23896692199562583
2139.94873046875,970.44189453125,2139.9580078125,970.4609985351562,2136.9678260660103,971.7477464874406,3.2552891069378718,0.21623542167277446
2164.831787109375,970.44189453125,2164.8369140625,970.4429931640625,2161.8134914157486,971.8258017039684,3.3246419294303267,0.21075522694727924
2189.715087890625,970.44189453125,2189.74365234375,970.3739624023438,2186.659400539247,971.9038576863367,3.4428460281521276,0.24206858035209247
2214.59814453125,970.44189453125,2214.590576171875,970.4552612304688,2211.505065888986,971.9819129028645,3.442533810239643,0.19737895681948894
2239.481201171875,970.44189453125,2239.474853515625,970.4544677734375,2236.3507312387246,972.0599681193924,3.5125163859954247,0.19811538495284714
2264.364501953125,970.44189453125,2264.364990234375,970.4532470703125,2261.1966403622228,972.1380241017605,3.5884418008464176,0.2044171130591282
2289.24755859375,970.44189453125,2289.252197265625,970.44384765625,2286.0423057119615,972.2160793182884,3.666634540039641,0.20701978425608103
2314.130615234375,970.44189453125,2314.130615234375,970.4443969726562,2310.8879710617002,972.2941345348162,3.733131430775914,0.20214435383804355
2339.013671875,970.44189453125,2339.012451171875,970.444580078125,2335.733636411439,972.372189751344,3.8034596468926214,0.20074179534746572
2363.896728515625,970.44189453125,2363.896484375,970.4378662109375,2360.5793017611777,972.4502449678719,3.879867105302144,0.20045393617850585
2388.780029296875,970.44189453125,2388.780029296875,970.4442138671875,2385.425210884676,972.52830095024,3.949458893136735,0.2017310878606851
2413.6630859375,970.44189453125,2413.66455078125,970.4378662109375,2410.2708762344146,972.6063561667679,4.027328595778599,0.2018989524495888
2438.546142578125,970.44189453125,2438.546875,970.4412231445312,2435.1165415841533,972.6844113832957,4.098668176176934,0.20197469898638776
2463.429443359375,970.44189453125,2463.429443359375,970.4420166015625,2459.962450707652,972.7624673656638,4.171873655292125,0.20168349774895641
2488.3125,970.44189453125,2488.312255859375,970.4421997070312,2484.80811605739,972.8405225821917,4.246286420552939,0.20183644732831404
2513.195556640625,970.44189453125,2513.19580078125,970.440673828125,2509.653781407129,972.9185777987195,4.322720131368351,0.20228590276850034
2538.078857421875,970.44189453125,2538.078857421875,970.4420776367188,2534.4996905306275,972.9966337810878,4.397293796204187,0.20301434824949754
2562.9619140625,970.44189453125,2562.962158203125,970.44140625,2559.3453558803662,973.0746889976156,4.473861539073705,0.20365261115490407
2587.844970703125,970.44189453125,2587.84521484375,970.44189453125,2584.191021230105,973.1527442141434,4.549927138894319,0.2045540831130065
2612.728271484375,970.44189453125,2612.72802734375,970.4417114257812,2609.036930353603,973.2308001965116,4.626360682186983,0.2048650141000024
2637.611328125,970.44189453125,2637.611572265625,970.4418334960938,2633.882595703342,973.3088554130394,4.703730527390334,0.20629057828305997
2662.494140625,970.44189453125,2662.494140625,970.4418334960938,2658.728017279321,973.3869098637268,4.780916216172145,0.20709331067385583
2687.37744140625,970.44189453125,2687.37744140625,970.44189453125,2683.5739264028193,973.4649658460951,4.85856836485414,0.2082408653352574
2712.260498046875,970.44189453125,2712.260498046875,970.44189453125,2708.419591752558,973.5430210626229,4.936552129301198,0.20945541249111368
2737.1435546875,970.44189453125,2737.1435546875,970.44189453125,2733.265257102297,973.6210762791508,5.01481692044469,0.21076130020725597
2762.02685546875,970.44189453125,2762.02685546875,970.44189453125,2758.111166225795,973.6991322615189,5.093350555271196,0.21215685593302896
2786.909912109375,970.44189453125,2786.909912109375,970.44189453125,2782.9568315755337,973.7771874780468,5.172139281572744,0.21364029536399987
2811.79296875,970.44189453125,2811.79296875,970.44189453125,2807.8024969252724,973.8552426945746,5.2511723517721425,0.21520981414431567
2836.67626953125,970.44189453125,2836.67626953125,970.44189453125,2832.6484060487705,973.9332986769427,5.3304396762417285,0.21686355995381196
2861.559326171875,970.44189453125,2861.559326171875,970.44189453125,2857.4940713985093,974.0113538934706,5.4099294367780235,0.2185995891512358
2886.4423828125,970.44189453125,2886.4423828125,970.44189453125,2882.339736748248,974.0894091099984,5.489632713643475,0.22041597295905538
2911.32568359375,970.44189453125,2911.32568359375,970.44189453125,2907.1856458717466,974.1674650923667,5.569541125215826,0.22231076074893968
2936.208740234375,970.44189453125,2936.208740234375,970.44189453125,2932.0313112214853,974.2455203088945,5.649644432536776,0.224281928705299
2961.091796875,970.44189453125,2961.091796875,970.44189453125,2956.876976571224,974.3235755254223,5.7299352119932285,0.22632749890313833
2985.97509765625,970.44189453125,2985.97509765625,970.44189453125,2981.722885694722,974.4016315077905,5.810406482264578,0.22844549381966395
3010.85791015625,970.44189453125,3010.85791015625,970.44189453125,3006.568307270701,974.479685958478,5.891048508160916,0.23063385536964587
3035.7412109375,970.44189453125,3035.7412109375,970.44189453125,3031.4142163941997,974.5577419408462,5.971857472916652,0.23289068460652607
3060.624267578125,970.44189453125,3060.624267578125,970.44189453125,3056.2598817439384,974.635797157374,6.0528243776817225,0.23521394658277917
3085.50732421875,970.44189453125,3085.50732421875,970.44189453125,3081.105547093677,974.7138523739018,6.13394372881008,0.23760171374504288
3110.390625,970.44189453125,3110.390625,970.44189453125,3105.9514562171753,974.79190835627,6.215210355271234,0.24005208556903784
3135.273681640625,970.44189453125,3135.273681640625,970.44189453125,3130.797121566914,974.8699635727978,6.296616990913244,0.24256311742344108
3160.15673828125,970.44189453125,3160.15673828125,970.44189453125,3155.6427869166528,974.9480187893257,6.378159040912013,0.2451329682015379
3185.0400390625,970.44189453125,3185.0400390625,970.44189453125,3180.488696040151,975.0260747716939,6.459832179241326,0.24775983368593296
3209.923095703125,970.44189453125,3209.923095703125,970.44189453125,3205.3343613898896,975.1041299882218,6.541629923322495,0.25044186909101024
3234.80615234375,970.44189453125,3234.80615234375,970.44189453125,3230.1800267396284,975.1821852047495,6.623548427721838,0.25317734578058315
3259.689453125,970.44189453125,3259.689453125,970.44189453125,3255.025935863127,975.2602411871177,6.705584072092387,0.25596457798475686
3284.572265625,970.44189453125,3284.572265625,970.44189453125,3279.871357439106,975.3382956378052,6.787730222134783,0.25880181164910654
3309.45556640625,970.44189453125,3309.45556640625,970.44189453125,3304.7172665626044,975.4163516201734,6.869986079886303,0.2616875299407694
3334.338623046875,970.44189453125,3334.338623046875,970.44189453125,3329.5629319123427,975.4944068367012,6.952345389088895,0.26462006428797374
3359.221923828125,970.44189453125,3359.221923828125,970.44189453125,3354.4088410358413,975.5724628190694,7.034806104034115,0.26759793215031824
3384.10498046875,970.44189453125,3384.10498046875,970.44189453125,3379.25450638558,975.6505180355972,7.117363110137177,0.2706195795373942
3408.98828125,970.44189453125,3408.98828125,970.44189453125,3404.100415509078,975.7285740179655,7.200014687244413,0.27368361469095953
3433.87109375,970.44189453125,3433.87109375,970.44189453125,3428.9458370850575,975.8066284686529,7.282755209031993,0.2767885401451613
3458.75439453125,970.44189453125,3458.75439453125,970.44189453125,3453.7917462085557,975.8846844510211,7.365584870565502,0.27993311509051827
3483.637451171875,970.44189453125,3483.637451171875,970.44189453125,3478.6374115582944,975.9627396675489,7.448498315524473,0.2831159284404872
3508.520751953125,970.44189453125,3508.520751953125,970.44189453125,3503.4833206817925,976.0407956499171,7.531494376948691,0.28633576646852427
3533.40380859375,970.44189453125,3533.40380859375,970.44189453125,3528.3289860315313,976.118850866445,7.614568751394574,0.28959133207333915
3558.28662109375,970.44189453125,3558.28662109375,970.44189453125,3553.1744076075106,976.1969053171324,7.697718874738853,0.2928814317705043
2065.29931640625,995.324951171875,2065.202392578125,995.0098266601562,2062.3525310265063,996.3592454217555,3.153195499418108,0.3784302488486295
2090.182373046875,995.324951171875,2089.2685546875,995.1888427734375,2087.198196376245,996.4373006382833,2.4176498045163255,0.7099384680226594
2115.065673828125,995.324951171875,2114.319580078125,995.1729736328125,2112.0441054997436,996.5153566206516,2.6419266914317667,0.5532814040260517
2139.94873046875,995.324951171875,2139.6865234375,995.2661743164062,2136.8897708494824,996.5934118371794,3.0957041969689607,0.09440581161702978
2164.831787109375,995.324951171875,2164.157958984375,995.02587890625,2161.7354361992207,996.6714670537071,2.9285793476775384,0.5544325199131283
2189.715087890625,995.324951171875,2189.484619140625,995.3740234375,2186.5813453227192,996.7495230360754,3.212631010156342,0.03205548899359049
2214.59814453125,995.324951171875,2214.252197265625,995.1271362304688,2211.427010672458,996.8275782526032,3.297450887708765,0.2460169510399544
2239.481201171875,995.324951171875,2239.259521484375,995.1753540039062,2236.2726760221967,996.9056334691311,3.4518274642156928,0.15899691055654372
2264.364501953125,995.324951171875,2264.0029296875,995.2385864257812,2261.118585145695,996.9836894514992,3.371176056839987,0.16951604563652756
2289.24755859375,995.324951171875,2289.097412109375,995.206298828125,2285.9642504954336,997.061744668027,3.641343291133871,0.13700384764292173
2314.130615234375,995.324951171875,2313.216064453125,995.4642333984375,2310.8099158451723,997.1397998845549,2.9320767679159525,0.7121903850113875
2339.013671875,995.324951171875,2338.726318359375,995.3766479492188,2335.655581194911,997.2178551010827,3.5804288163982516,0.09331544382473339
2363.896728515625,995.324951171875,2363.49951171875,995.5023803710938,2360.50124654465,997.2959103176105,3.493757822642324,0.2634315134580968
2388.780029296875,995.324951171875,2388.051025390625,995.3775024414062,2385.347155668148,997.3739662999787,3.361068195487022,0.5195347319740616
2413.6630859375,995.324951171875,2413.015380859375,995.396240234375,2410.1928210178867,997.4520215165065,3.4918592094677856,0.44428626163824286
2438.546142578125,995.324951171875,2438.2822265625,995.1015014648438,2435.0384863676254,997.5300767330344,4.052138729746614,0.20377580530918038
2463.429443359375,995.324951171875,2462.7109375,995.5051879882812,2459.884395491124,997.6081327154026,3.5230265757255057,0.5491833939742532
2488.3125,995.324951171875,2487.96240234375,995.4993896484375,2484.7300608408623,997.6861879319305,3.902578419965226,0.25184554126669145
2513.195556640625,995.324951171875,2512.7998046875,995.358642578125,2509.575726190601,997.7642431484583,4.022635486612493,0.20003798043287693
2538.078857421875,995.324951171875,2536.666748046875,995.4660034179688,2534.4216353140996,997.8422991308264,3.269145530228943,1.21752872308808
2562.9619140625,995.324951171875,2562.02001953125,995.4913330078125,2559.2673006638383,997.9203543473543,3.671185888912953,0.7648887979795687
2587.844970703125,995.324951171875,2587.381103515625,996.0681762695312,2584.112966013577,997.9984095638821,3.7955926155098005,0.8367135520131584
2612.728271484375,995.324951171875,2611.31103515625,995.2277221679688,2608.958875137075,998.0764655462503,3.6943193677736623,1.2118640491751442
2637.611328125,995.324951171875,2636.935546875,995.8171997070312,2633.804540486814,998.1545207627781,3.9072075348642015,0.7271176674410074
2662.494140625,995.324951171875,2661.98486328125,995.3825073242188,2658.6499620627933,998.2325752134656,4.386850021391184,0.32930875142134286
2687.37744140625,995.324951171875,2686.591796875,995.5226440429688,2683.4958711862914,998.3106311958338,4.166248700515411,0.6413047508619063
2712.260498046875,995.324951171875,2711.152099609375,996.0055541992188,2708.34153653603,998.3886864123616,3.6849130158755115,1.1799742694887934
2737.1435546875,995.324951171875,2735.67578125,996.598876953125,2733.187201885769,998.4667416288895,3.1115825071891825,1.853682297987953
2762.02685546875,995.324951171875,2761.159912109375,995.7811279296875,2758.033111009267,998.5447976112576,4.17309899576639,0.8579913872521345
2786.909912109375,995.324951171875,2786.33837890625,995.7584228515625,2782.8787763590058,998.6228528277854,4.491526341187737,0.6410914350436866
2811.79296875,995.324951171875,2810.77197265625,996.2645263671875,2807.7244417087445,998.7009080443133,3.901717641326475,1.320120286079437
2836.67626953125,995.324951171875,2836.365966796875,995.598876953125,2832.5703508322426,998.7789640266815,4.951732459086725,0.3882372776119789
2861.559326171875,995.324951171875,2860.720947265625,995.5982666015625,2857.4160161819814,998.8570192432094,4.641340134818211,0.7432371206510995
2886.4423828125,995.324951171875,2885.770263671875,995.7155151367188,2882.26168153172,998.9350744597372,4.7619020221597,0.6883459976471341
2911.32568359375,995.324951171875,2909.792724609375,995.8865966796875,2907.1075906552187,999.0131304421054,4.121305341672976,1.4974381900329845
2936.208740234375,995.324951171875,2934.544189453125,995.15576171875,2931.9532560049574,999.0911856586332,4.711740412993835,1.4713140408772944
2961.091796875,995.324951171875,2959.69482421875,995.5433959960938,2956.798921354696,999.169240875161,4.640366848115923,1.2503336623636867
2985.97509765625,995.324951171875,2985.010009765625,995.7294311523438,2981.6448304781943,999.2472968575292,4.86824514134948,0.9363734013059566
3010.85791015625,995.324951171875,3010.39794921875,995.8869018554688,3006.490252054173,999.3253513082167,5.2050967108348845,0.741175240288492
3035.7412109375,995.324951171875,3036.449462890625,994.7410888671875,3031.336161177672,999.4034072905848,6.919759207432033,1.0054168674437867
3060.624267578125,995.324951171875,3059.258056640625,993.9801025390625,3056.1818265274105,999.4814625071127,6.303027304995047,1.6855765313961566
3085.50732421875,995.324951171875,3084.802490234375,993.52685546875,3081.0274918771493,999.5595177236405,7.116433550496885,1.7343781744864568
3110.390625,995.324951171875,3108.92626953125,993.215087890625,3105.8734010006474,999.6375737060088,7.1111412806911245,2.341647745632749
3234.80615234375,995.324951171875,3233.462890625,994.7946166992188,3230.1019715231005,1000.0278505544883,6.219526814272315,1.2149092875636813
3259.689453125,995.324951171875,3259.37744140625,995.1482543945312,3254.947880646599,1000.1059065368564,6.648257161673335,0.1296415981639198
3284.572265625,995.324951171875,3284.555419921875,995.231201171875,3279.793302222578,1000.1839609875439,6.8707783237172215,0.18494000909851938
3309.45556640625,995.324951171875,3309.843017578125,994.75732421875,3304.6392113460765,1000.2620169699121,7.575040698597145,0.6863368273050174
3334.338623046875,995.324951171875,3332.811767578125,994.8054809570312,3329.484876695815,1000.3400721864399,6.457546207302411,1.387618040998905
3359.221923828125,995.324951171875,3358.779541015625,994.4600830078125,3354.3307858193134,1000.4181281688082,7.435706081951675,0.7232743128813183
3384.10498046875,995.324951171875,3384.66748046875,994.4471435546875,3379.176451169052,1000.4961833853359,8.169595194555948,1.0066163289399777
3408.98828125,995.324951171875,3408.94873046875,995.5612182617188,3404.0223602925503,1000.5742393677042,7.028478051612998,0.45764627012271725
3433.87109375,995.324951171875,3433.989013671875,995.0025024414062,3428.8677818685296,1000.6522938183916,7.625428367446284,0.3166681436437012
3458.75439453125,995.324951171875,3458.7470703125,995.1333618164062,3453.7136909920278,1000.7303498007598,7.527362212671537,0.16873954820133308
3483.637451171875,995.324951171875,3484.098876953125,994.472412109375,3478.5593563417665,1000.8084050172877,8.416121121561014,0.9012496839429168
3508.520751953125,995.324951171875,3508.60986328125,995.163818359375,3503.4052654652646,1000.8864609996558,7.735404140348448,0.2685517644714914
3533.40380859375,995.324951171875,3533.530029296875,995.1278076171875,3528.2509308150034,1000.9645162161837,7.869945873441303,0.2997201387206907
3558.28662109375,995.324951171875,3558.231201171875,995.1483764648438,3553.0963523909827,1001.0425706668711,7.817173229105547,0.12658037395231594
3583.169921875,995.324951171875,3583.341064453125,994.8942260742188,3577.942261514481,1001.1206266492393,8.24106408729655,0.39558249483133473
3608.052978515625,995.324951171875,3608.218505859375,995.1309814453125,3602.7879268642196,1001.1986818657672,8.14298327488208,0.337840193417413
3632.936279296875,995.324951171875,3632.89501953125,995.4343872070312,3627.633835987718,1001.2767378481353,7.862131599785104,0.3723634930712352
3657.819091796875,995.324951171875,3657.76318359375,995.2276000976562,3652.479257563697,1001.3547922988228,8.090881198059137,0.185199862175789
2139.94873046875,1020.2080688476562,2139.867431640625,1020.5847778320312,2136.8117154414945,1021.4391381303581,3.1729060825977506,0.3642576576367084
2164.831787109375,1020.2080688476562,2164.74951171875,1020.4342651367188,2161.6573807912328,1021.5171933468857,3.2762794724022144,0.2401071301883419
2189.715087890625,1020.2080688476562,2189.655029296875,1020.2172241210938,2186.5032899147313,1021.5952493292539,3.439827700231518,0.180784871460428
2214.59814453125,1020.2080688476562,2214.559326171875,1020.4491577148438,2211.34895526447,1021.6733045457818,3.4358429572388074,0.28578508386638435
2239.481201171875,1020.2080688476562,2239.453369140625,1020.5947875976562,2236.194620614209,1021.7513597623097,3.4579041528750856,0.41234155618078333
2264.364501953125,1020.2080688476562,2264.37744140625,1020.3447265625,2261.040529737707,1021.8294157446778,3.652298105485725,0.27172879256247356
2289.24755859375,1020.2080688476562,2289.13330078125,1020.5139770507812,2285.8861950874457,1021.9074709612057,3.5334856254308544,0.3082691439112245
2314.130615234375,1020.2080688476562,2314.260986328125,1020.2748413085938,2310.7318604371844,1021.9855261777334,3.921883766203485,0.36733738915596453
2339.013671875,1020.2080688476562,2339.056640625,1020.0750122070312,2335.577525786923,1022.0635813942613,4.007324228076283,0.3120977361430114
2363.896728515625,1020.2080688476562,2363.939697265625,1020.2327880859375,2360.423191136662,1022.1416366107892,4.001189578845713,0.27528237284118845
2388.780029296875,1020.2080688476562,2388.27392578125,1020.8973388671875,2385.26910026016,1022.2196925931573,3.282924883207033,0.7382242865405015
2413.6630859375,1020.2080688476562,2413.84326171875,1020.8583984375,2410.1147656098988,1022.2977478096852,3.996674849037485,0.7690767938575725
2438.546142578125,1020.2080688476562,2438.072021484375,1020.2928466796875,2434.9604309596375,1022.3758030262129,3.74442288412602,0.26081841001937395
2463.429443359375,1020.2080688476562,2463.18798828125,1020.6707763671875,2459.806340083136,1022.4538590085813,3.8229475855479422,0.47203049011835024
2488.3125,1020.2080688476562,2487.504150390625,1021.7081909179688,2484.6520054328744,1022.531914225109,2.968712001314425,1.621406561307591
2513.195556640625,1020.2080688476562,2511.864990234375,1021.9526977539062,2509.497670782613,1022.6099694416368,2.456869442640864,2.0799649685816273
2538.078857421875,1020.2080688476562,2535.9296875,1021.7505493164062,2534.3435799061117,1022.688025424005,1.842443690240931,2.479872640745236
2562.9619140625,1020.2080688476562,2561.57080078125,1021.0390014648438,2559.1892452558504,1022.7660806405329,2.941871717063861,1.4480364008694688
2612.728271484375,1020.2080688476562,2610.7509765625,1021.3714599609375,2608.8808197290873,1022.9221918394289,2.4294558939255846,2.1252472125167476
2637.611328125,1020.2080688476562,2635.572509765625,1019.491455078125,2633.726485078826,1023.0002470559568,3.9647734220215174,1.9387276406453429
2662.494140625,1020.2080688476562,2661.3515625,1018.065185546875,2658.5719066548054,1023.0783015066443,5.732173954427578,2.2915628647996913
2687.37744140625,1020.2080688476562,2686.9814453125,1018.7725830078125,2683.4178157783035,1023.1563574890124,5.649507426229028,1.3973255680868315
2712.260498046875,1020.2080688476562,2712.262939453125,1017.5828857421875,2708.2634811280423,1023.2344127055403,6.923541284023477,2.580968092306225
2737.1435546875,1020.2080688476562,2736.66259765625,1019.2189331054688,2733.109146477781,1023.312467922068,5.420704988511444,0.9672962362332419
2762.02685546875,1020.2080688476562,2762.150390625,1018.0682373046875,2757.955055601279,1023.3905239044363,6.776988314223744,2.1049467945186873
2786.909912109375,1020.2080688476562,2786.78173828125,1018.0370483398438,2782.800720951018,1023.468579120964,6.7342427643993945,2.1057444060062482
2811.79296875,1020.2080688476562,2811.4228515625,1018.3248901367188,2807.6463863007566,1023.5466343374919,6.444245679011849,1.8181788406935828
2836.67626953125,1020.2080688476562,2836.79736328125,1018.4198608398438,2832.4922954242547,1023.6246903198601,6.754543594454085,1.7447580497576067
2861.559326171875,1020.2080688476562,2861.652099609375,1017.5100708007812,2857.3379607739935,1023.702745536388,7.547252100729694,2.6353696097682615
2886.4423828125,1020.2080688476562,2886.820068359375,1018.1139526367188,2882.183626123732,1023.7808007529159,7.3218688991608625,2.0941156074462435
2911.32568359375,1020.2080688476562,2911.36669921875,1018.2810668945312,2907.029535247231,1023.858856735284,7.0656019434616395,1.85489218583286
2961.091796875,1020.2080688476562,2961.33642578125,1018.2330322265625,2956.7208659467083,1024.0149671683396,7.398254135752407,1.9309806319489793
2985.97509765625,1020.2080688476562,2985.667724609375,1018.3070678710938,2981.5667750702064,1024.0930231507077,7.091901410799498,1.8008714135818844
3010.85791015625,1020.2080688476562,3010.39990234375,1019.1734008789062,3006.4121966461853,1024.1710776013954,6.393635065664894,0.9604434858908663
3035.7412109375,1020.2080688476562,3035.5869140625,1018.6295776367188,3031.258105769684,1024.2491335837635,7.093517482738721,1.4677176298018968
3060.624267578125,1020.2080688476562,3060.624755859375,1019.1543579101562,3056.1037711194226,1024.3271888002914,6.870042389739598,0.9600785893344009
3085.50732421875,1020.2080688476562,3085.60791015625,1019.2986450195312,3080.9494364691614,1024.405244016819,6.912216027613613,0.8460813299959068
3110.390625,1020.2080688476562,3110.65771484375,1018.41015625,3105.7953455926595,1024.4832999991872,7.779827101693362,1.7380300152572843
3135.273681640625,1020.2080688476562,3135.248779296875,1019.4494018554688,3130.641010942398,1024.5613552157151,6.882121501822818,0.6540057982654702
3160.15673828125,1020.2080688476562,3159.886962890625,1019.1119995117188,3155.486676292137,1024.639410432243,7.06504024285528,0.9643638989183699
3185.0400390625,1020.2080688476562,3185.269287109375,1019.74951171875,3180.332585415635,1024.7174664146112,7.003684564077941,0.5369430009011631
3209.923095703125,1020.2080688476562,3209.792724609375,1019.2590942382812,3205.178250765374,1024.795521631139,7.2073155289162605,0.8091041020273134
3234.80615234375,1020.2080688476562,3235.048095703125,1019.308837890625,3230.0239161151126,1024.8735768476668,7.497246173937395,0.8721189388684936
3259.689453125,1020.2080688476562,3259.622802734375,1019.5877685546875,3254.869825238611,1024.9516328300351,7.166717173126622,0.48680229201019765
3284.572265625,1020.2080688476562,3284.598876953125,1019.685546875,3279.71524681459,1025.0296872807226,7.239453018431943,0.4297096443834019
3309.45556640625,1020.2080688476562,3308.92041015625,1019.57177734375,3304.5611559380886,1025.1077432630907,7.046276747237464,0.5832804187910939
3334.338623046875,1020.2080688476562,3334.39892578125,1019.7151489257812,3329.406821287827,1025.1857984796186,7.4060187559954045,0.41625917855268774
3359.221923828125,1020.2080688476562,3358.9716796875,1019.1878662109375,3354.2527304113255,1025.2638544619867,7.693251295648428,0.8522413134897867
3384.10498046875,1020.2080688476562,3384.184326171875,1019.7486572265625,3379.0983957610642,1025.3419096785146,7.559838697675919,0.3954856247824582
3408.98828125,1020.2080688476562,3409.1396484375,1020.0120239257812,3403.9443048845624,1025.4199656608828,7.499161849387139,0.3455085228903602
3433.87109375,1020.2080688476562,3433.75048828125,1019.3888549804688,3428.7897264605417,1025.4980201115702,7.869628735897452,0.6401949078154799
3458.75439453125,1020.2080688476562,3458.2802734375,1019.9661865234375,3453.63563558404,1025.5760760939384,7.28309836422722,0.28741447155874206
3483.637451171875,1020.2080688476562,3483.54248046875,1019.758544921875,3478.4813009337786,1025.6541313104663,7.770037139586654,0.2748162687953269
3508.520751953125,1020.2080688476562,3508.131103515625,1020.0443115234375,3503.3272100572767,1025.7321872928344,7.445087180634877,0.2022439622168288
3533.40380859375,1020.2080688476562,3532.732421875,1019.81005859375,3528.1728754070155,1025.8102425093623,7.536024881519624,0.5209374390317529
3558.28662109375,1020.2080688476562,3557.455322265625,1019.616943359375,3553.018296982995,1025.8882969600497,7.682256787129385,0.7498582554604597
3583.169921875,1020.2080688476562,3582.945068359375,1019.7725830078125,3577.864206106493,1025.9663529424179,8.011113982186453,0.22871649191440732
3608.052978515625,1020.2080688476562,3607.40966796875,1019.818115234375,3602.7098714562317,1026.0444081589458,7.80094935515156,0.489467288909617
3632.936279296875,1020.2080688476562,3632.14794921875,1020.0326538085938,3627.5557805797303,1026.122464141314,7.627175276450759,0.6043595083131884
3657.819091796875,1020.2080688476562,3657.628173828125,1020.0145874023438,3652.401202155709,1026.2005185920013,8.098578736260853,0.030425131206698982
3682.70263671875,1020.2080688476562,3682.163818359375,1020.0642700195312,3677.247355052967,1026.27857534021,7.923963784739979,0.36488493864920946
3707.58544921875,1020.2080688476562,3707.669189453125,1019.9801025390625,3702.092776628946,1026.3566297908974,8.470919653677566,0.26657764163243663
3732.46875,1020.2080688476562,3732.525390625,1019.8807373046875,3726.9386857524446,1026.4346857732658,8.611940075372885,0.2551990859553845
2239.481201171875,1045.0911865234375,2239.481201171875,1045.0911865234375,2236.116565206221,1046.5970860554883,3.6862594295577895,0.25854439699157555
2264.364501953125,1045.0911865234375,2264.364501953125,1045.0911865234375,2260.962474329719,1046.6751420378564,3.7526933024263034,0.25678123237902056
2289.24755859375,1045.0911865234375,2289.24755859375,1045.0911865234375,2285.808139679458,1046.7531972543843,3.8199322163846565,0.2550871429990093
2314.130615234375,1045.0911865234375,2314.130615234375,1045.0911865234375,2310.6538050291965,1046.8312524709122,3.8879350180261847,0.2534634959154675
2339.013671875,1045.0911865234375,2339.013671875,1045.0911865234375,2335.4994703789353,1046.9093076874399,3.9566623209388285,0.25191165319758674
2363.896728515625,1045.0911865234375,2363.896728515625,1045.0911865234375,2360.345135728674,1046.9873629039678,4.026077022413173,0.2504329496871461
2388.780029296875,1045.0911865234375,2388.780029296875,1045.0911865234375,2385.191044852172,1047.065418886336,4.096144866460984,0.24902867485504374
2413.6630859375,1045.0911865234375,2413.6630859375,1045.0911865234375,2410.036710201911,1047.1434741028638,4.166831564190853,0.24770012235144562
2438.546142578125,1045.0911865234375,2438.546142578125,1045.0911865234375,2434.8823755516496,1047.2215293193917,4.238106800513931,0.2464485024153482
2463.429443359375,1045.0911865234375,2463.429443359375,1045.0911865234375,2459.728284675148,1047.2995853017599,4.309942084288749,0.24527498166608247
2488.3125,1045.0911865234375,2488.3125,1045.0911865234375,2484.5739500248865,1047.3776405182878,4.382308499750797,0.24418070931533975
2513.195556640625,1045.0911865234375,2513.195556640625,1045.0911865234375,2509.419615374625,1047.4556957348154,4.455180833027006,0.2431667431803769
2538.078857421875,1045.0911865234375,2538.078857421875,1045.0911865234375,2534.265524498124,1047.5337517171836,4.528535382777164,0.242234082975447
2562.9619140625,1045.0911865234375,2562.9619140625,1045.0911865234375,2559.1111898478625,1047.6118069337115,4.602347686766515,0.24138368955458783
2587.844970703125,1045.0911865234375,2587.844970703125,1045.0911865234375,2583.9568551976013,1047.6898621502394,4.676596753797378,0.24061642551579857
2612.728271484375,1045.0911865234375,2612.728271484375,1045.0911865234375,2608.8027643210994,1047.7679181326075,4.751262842282875,0.23993308206971561
2637.611328125,1045.0911865234375,2637.611328125,1045.0911865234375,2633.648429670838,1047.8459733491354,4.826325166525487,0.23933439150503139
2662.494140625,1045.0911865234375,2662.494140625,1045.0911865234375,2658.4938512468175,1047.9240277998229,4.9017654785181675,0.23882098790715767
2687.37744140625,1045.0911865234375,2687.37744140625,1045.0911865234375,2683.3397603703156,1048.002083782191,4.977568783950932,0.2383934084219959
2712.260498046875,1045.0911865234375,2712.260498046875,1045.0911865234375,2708.1854257200544,1048.080138998719,5.053716589630863,0.23805212940787637
2737.1435546875,1045.0911865234375,2737.1435546875,1045.0911865234375,2733.031091069793,1048.1581942152466,5.130194264214462,0.2377975177943975
2762.02685546875,1045.0911865234375,2762.02685546875,1045.0911865234375,2757.877000193291,1048.236250197615,5.206988027822179,0.23762985094674774
2786.909912109375,1045.0911865234375,2786.909912109375,1045.0911865234375,2782.72266554303,1048.3143054141426,5.284082625299159,0.2375493162590131
2811.79296875,1045.0911865234375,2811.79296875,1045.0911865234375,2807.5683308927687,1048.3923606306705,5.361465798736156,0.23755600027416782
2836.67626953125,1045.0911865234375,2836.67626953125,1045.0911865234375,2832.414240016267,1048.4704166130387,5.439125994592649,0.23764989698189892
2861.559326171875,1045.0911865234375,2861.559326171875,1045.0911865234375,2857.2599053660056,1048.5484718295666,5.517050022785619,0.23783090124510048
2886.4423828125,1045.0911865234375,2886.4423828125,1045.0911865234375,2882.1055707157443,1048.6265270460945,5.59522758908937,0.23809881489788365
2911.32568359375,1045.0911865234375,2911.32568359375,1045.0911865234375,2906.951479839243,1048.7045830284626,5.6736489835441555,0.23845334890181963
2936.208740234375,1045.0911865234375,2936.208740234375,1045.0911865234375,2931.7971451889816,1048.7826382449905,5.752302726482316,0.23889411066790536
2961.091796875,1045.0911865234375,2961.091796875,1045.0911865234375,2956.6428105387204,1048.8606934615182,5.831180152991429,0.23942062701059302
2985.97509765625,1045.0911865234375,2985.97509765625,1045.0911865234375,2981.4887196622185,1048.9387494438865,5.910273084396729,0.2400323400342763
3010.85791015625,1045.0911865234375,3010.85791015625,1045.0911865234375,3006.3341412381974,1049.016803894574,5.989570683154786,0.24072858106528633
3035.7412109375,1045.0911865234375,3035.7412109375,1045.0911865234375,3031.180050361696,1049.094859876942,6.069067977855557,0.24150864624876467
3060.624267578125,1045.0911865234375,3060.624267578125,1045.0911865234375,3056.0257157114347,1049.17291509347,6.148754946333473,0.2423717046476837
3085.50732421875,1045.0911865234375,3085.50732421875,1045.0911865234375,3080.8713810611735,1049.2509703099977,6.228625057844612,0.24331688028511467
3110.390625,1045.0911865234375,3110.390625,1045.0911865234375,3105.7172901846716,1049.329026292366,6.3086721426361265,0.2443432306829042
3135.273681640625,1045.0911865234375,3135.273681640625,1045.0911865234375,3130.5629555344103,1049.4070815088937,6.388888007568978,0.24544971753703915
3160.15673828125,1045.0911865234375,3160.15673828125,1045.0911865234375,3155.408620884149,1049.4851367254216,6.46926712960355,0.2466352718377919
3185.0400390625,1045.0911865234375,3185.0400390625,1045.0911865234375,3180.254530007647,1049.5631927077898,6.549804289210721,0.24789877196277005
3209.923095703125,1045.0911865234375,3209.923095703125,1045.0911865234375,3205.100195357386,1049.6412479243177,6.630492176053724,0.24923900789540743
3234.80615234375,1045.0911865234375,3234.80615234375,1045.0911865234375,3229.9458607071247,1049.7193031408456,6.711326114664587,0.25065476055664526
3259.689453125,1045.0911865234375,3259.689453125,1045.0911865234375,3254.7917698306233,1049.7973591232137,6.792301685798521,0.25214477288570286
3284.572265625,1045.0911865234375,3284.572265625,1045.0911865234375,3279.637191406602,1049.8754135739011,6.873411526417087,0.25370769185574377
3309.45556640625,1045.0911865234375,3309.4541015625,1045.0911865234375,3304.4831005301007,1049.9534695562693,6.953606801903489,0.2541153740716603
3334.338623046875,1045.0911865234375,3334.322021484375,1045.0911865234375,3329.328765879839,1050.0315247727972,7.024211240439482,0.2434560939122957
3359.221923828125,1045.0911865234375,3359.19580078125,1045.0911865234375,3354.1746750033376,1050.1095807551653,7.099012941434572,0.2378669617953866
3384.10498046875,1045.0911865234375,3384.193359375,1045.0911865234375,3379.0203403530763,1050.1876359716932,7.26181263733857,0.3363238062790459
3408.98828125,1045.0911865234375,3409.071533203125,1045.0911865234375,3403.8662494765745,1050.2656919540614,7.3396515670328455,0.33303631217088514
3433.87109375,1045.0911865234375,3433.652587890625,1045.0911865234375,3428.711671052554,1050.3437464047488,7.211244310623262,0.16172913962327304
3458.75439453125,1045.0911865234375,3458.080322265625,1045.0911865234375,3453.557580176052,1050.421802387117,6.99075543091779,0.4941396943120677
3483.637451171875,1045.0911865234375,3482.207763671875,1045.0911865234375,3478.4032455257907,1050.4998576036448,6.612721162861482,1.233790854962986
3508.520751953125,1045.0911865234375,3506.543212890625,1045.0911865234375,3503.249154649289,1050.577913586013,6.3996088596501775,1.7793397293788615
3533.40380859375,1045.0911865234375,3533.634765625,1045.0911865234375,3528.0948199990275,1050.6559688025409,7.852248044512751,0.47223338947031024
3558.28662109375,1045.0911865234375,3558.12939453125,1045.0911865234375,3552.940241575007,1050.7340232532283,7.666088622130771,0.18989013274537692
3583.169921875,1045.0911865234375,3582.692626953125,1045.1082763671875,3577.786150698505,1050.8120792355965,7.523754142635171,0.34176627977576735
3608.052978515625,1045.0911865234375,3608.072998046875,1045.1470947265625,3602.6318160482438,1050.8901344521244,7.911318905947999,0.33410508703490716
3632.936279296875,1045.0911865234375,3635.018310546875,1045.0853271484375,3627.4777251717423,1050.9681904344925,9.563916992638436,2.2922993341529425
3657.819091796875,1045.0911865234375,3658.783447265625,1045.15625,3652.3231467477212,1051.04624488518,8.742283599213271,1.1958357358372889
3682.70263671875,1045.0911865234375,3682.4765625,1045.0355224609375,3677.169299644979,1051.1243016333885,8.077144967323349,0.15258870683439574
3707.58544921875,1045.0911865234375,3707.845947265625,1045.0343017578125,3702.014721220958,1051.202356084076,8.488114711509207,0.48502921725086073
3732.46875,1045.0911865234375,3732.49658203125,1045.040771484375,3726.8606303444567,1051.2804120664443,8.408154732714838,0.27996378386122506
3757.351806640625,1045.0911865234375,3757.3447265625,1045.158447265625,3751.7062956941954,1051.358467282972,8.38046244977886,0.3443271621737092
3782.235107421875,1045.0911865234375,3782.490234375,1045.05810546875,3776.5522048176936,1051.4365232653404,8.714608919010985,0.4905924499761353
3807.117919921875,1045.0911865234375,3807.07080078125,1045.125,3801.397626393673,1051.5145777160278,8.544683201910996,0.30148040845158375
3832.00146484375,1045.0911865234375,3831.92138671875,1045.24951171875,3826.2437792909304,1051.5926344642364,8.512956728936143,0.40770918198632594
2339.013671875,1069.974365234375,2339.015869140625,1070.005615234375,2335.421414779487,1071.7550949240585,3.9975969455311473,0.2696142985073336
2363.896728515625,1069.974365234375,2363.89013671875,1070.0435791015625,2360.2670801292256,1071.8331501405862,4.040928551039767,0.25931593142812803
2388.780029296875,1069.974365234375,2388.790283203125,1069.910400390625,2385.1129892527238,1071.9112061229546,4.18637246027876,0.29642846005123824
2413.6630859375,1069.974365234375,2413.665771484375,1069.9345703125,2409.9586546024625,1071.9892613394823,4.238451461621571,0.2787881123550764
2438.546142578125,1069.974365234375,2438.526123046875,1070.037353515625,2434.8043199522012,1072.0673165560102,4.239406588291918,0.24381433801923325
2463.429443359375,1069.974365234375,2463.433837890625,1069.9771728515625,2459.6502290757,1072.1453725383783,4.36082395268229,0.26792845249080843
2488.3125,1069.974365234375,2488.324951171875,1069.965087890625,2484.495894425438,1072.2234277549062,4.445421747150149,0.27600083984980855
2513.195556640625,1069.974365234375,2513.197265625,1069.962890625,2509.341559775177,1072.3014829714339,4.5094879712844955,0.26414836753837606
2538.078857421875,1069.974365234375,2538.08154296875,1069.9864501953125,2534.1874688986754,1072.3795389538022,4.570633070947291,0.26180303368458646
2562.9619140625,1069.974365234375,2562.95703125,1069.983154296875,2559.033134248414,1072.45759417033,4.6389460404705956,0.25329419462031094
2587.844970703125,1069.974365234375,2587.845947265625,1069.9949951171875,2583.878799598153,1072.5356493868578,4.7109643103639876,0.25828591554443675
2612.728271484375,1069.974365234375,2612.730712890625,1069.9664306640625,2608.724708721651,1072.613705369226,4.80168020243279,0.2591423851926026
2637.611328125,1069.974365234375,2637.61572265625,1069.9697265625,2633.57037407139,1072.6917605857539,4.875891138733736,0.2598454565737983
2662.494140625,1069.974365234375,2662.494140625,1069.9776611328125,2658.415795647369,1072.7698150364413,4.942572324014741,0.25448056479438214
2687.37744140625,1069.974365234375,2687.3759765625,1069.9832763671875,2683.2617047708673,1072.8478710188094,5.013295811492264,0.2525038061131337
2712.260498046875,1069.974365234375,2712.261962890625,1069.9700927734375,2708.107370120606,1072.9259262353373,5.098783437172139,0.2541586064465176
2737.1435546875,1069.974365234375,2737.142822265625,1069.975341796875,2732.9530354703447,1073.0039814518652,5.169813492736875,0.2514823295957889
2762.02685546875,1069.974365234375,2762.025634765625,1069.975341796875,2757.798944593843,1073.0820374342334,5.245614129100734,0.25041248961972173
2786.909912109375,1069.974365234375,2786.90966796875,1069.9754638671875,2782.6446099435816,1073.1600926507613,5.32283575241806,0.25089538922078264
2811.79296875,1069.974365234375,2811.79296875,1069.97412109375,2807.4902752933203,1073.238147867289,5.400651975505646,0.2505650894384693
2836.67626953125,1069.974365234375,2836.67578125,1069.97412109375,2832.3361844168185,1073.3162038496573,5.4773732593180275,0.24971979375831613
2861.559326171875,1069.974365234375,2861.559326171875,1069.974853515625,2857.181849766557,1073.394259066185,5.554694770940563,0.25003468679432445
2886.4423828125,1069.974365234375,2886.4423828125,1069.974365234375,2882.027515116296,1073.472314282713,5.632646298122582,0.24976973169095343
2911.32568359375,1069.974365234375,2911.325927734375,1069.97412109375,2906.8734242397945,1073.550370265081,5.710897084057561,0.2498558269170273
2936.208740234375,1069.974365234375,2936.208740234375,1069.974365234375,2931.7190895895333,1073.628425481609,5.788706176957254,0.24963504804745826
2961.091796875,1069.974365234375,2961.091796875,1069.974365234375,2956.564754939272,1073.7064806981368,5.867094214574199,0.24969219607298598
2985.97509765625,1069.974365234375,2985.97509765625,1069.974365234375,2981.41066406277,1073.784536680505,5.94570941757093,0.2498322902524856
3010.85791015625,1069.974365234375,3010.85791015625,1069.974365234375,3006.256085638749,1073.8625911311924,6.024540606100564,0.2500551858348312
3035.7412109375,1069.974365234375,3035.7412109375,1069.974365234375,3031.1019947622476,1073.9406471135605,6.103582445243039,0.25036067039963056
3060.624267578125,1069.974365234375,3060.624267578125,1069.974365234375,3055.9476601119864,1074.0187023300884,6.182824592053992,0.25074843433930943
3085.50732421875,1069.974365234375,3085.50732421875,1069.974365234375,3080.793325461725,1074.0967575466163,6.262260187604708,0.25121809923105104
3110.390625,1069.974365234375,3110.390625,1069.974365234375,3105.639234585223,1074.1748135289845,6.34188274484166,0.2517692125320673
3135.273681640625,1069.974365234375,3135.273681640625,1069.974365234375,3130.484899934962,1074.2528687455124,6.421683776028525,0.25240122994403796
3160.15673828125,1069.974365234375,3160.15673828125,1069.974365234375,3155.3305652847007,1074.33092396204,6.501657461003024,0.2531135503928892
3185.0400390625,1069.974365234375,3185.0400390625,1069.974365234375,3180.176474408199,1074.4089799444082,6.581798293248626,0.25390550617800595
3209.923095703125,1069.974365234375,3209.923095703125,1069.974365234375,3205.0221397579376,1074.487035160936,6.662098696563797,0.2547763392141024
3234.80615234375,1069.974365234375,3234.80615234375,1069.974365234375,3229.8678051076763,1074.565090377464,6.742553727144208,0.2557252509944102
3259.689453125,1069.974365234375,3259.689453125,1069.974365234375,3254.713714231175,1074.6431463598321,6.82315870670973,0.2567513862646317
3284.572265625,1069.974365234375,3284.572265625,1069.974365234375,3279.559135807154,1074.7212008105196,6.903906036261697,0.25785379189133056
3309.45556640625,1069.974365234375,3309.45556640625,1069.974365234375,3304.4050449306524,1074.7992567928877,6.984793892942023,0.25903153706193915
3334.338623046875,1069.974365234375,3334.338623046875,1069.974365234375,3329.2507102803906,1074.8773120094156,7.065815126242382,0.26028356582783607
3359.221923828125,1069.974365234375,3359.221923828125,1069.974365234375,3354.0966194038892,1074.9553679917838,7.146966762928478,0.2616088360388114
3384.10498046875,1069.974365234375,3384.10498046875,1069.974365234375,3378.942284753628,1075.0334232083117,7.228242845297288,0.26300621472052965
3408.98828125,1069.974365234375,3408.98828125,1069.974365234375,3403.788193877126,1075.1114791906798,7.309640790461875,0.2644745860932871
3433.87109375,1069.974365234375,3433.87109375,1069.974365234375,3428.6336154531054,1075.1895336413672,7.391154201052185,0.2660127305384834
3458.75439453125,1069.974365234375,3458.75439453125,1069.974365234375,3453.4795245766036,1075.2675896237356,7.472782445284584,0.2676195048260826
3483.637451171875,1069.974365234375,3483.637451171875,1069.974365234375,3478.3251899263423,1075.3456448402633,7.554519451654072,0.26929363476690904
3508.520751953125,1069.974365234375,3508.520751953125,1069.974365234375,3503.1710990498404,1075.4237008226316,7.636363305858438,0.27103390476958433
3533.40380859375,1069.974365234375,3533.40380859375,1069.974365234375,3528.016764399579,1075.5017560391593,7.718309028457185,0.2728390154241001
3558.28662109375,1069.974365234375,3558.28662109375,1069.974365234375,3552.8621859755585,1075.5798104898467,7.800353380684726,0.2747076863058844
3583.169921875,1069.974365234375,3583.169921875,1069.974365234375,3577.7080950990567,1075.6578664722151,7.882495674019856,0.2766386849211754
3608.052978515625,1069.974365234375,3608.052978515625,1069.974365234375,3602.5537604487954,1075.7359216887428,7.964730511662792,0.27863066028170885
3632.936279296875,1069.974365234375,3632.936279296875,1069.974365234375,3627.399669572294,1075.8139776711112,8.047056645358518,0.28068235281611303
3657.819091796875,1069.974365234375,3657.819091796875,1069.974365234375,3652.245091148273,1075.8920321217986,8.129468901541264,0.2827924019633177
3682.70263671875,1069.974365234375,3682.70263671875,1069.974365234375,3677.091244045531,1075.9700888700072,8.211968682839464,0.2849596147954931
3707.58544921875,1069.974365234375,3707.58544921875,1069.974365234375,3701.9366656215097,1076.0481433206946,8.294548593522563,0.2871825710545991
3732.46875,1069.974365234375,3732.46875,1069.974365234375,3726.7825747450083,1076.1261993030628,8.377210242028497,0.2894600931938328
3757.351806640625,1069.974365234375,3757.351806640625,1069.974365234375,3751.628240094747,1076.2042545195907,8.459948848021371,0.29179083830897007
3782.235107421875,1069.974365234375,3782.235107421875,1069.974365234375,3776.474149218245,1076.2823105019588,8.542763775430206,0.29417358652579184
3807.117919921875,1069.974365234375,3807.117919921875,1069.974365234375,3801.3195707942245,1076.3603649526463,8.62565041071601,0.29660701426405606
3832.00146484375,1069.974365234375,3832.00146484375,1069.974365234375,3826.165723691482,1076.4384217008549,8.708610727212092,0.29909000344640774
3856.88427734375,1069.974365234375,3856.88427734375,1069.974365234375,3851.0111452674614,1076.5164761515423,8.791637824549491,0.30162118574464375
3881.767578125,1069.974365234375,3881.767578125,1069.974365234375,3875.8570543909595,1076.5945321339104,8.874733831972659,0.30419947974856665
3906.650634765625,1069.974365234375,3906.650634765625,1069.974365234375,3900.7027197406983,1076.6725873504383,8.957894432279772,0.30682362386839634
2413.6630859375,1094.8575439453125,2413.236572265625,1095.409912109375,2409.8805990030146,1096.835048576101,3.6460348994692793,0.5091758917347807
2438.546142578125,1094.8575439453125,2438.028564453125,1094.992919921875,2434.7262643527533,1096.9131037926286,3.819985870447293,0.24981120877479457
2463.429443359375,1094.8575439453125,2463.059814453125,1095.0985107421875,2459.572173476252,1096.9911597749967,3.968092733916124,0.20646642672703983
2488.3125,1094.8575439453125,2487.5283203125,1095.114501953125,2484.41783882599,1097.0692149915246,3.673689989698331,0.546807657478105
2513.195556640625,1094.8575439453125,2512.802978515625,1095.1494140625,2509.263504175729,1097.1472702080525,4.064395131025608,0.2711105679111484
2538.078857421875,1094.8575439453125,2537.517578125,1095.0477294921875,2534.1094132992275,1097.2253261904207,4.044442465876939,0.32156190238714794
2562.9619140625,1094.8575439453125,2562.54541015625,1095.045654296875,2558.9550786489663,1097.3033814069486,4.241204078531883,0.20650630362828507
2587.844970703125,1094.8575439453125,2586.23193359375,1095.728759765625,2583.800743998705,1097.3814366234762,2.9397318999412403,1.5796135598088965
2612.728271484375,1094.8575439453125,2611.349609375,1095.2730712890625,2608.646653122203,1097.4594926058446,3.476551549885737,1.1712965717314148
2637.611328125,1094.8575439453125,2636.33740234375,1095.6785888671875,2633.492318471942,1097.5375478223723,3.398563024968708,1.2799076897748851
2662.494140625,1094.8575439453125,2661.195068359375,1095.1082763671875,2658.337740047921,1097.6156022730597,3.8014481816398984,1.0534645428663025
2687.37744140625,1094.8575439453125,2686.142578125,1095.0712890625,2683.1836491714193,1097.693658255428,3.9537426239395277,0.9847396681407181
2712.260498046875,1094.8575439453125,2711.627685546875,1095.514892578125,2708.029314521158,1097.7717134719558,4.247530410197212,0.7414221372815405
2737.1435546875,1094.8575439453125,2735.797607421875,1095.5157470703125,2732.874979870897,1097.8497686884837,3.74024179911233,1.2591677577798133
2762.02685546875,1094.8575439453125,2760.35693359375,1095.47314453125,2757.720888994395,1097.9278246708518,3.6019696996982695,1.5306614990997822
2786.909912109375,1094.8575439453125,2786.368408203125,1095.71435546875,2782.5665543441337,1098.0058798873797,4.439051354321474,0.9019737766117731
2811.79296875,1094.8575439453125,2810.995361328125,1095.5194091796875,2807.4122196938724,1098.0839351039076,4.406324680174076,0.854344060056231
2836.67626953125,1094.8575439453125,2834.538818359375,1095.5694580078125,2832.2581288173706,1098.1619910862757,3.4529368007443373,2.007390993707378
2861.559326171875,1094.8575439453125,2860.470947265625,1095.61181640625,2857.1037941671093,1098.2400463028036,4.271453192764997,1.1280585323652252
2886.4423828125,1094.8575439453125,2885.064697265625,1095.85498046875,2881.949459516848,1098.3181015193313,3.971356385571785,1.5092727255659864
2911.32568359375,1094.8575439453125,2909.7900390625,1095.7396240234375,2906.7953686403466,1098.3961575016997,4.003151390897938,1.5633081557431279
2936.208740234375,1094.8575439453125,2935.452392578125,1095.2039794921875,2931.6410339900854,1098.4742127182274,5.022039390458681,0.6214135314759225
2961.091796875,1094.8575439453125,2959.514404296875,1095.9005126953125,2956.486699339824,1098.5522679347553,4.024773677719375,1.7010416729200784
2985.97509765625,1094.8575439453125,2983.84228515625,1096.0858154296875,2981.3326084633222,1098.6303239171234,3.5739334836644936,2.261214878456582
3010.85791015625,1094.8575439453125,3009.345703125,1095.6881103515625,3006.178030039301,1098.7083783678108,4.376776401397921,1.5277298050640356
3035.7412109375,1094.8575439453125,3033.928955078125,1096.16357421875,3031.0239391627997,1098.7864343501792,3.9138871646144944,2.0609293268008875
3060.624267578125,1094.8575439453125,3059.583740234375,1095.6397705078125,3055.8696045125384,1098.8644895667069,4.918700760263731,1.1442390853841895
3085.50732421875,1094.8575439453125,3083.44580078125,1095.6873779296875,3080.715269862277,1098.9425447832348,4.248753975449677,2.0112660130030644
3110.390625,1094.8575439453125,3109.74462890625,1095.4620361328125,3105.5611789857753,1099.020600765603,5.492234106706167,0.7712923939239921
3135.273681640625,1094.8575439453125,3133.515380859375,1095.466552734375,3130.406844335514,1099.0986559821308,4.780708454040666,1.6483494455853254
3185.0400390625,1094.8575439453125,3182.908935546875,1096.2799072265625,3180.098418808751,1099.2547671810269,4.092529301538516,2.4017984614284664
3234.80615234375,1094.8575439453125,3233.911865234375,1096.9600830078125,3229.7897495082284,1099.4108776140824,4.795647220330845,2.2780158394541323
3259.689453125,1094.8575439453125,3258.05029296875,1095.6373291015625,3254.635658631727,1099.4889335964506,5.147289076846051,1.6379341344304306
3284.572265625,1094.8575439453125,3282.412109375,1096.261474609375,3279.481080207706,1099.5669880471382,4.417844617770328,2.427091096142618
3334.338623046875,1094.8575439453125,3332.251220703125,1093.3045654296875,3329.1726546809427,1099.723099246034,7.118647701952902,2.344856776221128
3458.75439453125,1094.8575439453125,3459.08837890625,1092.1627197265625,3453.4014689771557,1100.113376860354,9.775167180194,2.635853964369639
3483.637451171875,1094.8575439453125,3484.203125,1095.1417236328125,3478.2471343268944,1100.191432076882,7.808545336247139,0.9056781302918333
3508.520751953125,1094.8575439453125,3508.742431640625,1095.47021484375,3503.0930434503925,1100.26948805925,7.412732985947519,0.8760077202626627
3533.40380859375,1094.8575439453125,3532.1416015625,1094.42626953125,3527.9387088001313,1100.347543275778,7.261252669450897,1.0645641118734843
3558.28662109375,1094.8575439453125,3557.93359375,1093.7393798828125,3552.7841303761106,1100.4255977264654,8.439341330448174,0.9843120286298415
3583.169921875,1094.8575439453125,3582.878662109375,1093.4171142578125,3577.6300394996088,1100.5036537088336,8.81856454819191,1.2965412739801292
3608.052978515625,1094.8575439453125,3609.279541015625,1094.43310546875,3602.4757048493475,1100.5817089253615,9.170469510564882,1.4888404218886717
3632.936279296875,1094.8575439453125,3634.52001953125,1093.296630859375,3627.321613972846,1100.6597649077296,10.297222227246491,2.3000417936043123
3657.819091796875,1094.8575439453125,3658.4814453125,1093.705078125,3652.167035548825,1100.737819358417,9.451519450321127,1.3390940023102686
3682.70263671875,1094.8575439453125,3682.45361328125,1093.79833984375,3677.013188446083,1100.8158761066256,8.879416511678963,0.896487990618656
3707.58544921875,1094.8575439453125,3707.288818359375,1093.92138671875,3701.858610022062,1100.893930557313,8.837620164235911,0.7714795965273012
3732.46875,1094.8575439453125,3732.892333984375,1094.006103515625,3726.7045191455604,1100.9719865396812,9.317326804630627,0.9444108906636403
3757.351806640625,1094.8575439453125,3758.082763671875,1092.7978515625,3751.550184495299,1101.050041756209,10.524886398027347,2.115000070206553
3782.235107421875,1094.8575439453125,3782.94140625,1093.8836669921875,3776.3960936187973,1101.1280977385773,9.763344420812926,1.2273480062904971
3807.117919921875,1094.8575439453125,3807.27978515625,1094.2913818359375,3801.2415151947766,1101.2061521892647,9.180128167236232,0.5461325334139361
3832.00146484375,1094.8575439453125,3831.82568359375,1094.8809814453125,3826.087668092034,1101.2842089374733,8.598031415056301,0.21946792753851915
3856.88427734375,1094.8575439453125,3856.68359375,1095.1187744140625,3850.9330896680135,1101.3622633881607,8.488194847352965,0.456091791828649
3881.767578125,1094.8575439453125,3881.82421875,1094.518310546875,3875.7789987915116,1101.4403193705289,9.190151821447131,0.3163309565749613
3906.650634765625,1094.8575439453125,3906.6474609375,1094.358642578125,3900.6246641412504,1101.5183745870568,9.356059196512005,0.370285792605744
3931.533447265625,1094.8575439453125,3931.528076171875,1094.62060546875,3925.4700857172297,1101.5964290377442,9.239121322631732,0.22145886186221395
3956.416748046875,1094.8575439453125,3956.48828125,1094.8963623046875,3950.315994840728,1101.6744850201126,9.167336966832133,0.3875239062563911
3981.2998046875,1094.8575439453125,3981.306396484375,1094.997314453125,3975.1616601904666,1101.7525402366402,9.131859586521488,0.42375451087681854
4006.18310546875,1094.8575439453125,4006.17626953125,1094.9130859375,4000.0075693139647,1101.8305962190084,9.268484820374344,0.35033566386500276
2513.195556640625,1119.7406005859375,2513.01904296875,1119.8475341796875,2509.185448959201,1121.9929355577913,4.393084349659045,0.1230347764314358
2538.078857421875,1119.7406005859375,2538.085205078125,1119.831787109375,2534.0313580826996,1122.0709915401594,4.631167449484403,0.30004453265128544
2562.9619140625,1119.7406005859375,2562.781982421875,1119.9874267578125,2558.8770234324384,1122.1490467566873,4.4633289962445675,0.2180534994999554
2587.844970703125,1119.7406005859375,2587.703125,1120.404541015625,2583.722688782177,1122.227101973215,4.377853461262447,0.6268111545208801
2612.728271484375,1119.7406005859375,2612.650390625,1119.81494140625,2608.5685979056752,1122.3051579555834,4.781444370282519,0.2131819032787963
2637.611328125,1119.7406005859375,2637.51708984375,1120.068115234375,2633.414263255414,1122.383213172111,4.710930319508734,0.3421178281903697
2662.494140625,1119.7406005859375,2662.0927734375,1120.005615234375,2658.2596848313933,1122.4612676227985,4.552229883808014,0.2505107962036777
2687.37744140625,1119.7406005859375,2687.61474609375,1118.869873046875,2683.1055939548914,1122.5393236051668,5.813546285282407,1.0484495933213254
2712.260498046875,1119.7406005859375,2712.282958984375,1119.6639404296875,2707.95125930463,1122.6173788216945,5.242749321766419,0.32738428647386664
2737.1435546875,1119.7406005859375,2736.318359375,1120.345947265625,2732.796924654369,1122.6954340382224,4.233271853575699,0.7903187939984372
2762.02685546875,1119.7406005859375,2761.809326171875,1120.41943359375,2757.642833777867,1122.7734900205905,4.785524060129186,0.658403715950939
2786.909912109375,1119.7406005859375,2786.107421875,1120.8739013671875,2782.488499127606,1122.8515452371184,4.124036509038527,1.2289581435114416
2811.79296875,1119.7406005859375,2811.406982421875,1120.803466796875,2807.3341644773445,1122.9296004536463,4.5943759462788085,1.0530653733335857
2836.67626953125,1119.7406005859375,2837.05078125,1121.092041015625,2832.1800736008427,1123.0076564360145,5.2338681147306145,1.4928874292612353
2861.559326171875,1119.7406005859375,2859.9267578125,1121.7435302734375,2857.0257389505814,1123.0857116525424,3.1964607445772564,2.4115314393601013
2961.091796875,1119.7406005859375,2960.7353515625,1118.8946533203125,2956.408644123296,1123.397933284494,6.244992209783777,0.8378575558174557
2985.97509765625,1119.7406005859375,2986.30859375,1119.10498046875,2981.2545532467943,1123.4759892668621,6.681993962973715,0.8689939324510124
3010.85791015625,1119.7406005859375,3010.813232421875,1117.228271484375,3006.099974822773,1123.5540437175496,7.888611509099249,2.502186879381777
3035.7412109375,1119.7406005859375,3035.9921875,1117.906494140625,3030.945883946272,1123.6320996999177,7.632020609050624,1.8835848091622296
3060.624267578125,1119.7406005859375,3060.269287109375,1118.545654296875,3055.7915492960105,1123.7101549164456,6.835364114279443,1.1680941547469479
3085.50732421875,1119.7406005859375,3085.43603515625,1118.398681640625,3080.6372146457493,1123.7882101329735,7.216349192066502,1.323138468943588
3110.390625,1119.7406005859375,3109.98681640625,1118.0487060546875,3105.4831237692474,1123.8662661153417,7.357122564420804,1.6585480417609935
3135.273681640625,1119.7406005859375,3134.716064453125,1117.9119873046875,3130.328789118986,1123.9443213318696,7.459037382467102,1.808437471658272
3160.15673828125,1119.7406005859375,3159.97265625,1118.715576171875,3155.174454468725,1124.0223765483972,7.154360248833446,0.9812238326303779
3185.0400390625,1119.7406005859375,3184.983642578125,1117.9063720703125,3180.020363592223,1124.1004325307656,7.937286896644512,1.7948378914000034
3209.923095703125,1119.7406005859375,3209.604736328125,1118.237060546875,3204.8660289419618,1124.1784877472933,7.599730578747394,1.447949050959899
3234.80615234375,1119.7406005859375,3234.748046875,1118.3651123046875,3229.7116942917005,1124.2565429638212,7.750729162774805,1.3310572935717593
3259.689453125,1119.7406005859375,3259.42724609375,1118.88427734375,3254.557603415199,1124.3345989461893,7.308859376590935,0.7909424867971002
3284.572265625,1119.7406005859375,3284.31640625,1118.6068115234375,3279.403024991178,1124.4126533968767,7.605860586016818,1.0639791586243932
3309.45556640625,1119.7406005859375,3308.804931640625,1118.3055419921875,3304.2489341146766,1124.4907093792451,7.682018553893858,1.414525552346048
3334.338623046875,1119.7406005859375,3334.11376953125,1119.2330322265625,3329.094599464415,1124.5687645957728,7.325442517394598,0.4305248628213145
3359.221923828125,1119.7406005859375,3358.8974609375,1118.9674072265625,3353.9405085879134,1124.6468205781412,7.538375993154082,0.6927381084049743
3384.10498046875,1119.7406005859375,3384.095947265625,1119.1275634765625,3378.786173937652,1124.7248757946688,7.715153788543466,0.582894543123344
3408.98828125,1119.7406005859375,3409.00439453125,1119.3489990234375,3403.6320830611503,1124.8029317770372,7.6555282647608625,0.4077732916785074
3433.87109375,1119.7406005859375,3433.8583984375,1119.2078857421875,3428.4775046371296,1124.8809862277246,7.819084806412182,0.5012247940619793
3458.75439453125,1119.7406005859375,3458.382568359375,1119.09375,3453.323413760628,1124.9590422100928,7.745753543962022,0.5573442798467061
3483.637451171875,1119.7406005859375,3483.06103515625,1118.9967041015625,3478.1690791103665,1125.0370974266207,7.772874981386449,0.7133903875416602
3508.520751953125,1119.7406005859375,3508.236083984375,1119.2958984375,3503.0149882338646,1125.1151534089888,7.818156384928267,0.3358436788283139
3533.40380859375,1119.7406005859375,3533.220458984375,1119.615966796875,3527.8606535836034,1125.1932086255167,7.735188449500855,0.07348986748052523
3558.28662109375,1119.7406005859375,3557.829345703125,1119.5062255859375,3552.7060751595827,1125.2712630762041,7.7125584812374655,0.232713042929918
3583.169921875,1119.7406005859375,3582.927001953125,1119.157958984375,3577.551984283081,1125.3493190585723,8.199009362212674,0.4594042506190562
3608.052978515625,1119.7406005859375,3607.828125,1119.07421875,3602.3976496328196,1125.4273742751002,8.357789650359972,0.5392989286981339
3632.936279296875,1119.7406005859375,3632.47021484375,1118.97509765625,3627.243558756318,1125.5054302574683,8.364399424873438,0.6682486869017095
3657.819091796875,1119.7406005859375,3657.364990234375,1119.4761962890625,3652.088980332297,1125.5834847081558,8.070641382245595,0.23938183407094193
3682.70263671875,1119.7406005859375,3682.2568359375,1119.540771484375,3676.935133229555,1125.6615414563644,8.11075488236178,0.20373050242851937
3707.58544921875,1119.7406005859375,3707.091552734375,1119.3079833984375,3701.780554805534,1125.7395959070518,8.341003444497435,0.37673285019441305
3732.46875,1119.7406005859375,3732.171630859375,1119.6575927734375,3726.6264639290325,1125.81765188942,8.288257030145859,0.08267678988814477
3757.351806640625,1119.7406005859375,3756.861328125,1119.20068359375,3751.4721292787713,1125.8957071059478,8.594579921850467,0.45528356838838213
3782.235107421875,1119.7406005859375,3781.641357421875,1119.4947509765625,3776.3180384022694,1125.973763088316,8.38542326473406,0.35739762417088305
3807.117919921875,1119.7406005859375,3806.517822265625,1119.443359375,3801.1634599782487,1126.0518175390034,8.50534624867563,0.3783719552103967
3832.00146484375,1119.7406005859375,3832.081787109375,1119.30908203125,3826.0096128755063,1126.129874287212,9.132059292703428,0.4188509357690003
3856.88427734375,1119.7406005859375,3856.61376953125,1119.563720703125,3850.8550344514856,1126.2079287378995,8.792526947827374,0.026555819605333826
3881.767578125,1119.7406005859375,3881.45751953125,1119.6024169921875,3875.7009435749837,1126.2859847202676,8.820898158129744,0.07707534625398557
3906.650634765625,1119.7406005859375,3905.856201171875,1119.5615234375,3900.5466089247225,1126.3640399367955,8.629368491043234,0.5519299506824077
3931.533447265625,1119.7406005859375,3930.84326171875,1119.6422119140625,3925.392030500702,1126.442094387483,8.71517776324462,0.45702776418584584
3956.416748046875,1119.7406005859375,3955.86083984375,1119.52734375,3950.2379396242,1126.520150369851,8.97309039861123,0.31605192727864967
3981.2998046875,1119.7406005859375,3980.85595703125,1119.469482421875,3975.0836049739387,1126.598205586379,9.172717276231824,0.21788605938767552
4006.18310546875,1119.7406005859375,4005.66357421875,1119.592041015625,3999.929514097437,1126.6762615687471,9.114034579707935,0.2851894660561404
4031.066162109375,1119.7406005859375,4030.244140625,1119.51953125,4024.7751794471756,1126.754316785275,9.069269987489378,0.5843132280290431
4055.949462890625,1119.7406005859375,4055.316162109375,1119.370361328125,4049.621088570674,1126.8323727676432,9.386984464390608,0.4281198117331006
4080.832275390625,1119.7406005859375,4080.33544921875,1119.6533203125,4074.466510146653,1126.9104272183306,9.333276299062431,0.2892307910138763
4105.7158203125,1119.7406005859375,4105.328125,1119.604248046875,4099.312663043912,1126.9884839665392,9.52432268785566,0.17249409346373823
2587.844970703125,1144.623779296875,2587.844970703125,1144.623779296875,2583.644633182729,1147.0728892098336,4.862198540886324,0.31680297555145287
2612.728271484375,1144.623779296875,2612.728271484375,1144.623779296875,2608.4905423062273,1147.1509451922018,4.934056753810906,0.31486904810186395
2637.611328125,1144.623779296875,2637.611328125,1144.623779296875,2633.336207655966,1147.2290004087297,5.006379137301362,0.3129894020455376
2662.494140625,1144.623779296875,2662.494140625,1144.623779296875,2658.1816292319454,1147.3070548594171,5.079145819895447,0.3111650191122404
2687.37744140625,1144.623779296875,2687.37744140625,1144.623779296875,2683.0275383554435,1147.3851108417853,5.1523400947852664,0.309396823713452
2712.260498046875,1144.623779296875,2712.260498046875,1144.623779296875,2707.8732037051823,1147.4631660583132,5.225941907606636,0.3076858380153028
2737.1435546875,1144.623779296875,2737.1435546875,1144.623779296875,2732.718869054921,1147.5412212748408,5.299934965822515,0.306033003650538
2762.02685546875,1144.623779296875,2762.02685546875,1144.623779296875,2757.564778178419,1147.6192772572092,5.374303840987474,0.30443925240677266
2786.909912109375,1144.623779296875,2786.909912109375,1144.623779296875,2782.410443528158,1147.6973324737369,5.4490317162187365,0.30290554840537925
2811.79296875,1144.623779296875,2811.79296875,1144.623779296875,2807.2561088778966,1147.7753876902648,5.524104720620961,0.30143279204581885
2836.67626953125,1144.623779296875,2836.67626953125,1144.623779296875,2832.1020180013948,1147.853443672633,5.599509714110947,0.30002186733741765
2861.559326171875,1144.623779296875,2861.559326171875,1144.623779296875,2856.9476833511335,1147.9314988891608,5.675232013520519,0.298673678429706
2886.4423828125,1144.623779296875,2886.4423828125,1144.623779296875,2881.7933487008722,1148.0095541056887,5.751259794782027,0.2973890642072726
2911.32568359375,1144.623779296875,2911.32568359375,1144.623779296875,2906.639257824371,1148.0876100880569,5.827581852006958,0.2961688402712885
2936.208740234375,1144.623779296875,2936.208740234375,1144.623779296875,2931.4849231741096,1148.1656653045845,5.904185304549941,0.2950138296954822
2961.091796875,1144.623779296875,2961.091796875,1144.623779296875,2956.3305885238483,1148.2437205211124,5.981060059053947,0.2939247888364211
2985.97509765625,1144.623779296875,2985.97509765625,1144.623779296875,2981.1764976473464,1148.3217765034806,6.058196545632377,0.29290244384020014
3010.85791015625,1144.623779296875,3010.85791015625,1144.623779296875,3006.0219192233253,1148.3998309541682,6.135582647302275,0.2919475245748248
3035.7412109375,1144.623779296875,3035.7412109375,1144.623779296875,3030.867828346824,1148.4778869365364,6.213212017403005,0.2910606570241987
3060.624267578125,1144.623779296875,3060.624267578125,1144.623779296875,3055.7134936965626,1148.555942153064,6.291073425372488,0.29024249227648735
3085.50732421875,1144.623779296875,3085.50732421875,1144.623779296875,3080.5591590463014,1148.633997369592,6.36915909399186,0.28949360372099037
3110.390625,1144.623779296875,3110.390625,1144.623779296875,3105.4050681697995,1148.71205335196,6.447461644448977,0.2888145239337702
3135.273681640625,1144.623779296875,3135.273681640625,1144.623779296875,3130.2507335195382,1148.790108568488,6.525971761096446,0.28820575974151214
3160.15673828125,1144.623779296875,3160.15673828125,1144.623779296875,3155.096398869277,1148.868163785016,6.604682781749513,0.2876677505009187
3185.0400390625,1144.623779296875,3185.0400390625,1144.623779296875,3179.942307992775,1148.946219767384,6.683588383520698,0.2872008896142281
3209.923095703125,1144.623779296875,3209.923095703125,1144.623779296875,3204.787973342514,1149.024274983912,6.762680234202953,0.286805533708609
3234.80615234375,1144.623779296875,3234.80615234375,1144.623779296875,3229.6336386922526,1149.1023302004396,6.8419526212000665,0.2864819738719014
3259.689453125,1144.623779296875,3259.689453125,1144.623779296875,3254.479547815751,1149.180386182808,6.92140012167126,0.2862304514691289
3284.572265625,1144.623779296875,3284.572265625,1144.623779296875,3279.32496939173,1149.2584406334954,7.001014459694605,0.28605116287097726
3309.45556640625,1144.623779296875,3309.45556640625,1144.623779296875,3304.1708785152287,1149.3364966158636,7.080793079465204,0.2859442369094448
3334.338623046875,1144.623779296875,3334.336181640625,1144.623779296875,3329.016543864967,1149.4145518323915,7.158913852761956,0.2835180443267975
3359.221923828125,1144.623779296875,3359.303466796875,1144.623779296875,3353.8624529884655,1149.4926078147596,7.301378116483828,0.36599739287995786
3384.10498046875,1144.623779296875,3384.202880859375,1144.623779296875,3378.7081183382043,1149.5706630312875,7.393515662109438,0.38198125542788036
3408.98828125,1144.623779296875,3408.86474609375,1144.623779296875,3403.5540274617024,1149.6487190136556,7.311207256401443,0.16927442806371554
3433.87109375,1144.623779296875,3433.96826171875,1144.623779296875,3428.3994490376817,1149.726773464343,7.553292272250548,0.3811256878288528
3458.75439453125,1144.623779296875,3458.558837890625,1144.623779296875,3453.24535816118,1149.8048294467112,7.421344048778641,0.11278121910232794
3483.637451171875,1144.623779296875,3482.38720703125,1144.623779296875,3478.0910235109186,1149.882884663239,6.790830736727787,0.9791561365579521
3508.520751953125,1144.623779296875,3507.611572265625,1144.623779296875,3502.9369326344167,1149.9609406456073,7.09489583743584,0.6415139431865399
3533.40380859375,1144.623779296875,3532.427978515625,1144.623779296875,3527.7825979841555,1150.0389958621352,7.134713079782822,0.7090597592020957
3558.28662109375,1144.623779296875,3559.115234375,1144.623779296875,3552.628019560135,1150.1170503128226,8.500587186121681,1.1048713977217912
3583.169921875,1144.623779296875,3583.748291015625,1144.623779296875,3577.473928683633,1150.1951062951907,8.390906220145858,0.8554999588078417
3608.052978515625,1144.623779296875,3607.91845703125,1144.6280517578125,3602.3195940333717,1150.2731615117186,7.950756630828102,0.17493698340160557
3632.936279296875,1144.623779296875,3631.744140625,1144.6275634765625,3627.1655031568703,1150.3512174940868,7.329675052612025,0.9299685344811474
3657.819091796875,1144.623779296875,3659.8505859375,1144.633056640625,3652.010924732849,1150.4292719447742,9.74968715681487,2.3031899609500233
3682.70263671875,1144.623779296875,3682.834716796875,1144.6290283203125,3676.857077630107,1150.5073286929828,8.38370951783356,0.41855851321594995
3707.58544921875,1144.623779296875,3707.064453125,1144.6300048828125,3701.702499206086,1150.5853831436702,8.013556018301355,0.2858919202279672
3732.46875,1144.623779296875,3731.89697265625,1144.629150390625,3726.5484083295846,1150.6634391260384,8.063484414247625,0.3341653559275712
3757.351806640625,1144.623779296875,3757.116455078125,1144.64306640625,3751.3940736793234,1150.7414943425663,8.362802889450041,0.15507099304712182
3782.235107421875,1144.623779296875,3782.009521484375,1144.6419677734375,3776.2399828028215,1150.8195503249344,8.452816263145763,0.16025148396614627
3807.117919921875,1144.623779296875,3807.125732421875,1144.644775390625,3801.085404378801,1150.897604775622,8.693873600750775,0.31593102124640526
3832.00146484375,1144.623779296875,3831.986328125,1144.656982421875,3825.9315572760584,1150.9756615238305,8.751340218885463,0.3052432970212916
3856.88427734375,1144.623779296875,3856.8935546875,1144.6357421875,3850.7769788520377,1151.053715974518,8.865826948559858,0.31557209477517056
3881.767578125,1144.623779296875,3881.74951171875,1144.6962890625,3875.622887975536,1151.1317719568863,8.88543519332924,0.3324140526197418
3906.650634765625,1144.623779296875,3906.638671875,1144.68896484375,3900.4685533252746,1151.209827173414,8.977305188089357,0.33428306354085946
3931.533447265625,1144.623779296875,3931.51318359375,1144.709228515625,3925.313974901254,1151.2878816241014,9.039295610543162,0.3449771142872873
3956.416748046875,1144.623779296875,3956.39453125,1144.6934814453125,3950.159884024752,1151.3659376064697,9.131949257735572,0.3348834395135129
3981.2998046875,1144.623779296875,3981.260498046875,1144.6937255859375,3975.005549374491,1151.4439928229974,9.20274364881939,0.3259892655861406
4006.18310546875,1144.623779296875,4006.1376953125,1144.7222900390625,3999.851458497989,1151.5220488053658,9.260318167753894,0.34701254487046523
4031.066162109375,1144.623779296875,4031.01025390625,1144.7769775390625,4024.6971238477277,1151.6001040218935,9.295733759985144,0.3897593515042907
4055.949462890625,1144.623779296875,4055.9248046875,1144.7471923828125,4049.5430329712262,1151.6781600042618,9.42153503460082,0.38543274922880827
4080.832275390625,1144.623779296875,4080.810546875,1144.78759765625,4074.388454547205,1151.7562144549493,9.47654419890686,0.42345211855806164
4105.7158203125,1144.623779296875,4105.69287109375,1144.7015380859375,4099.234607444464,1151.8342712031579,9.622112610294108,0.3564965023932557
4130.5986328125,1144.623779296875,4130.54541015625,1144.74951171875,4124.080029020442,1151.9123256538453,9.649199795840664,0.3810208314936162
4155.48193359375,1144.623779296875,4155.4775390625,1144.7486572265625,4148.925938143941,1151.9903816362134,9.765554107238506,0.4108491609190726
4180.36474609375,1144.623779296875,4180.33984375,1144.8143310546875,4173.77135971992,1152.0684360869009,9.78606265419348,0.4580700108816289
2687.37744140625,1169.5068359375,2687.347412109375,1169.5743408203125,2682.9494831389156,1172.230776191524,5.137940064912136,0.2907543212380256
2712.260498046875,1169.5068359375,2712.222900390625,1169.594482421875,2707.7951484886544,1172.308831408052,5.193522631525163,0.2822304717678467
2737.1435546875,1169.5068359375,2737.16162109375,1169.4749755859375,2732.640813838393,1172.3868866245796,5.37744587486039,0.3522588716186817
2762.02685546875,1169.5068359375,2762.04052734375,1169.4542236328125,2757.4867229618912,1172.4649426069477,5.459080791621772,0.35238771098981836
2786.909912109375,1169.5068359375,2786.901611328125,1169.5201416015625,2782.33238831163,1172.5429978234756,5.478636574260667,0.3124753246288784
2811.79296875,1169.5068359375,2811.805419921875,1169.4716796875,2807.1780536613687,1172.6210530400035,5.597416459611621,0.3414018931477596
2836.67626953125,1169.5068359375,2836.674072265625,1169.5255126953125,2832.023962784867,1172.6991090223717,5.629851847976124,0.3148014163387197
2861.559326171875,1169.5068359375,2861.557861328125,1169.51416015625,2856.8696281346056,1172.7771642388996,5.711980927857242,0.31546791864240575
2886.4423828125,1169.5068359375,2886.445068359375,1169.500244140625,2881.7152934843443,1172.8552194554272,5.798847276088907,0.3200621156099429
2911.32568359375,1169.5068359375,2911.32861328125,1169.4884033203125,2906.561202607843,1172.9332754377956,5.881781059741028,0.3206759925645887
2936.208740234375,1169.5068359375,2936.2109375,1169.498291015625,2931.4068679575817,1173.0113306543233,5.95151507361419,0.31673609195760233
2961.091796875,1169.5068359375,2961.091064453125,1169.509765625,2956.2525333073204,1173.0893858708512,6.0187261736540965,0.31107650597041114
2985.97509765625,1169.5068359375,2985.9755859375,1169.50537109375,2981.0984424308185,1173.1674418532193,6.098958192357566,0.311381651523312
3010.85791015625,1169.5068359375,3010.85791015625,1169.508056640625,3005.9438640067974,1173.2454963039067,6.17384036039331,0.3094185054390939
3035.7412109375,1169.5068359375,3035.7412109375,1169.507080078125,3030.789773130296,1173.3235522862751,6.251575519354413,0.30829218001467756
3060.624267578125,1169.5068359375,3060.624267578125,1169.5068359375,3055.6354384800347,1173.4016075028028,6.329112205976701,0.30717078565046574
3085.50732421875,1169.5068359375,3085.50732421875,1169.506591796875,3080.4811038297735,1173.4796627193307,6.4068856672666055,0.30610606332354506
3110.390625,1169.5068359375,3110.390869140625,1169.5057373046875,3105.3270129532716,1173.5577187016988,6.485460101482636,0.30535351789893417
3135.273681640625,1169.5068359375,3135.2734375,1169.506591796875,3130.1726783030103,1173.6357739182267,6.56261299917688,0.30390379947065493
3160.15673828125,1169.5068359375,3160.1572265625,1169.506591796875,3155.018343652749,1173.7138291347546,6.641457940646659,0.3037548894698698
3185.0400390625,1169.5068359375,3185.0400390625,1169.506591796875,3179.864252776247,1173.7918851171228,6.719561185190787,0.3024513090762345
3209.923095703125,1169.5068359375,3209.923095703125,1169.506591796875,3204.709918125986,1173.8699403336507,6.798237338028718,0.30170246208546114
3234.80615234375,1169.5068359375,3234.80615234375,1169.5067138671875,3229.5555834757247,1173.9479955501783,6.877023805800488,0.3010276966180527
3259.689453125,1169.5068359375,3259.689453125,1169.5067138671875,3254.4014925992233,1174.0260515325467,6.956072128414667,0.3004150945604463
3284.572265625,1169.5068359375,3284.572265625,1169.5068359375,3279.246914175202,1174.1041059832341,7.035215699413087,0.2998811695481337
3309.45556640625,1169.5068359375,3309.45556640625,1169.5068359375,3304.0928232987008,1174.1821619656023,7.11461081905523,0.299406493977304
3334.338623046875,1169.5068359375,3334.338623046875,1169.5068359375,3328.938488648439,1174.2602171821302,7.194170193842612,0.2990003819952017
3359.221923828125,1169.5068359375,3359.221923828125,1169.5068359375,3353.7843977719376,1174.3382731644983,7.273889969620246,0.2986631053094658
3384.10498046875,1169.5068359375,3384.10498046875,1169.5068359375,3378.6300631216764,1174.4163283810262,7.353763390967177,0.298394903963167
3408.98828125,1169.5068359375,3408.98828125,1169.5068359375,3403.4759722451745,1174.4943843633944,7.4337870473482,0.2981959590690912
3433.87109375,1169.5068359375,3433.87109375,1169.5068359375,3428.321393821154,1174.5724388140818,7.513953806317218,0.2980664141400888
3458.75439453125,1169.5068359375,3458.75439453125,1169.5068359375,3453.167302944652,1174.65049479645,7.5942622323889255,0.2980063545958477
3483.637451171875,1169.5068359375,3483.637451171875,1169.5068359375,3478.0129682943907,1174.7285500129778,7.674705566023854,0.2980158252378029
3508.520751953125,1169.5068359375,3508.520751953125,1169.5068359375,3502.858877417889,1174.806605995346,7.755281163104058,0.2980948196249052
3533.40380859375,1169.5068359375,3533.40380859375,1169.5068359375,3527.7045427676276,1174.884661211874,7.835983386818885,0.2982432809640521
3558.28662109375,1169.5068359375,3558.28662109375,1169.5068359375,3552.549964343607,1174.9627156625613,7.916808336905563,0.29846110354963296
3583.169921875,1169.5068359375,3583.169921875,1169.5068359375,3577.395873467105,1175.0407716449295,7.997754649317336,0.2987481430865817
3608.052978515625,1169.5068359375,3608.052978515625,1169.5068359375,3602.241538816844,1175.1188268614574,8.078816342952111,0.2991041928858518
3632.936279296875,1169.5068359375,3632.936279296875,1169.5068359375,3627.0874479403424,1175.1968828438255,8.159991546156391,0.29952901382276187
3657.819091796875,1169.5068359375,3657.819091796875,1169.5068359375,3651.9328695163213,1175.274937294513,8.241274537403893,0.30002230027330185
3682.70263671875,1169.5068359375,3682.70263671875,1169.5068359375,3676.7790224135792,1175.3529940427215,8.322666100936122,0.30058374031216545
3707.58544921875,1169.5068359375,3707.58544921875,1169.5068359375,3701.624443989558,1175.431048493409,8.404158360599974,0.3012129198873027
3732.46875,1169.5068359375,3732.46875,1169.5068359375,3726.4703531130567,1175.5091044757771,8.485752342537593,0.3019094452441094
3757.351806640625,1169.5068359375,3757.351806640625,1169.5068359375,3751.3160184627955,1175.587159692305,8.567442785970218,0.30267283202657863
3782.235107421875,1169.5068359375,3782.235107421875,1169.5068359375,3776.1619275862936,1175.6652156746732,8.649228537999079,0.3035025906342139
3807.117919921875,1169.5068359375,3807.117919921875,1169.5068359375,3801.007349162273,1175.7432701253606,8.731104534228201,0.30439815297848116
3832.00146484375,1169.5068359375,3832.00146484375,1169.5068359375,3825.8535020595305,1175.8213268735692,8.813072232646721,0.30535898481976154
3856.88427734375,1169.5068359375,3856.88427734375,1169.5068359375,3850.69892363551,1175.8993813242566,8.895124339647218,0.3063844158121949
3881.767578125,1169.5068359375,3881.767578125,1169.5068359375,3875.544832759008,1175.977437306625,8.977262498562586,0.3074738486897812
3906.650634765625,1169.5068359375,3906.650634765625,1169.5068359375,3900.3904981087467,1176.0554925231527,9.059481996207289,0.3086265747836008
3931.533447265625,1169.5068359375,3931.533447265625,1169.5068359375,3925.235919684726,1176.13354697384,9.141780613826569,0.30984188570316457
3956.416748046875,1169.5068359375,3956.416748046875,1169.5068359375,3950.081828808224,1176.2116029562085,9.224158635636625,0.3111190845684555
3981.2998046875,1169.5068359375,3981.2998046875,1169.5068359375,3974.927494157963,1176.2896581727362,9.306611572407197,0.3124573760822729
4006.18310546875,1169.5068359375,4006.18310546875,1169.5068359375,3999.773403281461,1176.3677141551045,9.389139047140446,0.3138560048313568
4031.066162109375,1169.5068359375,4031.066162109375,1169.5068359375,4024.6190686311998,1176.4457693716322,9.471737513236283,0.3153141406515167
4055.949462890625,1169.5068359375,4055.949462890625,1169.5068359375,4049.4649777546983,1176.5238253540006,9.55440672932311,0.3168309903542045
4080.832275390625,1169.5068359375,4080.832275390625,1169.5068359375,4074.3103993306772,1176.601879804688,9.637142461261112,0.3184056695443191
4105.7158203125,1169.5068359375,4105.7158203125,1169.5068359375,4099.156552227936,1176.6799365528964,9.719947028856602,0.3200374022262546
4130.5986328125,1169.5068359375,4130.5986328125,1169.5068359375,4124.001973803915,1176.757991003584,9.802813875002817,0.32172522499754524
4155.48193359375,1169.5068359375,4155.48193359375,1169.5068359375,4148.847882927413,1176.8360469859522,9.885745436550756,0.32346834103947203
4180.36474609375,1169.5068359375,4180.36474609375,1169.5068359375,4173.693304503392,1176.9141014366396,9.968736884294927,0.32526579354740365
4205.248046875,1169.5068359375,4205.248046875,1169.5068359375,4198.53921362689,1176.9921574190078,10.051789951668582,0.32711675676192703
4230.13134765625,1169.5068359375,4230.13134765625,1169.5068359375,4223.385122750389,1177.070213401376,10.134901535857283,0.3290202934280822
4255.01416015625,1169.5068359375,4255.01416015625,1169.5068359375,4248.230544326368,1177.1482678520636,10.218068576416046,0.33097545758244834
4279.8974609375,1169.5068359375,4279.8974609375,1169.5068359375,4273.076453449867,1177.2263238344317,10.301292954635588,0.3329814158512242
2762.02685546875,1194.3900146484375,2761.181396484375,1194.4659423828125,2757.4086673624433,1197.3107298435664,4.725071504679452,0.511105036414603
2786.909912109375,1194.3900146484375,2785.895263671875,1194.443359375,2782.254332712182,1197.388785060094,4.683151793361197,0.6817432205497098
2811.79296875,1194.3900146484375,2810.009033203125,1194.49267578125,2807.099998061921,1197.466840276622,4.160305265036683,1.4514192846571694
2836.67626953125,1194.3900146484375,2835.656005859375,1194.9368896484375,2831.945907185419,1197.54489625899,4.5350336990122235,0.8344911013926324
2861.559326171875,1194.3900146484375,2860.16796875,1195.995361328125,2856.7915725351577,1197.622951475518,3.748213052574822,1.8652898816322707
2886.4423828125,1194.3900146484375,2884.91552734375,1194.8580322265625,2881.6372378848964,1197.701006692046,4.339318562564988,1.2624732077906706
2911.32568359375,1194.3900146484375,2909.265380859375,1195.2218017578125,2906.483147008395,1197.779062674414,3.7789427882830777,1.8946970532287362
2936.208740234375,1194.3900146484375,2935.189697265625,1195.1519775390625,2931.3288123581337,1197.857117890942,4.714256738051095,0.9867344199229273
2961.091796875,1194.3900146484375,2959.536376953125,1194.7197265625,2956.1744777078725,1197.9351731074696,4.652038587413741,1.2589580145273251
2985.97509765625,1194.3900146484375,2984.748046875,1194.830322265625,2981.0203868313706,1198.013229089838,4.901667599143435,0.9822226570169892
3010.85791015625,1194.3900146484375,3010.117919921875,1194.5592041015625,3005.8658084073495,1198.0912835405254,5.527751576826228,0.43302567008921405
3035.7412109375,1194.3900146484375,3033.721435546875,1194.7052001953125,3030.711717530848,1198.1693395228936,4.588971978220247,1.7175030488697776
3060.624267578125,1194.3900146484375,3059.5703125,1194.755126953125,3055.557382880587,1198.2473947394215,5.31973104786017,0.8014146419698653
3085.50732421875,1194.3900146484375,3083.517578125,1194.9945068359375,3080.4030482303256,1198.3254499559491,4.560205974906562,1.7630254879788156
3110.390625,1194.3900146484375,3108.261962890625,1195.4306640625,3105.2489573538237,1198.4035059383175,4.232728574266176,2.072145153208533
3135.273681640625,1194.3900146484375,3133.782470703125,1194.7921142578125,3130.0946227035624,1198.4815611548452,5.216535370713169,1.2305670002407962
3160.15673828125,1194.3900146484375,3158.562744140625,1195.2364501953125,3154.940288053301,1198.559616371373,4.9158541005915195,1.5200472808349788
3185.0400390625,1194.3900146484375,3183.3466796875,1195.6339111328125,3179.7861971767993,1198.6376723537412,4.658284789636702,1.8450256226888742
3209.923095703125,1194.3900146484375,3208.212646484375,1195.120849609375,3204.631862526538,1198.715727570269,5.0739689895016795,1.5685571601725217
3234.80615234375,1194.3900146484375,3233.150390625,1195.58349609375,3229.477527876277,1198.793782786797,4.878100185780667,1.7907018942333561
3259.689453125,1194.3900146484375,3258.19140625,1195.0201416015625,3254.3234369997754,1198.8718387691652,5.458640599233622,1.3394519572929366
3284.572265625,1194.3900146484375,3282.77685546875,1196.6348876953125,3279.1688585757543,1198.9498932198526,4.286827750040588,2.6929858892304335
3309.45556640625,1194.3900146484375,3307.35205078125,1195.4423828125,3304.014767699253,1199.0279492022207,4.898341015535705,2.0803629103376093
3334.338623046875,1194.3900146484375,3332.671142578125,1196.86962890625,3328.860433048991,1199.1060044187486,4.418470611912588,2.8373533176450363
3433.87109375,1194.3900146484375,3431.270751953125,1195.4697265625,3428.243338221706,1199.4182260507002,4.975528324660842,2.545790659478041
3483.637451171875,1194.3900146484375,3481.81005859375,1196.60498046875,3477.934912694943,1199.5743372495963,4.881990928811738,2.7195436451145873
3508.520751953125,1194.3900146484375,3506.5654296875,1195.848876953125,3502.780821818441,1199.6523932319644,5.365630699735154,2.231161840139007
3558.28662109375,1194.3900146484375,3555.8486328125,1195.50537109375,3552.471908744159,1199.8085028991798,5.469845406281104,2.432125483408166
3583.169921875,1194.3900146484375,3580.6962890625,1196.1439208984375,3577.317817867657,1199.886558881548,5.04196456621857,2.8266265603810803
3657.819091796875,1194.3900146484375,3658.807861328125,1192.66650390625,3651.8548139168734,1200.1207245311314,10.193638870762493,2.096055745771507
3682.70263671875,1194.3900146484375,3684.077880859375,1192.1236572265625,3676.7009668141313,1200.19878127934,10.937389510237747,2.757824880572846
3707.58544921875,1194.3900146484375,3706.58203125,1192.158447265625,3701.54638839011,1200.2768357300274,9.553320379391716,2.262857568532944
3732.46875,1194.3900146484375,3733.384521484375,1191.6116943359375,3726.392297513609,1200.3548917123958,11.19529796035212,2.954382798802943
3757.351806640625,1194.3900146484375,3758.309814453125,1192.0821533203125,3751.2379628633475,1200.4329469289235,10.942889874318185,2.5491356376566396
3782.235107421875,1194.3900146484375,3781.736572265625,1193.883056640625,3776.0838719868457,1200.5110029112918,8.711067225579084,0.45921172612290506
3807.117919921875,1194.3900146484375,3804.96875,1195.7938232421875,3800.929293562825,1200.5890573619793,6.269886647416314,2.3854311431792024
3832.00146484375,1194.3900146484375,3829.64599609375,1195.3482666015625,3825.7754464600825,1200.6671141101879,6.578091918382832,2.3173572100542907
3856.88427734375,1194.3900146484375,3858.533203125,1193.8170166015625,3850.620868036062,1200.7451685608753,10.51685961354296,1.9984294244924727
3881.767578125,1194.3900146484375,3882.146484375,1192.4405517578125,3875.46677715956,1200.8232245432434,10.718567605403504,1.9566407617013668
3906.650634765625,1194.3900146484375,3907.59521484375,1192.5350341796875,3900.3124425092988,1200.9012797597713,11.092016858160681,2.1338367365453235
3931.533447265625,1194.3900146484375,3931.45556640625,1191.5745849609375,3925.157864085278,1200.9793342104588,11.318584848378606,2.7029480846663216
3956.416748046875,1194.3900146484375,3957.560791015625,1191.88330078125,3950.0037732087762,1201.057390192827,11.885808119965462,2.7802272793543437
3981.2998046875,1194.3900146484375,3982.56982421875,1193.3782958984375,3974.849438558515,1201.1354454093548,10.944300949694656,1.7920181658550536
4006.18310546875,1194.3900146484375,4006.644287109375,1193.6104736328125,3999.695347682013,1201.213501391723,10.300183991944396,0.9895483405657638
4031.066162109375,1194.3900146484375,4031.392822265625,1193.7847900390625,4024.541013031752,1201.2915566082509,10.163603401435603,0.7717473518253813
4055.949462890625,1194.3900146484375,4055.771484375,1193.7330322265625,4049.3869221552504,1201.369612590619,9.953893428932561,0.5252174593313496
4080.832275390625,1194.3900146484375,4080.86767578125,1192.71826171875,4074.2323437312293,1201.4476670413064,10.964950920980366,1.5576262603356532
4105.7158203125,1194.3900146484375,4106.1689453125,1193.03271484375,4099.078496628488,1201.525723789515,11.063709300838012,1.4134426836358156
4130.5986328125,1194.3900146484375,4130.7646484375,1193.99658203125,4123.923918204467,1201.6037782402025,10.230592567522052,0.509006259119197
4155.48193359375,1194.3900146484375,4155.3486328125,1194.8485107421875,4148.769827327965,1201.6818342225706,9.48551481949746,0.6375854392264861
4180.36474609375,1194.3900146484375,4180.3544921875,1194.54052734375,4173.615248903944,1201.759888673258,9.87606085648267,0.4173236282918594
4205.248046875,1194.3900146484375,4205.29150390625,1194.3043212890625,4198.461158027442,1201.8379446556264,10.169026789884262,0.3360489743244254
4230.13134765625,1194.3900146484375,4230.26171875,1194.52099609375,4223.307067150941,1201.9160006379946,10.151515703267542,0.5123285498467436
4255.01416015625,1194.3900146484375,4255.18115234375,1194.0675048828125,4248.15248872692,1201.994055088682,10.593975193699636,0.4694996547471207
4279.8974609375,1194.3900146484375,4279.99658203125,1194.225341796875,4272.998397850419,1202.0721110710501,10.514103379317486,0.37869760810576736
4304.7802734375,1194.3900146484375,4304.802734375,1194.3116455078125,4297.843819426397,1202.1501655217376,10.481836350114957,0.31998513351481767
4329.66357421875,1194.3900146484375,4329.62744140625,1194.5712890625,4322.689728549895,1202.2282215041057,10.332496024317779,0.4446817273674856
4354.546875,1194.3900146484375,4354.46728515625,1194.5206298828125,4347.535637673394,1202.306277486474,10.424204786696196,0.38200224059194665
2861.559326171875,1219.2730712890625,2861.400146484375,1219.7191162109375,2856.71351731863,1222.4686168252567,5.433621864406423,0.40065974663114245
2886.4423828125,1219.2730712890625,2886.138427734375,1219.35693359375,2881.5591826683685,1222.5466720417846,5.580673502491886,0.042959870443757715
2911.32568359375,1219.2730712890625,2910.971923828125,1219.0667724609375,2906.405091791867,1222.6247280241528,5.789214336782317,0.2899535333176682
2936.208740234375,1219.2730712890625,2936.101806640625,1219.8502197265625,2931.250757141606,1222.7027832406807,5.627592721938237,0.5519912679848425
2961.091796875,1219.2730712890625,2960.764892578125,1220.1021728515625,2956.0964224913446,1222.7808384572083,5.382365871810795,0.7546706412641454
2985.97509765625,1219.2730712890625,2985.552001953125,1219.95849609375,2980.9423316148427,1222.8588944395767,5.446225407758466,0.6204421575150887
3010.85791015625,1219.2730712890625,3010.64892578125,1220.586669921875,3005.7877531908216,1222.9369488902641,5.399519440022851,1.2549831119516683
3035.7412109375,1219.2730712890625,3035.1142578125,1221.219482421875,3030.63366231432,1223.0150048726323,4.826969741927397,1.9066930803237956
3060.624267578125,1219.2730712890625,3059.750732421875,1222.0374755859375,3055.479327664059,1223.0930600891602,4.399904231746149,2.7596192282972223
3085.50732421875,1219.2730712890625,3085.31201171875,1221.177978515625,3080.3249930137977,1223.1711153056879,5.3705632691037675,1.858184692209192
3110.390625,1219.2730712890625,3109.387939453125,1220.7935791015625,3105.170902137296,1223.2491712880562,4.87989105508156,1.6154808454790057
3135.273681640625,1219.2730712890625,3134.294189453125,1220.751220703125,3130.0165674870345,1223.327226504584,4.99338117651052,1.5717792415990015
3160.15673828125,1219.2730712890625,3158.75,1221.0968017578125,3154.8622328367733,1223.4052817211118,4.521483523846831,2.080963588557187
3259.689453125,1219.2730712890625,3257.4658203125,1220.0069580078125,3254.2453817832475,1223.717504118904,4.91318397408744,2.0204494718712223
3309.45556640625,1219.2730712890625,3308.21435546875,1218.2713623046875,3303.936712482725,1223.8736145519595,7.0486494988723285,1.3623306673845805
3334.338623046875,1219.2730712890625,3333.427734375,1217.72705078125,3328.782377832463,1223.9516697684874,7.766931114897641,1.658643714207561
3359.221923828125,1219.2730712890625,3359.561279296875,1218.5015869140625,3353.628286955962,1224.0297257508555,8.109298188881308,1.023490171760797
3384.10498046875,1219.2730712890625,3383.892333984375,1218.434326171875,3378.4739523057005,1224.1077809673834,7.8451863797154155,0.8455203701653717
3408.98828125,1219.2730712890625,3408.147705078125,1218.7198486328125,3403.3198614291987,1224.1858369497515,7.2928117060152005,0.7502787651256704
3433.87109375,1219.2730712890625,3433.166259765625,1217.6339111328125,3428.165283005178,1224.263891400439,8.30460155020379,1.67233554672879
3458.75439453125,1219.2730712890625,3458.29833984375,1218.60986328125,3453.011192128676,1224.3419473828071,7.798122793873822,0.6615640117816955
3483.637451171875,1219.2730712890625,3483.45947265625,1218.9959716796875,3477.856857478415,1224.420002599335,7.798038743697073,0.2969532147124522
3508.520751953125,1219.2730712890625,3508.22021484375,1218.6732177734375,3502.702766601913,1224.4980585817032,8.023154338724071,0.576821591727789
3533.40380859375,1219.2730712890625,3533.369384765625,1219.2535400390625,3527.5484319516518,1224.576113798231,7.887539735829716,0.28880072871953844
3558.28662109375,1219.2730712890625,3557.809326171875,1218.8160400390625,3552.393853527631,1224.6541682489185,7.963107744798528,0.4520420897736815
3583.169921875,1219.2730712890625,3582.808349609375,1218.8372802734375,3577.2397626511292,1224.7322242312866,8.10922468413145,0.40092872889770986
3608.052978515625,1219.2730712890625,3607.846435546875,1218.877685546875,3602.085428000868,1224.8102794478145,8.26951500020496,0.37188419205138484
3632.936279296875,1219.2730712890625,3631.972900390625,1218.7298583984375,3626.9313371243666,1224.8883354301827,7.958906929862877,0.8136507363454444
3657.819091796875,1219.2730712890625,3656.926025390625,1219.0169677734375,3651.7767587003455,1224.96638988087,7.868327068699569,0.6102650148235657
3682.70263671875,1219.2730712890625,3682.0322265625,1218.9012451171875,3676.6229115976034,1225.0444466290787,8.185329144582795,0.47432654549930753
3707.58544921875,1219.2730712890625,3706.70654296875,1218.8980712890625,3701.4683331735823,1225.1225010797662,8.135254641226034,0.6447942252507043
3732.46875,1219.2730712890625,3731.591064453125,1219.306396484375,3726.314242297081,1225.2005570621345,7.911130196307747,0.5701584199891253
3757.351806640625,1219.2730712890625,3756.82763671875,1219.1922607421875,3751.1599076468196,1225.2786122786622,8.316659657479821,0.20962727502034287
3782.235107421875,1219.2730712890625,3781.88720703125,1219.0050048828125,3776.005816770318,1225.3566682610306,8.656464582702622,0.19840404000351003
3807.117919921875,1219.2730712890625,3806.30224609375,1218.894287109375,3800.851238346297,1225.434722711718,8.514151944332863,0.586191625469386
3832.00146484375,1219.2730712890625,3830.720458984375,1219.3226318359375,3825.6973912435546,1225.5127794599264,7.971771267142906,0.9776276480122519
3856.88427734375,1219.2730712890625,3856.073486328125,1219.140625,3850.542812819534,1225.590833910614,8.496678436259376,0.5016550893953771
3881.767578125,1219.2730712890625,3881.206298828125,1218.8702392578125,3875.388721943032,1225.6688898929822,8.94795235084877,0.4006856984358136
3906.650634765625,1219.2730712890625,3905.90771484375,1219.1607666015625,3900.234387292771,1225.74694510951,8.692778200279214,0.43379189807730595
3931.533447265625,1219.2730712890625,3931.055419921875,1219.4322509765625,3925.07980886875,1225.8249995601975,8.750723507904626,0.30910916190223575
3956.416748046875,1219.2730712890625,3956.205810546875,1219.55712890625,3949.9257179922483,1225.9030555425657,8.928065152550005,0.3997373796461113
3981.2998046875,1219.2730712890625,3980.822998046875,1219.5892333984375,3974.771383341987,1225.9811107590936,8.802166592952167,0.4572238729409862
4006.18310546875,1219.2730712890625,4005.370849609375,1219.245849609375,3999.617292465485,1226.0591667414617,8.91766281883271,0.5135776720209821
4031.066162109375,1219.2730712890625,4030.90576171875,1219.2630615234375,4024.462957815224,1226.1372219579894,9.421454442879236,0.17993601644166757
4055.949462890625,1219.2730712890625,4055.50830078125,1219.3748779296875,4049.3088669387225,1226.2152779403577,9.231687401220444,0.26217470710113194
4080.832275390625,1219.2730712890625,4080.55224609375,1218.96044921875,4074.1542885147014,1226.2933323910452,9.731651288544757,0.1879417380864258
4105.7158203125,1219.2730712890625,4104.3935546875,1219.0384521484375,4099.00044141196,1226.3713891392538,9.102616970634552,1.0253466270269704
4130.5986328125,1219.2730712890625,4128.90234375,1219.240234375,4123.845862987939,1226.4494435899412,8.805719459640356,1.3987226615154233
4155.48193359375,1219.2730712890625,4154.47216796875,1219.0738525390625,4148.691772111437,1226.5274995723094,9.432382008987567,0.7118800116652076
4180.36474609375,1219.2730712890625,4179.228515625,1218.9739990234375,4173.537193687416,1226.6055540229968,9.520072326853441,0.85100063828295
4205.248046875,1219.2730712890625,4203.90478515625,1219.065185546875,4198.383102810914,1226.683610005365,9.409004578195768,1.046373873272818
4230.13134765625,1219.2730712890625,4229.12158203125,1219.36669921875,4223.229011934413,1226.7616659877333,9.45557591374001,0.7535505654668364
4255.01416015625,1219.2730712890625,4254.08056640625,1219.244140625,4248.074433510392,1226.8397204384207,9.683308580477755,0.6496454122865505
4279.8974609375,1219.2730712890625,4278.8251953125,1219.5526123046875,4272.920342633891,1226.9177764207889,9.439964386224384,0.8930766821629763
4304.7802734375,1219.2730712890625,4303.57763671875,1219.8131103515625,4297.765764209869,1226.9958308714763,9.239552809886092,1.150106585792918
4329.66357421875,1219.2730712890625,4328.203125,1219.175537109375,4322.611673333367,1227.0738868538444,9.67720313035996,1.168703760426212
4354.546875,1219.2730712890625,4353.61328125,1219.4075927734375,4347.4575824568665,1227.1519428362128,9.892804735088705,0.7114091178442826
4379.43017578125,1219.2730712890625,4378.52392578125,1219.1885986328125,4372.303491580365,1227.229998818581,10.16650965647609,0.6213577442668384
4404.31298828125,1219.2730712890625,4402.91357421875,1219.498779296875,4397.148913156344,1227.3080532692684,9.706496646077882,1.181449225726848
4429.1962890625,1219.2730712890625,4427.2861328125,1219.3936767578125,4421.994822279842,1227.3861092516365,9.585246179485988,1.6489908061010174
4454.0791015625,1219.2730712890625,4453.00732421875,1219.771484375,4446.840243855821,1227.464163702324,9.859523083590636,1.0440463561188829
2961.091796875,1244.15625,2961.091796875,1244.15625,2956.0183668918967,1247.626625693827,6.146803986606137,0.3733513666057744
2985.97509765625,1244.15625,2985.97509765625,1244.15625,2980.864276015395,1247.7046816761952,6.2218859845917205,0.37134630285990455
3010.85791015625,1244.15625,3010.85791015625,1244.15625,3005.7096975913737,1247.7827361268826,6.297260852277129,0.3693864957730072
3035.7412109375,1244.15625,3035.7412109375,1244.15625,3030.5556067148723,1247.8607921092507,6.372921103618514,0.3674725919135801
3060.624267578125,1244.15625,3060.624267578125,1244.15625,3055.401272064611,1247.9388473257786,6.448854523337827,0.36560536978182867
3085.50732421875,1244.15625,3085.50732421875,1244.15625,3080.2469374143498,1248.0169025423065,6.525052289777149,0.36378552889843685
3110.390625,1244.15625,3110.390625,1244.15625,3105.092846537848,1248.0949585246747,6.601506000632558,0.36201376667461055
3135.273681640625,1244.15625,3135.273681640625,1244.15625,3129.9385118875866,1248.1730137412026,6.67820539114927,0.36029082742299406
3160.15673828125,1244.15625,3160.15673828125,1244.15625,3154.7841772373254,1248.2510689577302,6.755142816201855,0.35861739696414163
3185.0400390625,1244.15625,3185.0400390625,1244.15625,3179.6300863608235,1248.3291249400984,6.832310992634773,0.3569941558464435
3209.923095703125,1244.15625,3209.923095703125,1244.15625,3204.4757517105622,1248.4071801566263,6.909700700451821,0.3554218237943546
3234.80615234375,1244.15625,3234.80615234375,1244.15625,3229.321417060301,1248.4852353731542,6.987305309666491,0.35390106296404433
3259.689453125,1244.15625,3259.689453125,1244.15625,3254.1673261837996,1248.5632913555223,7.065118503182786,0.352432526802045
3284.572265625,1244.15625,3284.572265625,1244.15625,3279.0127477597784,1248.6413458062098,7.143131196093065,0.3510169134010283
3309.45556640625,1244.15625,3309.45556640625,1244.15625,3303.858656883277,1248.719401788578,7.221339934800683,0.3496548096648851
3334.338623046875,1244.15625,3334.338623046875,1244.15625,3328.7043222330153,1248.7974570051058,7.299736168198341,0.34834688449034573
3359.221923828125,1244.15625,3359.223876953125,1244.15625,3353.550231356514,1248.875512987474,7.379816901582716,0.34904185504537805
3384.10498046875,1244.15625,3384.186767578125,1244.15625,3378.3958967062526,1248.9535682040018,7.519870172093874,0.42756773021112926
3408.98828125,1244.15625,3408.981201171875,1244.15625,3403.241805829751,1249.03162418637,7.5305997337741974,0.33768178041430824
3433.87109375,1244.15625,3433.822265625,1244.15625,3428.08722740573,1249.1096786370574,7.578068265653637,0.2948725212605714
3458.75439453125,1244.15625,3459.14990234375,1244.15625,3452.9331365292282,1249.1877346194258,7.997750600520405,0.7381096524047376
3483.637451171875,1244.15625,3483.796630859375,1244.15625,3477.778801878967,1249.2657898359535,7.894407069098591,0.5008464197926762
3508.520751953125,1244.15625,3507.759765625,1244.15625,3502.624711002465,1249.3438458183218,7.299310676405473,0.4202386577593298
3533.40380859375,1244.15625,3533.33251953125,1244.15625,3527.470376352204,1249.4219010348495,7.879835243991387,0.26862967092881723
3558.28662109375,1244.15625,3556.8359375,1244.15625,3552.315797928183,1249.499955485537,6.999060655892448,1.1118006274415895
3583.169921875,1244.15625,3584.2421875,1244.15625,3577.1617070516813,1249.5780114679053,8.917886565430486,1.4103755858361386
3608.052978515625,1244.15625,3608.702392578125,1244.15625,3602.00737240142,1249.656066684433,8.664368339864907,0.986730436891099
3632.936279296875,1244.15625,3632.28076171875,1244.15625,3626.8532815249187,1249.7341226668013,7.782686216306104,0.3202217562088707
3657.819091796875,1244.15625,3659.0185546875,1244.15625,3651.6987031008975,1249.8121771174888,9.250391278655801,1.5350329919955035
3707.58544921875,1244.15625,3708.55078125,1244.1561279296875,3701.3902775741344,1249.9682883163848,9.222473705724404,1.2993581252178164
3732.46875,1244.15625,3730.9638671875,1244.1563720703125,3726.236186697633,1250.046344298753,7.552664143603162,1.1730624641408494
3757.351806640625,1244.15625,3757.0078125,1244.15625,3751.0818520473717,1250.1243995152809,8.410458722499104,0.048099879939810755
3782.235107421875,1244.15625,3782.315673828125,1244.156494140625,3775.92776117087,1250.202455497649,8.795400891792696,0.4145022279020937
3807.117919921875,1244.15625,3806.969970703125,1244.156005859375,3800.773182746849,1250.2805099483364,8.71261908445158,0.19008687235847174
3832.00146484375,1244.15625,3832.065185546875,1244.1563720703125,3825.6193356441067,1250.358566696545,8.94517742421498,0.39722325434087824
3856.88427734375,1244.15625,3856.901611328125,1244.15673828125,3850.464757220086,1250.4366211472325,8.992775968444764,0.35140207225911796
3881.767578125,1244.15625,3881.795654296875,1244.1573486328125,3875.310666343584,1250.5146771296006,9.081337697189815,0.3620166237223433
3906.650634765625,1244.15625,3906.651611328125,1244.1578369140625,3900.156331693323,1250.5927323461285,9.143114171653894,0.33564825798841513
3931.533447265625,1244.15625,3931.531982421875,1244.16064453125,3925.0017532693023,1250.670786796816,9.220945998270379,0.3340955178958844
3956.416748046875,1244.15625,3956.413818359375,1244.161865234375,3949.8476623928004,1250.748842779184,9.300681553155231,0.3332472619354696
3981.2998046875,1244.15625,3981.299072265625,1244.15625,3974.693327742539,1250.826897995712,9.387939357866285,0.3341897609191547
4006.18310546875,1244.15625,4006.18310546875,1244.155517578125,3999.5392368660373,1250.9049539780801,9.470790976848285,0.3350063862382328
4031.066162109375,1244.15625,4031.06298828125,1244.1612548828125,4024.384902215776,1250.983009194608,9.546369225437408,0.3340051618098622
4055.949462890625,1244.15625,4055.94677734375,1244.1627197265625,4049.2308113392746,1251.0610651769762,9.627635708028839,0.3354385871852145
4080.832275390625,1244.15625,4080.82763671875,1244.1781005859375,4074.0762329152535,1251.1391196276636,9.697280000966263,0.33959758257583883
4105.7158203125,1244.15625,4105.71533203125,1244.1578369140625,4098.922385812512,1251.2171763758722,9.796856228797342,0.3371022299026591
4130.5986328125,1244.15625,4130.57861328125,1244.2294921875,4123.76780738849,1251.2952308265596,9.813854463173772,0.3516488675549652
4155.48193359375,1244.15625,4155.46484375,1244.2313232421875,4148.613716511988,1251.3732868089278,9.896746335037328,0.35672700481818786
4180.36474609375,1244.15625,4180.34326171875,1244.2689208984375,4173.459138087967,1251.4513412596152,9.948784870955832,0.37695921933569343
4205.248046875,1244.15625,4205.203125,1244.2926025390625,4198.3050472114655,1251.5293972419836,9.997733480589451,0.37730360307489075
4230.13134765625,1244.15625,4230.1396484375,1244.1322021484375,4223.150956334965,1251.6074532243517,10.233337478652693,0.34005336093988503
4255.01416015625,1244.15625,4255.0126953125,1244.1170654296875,4247.996377910943,1251.6855076750392,10.320369562211187,0.32662833588030155
4279.8974609375,1244.15625,4279.859375,1244.2330322265625,4272.842287034442,1251.7635636574073,10.293125237133747,0.3498911533322766
4304.7802734375,1244.15625,4304.76025390625,1244.22412109375,4297.6877086104205,1251.8416181080947,10.394573474900792,0.3608700497488101
4329.66357421875,1244.15625,4329.65869140625,1244.234375,4322.533617733919,1251.919674090463,10.480004625286329,0.3810510258856268
4354.546875,1244.15625,4354.53125,1244.28466796875,4347.379526857418,1251.9977300728312,10.51848234915865,0.40753830362136734
4379.43017578125,1244.15625,4379.43115234375,1244.141357421875,4372.225435980916,1252.0757860551994,10.718092462697575,0.34138865198413226
4404.31298828125,1244.15625,4404.27294921875,1244.264892578125,4397.070857556895,1252.1538405058868,10.682023390383344,0.38122928581140614
4429.1962890625,1244.15625,4429.1494140625,1244.39013671875,4421.916766680393,1252.2318964882552,10.667913780891062,0.47790935067249757
4454.0791015625,1244.15625,4454.09521484375,1244.0938720703125,4446.762188256373,1252.3099509389426,11.01259419513559,0.34028774200563433
4478.96240234375,1244.15625,4478.97314453125,1243.971923828125,4471.608097379871,1252.3880069213108,11.183665507044054,0.31618760150583386
4503.845703125,1244.15625,4503.80419921875,1243.939697265625,4496.454006503369,1252.466062903679,11.257186324611853,0.2654055018171249
4528.72900390625,1244.15625,4528.54345703125,1244.4534912109375,4521.299915626867,1252.544118886047,10.85942670007304,0.49624111557752326
3035.7412109375,1269.0394287109375,3035.72021484375,1269.1243896484375,3030.4775511154244,1272.7065793458694,6.349614633715047,0.3542926561959551
3060.624267578125,1269.0394287109375,3060.600341796875,1269.146484375,3055.323216465163,1272.784634562397,6.409694887641107,0.3499869511075407
3085.50732421875,1269.0394287109375,3085.49169921875,1269.1044921875,3080.168881814902,1272.862689778925,6.515860208053969,0.3586084128568287
3110.390625,1269.0394287109375,3110.37255859375,1269.1080322265625,3105.0147909384,1272.940745761293,6.587516018046708,0.3546737401999517
3135.273681640625,1269.0394287109375,3135.26513671875,1269.071533203125,3129.8604562881387,1273.018800977821,6.692644727025785,0.36665158077652327
3160.15673828125,1269.0394287109375,3160.162109375,1269.023681640625,3154.7061216378775,1273.0968561943487,6.808711561869368,0.3881377493828584
3185.0400390625,1269.0394287109375,3185.0390625,1269.0426025390625,3179.5520307613756,1273.174912176717,6.8690246936609745,0.37579305361288706
3209.923095703125,1269.0394287109375,3209.924560546875,1269.0347900390625,3204.3976961111143,1273.2529673932447,6.952643431286536,0.37797247358039465
3234.80615234375,1269.0394287109375,3234.80712890625,1269.0335693359375,3229.243361460853,1273.3310226097726,7.030192943814194,0.3759492708582456
3259.689453125,1269.0394287109375,3259.691650390625,1269.0302734375,3254.0892705843517,1273.4090785921408,7.110597307965616,0.3760261493830697
3284.572265625,1269.0394287109375,3284.574951171875,1269.03515625,3278.9346921603305,1273.4871330428282,7.185584115518323,0.37389843088579294
3309.45556640625,1269.0394287109375,3309.456298828125,1269.03759765625,3303.780601283829,1273.5651890251966,7.260346150045849,0.3699490854521046
3334.338623046875,1269.0394287109375,3334.338134765625,1269.0396728515625,3328.6262666335674,1273.6432442417242,7.336096175918816,0.36688557108620423
3359.221923828125,1269.0394287109375,3359.221923828125,1269.0389404296875,3353.472175757066,1273.7213002240926,7.415126170531969,0.36597236418836526
3384.10498046875,1269.0394287109375,3384.1044921875,1269.0400390625,3378.3178411068047,1273.7993554406203,7.492424381784281,0.3639127920404425
3408.98828125,1269.0394287109375,3408.98828125,1269.0391845703125,3403.163750230303,1273.8774114229886,7.571895448127281,0.36310227994916755
3433.87109375,1269.0394287109375,3433.87158203125,1269.0396728515625,3428.009171806282,1273.955465873676,7.650678053745786,0.3622020292042822
3458.75439453125,1269.0394287109375,3458.75439453125,1269.03955078125,3452.8550809297803,1274.0335218560442,7.7292721561843205,0.36044194686705205
3483.637451171875,1269.0394287109375,3483.637451171875,1269.0394287109375,3477.700746279519,1274.1115770725721,7.808402780425421,0.35921832364482875
3508.520751953125,1269.0394287109375,3508.520751953125,1269.0390625,3502.546655403017,1274.1896330549403,7.887851838835931,0.3580590085898811
3533.40380859375,1269.0394287109375,3533.40380859375,1269.03955078125,3527.392320752756,1274.2676882714682,7.966894481480469,0.35690792424920287
3558.28662109375,1269.0394287109375,3558.28662109375,1269.0391845703125,3552.2377423287353,1274.3457427221556,8.046644874277614,0.35584980725355464
3583.169921875,1269.0394287109375,3583.169921875,1269.0394287109375,3577.0836514522334,1274.4237987045237,8.126138559418921,0.35482663541844117
3608.052978515625,1269.0394287109375,3608.052978515625,1269.0394287109375,3601.929316801972,1274.5018539210516,8.20593212007923,0.3538666241131328
3632.936279296875,1269.0394287109375,3632.936279296875,1269.0394287109375,3626.7752259254707,1274.5799099034198,8.285862084873335,0.35296270634696075
3657.819091796875,1269.0394287109375,3657.819091796875,1269.0394287109375,3651.6206475014496,1274.6579643541072,8.36592221198952,0.3521153399525318
3682.70263671875,1269.0394287109375,3682.70263671875,1269.0394287109375,3676.4668003987076,1274.7360211023158,8.446112684772151,0.3513248932763299
3707.58544921875,1269.0394287109375,3707.58544921875,1269.0394287109375,3701.3122219746865,1274.8140755530032,8.526425171561664,0.35059179799459417
3732.46875,1269.0394287109375,3732.46875,1269.0394287109375,3726.158131098185,1274.8921315353714,8.606860128704312,0.3499163776281397
3757.351806640625,1269.0394287109375,3757.351806640625,1269.0394287109375,3751.003796447924,1274.9701867518993,8.687411832477546,0.3492989875542444
3782.235107421875,1269.0394287109375,3782.235107421875,1269.0394287109375,3775.849705571422,1275.0482427342674,8.76807862411917,0.3487399238284926
3807.117919921875,1269.0394287109375,3807.117919921875,1269.0394287109375,3800.6951271474013,1275.1262971849549,8.848855001852948,0.34823948297890767
3832.00146484375,1269.0394287109375,3832.00146484375,1269.0394287109375,3825.541280044659,1275.2043539331635,8.92974191307042,0.34779789433789776
3856.88427734375,1269.0394287109375,3856.88427734375,1269.0394287109375,3850.386701620638,1275.282408383851,9.010731683608281,0.3474154083611289
3881.767578125,1269.0394287109375,3881.767578125,1269.0394287109375,3875.2326107441363,1275.360464366219,9.091825472604116,0.34709220076656916
3906.650634765625,1269.0394287109375,3906.650634765625,1269.0394287109375,3900.078276093875,1275.438519582747,9.173018178102659,0.34682844768298715
3931.533447265625,1269.0394287109375,3931.533447265625,1269.0394287109375,3924.9236976698544,1275.5165740334344,9.254307172745724,0.34662428307043797
3956.416748046875,1269.0394287109375,3956.416748046875,1269.0394287109375,3949.7696067933525,1275.5946300158025,9.335692314530533,0.3464798071338677
3981.2998046875,1269.0394287109375,3981.2998046875,1269.0394287109375,3974.6152721430913,1275.6726852323304,9.417168757958057,0.34639509969349314
4006.18310546875,1269.0394287109375,4006.18310546875,1269.0394287109375,3999.4611812665894,1275.7507412146986,9.49873573180832,0.3463702029374828
4031.066162109375,1269.0394287109375,4031.066162109375,1269.0394287109375,4024.306846616328,1275.8287964312265,9.580389343645967,0.3464051302502526
4055.949462890625,1269.0394287109375,4055.949462890625,1269.0394287109375,4049.1527557398267,1275.9068524135946,9.662128978932602,0.3464998642258041
4080.832275390625,1269.0394287109375,4080.832275390625,1269.0394287109375,4073.9981773158056,1275.984906864282,9.74395008581409,0.3466543521667247
4105.7158203125,1269.0394287109375,4105.7158203125,1269.0394287109375,4098.8443302130645,1276.0629636124906,9.825854604052278,0.3468685226838089
4130.5986328125,1269.0394287109375,4130.5986328125,1269.0394287109375,4123.689751789042,1276.141018063178,9.907835703328683,0.34714225271955684
4155.48193359375,1269.0394287109375,4155.48193359375,1269.0394287109375,4148.53566091254,1276.2190740455464,9.989895459537818,0.34747541404982935
4180.36474609375,1269.0394287109375,4180.36474609375,1269.0394287109375,4173.3810824885195,1276.2971284962339,10.07202876904709,0.3478678228649283
4205.248046875,1269.0394287109375,4205.248046875,1269.0394287109375,4198.226991612018,1276.375184478602,10.15423703134193,0.3483192942946887
4230.13134765625,1269.0394287109375,4230.13134765625,1269.0394287109375,4223.072900735517,1276.4532404609702,10.236516868433922,0.34882959192407403
4255.01416015625,1269.0394287109375,4255.01416015625,1269.0394287109375,4247.918322311495,1276.5312949116576,10.318864951560709,0.34939844626828936
4279.8974609375,1269.0394287109375,4279.8974609375,1269.0394287109375,4272.764231434994,1276.609350894026,10.401282853255879,0.35002559410117823
4304.7802734375,1269.0394287109375,4304.7802734375,1269.0394287109375,4297.609653010973,1276.6874053447134,10.48376573050516,0.3507106981535897
4329.66357421875,1269.0394287109375,4329.66357421875,1269.0394287109375,4322.455562134471,1276.7654613270815,10.566315260905183,0.35145344630241765
4354.546875,1269.0394287109375,4354.546875,1269.0394287109375,4347.30147125797,1276.8435173094497,10.648928314081832,0.35225346111274153
4379.43017578125,1269.0394287109375,4379.43017578125,1269.0394287109375,4372.147380381468,1276.921573291818,10.73160342302082,0.35311035335185464
4404.31298828125,1269.0394287109375,4404.31298828125,1269.0394287109375,4396.992801957447,1276.9996277425055,10.814337540384292,0.3540236915420261
4429.1962890625,1269.0394287109375,4429.1962890625,1269.0394287109375,4421.838711080945,1277.0776837248736,10.897132532172254,0.3549930757051114
4454.0791015625,1269.0394287109375,4454.0791015625,1269.0394287109375,4446.684132656925,1277.155738175561,10.979983808729566,0.3560180101456392
4478.96240234375,1269.0394287109375,4478.96240234375,1269.0394287109375,4471.530041780423,1277.2337941579292,11.062893320562768,0.35709805659064725
4503.845703125,1269.0394287109375,4503.845703125,1269.0394287109375,4496.375950903921,1277.3118501402973,11.145858179128561,0.35823269717306727
4528.72900390625,1269.0394287109375,4528.72900390625,1269.0394287109375,4521.221860027419,1277.3899061226657,11.228877157634743,0.3594214148569826
4553.61181640625,1269.0394287109375,4553.61181640625,1269.0394287109375,4546.067281603398,1277.4679605733531,11.311947433894575,0.36066365004156015
4578.4951171875,1269.0394287109375,4578.4951171875,1269.0394287109375,4570.913190726897,1277.5460165557213,11.395071110573271,0.3619589002116562
4603.3779296875,1269.0394287109375,4603.3779296875,1269.0394287109375,4595.758612302876,1277.6240710064087,11.478243800722652,0.36330654778950866
4628.26123046875,1269.0394287109375,4628.26123046875,1269.0394287109375,4620.604521426374,1277.7021269887769,11.56146767553681,0.3647060645163542
3135.273681640625,1293.9224853515625,3133.098876953125,1295.2347412109375,3129.782401071611,1297.8644663275597,4.232548459457861,2.154707636241572
3209.923095703125,1293.9224853515625,3207.7734375,1294.7099609375,3204.3196408945864,1298.0986327429835,4.838574955174799,1.8955804290418712
3234.80615234375,1293.9224853515625,3233.608154296875,1295.67919921875,3229.165306244325,1298.1766879595114,5.096699797739278,1.8543865030510056
3259.689453125,1293.9224853515625,3257.779541015625,1296.1114501953125,3254.0112153678238,1298.2547439418795,4.335203140793968,2.5986742004928183
3284.572265625,1293.9224853515625,3282.041015625,1294.9434814453125,3278.8566369438026,1298.332798392567,4.650563079263661,2.3452421251610036
3309.45556640625,1293.9224853515625,3306.908447265625,1295.0086669921875,3303.7025460673012,1298.4108543749353,4.674685174505563,2.3891966981513346
3334.338623046875,1293.9224853515625,3332.362060546875,1295.14599609375,3328.5482114170395,1298.488909591463,5.071539789683059,1.9676777670677925
3408.98828125,1293.9224853515625,3406.276611328125,1294.8193359375,3403.085695013775,1298.7230767727274,5.0419380632656505,2.4795736245791775
3483.637451171875,1293.9224853515625,3481.40234375,1295.8946533203125,3477.622691062991,1298.9572424223109,4.8646918136807065,2.6777398523914644
3608.052978515625,1293.9224853515625,3606.25244140625,1296.18603515625,3601.8512615854443,1299.3475192707904,5.418981972802524,2.6575313322976792
3632.936279296875,1293.9224853515625,3630.91064453125,1295.3104248046875,3626.697170708943,1299.4255752531585,5.889637074117454,2.148484447897154
3856.88427734375,1293.9224853515625,3854.50634765625,1295.2755126953125,3850.3086464041103,1300.1280737335896,6.416232884833651,2.440104014134955
3881.767578125,1293.9224853515625,3879.704345703125,1294.4759521484375,3875.1545555276084,1300.2061297159578,7.31679749593632,1.7983813519113125
3956.416748046875,1293.9224853515625,3956.168701171875,1292.921875,3949.6915515768246,1300.4402953655413,9.923714610449398,0.967927376407859
3981.2998046875,1293.9224853515625,3980.01806640625,1293.6702880859375,3974.5372169265634,1300.5183505820692,8.77129813482054,0.9480369771700958
4031.066162109375,1293.9224853515625,4028.746826171875,1293.1622314453125,4024.2287913998002,1300.6744617809652,8.766198880790776,2.08785617723439
4080.832275390625,1293.9224853515625,4079.18408203125,1294.3629150390625,4073.9201220992777,1300.8305722140208,8.339056511272666,1.3886308980873974
4105.7158203125,1293.9224853515625,4103.580078125,1296.0469970703125,4098.766274996537,1300.9086289622294,6.841649304963491,2.8243924963944873
4130.5986328125,1293.9224853515625,4130.75634765625,1295.8289794921875,4123.611696572514,1300.9866834129168,8.811807353899361,2.04119922139512
4155.48193359375,1293.9224853515625,4155.91650390625,1293.202880859375,4148.457605696012,1301.0647393952852,10.837157475526125,1.0161363462387714
4180.36474609375,1293.9224853515625,4180.23046875,1292.6651611328125,4173.303027271992,1301.1427938459726,10.948045572177431,1.1977769176541826
4205.248046875,1293.9224853515625,4205.6650390625,1293.4710693359375,4198.14893639549,1301.2208498283408,10.795874072138535,0.8495761347251303
4230.13134765625,1293.9224853515625,4228.9833984375,1292.9267578125,4222.994845518989,1301.298905810709,10.29347502846938,1.209977257175383
4255.01416015625,1293.9224853515625,4254.259765625,1292.7890625,4247.840267094967,1301.3769602613963,10.722031026689365,1.117843755895048
4279.8974609375,1293.9224853515625,4279.6259765625,1293.1416015625,4272.686176218466,1301.4550162437647,10.82929787556509,0.6880158664957973
4304.7802734375,1293.9224853515625,4305.4619140625,1292.3961181640625,4297.531597794445,1301.5330706944521,12.098504769349658,1.7563951787762402
4329.66357421875,1293.9224853515625,4329.88330078125,1293.093505859375,4322.377506917943,1301.6111266768203,11.352832505953614,0.9170663450308003
4354.546875,1293.9224853515625,4354.75244140625,1292.4161376953125,4347.223416041442,1301.6891826591884,11.944688603977461,1.5000834048599532
4379.43017578125,1293.9224853515625,4378.89013671875,1291.8577880859375,4372.06932516494,1301.7672386415566,12.029990879749125,1.959916123220166
4404.31298828125,1293.9224853515625,4404.1181640625,1292.412109375,4396.914746740919,1301.8452930922442,11.86904276477804,1.3988641387100689
4429.1962890625,1293.9224853515625,4429.56396484375,1293.2437744140625,4421.7606558644175,1301.9233490746124,11.671617167941687,0.8998622890825648
4454.0791015625,1293.9224853515625,4454.32568359375,1293.318359375,4446.606077440397,1302.0014035252998,11.618415334241757,0.7551890360961979
4478.96240234375,1293.9224853515625,4478.861328125,1294.0242919921875,4471.451986563895,1302.079459507668,10.944590721976319,0.3338745841867565
4503.845703125,1293.9224853515625,4503.97119140625,1293.9505615234375,4496.297895687393,1302.157515490036,11.235370959558756,0.4919448819410446
4528.72900390625,1293.9224853515625,4528.8408203125,1293.9720458984375,4521.143804810891,1302.2355714724044,11.292913819896615,0.4878034402124439
4553.61181640625,1293.9224853515625,4553.61962890625,1293.948974609375,4545.9892263868705,1302.3136259230919,11.322121453500571,0.38473344006686305
4578.4951171875,1293.9224853515625,4578.43115234375,1293.9151611328125,4570.835135510369,1302.39168190546,11.382041826585306,0.30666796656609036
4603.3779296875,1293.9224853515625,4603.3828125,1293.8199462890625,4595.680557086348,1302.4697363561475,11.58203810483167,0.34317844242412987
4628.26123046875,1293.9224853515625,4628.251953125,1293.9422607421875,4620.526466209846,1302.5477923385156,11.564528616922287,0.3703087072256197
4653.14453125,1293.9224853515625,4653.08447265625,1294.08544921875,4645.372375333344,1302.625848320884,11.507165678032976,0.4254394366945545
4678.02734375,1293.9224853515625,4677.96435546875,1294.10693359375,4670.217796909324,1302.7039027715714,11.572253391584246,0.44334319976600406
4702.91064453125,1293.9224853515625,4702.9033203125,1293.9395751953125,4695.063706032822,1302.7819587539395,11.817245831919243,0.3749345958927481
3209.923095703125,1318.8056640625,3209.770263671875,1318.551513671875,3204.2415852951385,1322.9444199796021,7.06143826864345,0.4465527292187171
3234.80615234375,1318.8056640625,3234.505615234375,1318.67236328125,3229.0872506448773,1323.0224751961298,6.948535708816797,0.2651056793112996
3259.689453125,1318.8056640625,3259.828369140625,1318.6240234375,3253.933159768376,1323.1005311784982,7.402203394792035,0.6116759017032362
3284.572265625,1318.8056640625,3284.683349609375,1319.247314453125,3278.7785813443547,1323.1785856291856,7.093742406044588,0.6123254689771195
3309.45556640625,1318.8056640625,3309.01220703125,1319.1551513671875,3303.6244904678533,1323.2566416115537,6.771241539934187,0.2548495901673585
3334.338623046875,1318.8056640625,3333.43017578125,1319.9166259765625,3328.4701558175916,1323.3346968280816,6.023703710002225,1.1379958859532897
3359.221923828125,1318.8056640625,3357.902587890625,1320.3297119140625,3353.31606494109,1323.4127528104498,5.526421440263667,1.7055770914843835
3384.10498046875,1318.8056640625,3382.188720703125,1319.7757568359375,3378.161730290829,1323.4908080269777,5.478891962137372,1.7594149195792037
3408.98828125,1318.8056640625,3406.311279296875,1319.65185546875,3403.007639414327,1323.5688640093458,5.124157724022743,2.407300728003735
3458.75439453125,1318.8056640625,3457.79296875,1318.5875244140625,3452.6989701138045,1323.7249744424014,7.2347919734599495,0.6383279091228933
3483.637451171875,1318.8056640625,3483.119873046875,1320.234619140625,3477.5446354635433,1323.8030296589293,6.619428052161251,1.3673062334807666
3558.28662109375,1318.8056640625,3556.730224609375,1319.9327392578125,3552.0816315127595,1324.0371953085128,6.201288354046393,1.5854979748291393
3583.169921875,1318.8056640625,3582.822998046875,1316.6556396484375,3576.9275406362576,1324.115251290881,9.508008410623153,2.2000083448053287
3608.052978515625,1318.8056640625,3607.723876953125,1317.20166015625,3601.7732059859964,1324.1933065074088,9.181154810735958,1.6501671799794109
3632.936279296875,1318.8056640625,3632.29052734375,1318.1746826171875,3626.619115109495,1324.271362489777,8.326729381917923,0.7199757933348065
3657.819091796875,1318.8056640625,3657.447509765625,1318.170654296875,3651.464536685474,1324.3494169404644,8.600760122432737,0.6713684575254002
3682.70263671875,1318.8056640625,3682.268310546875,1318.3607177734375,3676.310689582732,1324.427473688673,8.502868626966032,0.4792836408511664
3707.58544921875,1318.8056640625,3707.413330078125,1318.4462890625,3701.1561111587107,1324.5055281393604,8.710176048509501,0.44077655520924375
3732.46875,1318.8056640625,3732.293212890625,1318.44189453125,3726.0020202822093,1324.5835841217286,8.792010888413255,0.4386578999491959
3757.351806640625,1318.8056640625,3756.87939453125,1318.5693359375,3750.847685631948,1324.6616393382565,8.573078383683857,0.2703048220979661
3782.235107421875,1318.8056640625,3781.70751953125,1318.496826171875,3775.693594755446,1324.7396953206246,8.668373920028884,0.35448241894239535
3807.117919921875,1318.8056640625,3806.697998046875,1318.7880859375,3800.5390163314255,1324.817749771312,8.61915899145747,0.04814384051649507
3832.00146484375,1318.8056640625,3831.210205078125,1318.4954833984375,3825.385169228683,1324.8958065195206,8.65420006133182,0.5187946903391375
3856.88427734375,1318.8056640625,3856.195556640625,1318.663330078125,3850.2305908046624,1324.973860970208,8.683525641358827,0.3417497198428415
3881.767578125,1318.8056640625,3880.6904296875,1318.61865234375,3875.0764999281605,1325.0519169525764,8.538331269632057,0.7233446061751977
3906.650634765625,1318.8056640625,3905.592529296875,1318.797119140625,3899.9221652778992,1325.1299721691041,8.500473844910772,0.6816575356954861
3931.533447265625,1318.8056640625,3930.49365234375,1318.0113525390625,3924.7675868538786,1325.2080266197916,9.196735497910861,1.0256276195217038
3956.416748046875,1318.8056640625,3955.53955078125,1318.7738037109375,3949.6134959773767,1325.28608260216,8.804993009399313,0.5027761995854673
3981.2998046875,1318.8056640625,3981.102294921875,1318.6671142578125,3974.4591613271155,1325.3641378186876,9.432992554472788,0.21139463674435924
4006.18310546875,1318.8056640625,4005.8583984375,1318.866455078125,3999.3050704506136,1325.442193801056,9.283665626031697,0.09943815601639065
4031.066162109375,1318.8056640625,4030.4248046875,1318.6416015625,4024.1507358003523,1325.5202490175836,9.310195014713877,0.30064971191044465
4055.949462890625,1318.8056640625,4054.50244140625,1318.7586669921875,4048.996644923851,1325.598304999952,8.780344126676074,1.0760879233572727
4080.832275390625,1318.8056640625,4079.4619140625,1318.6849365234375,4073.84206649983,1325.6763594506394,8.970099284548366,1.0035539940718052
4105.7158203125,1318.8056640625,4105.421875,1318.7869873046875,4098.688219397089,1325.754416198848,9.689539884525074,0.07940915383610617
4130.5986328125,1318.8056640625,4129.486328125,1318.6864013671875,4123.533640973066,1325.8324706495355,9.300580117224676,0.7473844116845096
4155.48193359375,1318.8056640625,4153.96826171875,1318.7716064453125,4148.379550096564,1325.9105266319036,9.066304595945983,1.1464624767416294
4180.36474609375,1318.8056640625,4179.453125,1318.764892578125,4173.224971672544,1325.988581082591,9.537901733602634,0.5454187709235431
4205.248046875,1318.8056640625,4203.693359375,1318.884765625,4198.070880796042,1326.0666370649592,9.120939795379924,1.1974708374094567
4230.13134765625,1318.8056640625,4229.5,1318.8321533203125,4222.916789919541,1326.1446930473273,9.839303441942882,0.2824131280837088
4255.01416015625,1318.8056640625,4253.8974609375,1318.8226318359375,4247.762211495519,1326.222747498015,9.612647789628475,0.7580689301584629
4279.8974609375,1318.8056640625,4279.271484375,1318.8563232421875,4272.608120619018,1326.3008034803831,9.99103110601781,0.2917449032008883
4304.7802734375,1318.8056640625,4304.25537109375,1318.725341796875,4297.453542194997,1326.3788579310706,10.239198483490124,0.16298665001851037
4329.66357421875,1318.8056640625,4329.1474609375,1318.7225341796875,4322.299451318495,1326.4569139134387,10.330337148798572,0.15510869533617827
4354.546875,1318.8056640625,4353.7421875,1318.811279296875,4347.145360441994,1326.5349698958069,10.157436866713429,0.4544779501284762
4379.43017578125,1318.8056640625,4377.2958984375,1319.15234375,4371.991269565492,1326.6130258781752,9.15428125455042,1.8287628272467984
4404.31298828125,1318.8056640625,4403.185546875,1318.6732177734375,4396.836691141471,1326.6910803288627,10.227125162177664,0.7699462872366886
4429.1962890625,1318.8056640625,4427.85595703125,1319.025634765625,4421.68260026497,1326.7691363112308,9.90313838894418,1.0343650148855073
4454.0791015625,1318.8056640625,4453.6259765625,1318.9993896484375,4446.528021840949,1326.8471907619182,10.581537862992267,0.3154267965129405
4478.96240234375,1318.8056640625,4477.50048828125,1318.996337890625,4471.373930964447,1326.9252467442864,10.020094818201157,1.146743434566822
4503.845703125,1318.8056640625,4502.7333984375,1318.9835205078125,4496.219840087945,1327.0033027266547,10.331667300620637,0.8124448255951133
4528.72900390625,1318.8056640625,4527.48779296875,1318.8515625,4521.065749211443,1327.0813587090229,10.438974646142668,0.9028243031826563
4553.61181640625,1318.8056640625,4552.56298828125,1319.1605224609375,4545.911170787423,1327.1594131597103,10.403313336726043,0.8450243182192072
4578.4951171875,1318.8056640625,4577.150390625,1319.2686767578125,4570.757079910921,1327.2374691420785,10.216460930786912,1.1558243124284853
4603.3779296875,1318.8056640625,4601.814453125,1318.96826171875,4595.6025014869,1327.3155235927659,10.405052808491224,1.2480405139595199
4628.26123046875,1318.8056640625,4626.75537109375,1318.941650390625,4620.448410610398,1327.3935795751343,10.545750683499014,1.187724255567654
4653.14453125,1318.8056640625,4651.91943359375,1318.978759765625,4645.294319733896,1327.4716355575024,10.771307853379817,0.9309202220791737
4678.02734375,1318.8056640625,4676.20556640625,1318.8834228515625,4670.139741309876,1327.5496900081898,10.578204976735968,1.490477723374103
4702.91064453125,1318.8056640625,4702.07177734375,1319.076416015625,4694.985650433374,1327.627745990558,11.105784030411547,0.6477201144478829
4727.79345703125,1318.8056640625,4726.71142578125,1319.1685791015625,4719.831072009353,1327.7058004412454,10.964643917117954,0.8999394790840062
4752.6767578125,1318.8056640625,4749.89892578125,1319.1107177734375,4744.676981132851,1327.7838564236138,10.123835239479208,2.4763338353505855
4777.56005859375,1318.8056640625,4775.3212890625,1319.5025634765625,4769.5228902563495,1327.861912405982,10.173502014495968,2.0807890131746225
4802.443359375,1318.8056640625,4800.3828125,1319.3701171875,4794.368799379848,1327.93996838835,10.469513045699712,1.8668959921485762
3309.45556640625,1343.688720703125,3309.45556640625,1343.688720703125,3303.5464352513254,1348.1023069612925,7.375471148637559,0.4320680534346023
3334.338623046875,1343.688720703125,3334.338623046875,1343.688720703125,3328.3921006010637,1348.1803621778204,7.452246126889609,0.42997284933030594
3359.221923828125,1343.688720703125,3359.221923828125,1343.688720703125,3353.2380097245623,1348.2584181601885,7.529233881870681,0.42791579361972704
3384.10498046875,1343.688720703125,3384.106689453125,1343.688720703125,3378.083675074301,1348.3364733767162,7.607779381816638,0.42755196741830914
3408.98828125,1343.688720703125,3408.994384765625,1343.688720703125,3402.929584197799,1348.4145293590846,7.68863273802585,0.4298435733871825
3433.87109375,1343.688720703125,3433.83935546875,1343.688720703125,3427.7750057737785,1348.492583809772,7.736500369695908,0.39117779653279966
3458.75439453125,1343.688720703125,3458.669921875,1343.688720703125,3452.6209148972766,1348.5706397921401,7.773263111990759,0.3382508172964297
3483.637451171875,1343.688720703125,3483.89453125,1343.688720703125,3477.4665802470154,1348.648695008668,8.119107045015364,0.6716408233118433
3508.520751953125,1343.688720703125,3508.9453125,1343.688720703125,3502.3124893705135,1348.7267509910362,8.32923116793869,0.8365707908080898
3533.40380859375,1343.688720703125,3533.103515625,1343.688720703125,3527.1581547202522,1348.804806207564,7.843573622809609,0.13329971249511663
3558.28662109375,1343.688720703125,3557.028564453125,1343.688720703125,3552.0035762962316,1348.8828606582515,7.227004625040765,0.8555052096830624
3583.169921875,1343.688720703125,3582.101318359375,1343.688720703125,3576.8494854197297,1348.9609166406196,7.441626114585322,0.6674170192344077
3608.052978515625,1343.688720703125,3607.318115234375,1343.688720703125,3601.6951507694685,1349.0389718571475,7.761631064713223,0.33744362910686065
3632.936279296875,1343.688720703125,3632.557373046875,1343.688720703125,3626.541059892967,1349.1170278395157,8.10324270479886,0.06685842296845841
3657.819091796875,1343.688720703125,3658.48681640625,1343.688720703125,3651.386481468946,1349.1950822902031,8.985253148885135,1.0715589553295457
3682.70263671875,1343.688720703125,3683.47998046875,1343.688720703125,3676.232634366204,1349.2731390384117,9.149303452917964,1.1799158026939085
3707.58544921875,1343.688720703125,3707.22998046875,1343.688720703125,3701.078055942183,1349.3511934890992,8.361206457950733,0.06645640931767331
3732.46875,1343.688720703125,3732.87890625,1343.688720703125,3725.9239650656814,1349.4292494714673,9.018030683996189,0.8109233954675178
3757.351806640625,1343.688720703125,3756.2646484375,1343.688720703125,3750.76963041542,1349.5073046879952,8.003195777436074,0.6896791420746358
3782.235107421875,1343.688720703125,3781.6025390625,1343.688720703125,3775.6155395389183,1349.5853606703633,8.403244980279977,0.23750989738840575
3807.117919921875,1343.688720703125,3806.916748046875,1343.688720703125,3800.4609611148976,1349.6634151210508,8.796258198727662,0.19810321019023147
3832.00146484375,1343.688720703125,3831.85498046875,1343.688720703125,3825.307114012155,1349.7414718692594,8.91685773198953,0.2508460853507428
3856.88427734375,1343.688720703125,3856.919189453125,1343.688720703125,3850.1525355881345,1349.8195263199468,9.130957345199091,0.43048911099722426
3881.767578125,1343.688720703125,3881.85107421875,1343.688720703125,3874.9984447116326,1349.8975823023152,9.247080269994122,0.4779221355685758
3906.650634765625,1343.688720703125,3906.65625,1343.688720703125,3899.8441100613713,1349.9756375188429,9.26987451863377,0.39902493374258674
3931.533447265625,1343.688720703125,3931.53662109375,1343.688720703125,3924.6895316373507,1350.0536919695303,9.348555677006994,0.39555317697567177
3956.416748046875,1343.688720703125,3956.416748046875,1343.6888427734375,3949.535440760849,1350.1317479518987,9.426739473612216,0.39139631763565297
3981.2998046875,1343.688720703125,3981.2998046875,1343.6888427734375,3974.3811061105876,1350.2098031684263,9.50743469455264,0.3904658270949396
4006.18310546875,1343.688720703125,4006.18310546875,1343.688720703125,3999.2270152340857,1350.2878591507947,9.588316828531728,0.38958483422307455
4031.066162109375,1343.688720703125,4031.066162109375,1343.6885986328125,4024.0726805838244,1350.3659143673224,9.66929828201356,0.38875239767597
4055.949462890625,1343.688720703125,4055.949462890625,1343.6885986328125,4048.918589707323,1350.4439703496905,9.750293572650545,0.38797301459078654
4080.832275390625,1343.688720703125,4080.832763671875,1343.689208984375,4073.764011283302,1350.5220248003782,9.831308778915506,0.3877619685886639
4105.7158203125,1343.688720703125,4105.71630859375,1343.688232421875,4098.610164180561,1350.6000815485866,9.913170369338136,0.3870368979639806
4130.5986328125,1343.688720703125,4130.59814453125,1343.6888427734375,4123.455585756538,1350.6781359992742,9.993316048586573,0.38547766637324865
4155.48193359375,1343.688720703125,4155.48095703125,1343.6898193359375,4148.301494880036,1350.7561919816424,10.07364378706503,0.38450564766501355
4180.36474609375,1343.688720703125,4180.36328125,1343.691162109375,4173.146916456016,1350.8342464323298,10.153796062788405,0.38364969919489883
4205.248046875,1343.688720703125,4205.24609375,1343.694580078125,4197.992825579514,1350.912302414698,10.232566387805667,0.3831293639468719
4230.13134765625,1343.688720703125,4230.12841796875,1343.6942138671875,4222.838734703013,1350.990358397066,10.31373875544866,0.38177572373205043
4255.01416015625,1343.688720703125,4255.01171875,1343.7037353515625,4247.684156278991,1351.0684128477535,10.389015660274845,0.3834524809134526
4279.8974609375,1343.688720703125,4279.8955078125,1343.6934814453125,4272.53006540249,1351.1464688301219,10.478395051404352,0.3821096638513176
4304.7802734375,1343.688720703125,4304.77783203125,1343.688720703125,4297.375486978469,1351.2245232808093,10.563287024892713,0.3806837181785374
4329.66357421875,1343.688720703125,4329.6591796875,1343.70458984375,4322.221396101967,1351.3025792631774,10.632500547047039,0.38151356736200226
4354.546875,1343.688720703125,4354.53955078125,1343.732666015625,4347.067305225466,1351.3806352455456,10.692328417503141,0.3858322890512171
4379.43017578125,1343.688720703125,4379.41796875,1343.7322998046875,4371.913214348964,1351.458691227914,10.77118670550158,0.3815050552573597
4404.31298828125,1343.688720703125,4404.2978515625,1343.705810546875,4396.7586359249435,1351.5367456786014,10.870295187660858,0.3717298982317004
4429.1962890625,1343.688720703125,4429.18896484375,1343.732421875,4421.604545048442,1351.6148016609695,10.938708091988115,0.38723348597225604
4454.0791015625,1343.688720703125,4454.078125,1343.7149658203125,4446.449966624421,1351.692856111657,11.037913466939502,0.3884738155831221
4478.96240234375,1343.688720703125,4478.95556640625,1343.7587890625,4471.295875747919,1351.770912094025,11.084447503309145,0.3987283676705197
4503.845703125,1343.688720703125,4503.85107421875,1343.6873779296875,4496.141784871417,1351.8489680763935,11.22696290025518,0.3879492904636306
4528.72900390625,1343.688720703125,4528.7451171875,1343.62451171875,4520.987693994915,1351.9270240587616,11.362628469896162,0.38809748828654067
4553.61181640625,1343.688720703125,4553.603515625,1343.6697998046875,4545.833115570895,1352.005078509449,11.395437160850411,0.37087379965424344
4578.4951171875,1343.688720703125,4578.4765625,1343.7763671875,4570.679024694393,1352.0831344918172,11.39315491327778,0.40068463813802296
4603.3779296875,1343.688720703125,4603.34619140625,1343.7777099609375,4595.524446270372,1352.1611889425046,11.465706118901076,0.39137525491648995
4628.26123046875,1343.688720703125,4628.29296875,1343.656982421875,4620.37035539387,1352.239244924873,11.680027057378311,0.40742649054939367
4653.14453125,1343.688720703125,4653.10205078125,1343.6529541015625,4645.2162645173685,1352.3173009072411,11.715653228424616,0.3344005958885796
4678.02734375,1343.688720703125,4677.95458984375,1343.8154296875,4670.061686093348,1352.3953553579286,11.658175419987122,0.3857611781137021
4702.91064453125,1343.688720703125,4702.83251953125,1343.8846435546875,4694.907595216846,1352.4734113402967,11.686374864094981,0.43324928252027795
4727.79345703125,1343.688720703125,4727.6865234375,1343.8292236328125,4719.753016792825,1352.5514657909841,11.790590992265162,0.37552483068801523
4752.6767578125,1343.688720703125,4752.64453125,1343.7681884765625,4744.598925916323,1352.6295217733525,11.968917786587232,0.39552053308076984
4777.56005859375,1343.688720703125,4777.52685546875,1343.790771484375,4769.444835039822,1352.7075777557206,12.03447083565895,0.4095275139261142
4802.443359375,1343.688720703125,4802.34375,1343.788330078125,4794.29074416332,1352.7856337380888,12.074865471515823,0.35923822277903505
4827.326171875,1343.688720703125,4827.26953125,1343.626953125,4819.136165739299,1352.8636881887762,12.307270581613666,0.3160455058659823
4852.20947265625,1343.688720703125,4852.0791015625,1343.5111083984375,4843.982074862797,1352.9417441711444,12.429751906339845,0.22930228533949062
4877.09228515625,1343.688720703125,4877.07177734375,1343.898193359375,4868.8274964387765,1353.019798621832,12.295196224712896,0.5007995707529213
4901.9755859375,1343.688720703125,4902.22900390625,1343.154052734375,4893.673405562275,1353.0978546042002,13.117829799542774,0.7134080069125528
3408.98828125,1368.57177734375,3408.968505859375,1368.596923828125,3402.8515289812713,1373.2601947088233,7.691781421362962,0.4201321363156378
3433.87109375,1368.57177734375,3433.868896484375,1368.5623779296875,3427.6969505572506,1373.3382491595107,7.80396453933516,0.44413883778589985
3458.75439453125,1368.57177734375,3458.753662109375,1368.5836181640625,3452.5428596807487,1373.4163051418789,7.869493645272598,0.4379067538583535
3483.637451171875,1368.57177734375,3483.638916015625,1368.5787353515625,3477.3885250304875,1373.4943603584068,7.951776950782836,0.43925904114505343
3508.520751953125,1368.57177734375,3508.524658203125,1368.5576171875,3502.2344341539856,1373.572416340775,8.044571407853768,0.4449637378547661
3533.40380859375,1368.57177734375,3533.408203125,1368.552978515625,3527.0800995037243,1373.6504715573028,8.125843387092553,0.4446077348936285
3558.28662109375,1368.57177734375,3558.2890625,1368.56201171875,3551.9255210797037,1373.7285260079902,8.19679994319432,0.43836480409474293
3583.169921875,1368.57177734375,3583.171142578125,1368.5687255859375,3576.771430203202,1373.8065819903584,8.269912828747216,0.4336938244547092
3608.052978515625,1368.57177734375,3608.05224609375,1368.5753173828125,3601.6170955529406,1373.8846372068863,8.342663811827908,0.42857970941214985
3632.936279296875,1368.57177734375,3632.936279296875,1368.572021484375,3626.463004676439,1373.9626931892544,8.423931727012432,0.42817825824566236
3657.819091796875,1368.57177734375,3657.81884765625,1368.5716552734375,3651.308426252418,1374.0407476399419,8.502738274745944,0.4262648773564875
3682.70263671875,1368.57177734375,3682.70263671875,1368.5726318359375,3676.154579149676,1374.1188043881505,8.58120550428829,0.42462944513513823
3707.58544921875,1368.57177734375,3707.58544921875,1368.572021484375,3701.000000725655,1374.196858838838,8.66065396603338,0.42307852939931356
3732.46875,1368.57177734375,3732.46875,1368.572021484375,3725.8459098491535,1374.274914821206,8.739851490439442,0.42146323361893595
3757.351806640625,1368.57177734375,3757.351806640625,1368.57177734375,3750.691575198892,1374.352970037734,8.819346450980317,0.41992684580710987
3782.235107421875,1368.57177734375,3782.235107421875,1368.5714111328125,3775.5374843223904,1374.431026020102,8.899058478855839,0.41844602665084035
3807.117919921875,1368.57177734375,3807.117919921875,1368.5716552734375,3800.3829058983697,1374.5090804707895,8.978498308234158,0.41692440204752473
3832.00146484375,1368.57177734375,3832.00146484375,1368.57177734375,3825.229058795627,1374.5871372189981,9.058147609163536,0.41546658257689334
3856.88427734375,1368.57177734375,3856.88427734375,1368.57177734375,3850.0744803716066,1374.6651916696856,9.137999395345268,0.4140692745282566
3881.767578125,1368.57177734375,3881.767578125,1368.57177734375,3874.9203894951047,1374.7432476520537,9.217973633051985,0.4127174198605444
3906.650634765625,1368.57177734375,3906.650634765625,1368.57177734375,3899.7660548448434,1374.8213028685816,9.298064850878934,0.41141150736351645
3931.533447265625,1368.57177734375,3931.533447265625,1368.57177734375,3924.611476420823,1374.899357319269,9.378270028255814,0.41015197438562023
3956.416748046875,1368.57177734375,3956.416748046875,1368.57177734375,3949.457385544321,1374.9774133016374,9.458588608610476,0.4089392129786855
3981.2998046875,1368.57177734375,3981.2998046875,1368.57177734375,3974.3030508940597,1375.055468518165,9.53901540470555,0.40777367705303974
4006.18310546875,1368.57177734375,4006.18310546875,1368.57177734375,3999.148960017558,1375.1335245005332,9.619549260650455,0.40665574970781104
4031.066162109375,1368.57177734375,4031.066162109375,1368.57177734375,4023.9946253672965,1375.211579717061,9.700185949310137,0.4055858466425456
4055.949462890625,1368.57177734375,4055.949462890625,1368.57177734375,4048.840534490795,1375.2896356994293,9.7809244900918,0.4045643277938734
4080.832275390625,1368.57177734375,4080.832275390625,1368.57177734375,4073.685956066774,1375.3676901501167,9.861760022946461,0.4035915899772466
4105.7158203125,1368.57177734375,4105.7158203125,1368.57177734375,4098.532108964033,1375.4457468983253,9.942694110517698,0.40266793958673247
4130.5986328125,1368.57177734375,4130.5986328125,1368.57177734375,4123.37753054001,1375.5238013490127,10.023719658864344,0.40179376970615355
4155.48193359375,1368.57177734375,4155.48193359375,1368.57177734375,4148.2234396635085,1375.601857331381,10.104838384053618,0.4009693601789709
4180.36474609375,1368.57177734375,4180.36474609375,1368.57177734375,4173.068861239488,1375.6799117820685,10.186044914482812,0.4001950509781853
4205.248046875,1368.57177734375,4205.248046875,1368.57177734375,4197.914770362986,1375.7579677644367,10.267340315973987,0.39947110296279686
4230.13134765625,1368.57177734375,4230.13134765625,1368.57177734375,4222.760679486485,1375.8360237468048,10.348720938989555,0.3987978061727113
4255.01416015625,1368.57177734375,4255.01416015625,1368.57177734375,4247.6061010624635,1375.9140781974922,10.430183189373858,0.3981754292648311
4279.8974609375,1368.57177734375,4279.8974609375,1368.57177734375,4272.4520101859625,1375.9921341798606,10.511728329289303,0.39760418687849924
4304.7802734375,1368.57177734375,4304.7802734375,1368.57177734375,4297.297431761941,1376.070188630548,10.593351281226512,0.3970843221610373
4329.66357421875,1368.57177734375,4329.66357421875,1368.57177734375,4322.143340885439,1376.1482446129162,10.675053426947654,0.39661601670431385
4354.546875,1368.57177734375,4354.546875,1368.57177734375,4346.989250008938,1376.2263005952843,10.756831397479576,0.3961994640786787
4379.43017578125,1368.57177734375,4379.43017578125,1368.57177734375,4371.835159132436,1376.3043565776527,10.838683476527068,0.3958348276697194
4404.31298828125,1368.57177734375,4404.31298828125,1368.57177734375,4396.680580708416,1376.3824110283401,10.920606389423327,0.39552225668663
4429.1962890625,1368.57177734375,4429.1962890625,1368.57177734375,4421.526489831914,1376.4604670107083,11.002601733184548,0.3952618623669606
4454.0791015625,1368.57177734375,4454.0791015625,1368.57177734375,4446.371911407893,1376.5385214613957,11.08466471821823,0.39505375811486165
4478.96240234375,1368.57177734375,4478.96240234375,1368.57177734375,4471.217820531391,1376.6165774437638,11.16679703843054,0.3948980184240213
4503.845703125,1368.57177734375,4503.845703125,1368.57177734375,4496.063729654889,1376.6946334261322,11.248995600701406,0.39479470986831927
4528.72900390625,1368.57177734375,4528.72900390625,1368.57177734375,4520.9096387783875,1376.7726894085004,11.331258963442686,0.3947438736139614
4553.61181640625,1368.57177734375,4553.61181640625,1368.57177734375,4545.755060354367,1376.8507438591878,11.413584109408529,0.3947455293839301
4578.4951171875,1368.57177734375,4578.4951171875,1368.57177734375,4570.600969477865,1376.928799841556,11.495972907517247,0.394799676584936
4603.3779296875,1368.57177734375,4603.3779296875,1368.57177734375,4595.446391053844,1377.0068542922434,11.578420800099504,0.3949062914985363
4628.26123046875,1368.57177734375,4628.26123046875,1368.57177734375,4620.292300177342,1377.0849102746117,11.66092973513842,0.3950653358310797
4653.14453125,1368.57177734375,4653.14453125,1368.57177734375,4645.138209300841,1377.1629662569799,11.743496842780512,0.39527674471826696
4678.02734375,1368.57177734375,4678.02734375,1368.57177734375,4669.98363087682,1377.2410207076673,11.82611928271431,0.3955404285105658
4702.91064453125,1368.57177734375,4702.91064453125,1368.57177734375,4694.829540000318,1377.3190766900354,11.908799112142866,0.39585629308373016
4727.79345703125,1368.57177734375,4727.79345703125,1368.57177734375,4719.674961576297,1377.3971311407229,11.991531932736105,0.39622420126231167
4752.6767578125,1368.57177734375,4752.6767578125,1368.57177734375,4744.5208706997955,1377.475187123091,12.074319868797755,0.3966440226460661
4777.56005859375,1368.57177734375,4777.56005859375,1368.57177734375,4769.366779823294,1377.5532431054594,12.15716020455306,0.3971155859007634
4802.443359375,1368.57177734375,4802.443359375,1368.57177734375,4794.212688946792,1377.6312990878275,12.240051876082664,0.39763870694389014
4827.326171875,1368.57177734375,4827.326171875,1368.57177734375,4819.058110522771,1377.709353538515,12.3229922193985,0.39821317081098134
4852.20947265625,1368.57177734375,4852.20947265625,1368.57177734375,4843.904019646269,1377.787409520883,12.40598348077286,0.39883877814132807
4877.09228515625,1368.57177734375,4877.09228515625,1368.57177734375,4868.749441222249,1377.8654639715705,12.489021420561103,0.39951526418561767
4901.9755859375,1368.57177734375,4901.9755859375,1368.57177734375,4893.595350345747,1377.943519953939,12.572108340486032,0.4002423974374341
3483.637451171875,1393.4549560546875,3481.1279296875,1395.208984375,3477.3104694310396,1398.3401475950252,4.937325786303104,2.6275772279970906
3508.520751953125,1393.4549560546875,3505.784912109375,1394.9185791015625,3502.1563785545377,1398.4182035773933,5.041193036416533,2.655117868529808
3583.169921875,1393.4549560546875,3580.388427734375,1394.989013671875,3576.693374603754,1398.6523692269768,5.203228955293824,2.7395183931274785
3657.819091796875,1393.4549560546875,3655.710205078125,1394.6063232421875,3651.23037065297,1398.8865348765603,6.195896070127623,1.9754663223623745
3707.58544921875,1393.4549560546875,3704.7216796875,1394.8206787109375,3700.921945126207,1399.0426460754563,5.68005203878861,2.7433619490332246
3881.767578125,1393.4549560546875,3878.83935546875,1394.8062744140625,3874.842333895657,1399.5890348886724,6.233055367415151,2.813945673956004
4180.36474609375,1393.4549560546875,4178.26416015625,1394.73779296875,4172.99080564004,1400.525699018687,7.829950465777515,2.1124032134605875
4205.248046875,1393.4549560546875,4204.79541015625,1393.7381591796875,4197.836714763538,1400.603755001055,9.775471730352965,0.2826716454149937
4255.01416015625,1393.4549560546875,4252.5869140625,1391.7236328125,4247.528045463016,1400.759865434111,10.355947638855389,2.6514414818186656
4304.7802734375,1393.4549560546875,4302.974609375,1392.439208984375,4297.219376162493,1400.9159758671665,10.24589118210482,1.7156917905023172
4329.66357421875,1393.4549560546875,4330.15087890625,1392.1566162109375,4322.065285285991,1400.9940318495346,11.978177631062701,1.5630639890889029
4354.546875,1393.4549560546875,4356.7001953125,1392.4744873046875,4346.91119440949,1401.072087831903,13.028556079040458,2.736324024193617
4379.43017578125,1393.4549560546875,4381.169921875,1393.6671142578125,4371.757103532988,1401.1501438142711,12.024844301800506,2.1625730197054884
4404.31298828125,1393.4549560546875,4404.25,1392.6263427734375,4396.602525108968,1401.2281982649586,11.509812774584146,0.8676405903044582
4429.1962890625,1393.4549560546875,4427.205078125,1395.3431396484375,4421.448434232466,1401.3062542473267,8.288406639694772,2.4929739862921703
4454.0791015625,1393.4549560546875,4453.544921875,1393.1634521484375,4446.293855808445,1401.3843086980141,10.961771823490023,0.2804884198443553
4478.96240234375,1393.4549560546875,4478.9697265625,1394.687744140625,4471.139764931943,1401.4623646803825,10.353925950753856,1.3439759583573843
4503.845703125,1393.4549560546875,4503.56884765625,1392.8140869140625,4495.985674055441,1401.5404206627506,11.56085734508879,0.6040099169742988
4528.72900390625,1393.4549560546875,4528.501953125,1392.2237548828125,4520.83158317894,1401.6184766451188,12.128288094392312,1.1893896468704837
4553.61181640625,1393.4549560546875,4553.9365234375,1392.389404296875,4545.677004754919,1401.6965310958062,12.443562919007142,1.2416842720297554
4578.4951171875,1393.4549560546875,4578.0380859375,1393.240478515625,4570.522913878417,1401.7745870781744,11.371403608833841,0.16020521262918097
4603.3779296875,1393.4549560546875,4602.958984375,1392.25390625,4595.368335454396,1401.852641528862,12.237388201308764,1.1327629542141635
4628.26123046875,1393.4549560546875,4628.72119140625,1392.206298828125,4620.2142445778945,1401.9306975112302,12.920219583600142,1.4568978455086476
4653.14453125,1393.4549560546875,4653.30322265625,1392.417236328125,4645.060153701393,1402.0087534935983,12.64695170110576,1.1107723272015364
4678.02734375,1393.4549560546875,4678.083984375,1392.3541259765625,4669.905575277372,1402.0868079442857,12.71265014279121,1.1160554817198067
4702.91064453125,1393.4549560546875,4702.947265625,1392.34228515625,4694.75148440087,1402.1648639266539,12.792727761294246,1.1144785149002814
4727.79345703125,1393.4549560546875,4727.8642578125,1392.1923828125,4719.5969059768495,1402.2429183773415,13.013929902784115,1.2616582882904
4752.6767578125,1393.4549560546875,4752.51806640625,1392.9371337890625,4744.442815100348,1402.3209743597097,12.380070577698746,0.48460042391564434
4777.56005859375,1393.4549560546875,4777.798828125,1392.68701171875,4769.288724223846,1402.3990303420778,12.912984711069214,0.9209449609793267
4802.443359375,1393.4549560546875,4802.47119140625,1392.9332275390625,4794.134633347344,1402.477086324446,12.67215217651894,0.5935740444496181
4827.326171875,1393.4549560546875,4827.39501953125,1393.203857421875,4818.980054923323,1402.5551407751334,12.58006874804696,0.48340823361741597
4852.20947265625,1393.4549560546875,4852.22216796875,1393.3485107421875,4843.825964046821,1402.6331967575018,12.518052352565963,0.40491223116750946
4877.09228515625,1393.4549560546875,4876.990234375,1393.613525390625,4868.671385622801,1402.7112512081892,12.327686709741695,0.399811344860566
4901.9755859375,1393.4549560546875,4902.0078125,1393.6021728515625,4893.517294746299,1402.7893071905573,12.509689408160895,0.5010196062417147
3583.169921875,1418.338134765625,3582.544677734375,1419.4898681640625,3576.6153190043055,1423.4981564635955,7.157071331349424,1.0297829283946263
3608.052978515625,1418.338134765625,3607.049560546875,1419.636962890625,3601.4609843540443,1423.5762116801232,6.83738728526013,1.2899157083522816
3632.936279296875,1418.338134765625,3631.544677734375,1419.4888916015625,3626.306893477543,1423.6542676624915,6.692140289180962,1.3885080672830958
3657.819091796875,1418.338134765625,3657.5029296875,1419.792236328125,3651.1523150535218,1423.732322113179,7.473592323834823,1.3383630455479048
3682.70263671875,1418.338134765625,3680.079345703125,1420.24365234375,3675.9984679507797,1423.8103788613873,5.419880190668779,2.812585823011811
3757.351806640625,1418.338134765625,3756.864501953125,1421.30859375,3750.535463999996,1424.044544510971,6.895081433790749,2.865858437283891
3782.235107421875,1418.338134765625,3782.610107421875,1421.2366943359375,3775.381373123494,1424.1226004933392,7.783511669286397,2.9166712414241136
3832.00146484375,1418.338134765625,3830.320068359375,1420.7706298828125,3825.072947596731,1424.2787116922352,6.31180752870149,2.6469268390632443
3856.88427734375,1418.338134765625,3854.16845703125,1419.29443359375,3849.9183691727103,1424.3567661429227,6.60987576613354,2.431298980848694
3881.767578125,1418.338134765625,3880.35498046875,1418.3084716796875,3874.7642782962084,1424.4348221252908,8.29386041384859,0.9747528583408663
3906.650634765625,1418.338134765625,3905.741455078125,1418.28857421875,3899.609943645947,1424.5128773418187,8.737126633554656,0.4829389708852092
3931.533447265625,1418.338134765625,3931.02001953125,1418.32568359375,3924.4553652219265,1424.5909317925061,9.07458104779148,0.1115349208388609
3956.416748046875,1418.338134765625,3955.759765625,1418.1683349609375,3949.3012743454246,1424.6689877748743,9.1635471633912,0.32170973561706273
3981.2998046875,1418.338134765625,3979.978271484375,1418.3260498046875,3974.1469396951634,1424.7470429914022,8.673729528853556,0.8841816557150595
4006.18310546875,1418.338134765625,4004.41357421875,1418.4248046875,3998.9928488186615,1424.8250989737703,8.387373296451567,1.3300087848297708
4031.066162109375,1418.338134765625,4029.924072265625,1418.076416015625,4023.8385141684003,1424.9031541902982,9.14540165658339,0.7715707572170479
4055.949462890625,1418.338134765625,4053.9404296875,1418.0233154296875,4048.684423291899,1424.9812101726664,8.719971472715553,1.613167782590074
4080.832275390625,1418.338134765625,4079.0810546875,1417.85107421875,4073.5298448678777,1425.0592646233538,9.098018430982254,1.4184849698888202
4105.7158203125,1418.338134765625,4104.53076171875,1418.6097412109375,4098.375997765136,1425.1373213715624,8.971645449865255,0.7831936860696546
4130.5986328125,1418.338134765625,4129.45556640625,1418.24755859375,4123.221419341115,1425.2153758222498,9.34960248136333,0.7193965958317547
4155.48193359375,1418.338134765625,4154.06787109375,1418.3621826171875,4148.067328464613,1425.293431804618,9.167809288065996,0.9797723628201702
4180.36474609375,1418.338134765625,4179.30224609375,1418.343017578125,4172.912750040592,1425.3714862553054,9.498685791172731,0.6295357621581584
4205.248046875,1418.338134765625,4202.73046875,1418.61767578125,4197.75865916409,1425.4495422376738,8.449455002362743,2.1005909888580914
4230.13134765625,1418.338134765625,4228.6767578125,1418.37841796875,4222.604568287589,1425.527598220042,9.37988613427147,1.02317781228355
4255.01416015625,1418.338134765625,4253.7099609375,1418.5296630859375,4247.449989863568,1425.6056526707293,9.447585217956597,0.8910279007030023
4279.8974609375,1418.338134765625,4277.525390625,1418.3575439453125,4272.295898987067,1425.6837086530975,9.001126158254216,1.942293137595573
4304.7802734375,1418.338134765625,4303.7509765625,1418.5743408203125,4297.141320563045,1425.761763103785,9.764557927120164,0.6427710284543944
4329.66357421875,1418.338134765625,4328.1005859375,1418.453125,4321.987229686543,1425.8398190861533,9.588345747495937,1.1405942339427968
4354.546875,1418.338134765625,4353.080078125,1418.497314453125,4346.833138810042,1425.9178750685214,9.699946940655726,1.0521760660329136
4379.43017578125,1418.338134765625,4378.2392578125,1418.4111328125,4371.6790479335405,1425.9959310508896,10.028236034970249,0.7688934257289739
4404.31298828125,1418.338134765625,4402.39013671875,1417.94189453125,4396.52446950952,1426.073985501577,10.026811824259608,1.54632427134468
4429.1962890625,1418.338134765625,4427.11474609375,1418.0335693359375,4421.370378633018,1426.1520414839454,9.945217319993406,1.682206048627849
4454.0791015625,1418.338134765625,4453.3896484375,1418.3975830078125,4446.215800208997,1426.2300959346328,10.62131616864872,0.27763788809063716
4478.96240234375,1418.338134765625,4476.25390625,1418.144287109375,4471.061709332495,1426.308151917001,9.675101933692353,2.292231322218614
4503.845703125,1418.338134765625,4502.8955078125,1418.33740234375,4495.9076184559935,1426.386207899369,10.658980651588633,0.5293278194307696
4528.72900390625,1418.338134765625,4527.0205078125,1418.678466796875,4520.753527579492,1426.4642638817372,9.994682460567029,1.3409244010228338
4553.61181640625,1418.338134765625,4552.2236328125,1418.640869140625,4545.598949155471,1426.5423183324247,10.311126654556151,1.0265368903072754
4578.4951171875,1418.338134765625,4577.078125,1418.5828857421875,4570.444858278969,1426.620374314793,10.421201943494799,1.0385656435810109
4603.3779296875,1418.338134765625,4601.8828125,1418.4027099609375,4595.2902798549485,1426.6984287654805,10.596246371244746,1.0828724138546404
4628.26123046875,1418.338134765625,4626.8876953125,1418.8046875,4620.136188978447,1426.7764847478486,10.446644874770527,1.0876310054486875
4653.14453125,1418.338134765625,4651.1494140625,1418.8038330078125,4644.982098101945,1426.8545407302167,10.141483175004469,1.6628142960154766
4678.02734375,1418.338134765625,4675.875,1418.5186767578125,4669.827519677924,1426.9325951809042,10.361758609248561,1.753681312583279
4702.91064453125,1418.338134765625,4700.11669921875,1418.9356689453125,4694.673428801422,1427.0106511632725,9.738302247133557,2.4700065140197016
4727.79345703125,1418.338134765625,4725.29052734375,1419.1015625,4719.518850377402,1427.08870561396,9.85427369859165,2.249233567671316
4752.6767578125,1418.338134765625,4750.12890625,1419.0870361328125,4744.3647595009,1427.1667615963281,9.925086967424823,2.2882341759023688
4777.56005859375,1418.338134765625,4775.884765625,1419.02294921875,4769.210668624398,1427.2448175786963,10.589744572072174,1.4760661543956701
4802.443359375,1418.338134765625,4801.07763671875,1418.7724609375,4794.056577747896,1427.3228735610646,11.063671411670862,1.0858743910647657
4827.326171875,1418.338134765625,4824.80419921875,1419.2779541015625,4818.901999323875,1427.400928011752,10.040850001104436,2.348503219469723
4852.20947265625,1418.338134765625,4849.6318359375,1418.850830078125,4843.747908447373,1427.4789839941202,10.443449751263719,2.251296647125976
4877.09228515625,1418.338134765625,4874.7080078125,1419.1448974609375,4868.593330023353,1427.5570384448076,10.399682706582817,2.172654564075871
3657.819091796875,1443.22119140625,3657.8076171875,1443.22119140625,3651.0742598369943,1448.5779874629177,8.604264361486079,0.47997932817833894
3682.70263671875,1443.22119140625,3682.259765625,1443.22119140625,3675.9204127342523,1448.656044211126,8.350150901876003,0.1421608812419134
3707.58544921875,1443.22119140625,3707.354248046875,1443.22119140625,3700.765834310231,1448.7340986618135,8.5906543390851,0.2722784845699789
3732.46875,1443.22119140625,3734.21923828125,1443.22119140625,3725.6117434337298,1448.8121546441819,10.26390946364946,2.2208692496744957
3757.351806640625,1443.22119140625,3757.8466796875,1443.22119140625,3750.4574087834685,1448.8902098607095,9.313382561141214,0.9687742722278428
3782.235107421875,1443.22119140625,3782.53125,1443.22119140625,3775.3033179069666,1448.968265843078,9.234276740705928,0.7705659289216116
3807.117919921875,1443.22119140625,3806.834716796875,1443.22119140625,3800.148739482946,1449.0463202937653,8.867605042994374,0.21548258793105163
3832.00146484375,1443.22119140625,3831.749755859375,1443.22119140625,3824.9948923802035,1449.124377041974,8.970829463993976,0.23955450167280967
3856.88427734375,1443.22119140625,3856.9638671875,1443.22119140625,3849.840313956183,1449.2024314926614,9.301625858456331,0.5523551504777248
3881.767578125,1443.22119140625,3881.696533203125,1443.22119140625,3874.686223079681,1449.2804874750295,9.266041057322632,0.4036967165184141
3906.650634765625,1443.22119140625,3906.63134765625,1443.22119140625,3899.5318884294197,1449.3585426915574,9.384529935627588,0.45200918299356635
3931.533447265625,1443.22119140625,3931.548828125,1443.22119140625,3924.377310005399,1449.4365971422449,9.490096975416128,0.4840969729227348
3956.416748046875,1443.22119140625,3956.416748046875,1443.22119140625,3949.223219128897,1449.514653124613,9.557955780096679,0.4672500920141791
3981.2998046875,1443.22119140625,3981.299072265625,1443.22119140625,3974.068884478636,1449.592708341141,9.63700386462138,0.46479166455915394
4006.18310546875,1443.22119140625,4006.18310546875,1443.22119140625,3998.914793602134,1449.670764323509,9.717270615014863,0.46381077305608076
4031.066162109375,1443.22119140625,4031.066162109375,1443.22119140625,4023.760458951873,1449.748819540037,9.797103024799954,0.462148785180764
4055.949462890625,1443.22119140625,4055.949462890625,1443.22119140625,4048.6063680753714,1449.826875522405,9.877049362447677,0.4605257817023338
4080.832275390625,1443.22119140625,4080.832275390625,1443.22119140625,4073.4517896513503,1449.9049299730925,9.957104547886178,0.4589422235721655
4105.7158203125,1443.22119140625,4105.7158203125,1443.22119140625,4098.297942548609,1449.9829867213011,10.037269867980706,0.4573984430645894
4130.5986328125,1443.22119140625,4130.5986328125,1443.22119140625,4123.143364124587,1450.0610411719886,10.117538041779454,0.4558949356038508
4155.48193359375,1443.22119140625,4155.48193359375,1443.22119140625,4147.989273248085,1450.1390971543567,10.197910521042589,0.4544320261368259
4180.36474609375,1443.22119140625,4180.36474609375,1443.22119140625,4172.834694824064,1450.2171516050441,10.27838174165607,0.4530101656604219
4205.248046875,1443.22119140625,4205.248046875,1443.22119140625,4197.680603947562,1450.2952075874125,10.35895252384988,0.45162968581404594
4230.13134765625,1443.22119140625,4230.13134765625,1443.22119140625,4222.526513071061,1450.3732635697806,10.439619020847047,0.4502909957531563
4255.01416015625,1443.22119140625,4255.01416015625,1443.22119140625,4247.37193464704,1450.451318020468,10.520377445284366,0.4489944942937561
4279.8974609375,1443.22119140625,4279.8974609375,1443.22119140625,4272.217843770539,1450.5293740028362,10.601228829533422,0.4477404968295888
4304.7802734375,1443.22119140625,4304.7802734375,1443.22119140625,4297.063265346517,1450.6074284535237,10.682167925791607,0.446529410869717
4329.66357421875,1443.22119140625,4329.66357421875,1443.2218017578125,4321.909174470015,1450.685484435892,10.762772625222542,0.44532922173489375
4354.546875,1443.22119140625,4354.546875,1443.2208251953125,4346.755083593514,1450.7635404182602,10.844563903480344,0.444253409342222
4379.43017578125,1443.22119140625,4379.4296875,1443.2203369140625,4371.600992717013,1450.8415964006283,10.925752064125565,0.44269857010752156
4404.31298828125,1443.22119140625,4404.3134765625,1443.2200927734375,4396.446414292992,1450.9196508513157,11.007900042557521,0.4426363114215375
4429.1962890625,1443.22119140625,4429.1962890625,1443.22021484375,4421.29232341649,1450.9977068336839,11.088825663107494,0.441143585643549
4454.0791015625,1443.22119140625,4454.0791015625,1443.22119140625,4446.137744992469,1451.0757612843715,11.169575289269629,0.44018238471067705
4478.96240234375,1443.22119140625,4478.962890625,1443.2242431640625,4470.9836541159675,1451.1538172667397,11.24928267566095,0.4397995913920904
4503.845703125,1443.22119140625,4503.8447265625,1443.2252197265625,4495.829563239466,1451.2318732491078,11.329136936457365,0.4375342428287175
4528.72900390625,1443.22119140625,4528.7265625,1443.2288818359375,4520.675472362964,1451.309929231476,11.407163512618768,0.4354498913587683
4553.61181640625,1443.22119140625,4553.61083984375,1443.22412109375,4545.520893938943,1451.3879836821634,11.493297051116249,0.43599266796674296
4578.4951171875,1443.22119140625,4578.490234375,1443.2342529296875,4570.366803062441,1451.4660396645318,11.565139391197063,0.4320783664008984
4603.3779296875,1443.22119140625,4603.3759765625,1443.2293701171875,4595.212224638421,1451.5440941152192,11.652531083046052,0.4340610437769588
4628.26123046875,1443.22119140625,4628.255859375,1443.2489013671875,4620.058133761919,1451.6221500975873,11.718105628834008,0.4322725145801036
4653.14453125,1443.22119140625,4653.1357421875,1443.2606201171875,4644.904042885417,1451.7002060799555,11.789295340386822,0.430451801217459
4678.02734375,1443.22119140625,4678.02880859375,1443.2344970703125,4669.749464461396,1451.778260530643,11.897202752244679,0.4365628257086625
4702.91064453125,1443.22119140625,4702.91455078125,1443.22802734375,4694.595373584894,1451.8563165130113,11.985661567587984,0.43785186926060954
4727.79345703125,1443.22119140625,4727.77880859375,1443.27392578125,4719.440795160874,1451.9343709636987,12.021887487621282,0.427455322943085
4752.6767578125,1443.22119140625,4752.66552734375,1443.2421875,4744.286704284372,1452.0124269460669,12.129376562779917,0.42436629826959066
4777.56005859375,1443.22119140625,4777.5654296875,1443.178466796875,4769.13261340787,1452.090482928435,12.269328503841574,0.433959655875682
4802.443359375,1443.22119140625,4802.43359375,1443.2188720703125,4793.978522531368,1452.1685389108034,12.311976521579291,0.42178223789267
4827.326171875,1443.22119140625,4827.29833984375,1443.2928466796875,4818.823944107347,1452.2465933614908,12.328218149394576,0.42159860297605534
4852.20947265625,1443.22119140625,4852.1806640625,1443.24560546875,4843.669853230846,1452.324649343859,12.44439386624997,0.40786727815140605
4877.09228515625,1443.22119140625,4877.052734375,1443.35791015625,4868.515274806825,1452.4027037945464,12.437705087257504,0.43917874217930936
4901.9755859375,1443.22119140625,4901.97021484375,1443.255126953125,4893.361183930323,1452.4807597769145,12.618546440367993,0.4333569214713286
3757.351806640625,1468.1043701171875,3757.34521484375,1468.145263671875,3750.37935318402,1473.7359970973282,8.93193869756024,0.48768966359669047
3782.235107421875,1468.1043701171875,3782.222900390625,1468.16064453125,3775.2252623075183,1473.8140530796964,8.995997274221006,0.4773006434670194
3807.117919921875,1468.1043701171875,3807.1103515625,1468.1239013671875,3800.0706838834976,1473.8921075303838,9.101050674066501,0.4878665701208652
3832.00146484375,1468.1043701171875,3832.00048828125,1468.10107421875,3824.916836780755,1473.9701642785924,9.199148694906706,0.4981513545105108
3856.88427734375,1468.1043701171875,3856.88671875,1468.0972900390625,3849.7622583567345,1474.0482187292798,9.28285991337048,0.5003772870146999
3881.767578125,1468.1043701171875,3881.767578125,1468.10205078125,3874.6081674802326,1474.126274711648,9.35673205472872,0.49468914363419114
3906.650634765625,1468.1043701171875,3906.650634765625,1468.1031494140625,3899.4538328299714,1474.2043299281759,9.434954253562896,0.4923989209000846
3931.533447265625,1468.1043701171875,3931.533447265625,1468.1044921875,3924.2992544059507,1474.2823843788633,9.513143447834167,0.49010453556619643
3956.416748046875,1468.1043701171875,3956.416748046875,1468.1046142578125,3949.145163529449,1474.3604403612314,9.59225216673799,0.48814911074104717
3981.2998046875,1468.1043701171875,3981.2998046875,1468.1048583984375,3973.9908288791876,1474.4384955777593,9.671405652012751,0.48620373428440034
4006.18310546875,1468.1043701171875,4006.18359375,1468.1046142578125,3998.8367380026857,1474.5165515601275,9.751370639077534,0.48487884972535605
4031.066162109375,1468.1043701171875,4031.066162109375,1468.1041259765625,4023.6824033524244,1474.5946067766554,9.830881669373218,0.4826818168312526
4055.949462890625,1468.1043701171875,4055.94970703125,1468.1038818359375,4048.528312475923,1474.6726627590235,9.910902076064302,0.4811812196097521
4080.832275390625,1468.1043701171875,4080.832275390625,1468.104248046875,4073.373734051902,1474.750717209711,9.990264823014972,0.47911918155104893
4105.7158203125,1468.1043701171875,4105.7158203125,1468.1043701171875,4098.21988694916,1474.8287739579196,10.070085600474336,0.4773837414775411
4130.5986328125,1468.1043701171875,4130.5986328125,1468.1043701171875,4123.065308525139,1474.906828408607,10.150094266806008,0.4757087243778079
4155.48193359375,1468.1043701171875,4155.48193359375,1468.1043701171875,4147.911217648637,1474.9848843909751,10.2302109750183,0.474071468628474
4180.36474609375,1468.1043701171875,4180.36474609375,1468.1043701171875,4172.756639224616,1475.0629388416628,10.310430098953473,0.47247243137688716
4205.248046875,1468.1043701171875,4205.248046875,1468.1043701171875,4197.602548348114,1475.140994824031,10.390752378416563,0.47091193887691335
4230.13134765625,1468.1043701171875,4230.13134765625,1468.1043701171875,4222.448457471613,1475.219050806399,10.471173902606385,0.469390407628378
4255.01416015625,1468.1043701171875,4255.01416015625,1468.1043701171875,4247.293879047592,1475.2971052570865,10.551690821353782,0.46790824640522016
4279.8974609375,1468.1043701171875,4279.8974609375,1468.1043701171875,4272.139788171091,1475.3751612394547,10.632304091509239,0.4664657720540227
4304.7802734375,1468.1043701171875,4304.7802734375,1468.1043701171875,4296.985209747069,1475.4532156901423,10.713008410012938,0.4650634107292699
4329.66357421875,1468.1043701171875,4329.66357421875,1468.1043701171875,4321.8311188705675,1475.5312716725105,10.793804866391254,0.46370147108922877
4354.546875,1468.1043701171875,4354.546875,1468.1043701171875,4346.6770279940665,1475.6093276548786,10.874689859455605,0.462380338477855
4379.43017578125,1468.1043701171875,4379.43017578125,1468.1043701171875,4371.522937117565,1475.6873836372467,10.955661428224298,0.4611003636538637
4404.31298828125,1468.1043701171875,4404.31298828125,1468.1043701171875,4396.368358693544,1475.7654380879342,11.036716075819573,0.4598619141855775
4429.1962890625,1468.1043701171875,4429.1962890625,1468.1043701171875,4421.214267817042,1475.8434940703025,11.117855131481964,0.45866527764425596
4454.0791015625,1468.1043701171875,4454.0791015625,1468.1043701171875,4446.0596893930215,1475.92154852099,11.199073610833,0.45751082926406234
4478.96240234375,1468.1043701171875,4478.96240234375,1468.1043701171875,4470.90559851652,1475.9996045033581,11.280372951416334,0.45639884370929157
4503.845703125,1468.1043701171875,4503.845703125,1468.1043701171875,4495.751507640018,1476.0776604857263,11.361749858632699,0.45532965532097225
4528.72900390625,1468.1043701171875,4528.72900390625,1468.1043701171875,4520.597416763516,1476.1557164680946,11.443202677666099,0.4543035662652532
4553.61181640625,1468.1043701171875,4553.61181640625,1468.1043701171875,4545.442838339495,1476.233770918782,11.524728198447331,0.45332088806118304
4578.4951171875,1468.1043701171875,4578.4951171875,1468.1043701171875,4570.288747462993,1476.3118269011502,11.606328054811943,0.45238186491770155
4603.3779296875,1468.1043701171875,4603.3779296875,1468.1043701171875,4595.134169038973,1476.3898813518376,11.687997520949471,0.4514868061841705
4628.26123046875,1468.1043701171875,4628.26123046875,1468.1043701171875,4619.980078162471,1476.4679373342058,11.769738319664366,0.45063593860171286
4653.14453125,1468.1043701171875,4653.14453125,1468.1043701171875,4644.825987285969,1476.5459933165741,11.851547406222538,0.4498295310336331
4678.02734375,1468.1043701171875,4678.02734375,1468.1043701171875,4669.671408861948,1476.6240477672616,11.93342176890314,0.4490678375029752
4702.91064453125,1468.1043701171875,4702.91064453125,1468.1043701171875,4694.517317985446,1476.7021037496297,12.015363253723084,0.4483510559351184
4727.79345703125,1468.1043701171875,4727.79345703125,1468.1043701171875,4719.362739561426,1476.7801582003171,12.097367313567604,0.44767943024949086
4752.6767578125,1468.1043701171875,4752.6767578125,1468.1043701171875,4744.208648684924,1476.8582141826853,12.179435870334409,0.447053137551088
4777.56005859375,1468.1043701171875,4777.56005859375,1468.1043701171875,4769.054557808422,1476.9362701650537,12.261566052699504,0.44647238229197445
4802.443359375,1468.1043701171875,4802.443359375,1468.1043701171875,4793.90046693192,1477.0143261474218,12.34375663056993,0.4459373423867064
4827.326171875,1468.1043701171875,4827.326171875,1468.1043701171875,4818.7458885078995,1477.0923805981092,12.42600479095756,0.4454481917134422
4852.20947265625,1468.1043701171875,4852.20947265625,1468.1043701171875,4843.591797631398,1477.1704365804774,12.508312594061337,0.44500506236834275
4877.09228515625,1468.1043701171875,4877.09228515625,1468.1043701171875,4868.437219207377,1477.2484910311648,12.590675671653937,0.44460810937275874
4901.9755859375,1468.1043701171875,4901.9755859375,1468.1043701171875,4893.283128330875,1477.3265470135332,12.67309614697461,0.4442574409055243
4528.72900390625,1492.987548828125,4528.85693359375,1493.496337890625,4520.519361164068,1501.001503704713,11.217960060418747,0.7658349105252625
4553.61181640625,1492.987548828125,4552.50927734375,1492.4693603515625,4545.364782740047,1501.0795581554005,11.188355972329157,0.8350316923829814
4578.4951171875,1492.987548828125,4578.26513671875,1494.0975341796875,4570.210691863545,1501.1576141377686,10.710686763229992,1.1134470999741835
4628.26123046875,1492.987548828125,4627.02490234375,1493.9769287109375,4619.902022563023,1501.3137245708244,10.225653517518811,1.242391662623645
4653.14453125,1492.987548828125,4651.39697265625,1495.1075439453125,4644.747931686521,1501.3917805531926,9.148845586244981,2.469225892900649
4678.02734375,1492.987548828125,4677.63330078125,1493.2200927734375,4669.5933532625,1501.46983500388,11.519505326748826,0.23880256924627763
4702.91064453125,1492.987548828125,4702.154296875,1492.6651611328125,4694.4392623859985,1501.5478909862481,11.765400410338751,0.43497397823379874
4727.79345703125,1492.987548828125,4726.623046875,1491.8482666015625,4719.284683961978,1501.6259454369356,12.225161497948461,1.3370841770105486
4752.6767578125,1492.987548828125,4753.10400390625,1494.028076171875,4744.130593085476,1501.704001419304,11.808553262889625,1.3758645348120957
4777.56005859375,1492.987548828125,4776.99853515625,1493.1715087890625,4768.976502208974,1501.782057401672,11.768371170951934,0.22088565409008937
4802.443359375,1492.987548828125,4802.53466796875,1492.2042236328125,4793.822411332472,1501.8601133840402,13.005368990698816,0.9440809350757625
4827.326171875,1492.987548828125,4827.736328125,1492.9036865234375,4818.667832908452,1501.9381678347277,12.800760057770495,0.87238782639123
4852.20947265625,1492.987548828125,4852.61279296875,1492.1834716796875,4843.51374203195,1502.0162238170958,13.396855696251768,1.161199072873081
4877.09228515625,1492.987548828125,4877.615234375,1491.2901611328125,4868.359163607929,1502.0942782677835,14.226868703660625,1.9337875709185304
4901.9755859375,1492.987548828125,4902.19921875,1492.3502197265625,4893.205072731427,1502.1723342501516,13.31798018912436,0.9088080194837366
3931.533447265625,1517.87060546875,3931.84521484375,1518.661865234375,3924.143143589975,1523.9738369652205,9.356224947463064,1.0357521002413488
3956.416748046875,1517.87060546875,3955.763671875,1518.9639892578125,3948.989052713473,1524.0518929475888,8.472439361846627,0.9487923654570972
3981.2998046875,1517.87060546875,3982.334716796875,1519.9864501953125,3973.8347180632118,1524.1299481641165,9.456138423783758,2.4978725537339557
4130.5986328125,1517.87060546875,4129.45458984375,1518.8599853515625,4122.909197709163,1524.5982809949642,8.704607692859925,1.0770668777989083
4155.48193359375,1517.87060546875,4153.666015625,1517.901611328125,4147.755106832661,1524.6763369773325,8.990870390200255,1.3176197764325392
4180.36474609375,1517.87060546875,4178.72900390625,1518.136474609375,4172.6005284086405,1524.75439142802,9.019702597275838,1.145257526988401
4205.248046875,1517.87060546875,4203.74072265625,1518.01318359375,4197.446437532139,1524.832447410388,9.280106908032904,1.0083281746238189
4230.13134765625,1517.87060546875,4229.6123046875,1517.8648681640625,4222.292346655638,1524.9105033927563,10.15986030238787,0.11417912518958767
4255.01416015625,1517.87060546875,4254.45263671875,1517.9359130859375,4247.137768231616,1524.9885578434437,10.161057969505174,0.07370907081101932
4279.8974609375,1517.87060546875,4278.4423828125,1518.3505859375,4271.983677355115,1525.066613825812,9.317720042040259,1.031758232857393
4304.7802734375,1517.87060546875,4302.98193359375,1517.8414306640625,4296.8290989310935,1525.1446682764995,9.549589206332445,1.3082210183520875
4329.66357421875,1517.87060546875,4327.8154296875,1517.958740234375,4321.675008054592,1525.2227242588676,9.511584607097427,1.353196755860908
4354.546875,1517.87060546875,4352.07861328125,1517.873291015625,4346.520917178091,1525.3007802412358,9.276614801296647,1.9759078626697006
4379.43017578125,1517.87060546875,4378.54443359375,1518.0206298828125,4371.366826301589,1525.3788362236041,10.279165675975424,0.39883641824097876
4404.31298828125,1517.87060546875,4402.39599609375,1518.0860595703125,4396.212247877568,1525.4568906742916,9.621220980962711,1.431639012886286
4429.1962890625,1517.87060546875,4427.78857421875,1518.2530517578125,4421.058157001066,1525.5349466566597,9.915871582566506,0.9679072708126845
4454.0791015625,1517.87060546875,4451.552734375,1518.677734375,4445.903578577046,1525.6130011073471,8.944880428399372,2.1665048049107263
4478.96240234375,1517.87060546875,4476.75732421875,1517.9283447265625,4470.749487700544,1525.6910570897153,9.815997293323647,1.7155847117954826
4503.845703125,1517.87060546875,4502.626953125,1517.696533203125,4495.595396824042,1525.7691130720837,10.705574704529399,0.7660096994224579
4528.72900390625,1517.87060546875,4527.5615234375,1517.8580322265625,4520.44130594754,1525.8471690544518,10.701579526362849,0.6829598001118427
4603.3779296875,1517.87060546875,4600.3701171875,1517.892578125,4594.978058222997,1526.0813339381948,9.804591865284864,2.5229170266731695
4628.26123046875,1517.87060546875,4625.65185546875,1517.900390625,4619.823967346495,1526.1593899205632,10.108182296023047,2.1253325289556924
4653.14453125,1517.87060546875,4651.8291015625,1517.917724609375,4644.669876469993,1526.2374459029313,10.975985893195844,0.8324491828984657
4678.02734375,1517.87060546875,4677.138671875,1519.123779296875,4669.5152980459725,1526.3155003536187,10.480299628117175,1.2924423664946734
4702.91064453125,1517.87060546875,4699.97607421875,1518.1602783203125,4694.361207169471,1526.393556335987,9.965620846915185,2.4678223783503257
4727.79345703125,1517.87060546875,4725.1005859375,1518.11474609375,4719.20662874545,1526.4716107866743,10.22623678962909,2.224044721995284
4752.6767578125,1517.87060546875,4750.95947265625,1518.01318359375,4744.052537868948,1526.5496667690427,10.980769242548373,1.2445491306333345
4777.56005859375,1517.87060546875,4775.29345703125,1518.2808837890625,4768.898446992446,1526.6277227514108,10.515030863472402,1.8325958209045947
4802.443359375,1517.87060546875,4800.775390625,1518.229248046875,4793.744356115944,1526.705778733779,11.01303857950003,1.2419867671872922
4827.326171875,1517.87060546875,4824.85595703125,1518.55908203125,4818.589777691924,1526.7838331844664,10.339803433573307,2.1091239124681196
4852.20947265625,1517.87060546875,4849.36572265625,1518.4886474609375,4843.435686815422,1526.8618891668345,10.260433798767004,2.4484513965359636
4877.09228515625,1517.87060546875,4875.2275390625,1518.00244140625,4868.281108391401,1526.9399436175222,11.31953377329994,1.3969351274266502
4901.9755859375,1517.87060546875,4899.5576171875,1518.089111328125,4893.127017514899,1527.0179995998903,11.003529339212982,1.9577463849975647
4031.066162109375,1542.753662109375,4031.066162109375,1542.753662109375,4023.4482373199207,1549.1317247127513,9.935414468977577,0.5476881500611166
4055.949462890625,1542.753662109375,4055.949462890625,1542.753662109375,4048.2941464434193,1549.2097806951194,10.014256692338801,0.5455012183965207
4080.832275390625,1542.753662109375,4080.832275390625,1542.753662109375,4073.139568019398,1549.2878351458069,10.09322366587406,0.5433436659710874
4105.7158203125,1542.753662109375,4105.7158203125,1542.753662109375,4097.985720916657,1549.3658918940155,10.172316323950234,0.5412157382352314
4130.5986328125,1542.753662109375,4130.5986328125,1542.753662109375,4122.831142492635,1549.443946344703,10.251527155437493,0.5391179119809585
4155.48193359375,1542.753662109375,4155.48193359375,1542.753662109375,4147.677051616133,1549.5220023270713,10.330857272608709,0.5370504358759255
4180.36474609375,1542.753662109375,4180.36474609375,1542.753662109375,4172.522473192113,1549.6000567777587,10.410300870725584,0.5350137433761665
4205.248046875,1542.753662109375,4205.248046875,1542.753662109375,4197.368382315611,1549.6781127601269,10.489858453916034,0.5330081069781407
4230.13134765625,1542.753662109375,4230.13134765625,1542.753662109375,4222.21429143911,1549.756168742495,10.56952592561506,0.5310339192920258
4255.01416015625,1542.753662109375,4255.01416015625,1542.753662109375,4247.059713015088,1549.8342231931824,10.649299253146465,0.5290915701485515
4279.8974609375,1542.753662109375,4279.8974609375,1542.753662109375,4271.905622138587,1549.9122791755508,10.729179171211152,0.5271813348210597
4304.7802734375,1542.753662109375,4304.7802734375,1542.753662109375,4296.751043714566,1549.9903336262382,10.809160216530795,0.5253036390203639
4329.66357421875,1542.753662109375,4329.66357421875,1542.753662109375,4321.596952838064,1550.0683896086064,10.889243265138115,0.5234587588308344
4354.546875,1542.753662109375,4354.546875,1542.753662109375,4346.442861961563,1550.1464455909745,10.969424548852619,0.5216470799829275
4379.43017578125,1542.753662109375,4379.43017578125,1542.753662109375,4371.288771085061,1550.2245015733426,11.04970192917011,0.5198689495853358
4404.31298828125,1542.753662109375,4404.31298828125,1542.753662109375,4396.13419266104,1550.3025560240303,11.130071748730174,0.5181247469315535
4429.1962890625,1542.753662109375,4429.1962890625,1542.753662109375,4420.980101784538,1550.3806120063985,11.210535139690869,0.5164147469993101
4454.0791015625,1542.753662109375,4454.0791015625,1542.753662109375,4445.825523360518,1550.4586664570859,11.291086977544719,0.5147393581017454
4478.96240234375,1542.753662109375,4478.96240234375,1542.753662109375,4470.671432484016,1550.536722439454,11.371728510506623,0.5130988532063792
4503.845703125,1542.753662109375,4503.845703125,1542.753662109375,4495.517341607514,1550.6147784218222,11.452456297395951,0.5114936014992315
4528.72900390625,1542.753662109375,4528.72900390625,1542.75390625,4520.363250731012,1550.6928344041905,11.533100468928604,0.5098882343978499
4553.61181640625,1542.753662109375,4553.61181640625,1542.754638671875,4545.2086723069915,1550.770888854878,11.613487751291514,0.5082562380291231
4578.4951171875,1542.753662109375,4578.4951171875,1542.7540283203125,4570.05458143049,1550.848944837246,11.694884235489255,0.5068453235299599
4603.3779296875,1542.753662109375,4603.37841796875,1542.753662109375,4594.900003006469,1550.9269992879335,11.776542824914195,0.5059164700009099
4628.26123046875,1542.753662109375,4628.26123046875,1542.75341796875,4619.745912129967,1551.0050552703017,11.857494025601333,0.5040353205789483
4653.14453125,1542.753662109375,4653.14453125,1542.7532958984375,4644.591821253465,1551.08311125267,11.938788553301123,0.5026591573996922
4678.02734375,1542.753662109375,4678.0263671875,1542.754150390625,4669.437242829445,1551.1611657033575,12.018775466188695,0.5002529030001839
4702.91064453125,1542.753662109375,4702.9111328125,1542.753173828125,4694.283151952943,1551.2392216857256,12.10186192097625,0.5004890397788191
4727.79345703125,1542.753662109375,4727.79345703125,1542.7528076171875,4719.128573528922,1551.317276136413,12.183198558905643,0.4987540931783923
4752.6767578125,1542.753662109375,4752.67626953125,1542.7545166015625,4743.97448265242,1551.3953321187812,12.263147544051733,0.4969057199613586
4777.56005859375,1542.753662109375,4777.5595703125,1542.7557373046875,4768.820391775918,1551.4733881011496,12.343851785537023,0.4956461459518279
4802.443359375,1542.753662109375,4802.44189453125,1542.7581787109375,4793.6663008994165,1551.5514440835177,12.423065624220763,0.4934210345816837
4827.326171875,1542.753662109375,4827.32421875,1542.759033203125,4818.511722475396,1551.6294985342051,12.503809250776646,0.4918265349326983
4852.20947265625,1542.753662109375,4852.20751953125,1542.7645263671875,4843.357631598894,1551.7075545165733,12.581663995512201,0.49069952279597406
4877.09228515625,1542.753662109375,4877.08837890625,1542.7713623046875,4868.203053174873,1551.7856089672607,12.657237307026271,0.48783408471503537
4901.9755859375,1542.753662109375,4901.9716796875,1542.77197265625,4893.048962298371,1551.863664949629,12.738671609070797,0.4870092066776078
4105.7158203125,1567.6368408203125,4105.7177734375,1567.6273193359375,4097.907665317209,1574.2116791306341,10.215262246102988,0.5683726998600773
4130.5986328125,1567.6368408203125,4130.59814453125,1567.634765625,4122.753086893187,1574.2897335813216,10.287542361720549,0.5614860259907453
4155.48193359375,1567.6368408203125,4155.48095703125,1567.6416015625,4147.598996016685,1574.3677895636897,10.361800734547359,0.5568356863909162
4180.36474609375,1567.6368408203125,4180.36279296875,1567.643798828125,4172.444417592665,1574.4458440143771,10.438797215791233,0.5531651316692523
4205.248046875,1567.6368408203125,4205.2490234375,1567.63525390625,4197.290326716163,1574.5238999967453,10.525887062966227,0.556240031468969
4230.13134765625,1567.6368408203125,4230.13134765625,1567.6357421875,4222.136235839662,1574.6019559791137,10.604241960188206,0.5530599740128744
4255.01416015625,1567.6368408203125,4255.01416015625,1567.6375732421875,4246.98165741564,1574.680010429801,10.682556895209395,0.5504998117090292
4279.8974609375,1567.6368408203125,4279.896484375,1567.638427734375,4271.827566539139,1574.7580664121692,10.760887042628712,0.5473043119322816
4304.7802734375,1567.6368408203125,4304.77978515625,1567.63671875,4296.672988115118,1574.8361208628567,10.842119213913664,0.5462037224689158
4329.66357421875,1567.6368408203125,4329.6640625,1567.6365966796875,4321.518897238616,1574.9141768452248,10.922769346694126,0.5452013585732683
4354.546875,1567.6368408203125,4354.546875,1567.636962890625,4346.364806362115,1574.9922328275932,11.002101755606999,0.5426931921344244
4379.43017578125,1567.6368408203125,4379.43017578125,1567.6368408203125,4371.210715485613,1575.0702888099613,11.082223448675201,0.540806586115879
4404.31298828125,1567.6368408203125,4404.31298828125,1567.6368408203125,4396.056137061592,1575.1483432606487,11.162359113320932,0.5389229902843289
4429.1962890625,1567.6368408203125,4429.1962890625,1567.6368408203125,4420.9020461850905,1575.2263992430169,11.242591425516677,0.5370713358961655
4454.0791015625,1567.6368408203125,4454.0791015625,1567.63671875,4445.74746776107,1575.3044536937043,11.32299787900879,0.5352770571548282
4478.96240234375,1567.6368408203125,4478.96240234375,1567.6368408203125,4470.593376884568,1575.3825096760727,11.403331669276746,0.5334653242378655
4503.845703125,1567.6368408203125,4503.845703125,1567.6368408203125,4495.439286008066,1575.4605656584408,11.483837297986465,0.531711591208973
4528.72900390625,1567.6368408203125,4528.72900390625,1567.6368408203125,4520.285195131564,1575.538621640809,11.564430239256318,0.5299911556987924
4553.61181640625,1567.6368408203125,4553.61181640625,1567.6368408203125,4545.130616707544,1575.6166760914964,11.645107096311664,0.5283043757759965
4578.4951171875,1567.6368408203125,4578.4951171875,1567.6368408203125,4569.976525831042,1575.6947320738645,11.725869270650945,0.5266515083091048
4603.3779296875,1567.6368408203125,4603.3779296875,1567.6368408203125,4594.821947407021,1575.772786524552,11.806711874446762,0.5250329387477434
4628.26123046875,1567.6368408203125,4628.26123046875,1567.6368408203125,4619.667856530519,1575.8508425069203,11.887636407203107,0.523448921440772
4653.14453125,1567.6368408203125,4653.14453125,1567.6368408203125,4644.513765654017,1575.9288984892885,11.96863965362904,0.5218998033858885
4678.02734375,1567.6368408203125,4678.02734375,1567.6368408203125,4669.359187229997,1576.006952939976,12.04971843451176,0.5203859256145968
4702.91064453125,1567.6368408203125,4702.91064453125,1567.6368408203125,4694.205096353495,1576.085008922344,12.13087438544313,0.5189075368913518
4727.79345703125,1567.6368408203125,4727.79345703125,1567.6368408203125,4719.050517929474,1576.1630633730315,12.21210281466116,0.5174649996539806
4752.6767578125,1567.6368408203125,4752.6767578125,1567.6368408203125,4743.896427052972,1576.2411193553999,12.293405441783559,0.5160585577034927
4777.56005859375,1567.6368408203125,4777.56005859375,1567.6368408203125,4768.74233617647,1576.319175337768,12.374779242523648,0.5146885358354488
4802.443359375,1567.6368408203125,4802.443359375,1567.6368408203125,4793.588245299969,1576.3972313201361,12.45622282199626,0.5133552256402146
4827.326171875,1567.6368408203125,4827.326171875,1567.6368408203125,4818.433666875948,1576.4752857708236,12.537733220218936,0.5120589389630513
4852.20947265625,1567.6368408203125,4852.20947265625,1567.6368408203125,4843.279575999446,1576.553341753192,12.6193123103931,0.5107999066081287
4877.09228515625,1567.6368408203125,4877.09228515625,1567.6368408203125,4868.124997575425,1576.6313962038794,12.700955598114009,0.5095784543045678
4901.9755859375,1567.6368408203125,4901.9755859375,1567.6368408203125,4892.9709066989235,1576.7094521862475,12.782665026783105,0.5083948048097747
4777.56005859375,1592.52001953125,4776.88427734375,1593.34326171875,4768.6642805770225,1601.1649625743864,11.346688993714164,0.7641803563070495
4802.443359375,1592.52001953125,4801.61669921875,1593.2562255859375,4793.510189700521,1601.2430185567548,11.379998177848709,0.7311576099917008
4827.326171875,1592.52001953125,4826.88330078125,1591.7396240234375,4818.3556112765,1601.3210730074422,12.8267553544343,0.848978706120346
4852.20947265625,1592.52001953125,4849.5146484375,1592.130615234375,4843.201520399998,1601.3991289898104,11.214318207211138,2.2147832711248636
4877.09228515625,1592.52001953125,4874.98291015625,1592.40185546875,4868.0469419759775,1601.4771834404978,11.422312917817537,1.5936687914275673
4901.9755859375,1592.52001953125,4900.919921875,1592.625244140625,4892.892851099476,1601.555239422866,12.00744273257731,0.5341348973564748
4279.8974609375,1617.403076171875,4279.29052734375,1617.41259765625,4271.6714557231635,1624.4495189985264,10.371524205101768,0.17990144719066561
4304.7802734375,1617.403076171875,4302.30322265625,1617.974853515625,4296.516877299142,1624.5275734492138,8.741849410724177,1.9539659037235024
4454.0791015625,1617.403076171875,4451.35595703125,1619.1932373046875,4445.591356945094,1624.9959062800615,8.179338689104213,2.7149697533156516
4503.845703125,1617.403076171875,4502.17138671875,1619.0526123046875,4495.28317519209,1625.152018244798,9.200554921213321,1.8756902794532035
4528.72900390625,1617.403076171875,4526.68505859375,1617.402099609375,4520.129084315588,1625.2300742271661,10.21067996524709,1.4959087929745511
4553.61181640625,1617.403076171875,4551.3349609375,1617.372314453125,4544.974505891568,1625.3081286778536,10.170178749694074,1.7310752113075418
4578.4951171875,1617.403076171875,4576.8310546875,1617.6541748046875,4569.820415015066,1625.386184660222,10.437099454483914,1.117737717318897
4603.3779296875,1617.403076171875,4601.50927734375,1617.705322265625,4594.665836591045,1625.4642391109094,10.345698233943304,1.3284453664741795
4653.14453125,1617.403076171875,4650.4306640625,1617.7197265625,4644.3576548380415,1625.6203510756457,9.965004201608537,2.172924692212967
4678.02734375,1617.403076171875,4675.0751953125,1618.2281494140625,4669.203076414021,1625.698405526333,9.501921213143785,2.5062914331699053
4702.91064453125,1617.403076171875,4701.75634765625,1617.5145263671875,4694.048985537519,1625.7764615087015,11.298805384279918,0.6060103725308011
4727.79345703125,1617.403076171875,4724.9169921875,1618.1258544921875,4718.894407113498,1625.854515959389,9.798149776778832,2.4099080686027974
4752.6767578125,1617.403076171875,4749.888671875,1617.9100341796875,4743.7403162369965,1625.932571941757,10.107590672123665,2.278355388462333
4777.56005859375,1617.403076171875,4774.578125,1617.9156494140625,4768.586225360495,1626.0106279241252,10.071322572943503,2.471898074062566
4802.443359375,1617.403076171875,4800.20458984375,1617.93505859375,4793.432134483993,1626.0886839064933,10.599422500330542,1.7506914655697121
4827.326171875,1617.403076171875,4824.89111328125,1618.0069580078125,4818.277556059972,1626.166738357181,10.503387761529952,1.9609208075888793
4852.20947265625,1617.403076171875,4849.4990234375,1617.82763671875,4843.12346518347,1626.2447943395491,10.55918015112461,2.194573540061763
4877.09228515625,1617.403076171875,4874.43505859375,1619.156005859375,4867.96888675945,1626.3228487902365,9.652720641681311,2.698674012212266
4901.9755859375,1617.403076171875,4898.92138671875,1618.1231689453125,4892.814795882948,1626.4009047726047,10.286464993492247,2.5952294603921593
4379.43017578125,1642.2861328125,4379.43017578125,1642.2861328125,4370.976549453109,1649.6074067460572,11.183239696349961,0.6066872188170984
4404.31298828125,1642.2861328125,4404.31298828125,1642.2861328125,4395.821971029089,1649.6854611967447,11.262656636619528,0.6044548793995669
4429.1962890625,1642.2861328125,4429.1962890625,1642.2861328125,4420.667880152587,1649.7635171791128,11.342179486357647,0.602248630012265
4454.0791015625,1642.2861328125,4454.0791015625,1642.2861328125,4445.513301728566,1649.8415716298002,11.421802945112837,0.6000688454888145
4478.96240234375,1642.2861328125,4478.96240234375,1642.2861328125,4470.359210852064,1649.9196276121686,11.501528015841247,0.5979157292589091
4503.845703125,1642.2861328125,4503.845703125,1642.2861328125,4495.205119975562,1649.9976835945367,11.581351070849905,0.5957896139531104
4528.72900390625,1642.2861328125,4528.72900390625,1642.2861328125,4520.0510290990605,1650.0757395769049,11.661270097990062,0.5936907896581077
4553.61181640625,1642.2861328125,4553.61181640625,1642.2861328125,4544.89645067504,1650.1537940275923,11.74128156651647,0.5916195871952921
4578.4951171875,1642.2861328125,4578.4951171875,1642.2861328125,4569.742359798538,1650.2318500099607,11.821386707660443,0.5895762159643357
4603.3779296875,1642.2861328125,4603.3779296875,1642.2861328125,4594.587781374517,1650.309904460648,11.901580517975628,0.5875610469387824
4628.26123046875,1642.2861328125,4628.26123046875,1642.2861328125,4619.4336904980155,1650.3879604430163,11.981864332795293,0.5855742917894546
4653.14453125,1642.2861328125,4653.14453125,1642.2861328125,4644.279599621514,1650.4660164253844,12.062234813585448,0.5836162809233983
4678.02734375,1642.2861328125,4678.02734375,1642.2861328125,4669.125021197493,1650.5440708760718,12.14268865987528,0.5816873421740645
4702.91064453125,1642.2861328125,4702.91064453125,1642.2861328125,4693.970930320991,1650.62212685844,12.223227351851536,0.5797876896312335
4727.79345703125,1642.2861328125,4727.79345703125,1642.2861328125,4718.81635189697,1650.7001813091276,12.303846093620889,0.5779176870068129
4752.6767578125,1642.2861328125,4752.6767578125,1642.2861328125,4743.662261020469,1650.7782372914958,12.384546454986749,0.5760775492977722
4777.56005859375,1642.2861328125,4777.56005859375,1642.2861328125,4768.508170143967,1650.856293273864,12.465325300241686,0.5742676009351148
4802.443359375,1642.2861328125,4802.443359375,1642.286376953125,4793.354079267465,1650.934349256232,12.54601282593562,0.5724403694771566
4827.326171875,1642.2861328125,4827.326171875,1642.286376953125,4818.199500843444,1651.0124037069195,12.626942109084734,0.5706934534303797
4852.20947265625,1642.2861328125,4852.20947265625,1642.286376953125,4843.045409966942,1651.0904596892879,12.707947033205718,0.5689775603707297
4901.9755859375,1642.2861328125,4901.9755859375,1642.286376953125,4892.73674066642,1651.2465701223434,12.870171854822674,0.5656401045467424
4478.96240234375,1667.1693115234375,4478.9619140625,1667.172119140625,4470.281155252616,1674.765414848787,11.533157123136931,0.6189959552099908
4503.845703125,1667.1693115234375,4503.84521484375,1667.171630859375,4495.1270643761145,1674.8434708311552,11.613064889551639,0.6169287070778744
4528.72900390625,1667.1693115234375,4528.72900390625,1667.17138671875,4519.972973499613,1674.9215268135233,11.693277554670932,0.6152764319534639
4553.61181640625,1667.1693115234375,4553.611328125,1667.16943359375,4544.818395075592,1674.999581264211,11.773991852918757,0.6132082727618151
4578.4951171875,1667.1693115234375,4578.49462890625,1667.170654296875,4569.66430419909,1675.0776372465791,11.85305925914445,0.610710014227092
4603.3779296875,1667.1693115234375,4603.3779296875,1667.169677734375,4594.5097257750695,1675.1556916972665,11.934046239559624,0.6093314583840959
4628.26123046875,1667.1693115234375,4628.26123046875,1667.169677734375,4619.355634898568,1675.2337476796347,12.014110726212458,0.6072347597441002
4653.14453125,1667.1693115234375,4653.14453125,1667.1693115234375,4644.201544022066,1675.3118036620028,12.094511101553213,0.6052620425357276
4678.02734375,1667.1693115234375,4678.02734375,1667.1693115234375,4669.046965598045,1675.3898581126905,12.17475165981584,0.6032172395181736
4702.91064453125,1667.1693115234375,4702.91064453125,1667.1693115234375,4693.892874721543,1675.4679140950586,12.255079639993221,0.6011999100991018
4727.79345703125,1667.1693115234375,4727.79345703125,1667.1693115234375,4718.7382962975225,1675.545968545746,12.335490212514095,0.5992104113258427
4752.6767578125,1667.1693115234375,4752.6767578125,1667.1693115234375,4743.584205421021,1675.6240245281142,12.415984897834159,0.5972489428536095
4777.56005859375,1667.1693115234375,4777.56005859375,1667.1693115234375,4768.430114544519,1675.7020805104823,12.496560523934837,0.5953158214489304
4802.443359375,1667.1693115234375,4802.443359375,1667.1693115234375,4793.276023668017,1675.7801364928507,12.577215535180942,0.5934113241465181
4827.326171875,1667.1693115234375,4827.326171875,1667.1693115234375,4818.121445243996,1675.8581909435381,12.657946829109282,0.5915357639392305
4852.20947265625,1667.1693115234375,4852.20947265625,1667.1693115234375,4842.967354367494,1675.9362469259063,12.738756093685566,0.5896893429801047
4877.09228515625,1667.1693115234375,4877.09228515625,1667.1693115234375,4867.812775943474,1676.0143013765937,12.819638713022913,0.5878724086388663
4901.9755859375,1667.1693115234375,4901.9755859375,1667.1693115234375,4892.658685066972,1676.0923573589619,12.900596451874472,0.5860851635139983
4752.6767578125,1716.935546875,4750.9931640625,1715.6451416015625,4743.428094605045,1725.3154771144714,12.277852614702098,1.8233684320974446
4777.56005859375,1716.935546875,4774.63134765625,1717.1192626953125,4768.274003728543,1725.3935330968397,10.434527899849758,2.3161724028890918
4802.443359375,1716.935546875,4799.8818359375,1717.4505615234375,4793.119912852041,1725.471589079208,10.490971683504325,1.9789772621810413
4827.326171875,1716.935546875,4824.3642578125,1717.7867431640625,4817.9653344280205,1725.5496435298953,10.0602605617492,2.4471841305227495
4852.20947265625,1716.935546875,4849.19482421875,1717.0760498046875,4842.811243551519,1725.6276995122635,10.67149543672931,2.404991188228773
4901.9755859375,1716.935546875,4899.39306640625,1717.5318603515625,4892.502574250996,1725.7838099453193,10.750514138380465,2.0223406831452535
4727.79345703125,1741.8187255859375,4727.79345703125,1741.8187255859375,4718.504129882099,1750.0832083687217,12.433554381225552,0.6657473479302674
4752.6767578125,1741.8187255859375,4752.6767578125,1741.8187255859375,4743.350039005597,1750.16126435109,12.513418268047777,0.6634778019019746
4777.56005859375,1741.8187255859375,4777.56005859375,1741.8187255859375,4768.195948129095,1750.2393203334582,12.593370505795205,0.6612318056372273
4802.443359375,1741.8187255859375,4802.443359375,1741.8187255859375,4793.041857252593,1750.3173763158263,12.673409422340109,0.6590095999195372
4827.326171875,1741.8187255859375,4827.326171875,1741.8187255859375,4817.887278828573,1750.3954307665138,12.753531812655654,0.6568114691201109
4852.20947265625,1741.8187255859375,4852.20947265625,1741.8187255859375,4842.733187952071,1750.4734867488821,12.833739228388477,0.6546375690523638
4877.09228515625,1741.8187255859375,4877.09228515625,1741.8187255859375,4867.57860952805,1750.5515411995696,12.914026966841202,0.652488227646375
4901.9755859375,1741.8187255859375,4901.9755859375,1741.8187255859375,4892.424518651548,1750.6295971819377,12.994396660945146,0.6503636036183199
