source_x,source_y,reference_x,reference_y,confidence,ground_truth_error_px
585.1429,39.009525,620.4572,30.267595,0.6356058,0.31959394
604.64764,39.009525,639.52924,32.36716,0.7827767,0.64515465
624.1524,39.009525,658.411,33.92856,0.94359136,0.8442045
643.65717,39.009525,678.37604,34.623577,0.9976641,0.53507674
663.1619,39.009525,697.7359,37.1845,0.99718857,0.4128376
682.6667,39.009525,717.228,38.764572,0.9960541,0.27894947
702.17145,39.009525,736.50336,40.144596,0.9964097,0.32909003
721.6762,39.009525,755.8456,42.556484,0.9991196,0.7401497
741.18097,39.009525,775.6319,43.853664,0.9903448,0.22254783
760.6857,39.009525,794.8973,44.914986,0.91551715,0.47251397
780.1905,39.009525,814.49115,46.79737,0.582272,0.24423647
799.69525,39.009525,833.9471,49.11917,0.42352867,0.38365588
819.2,39.009525,853.59216,50.18609,0.72341174,0.31393534
838.7048,39.009525,872.95325,52.847034,0.9860083,0.72089565
858.20953,39.009525,892.32416,54.744473,0.9957947,0.91031045
877.7143,39.009525,911.26,55.509964,0.9986887,0.4349308
897.21906,39.009525,930.854,58.121334,0.9993941,0.92571485
916.7238,39.009525,950.07886,58.97182,0.99504703,0.4777219
936.22864,39.009525,969.49713,60.31512,0.9974191,0.5846308
955.7334,39.009525,989.04535,62.56195,0.9979644,0.4344485
975.23816,39.009525,1008.67896,63.579422,0.98995763,0.48639008
994.7429,39.009525,1028.24,66.64324,0.95518976,0.9081603
1014.2477,39.009525,1047.824,67.659256,0.34759438,0.25175
1033.7524,39.009525,1067.3486,68.66847,0.36254933,0.51233804
1053.2572,39.009525,1086.5431,71.473076,0.9277038,0.6378974
1072.762,39.009525,1106.192,72.619774,0.98246104,0.20996743
1092.2667,39.009525,1125.5503,73.6976,0.9686302,0.5512554
1111.7715,39.009525,1145.1886,75.01808,0.9655895,0.9743081
1131.2762,39.009525,1164.3458,77.90667,0.9948641,0.276592
1150.781,39.009525,1183.3636,78.61124,0.99149567,0.80794835
1170.2858,39.009525,1203.8298,80.84245,0.9827826,0.7044342
1189.7905,39.009525,1222.4982,82.661674,0.9110892,0.112283096
1209.2953,39.009525,1242.8141,84.61599,0.69737077,0.8207907
1228.8,39.009525,1261.6655,85.65542,0.2969952,0.52853054
1248.3048,39.009525,1281.3152,88.432526,0.3630957,0.74227154
1267.8096,39.009525,1299.4044,89.46101,0.8724864,0.90368265
1287.3143,39.009525,1319.6497,92.00895,0.9475395,0.7785839
1306.8191,39.009525,1339.5082,92.972,0.88924664,0.3440285
1326.3239,39.009525,1358.7196,94.75819,0.9110556,0.17400925
1345.8286,39.009525,1377.9216,96.4014,0.8852657,0.12474469
1365.3334,39.009525,1398.132,98.0075,0.96734315,0.674752
1384.8381,39.009525,1416.1956,100.1313,0.8689271,0.7981558
1404.3429,39.009525,1436.6062,101.49565,0.6663761,0.29371977
1423.8477,39.009525,1456.0365,102.907585,0.9699846,0.36612797
1443.3524,39.009525,1474.6036,104.7108,0.45201978,0.5894691
1462.8572,39.009525,1494.9441,107.73304,0.3306598,1.2439291
1482.3619,39.009525,1514.4006,108.39267,0.7267988,0.3928056
1501.8667,39.009525,1533.33,110.04426,0.65279484,0.17909697
1521.3715,39.009525,1552.6915,111.48109,0.86662984,0.26056066
1540.8762,39.009525,1572.1691,112.840614,0.55472094,0.52023345
1560.381,39.009525,1590.9636,114.77179,0.75953794,0.8414836
1579.8857,39.009525,1611.7598,116.08236,0.78504807,0.8635414
1599.3905,39.009525,1630.4156,117.808266,0.6600617,0.65989435
1618.8953,39.009525,1650.2451,120.44842,0.78824985,0.36732605
1638.4,39.009525,1669.4283,121.529236,0.76379013,0.31028217
1657.9048,39.009525,1688.6853,122.56534,0.61115503,0.99590605
1677.4095,39.009525,1707.8536,125.16523,0.2866031,0.4974746
1696.9143,39.009525,1727.4052,127.41956,0.2688485,0.6114134
1716.4191,39.009525,1746.906,128.56131,0.5462081,0.31004843
1735.9238,39.009525,1766.8937,130.15076,0.80812895,0.31461895
1755.4286,39.009525,1785.5994,131.9881,0.5447536,0.47135326
1774.9333,39.009525,1805.2339,134.4404,0.4040099,0.7545954
1794.4381,39.009525,1824.4135,134.7511,0.344112,0.8558899
1813.9429,39.009525,1843.6616,136.67052,0.56758106,0.8381721
1872.4573,39.009525,1902.7745,141.78973,0.37725714,0.46059322
1911.4668,39.009525,1940.3683,145.20755,0.31207192,1.2213689
370.59048,58.51429,404.65823,30.401585,0.8750152,0.39285797
390.09525,58.51429,424.48062,33.471935,0.97323114,1.0347146
409.6,58.51429,443.67862,34.47931,0.9901236,0.31197613
429.10477,58.51429,463.1636,36.38583,0.9930656,0.5230201
448.60953,58.51429,483.0561,37.802513,0.9969376,0.58316684
468.11432,58.51429,502.36575,39.266975,0.9697742,0.41290343
487.61908,58.51429,520.60077,40.607944,0.9577722,0.8613491
507.12384,58.51429,540.65283,42.72894,0.933587,0.17241623
526.6286,58.51429,560.3473,44.193855,0.987365,0.20182061
546.13336,58.51429,579.7016,46.16885,0.9024111,0.10477623
565.6381,58.51429,599.2588,48.004093,0.65945566,0.2819082
585.1429,58.51429,618.8784,49.76305,0.6163814,0.4522948
604.64764,58.51429,636.69104,50.871525,0.7126438,1.3094864
624.1524,58.51429,657.66327,53.336803,0.88155067,0.5396471
643.65717,58.51429,676.745,54.525887,0.88981664,0.09252407
663.1619,58.51429,696.11597,56.188183,0.9276488,0.16279666
682.6667,58.51429,715.4631,57.83433,0.9860332,0.26194054
702.17145,58.51429,735.28595,58.906593,0.98783225,0.77853614
721.6762,58.51429,754.84534,61.992176,0.98842055,0.6914078
741.18097,58.51429,774.187,63.405956,0.97416794,0.39691645
760.6857,58.51429,793.3811,64.29724,0.92805135,0.47067767
780.1905,58.51429,813.1504,66.60296,0.66033345,0.3375283
799.69525,58.51429,832.1605,68.96437,0.7225433,0.805259
819.2,58.51429,851.8755,70.16164,0.8727097,0.34179482
838.7048,58.51429,871.2261,72.18922,0.9315426,0.6293621
858.20953,58.51429,890.9797,73.39395,0.98692095,0.43504
877.7143,58.51429,909.6173,75.138336,0.99424624,0.41415036
897.21906,58.51429,929.7509,77.149605,0.99012125,0.5828133
916.7238,58.51429,948.22516,78.02317,0.949982,0.7176194
936.22864,58.51429,968.531,79.566536,0.93315166,0.55684364
955.7334,58.51429,988.08417,81.34906,0.9472146,0.5562997
975.23816,58.51429,1007.1718,83.68935,0.98295176,0.22429551
994.7429,58.51429,1026.5415,84.85307,0.94334424,0.31538656
1014.2477,58.51429,1045.5968,86.89046,0.7297382,0.41196093
1053.2572,58.51429,1084.584,91.12108,0.63875985,0.90113527
1072.762,58.51429,1104.2865,92.35639,0.9342601,0.39041278
1092.2667,58.51429,1123.3403,93.580376,0.8882548,0.39921668
1111.7715,58.51429,1142.8602,96.173805,0.9189458,0.8618025
1131.2762,58.51429,1162.2985,97.24505,0.9465724,0.34321678
1150.781,58.51429,1182.3557,98.31498,0.9192524,0.56115
1170.2858,58.51429,1201.173,99.85949,0.9198807,0.6677414
1189.7905,58.51429,1220.6953,102.53747,0.77975404,0.41624302
1209.2953,58.51429,1240.3726,104.25358,0.63871366,0.39219394
1228.8,58.51429,1259.0048,105.99756,0.44956213,0.85610044
1267.8096,58.51429,1298.24,109.81142,0.68617666,0.9211519
1287.3143,58.51429,1317.8859,111.06378,0.26779595,0.42536023
1306.8191,58.51429,1337.4781,112.45575,0.4992995,0.090924084
1326.3239,58.51429,1356.8953,114.336205,0.3573159,0.27064148
1345.8286,58.51429,1375.7953,116.04481,0.449026,0.60083926
1365.3334,58.51429,1395.5416,117.239456,0.5055918,0.3127596
1404.3429,58.51429,1434.5386,120.66329,0.4067471,0.21745782
1423.8477,58.51429,1454.0419,122.333015,0.8569801,0.2324307
1462.8572,58.51429,1493.1858,127.24012,0.3657098,1.3042735
1482.3619,58.51429,1512.3358,127.51124,0.7000965,0.154043
1501.8667,58.51429,1532.1976,128.78432,0.5575288,0.72031677
1521.3715,58.51429,1551.3616,130.9495,0.6161928,0.196925
1540.8762,58.51429,1570.8185,132.50374,0.5107866,0.32069442
1579.8857,58.51429,1608.1838,136.36694,0.5041408,1.3252985
1599.3905,58.51429,1628.0168,137.4177,0.454131,1.0115699
1618.8953,58.51429,1648.6458,138.88293,0.41290998,0.74141663
1657.9048,58.51429,1687.736,141.8681,0.5482856,1.213749
1677.4095,58.51429,1707.0682,144.95427,0.4640554,0.5116903
1716.4191,58.51429,1744.9517,148.47774,0.5736854,0.6925143
1735.9238,58.51429,1764.2219,149.96025,0.5711275,0.74232364
1755.4286,58.51429,1784.313,151.50829,0.48717833,0.07072043
1774.9333,58.51429,1803.6063,153.31213,0.772332,0.24281672
1794.4381,58.51429,1823.2483,155.4219,0.73811305,0.55780786
1813.9429,58.51429,1842.6649,156.14452,0.8127355,0.41987255
1833.4476,58.51429,1861.6903,157.6534,0.42365828,0.7304322
1852.9524,58.51429,1880.4587,159.4828,0.85370445,1.166495
1872.4573,58.51429,1899.866,161.42781,0.67981625,1.1113751
1891.962,58.51429,1921.7013,163.81439,0.25761092,1.3935741
1930.9716,58.51429,1958.4108,166.81111,0.36658943,0.8340905
1950.4763,58.51429,1978.688,168.56241,0.46963704,0.09935282
1969.9811,58.51429,1997.6418,170.5711,0.86298245,0.61636126
156.0381,78.01905,189.32782,30.520567,0.7418189,0.97909933
175.54286,78.01905,209.02577,33.647564,0.9285813,0.5046043
195.04762,78.01905,228.13751,35.024128,0.9623233,0.15294725
214.55238,78.01905,247.64908,36.537426,0.95227456,0.061789166
234.05716,78.01905,267.07257,38.022152,0.97898024,0.27699468
253.56192,78.01905,286.5259,39.884956,0.9863366,0.11414939
273.06668,78.01905,305.9706,41.950443,0.99180335,0.25280008
292.57144,78.01905,325.39462,43.217762,0.9585149,0.18165316
312.0762,78.01905,344.92645,43.923763,0.75202996,1.1807429
331.58096,78.01905,364.45966,46.388214,0.52842146,0.4658584
370.59048,78.01905,403.75812,49.95549,0.7210888,0.70135874
390.09525,78.01905,423.0986,52.206043,0.7749129,0.64587146
409.6,78.01905,442.6602,53.528973,0.9487332,0.70238006
429.10477,78.01905,461.42892,55.301643,0.9810604,0.0372889
448.60953,78.01905,481.0086,57.270325,0.97252965,0.32972237
468.11432,78.01905,500.77,58.634056,0.952146,0.52105594
487.61908,78.01905,519.50574,60.211292,0.9419861,0.25790387
507.12384,78.01905,539.0297,61.95367,0.93502796,0.1672548
526.6286,78.01905,558.4492,63.600765,0.9219716,0.21914363
546.13336,78.01905,577.7276,65.16425,0.8443254,0.41552743
565.6381,78.01905,597.5852,67.56189,0.5796808,0.4057979
585.1429,78.01905,617.12616,68.34657,0.29385346,0.6229657
604.64764,78.01905,635.76166,70.64888,0.3148029,0.5076338
624.1524,78.01905,655.8989,73.1527,0.4222987,0.8783295
643.65717,78.01905,675.9867,74.7345,0.7333504,1.1315597
663.1619,78.01905,693.8185,75.24471,0.7477372,0.8675467
682.6667,78.01905,713.91486,77.840965,0.8065609,0.44941562
702.17145,78.01905,732.71106,78.613174,0.81816787,0.8581967
721.6762,78.01905,752.60657,80.84235,0.86093456,0.24748833
741.18097,78.01905,772.4503,81.9983,0.7377152,0.5273303
760.6857,78.01905,791.59735,83.67224,0.67512244,0.5374204
780.1905,78.01905,811.43994,85.73477,0.4169513,0.33986157
799.69525,78.01905,830.34814,88.16713,0.46349594,0.612163
819.2,78.01905,850.21954,89.423386,0.71935487,0.25087705
838.7048,78.01905,869.9505,91.53825,0.7777688,0.7485094
858.20953,78.01905,889.18494,92.43566,0.83930206,0.41426593
877.7143,78.01905,908.026,94.193985,0.8805072,0.33653346
897.21906,78.01905,927.49554,96.88159,0.8796221,0.8172511
916.7238,78.01905,946.977,97.69938,0.8136409,0.20336421
936.22864,78.01905,966.8046,98.566475,0.56589705,0.95594597
955.7334,78.01905,985.6368,101.69733,0.7873523,0.62807417
975.23816,78.01905,1005.9435,102.58031,0.8806229,0.5888545
994.7429,78.01905,1025.2118,103.78329,0.70648813,0.87962395
1014.2477,78.01905,1044.9003,105.91481,0.3530844,0.70472854
1053.2572,78.01905,1083.1443,110.09294,0.3567912,0.3969306
1072.762,78.01905,1103.293,111.4759,0.32463986,0.6977417
1111.7715,78.01905,1141.4187,114.20414,0.493668,0.59400123
1131.2762,78.01905,1160.9595,116.862236,0.3126494,0.37192926
1150.781,78.01905,1180.6313,117.375755,0.41206518,0.87718844
1170.2858,78.01905,1200.5656,119.99395,0.61932147,0.8189292
1189.7905,78.01905,1219.3381,121.81575,0.41923395,0.2686338
1209.2953,78.01905,1239.275,122.57909,0.8395104,0.9757678
1228.8,78.01905,1258.5166,125.58758,0.727218,0.75685877
1248.3048,78.01905,1277.799,126.283745,0.24059196,0.52478784
1267.8096,78.01905,1296.6188,128.56242,0.3242116,0.3310946
1287.3143,78.01905,1315.8723,130.39304,0.4837229,0.55029774
1306.8191,78.01905,1334.9843,131.82149,0.38979423,0.78239256
1326.3239,78.01905,1354.572,133.68015,0.72144747,0.6512981
1345.8286,78.01905,1374.0798,135.82004,0.7571654,0.8301135
1365.3334,78.01905,1394.1377,136.65703,0.63920933,0.2519651
1384.8381,78.01905,1413.1627,137.68242,0.744936,0.9698618
1404.3429,78.01905,1432.6381,140.89893,0.7752294,0.6652213
1423.8477,78.01905,1452.0383,141.85985,0.68601626,0.3395871
1443.3524,78.01905,1471.3118,143.3868,0.6202062,0.5610374
1501.8667,78.01905,1529.8477,149.46901,0.2809736,0.70960665
1521.3715,78.01905,1549.6864,150.49579,0.39238045,0.18420416
1540.8762,78.01905,1568.6456,152.06921,0.63918656,0.3135792
1560.381,78.01905,1587.8232,154.20634,0.5435849,0.6229855
1579.8857,78.01905,1608.3127,155.91084,0.8923876,0.607333
1599.3905,78.01905,1627.6919,156.943,0.66765153,0.5855912
1618.8953,78.01905,1646.5353,159.61052,0.8555984,0.6266289
1638.4,78.01905,1666.6125,160.42126,0.875793,0.59420675
1677.4095,78.01905,1705.535,164.47337,0.5098053,0.6996127
1716.4191,78.01905,1743.5398,166.93321,0.8753398,0.62244266
1735.9238,78.01905,1763.31,169.80339,0.93488085,0.6125404
1755.4286,78.01905,1782.8248,171.0038,0.89656377,0.19036935
1774.9333,78.01905,1802.3359,172.80838,0.8592881,0.31876725
1794.4381,78.01905,1821.561,174.36427,0.94235116,0.07608918
1813.9429,78.01905,1840.7137,175.6804,0.9798676,0.39956486
1833.4476,78.01905,1860.3586,176.85728,0.97787005,0.83818525
1852.9524,78.01905,1879.1995,179.19965,0.9759044,0.65173244
1872.4573,78.01905,1898.8516,180.85167,0.9460488,0.46841407
1891.962,78.01905,1918.7787,182.29388,0.571676,0.5099929
1911.4668,78.01905,1937.9147,184.85347,0.38875473,0.40997848
1930.9716,78.01905,1956.764,185.88202,0.2270991,0.83988523
1950.4763,78.01905,1976.9548,188.73393,0.62234443,0.839577
1969.9811,78.01905,1995.8018,189.5092,0.9360674,0.60891336
39.009525,97.52381,70.91247,40.286186,0.29380414,0.47456527
58.51429,97.52381,90.19596,42.27396,0.94096977,0.3519662
78.01905,97.52381,110.005104,43.91752,0.9141114,0.22135355
97.52381,97.52381,129.13445,45.97359,0.8019828,0.27830708
117.02858,97.52381,149.6683,49.36124,0.4128853,2.0256476
136.53334,97.52381,169.015,49.65189,0.6898652,0.8881033
156.0381,97.52381,188.23102,51.087135,0.59324276,0.58824986
175.54286,97.52381,206.77304,53.01243,0.79540986,0.5001941
195.04762,97.52381,226.6654,53.77077,0.9031414,0.5759408
214.55238,97.52381,245.9378,56.71056,0.83976936,0.6814232
234.05716,97.52381,264.87778,58.2153,0.670462,0.7035
253.56192,97.52381,284.75406,58.9604,0.94199777,0.47309107
273.06668,97.52381,304.69806,61.005844,0.9435313,0.46712342
292.57144,97.52381,323.87924,62.608772,0.83871233,0.29841882
312.0762,97.52381,343.64035,63.551025,0.6625488,1.1133113
331.58096,97.52381,362.38168,66.899734,0.25369868,0.6888786
390.09525,97.52381,421.44354,71.7055,0.39411902,0.71923864
409.6,97.52381,440.328,72.68274,0.47278252,0.35253054
429.10477,97.52381,460.12906,74.492,0.6025883,0.49725857
448.60953,97.52381,479.5459,76.24798,0.8413713,0.46050963
468.11432,97.52381,498.49683,78.0587,0.81397766,0.08976133
487.61908,97.52381,517.9518,78.72792,0.8525097,1.1012417
507.12384,97.52381,537.73376,81.41774,0.47202778,0.338396
526.6286,97.52381,556.66846,83.200325,0.5583508,0.1784035
546.13336,97.52381,576.4125,85.132744,0.60584354,0.24607112
565.6381,97.52381,595.75525,86.66728,0.3914353,0.06292504
624.1524,97.52381,654.01715,92.36906,0.43583685,0.6409854
643.65717,97.52381,673.70337,93.17037,0.24828723,0.37742454
663.1619,97.52381,693.02057,94.11001,0.34154952,1.0311052
682.6667,97.52381,712.2123,97.30548,0.40416113,0.48336688
702.17145,97.52381,731.8423,98.047424,0.6453203,0.49619493
721.6762,97.52381,751.29834,100.65087,0.39669138,0.44800016
780.1905,97.52381,808.8463,105.33346,0.34174442,0.59530103
799.69525,97.52381,828.3678,106.93914,0.24322252,0.5120913
819.2,97.52381,847.7723,108.11726,0.24211362,0.80881625
838.7048,97.52381,867.57007,111.43769,0.3084719,1.0229434
858.20953,97.52381,887.0777,112.28271,0.43904287,0.17721416
877.7143,97.52381,906.5116,113.17663,0.6324183,0.65634674
897.21906,97.52381,926.6796,116.0857,0.36775967,0.86029917
936.22864,97.52381,964.67126,118.23231,0.3928588,0.7276902
955.7334,97.52381,983.5838,120.71461,0.5249434,0.7378809
975.23816,97.52381,1005.5762,121.74047,0.3969342,1.9209932
994.7429,97.52381,1024.6163,123.9841,0.2019393,1.4393741
1014.2477,97.52381,1043.7734,126.231964,0.3199121,1.2698239
1033.7524,97.52381,1061.861,127.20375,0.45777285,0.28564718
1053.2572,97.52381,1081.2906,127.58391,0.3970989,1.5537091
1072.762,97.52381,1100.6421,130.38298,0.6830139,0.5136128
1092.2667,97.52381,1119.9485,131.91219,0.3256453,0.7239254
1111.7715,97.52381,1140.0907,134.16615,0.81174105,0.3354309
1131.2762,97.52381,1158.9155,136.18553,0.80629325,0.37799954
1150.781,97.52381,1178.4894,137.06282,0.814626,0.5796187
1170.2858,97.52381,1197.8444,138.75543,0.45814827,0.60830754
1189.7905,97.52381,1217.5054,141.43727,0.7459182,0.41088602
1209.2953,97.52381,1236.4027,142.76604,0.32081708,0.51235783
1228.8,97.52381,1256.2246,144.74414,0.23700193,0.33900824
1267.8096,97.52381,1295.158,147.75383,0.28620118,0.08692521
1287.3143,97.52381,1314.8519,149.73213,0.9095098,0.29819274
1306.8191,97.52381,1334.2704,151.12491,0.90758413,0.22807659
1326.3239,97.52381,1353.8834,153.28938,0.92263716,0.53012395
1345.8286,97.52381,1373.0538,155.1635,0.98594403,0.551589
1365.3334,97.52381,1392.4468,156.28688,0.9433635,0.09732067
1384.8381,97.52381,1412.272,157.64458,0.9119579,0.6161661
1404.3429,97.52381,1431.5638,159.53003,0.9870399,0.3968676
1423.8477,97.52381,1450.3607,161.01137,0.95232755,0.50564164
1443.3524,97.52381,1470.2356,163.14766,0.9034247,0.15696962
1462.8572,97.52381,1489.6588,164.5955,0.26473734,0.27428445
1482.3619,97.52381,1508.8938,166.44978,0.56817836,0.08995566
1501.8667,97.52381,1528.4291,168.66522,0.7632957,0.44274372
1521.3715,97.52381,1546.8926,170.22888,0.8968326,0.95871514
1540.8762,97.52381,1567.2592,171.19553,0.86431736,0.4314018
1560.381,97.52381,1587.3722,173.50758,0.967506,0.7318523
1579.8857,97.52381,1605.7883,175.04134,0.98793447,0.3058039
1599.3905,97.52381,1625.5599,177.12701,0.96071887,0.40262765
1618.8953,97.52381,1645.1089,179.01646,0.9901012,0.61030847
1638.4,97.52381,1664.0385,180.37743,0.97359115,0.4285286
1657.9048,97.52381,1683.5912,181.72778,0.8714896,0.24518487
1677.4095,97.52381,1702.4855,184.51282,0.81806505,1.246338
1696.9143,97.52381,1722.3856,185.04482,0.708007,0.34297398
1716.4191,97.52381,1741.6516,187.14168,0.6805232,0.50451165
1735.9238,97.52381,1761.3075,188.75041,0.9314901,0.2621903
1755.4286,97.52381,1780.6749,190.23364,0.9910295,0.3077536
1774.9333,97.52381,1799.5051,191.72723,0.996836,0.94249254
1794.4381,97.52381,1819.2202,194.18132,0.9974552,0.761103
1813.9429,97.52381,1838.6614,195.28685,0.9937716,0.6147016
1833.4476,97.52381,1858.3271,196.72133,0.98870283,0.54359734
1852.9524,97.52381,1878.1781,199.3423,0.9856016,0.52007467
1872.4573,97.52381,1897.2899,200.49065,0.9855535,0.2643679
1891.962,97.52381,1916.8407,202.06978,0.8940094,0.21046717
1911.4668,97.52381,1935.9982,204.22575,0.6242376,0.5123267
1930.9716,97.52381,1955.5535,205.2583,0.49701104,0.4677445
1950.4763,97.52381,1975.0731,206.76857,0.9220061,0.59174985
1969.9811,97.52381,1994.3412,209.45497,0.9835909,0.56299704
39.009525,117.02858,69.398705,59.961697,0.21815605,0.19944268
58.51429,117.02858,88.92793,61.10526,0.6727732,0.7639577
78.01905,117.02858,107.995766,63.36096,0.5079746,0.3169073
97.52381,117.02858,127.78334,64.771675,0.8033028,0.5009218
156.0381,117.02858,186.42609,71.055374,0.2419283,0.8346755
175.54286,117.02858,206.08769,71.38657,0.5342977,0.9662027
195.04762,117.02858,225.33452,74.14922,0.5132891,0.64086145
214.55238,117.02858,244.33199,75.95875,0.39668617,0.5045791
253.56192,117.02858,283.7021,78.231926,0.4040078,0.8582269
273.06668,117.02858,303.1007,80.91562,0.461456,0.65770245
292.57144,117.02858,322.37177,82.21835,0.30892777,0.3958154
312.0762,117.02858,342.1947,83.03006,0.41933233,1.2174014
331.58096,117.02858,361.22427,85.27024,0.47074154,0.5476397
370.59048,117.02858,398.51996,89.776855,0.32775474,1.3812011
390.09525,117.02858,418.3564,90.5447,0.5738781,0.8036198
409.6,117.02858,438.02747,92.94363,0.4641035,0.7207332
429.10477,117.02858,457.2986,93.91875,0.58695376,0.73384666
448.60953,117.02858,476.83945,96.58264,0.31002238,0.92898935
468.11432,117.02858,496.5232,97.365974,0.50763637,0.3822948
487.61908,117.02858,516.41315,98.35026,0.43332413,0.91819334
507.12384,117.02858,535.7369,101.65298,0.5426769,0.69413716
526.6286,117.02858,554.85986,102.56364,0.3222203,0.30038458
546.13336,117.02858,574.4836,103.69698,0.6451291,0.66844016
585.1429,117.02858,613.5256,107.56742,0.32044208,0.2113833
604.64764,117.02858,633.0256,108.95707,0.43672335,0.52640826
624.1524,117.02858,652.7186,111.60287,0.65298057,0.6120071
643.65717,117.02858,671.9438,112.687515,0.8594267,0.2756224
663.1619,117.02858,690.74774,115.199,0.818824,0.7605938
682.6667,117.02858,710.90125,116.630806,0.5798197,0.48570737
702.17145,117.02858,730.34247,117.49743,0.7462449,0.5631007
721.6762,117.02858,749.0579,120.481026,0.6851362,0.91106594
741.18097,117.02858,768.24335,121.5959,0.80442077,0.68000704
760.6857,117.02858,787.7618,122.486084,0.6032342,0.79345167
780.1905,117.02858,806.26776,125.416046,0.6840813,1.61389
799.69525,117.02858,827.4183,126.12498,0.42922038,0.4144718
819.2,117.02858,846.1408,127.61534,0.43105146,0.7129602
838.7048,117.02858,866.1669,129.71982,0.71477133,0.19248591
858.20953,117.02858,885.15497,131.81068,0.88373846,0.39882487
877.7143,117.02858,905.243,133.00183,0.83291066,0.43279758
897.21906,117.02858,924.62555,135.22546,0.7579189,0.40225157
916.7238,117.02858,943.2065,136.51175,0.85787207,0.5681466
936.22864,117.02858,963.28217,138.38246,0.92708343,0.09915589
955.7334,117.02858,982.281,140.89665,0.95858204,0.90319914
975.23816,117.02858,1002.3871,141.98462,0.9222596,0.40854293
994.7429,117.02858,1021.6663,142.45328,0.7119567,1.0223042
1014.2477,117.02858,1041.4242,145.53125,0.46394065,0.636853
1053.2572,117.02858,1079.1083,148.50398,0.96427673,0.66320413
1072.762,117.02858,1098.8043,150.4677,0.9923664,0.44774053
1092.2667,117.02858,1118.4362,151.756,0.97009605,0.28006265
1111.7715,117.02858,1138.354,153.9532,0.96718454,0.4161796
1131.2762,117.02858,1156.9877,155.62,0.98725784,0.56798506
1150.781,117.02858,1176.5652,156.14696,0.97780627,0.9780815
1170.2858,117.02858,1196.1105,159.52383,0.90710324,0.8035768
1189.7905,117.02858,1215.7743,160.62268,0.93363166,0.16537958
1209.2953,117.02858,1234.9541,162.1483,0.74799675,0.259684
1228.8,117.02858,1254.105,162.89163,0.7370887,1.106119
1248.3048,117.02858,1273.6168,164.97714,0.45265967,0.73915136
1267.8096,117.02858,1293.0958,167.89973,0.8124519,0.76177377
1287.3143,117.02858,1312.6456,169.37885,0.9873854,0.51176333
1306.8191,117.02858,1331.7384,170.92363,0.98380256,0.6820984
1326.3239,117.02858,1351.3083,172.0071,0.9827376,0.60102034
1345.8286,117.02858,1370.7611,174.82442,0.99413335,0.8978594
1365.3334,117.02858,1390.7375,175.74438,0.9925376,0.0805984
1384.8381,117.02858,1410.0452,177.09845,0.9968814,0.36120576
1404.3429,117.02858,1429.7926,179.81305,0.99859124,0.71080136
1423.8477,117.02858,1448.8973,180.6483,0.9935409,0.21509051
1443.3524,117.02858,1468.2424,181.70352,0.88327163,0.8644157
1462.8572,117.02858,1486.9563,184.2931,0.4925506,0.85513896
1482.3619,117.02858,1507.2439,186.57327,0.64584416,0.6164609
1501.8667,117.02858,1526.5026,187.65079,0.8546786,0.16929515
1521.3715,117.02858,1545.9844,189.80508,0.9911372,0.46361148
1540.8762,117.02858,1565.1279,190.99023,0.99711055,0.410201
1560.381,117.02858,1585.0183,193.16446,0.99741006,0.41153598
1579.8857,117.02858,1604.4923,194.63701,0.99919295,0.20557535
1599.3905,117.02858,1624.1624,195.9749,0.9989094,0.38371912
1618.8953,117.02858,1643.5303,197.91614,0.99774003,0.28178248
1638.4,117.02858,1662.95,199.8921,0.99157983,0.42739236
1657.9048,117.02858,1682.0397,201.02596,0.9872434,0.2427107
1677.4095,117.02858,1701.231,203.64091,0.9862538,0.75382435
1696.9143,117.02858,1720.9945,204.30502,0.7494483,0.35167557
1716.4191,117.02858,1740.4723,206.22643,0.84058994,0.14502244
1735.9238,117.02858,1759.3259,208.49443,0.9129356,0.6741146
1755.4286,117.02858,1779.4863,209.8707,0.991133,0.24596807
1774.9333,117.02858,1799.2217,211.4266,0.9977829,0.5232911
1794.4381,117.02858,1818.7931,213.77908,0.99920416,0.9100622
1813.9429,117.02858,1838.1322,214.75266,0.9963403,0.5811569
1833.4476,117.02858,1857.4344,215.74196,0.9967225,0.9269967
1852.9524,117.02858,1876.8387,218.28963,0.99580735,0.418721
1872.4573,117.02858,1895.771,219.30785,0.9929783,0.65305984
1891.962,117.02858,1915.7207,221.7518,0.96892214,0.44850346
1911.4668,117.02858,1934.338,222.36911,0.8613906,1.055553
1930.9716,117.02858,1954.4349,224.97047,0.23763885,0.30347547
1950.4763,117.02858,1973.47,226.91428,0.97671604,0.18980625
1969.9811,117.02858,1992.9326,228.51765,0.9778619,0.09515215
39.009525,136.53334,67.260574,78.939835,0.3703041,0.77507544
58.51429,136.53334,87.09111,81.66453,0.75954264,0.37424493
78.01905,136.53334,106.05429,82.81012,0.40652338,0.52029425
97.52381,136.53334,127.116936,84.6685,0.5357968,1.1444118
117.02858,136.53334,147.33446,86.98593,0.20343077,2.0208185
156.0381,136.53334,184.21075,89.77223,0.36711022,0.05667939
175.54286,136.53334,203.83287,92.25414,0.7233555,0.7759348
195.04762,136.53334,222.56377,93.01619,0.56989354,0.58812296
214.55238,136.53334,242.68964,94.52492,0.6118106,0.38921592
234.05716,136.53334,261.59988,96.938416,0.69975555,0.52019477
253.56192,136.53334,281.58066,97.92091,0.73449033,0.404052
273.06668,136.53334,300.61108,100.5287,0.62747836,0.5880481
292.57144,136.53334,320.49557,102.3489,0.75348634,0.6935776
312.0762,136.53334,340.29736,103.00269,0.44686007,0.704767
331.58096,136.53334,359.44037,104.73105,0.51990217,0.46866447
390.09525,136.53334,417.2458,110.33532,0.85350925,0.23527615
409.6,136.53334,437.64236,112.18107,0.94182104,0.8334582
429.10477,136.53334,455.51526,113.28967,0.9594675,0.8326929
448.60953,136.53334,475.66064,115.76653,0.9390049,0.48063976
468.11432,136.53334,495.07733,116.68858,0.9729767,0.31063798
487.61908,136.53334,514.52246,118.03632,0.96373713,0.65633607
507.12384,136.53334,534.05725,120.644775,0.961592,0.25863507
526.6286,136.53334,553.8467,121.813034,0.9516845,0.48798928
546.13336,136.53334,572.18524,123.77465,0.84655035,0.69016564
565.6381,136.53334,592.3779,125.72905,0.5298562,0.25007328
585.1429,136.53334,611.8508,127.26263,0.48791692,0.13582872
604.64764,136.53334,630.85034,129.42294,0.54539514,0.620274
624.1524,136.53334,651.34546,130.50287,0.92451304,0.7530422
643.65717,136.53334,669.493,132.06796,0.98051625,0.5789963
663.1619,136.53334,689.1033,133.8799,0.9863844,0.37170884
682.6667,136.53334,708.4547,135.36154,0.96358865,0.54412776
702.17145,136.53334,728.133,137.30945,0.97680354,0.20294037
721.6762,136.53334,747.8714,140.03561,0.9884376,0.9541348
741.18097,136.53334,766.7648,140.81064,0.98781323,0.4164473
760.6857,136.53334,786.31824,142.10072,0.979184,0.48650086
780.1905,136.53334,805.7543,144.31233,0.9086457,0.31273034
799.69525,136.53334,825.0224,145.55626,0.84428966,0.5595336
819.2,136.53334,844.5572,147.5637,0.3690695,0.34650362
838.7048,136.53334,864.8817,149.27568,0.76083803,0.5485608
858.20953,136.53334,882.98456,151.22253,0.97612303,0.81357217
877.7143,136.53334,902.4858,153.01399,0.9942952,0.77966136
897.21906,136.53334,922.1575,154.90674,0.97965443,0.6977168
916.7238,136.53334,941.80225,155.91957,0.98516154,0.30453676
936.22864,136.53334,961.5702,156.9835,0.9953464,0.8095718
955.7334,136.53334,981.33856,159.56357,0.99166,0.42853603
975.23816,136.53334,999.97644,161.10748,0.9593094,0.37949792
994.7429,136.53334,1019.2664,162.72969,0.9812569,0.5354065
1014.2477,136.53334,1038.7717,165.24734,0.86448604,0.79032147
1033.7524,136.53334,1058.4338,165.698,0.25813907,0.62502885
1053.2572,136.53334,1077.8379,169.01654,0.9317249,1.0538509
1072.762,136.53334,1097.3464,170.1272,0.9933795,0.4648808
1092.2667,136.53334,1116.5873,171.45557,0.9991018,0.34966666
1111.7715,136.53334,1135.968,173.2379,0.99908835,0.42046842
1131.2762,136.53334,1156.0454,174.94376,0.99859506,0.29775634
1150.781,136.53334,1175.8013,175.87328,0.9971386,0.84474874
1170.2858,136.53334,1194.8324,178.20895,0.99594593,0.18101187
1189.7905,136.53334,1213.9283,180.39804,0.99802566,0.5329369
1209.2953,136.53334,1233.0374,181.45206,0.98297906,0.49534565
1228.8,136.53334,1252.9515,183.68489,0.9705644,0.39697918
1248.3048,136.53334,1272.6433,184.9323,0.45678458,0.27425665
1267.8096,136.53334,1291.3135,186.31062,0.78347445,0.6198484
1287.3143,136.53334,1311.4021,188.13208,0.9883221,0.30504376
1306.8191,136.53334,1330.6895,189.99547,0.9946302,0.09515497
1326.3239,136.53334,1349.9073,191.1787,0.99851614,0.6378618
1345.8286,136.53334,1369.7356,193.52368,0.999094,0.21121961
1365.3334,136.53334,1388.7952,195.25488,0.9988976,0.17618003
1384.8381,136.53334,1408.647,196.29733,0.9988135,0.6443479
1404.3429,136.53334,1428.0002,198.94179,0.99917513,0.39787918
1423.8477,136.53334,1447.6595,200.47191,0.9988109,0.4494862
1443.3524,136.53334,1466.7574,202.68965,0.9358377,0.7064481
1482.3619,136.53334,1505.9055,205.13847,0.42472258,0.4411581
1501.8667,136.53334,1525.3367,206.62462,0.9168058,0.5892358
1521.3715,136.53334,1544.6355,208.69211,0.998514,0.25181794
1540.8762,136.53334,1564.0955,210.15408,0.9998416,0.42423365
1560.381,136.53334,1583.4299,212.70326,0.9994058,0.5423441
1579.8857,136.53334,1603.1506,214.19206,0.99966174,0.54923254
1599.3905,136.53334,1622.581,215.32895,0.99945116,0.52455676
1618.8953,136.53334,1641.5222,217.41205,0.99926513,0.12925443
1638.4,136.53334,1660.5778,218.91554,0.9977348,0.41392142
1657.9048,136.53334,1680.3247,220.27664,0.98855066,0.42030114
1677.4095,136.53334,1699.9746,222.64796,0.97394294,0.29081756
1696.9143,136.53334,1718.7703,223.71793,0.726705,0.62686205
1716.4191,136.53334,1737.435,225.18443,0.6291081,1.4079288
1735.9238,136.53334,1757.2682,227.69055,0.9514098,0.8935565
1755.4286,136.53334,1778.0283,229.55763,0.9839983,0.590633
1774.9333,136.53334,1797.1382,231.657,0.9980274,0.7828102
1794.4381,136.53334,1816.0511,232.89803,0.9996938,0.49029973
1813.9429,136.53334,1835.4846,234.48383,0.999391,0.42438972
1833.4476,136.53334,1855.1858,235.50275,0.99958384,0.49500555
1852.9524,136.53334,1875.186,237.92403,0.9994777,0.5218345
1872.4573,136.53334,1893.8141,239.07265,0.99884474,0.46118587
1891.962,136.53334,1913.1064,240.81247,0.95301294,0.5493388
1911.4668,136.53334,1933.1757,242.62218,0.4650624,0.2309434
1930.9716,136.53334,1952.8262,244.14041,0.55924827,0.5156266
1950.4763,136.53334,1971.4877,245.88498,0.94262654,0.49009463
1969.9811,136.53334,1990.7811,248.2193,0.99037886,0.6206675
39.009525,156.0381,65.28915,98.33455,0.86414313,0.9750461
58.51429,156.0381,84.0773,101.40579,0.87785184,1.499687
78.01905,156.0381,104.99685,102.0858,0.9168742,0.3694415
97.52381,156.0381,124.56516,104.23817,0.71094376,0.3148683
117.02858,156.0381,143.0163,106.27037,0.8254496,0.82081807
136.53334,156.0381,163.95631,106.98031,0.24115536,0.9843548
156.0381,156.0381,181.64584,108.9737,0.8602875,0.9513234
175.54286,156.0381,201.55185,110.85057,0.9297842,0.448695
195.04762,156.0381,222.0977,112.41386,0.9700073,0.7034361
214.55238,156.0381,241.18414,114.88317,0.9230224,0.6509118
234.05716,156.0381,259.9669,116.55895,0.9776108,0.62581086
253.56192,156.0381,280.0065,117.92504,0.95522505,0.35411924
273.06668,156.0381,299.04092,119.76344,0.9477622,0.35882217
292.57144,156.0381,318.37454,121.24738,0.9154719,0.23979509
312.0762,156.0381,338.12225,122.42433,0.8106372,0.4123647
331.58096,156.0381,357.0297,124.93698,0.64307874,0.58399487
351.08572,156.0381,376.26053,127.0183,0.27466485,1.0037318
370.59048,156.0381,396.60678,128.79599,0.6627213,0.9274399
390.09525,156.0381,415.4153,129.29417,0.9388058,0.45401502
409.6,156.0381,433.734,131.77205,0.9643873,1.4971396
429.10477,156.0381,453.7876,132.79808,0.9838011,0.8345606
448.60953,156.0381,474.13852,134.65623,0.9931083,0.1325753
468.11432,156.0381,493.0709,136.57263,0.99797,0.4114056
487.61908,156.0381,513.2173,137.9249,0.9983378,0.38665453
507.12384,156.0381,532.005,139.936,0.9943822,0.3301445
526.6286,156.0381,551.9157,141.27853,0.9786471,0.29606253
546.13336,156.0381,570.9223,142.65157,0.9510532,0.62237364
565.6381,156.0381,590.23834,145.23636,0.7153806,0.48480746
585.1429,156.0381,610.1985,146.90453,0.44745088,0.327378
604.64764,156.0381,629.0042,148.8733,0.8322363,0.7212401
624.1524,156.0381,648.6805,150.09314,0.95430744,0.228974
643.65717,156.0381,668.92676,151.46329,0.995367,0.6514491
663.1619,156.0381,688.1094,153.77516,0.99773073,0.49928743
682.6667,156.0381,707.2604,155.797,0.9975522,0.6808816
702.17145,156.0381,726.3922,156.15446,0.99749184,0.70313686
721.6762,156.0381,746.0146,157.7802,0.99860346,0.74041855
741.18097,156.0381,765.0208,159.81909,0.9988481,0.6099212
760.6857,156.0381,784.4891,162.58617,0.9864449,0.7889636
780.1905,156.0381,804.3337,163.94453,0.9606706,0.32502052
799.69525,156.0381,823.9992,165.44382,0.60303056,0.25871852
819.2,156.0381,843.644,167.0154,0.72077304,0.44118133
838.7048,156.0381,862.58026,169.1398,0.9538454,0.42367467
858.20953,156.0381,882.11676,170.5996,0.99477243,0.18776879
877.7143,156.0381,902.0431,171.60931,0.9994209,0.7491115
897.21906,156.0381,920.6216,174.11597,0.99977493,0.42432767
916.7238,156.0381,940.8229,175.62064,0.9998702,0.47821245
936.22864,156.0381,960.0736,176.91888,0.99912214,0.415758
955.7334,156.0381,979.29016,178.08524,0.998783,0.8371853
975.23816,156.0381,998.90814,180.00354,0.9894232,0.66861504
994.7429,156.0381,1018.01074,181.86214,0.9943111,0.4618582
1014.2477,156.0381,1038.1581,184.19646,0.92797583,0.6735612
1033.7524,156.0381,1057.1942,185.0981,0.53822327,0.67137504
1053.2572,156.0381,1076.2224,187.12338,0.8900095,0.330102
1072.762,156.0381,1096.1938,189.62086,0.9922428,0.63806784
1092.2667,156.0381,1115.4442,190.27238,0.9992536,0.5867925
1111.7715,156.0381,1134.854,191.90718,0.99951625,0.6413592
1131.2762,156.0381,1154.4269,194.52223,0.9998306,0.452257
1150.781,156.0381,1173.3844,195.79712,0.99988294,0.18370058
1170.2858,156.0381,1192.6276,197.40894,0.9997804,0.38685933
1189.7905,156.0381,1212.8835,199.34917,0.9993017,0.50129783
1209.2953,156.0381,1231.8514,200.407,0.996116,0.6127344
1228.8,156.0381,1251.2015,202.69374,0.95130163,0.04939083
1248.3048,156.0381,1270.2892,204.14296,0.84404105,0.4739305
1267.8096,156.0381,1290.5029,206.10005,0.853319,0.39800724
1287.3143,156.0381,1308.7368,208.01263,0.99571246,0.8223462
1306.8191,156.0381,1329.1472,209.78854,0.999582,0.3251174
1326.3239,156.0381,1348.0985,210.70209,0.99985814,0.59626436
1345.8286,156.0381,1368.1173,213.1297,0.99990845,0.35874966
1365.3334,156.0381,1387.0236,214.3126,0.9998367,0.38517976
1384.8381,156.0381,1406.842,215.54248,0.9995732,0.79068166
1404.3429,156.0381,1425.5045,218.07831,0.99927557,0.6175677
1423.8477,156.0381,1445.5709,219.44145,0.99552715,0.2773952
1443.3524,156.0381,1465.0134,221.31201,0.9140471,0.11105212
1462.8572,156.0381,1483.7843,223.44603,0.34649983,0.70718044
1482.3619,156.0381,1502.6207,224.68677,0.3826397,1.2276034
1501.8667,156.0381,1523.0946,227.30934,0.9716727,0.81110704
1521.3715,156.0381,1543.0155,228.91917,0.9990054,0.7681014
1540.8762,156.0381,1561.9304,229.68338,0.99979186,0.30965665
1560.381,156.0381,1581.829,231.97621,0.99980366,0.44619906
1579.8857,156.0381,1600.5365,233.64407,0.99991596,0.561934
1599.3905,156.0381,1619.647,234.12491,0.9999019,1.1837819
1618.8953,156.0381,1639.2557,236.45076,0.99979436,0.65594697
1638.4,156.0381,1658.7919,238.55742,0.99974424,0.5130995
1657.9048,156.0381,1678.9193,239.82704,0.99313915,0.35446382
1677.4095,156.0381,1697.5334,241.22841,0.984987,0.8502191
1696.9143,156.0381,1717.3802,243.10246,0.47692248,0.45923868
1716.4191,156.0381,1737.1199,245.69409,0.72234815,0.48981115
1735.9238,156.0381,1756.3116,247.21312,0.97522354,0.3218106
1755.4286,156.0381,1775.492,248.89885,0.99495345,0.47045353
1774.9333,156.0381,1795.4203,250.24335,0.9984643,0.1417095
1794.4381,156.0381,1814.2308,252.27647,0.9998313,0.56240255
1813.9429,156.0381,1833.7672,253.5937,0.9998119,0.41208363
1833.4476,156.0381,1853.2438,255.79626,0.99967116,0.5141611
1852.9524,156.0381,1872.3121,257.68402,0.99967664,0.9081413
1872.4573,156.0381,1892.0688,258.63956,0.99946326,0.42236215
1891.962,156.0381,1911.5823,260.04846,0.9905433,0.55649775
1911.4668,156.0381,1931.1425,262.45016,0.6824179,0.2891309
1930.9716,156.0381,1950.6455,264.24356,0.25163558,0.34120816
1950.4763,156.0381,1969.8314,265.8386,0.9497365,0.4083955
1969.9811,156.0381,1989.6727,267.646,0.99701846,0.3362066
39.009525,175.54286,63.674107,118.22524,0.9825455,0.6480711
58.51429,175.54286,82.97241,119.26251,0.9883306,1.1565918
78.01905,175.54286,102.32852,121.59316,0.98775524,0.8539186
97.52381,175.54286,122.44117,123.65567,0.9902315,0.16768546
117.02858,175.54286,141.57182,125.69017,0.96326256,0.61516595
136.53334,175.54286,161.00356,126.58159,0.60310704,0.56765413
156.0381,175.54286,180.43246,128.84799,0.8742961,0.47451586
175.54286,175.54286,200.21692,130.75291,0.98609185,0.40878925
195.04762,175.54286,219.21138,131.79854,0.995712,0.5730514
214.55238,175.54286,238.91505,133.41734,0.98579353,0.41205043
234.05716,175.54286,258.68106,135.85378,0.99118143,0.41320032
253.56192,175.54286,277.86252,137.13736,0.99615496,0.1553044
273.06668,175.54286,297.62643,138.55359,0.9936862,0.34732544
292.57144,175.54286,316.4425,141.0017,0.9934666,0.6266472
312.0762,175.54286,336.30933,141.94083,0.9665109,0.31048626
331.58096,175.54286,355.54004,143.53238,0.96559465,0.46388426
370.59048,175.54286,394.8792,147.19127,0.6718944,0.32137862
390.09525,175.54286,414.37686,149.2863,0.8807988,0.4182939
409.6,175.54286,433.07077,151.02379,0.9904226,0.47648275
429.10477,175.54286,452.81418,152.13661,0.99837077,0.32390222
448.60953,175.54286,472.37344,154.46239,0.9996253,0.31554455
468.11432,175.54286,492.1444,155.77338,0.99932766,0.39887917
487.61908,175.54286,511.42413,157.73485,0.9989039,0.30274826
507.12384,175.54286,531.1696,159.16895,0.9949724,0.56136453
526.6286,175.54286,550.33014,160.68298,0.9930702,0.39132997
546.13336,175.54286,570.05676,162.64691,0.9400307,0.5814335
565.6381,175.54286,589.361,164.8541,0.87023956,0.6786501
604.64764,175.54286,627.26715,167.09326,0.6411621,0.82577485
624.1524,175.54286,648.0427,169.28937,0.96543086,0.8604456
643.65717,175.54286,666.9888,171.08292,0.9983445,0.3669939
663.1619,175.54286,686.13367,172.8162,0.99921197,0.08251947
682.6667,175.54286,705.8935,174.84464,0.99642366,0.5000797
702.17145,175.54286,725.33813,175.91867,0.99627966,0.5339645
721.6762,175.54286,744.7627,177.32883,0.9995176,0.7459005
741.18097,175.54286,763.8914,179.75635,0.998514,0.15330012
760.6857,175.54286,783.06274,181.21136,0.99598753,0.20333818
780.1905,175.54286,802.1993,182.41692,0.98675394,0.7725303
799.69525,175.54286,821.4942,184.67592,0.6841038,0.5828657
819.2,175.54286,841.5515,185.69936,0.721051,0.75227636
838.7048,175.54286,862.0223,189.12169,0.9764225,1.4593811
858.20953,175.54286,879.5397,190.14784,0.9948712,0.8764536
877.7143,175.54286,899.9508,191.59433,0.99895585,0.16249962
897.21906,175.54286,919.08875,194.22557,0.99992704,0.9851809
916.7238,175.54286,938.5105,195.1293,0.99993956,0.23079151
936.22864,175.54286,957.6507,196.76591,0.99964374,0.45070127
955.7334,175.54286,977.9454,198.20886,0.9988222,0.45120853
975.23816,175.54286,996.8011,199.9585,0.9971607,0.17229661
994.7429,175.54286,1016.52875,201.18187,0.9799793,0.58750015
1014.2477,175.54286,1035.9653,204.05592,0.895027,0.6263157
1033.7524,175.54286,1054.3119,205.32085,0.29128203,0.94269544
1053.2572,175.54286,1074.0236,206.32909,0.9228604,0.8294494
1072.762,175.54286,1093.792,209.06487,0.9896806,0.60041875
1092.2667,175.54286,1114.3787,210.14575,0.99877703,0.8544548
1111.7715,175.54286,1133.1713,212.10269,0.99990237,0.26018834
1131.2762,175.54286,1152.2637,213.56589,0.99994886,0.15272482
1150.781,175.54286,1171.9279,214.787,0.99996376,0.5721074
1170.2858,175.54286,1191.5555,217.4429,0.999933,0.49670458
1189.7905,175.54286,1209.9878,219.34122,0.999447,0.9133235
1209.2953,175.54286,1229.7828,220.16855,0.9985261,0.43385732
1228.8,175.54286,1250.0359,222.94577,0.96781623,0.9361572
1248.3048,175.54286,1268.6362,223.79678,0.6585677,0.34262753
1267.8096,175.54286,1288.0669,225.11905,0.89414954,0.5471846
1287.3143,175.54286,1307.1288,227.4622,0.9943222,0.7386185
1306.8191,175.54286,1326.9036,229.2685,0.9997105,0.483599
1326.3239,175.54286,1346.665,231.26527,0.9999232,0.6172842
1345.8286,175.54286,1365.3964,232.3148,0.9999783,0.7319897
1365.3334,175.54286,1386.2458,234.03262,0.9999727,0.68793255
1384.8381,175.54286,1404.8191,235.2771,0.99994135,0.50112885
1404.3429,175.54286,1423.9366,238.05934,0.99955314,0.7783475
1423.8477,175.54286,1443.9237,239.05748,0.9904077,0.117347926
1443.3524,175.54286,1463.1458,240.90553,0.9692079,0.14610206
1462.8572,175.54286,1482.5717,242.81122,0.8161666,0.29731873
1482.3619,175.54286,1501.8402,244.19614,0.4182906,0.30565378
1501.8667,175.54286,1521.4949,246.08046,0.91902995,0.15289934
1521.3715,175.54286,1541.4819,248.15979,0.9985576,0.70107305
1540.8762,175.54286,1559.7571,248.71678,0.999876,0.92491776
1560.381,175.54286,1579.7734,250.65878,0.9999474,0.39970642
1579.8857,175.54286,1599.2855,253.2229,0.9999726,0.4747909
1599.3905,175.54286,1618.9215,254.2503,0.99994755,0.27920288
1618.8953,175.54286,1638.0668,256.15613,0.99989665,0.088621035
1638.4,175.54286,1657.8108,258.23816,0.9993695,0.45045173
1657.9048,175.54286,1677.7347,259.32895,0.9950926,0.7512731
1677.4095,175.54286,1696.3147,261.82712,0.9041867,0.5940052
1696.9143,175.54286,1715.9514,262.9852,0.25517708,0.08306114
1716.4191,175.54286,1735.7705,263.9274,0.6740024,0.85628027
1735.9238,175.54286,1754.5033,266.11566,0.9318661,0.3303187
1755.4286,175.54286,1773.9536,268.54053,0.9947112,0.53771275
1774.9333,175.54286,1793.5709,269.7121,0.9990796,0.045577705
1794.4381,175.54286,1813.1066,272.1463,0.99955696,0.7028322
1813.9429,175.54286,1832.7241,273.07288,0.99953544,0.2740594
1833.4476,175.54286,1851.9832,274.9531,0.9993124,0.14010914
1852.9524,175.54286,1871.1289,276.7618,0.9990445,0.28814447
1872.4573,175.54286,1890.6512,278.54095,0.99861157,0.3103359
1891.962,175.54286,1910.3236,279.62943,0.9892759,0.34782636
1911.4668,175.54286,1929.9797,282.09952,0.71627,0.58197933
1930.9716,175.54286,1949.8347,283.847,0.6308959,0.93549263
1950.4763,175.54286,1968.7314,284.74216,0.90616107,0.3990035
1969.9811,175.54286,1988.4088,287.334,0.99686664,0.7734407
39.009525,195.04762,62.680527,137.72333,0.9989388,0.18759106
58.51429,195.04762,81.402405,138.88554,0.9991495,0.92577815
78.01905,195.04762,101.76247,141.05614,0.9988147,0.39201063
97.52381,195.04762,121.023506,142.48723,0.9838415,0.5175349
117.02858,195.04762,140.20386,144.91649,0.72217995,0.25446934
156.0381,195.04762,179.6159,149.0264,0.8541227,1.046519
175.54286,195.04762,198.68596,150.04738,0.993831,0.28034273
195.04762,195.04762,218.18134,151.52942,0.9965037,0.16278136
214.55238,195.04762,237.95213,152.74136,0.99941576,0.66352624
234.05716,195.04762,256.71414,155.2094,0.99969363,0.37005156
253.56192,195.04762,276.5647,156.05624,0.99973184,0.58107156
273.06668,195.04762,296.04755,158.02171,0.9988962,0.39696443
292.57144,195.04762,315.24448,160.50908,0.9981306,0.5313266
312.0762,195.04762,334.8257,161.25601,0.9927331,0.47786608
331.58096,195.04762,353.84525,163.10768,0.9856842,0.33590326
351.08572,195.04762,373.90005,164.38686,0.7023878,0.81722957
370.59048,195.04762,393.15497,166.50777,0.6024663,0.37389636
390.09525,195.04762,411.59082,168.43065,0.92841023,0.7419279
409.6,195.04762,432.00735,169.925,0.99591994,0.3553398
429.10477,195.04762,451.22424,171.7761,0.9996123,0.11024999
448.60953,195.04762,470.37753,174.03993,0.99994564,0.51983666
468.11432,195.04762,489.98074,175.04817,0.99972075,0.24426764
487.61908,195.04762,509.3099,176.50713,0.9995292,0.50512546
507.12384,195.04762,528.8953,178.88708,0.9987413,0.20659287
526.6286,195.04762,548.81537,180.02187,0.9959904,0.59211004
546.13336,195.04762,567.99567,181.30217,0.9535037,0.8096394
565.6381,195.04762,587.54486,183.88249,0.81112015,0.35373503
585.1429,195.04762,606.84515,184.9523,0.3127767,0.5685509
604.64764,195.04762,626.215,186.11913,0.47804514,1.072261
624.1524,195.04762,645.0563,189.20065,0.9527698,0.5448515
643.65717,195.04762,665.0081,190.56282,0.996614,0.082061626
663.1619,195.04762,684.14703,192.65523,0.9996584,0.42993385
682.6667,195.04762,703.44336,194.33482,0.9996215,0.4948113
702.17145,195.04762,723.2906,195.41779,0.99912965,0.27246803
721.6762,195.04762,742.9279,196.81432,0.9992655,0.6309067
741.18097,195.04762,761.82025,198.73921,0.998851,0.42961627
760.6857,195.04762,781.9641,200.26431,0.99666613,0.68680006
780.1905,195.04762,800.4845,202.5364,0.96217096,0.46071702
799.69525,195.04762,819.79974,203.91595,0.56961036,0.6308488
819.2,195.04762,839.27576,205.69089,0.78765583,0.56025815
838.7048,195.04762,858.8661,208.313,0.9592522,0.8194191
858.20953,195.04762,878.83386,209.36707,0.98885113,0.19064595
877.7143,195.04762,897.94165,210.46194,0.9983782,0.540581
897.21906,195.04762,917.16156,213.58542,0.9998884,0.9752954
916.7238,195.04762,936.5783,214.54414,0.9999629,0.4113348
936.22864,195.04762,956.4987,216.44969,0.99995637,0.3861329
955.7334,195.04762,975.614,218.56815,0.9997356,0.8135588
975.23816,195.04762,995.2563,219.67912,0.9989955,0.19911581
994.7429,195.04762,1014.401,221.36389,0.97890913,0.33227408
1014.2477,195.04762,1033.8132,223.40866,0.8669626,0.6053819
1053.2572,195.04762,1072.7117,226.14993,0.88318276,0.2887705
1072.762,195.04762,1092.4963,228.68192,0.9930073,0.70852673
1092.2667,195.04762,1111.4382,229.75154,0.99946696,0.39881834
1111.7715,195.04762,1130.915,231.36781,0.9999573,0.3462792
1131.2762,195.04762,1150.4259,233.30368,0.9999529,0.34747022
1150.781,195.04762,1170.4364,234.53314,0.9999523,0.39944032
1170.2858,195.04762,1189.3958,235.86586,0.999985,0.63361573
1189.7905,195.04762,1208.8433,238.44435,0.99995387,0.29940423
1209.2953,195.04762,1228.0869,239.56781,0.99933034,0.4517887
1228.8,195.04762,1247.0072,241.9305,0.977738,0.9077215
1248.3048,195.04762,1268.0262,243.1701,0.5761814,0.75927305
1267.8096,195.04762,1286.1938,245.10384,0.88744426,0.5264872
1287.3143,195.04762,1306.2898,247.56155,0.99512875,0.8954045
1306.8191,195.04762,1325.6558,248.17778,0.99971765,0.22049288
1326.3239,195.04762,1345.1318,250.13084,0.9999175,0.14426464
1345.8286,195.04762,1364.7808,251.39828,0.9999492,0.5195154
1365.3334,195.04762,1384.4923,253.58421,0.9999461,0.64278096
1384.8381,195.04762,1403.7227,254.58824,0.99989295,0.7331918
1404.3429,195.04762,1422.9993,257.35922,0.9994876,0.55574834
1423.8477,195.04762,1442.5322,258.46783,0.9952517,0.39831182
1443.3524,195.04762,1461.8864,260.12305,0.97704935,0.34351403
1462.8572,195.04762,1480.8252,261.38022,0.88793373,0.6269398
1501.8667,195.04762,1520.1581,265.81555,0.91162753,0.52201974
1521.3715,195.04762,1539.7096,267.74442,0.9975466,0.7801671
1540.8762,195.04762,1558.7539,269.02435,0.9998882,0.24641006
1560.381,195.04762,1578.5258,270.6564,0.9999745,0.40349823
1579.8857,195.04762,1598.0059,272.63547,0.999959,0.61500543
1599.3905,195.04762,1617.6969,273.40314,0.9999502,0.8235444
1618.8953,195.04762,1636.0052,275.51718,0.9997643,0.45400864
1638.4,195.04762,1655.9955,277.4854,0.99881995,0.23418683
1657.9048,195.04762,1675.0504,278.96262,0.9909548,0.26622412
1677.4095,195.04762,1694.7312,280.53333,0.9036429,0.14599755
1696.9143,195.04762,1713.4924,282.4404,0.3160183,0.68761086
1716.4191,195.04762,1733.5228,283.27148,0.43710947,0.81137574
1735.9238,195.04762,1752.1089,286.3341,0.872109,1.0829263
1755.4286,195.04762,1772.0525,287.63577,0.9967062,0.44516385
1774.9333,195.04762,1791.7848,289.5839,0.999533,0.42152366
1794.4381,195.04762,1811.4307,290.98285,0.99912894,0.14523302
1813.9429,195.04762,1830.8833,292.5927,0.99904966,0.1236625
1833.4476,195.04762,1849.5901,294.04584,0.9983634,0.64427674
1852.9524,195.04762,1869.2961,296.16632,0.9985913,0.37597045
1872.4573,195.04762,1888.7926,297.70328,0.99686784,0.26087022
1891.962,195.04762,1908.2356,298.53116,0.98949534,0.88214356
1911.4668,195.04762,1927.7141,300.77048,0.6339928,0.3663384
1930.9716,195.04762,1946.9086,302.97122,0.2531296,0.47631535
1950.4763,195.04762,1965.8466,304.01,0.74158746,1.0391141
1969.9811,195.04762,1986.4088,306.42963,0.97386974,0.32402486
39.009525,214.55238,60.5844,157.13608,0.999462,0.34565672
58.51429,214.55238,80.09117,159.01202,0.99972266,0.22069003
78.01905,214.55238,99.87627,160.79938,0.9984845,0.15934035
97.52381,214.55238,119.43447,161.80933,0.990734,0.65780365
117.02858,214.55238,138.59668,164.37288,0.9562457,0.26011407
136.53334,214.55238,157.80757,165.5285,0.29326832,0.36346895
156.0381,214.55238,177.18108,166.88086,0.70616335,0.69259036
175.54286,214.55238,197.26762,168.93889,0.9902015,0.46233213
195.04762,214.55238,215.76381,170.82893,0.998742,0.56802
214.55238,214.55238,235.79001,172.20659,0.99935097,0.40744442
234.05716,214.55238,254.90439,174.75246,0.99948865,0.5227002
253.56192,214.55238,274.35367,175.82614,0.99994147,0.3228474
273.06668,214.55238,294.5924,177.94162,0.9998903,0.5908298
292.57144,214.55238,313.8458,179.34825,0.9996446,0.37299448
312.0762,214.55238,332.2753,180.66748,0.9983177,0.77420473
331.58096,214.55238,352.4826,182.03276,0.993115,0.79260707
351.08572,214.55238,371.23807,184.55162,0.79203886,0.53337395
370.59048,214.55238,390.8617,185.83113,0.2598288,0.5099512
390.09525,214.55238,410.3754,187.88863,0.96220195,0.25672904
409.6,214.55238,429.53085,190.1665,0.9957515,0.7674623
429.10477,214.55238,449.6078,191.50827,0.99957275,0.22773908
448.60953,214.55238,468.60034,193.04784,0.99995935,0.32430834
468.11432,214.55238,488.06976,195.19704,0.99995494,0.5618093
487.61908,214.55238,507.8326,196.33047,0.9999021,0.09497897
507.12384,214.55238,526.769,198.43213,0.9997249,0.54855156
526.6286,214.55238,546.5929,199.81653,0.9992309,0.052212518
546.13336,214.55238,566.01135,201.43036,0.9919844,0.10362905
565.6381,214.55238,585.73505,204.34538,0.8980596,1.1565477
585.1429,214.55238,604.47345,204.22112,0.34844398,0.8314693
604.64764,214.55238,624.23425,206.10368,0.7552428,0.5250407
624.1524,214.55238,643.6659,208.29219,0.98998004,0.13313624
643.65717,214.55238,662.4129,209.57391,0.9994131,0.9252856
663.1619,214.55238,683.04803,211.32675,0.99991536,0.5473765
682.6667,214.55238,702.1742,213.96593,0.9997361,0.56094533
702.17145,214.55238,721.7516,214.72932,0.99973357,0.4469285
721.6762,214.55238,740.94556,217.04784,0.9995505,0.23649812
741.18097,214.55238,760.09454,218.82841,0.9994256,0.42721778
760.6857,214.55238,780.0767,220.0202,0.9964862,0.3269685
780.1905,214.55238,799.27045,221.88942,0.96692795,0.035945006
799.69525,214.55238,818.9816,223.97585,0.59574366,0.47810054
819.2,214.55238,837.5407,225.288,0.47450137,0.56273216
838.7048,214.55238,857.58014,227.39566,0.9690913,0.3873841
858.20953,214.55238,877.2498,229.11067,0.9903854,0.49128896
877.7143,214.55238,896.827,229.99997,0.998835,0.5966084
897.21906,214.55238,916.46545,232.69954,0.99988127,0.86974174
916.7238,214.55238,935.4995,233.80873,0.99995303,0.24384508
936.22864,214.55238,954.8389,234.76437,0.9999502,0.7619232
955.7334,214.55238,973.9979,237.03468,0.99966305,0.21249364
975.23816,214.55238,994.0711,239.02885,0.9990506,0.53689355
994.7429,214.55238,1013.1143,239.94603,0.99109554,0.6785268
1014.2477,214.55238,1033.0577,242.84578,0.9104819,0.8413915
1033.7524,214.55238,1051.7327,243.5624,0.5077456,0.4606499
1053.2572,214.55238,1070.8346,245.8528,0.9419904,0.45760536
1072.762,214.55238,1090.3501,247.74658,0.9915302,0.48521048
1092.2667,214.55238,1110.1172,248.85619,0.9991897,0.25462675
1111.7715,214.55238,1129.1527,250.33978,0.9998994,0.6231523
1131.2762,214.55238,1149.6583,253.32106,0.99990356,1.0495827
1150.781,214.55238,1169.1359,254.32176,0.99987054,0.72227347
1170.2858,214.55238,1187.9498,255.7276,0.99992394,0.20684212
1189.7905,214.55238,1207.9786,257.72357,0.9995374,0.70448494
1209.2953,214.55238,1226.8186,259.0335,0.9975825,0.29586175
1228.8,214.55238,1245.5989,261.57162,0.9490509,0.7828444
1248.3048,214.55238,1265.461,262.64096,0.69402593,0.13324192
1267.8096,214.55238,1285.2302,263.81296,0.7128432,0.63799757
1287.3143,214.55238,1304.2812,266.562,0.99217546,0.47776428
1306.8191,214.55238,1323.5377,268.29312,0.9994391,0.584453
1326.3239,214.55238,1343.342,269.24158,0.99945265,0.27207518
1345.8286,214.55238,1362.7955,271.5501,0.99983394,0.34694389
1365.3334,214.55238,1382.1132,272.89587,0.9998857,0.047153607
1384.8381,214.55238,1401.4082,274.15448,0.99974954,0.48978156
1404.3429,214.55238,1419.8398,276.49026,0.99940765,1.1931814
1423.8477,214.55238,1439.7305,278.06476,0.99385625,0.7214663
1443.3524,214.55238,1459.877,279.33655,0.960575,0.37309304
1462.8572,214.55238,1479.2609,281.18106,0.40299615,0.2339322
1482.3619,214.55238,1498.6022,283.78818,0.3984622,0.6927952
1501.8667,214.55238,1517.329,284.68616,0.93909955,0.8519899
1521.3715,214.55238,1537.8048,286.9519,0.9977167,0.48651507
1540.8762,214.55238,1556.993,288.30927,0.99978447,0.1075648
1560.381,214.55238,1575.9272,290.55032,0.9997847,0.8357266
1579.8857,214.55238,1595.4392,292.02484,0.99973273,0.61608624
1599.3905,214.55238,1614.7106,292.7817,0.9993423,0.8095044
1618.8953,214.55238,1634.7733,294.89935,0.99913126,0.111328594
1638.4,214.55238,1653.639,296.59805,0.9972115,0.5578037
1657.9048,214.55238,1673.1608,298.12216,0.99204725,0.5382901
1677.4095,214.55238,1693.001,300.5752,0.889982,0.46839824
1696.9143,214.55238,1711.8427,302.03146,0.42372406,0.67250776
1716.4191,214.55238,1731.9413,303.6807,0.80110425,0.17497939
1735.9238,214.55238,1750.7773,305.1803,0.9856619,0.5617634
1755.4286,214.55238,1770.6,307.00708,0.9953625,0.1954299
1774.9333,214.55238,1789.9427,308.34467,0.99721897,0.36832932
1794.4381,214.55238,1809.0209,310.4179,0.9909251,0.6188349
1813.9429,214.55238,1828.938,312.07675,0.98674667,0.14018553
1833.4476,214.55238,1848.1328,313.37497,0.9818465,0.4895955
1852.9524,214.55238,1867.9221,316.17908,0.9937431,0.7704775
1872.4573,214.55238,1887.6093,317.00543,0.9917475,0.2768771
1891.962,214.55238,1906.4644,318.59375,0.91016984,0.384121
1911.4668,214.55238,1925.9106,320.41724,0.41702092,0.3161782
1950.4763,214.55238,1964.8802,325.25964,0.677121,1.3651732
1969.9811,214.55238,1984.7288,326.35117,0.9758816,0.77582574
39.009525,234.05716,58.887238,176.32552,0.99987113,0.5111841
58.51429,234.05716,78.692924,178.95155,0.9998652,0.51441544
78.01905,234.05716,97.42649,180.38136,0.9946292,0.660288
97.52381,234.05716,117.47955,181.54707,0.9632276,0.2964595
117.02858,234.05716,137.04102,184.28897,0.80848104,0.7581296
136.53334,234.05716,156.08365,184.9974,0.45925608,0.35101047
156.0381,234.05716,175.59789,186.40565,0.7145487,0.562918
175.54286,234.05716,195.26396,189.25299,0.9886033,0.61358035
195.04762,234.05716,214.53557,190.04378,0.9978052,0.3127157
214.55238,234.05716,234.07819,191.27255,0.9987435,0.77094305
234.05716,234.05716,253.59447,194.58124,0.9986249,0.8449935
253.56192,234.05716,273.10922,195.42241,0.99994874,0.19300517
273.06668,234.05716,292.60773,197.67075,0.99997497,0.58823436
292.57144,234.05716,311.86945,199.47845,0.9999336,0.64197004
312.0762,234.05716,330.84448,200.3185,0.9998419,0.42802638
331.58096,234.05716,350.751,202.03589,0.99287534,0.23511219
351.08572,234.05716,370.40112,203.87607,0.73069763,0.33775437
370.59048,234.05716,389.4249,205.92424,0.30488852,0.29143196
390.09525,234.05716,409.4646,207.95459,0.9729469,0.8117691
409.6,234.05716,428.32098,208.71909,0.99796546,0.3261666
429.10477,234.05716,448.29843,210.76978,0.9996697,0.50698173
448.60953,234.05716,467.18945,212.37793,0.99993896,0.072734214
468.11432,234.05716,487.0927,214.3254,0.99994564,0.47594047
487.61908,234.05716,506.32358,215.7194,0.99993503,0.26950648
507.12384,234.05716,526.212,217.85153,0.9999312,0.76297265
526.6286,234.05716,545.76874,219.36784,0.9996207,0.83328533
546.13336,234.05716,564.83624,220.75946,0.99387103,0.4957314
565.6381,234.05716,584.1381,222.48238,0.89454573,0.36860132
585.1429,234.05716,603.0093,223.69934,0.49792305,0.68192434
604.64764,234.05716,622.4963,225.74956,0.76103157,0.33887663
624.1524,234.05716,642.80096,227.7936,0.99316365,0.7051855
643.65717,234.05716,662.0267,229.52194,0.9995997,0.5048242
663.1619,234.05716,681.02673,231.09776,0.99987924,0.08115776
682.6667,234.05716,700.23505,233.3043,0.9998442,0.48733124
702.17145,234.05716,719.01996,234.43636,0.99979746,0.8068091
721.6762,234.05716,739.15924,236.08261,0.9998907,0.18353683
741.18097,234.05716,758.81024,238.06104,0.9997382,0.17585585
760.6857,234.05716,777.4626,239.26439,0.99662006,0.75065804
780.1905,234.05716,796.8701,240.54655,0.9375612,1.0410187
799.69525,234.05716,817.495,243.26431,0.68054545,0.56795335
819.2,234.05716,835.9717,244.44307,0.5112689,0.524615
838.7048,234.05716,856.0268,246.15588,0.9503098,0.34495577
858.20953,234.05716,875.68195,248.2802,0.9967975,0.44023722
877.7143,234.05716,894.7635,249.55652,0.9987152,0.2932163
897.21906,234.05716,913.848,251.97456,0.9988978,0.5141711
916.7238,234.05716,932.66016,253.5568,0.9993353,0.949469
936.22864,234.05716,952.90985,254.47531,0.99864024,0.47234255
955.7334,234.05716,971.9347,256.70087,0.9993593,0.48583236
975.23816,234.05716,991.89655,258.29346,0.9986362,0.06860594
994.7429,234.05716,1011.0134,259.82242,0.98551697,0.3433354
1014.2477,234.05716,1030.54,262.0558,0.931431,0.35681385
1053.2572,234.05716,1069.0137,264.745,0.95100945,0.68261826
1072.762,234.05716,1089.5658,267.20078,0.99648154,0.6703407
1092.2667,234.05716,1108.2694,268.52765,0.9992259,0.16181044
1111.7715,234.05716,1127.9348,270.15344,0.9996317,0.11438559
1131.2762,234.05716,1146.9722,272.55548,0.99975634,0.6926627
1150.781,234.05716,1166.7706,273.51163,0.99975944,0.13801488
1170.2858,234.05716,1185.8032,274.8639,0.9997721,0.5913686
1189.7905,234.05716,1205.065,277.3257,0.99780214,0.5915634
1209.2953,234.05716,1225.0865,278.42108,0.99094284,0.32781905
1228.8,234.05716,1244.4856,280.50345,0.95779383,0.07502758
1248.3048,234.05716,1264.0408,282.1087,0.91072494,0.1688227
1267.8096,234.05716,1283.2089,283.85,0.7256365,0.09713553
1287.3143,234.05716,1302.2377,285.64163,0.9150552,0.50855833
1306.8191,234.05716,1322.0503,287.46228,0.9926562,0.25043133
1326.3239,234.05716,1341.3794,288.47946,0.99460316,0.50984794
1345.8286,234.05716,1360.8761,291.07614,0.99878705,0.461353
1365.3334,234.05716,1380.053,292.3473,0.99934965,0.40533265
1384.8381,234.05716,1400.1848,293.47382,0.9988744,0.6391775
1404.3429,234.05716,1419.0688,296.59186,0.9987525,0.8876683
1423.8477,234.05716,1438.6853,297.541,0.9956093,0.1196844
1443.3524,234.05716,1458.1046,298.4395,0.98228806,0.70474195
1462.8572,234.05716,1477.6885,301.01398,0.7001343,0.19035584
1482.3619,234.05716,1497.182,302.92792,0.6004271,0.4125131
1501.8667,234.05716,1516.4886,303.90808,0.8909008,0.33235458
1521.3715,234.05716,1535.9099,305.67355,0.99104,0.2665191
1540.8762,234.05716,1555.6759,307.49088,0.99913347,0.37388846
1560.381,234.05716,1574.9966,308.78806,0.9985728,0.5990059
1579.8857,234.05716,1594.5026,311.27106,0.9980016,0.38551638
1599.3905,234.05716,1613.8091,312.32974,0.9909405,0.44961002
1618.8953,234.05716,1633.0616,314.48172,0.97866493,0.04248766
1638.4,234.05716,1652.4031,316.29547,0.9930401,0.17635435
1657.9048,234.05716,1671.6952,317.4267,0.9745064,0.46838617
1677.4095,234.05716,1691.5751,318.8513,0.8725936,0.72515917
1696.9143,234.05716,1710.3187,322.0403,0.28304645,0.92281157
1716.4191,234.05716,1730.3619,322.7822,0.92210877,0.22016275
1735.9238,234.05716,1749.557,324.17792,0.99030405,0.46864444
1755.4286,234.05716,1769.2471,326.619,0.9951242,0.33150735
1774.9333,234.05716,1789.3557,327.7741,0.9925485,0.8963406
1794.4381,234.05716,1807.8756,330.25574,0.94785225,0.5193107
1813.9429,234.05716,1827.4374,331.3691,0.94707936,0.10398866
1833.4476,234.05716,1847.0624,332.58417,0.95870954,0.61775565
1852.9524,234.05716,1866.0645,335.2464,0.9823717,0.436553
1872.4573,234.05716,1886.3365,336.21353,0.96651584,0.75772387
1891.962,234.05716,1904.785,337.53006,0.91773474,0.7690368
1911.4668,234.05716,1924.747,340.58194,0.8422999,0.6840102
1930.9716,234.05716,1943.9736,340.7939,0.31126374,0.8455827
1950.4763,234.05716,1964.2435,343.06717,0.5904797,0.9105197
1969.9811,234.05716,1983.31,345.50067,0.82851946,0.68431115
39.009525,253.56192,57.30521,195.98979,0.9996223,0.25501528
58.51429,253.56192,76.84769,198.31577,0.99944305,0.44631624
78.01905,253.56192,96.3514,199.46498,0.9936572,0.10943324
97.52381,253.56192,115.65295,201.48636,0.9511499,0.24395551
117.02858,253.56192,134.90443,202.64825,0.81923,0.44223252
136.53334,253.56192,155.11781,204.38693,0.4653801,0.56241214
156.0381,253.56192,173.41919,205.94157,0.8622214,0.7768579
175.54286,253.56192,193.45462,208.47919,0.97612834,0.40740713
195.04762,253.56192,212.83563,209.97993,0.9965546,0.2249993
214.55238,253.56192,232.24968,211.53139,0.99875426,0.12118843
234.05716,253.56192,251.31201,213.00168,0.9987958,0.50500953
253.56192,253.56192,271.60825,214.68251,0.9998075,0.43508425
273.06668,253.56192,290.89334,216.12201,0.99985814,0.5139383
292.57144,253.56192,308.85605,218.19402,0.99980056,1.2249944
312.0762,253.56192,329.6176,220.04268,0.99923366,0.12879106
331.58096,253.56192,348.98044,221.31056,0.9826012,0.36515108
351.08572,253.56192,368.07718,223.65843,0.81683904,0.40870455
370.59048,253.56192,387.7763,225.37035,0.5074983,0.29799134
390.09525,253.56192,407.23688,227.22533,0.97428787,0.4520628
409.6,253.56192,426.59177,228.262,0.99636763,0.2225267
429.10477,253.56192,446.35388,229.94928,0.9995485,0.34439245
448.60953,253.56192,465.86563,232.39017,0.9999051,0.6203704
468.11432,253.56192,485.20746,233.50401,0.9998654,0.263345
487.61908,253.56192,504.2115,234.53386,0.9997854,0.75903326
507.12384,253.56192,524.2106,236.81503,0.9998007,0.42645687
526.6286,253.56192,542.66785,238.53383,0.9981651,0.5936812
546.13336,253.56192,562.419,240.20331,0.98982626,0.3075267
565.6381,253.56192,581.74536,242.1414,0.9445327,0.36717215
604.64764,253.56192,620.75665,245.28107,0.8692568,0.28471386
624.1524,253.56192,640.62445,247.088,0.9922965,0.24205476
643.65717,253.56192,659.2722,248.91277,0.9987797,0.5574744
663.1619,253.56192,679.44214,251.09784,0.99904877,0.5563057
682.6667,253.56192,698.5568,252.66954,0.9992093,0.41850385
702.17145,253.56192,717.54565,253.92856,0.9992561,0.57589906
721.6762,253.56192,738.22125,255.84285,0.9991488,0.6921359
741.18097,253.56192,756.56836,257.67426,0.9993783,0.51120585
760.6857,253.56192,775.9811,258.46094,0.9955176,0.7477517
780.1905,253.56192,795.5443,260.13168,0.939477,0.70643187
819.2,253.56192,834.32776,264.63156,0.6859926,0.5931517
838.7048,253.56192,853.8182,265.2448,0.953492,0.7022122
858.20953,253.56192,873.46594,267.90146,0.99598294,0.34364635
877.7143,253.56192,892.78516,269.2373,0.9976159,0.21240225
897.21906,253.56192,912.3338,271.74338,0.99665624,0.7767318
916.7238,253.56192,930.9612,272.4285,0.9974148,0.9271394
936.22864,253.56192,950.54236,273.72095,0.9931916,0.9886383
955.7334,253.56192,971.03265,275.86847,0.99485475,0.37561253
975.23816,253.56192,989.9401,277.82312,0.9914654,0.21357395
994.7429,253.56192,1009.5075,278.72043,0.9624192,0.75470346
1014.2477,253.56192,1028.8782,281.7105,0.9032729,0.5542772
1033.7524,253.56192,1048.1718,283.1754,0.6583238,0.4045853
1053.2572,253.56192,1067.6724,283.78848,0.9536286,0.80766386
1072.762,253.56192,1087.3375,287.07166,0.9893372,0.80088985
1092.2667,253.56192,1106.8328,287.99612,0.994802,0.10495896
1111.7715,253.56192,1126.2147,290.33688,0.9966808,0.66748905
1131.2762,253.56192,1145.426,292.2706,0.9977868,0.91426307
1150.781,253.56192,1164.993,292.87143,0.99899787,0.20214646
1170.2858,253.56192,1184.6165,294.3797,0.99911433,0.42447618
1189.7905,253.56192,1203.7506,296.8325,0.993774,0.384792
1209.2953,253.56192,1223.7205,298.498,0.9833707,0.52150196
1228.8,253.56192,1243.0311,299.49942,0.8751047,0.46947455
1248.3048,253.56192,1261.8705,301.95398,0.68603826,0.48916474
1267.8096,253.56192,1281.8447,303.0186,0.7233644,0.3478135
1287.3143,253.56192,1301.4137,304.9591,0.9211165,0.3777539
1306.8191,253.56192,1320.4916,306.945,0.965785,0.27508578
1326.3239,253.56192,1340.1501,308.35767,0.9834572,0.25328103
1345.8286,253.56192,1359.4601,310.2761,0.9902642,0.24411426
1365.3334,253.56192,1379.4962,311.9174,0.9947803,0.7523139
1384.8381,253.56192,1398.6179,312.93216,0.99534816,0.688695
1404.3429,253.56192,1417.8501,314.6365,0.9925597,0.58198524
1423.8477,253.56192,1437.5847,316.71545,0.9868438,0.55688393
1443.3524,253.56192,1456.9362,319.215,0.9741736,0.78915006
1462.8572,253.56192,1476.3665,320.65192,0.5119828,0.5939577
1482.3619,253.56192,1495.168,322.35815,0.2849079,0.42464194
1501.8667,253.56192,1515.499,323.5608,0.89987826,0.7351702
1521.3715,253.56192,1534.5135,325.3449,0.949322,0.31196558
1540.8762,253.56192,1553.8954,326.89905,0.983225,0.31336948
1560.381,253.56192,1573.1272,328.92047,0.9943374,0.16297628
1579.8857,253.56192,1592.6946,330.7937,0.9719319,0.3804217
1599.3905,253.56192,1611.1921,331.86002,0.8984883,0.7955554
1618.8953,253.56192,1631.1647,333.3137,0.8882611,0.5882948
1638.4,253.56192,1650.7635,335.86478,0.96670103,0.29539233
1657.9048,253.56192,1669.6946,336.87863,0.95992225,0.65230715
1677.4095,253.56192,1689.6456,339.4632,0.8735253,0.49307403
1716.4191,253.56192,1728.7964,342.34622,0.59345305,0.28943264
1735.9238,253.56192,1747.7177,344.37692,0.9064383,0.3781263
1755.4286,253.56192,1767.7246,345.86078,0.9301857,0.36701322
1774.9333,253.56192,1786.8151,347.47855,0.82281995,0.017761126
1794.4381,253.56192,1806.2383,349.98447,0.5699015,0.8146773
1813.9429,253.56192,1826.3047,351.35602,0.5309838,0.8069804
1833.4476,253.56192,1844.771,352.0072,0.670048,0.6472731
1852.9524,253.56192,1864.6863,354.52832,0.7621662,0.3065449
1872.4573,253.56192,1884.0757,356.33728,0.5919932,0.38773867
1891.962,253.56192,1903.6769,357.44748,0.5830988,0.36844116
1911.4668,253.56192,1922.9154,359.51605,0.6143411,0.17845765
39.009525,273.06668,55.507614,215.10968,0.9992212,0.5657072
58.51429,273.06668,74.70553,216.58745,0.99817276,0.87799674
78.01905,273.06668,94.738205,219.10681,0.9797083,0.14000155
97.52381,273.06668,114.30191,220.12253,0.9354607,0.6253867
117.02858,273.06668,133.34756,222.12787,0.82195514,0.31761476
136.53334,273.06668,152.57687,223.78674,0.56156504,0.47811976
156.0381,273.06668,171.66318,225.33443,0.5674374,0.84440994
175.54286,273.06668,191.3834,227.97635,0.96668744,0.626422
195.04762,273.06668,210.75266,229.30504,0.98752236,0.4837201
214.55238,273.06668,230.32794,230.55,0.9993199,0.48303
234.05716,273.06668,249.79564,232.61433,0.99850255,0.2914207
253.56192,273.06668,269.19614,234.04298,0.9987879,0.41404846
273.06668,273.06668,288.32687,235.46999,0.99905884,0.8191704
292.57144,273.06668,308.3345,237.43199,0.9973445,0.27560025
312.0762,273.06668,327.43405,239.48375,0.9976565,0.38338473
331.58096,273.06668,346.67236,240.40071,0.9556517,0.90349686
351.08572,273.06668,366.63943,242.40373,0.8225598,0.40138334
370.59048,273.06668,385.8649,244.38965,0.40649045,0.2619981
390.09525,273.06668,404.92728,246.39816,0.9241251,0.63440573
409.6,273.06668,424.35693,248.0124,0.99274385,0.6144725
429.10477,273.06668,444.25836,249.93796,0.9991305,0.3600426
448.60953,273.06668,463.40976,251.68251,0.99975806,0.5604599
468.11432,273.06668,483.09167,253.15607,0.99835014,0.22222252
487.61908,273.06668,502.66946,254.27638,0.99776727,0.4274604
507.12384,273.06668,522.1872,256.6686,0.9990755,0.27483302
526.6286,273.06668,541.55426,258.00098,0.99595094,0.10295241
546.13336,273.06668,560.9896,260.23334,0.9851049,0.43009976
565.6381,273.06668,580.16425,261.66107,0.94040614,0.2887244
585.1429,273.06668,600.0085,263.10223,0.41255772,0.19936995
604.64764,273.06668,619.24524,265.32236,0.842843,0.41961256
624.1524,273.06668,638.6202,266.39444,0.9751613,0.222775
643.65717,273.06668,658.0997,268.43207,0.99323213,0.13198677
663.1619,273.06668,677.3556,270.25186,0.9862885,0.32117745
682.6667,273.06668,697.17346,272.23376,0.99141556,0.5616624
702.17145,273.06668,716.7867,273.16183,0.9872627,0.43898806
721.6762,273.06668,736.0796,275.1911,0.9866587,0.24547036
741.18097,273.06668,755.3792,276.83948,0.9964202,0.10476885
760.6857,273.06668,774.45984,278.5227,0.99475896,0.25248462
780.1905,273.06668,794.5607,280.07816,0.9831057,0.43688336
799.69525,273.06668,813.9244,282.1187,0.35559383,0.41276222
819.2,273.06668,833.5167,283.74353,0.58468884,0.5325465
838.7048,273.06668,851.7978,286.32394,0.72706175,1.2029932
858.20953,273.06668,871.7128,287.25916,0.96177256,0.29780656
877.7143,273.06668,891.193,288.4031,0.98310244,0.31633908
897.21906,273.06668,910.75946,290.2598,0.99200255,0.14682552
916.7238,273.06668,930.5325,292.46524,0.9857116,0.52289194
936.22864,273.06668,949.6758,293.89905,0.9869311,0.1315366
955.7334,273.06668,969.3663,295.51993,0.9848168,0.3497401
975.23816,273.06668,988.7224,297.28244,0.92346305,0.28631106
994.7429,273.06668,1008.1558,298.30603,0.8649454,0.65786237
1014.2477,273.06668,1027.4943,300.6495,0.45759147,0.19156964
1033.7524,273.06668,1046.9392,302.83914,0.5813446,0.57293415
1053.2572,273.06668,1066.725,303.61227,0.8239772,0.6785422
1072.762,273.06668,1085.1422,306.05487,0.93855447,0.57806796
1092.2667,273.06668,1105.206,307.64407,0.9108132,0.29877117
1111.7715,273.06668,1124.8573,310.07175,0.9660514,1.0474083
1131.2762,273.06668,1144.2587,311.2374,0.9890621,0.5692974
1150.781,273.06668,1163.4573,312.50012,0.97593427,0.13490054
1170.2858,273.06668,1183.5513,314.4386,0.98443264,0.83268017
1189.7905,273.06668,1201.9388,316.2566,0.9715921,0.43088225
1209.2953,273.06668,1221.3019,317.50723,0.86522025,0.32615566
1228.8,273.06668,1240.9116,319.9177,0.84060735,0.6300885
1248.3048,273.06668,1259.9684,320.84882,0.39997345,0.5292868
1267.8096,273.06668,1279.5676,322.38464,0.6150655,0.4634344
1287.3143,273.06668,1299.6172,324.5143,0.87464225,0.3027524
1306.8191,273.06668,1318.7716,326.28192,0.9392655,0.18039446
1326.3239,273.06668,1338.5355,327.2477,0.92804927,0.6489597
1345.8286,273.06668,1357.256,329.0384,0.947893,0.5939026
1365.3334,273.06668,1377.3176,331.2167,0.9573679,0.25972596
1384.8381,273.06668,1395.9089,332.91068,0.85755175,0.58003026
1404.3429,273.06668,1415.5425,334.6405,0.74944776,0.37898114
1423.8477,273.06668,1435.4154,336.62308,0.83200336,0.32836217
1443.3524,273.06668,1454.5029,338.20822,0.589932,0.3462538
1462.8572,273.06668,1473.5302,340.6256,0.5882569,1.1481141
1482.3619,273.06668,1493.1123,341.60544,0.38559154,0.5673512
1501.8667,273.06668,1513.3821,343.14078,0.64911497,0.31246534
1521.3715,273.06668,1532.4901,345.13287,0.4009156,0.33205575
1540.8762,273.06668,1552.4907,346.02158,0.86274344,0.73538506
1560.381,273.06668,1571.13,347.85654,0.9101535,0.41619098
1579.8857,273.06668,1590.2458,350.35608,0.6818776,0.71264017
1599.3905,273.06668,1610.3188,351.3266,0.7485767,0.2899607
1618.8953,273.06668,1629.656,353.70068,0.67764306,0.39987248
1638.4,273.06668,1649.0645,354.93466,0.5540384,0.06946726
1657.9048,273.06668,1668.6235,356.2343,0.53977126,0.47855633
1677.4095,273.06668,1688.5596,358.8094,0.3897783,0.73649114
1696.9143,273.06668,1707.4479,360.277,0.39079934,0.18993427
1735.9238,273.06668,1746.4612,364.06345,0.48473743,0.60536176
1755.4286,273.06668,1766.3048,365.48026,0.8653668,0.69458467
1794.4381,273.06668,1803.5453,368.68143,0.37443742,0.9881931
1813.9429,273.06668,1823.0393,370.42712,0.33352768,0.9300709
1833.4476,273.06668,1842.6074,371.60815,0.48405892,0.8764257
1852.9524,273.06668,1862.1368,373.8571,0.5016238,0.7026686
1911.4668,273.06668,1922.0946,378.94476,0.49575877,0.9916858
1930.9716,273.06668,1939.6322,380.7586,0.51070523,0.94780993
1950.4763,273.06668,1959.5941,382.07986,0.77416354,0.39901194
1969.9811,273.06668,1978.3157,383.99295,0.6742753,1.0934386
1989.4858,273.06668,1998.441,385.5428,0.79450345,0.39877117
39.009525,292.57144,53.76692,235.3222,0.99846447,0.42581418
58.51429,292.57144,73.14707,235.9049,0.99651754,0.9069541
78.01905,292.57144,92.65416,238.43748,0.97266287,0.28843883
97.52381,292.57144,112.16663,239.77419,0.8483894,0.4157973
117.02858,292.57144,131.28146,242.01566,0.59023786,0.55256975
136.53334,292.57144,151.31935,243.28664,0.5026981,0.26253694
156.0381,292.57144,170.59521,245.93404,0.4654374,0.7025477
175.54286,292.57144,189.96677,248.06953,0.94076324,1.1419013
195.04762,292.57144,209.49742,248.70752,0.9877789,0.07802822
214.55238,292.57144,228.53027,249.97075,0.9966311,0.5604264
234.05716,292.57144,248.76738,252.10464,0.9967607,0.38681558
253.56192,292.57144,268.08008,253.61966,0.99812686,0.28669497
273.06668,292.57144,287.17178,255.19444,0.98507243,0.2520106
292.57144,292.57144,307.036,257.46988,0.96470714,0.4900771
312.0762,292.57144,326.83585,258.58304,0.9873042,0.76904124
331.58096,292.57144,345.56985,259.74185,0.9670078,0.7932392
351.08572,292.57144,364.88464,262.255,0.8021629,0.08796473
370.59048,292.57144,384.7238,264.05923,0.33036605,0.34632182
390.09525,292.57144,403.7138,265.72943,0.9422058,0.15106694
409.6,292.57144,423.29138,267.734,0.9741224,0.400753
429.10477,292.57144,443.2289,269.10074,0.98795724,0.5406878
448.60953,292.57144,462.18164,270.44208,0.99484676,0.2980287
468.11432,292.57144,482.18857,272.80984,0.9903936,0.7379014
487.61908,292.57144,501.42694,273.92697,0.9766436,0.4890205
507.12384,292.57144,520.9192,275.92993,0.9798503,0.51365614
526.6286,292.57144,540.2914,277.93912,0.9839894,0.6027001
546.13336,292.57144,559.6202,279.02847,0.9599246,0.40119222
565.6381,292.57144,578.8453,281.12592,0.61403924,0.23705591
585.1429,292.57144,598.9014,282.34866,0.3705049,0.8161782
604.64764,292.57144,617.74304,284.3117,0.85371506,0.17717202
624.1524,292.57144,637.25757,286.2609,0.9391154,0.3450277
643.65717,292.57144,656.3844,287.76312,0.9740802,0.052849572
663.1619,292.57144,675.1686,289.80103,0.8880249,0.78194684
682.6667,292.57144,695.39954,291.23413,0.7865927,0.14905246
702.17145,292.57144,714.9945,292.7681,0.88530064,0.28224656
721.6762,292.57144,734.6823,295.1406,0.98229593,0.80702543
741.18097,292.57144,754.58307,296.92032,0.96599,1.2147938
760.6857,292.57144,772.87317,298.02823,0.9293732,0.16775322
780.1905,292.57144,792.2706,300.16745,0.94993585,0.5608737
799.69525,292.57144,812.2123,301.665,0.5080102,0.47471127
819.2,292.57144,831.0111,303.0223,0.25695983,0.29226092
838.7048,292.57144,850.58673,304.20187,0.80771405,0.55135256
858.20953,292.57144,870.50116,306.76068,0.7726946,0.46982652
877.7143,292.57144,889.1767,308.14963,0.9302864,0.41841426
897.21906,292.57144,909.5178,310.71008,0.9193674,1.0057812
916.7238,292.57144,927.16156,311.90286,0.8260584,1.3460983
936.22864,292.57144,947.80225,313.1644,0.8225917,0.108670436
955.7334,292.57144,967.31976,315.87866,0.74607277,0.9456522
975.23816,292.57144,986.4342,317.0696,0.75455326,0.537448
994.7429,292.57144,1005.5416,317.44135,0.74259806,1.0954446
1014.2477,292.57144,1025.6871,319.78616,0.51109445,0.25888953
1053.2572,292.57144,1064.8525,323.067,0.37873966,0.5294744
1072.762,292.57144,1083.9215,325.48923,0.5089247,0.3571385
1092.2667,292.57144,1104.3743,326.48654,0.48043326,1.0993675
1111.7715,292.57144,1122.2808,328.5034,0.67894745,0.48147926
1131.2762,292.57144,1142.2118,330.63632,0.73019725,0.40423754
1150.781,292.57144,1161.3698,331.69342,0.7475173,0.34788114
1170.2858,292.57144,1181.4313,333.08066,0.9129076,0.669038
1189.7905,292.57144,1200.3173,335.90598,0.8404851,0.597159
1209.2953,292.57144,1219.9731,336.84338,0.7241839,0.19801497
1228.8,292.57144,1240.2882,338.13016,0.88722414,1.1193748
1267.8096,292.57144,1278.2402,342.23755,0.5021483,0.110837325
1287.3143,292.57144,1297.887,344.20084,0.6828773,0.44583774
1306.8191,292.57144,1317.9635,345.43262,0.5742097,0.9022338
1326.3239,292.57144,1337.081,346.5578,0.40611672,0.8918599
1345.8286,292.57144,1356.4928,348.29718,0.68564796,0.8498249
1365.3334,292.57144,1375.6843,350.61606,0.69211024,0.3263168
1384.8381,292.57144,1395.4296,352.54736,0.32942146,0.6758755
1404.3429,292.57144,1415.0726,353.87634,0.50752586,0.8672134
1423.8477,292.57144,1434.1412,355.43655,0.39560306,0.57313454
1443.3524,292.57144,1454.1576,357.28387,0.44986564,1.0871365
1462.8572,292.57144,1473.4629,359.46683,0.35717338,1.009044
1521.3715,292.57144,1530.2539,364.31232,0.4082127,0.55473226
1540.8762,292.57144,1549.586,365.7438,0.37473384,0.67377996
1560.381,292.57144,1569.6368,368.46582,0.35827973,0.8347522
1579.8857,292.57144,1588.4127,369.87982,0.7202312,0.8747443
1599.3905,292.57144,1609.5907,370.95523,0.3564357,1.0686362
1638.4,292.57144,1647.5695,374.24387,0.37564534,0.26237383
1657.9048,292.57144,1666.6924,375.5951,0.7189454,0.55032074
1677.4095,292.57144,1686.4569,377.76776,0.743375,0.21933763
1696.9143,292.57144,1705.0853,379.86496,0.62730825,0.6797649
1735.9238,292.57144,1744.487,383.23987,0.6193985,0.3130745
1755.4286,292.57144,1763.3925,385.27286,0.36045492,0.8628458
1774.9333,292.57144,1783.2579,386.06818,0.35308027,0.29856744
1794.4381,292.57144,1802.6942,387.566,0.6295982,0.4843849
1813.9429,292.57144,1822.5427,389.88733,0.8740439,0.32248247
1833.4476,292.57144,1841.9061,391.48752,0.8953334,0.22220017
1852.9524,292.57144,1861.4175,393.10742,0.76367617,0.2965746
1872.4573,292.57144,1880.182,394.61386,0.85167104,0.42930007
1891.962,292.57144,1899.5574,395.7887,0.749443,0.85542756
1911.4668,292.57144,1919.0254,398.46982,0.58309054,0.45594627
1930.9716,292.57144,1938.5275,400.26993,0.4450925,0.46412164
1950.4763,292.57144,1957.7043,401.58875,0.9501835,0.5718429
1969.9811,292.57144,1977.5527,403.6619,0.92834496,0.36478132
1989.4858,292.57144,1997.2933,404.9145,0.9438386,0.1956805
39.009525,312.0762,52.477226,254.10902,0.99378407,0.3693564
58.51429,312.0762,71.97369,256.04077,0.97613454,0.20427649
78.01905,312.0762,91.29681,258.34018,0.9830238,0.4775693
97.52381,312.0762,111.01903,259.1444,0.82881576,0.54502696
117.02858,312.0762,130.45728,261.3852,0.776275,0.37322733
136.53334,312.0762,149.27434,262.36313,0.32312962,0.6561034
156.0381,312.0762,169.19812,264.21405,0.33334646,0.50816935
175.54286,312.0762,188.80353,266.917,0.88771415,0.68615294
195.04762,312.0762,208.13338,268.42517,0.9740072,0.47328463
214.55238,312.0762,226.92572,269.90134,0.9714295,0.3575572
234.05716,312.0762,247.00972,271.76505,0.96924835,0.44046167
253.56192,312.0762,265.55228,272.9931,0.9688936,0.59088004
273.06668,312.0762,285.68295,274.64255,0.9877517,0.26032767
292.57144,312.0762,304.45697,277.17133,0.9573084,0.7997174
312.0762,312.0762,323.73563,277.7618,0.8951182,0.8407972
331.58096,312.0762,343.54965,278.85553,0.86278445,1.1468104
351.08572,312.0762,362.72238,281.54086,0.55339986,0.5617482
370.59048,312.0762,383.0324,283.6342,0.3928226,0.42713898
390.09525,312.0762,401.88312,285.27454,0.6574796,0.32481167
409.6,312.0762,421.4138,287.0005,0.6496595,0.2782308
429.10477,312.0762,441.3624,288.1114,0.632322,0.511734
448.60953,312.0762,460.85962,289.80957,0.93153363,0.56295985
468.11432,312.0762,479.50266,291.95236,0.9115218,0.36160517
487.61908,312.0762,499.3557,294.07635,0.89836806,0.5166551
507.12384,312.0762,519.1637,295.83823,0.9059058,0.7284775
526.6286,312.0762,538.0395,297.06302,0.9473472,0.14439061
546.13336,312.0762,558.6627,298.29263,0.9262384,1.1488997
565.6381,312.0762,577.5093,299.71674,0.8962682,0.82015973
585.1429,312.0762,595.8759,301.92984,0.3077822,0.57678044
604.64764,312.0762,615.80835,302.9254,0.42258924,0.8410584
624.1524,312.0762,635.37994,305.38733,0.5821936,0.11257089
643.65717,312.0762,654.9073,307.29474,0.50657445,0.22139472
663.1619,312.0762,673.7141,309.01532,0.6924928,0.46977475
682.6667,312.0762,693.7259,310.55173,0.631622,0.13698341
702.17145,312.0762,713.0009,311.83823,0.5449617,0.42636207
721.6762,312.0762,732.15515,314.68338,0.39088377,0.7775698
741.18097,312.0762,751.4104,316.2845,0.59522814,0.7787717
760.6857,312.0762,771.40717,317.2595,0.36555213,0.14159474
780.1905,312.0762,790.55225,318.77933,0.38684002,0.34215936
838.7048,312.0762,849.51575,324.1438,0.5993441,0.4824102
858.20953,312.0762,868.6535,326.21396,0.7267136,0.39803582
877.7143,312.0762,887.68744,327.1679,0.48981503,0.4468575
897.21906,312.0762,907.7559,329.6438,0.55914044,0.5743369
916.7238,312.0762,927.26,331.0547,0.26308912,0.51224875
955.7334,312.0762,965.19934,334.3063,0.31719273,0.4216296
975.23816,312.0762,984.6555,336.39212,0.3805605,0.5115869
1014.2477,312.0762,1023.6099,340.43875,0.35417882,1.0200752
1033.7524,312.0762,1043.8333,341.06375,0.20298328,0.50396067
1053.2572,312.0762,1062.5289,342.637,0.44314668,0.33049384
1092.2667,312.0762,1101.0737,346.7783,0.54290485,0.758746
1111.7715,312.0762,1119.9388,348.2137,0.38107198,1.1501794
1131.2762,312.0762,1140.128,349.74695,0.24995998,0.3734232
1150.781,312.0762,1160.1614,351.36002,0.46375054,0.23891109
1170.2858,312.0762,1179.3947,352.20627,0.49222976,0.85776114
1189.7905,312.0762,1198.8047,355.39453,0.21224555,0.63191426
1209.2953,312.0762,1217.7571,356.16397,0.47285634,0.5461216
1248.3048,312.0762,1256.9269,359.62924,0.36072096,0.2766908
1306.8191,312.0762,1315.8158,365.42752,0.4407127,0.6462646
1326.3239,312.0762,1334.6111,366.24808,0.7935482,0.4544803
1345.8286,312.0762,1353.5078,368.51517,0.7618072,0.73608196
1365.3334,312.0762,1373.4564,370.0084,0.70787483,0.20915447
1384.8381,312.0762,1392.4591,370.91394,0.7263316,1.0567756
1404.3429,312.0762,1411.9137,372.31348,0.66036195,1.2988982
1423.8477,312.0762,1432.1073,374.96185,0.7989396,0.2548193
1443.3524,312.0762,1450.9216,376.8527,0.31968534,0.45908567
1462.8572,312.0762,1471.428,378.73834,0.31717116,0.6414547
1501.8667,312.0762,1509.0831,382.36472,0.4368184,0.7134985
1521.3715,312.0762,1528.8938,383.17264,0.81720215,0.53224677
1540.8762,312.0762,1548.312,385.01935,0.9499134,0.40791953
1560.381,312.0762,1568.4386,386.1728,0.9693789,1.0080944
1579.8857,312.0762,1587.2479,389.17938,0.9897588,0.44230694
1599.3905,312.0762,1606.8237,390.6624,0.96854484,0.20047298
1618.8953,312.0762,1626.6885,391.6235,0.92827165,0.6909742
1638.4,312.0762,1645.876,394.36276,0.97255373,0.5357616
1657.9048,312.0762,1664.6616,395.3705,0.97826266,0.4934203
1677.4095,312.0762,1684.3936,397.15396,0.9470916,0.18751757
1696.9143,312.0762,1703.8223,399.22308,0.8612965,0.30402458
1716.4191,312.0762,1724.1388,399.5014,0.3418593,1.3711733
1735.9238,312.0762,1742.6238,401.9007,0.585865,0.5085205
1755.4286,312.0762,1762.4404,404.53513,0.82734233,0.5035889
1774.9333,312.0762,1781.3092,405.96185,0.9317861,0.4388984
1794.4381,312.0762,1800.6569,407.4954,0.882471,0.47460347
1813.9429,312.0762,1820.2891,409.51028,0.9093423,0.44221207
1833.4476,312.0762,1839.3848,410.33316,0.9639252,0.8043117
1852.9524,312.0762,1858.7054,412.52304,0.9710356,0.71745205
1872.4573,312.0762,1879.3285,413.9093,0.906057,0.59196895
1891.962,312.0762,1898.2899,415.37067,0.8755428,0.59061575
1911.4668,312.0762,1918.124,417.5146,0.8062962,0.43580034
1950.4763,312.0762,1956.0214,420.76193,0.62778556,0.62903845
1969.9811,312.0762,1975.4519,423.4699,0.98093414,0.8992642
1989.4858,312.0762,1995.1504,424.19095,0.9791519,0.3929337
39.009525,331.58096,51.20976,273.99133,0.9486292,0.53663236
58.51429,331.58096,70.24356,275.87228,0.9364584,0.30569068
78.01905,331.58096,89.53582,277.04675,0.8976658,0.24957567
97.52381,331.58096,109.28225,278.38852,0.7575522,0.6817306
117.02858,331.58096,128.53046,280.2015,0.56971747,0.51059294
136.53334,331.58096,147.5172,282.06085,0.29770795,0.46146524
175.54286,331.58096,186.50555,286.23477,0.5801864,0.47809243
195.04762,331.58096,206.59514,287.59155,0.34855452,0.47886515
214.55238,331.58096,225.00742,288.5175,0.7165064,0.8727435
234.05716,331.58096,245.18935,291.4353,0.7078437,0.5761494
253.56192,331.58096,264.14325,292.49582,0.69761914,0.29197252
273.06668,331.58096,283.91232,293.77753,0.73703593,0.5221817
292.57144,331.58096,303.2765,295.99387,0.573848,0.0028368218
312.0762,331.58096,322.60248,297.50888,0.54266024,0.2151076
331.58096,331.58096,342.05264,299.35077,0.36269018,0.097957514
351.08572,331.58096,361.2819,301.29703,0.42043078,0.35178137
390.09525,331.58096,399.16226,304.7758,0.21925166,1.2996309
409.6,331.58096,420.5884,306.35938,0.46302173,0.7448285
429.10477,331.58096,439.20248,307.11887,0.27591154,0.781707
448.60953,331.58096,459.12512,308.85385,0.37975708,0.8435393
468.11432,331.58096,479.1971,311.19394,0.37763163,1.0484889
487.61908,331.58096,498.5226,312.79025,0.3549513,0.9606624
526.6286,331.58096,536.8288,316.64136,0.42697424,0.45582426
546.13336,331.58096,556.6294,318.33096,0.6778814,0.7897097
565.6381,331.58096,576.391,319.35263,0.86819386,1.1714691
585.1429,331.58096,595.28876,321.19827,0.21640508,0.6266442
624.1524,331.58096,633.4502,325.18207,0.31690028,0.32292977
643.65717,331.58096,652.8779,326.82516,0.638229,0.2751356
663.1619,331.58096,672.3175,328.70355,0.35822883,0.4325448
682.6667,331.58096,692.97473,330.73636,0.3914424,1.3144017
721.6762,331.58096,730.7758,333.7785,0.4402004,0.3846769
741.18097,331.58096,749.9519,335.27158,0.6813919,0.2896093
760.6857,331.58096,769.8334,336.5738,0.3538679,0.31285572
780.1905,331.58096,789.18335,338.09894,0.6516346,0.42000583
799.69525,331.58096,808.02814,340.6458,0.36367297,0.63353986
819.2,331.58096,828.2355,341.7294,0.2870673,0.3709369
838.7048,331.58096,847.4775,344.0855,0.7067287,0.51173353
858.20953,331.58096,866.3661,345.08447,0.655411,0.4501543
877.7143,331.58096,886.43933,346.2668,0.6552173,0.7674201
897.21906,331.58096,905.90137,348.01196,0.57250404,0.73594105
916.7238,331.58096,925.292,350.875,0.5402422,0.535639
936.22864,331.58096,944.5998,352.14386,0.7829597,0.1236536
955.7334,331.58096,963.83636,354.32596,0.89648145,0.5379553
975.23816,331.58096,983.75366,355.36777,0.783886,0.42519152
994.7429,331.58096,1003.04095,357.3727,0.75642675,0.31777114
1014.2477,331.58096,1022.1184,359.4401,0.7101609,0.55356264
1033.7524,331.58096,1041.8236,360.44867,0.5459037,0.23466744
1053.2572,331.58096,1061.6161,362.1805,0.6950623,0.5578992
1072.762,331.58096,1080.3973,364.93408,0.7811239,0.9459047
1092.2667,331.58096,1100.047,365.76553,0.96679074,0.13648668
1111.7715,331.58096,1119.0105,367.08743,0.96851975,0.46580192
1131.2762,331.58096,1139.4681,369.39294,0.94340634,0.73942375
1150.781,331.58096,1158.5922,370.5656,0.91779435,0.43429032
1170.2858,331.58096,1178.1298,371.70004,0.9120093,0.92568845
1189.7905,331.58096,1197.0237,374.6563,0.8247367,0.4666641
1209.2953,331.58096,1216.6718,375.8884,0.7795218,0.15767418
1228.8,331.58096,1236.3593,377.49432,0.6049274,0.42622915
1248.3048,331.58096,1255.046,379.5,0.78341234,0.38869786
1267.8096,331.58096,1274.95,380.95578,0.55781245,0.14897166
1287.3143,331.58096,1294.3053,382.08463,0.7047729,0.61253786
1306.8191,331.58096,1313.6049,385.39963,0.8317218,1.0083174
1326.3239,331.58096,1332.8379,386.59528,0.9438481,0.5652093
1345.8286,331.58096,1352.3848,387.57947,0.95894486,0.25719795
1365.3334,331.58096,1371.6221,389.87878,0.990909,0.5118162
1384.8381,331.58096,1391.4755,390.6196,0.9901261,0.5799017
1404.3429,331.58096,1410.5715,392.34702,0.930611,0.59966576
1423.8477,331.58096,1429.9707,394.87488,0.91649365,0.39695317
1443.3524,331.58096,1449.5237,395.76868,0.88930744,0.54720163
1462.8572,331.58096,1468.6456,398.17557,0.9221294,0.5001548
1482.3619,331.58096,1487.8898,399.17468,0.4261179,0.83276594
1501.8667,331.58096,1507.6682,401.0077,0.4457673,0.49063116
1521.3715,331.58096,1527.1321,403.0835,0.95869386,0.27090773
1540.8762,331.58096,1546.5181,404.6436,0.99431235,0.34865052
1560.381,331.58096,1565.9194,405.8174,0.9903528,0.75791806
1579.8857,331.58096,1584.856,409.00098,0.99826235,1.16467
1599.3905,331.58096,1604.7959,409.5354,0.99320745,0.48552865
1618.8953,331.58096,1624.2175,411.8337,0.99207854,0.4151894
1638.4,331.58096,1644.2632,413.30548,0.9970956,0.27753064
1657.9048,331.58096,1663.3998,414.47665,0.9898639,0.5159571
1677.4095,331.58096,1682.4073,416.11215,0.98937243,0.72793895
1696.9143,331.58096,1702.2245,418.32635,0.8507315,0.084621675
1716.4191,331.58096,1721.533,419.14478,0.5843329,0.96347606
1735.9238,331.58096,1740.665,421.1643,0.78044933,0.78645325
1755.4286,331.58096,1760.5658,423.90173,0.95133364,0.4096517
1774.9333,331.58096,1779.6049,424.8727,0.9899217,0.5078577
1794.4381,331.58096,1799.6378,426.44205,0.99116683,0.49550018
1813.9429,331.58096,1818.5879,428.44995,0.98838025,0.30767643
1833.4476,331.58096,1838.1057,429.8157,0.9913201,0.5111124
1852.9524,331.58096,1858.166,432.70554,0.9927933,0.8405727
1872.4573,331.58096,1877.1436,433.80426,0.99402773,0.11278907
1891.962,331.58096,1896.3163,435.54996,0.9906267,0.31020188
1911.4668,331.58096,1916.0526,437.3972,0.9015271,0.3079226
1930.9716,331.58096,1934.7626,438.44467,0.43672186,0.764888
1950.4763,331.58096,1954.4924,440.97168,0.7575097,0.6136869
1969.9811,331.58096,1973.7098,442.46277,0.9923628,0.6543008
1989.4858,331.58096,1993.8563,444.62958,0.99708694,0.7477767
39.009525,351.08572,47.924267,292.89404,0.5212377,1.142543
58.51429,351.08572,67.53153,294.88287,0.46460387,0.8923485
97.52381,351.08572,106.58596,297.5023,0.3311872,1.1519464
117.02858,351.08572,125.89269,299.74695,0.21444437,0.8956124
136.53334,351.08572,145.74814,301.71112,0.253186,0.40313312
156.0381,351.08572,165.39908,302.9324,0.35849524,0.61688495
175.54286,351.08572,184.5822,304.9548,0.37469116,0.49458575
195.04762,351.08572,204.1615,307.04718,0.4851017,0.29070547
214.55238,351.08572,223.73917,307.9442,0.69714284,0.692238
234.05716,351.08572,243.25963,310.55988,0.6689584,0.23509808
253.56192,351.08572,262.8829,311.80206,0.3398137,0.27859867
273.06668,351.08572,281.71548,313.7983,0.31172603,0.43863145
292.57144,351.08572,301.33914,315.20352,0.38551375,0.3270761
312.0762,351.08572,320.4222,317.25424,0.3351514,0.6008101
331.58096,351.08572,340.9179,318.87506,0.34613577,0.4806454
351.08572,351.08572,359.64746,319.83487,0.22014554,0.7262844
390.09525,351.08572,398.73633,324.18796,0.35655186,0.2619796
409.6,351.08572,417.6986,326.0423,0.564016,0.6228629
429.10477,351.08572,437.41144,327.0946,0.70416754,0.29371986
448.60953,351.08572,457.322,329.51492,0.5705643,0.5732119
468.11432,351.08572,476.51093,331.0901,0.66634095,0.36874846
487.61908,351.08572,495.7621,332.54425,0.3979337,0.17006241
507.12384,351.08572,515.16364,334.49573,0.73473454,0.39962193
526.6286,351.08572,535.0908,335.8499,0.46516618,0.34649038
546.13336,351.08572,554.15265,337.57874,0.59373313,0.057920434
585.1429,351.08572,593.05426,340.84125,0.21601477,0.08606576
604.64764,351.08572,612.28186,342.2244,0.8870756,0.44193083
624.1524,351.08572,632.1875,344.42657,0.9726687,0.30670506
643.65717,351.08572,650.9219,345.8357,0.9624546,0.44868898
663.1619,351.08572,671.0581,347.90536,0.8875594,0.3490739
682.6667,351.08572,689.2247,349.6721,0.8143049,0.99596655
702.17145,351.08572,710.0861,351.0039,0.7574413,0.48154134
721.6762,351.08572,728.28815,352.24634,0.79628485,0.9573405
741.18097,351.08572,747.75305,354.86005,0.94934267,0.8014733
760.6857,351.08572,767.3704,356.48438,0.8810339,0.6002107
780.1905,351.08572,786.93604,357.06927,0.7143562,0.9472795
799.69525,351.08572,806.58844,359.72086,0.78639144,0.20776057
838.7048,351.08572,845.43896,363.24435,0.8884639,0.29349515
858.20953,351.08572,866.26514,365.22305,0.9679333,1.2999963
877.7143,351.08572,883.9051,366.4933,0.94595045,0.5938058
897.21906,351.08572,903.6976,368.13065,0.91589266,0.22798137
916.7238,351.08572,922.5935,370.12158,0.9632046,0.8182663
936.22864,351.08572,942.26337,370.82657,0.95505905,0.87244874
955.7334,351.08572,961.774,373.42493,0.9248376,0.48633325
975.23816,351.08572,980.972,374.9373,0.9398414,0.6758395
994.7429,351.08572,1000.71545,376.19864,0.9847112,0.55947506
1014.2477,351.08572,1019.8756,378.33194,0.9689332,0.63322246
1033.7524,351.08572,1039.6677,380.0164,0.47180575,0.27172592
1053.2572,351.08572,1059.4249,381.44562,0.37341514,0.28416213
1072.762,351.08572,1078.0593,384.23633,0.92394996,1.0993298
1092.2667,351.08572,1097.7144,385.3354,0.99423736,0.5580647
1111.7715,351.08572,1118.1091,386.84854,0.9971061,0.4482905
1131.2762,351.08572,1137.3457,388.93216,0.99829936,0.48039046
1150.781,351.08572,1156.124,390.1915,0.9921609,0.39989498
1170.2858,351.08572,1175.9167,392.27258,0.9727714,0.35037372
1189.7905,351.08572,1195.5798,393.77875,0.976111,0.24982314
1209.2953,351.08572,1215.009,395.1885,0.9923959,0.23731034
1228.8,351.08572,1234.121,396.9909,0.9530148,0.12811577
1248.3048,351.08572,1253.4277,398.61386,0.90508103,0.27091596
1287.3143,351.08572,1291.9482,402.98663,0.8164196,1.0442063
1306.8191,351.08572,1311.9015,404.54053,0.9573144,0.71974653
1326.3239,351.08572,1331.5488,405.36865,0.96384025,0.21669234
1345.8286,351.08572,1350.4071,406.72495,0.9905565,0.6525913
1365.3334,351.08572,1370.2455,409.30298,0.9984263,0.3795888
1384.8381,351.08572,1389.7417,409.9578,0.9968797,0.6678471
1404.3429,351.08572,1408.8273,412.55426,0.98432606,0.3724459
1423.8477,351.08572,1428.5508,414.5249,0.9816576,0.5014347
1443.3524,351.08572,1447.6426,415.37567,0.9906713,0.48503983
1462.8572,351.08572,1467.628,417.35538,0.89301145,0.22720906
1482.3619,351.08572,1486.7571,418.73996,0.75839335,0.39261076
1501.8667,351.08572,1506.7825,420.2,0.67206895,0.80541176
1521.3715,351.08572,1525.932,421.77847,0.99088556,0.7792
1540.8762,351.08572,1544.8568,423.9076,0.9958069,0.4195694
1560.381,351.08572,1564.7211,425.43417,0.9984131,0.51360965
1579.8857,351.08572,1583.9738,428.54303,0.9990753,0.92018366
1599.3905,351.08572,1603.486,429.53317,0.99901277,0.21882826
1618.8953,351.08572,1623.0427,430.7572,0.9993133,0.32511917
1638.4,351.08572,1642.9714,432.50418,0.9996531,0.71948504
1657.9048,351.08572,1661.8177,434.11407,0.9973505,0.32496566
1677.4095,351.08572,1680.8909,435.96347,0.9906293,0.3017417
1696.9143,351.08572,1700.547,438.068,0.818132,0.24711558
1716.4191,351.08572,1719.8462,438.67712,0.26874563,0.8609871
1735.9238,351.08572,1739.4281,441.3515,0.68709373,0.12925173
1755.4286,351.08572,1759.5975,443.43707,0.9606896,0.89164037
1774.9333,351.08572,1778.8441,444.05884,0.9967719,0.78363925
1794.4381,351.08572,1798.0934,446.69724,0.99818903,0.52172035
1813.9429,351.08572,1816.867,448.23724,0.9990865,0.36403617
1833.4476,351.08572,1836.8678,449.52747,0.9951736,0.33822298
1852.9524,351.08572,1855.8448,451.8218,0.9906729,0.43692622
1872.4573,351.08572,1875.8826,453.29312,0.99725163,0.46258506
1891.962,351.08572,1894.8391,454.76437,0.99593204,0.07282863
1911.4668,351.08572,1913.9642,456.1799,0.9492312,0.48926893
1930.9716,351.08572,1933.0886,457.36127,0.39158383,1.0822067
1950.4763,351.08572,1953.3435,460.49615,0.81440175,0.598224
1969.9811,351.08572,1973.0995,461.26266,0.9940328,0.61107534
1989.4858,351.08572,1992.1002,463.1133,0.99773765,0.21848674
39.009525,370.59048,47.149918,312.5298,0.6331338,0.26302344
58.51429,370.59048,66.86533,313.62924,0.70578617,0.84215814
78.01905,370.59048,86.50207,316.22925,0.8955084,0.3664205
97.52381,370.59048,104.97242,317.59686,0.827756,0.6548906
117.02858,370.59048,124.827,319.0989,0.67841685,0.49125543
136.53334,370.59048,143.78867,321.55173,0.51421213,0.70975953
156.0381,370.59048,163.73772,322.9254,0.5636346,0.13113418
175.54286,370.59048,182.65495,324.82654,0.66151047,0.6625864
195.04762,370.59048,202.59093,326.43417,0.93501,0.15556389
214.55238,370.59048,222.03233,327.70337,0.89528096,0.37479207
234.05716,370.59048,241.67827,329.71475,0.90447176,0.10042605
253.56192,370.59048,261.3806,331.43982,0.8806116,0.36334625
273.06668,370.59048,280.39844,333.2549,0.88217896,0.10999018
292.57144,370.59048,300.2455,335.2365,0.9051495,0.52794933
312.0762,370.59048,319.68597,336.4237,0.82815456,0.39950672
331.58096,370.59048,338.50073,337.34976,0.7357667,0.9379036
351.08572,370.59048,358.36383,340.17212,0.5936416,0.2895782
370.59048,370.59048,377.68613,340.975,0.6028041,0.6869188
390.09525,370.59048,396.64935,344.27698,0.5944985,0.9965524
409.6,370.59048,416.73923,344.62695,0.9323257,0.51128477
429.10477,370.59048,435.46262,346.4332,0.9555089,0.5378606
448.60953,370.59048,455.611,348.1938,0.9480953,0.38974345
468.11432,370.59048,474.80124,350.51138,0.8986849,0.35819292
487.61908,370.59048,494.18634,351.35675,0.9166248,0.49957758
507.12384,370.59048,513.40094,354.20132,0.93326575,0.6795414
526.6286,370.59048,532.9395,355.4873,0.95508534,0.2541117
546.13336,370.59048,552.41064,356.62338,0.88815826,0.33910644
565.6381,370.59048,572.05835,358.05377,0.7634751,0.62123257
585.1429,370.59048,591.685,361.47873,0.21738102,1.1753746
604.64764,370.59048,610.21735,362.18134,0.8876016,0.5642005
624.1524,370.59048,630.75665,364.08405,0.97698605,0.64785886
643.65717,370.59048,650.0297,365.96906,0.9958827,0.6513397
663.1619,370.59048,668.7155,367.1117,0.99775976,0.34639704
682.6667,370.59048,688.046,369.0596,0.9971133,0.48816454
702.17145,370.59048,707.79034,370.6284,0.9961285,0.14874355
721.6762,370.59048,727.0249,372.20444,0.99448615,0.32981968
741.18097,370.59048,746.56915,373.8155,0.9922455,0.2542452
760.6857,370.59048,765.612,375.68643,0.9851564,0.60058236
780.1905,370.59048,785.25464,376.86615,0.91114867,0.62434983
799.69525,370.59048,804.7472,379.72867,0.8718107,0.74774927
819.2,370.59048,824.19666,381.34747,0.36815447,0.666713
838.7048,370.59048,843.64545,382.32114,0.9479757,0.31818745
858.20953,370.59048,863.09973,384.60138,0.9890589,0.5186258
877.7143,370.59048,883.0824,385.89612,0.9939314,0.290292
897.21906,370.59048,902.2023,387.7645,0.98822576,0.2104865
916.7238,370.59048,921.4463,389.67056,0.99179256,0.46528724
936.22864,370.59048,940.78955,390.33182,0.991813,0.6905966
955.7334,370.59048,960.57794,392.42218,0.98922104,0.24078606
975.23816,370.59048,980.249,394.87048,0.9950903,0.59695
994.7429,370.59048,999.74255,395.86002,0.9932755,0.41320142
1014.2477,370.59048,1018.74414,397.39935,0.9590365,0.3615186
1033.7524,370.59048,1037.7893,399.00372,0.5426014,0.63734186
1053.2572,370.59048,1057.4701,401.20496,0.6090699,0.20599394
1072.762,370.59048,1077.2683,403.66287,0.97254425,0.8252331
1092.2667,370.59048,1096.7527,404.68918,0.99962646,0.2592078
1111.7715,370.59048,1115.8665,405.91168,0.99968326,0.35604283
1131.2762,370.59048,1135.7375,407.59045,0.99968344,0.5020437
1150.781,370.59048,1155.2557,409.74738,0.9984011,0.44291115
1170.2858,370.59048,1174.407,410.9235,0.9959836,0.4577657
1189.7905,370.59048,1194.2589,413.5874,0.9946833,0.7840486
1209.2953,370.59048,1213.1107,414.73398,0.99854994,0.020871257
1228.8,370.59048,1232.8175,415.9116,0.98542684,0.60754985
1248.3048,370.59048,1252.5607,418.13916,0.9677845,0.58552676
1267.8096,370.59048,1271.5073,419.01578,0.7160887,0.8447359
1287.3143,370.59048,1291.4364,421.60773,0.8281076,0.6023451
1306.8191,370.59048,1310.656,423.6902,0.98328495,0.58424675
1326.3239,370.59048,1329.3541,424.74496,0.9981759,0.40213746
1345.8286,370.59048,1348.9496,426.06818,0.99935305,0.6126014
1365.3334,370.59048,1368.6262,428.8067,0.99976945,0.45757025
1384.8381,370.59048,1388.1567,430.09106,0.9997042,0.17162871
1404.3429,370.59048,1406.93,432.12933,0.99937344,0.6168977
1423.8477,370.59048,1426.7357,433.3323,0.99948287,0.16710052
1443.3524,370.59048,1446.2961,435.15097,0.99553084,0.015668927
1462.8572,370.59048,1465.4052,436.86053,0.9208927,0.30622396
1482.3619,370.59048,1486.0016,438.73282,0.528841,0.87816846
1501.8667,370.59048,1503.6246,439.77917,0.9311992,1.0599625
1521.3715,370.59048,1524.2302,442.08585,0.9954056,0.26288426
1540.8762,370.59048,1543.5399,443.7012,0.9990872,0.11666819
1560.381,370.59048,1562.8083,444.5902,0.99961144,0.7654759
1579.8857,370.59048,1582.4072,446.96976,0.9997914,0.14055298
1599.3905,370.59048,1601.2975,448.67166,0.99980664,0.4352666
1618.8953,370.59048,1621.1014,450.49655,0.9996518,0.06910789
1638.4,370.59048,1640.3062,451.84204,0.9994389,0.41873366
1657.9048,370.59048,1660.1138,453.62396,0.99753475,0.24918722
1677.4095,370.59048,1679.0175,455.2424,0.9897289,0.5304114
1696.9143,370.59048,1698.0219,457.21616,0.8276591,0.85664177
1716.4191,370.59048,1717.745,458.9933,0.32959425,0.5646516
1735.9238,370.59048,1737.7335,460.6332,0.9222334,0.020696228
1755.4286,370.59048,1757.0793,462.89496,0.98564434,0.5491975
1774.9333,370.59048,1776.067,464.03848,0.99884814,0.5330382
1794.4381,370.59048,1795.56,466.02997,0.9996601,0.5457863
1813.9429,370.59048,1815.3018,467.65356,0.9992139,0.256029
1833.4476,370.59048,1834.224,468.51425,0.9989619,0.923856
1852.9524,370.59048,1854.0029,470.89838,0.99933815,0.32231107
1872.4573,370.59048,1873.0845,472.61285,0.998971,0.67089283
1891.962,370.59048,1893.3195,473.39557,0.9988731,0.8680864
1911.4668,370.59048,1912.0193,476.31647,0.964195,0.6968692
1930.9716,370.59048,1932.7333,477.56018,0.3874426,0.6951627
1950.4763,370.59048,1951.4379,479.29187,0.5828195,0.071237266
1969.9811,370.59048,1970.4835,481.84695,0.99360645,0.89934
1989.4858,370.59048,1989.9023,482.62524,0.9983672,0.45192596
39.009525,390.09525,45.631783,332.1418,0.9690817,0.06804456
58.51429,390.09525,64.8677,333.3863,0.9739597,0.52200973
78.01905,390.09525,84.008484,335.78455,0.9824977,0.47681212
97.52381,390.09525,103.078995,336.7664,0.9516996,0.95019907
117.02858,390.09525,123.30717,338.15015,0.91425264,0.83759177
136.53334,390.09525,142.90211,340.43268,0.5696536,0.30517775
175.54286,390.09525,180.96721,345.02725,0.77098095,1.1303923
195.04762,390.09525,201.33551,345.789,0.93923587,0.3094517
214.55238,390.09525,219.90994,346.771,0.9924822,0.90122086
234.05716,390.09525,239.42618,350.20004,0.9904377,1.1126033
253.56192,390.09525,258.964,351.0658,0.98773515,0.39617294
273.06668,390.09525,279.05875,351.70016,0.99291515,0.9399381
292.57144,390.09525,297.57584,354.44037,0.9933914,0.62206423
312.0762,390.09525,317.41125,355.699,0.9903426,0.34975195
331.58096,390.09525,336.93338,358.04892,0.9571315,0.37704098
351.08572,390.09525,355.91098,359.93954,0.6147698,0.78616714
370.59048,390.09525,375.43845,360.59552,0.34802255,0.67496574
390.09525,390.09525,395.20224,363.2014,0.82358927,0.433988
409.6,390.09525,415.06467,365.07498,0.974628,0.66128534
429.10477,390.09525,433.84097,366.26443,0.9911394,0.3599934
448.60953,390.09525,453.4991,367.75415,0.99312145,0.18165277
468.11432,390.09525,472.97342,370.06696,0.9878953,0.48673004
487.61908,390.09525,492.35983,371.74768,0.9895778,0.47733027
507.12384,390.09525,511.84485,372.28647,0.9897297,0.7037957
526.6286,390.09525,531.19196,374.9861,0.9745267,0.33635393
546.13336,390.09525,551.03284,375.9089,0.9086588,0.542527
565.6381,390.09525,570.02136,377.5607,0.63614047,0.55754775
585.1429,390.09525,589.4072,380.93286,0.2925809,1.1690661
604.64764,390.09525,609.0908,381.81284,0.7186242,0.32712588
624.1524,390.09525,629.0937,383.3783,0.9736099,0.6257618
643.65717,390.09525,648.15106,385.1264,0.9979174,0.3272231
663.1619,390.09525,667.3028,386.4653,0.9996053,0.13355665
682.6667,390.09525,686.9378,387.79803,0.99991655,0.5102858
702.17145,390.09525,706.3446,390.341,0.9998435,0.3758843
721.6762,390.09525,725.8648,391.17737,0.99894464,0.5520661
741.18097,390.09525,745.1638,393.7797,0.99851143,0.40205315
760.6857,390.09525,764.3717,395.1113,0.997193,0.14237502
780.1905,390.09525,784.06165,397.20117,0.98170507,0.43188065
799.69525,390.09525,803.2968,398.36832,0.77832776,0.14016251
819.2,390.09525,823.2819,400.29575,0.47543147,0.49093822
838.7048,390.09525,842.2634,402.3885,0.8629044,0.50339687
858.20953,390.09525,861.9269,404.37286,0.9884503,0.8295478
877.7143,390.09525,881.1147,405.02048,0.9972635,0.2661076
897.21906,390.09525,900.6283,406.80887,0.99920434,0.204597
916.7238,390.09525,920.37225,409.17282,0.9987478,0.64062357
936.22864,390.09525,939.74036,410.0995,0.99817973,0.45495495
955.7334,390.09525,959.2992,411.94962,0.9969321,0.5007683
975.23816,390.09525,978.73883,413.74957,0.9981646,0.49234876
994.7429,390.09525,997.1187,415.58157,0.9944025,0.5678019
1014.2477,390.09525,1017.16754,418.1057,0.9702161,0.92203355
1033.7524,390.09525,1036.4185,418.7219,0.58592063,0.20347151
1053.2572,390.09525,1056.5656,420.4591,0.70772433,0.6088343
1072.762,390.09525,1075.9497,422.81146,0.9943194,0.760497
1092.2667,390.09525,1094.5089,423.92297,0.9998201,0.32812724
1111.7715,390.09525,1114.4207,425.32315,0.9994132,0.395542
1131.2762,390.09525,1134.2612,426.78403,0.99946475,0.82785213
1150.781,390.09525,1152.4801,429.10773,0.999697,0.6429727
1170.2858,390.09525,1172.3431,429.8956,0.9996075,0.9140275
1189.7905,390.09525,1191.2874,433.06638,0.99909896,0.907117
1209.2953,390.09525,1211.09,434.13187,0.99893904,0.32867366
1228.8,390.09525,1230.8396,435.6589,0.9875019,0.22616565
1248.3048,390.09525,1250.1144,437.7361,0.8901654,0.22084351
1267.8096,390.09525,1269.3859,438.3199,0.610278,1.0167205
1287.3143,390.09525,1288.4581,441.584,0.85838217,0.90506035
1306.8191,390.09525,1308.0614,443.3543,0.99001145,0.83896947
1326.3239,390.09525,1327.7281,444.4111,0.99966854,0.27069342
1345.8286,390.09525,1346.9386,445.98953,0.999933,0.49867046
1365.3334,390.09525,1366.455,448.1913,0.9999404,0.57299596
1384.8381,390.09525,1386.1538,449.26108,0.99993443,0.2613376
1404.3429,390.09525,1405.3304,451.36273,0.99985313,0.4281147
1423.8477,390.09525,1424.58,453.2554,0.9985866,0.6802836
1443.3524,390.09525,1443.7703,454.42798,0.997167,0.82552177
1462.8572,390.09525,1463.658,456.71652,0.96192724,0.5581842
1482.3619,390.09525,1482.7397,458.79498,0.3241439,1.072403
1501.8667,390.09525,1503.1462,459.9715,0.9506432,0.3967591
1521.3715,390.09525,1522.1619,461.74646,0.9970245,0.3886735
1540.8762,390.09525,1541.4236,463.03445,0.99924713,0.31379214
1560.381,390.09525,1560.9849,464.38092,0.99941313,0.44126102
1579.8857,390.09525,1580.6871,466.78638,0.9997765,0.31609893
1599.3905,390.09525,1600.0776,468.15616,0.9999641,0.059577566
1618.8953,390.09525,1619.2609,469.3757,0.99994624,0.5443718
1638.4,390.09525,1638.827,472.22925,0.999619,0.64793247
1657.9048,390.09525,1658.2878,473.22226,0.99900776,0.06810016
1677.4095,390.09525,1677.5596,474.6986,0.9878668,0.34147206
1696.9143,390.09525,1697.1799,476.89545,0.68669057,0.21158978
1716.4191,390.09525,1716.5944,478.13492,0.39952484,0.24929008
1735.9238,390.09525,1735.6843,479.46634,0.93671846,0.71195966
1755.4286,390.09525,1755.4442,482.49478,0.9958888,0.71150404
1774.9333,390.09525,1774.4944,483.2336,0.99954146,0.47641897
1794.4381,390.09525,1794.1187,485.15375,0.99978817,0.21388891
1813.9429,390.09525,1813.4583,487.50626,0.99968016,0.6923722
1833.4476,390.09525,1833.0757,488.45682,0.999701,0.17168334
1852.9524,390.09525,1852.9656,490.37933,0.999748,0.3566295
1872.4573,390.09525,1871.8237,492.21292,0.9994637,0.32420588
1891.962,390.09525,1891.498,493.14935,0.9984668,0.53423136
1911.4668,390.09525,1911.473,495.3754,0.93401223,0.55926037
1930.9716,390.09525,1930.3513,497.837,0.34871486,0.7537553
1950.4763,390.09525,1950.3768,498.80453,0.82063603,0.6023055
1969.9811,390.09525,1969.2952,500.9819,0.96891373,0.50672466
1989.4858,390.09525,1988.2651,502.3504,0.99469614,0.4068263
39.009525,409.6,43.587753,351.3381,0.99304736,0.40628126
58.51429,409.6,63.67539,352.97186,0.99397564,0.50190556
78.01905,409.6,83.04164,355.5344,0.9945393,0.59627193
97.52381,409.6,102.11322,356.08633,0.97772944,0.63484883
117.02858,409.6,122.12123,358.1721,0.94935036,0.5728618
136.53334,409.6,141.06331,360.41745,0.89853644,0.300607
156.0381,409.6,160.73738,361.7516,0.42266732,0.28034675
175.54286,409.6,180.03543,363.00864,0.8384384,0.5283313
195.04762,409.6,199.36743,365.33243,0.9714192,0.12158613
214.55238,409.6,218.86407,366.15436,0.99706537,0.7711901
234.05716,409.6,238.77554,368.68765,0.99655116,0.5924289
253.56192,409.6,258.2816,370.4663,0.99793816,0.6801988
273.06668,409.6,277.3448,371.56107,0.99973905,0.54459316
292.57144,409.6,296.25824,374.29172,0.9994683,0.6148262
312.0762,409.6,315.88525,375.3085,0.9865929,0.11194097
331.58096,409.6,335.79858,376.8462,0.96228814,0.5330479
351.08572,409.6,355.46744,379.36038,0.9388985,0.8833347
370.59048,409.6,374.6152,380.11096,0.35301167,0.5805044
390.09525,409.6,393.62488,381.58636,0.7941681,0.63129085
409.6,409.6,412.99902,384.25235,0.98307204,0.34065753
429.10477,409.6,432.90588,385.52994,0.99590456,0.42247808
448.60953,409.6,452.42386,387.4648,0.999288,0.5219595
468.11432,409.6,471.37683,389.11542,0.9994909,0.100685276
487.61908,409.6,491.06485,390.88693,0.99931395,0.3278576
507.12384,409.6,509.92233,392.3355,0.9978081,0.30367926
526.6286,409.6,530.67084,394.66364,0.9963085,1.161973
546.13336,409.6,549.18445,395.5458,0.9932953,0.2923364
565.6381,409.6,568.28534,397.20294,0.9326948,0.38424614
604.64764,409.6,607.6384,400.8443,0.5809497,0.2804823
624.1524,409.6,626.724,402.57,0.967406,0.08776054
643.65717,409.6,645.7788,404.26694,0.9990698,0.4526048
663.1619,409.6,666.0411,405.74606,0.9996425,0.46820724
682.6667,409.6,684.28625,407.72092,0.9999795,0.80347687
702.17145,409.6,704.90704,409.26978,0.9999851,0.4137952
721.6762,409.6,724.9819,410.38846,0.9999602,1.2623657
741.18097,409.6,743.4992,412.89536,0.999807,0.14167133
760.6857,409.6,762.8901,414.55875,0.9988988,0.08877798
780.1905,409.6,782.4703,415.66013,0.96194315,0.6013765
799.69525,409.6,801.1976,417.99313,0.46831334,0.48146433
819.2,409.6,821.5917,420.2472,0.4708149,0.79754186
838.7048,409.6,840.33215,421.51086,0.8761643,0.28021246
858.20953,409.6,859.3935,423.46732,0.9875185,0.72758025
877.7143,409.6,879.2106,424.851,0.99778575,0.22839515
897.21906,409.6,898.501,425.94452,0.99944586,0.57273096
916.7238,409.6,918.494,428.5794,0.9993628,0.5206151
936.22864,409.6,937.2733,429.3218,0.9992476,0.6445303
955.7334,409.6,956.6837,431.12903,0.99902946,0.58129954
975.23816,409.6,976.593,433.29846,0.9988222,0.09388414
994.7429,409.6,995.9279,434.72766,0.99655527,0.19511855
1014.2477,409.6,1015.6091,436.86505,0.9672492,0.31943077
1033.7524,409.6,1035.3716,438.3991,0.7121268,0.53854954
1053.2572,409.6,1054.1097,440.40063,0.83768094,0.4167011
1072.762,409.6,1073.7544,442.5622,0.99610794,0.847963
1092.2667,409.6,1093.0876,443.72125,0.99985623,0.30843568
1111.7715,409.6,1112.1522,445.08054,0.99990547,0.41094354
1131.2762,409.6,1131.775,446.79596,0.9999665,0.21806717
1150.781,409.6,1151.1902,448.72473,0.99997175,0.3126518
1170.2858,409.6,1171.1439,449.59454,0.99996173,0.68579173
1189.7905,409.6,1190.1025,452.11035,0.99975824,0.26602507
1209.2953,409.6,1209.4952,453.62134,0.9991575,0.2191921
1228.8,409.6,1229.4886,456.05258,0.99340576,0.81327873
1248.3048,409.6,1248.4469,456.8547,0.9314506,0.20583595
1267.8096,409.6,1268.4418,458.1846,0.34813443,0.68679446
1287.3143,409.6,1287.451,460.7469,0.93536437,0.33183056
1306.8191,409.6,1306.5393,462.352,0.98856056,0.40427166
1326.3239,409.6,1326.3918,463.64774,0.9980073,0.19222645
1345.8286,409.6,1345.8749,466.05173,0.99995065,0.5562018
1365.3334,409.6,1365.3365,467.88763,0.99989927,0.69557774
1384.8381,409.6,1384.4497,469.14685,0.99981725,0.270432
1404.3429,409.6,1404.1885,470.0352,0.9999298,0.6039943
1423.8477,409.6,1423.91,472.60944,0.99898475,0.54587245
1443.3524,409.6,1442.8204,473.67395,0.99788535,0.34640574
1462.8572,409.6,1462.4359,476.09726,0.9466295,0.40203023
1501.8667,409.6,1501.9535,479.14142,0.81738544,0.781456
1521.3715,409.6,1520.7144,480.9318,0.9980353,0.16146114
1540.8762,409.6,1540.1068,482.49884,0.99979997,0.07508034
1560.381,409.6,1559.2721,483.6737,0.9999118,0.5740683
1579.8857,409.6,1579.3088,486.43558,0.999931,0.6655522
1599.3905,409.6,1598.5024,487.46545,0.99997115,0.23177627
1618.8953,409.6,1617.8607,488.78857,0.9999589,0.53642863
1638.4,409.6,1637.49,491.40656,0.99982095,0.49596086
1657.9048,409.6,1656.8444,492.6716,0.99917054,0.23166929
1677.4095,409.6,1676.0372,494.22824,0.99054784,0.1864871
1696.9143,409.6,1695.2996,495.82935,0.7542986,0.3361922
1716.4191,409.6,1715.1273,497.82312,0.5513123,0.21916921
1735.9238,409.6,1734.6056,499.78375,0.8937087,0.3791296
1755.4286,409.6,1754.4928,501.63828,0.9920743,0.8384967
1774.9333,409.6,1772.5791,502.50348,0.9996607,0.74441814
1794.4381,409.6,1792.8528,503.74902,0.99994016,0.893244
1813.9429,409.6,1811.4642,506.11874,0.9997091,0.6279675
1833.4476,409.6,1831.9824,508.12988,0.99984705,0.50432277
1852.9524,409.6,1850.833,509.51337,0.9998051,0.21955064
1872.4573,409.6,1870.221,511.75394,0.9997865,0.36463335
1891.962,409.6,1889.542,512.5704,0.9975289,0.5946877
1911.4668,409.6,1908.8934,514.0328,0.91636276,0.84424156
1930.9716,409.6,1928.4384,517.55347,0.29840818,1.0598954
1950.4763,409.6,1948.7156,517.8585,0.757126,0.73251957
1969.9811,409.6,1967.6968,519.70386,0.93863064,0.2839401
1989.4858,409.6,1986.6847,521.7604,0.99287623,0.29103684
39.009525,429.10477,42.211525,370.45657,0.999577,0.59318084
58.51429,429.10477,62.009216,373.28558,0.9995429,0.66741097
78.01905,429.10477,81.11102,374.6518,0.99881583,0.21400526
97.52381,429.10477,100.299774,375.61172,0.9971385,0.56452435
117.02858,429.10477,120.23025,377.9693,0.95514005,0.34777027
136.53334,429.10477,139.26463,379.262,0.85646695,0.29517704
156.0381,429.10477,158.54182,381.67212,0.72488844,0.47866803
175.54286,429.10477,178.16855,383.2477,0.9568057,0.30026713
195.04762,429.10477,198.0939,385.13315,0.997042,0.67346156
214.55238,429.10477,216.58232,385.50143,0.9992167,0.97091645
234.05716,429.10477,236.35252,388.15344,0.9985014,0.17077982
253.56192,429.10477,256.30334,389.63937,0.99728227,0.40066838
273.06668,429.10477,275.2911,390.68845,0.99903184,0.76213264
292.57144,429.10477,294.62756,392.9973,0.9996691,0.21382825
312.0762,429.10477,313.79865,394.78802,0.9932122,0.41517383
331.58096,429.10477,332.89703,395.55933,0.969381,1.2369388
351.08572,429.10477,352.402,398.2504,0.93534625,0.66849095
370.59048,429.10477,372.06854,399.1992,0.5870171,0.86492085
390.09525,429.10477,391.675,400.88705,0.7148146,0.8031872
409.6,429.10477,411.5382,403.66394,0.97042716,0.36161235
429.10477,429.10477,430.14618,404.83432,0.98910195,0.6808741
448.60953,429.10477,449.28207,406.315,0.99935114,1.0359403
468.11432,429.10477,469.92896,408.97202,0.99985015,0.5919166
487.61908,429.10477,488.18408,409.75974,0.9997816,0.9803367
507.12384,429.10477,507.9157,411.60577,0.99971527,0.6461861
526.6286,429.10477,527.76465,413.57788,0.99915314,0.18320794
546.13336,429.10477,547.61206,414.94717,0.9966384,0.3822613
565.6381,429.10477,566.0086,415.96857,0.96828103,1.2630962
585.1429,429.10477,585.76263,418.5967,0.6429711,0.47715577
604.64764,429.10477,605.26917,420.25284,0.675842,0.40955722
624.1524,429.10477,625.2869,422.3625,0.993168,0.36716127
643.65717,429.10477,644.34796,423.7091,0.99911296,0.18476413
663.1619,429.10477,663.6929,425.5137,0.99987936,0.27446634
682.6667,429.10477,683.6608,427.851,0.9999856,0.7539898
702.17145,429.10477,703.0661,428.92493,0.9999913,0.25773102
721.6762,429.10477,722.8875,430.3972,0.99996877,0.65412307
741.18097,429.10477,741.30554,433.31976,0.99979603,1.1364323
760.6857,429.10477,761.0694,434.4249,0.9988778,0.4795518
780.1905,429.10477,780.7359,435.1952,0.9814065,0.49166587
799.69525,429.10477,799.66113,437.58414,0.587703,0.39167058
838.7048,429.10477,838.6361,440.12018,0.89696944,0.6573694
858.20953,429.10477,858.4004,442.06854,0.9854695,0.4020768
877.7143,429.10477,877.7279,444.21887,0.9974321,0.079045385
897.21906,429.10477,897.2666,445.2968,0.9998981,0.5678456
916.7238,429.10477,916.6039,447.8099,0.99995315,0.26734555
936.22864,429.10477,936.4164,448.98154,0.9999511,0.504865
955.7334,429.10477,955.73895,450.78824,0.99988115,0.35853553
975.23816,429.10477,974.77997,453.21628,0.99962497,0.5736168
994.7429,429.10477,995.02216,454.37393,0.9968276,0.74421364
1014.2477,429.10477,1013.8087,456.65118,0.96990657,0.6127543
1033.7524,429.10477,1033.5814,457.92865,0.7048224,0.47794414
1053.2572,429.10477,1052.7035,459.5628,0.89026767,0.17699696
1072.762,429.10477,1072.8585,460.86987,0.99523354,0.90139157
1092.2667,429.10477,1091.2306,462.85184,0.99929637,0.20063508
1111.7715,429.10477,1111.4222,464.16565,0.9997412,0.6776064
1131.2762,429.10477,1130.5883,465.9745,0.9999651,0.4018884
1150.781,429.10477,1149.1874,468.31082,0.9999734,0.64773434
1170.2858,429.10477,1169.6735,469.3737,0.9999713,0.58720994
1189.7905,429.10477,1188.8451,471.43976,0.9998807,0.27749205
1209.2953,429.10477,1208.6787,472.8921,0.9973769,0.6819283
1228.8,429.10477,1227.9148,474.3745,0.9788885,0.59900606
1248.3048,429.10477,1247.283,476.71066,0.7996544,0.48587155
1267.8096,429.10477,1266.4463,477.3055,0.27438626,0.85207725
1287.3143,429.10477,1285.3325,479.56143,0.8537605,0.4941561
1306.8191,429.10477,1305.6294,481.8077,0.9853384,0.5312849
1326.3239,429.10477,1325.0859,482.92148,0.99859905,0.5861873
1345.8286,429.10477,1344.5995,485.43228,0.9998083,0.7503761
1365.3334,429.10477,1363.6945,486.89865,0.9995911,0.3457402
1384.8381,429.10477,1382.891,487.94925,0.99908483,0.39648807
1404.3429,429.10477,1402.5494,490.2527,0.99794376,0.30914724
1423.8477,429.10477,1422.507,492.0397,0.9981471,0.81173074
1443.3524,429.10477,1441.4548,492.77353,0.99740195,0.7257392
1462.8572,429.10477,1460.6296,494.68167,0.96445966,0.46422365
1482.3619,429.10477,1479.7714,496.5311,0.5038746,0.41482878
1501.8667,429.10477,1498.808,498.77777,0.88369745,0.70399225
1521.3715,429.10477,1519.1167,500.39655,0.99225056,0.26169106
1540.8762,429.10477,1538.6361,501.92282,0.99963963,0.30344924
1560.381,429.10477,1557.3204,503.6864,0.9997013,0.44550407
1579.8857,429.10477,1576.9963,506.08597,0.99971104,0.76679206
1599.3905,429.10477,1596.3682,507.08023,0.99989164,0.25933534
1618.8953,429.10477,1615.7313,507.93097,0.9999397,0.87640375
1638.4,429.10477,1635.8164,510.11713,0.99952114,0.46540096
1657.9048,429.10477,1654.4017,512.1851,0.9992583,0.5165734
1677.4095,429.10477,1674.1449,513.1131,0.99531466,0.75934196
1696.9143,429.10477,1693.3547,515.9273,0.67172825,0.57028806
1716.4191,429.10477,1712.9879,517.30756,0.34829152,0.22919716
1735.9238,429.10477,1732.3564,518.85205,0.70527625,0.29731566
1755.4286,429.10477,1752.1261,521.01337,0.9709079,0.37291783
1774.9333,429.10477,1770.5085,522.0866,0.9991721,1.0245037
1794.4381,429.10477,1790.3368,524.1457,0.999696,0.6022813
1813.9429,429.10477,1810.3828,525.70605,0.99931556,0.044273004
1833.4476,429.10477,1829.5865,527.145,0.9991917,0.36303383
1852.9524,429.10477,1849.3408,529.67334,0.9984438,0.54195654
1872.4573,429.10477,1868.2863,531.10974,0.99826187,0.45248318
1891.962,429.10477,1888.2441,532.10205,0.99695283,0.47068933
1911.4668,429.10477,1907.1063,533.43134,0.91805845,0.90949494
1950.4763,429.10477,1946.1354,537.4269,0.7285558,0.3235515
1969.9811,429.10477,1965.8232,538.831,0.95199466,0.51354975
1989.4858,429.10477,1985.3977,541.2417,0.97149134,0.2552087
39.009525,448.60953,40.52588,390.60077,0.9996535,0.12895021
58.51429,448.60953,60.462944,392.02588,0.9996226,0.57154393
78.01905,448.60953,79.18768,394.0512,0.9994115,0.23154621
97.52381,448.60953,98.092834,395.07996,0.9990576,0.8442602
117.02858,448.60953,117.674484,396.52017,0.99072903,0.9256442
156.0381,448.60953,156.90732,401.04727,0.8839957,0.40043095
175.54286,448.60953,175.90172,402.2861,0.97598535,0.6012323
195.04762,448.60953,195.9028,404.0122,0.99762756,0.07092908
214.55238,448.60953,215.1312,405.08505,0.9990157,0.729792
234.05716,448.60953,235.15457,406.74268,0.9995647,0.82288545
253.56192,448.60953,253.87465,409.5606,0.99749285,0.5132344
273.06668,448.60953,273.1897,410.8768,0.99668425,0.45871484
292.57144,448.60953,292.98096,412.86926,0.99888,0.30643466
312.0762,448.60953,312.26636,414.01697,0.984575,0.35736206
331.58096,448.60953,332.13242,415.35095,0.9432874,0.6567193
351.08572,448.60953,350.69272,418.47446,0.7135086,1.0452338
390.09525,448.60953,390.37262,420.63507,0.6669984,0.46550864
409.6,448.60953,409.7111,423.67807,0.9746571,0.9007451
429.10477,448.60953,429.06345,424.41058,0.9978857,0.07404023
448.60953,448.60953,448.66376,426.74915,0.9997791,0.5876388
468.11432,448.60953,467.97342,428.73364,0.9999293,0.8553582
487.61908,448.60953,487.72586,429.2672,0.9999471,0.4620749
507.12384,448.60953,506.59482,430.54398,0.9999727,0.76669663
526.6286,448.60953,526.43286,433.43884,0.99987507,0.49716693
546.13336,448.60953,545.7627,434.2792,0.9959082,0.408424
565.6381,448.60953,565.29553,436.7375,0.9801581,0.40589216
585.1429,448.60953,584.9818,438.42264,0.7159839,0.5624821
604.64764,448.60953,604.28656,439.3349,0.703299,0.54606694
624.1524,448.60953,623.79443,441.89893,0.99330205,0.57800066
643.65717,448.60953,643.52905,443.6657,0.9988713,0.85336834
663.1619,448.60953,662.1445,444.77408,0.99985695,0.15487026
682.6667,448.60953,681.4363,446.40646,0.99996996,0.306101
702.17145,448.60953,701.4275,448.05762,0.9999887,0.3779723
721.6762,448.60953,721.148,449.43942,0.9999815,0.80403197
741.18097,448.60953,740.09625,451.2485,0.99983954,0.44440684
760.6857,448.60953,759.7804,453.49136,0.9984088,0.38552105
780.1905,448.60953,778.42426,455.57,0.98561335,0.6459417
799.69525,448.60953,798.1375,456.413,0.8253971,0.38904357
819.2,448.60953,818.1355,458.24988,0.5305252,0.48831186
838.7048,448.60953,837.22815,459.9109,0.91852975,0.2827925
858.20953,448.60953,856.65295,461.87634,0.9920521,0.08832589
877.7143,448.60953,875.583,463.56638,0.998639,0.41232008
897.21906,448.60953,895.43304,465.265,0.9999542,0.014419322
916.7238,448.60953,915.2818,467.02573,0.9999639,0.42827395
936.22864,448.60953,934.71747,468.30716,0.9998902,0.5678476
955.7334,448.60953,953.6455,470.26917,0.9998375,0.12984712
975.23816,448.60953,972.77094,471.91534,0.99964,0.41030467
994.7429,448.60953,992.1031,473.51828,0.99725574,0.54133433
1014.2477,448.60953,1012.0376,475.9023,0.98498166,0.42612934
1033.7524,448.60953,1031.6058,477.08466,0.4589324,0.19022892
1053.2572,448.60953,1051.5167,478.93213,0.8971596,0.6489485
1072.762,448.60953,1071.1107,479.6455,0.98020536,1.2344493
1092.2667,448.60953,1089.9464,482.483,0.9988418,0.29794943
1111.7715,448.60953,1108.5327,483.93765,0.9995906,0.6302514
1131.2762,448.60953,1128.1366,485.2166,0.9998051,0.6476641
1150.781,448.60953,1147.7252,487.60892,0.99990463,0.3774233
1170.2858,448.60953,1167.0146,489.5217,0.99993515,0.62486243
1189.7905,448.60953,1186.4001,491.2341,0.99983096,0.6657632
1209.2953,448.60953,1205.819,492.51025,0.99703515,0.49662134
1228.8,448.60953,1225.1263,494.51996,0.9745725,0.7075466
1248.3048,448.60953,1244.5469,496.05478,0.78047264,0.6534366
1267.8096,448.60953,1264.7932,497.6586,0.47824293,0.20434822
1287.3143,448.60953,1283.499,498.62247,0.79483366,0.84659106
1306.8191,448.60953,1302.8811,501.1522,0.98622924,0.6118536
1326.3239,448.60953,1323.1743,502.41595,0.99848473,0.3799018
1345.8286,448.60953,1342.0186,504.28745,0.9988284,0.32219055
1365.3334,448.60953,1361.6138,506.64746,0.99919295,0.5893193
1384.8381,448.60953,1380.9169,507.33377,0.9990469,0.51965904
1404.3429,448.60953,1400.7556,509.4077,0.99649423,0.15205206
1423.8477,448.60953,1419.8395,511.11337,0.99584186,0.22008888
1443.3524,448.60953,1439.5336,512.90686,0.98906034,0.06094537
1462.8572,448.60953,1458.749,514.9958,0.967053,0.4500877
1482.3619,448.60953,1478.1466,516.3496,0.44874623,0.20883694
1501.8667,448.60953,1497.1724,517.72455,0.81196505,0.65074384
1521.3715,448.60953,1516.8419,519.24884,0.98707634,0.5593323
1540.8762,448.60953,1536.188,521.47345,0.9941736,0.4561201
1560.381,448.60953,1556.1077,522.7665,0.99688715,0.31238088
1579.8857,448.60953,1575.2124,524.45544,0.99789095,0.42690974
1599.3905,448.60953,1594.9122,526.2123,0.9991432,0.26374534
1618.8953,448.60953,1614.2567,528.347,0.99957746,0.19787192
1638.4,448.60953,1633.7003,530.2663,0.9990842,0.40002602
1657.9048,448.60953,1653.0441,531.4023,0.99367803,0.24466513
1677.4095,448.60953,1672.9462,532.80524,0.97596675,0.55718726
1696.9143,448.60953,1692.3652,535.4384,0.40491033,0.5448819
1716.4191,448.60953,1711.3457,537.35645,0.5893295,0.7001999
1735.9238,448.60953,1731.387,537.7368,0.8837377,0.78003085
1755.4286,448.60953,1751.0162,540.73645,0.9785914,0.9248537
1774.9333,448.60953,1769.8115,541.5809,0.998583,0.19473533
1794.4381,448.60953,1789.6083,543.9627,0.9962334,0.61667717
1813.9429,448.60953,1809.2374,545.4908,0.997502,0.6570587
1833.4476,448.60953,1828.279,546.3461,0.99708474,0.5611976
1852.9524,448.60953,1847.8182,548.0847,0.99183184,0.57278055
1872.4573,448.60953,1867.3987,550.35986,0.9908669,0.4538017
1891.962,448.60953,1886.7605,551.3319,0.95194834,0.74546635
1911.4668,448.60953,1905.6675,553.6761,0.6629617,0.14648896
1930.9716,448.60953,1925.7363,555.1176,0.37669307,0.5550428
1950.4763,448.60953,1944.9109,556.7768,0.5801288,0.38005933
1969.9811,448.60953,1964.1174,559.08936,0.747826,0.31479797
1989.4858,448.60953,1984.1703,560.68475,0.9341373,0.66802853
39.009525,468.11432,38.46921,409.94476,0.9996206,0.31463745
58.51429,468.11432,58.281403,411.5432,0.9997386,0.096027635
78.01905,468.11432,77.82509,413.61658,0.9999044,0.35654038
97.52381,468.11432,97.09685,414.69614,0.9997996,0.31470594
117.02858,468.11432,116.288246,416.58435,0.9816704,0.24973018
136.53334,468.11432,136.15535,418.4547,0.53231573,0.22521019
156.0381,468.11432,155.34306,419.8957,0.8549251,0.2152818
175.54286,468.11432,174.8975,421.86407,0.9650429,0.11536452
195.04762,468.11432,194.32877,423.9509,0.99775374,0.452915
214.55238,468.11432,213.72409,425.14478,0.99944186,0.09349619
234.05716,468.11432,233.40578,426.72714,0.99982417,0.3670228
253.56192,468.11432,252.66829,428.90735,0.9996535,0.33359098
273.06668,468.11432,271.98148,431.02304,0.9994942,0.714266
292.57144,468.11432,291.6615,431.96988,0.9991232,0.28529507
312.0762,468.11432,310.82892,433.28232,0.9797602,0.4275648
331.58096,468.11432,330.75586,435.4622,0.94945955,0.518503
351.08572,468.11432,350.30582,437.99738,0.6940811,1.0918121
370.59048,468.11432,369.28784,438.565,0.6275605,0.3074954
390.09525,468.11432,388.93604,441.01752,0.6330159,0.6494903
409.6,468.11432,408.01877,442.97415,0.9837263,0.7670128
429.10477,468.11432,427.38223,444.01822,0.9991717,0.1095435
448.60953,468.11432,446.71097,445.3178,0.9999547,0.3122181
468.11432,468.11432,465.86353,447.6696,0.9999435,0.5313312
487.61908,468.11432,485.77112,448.82034,0.9999207,0.20766859
507.12384,468.11432,504.5633,450.83057,0.9999769,0.56487536
526.6286,468.11432,524.64355,452.672,0.99994445,0.2807807
546.13336,468.11432,543.83905,453.90866,0.991096,0.24256338
565.6381,468.11432,563.524,456.08664,0.95453197,0.3016065
585.1429,468.11432,582.5715,457.98703,0.6469174,0.54711306
604.64764,468.11432,601.8595,458.85443,0.74540514,0.54050267
624.1524,468.11432,620.82166,460.88242,0.97979534,0.8769797
643.65717,468.11432,640.8668,462.7928,0.9975897,0.32022566
663.1619,468.11432,660.07025,464.20352,0.9995848,0.50022775
682.6667,468.11432,679.5325,466.22382,0.9999218,0.50553656
702.17145,468.11432,699.4898,467.83347,0.999943,0.14291845
721.6762,468.11432,718.5339,469.0677,0.9998869,0.4654846
741.18097,468.11432,738.45105,471.98764,0.9996602,0.89541155
760.6857,468.11432,757.48895,472.93555,0.99830264,0.25678322
780.1905,468.11432,776.7468,474.5301,0.9864685,0.39628872
799.69525,468.11432,796.5084,476.5879,0.8020078,0.38507167
819.2,468.11432,815.56146,478.37985,0.40093195,0.6464602
838.7048,468.11432,835.37445,479.33817,0.9810168,0.27653885
858.20953,468.11432,853.6996,481.51266,0.99613976,1.182916
877.7143,468.11432,873.5816,482.81714,0.99887073,0.73872805
897.21906,468.11432,893.8099,484.76373,0.99945366,0.10087507
916.7238,468.11432,913.16565,486.99588,0.99946177,0.5879648
936.22864,468.11432,932.5105,487.8038,0.99953026,0.31359118
955.7334,468.11432,951.9953,489.5081,0.9992918,0.30062222
975.23816,468.11432,971.13354,492.13907,0.99772465,0.7052138
994.7429,468.11432,990.11053,492.73346,0.99313194,0.90267694
1014.2477,468.11432,1010.8904,495.1985,0.9380108,0.64995277
1033.7524,468.11432,1029.6722,496.88202,0.31688794,0.28247705
1053.2572,468.11432,1049.011,498.14865,0.92539066,0.22498463
1072.762,468.11432,1068.3953,500.0823,0.9859512,0.21860585
1092.2667,468.11432,1087.6898,502.23373,0.99192244,0.6272516
1111.7715,468.11432,1107.3849,503.07028,0.9955418,0.34587726
1131.2762,468.11432,1126.7104,504.95386,0.99860394,0.23806193
1150.781,468.11432,1146.4901,507.0363,0.99983525,0.28346938
1170.2858,468.11432,1165.4738,507.65393,0.9996139,0.89807796
1189.7905,468.11432,1185.0692,509.85043,0.99947804,0.37486622
1209.2953,468.11432,1204.9521,512.00287,0.9992741,0.35092267
1228.8,468.11432,1224.4032,513.21704,0.98423165,0.52960473
1248.3048,468.11432,1243.5096,515.87036,0.7383617,0.5642612
1267.8096,468.11432,1262.9844,517.1089,0.44779652,0.12840247
1287.3143,468.11432,1282.2865,518.3704,0.8720365,0.3403273
1306.8191,468.11432,1301.3685,520.6491,0.9568139,0.46644643
1326.3239,468.11432,1321.4694,521.64197,0.99203604,0.53848237
1345.8286,468.11432,1341.5856,523.2648,0.99541956,1.10012
1365.3334,468.11432,1359.8988,525.5632,0.9975495,0.16966031
1384.8381,468.11432,1379.474,526.95123,0.99506485,0.25601664
1404.3429,468.11432,1399.6163,528.35284,0.9773284,0.88982415
1423.8477,468.11432,1418.6362,530.5847,0.9581143,0.2866101
1443.3524,468.11432,1438.298,532.3791,0.901995,0.5220196
1462.8572,468.11432,1457.4674,534.2372,0.9611009,0.344436
1501.8667,468.11432,1495.92,537.1576,0.92925465,0.29195026
1521.3715,468.11432,1515.5122,539.1201,0.9159039,0.016386546
1540.8762,468.11432,1535.2584,541.28625,0.95782757,0.57946354
1560.381,468.11432,1554.7136,541.84314,0.98254424,0.7496574
1579.8857,468.11432,1574.0261,544.1897,0.9975073,0.23203996
1599.3905,468.11432,1593.3885,546.3581,0.99657506,0.48045713
1618.8953,468.11432,1613.0785,547.0081,0.99859333,0.7323961
1638.4,468.11432,1632.0792,549.3991,0.99612355,0.093225785
1657.9048,468.11432,1652.3783,550.9923,0.9902119,0.8615606
1677.4095,468.11432,1671.4121,551.6494,0.9606727,1.1543205
1696.9143,468.11432,1690.6622,554.09216,0.6112683,0.42346758
1716.4191,468.11432,1710.0664,556.95154,0.4858263,0.88404614
1735.9238,468.11432,1729.5609,557.41815,0.5250843,0.5039585
1755.4286,468.11432,1749.1578,559.85223,0.96360916,0.59866005
1774.9333,468.11432,1768.458,561.0187,0.98862773,0.4038796
1794.4381,468.11432,1788.2848,562.6026,0.9691733,0.8128036
1813.9429,468.11432,1806.8828,565.1564,0.93230164,0.5562079
1833.4476,468.11432,1827.0889,565.7541,0.9469021,0.88895655
1852.9524,468.11432,1845.9181,568.0791,0.9589145,0.12075888
1872.4573,468.11432,1864.7977,569.8674,0.96138084,0.48308185
1891.962,468.11432,1884.7737,571.7991,0.60865116,0.40370172
1911.4668,468.11432,1903.9514,573.6203,0.8103921,0.53983945
1930.9716,468.11432,1924.2085,574.8899,0.43674573,0.6692848
1950.4763,468.11432,1943.2396,576.5879,0.47862062,0.2770805
1969.9811,468.11432,1962.1411,578.082,0.5657711,0.29189894
1989.4858,468.11432,1982.5743,579.97046,0.87593156,0.74102646
39.009525,487.61908,37.52625,429.35553,0.9996961,0.44451198
58.51429,487.61908,56.294216,430.78726,0.9995516,0.3344392
78.01905,487.61908,76.06677,433.3129,0.9996486,0.5855427
97.52381,487.61908,95.349464,434.95486,0.9994575,0.51490945
117.02858,487.61908,114.98342,436.96097,0.9812506,0.8398512
136.53334,487.61908,135.14793,438.16772,0.47705075,0.9701188
156.0381,487.61908,153.877,439.62122,0.6024197,0.2266676
175.54286,487.61908,173.0424,441.1725,0.96713763,0.08631125
195.04762,487.61908,192.38777,443.3911,0.99793017,0.47164086
214.55238,487.61908,211.33844,444.65622,0.9991872,0.6186149
234.05716,487.61908,231.58174,446.547,0.99957454,0.28380612
253.56192,487.61908,249.74854,448.40924,0.9993729,1.1313055
273.06668,487.61908,269.77682,449.40768,0.9996776,0.5770104
292.57144,487.61908,289.53464,451.02426,0.9991424,0.44012627
312.0762,487.61908,308.70557,453.0986,0.99903405,0.40610558
331.58096,487.61908,327.79947,454.68823,0.99043286,0.7560081
351.08572,487.61908,347.34485,457.1233,0.78931713,0.8555573
370.59048,487.61908,367.37076,458.1823,0.62233084,0.06507643
390.09525,487.61908,385.9761,460.51788,0.70148593,1.0325836
409.6,487.61908,405.97702,462.25327,0.9550069,0.6765813
429.10477,487.61908,425.3364,463.2223,0.9872439,0.37522364
448.60953,487.61908,444.71765,464.64285,0.9987541,0.56745946
468.11432,487.61908,463.6708,466.9843,0.9985666,0.9163684
487.61908,487.61908,483.6096,468.3882,0.9992031,0.37834564
507.12384,487.61908,502.58923,470.07794,0.9996002,0.82803565
526.6286,487.61908,522.0329,471.89557,0.9999007,0.81455773
546.13336,487.61908,541.6004,473.75644,0.9952338,0.7096634
565.6381,487.61908,561.57117,475.4359,0.94922495,0.23874047
585.1429,487.61908,580.65796,477.36954,0.5336768,0.64403605
604.64764,487.61908,600.75476,478.4782,0.57402205,0.24679479
624.1524,487.61908,619.4145,480.17752,0.8917272,0.60577637
643.65717,487.61908,639.04504,482.07962,0.9834683,0.38591653
663.1619,487.61908,658.5536,482.97476,0.9959187,0.82324106
682.6667,487.61908,678.02374,485.8246,0.99880433,0.46848804
702.17145,487.61908,697.51117,487.3165,0.9997511,0.2743779
721.6762,487.61908,717.0046,488.45407,0.9993952,0.41185594
741.18097,487.61908,736.8549,490.739,0.9970047,0.33875033
760.6857,487.61908,755.76855,492.235,0.98746306,0.24356209
780.1905,487.61908,775.77435,493.50327,0.9309601,0.5475737
799.69525,487.61908,794.4139,495.4198,0.7144781,0.5087854
819.2,487.61908,814.5148,497.6144,0.3681918,0.34719798
838.7048,487.61908,833.75256,498.77255,0.93318474,0.26680756
858.20953,487.61908,853.3013,500.52914,0.99632937,0.2500927
877.7143,487.61908,872.8254,502.39557,0.9946637,0.23409691
897.21906,487.61908,892.03845,503.89813,0.99456334,0.2407797
916.7238,487.61908,911.75665,506.30487,0.9932351,0.55466026
936.22864,487.61908,931.1259,507.25906,0.99379957,0.3676592
955.7334,487.61908,950.5452,509.5161,0.99552536,0.35911456
975.23816,487.61908,969.6466,511.20508,0.9957759,0.2853338
994.7429,487.61908,989.347,512.2208,0.99374866,0.45016348
1014.2477,487.61908,1009.1965,515.28046,0.9460034,1.1102748
1033.7524,487.61908,1028.3446,516.29114,0.72571474,0.39617765
1053.2572,487.61908,1047.7238,517.7733,0.77955836,0.25596586
1072.762,487.61908,1066.9703,520.00433,0.83064705,0.57048225
1092.2667,487.61908,1086.8315,521.63074,0.94923496,0.7021208
1111.7715,487.61908,1105.8971,522.71234,0.971359,0.18462643
1131.2762,487.61908,1125.4156,524.92426,0.9656827,0.4461716
1150.781,487.61908,1144.7089,526.40375,0.99407244,0.18677709
1170.2858,487.61908,1164.5421,527.3812,0.9939898,0.7406923
1189.7905,487.61908,1183.6708,530.1901,0.9897356,0.5830311
1209.2953,487.61908,1203.22,531.265,0.96783066,0.3139657
1228.8,487.61908,1222.4722,532.9255,0.9626321,0.16954865
1248.3048,487.61908,1241.9646,534.8632,0.680422,0.22687076
1267.8096,487.61908,1262.0425,536.69635,0.5171783,0.8754108
1287.3143,487.61908,1280.666,538.09937,0.79725087,0.04814726
1306.8191,487.61908,1299.9822,540.07294,0.8424859,0.2503162
1326.3239,487.61908,1319.3276,541.3046,0.8240215,0.28840107
1345.8286,487.61908,1338.7563,543.94,0.87418056,0.7233226
1365.3334,487.61908,1358.2255,544.5511,0.92231715,0.4086842
1384.8381,487.61908,1377.9318,546.88824,0.9140386,0.28847453
1404.3429,487.61908,1397.2714,548.6173,0.8508009,0.284706
1423.8477,487.61908,1416.4153,550.51953,0.77269703,0.536606
1443.3524,487.61908,1435.6906,552.58575,0.7747148,0.9341127
1462.8572,487.61908,1455.923,553.545,0.892821,0.42527923
1482.3619,487.61908,1474.8163,555.1129,0.32222044,0.12815435
1501.8667,487.61908,1494.044,556.5009,0.5402211,0.47015315
1521.3715,487.61908,1514.2566,559.2856,0.86673003,0.8751799
1540.8762,487.61908,1533.1042,560.53595,0.892448,0.3258077
1560.381,487.61908,1552.6483,561.15137,0.8784651,0.78568274
1579.8857,487.61908,1571.9067,563.4982,0.81695986,0.2335649
1599.3905,487.61908,1591.3998,565.49756,0.8960797,0.20394413
1618.8953,487.61908,1610.8041,566.50555,0.9263515,0.5524353
1638.4,487.61908,1630.9612,568.9431,0.7780007,0.61076844
1657.9048,487.61908,1650.6282,570.33777,0.6856861,0.81728256
1677.4095,487.61908,1670.0675,572.57184,0.69950765,0.92841125
1696.9143,487.61908,1688.6395,573.8291,0.7197034,0.039166503
1735.9238,487.61908,1727.7657,577.5526,0.49716967,0.38903004
1755.4286,487.61908,1746.7811,578.8723,0.3427077,0.19907422
1774.9333,487.61908,1766.5977,580.7218,0.38633922,0.21520148
1794.4381,487.61908,1786.2294,582.44,0.69083095,0.41194716
1813.9429,487.61908,1805.5862,584.20416,0.50785035,0.36576805
1833.4476,487.61908,1824.7709,585.41895,0.6417006,0.32697314
1852.9524,487.61908,1844.2793,587.64624,0.2637704,0.26225626
1872.4573,487.61908,1863.4451,589.6255,0.50990397,0.5010764
1911.4668,487.61908,1902.4023,592.4517,0.2974492,0.08516073
1950.4763,487.61908,1941.6777,595.7102,0.23814571,0.46157196
1969.9811,487.61908,1961.8796,597.00415,0.33339605,1.3331536
1989.4858,487.61908,1980.4623,599.33154,0.23906155,0.3260786
39.009525,507.12384,35.223236,448.70023,0.999455,0.17393784
58.51429,507.12384,54.446293,450.532,0.99977493,0.37130004
78.01905,507.12384,74.05371,452.8459,0.99752474,0.7008533
97.52381,507.12384,93.08392,454.12643,0.99592483,0.6426399
117.02858,507.12384,112.84183,455.25015,0.96464956,0.41447422
136.53334,507.12384,132.4723,457.54767,0.35973886,0.28365684
156.0381,507.12384,151.89224,459.24194,0.8303958,0.28069305
175.54286,507.12384,171.43587,460.8555,0.98931,0.18892613
195.04762,507.12384,190.86961,462.00116,0.9982245,0.37218195
214.55238,507.12384,210.13884,463.89154,0.9974227,0.21461783
234.05716,507.12384,229.98576,465.8369,0.9978277,0.3055798
253.56192,507.12384,248.80403,467.80222,0.9974916,0.45660168
273.06668,507.12384,268.3111,468.87833,0.9987438,0.37657565
292.57144,507.12384,287.79578,471.45444,0.9985654,0.61195576
312.0762,507.12384,307.49158,472.6767,0.99551266,0.13413174
331.58096,507.12384,326.7253,473.89008,0.98167324,0.3973576
351.08572,507.12384,346.34714,475.9824,0.87083167,0.07737689
370.59048,507.12384,365.80078,477.98193,0.24718046,0.32707146
390.09525,507.12384,385.12592,478.87802,0.8822685,0.49234408
409.6,507.12384,404.44547,481.36682,0.9693629,0.31872052
429.10477,507.12384,423.8901,483.01004,0.97530186,0.26088178
448.60953,507.12384,443.422,483.85284,0.99511206,0.61734164
468.11432,507.12384,463.1,486.8031,0.9971436,0.6791111
487.61908,507.12384,482.4403,487.794,0.9975345,0.173404
507.12384,507.12384,501.7615,488.98425,0.99728376,0.5876259
526.6286,507.12384,521.47345,491.7579,0.9981503,0.58784944
546.13336,507.12384,540.7822,492.8783,0.9884415,0.2255712
565.6381,507.12384,559.9219,494.27335,0.95262605,0.40551928
585.1429,507.12384,579.5597,496.13458,0.4927719,0.26521307
604.64764,507.12384,599.2539,497.829,0.2954658,0.45503458
624.1524,507.12384,618.26117,499.1691,0.87720335,0.601796
643.65717,507.12384,638.1205,501.60062,0.9776492,0.41290668
663.1619,507.12384,657.5935,502.8375,0.97780234,0.54658306
682.6667,507.12384,677.0742,505.0543,0.99380755,0.51827806
702.17145,507.12384,696.37897,506.83124,0.9947991,0.44378144
721.6762,507.12384,716.0534,507.8816,0.9967669,0.7164869
741.18097,507.12384,734.83655,509.9501,0.96445894,0.049047664
760.6857,507.12384,754.8809,511.67535,0.9071762,0.56881714
780.1905,507.12384,773.2325,513.01953,0.9449759,0.61857253
799.69525,507.12384,793.153,515.6286,0.81229544,0.5596277
838.7048,507.12384,832.2118,518.59375,0.66159165,0.21685854
858.20953,507.12384,851.7598,520.9198,0.97730976,0.8065152
877.7143,507.12384,871.41266,521.9647,0.93828154,0.5260895
897.21906,507.12384,890.47675,524.43933,0.9620972,0.8832218
916.7238,507.12384,909.19434,525.69,0.9602161,0.702234
936.22864,507.12384,929.19135,526.78375,0.9790345,0.18529238
955.7334,507.12384,948.60065,528.6045,0.9573394,0.06663365
975.23816,507.12384,967.68866,530.31415,0.9574299,0.36358172
994.7429,507.12384,988.02905,532.0878,0.90731627,0.5507422
1014.2477,507.12384,1007.05383,534.2396,0.94084734,0.49254537
1033.7524,507.12384,1028.0204,535.65283,0.67254245,1.6907152
1053.2572,507.12384,1045.4462,537.0324,0.43590978,0.35158786
1072.762,507.12384,1065.98,538.9626,0.5981097,0.78481644
1092.2667,507.12384,1084.9819,540.63074,0.6704174,0.3560493
1111.7715,507.12384,1104.2058,542.42505,0.722449,0.21261148
1131.2762,507.12384,1123.0972,544.8096,0.89292806,0.92931306
1150.781,507.12384,1143.027,546.14764,0.9037116,0.49034375
1170.2858,507.12384,1162.6459,547.22626,0.93373984,0.32508507
1189.7905,507.12384,1181.1533,548.5859,0.9120534,0.7941154
1209.2953,507.12384,1201.0688,550.9758,0.88755465,0.2535902
1228.8,507.12384,1220.7255,552.23865,0.74631166,0.24325784
1248.3048,507.12384,1239.3383,554.7446,0.56756914,0.93597734
1267.8096,507.12384,1259.5635,556.1911,0.2478121,0.32797253
1287.3143,507.12384,1278.9055,557.5252,0.84680897,0.053081393
1306.8191,507.12384,1298.4948,559.88055,0.7529952,0.62560576
1326.3239,507.12384,1317.5591,560.8433,0.2320586,0.26936904
1345.8286,507.12384,1337.0983,562.4035,0.31956226,0.29474553
1365.3334,507.12384,1356.8182,564.40436,0.5337494,0.16341597
1384.8381,507.12384,1376.6635,565.7302,0.53536993,0.6659219
1404.3429,507.12384,1395.4243,567.5727,0.55357754,0.21733515
1423.8477,507.12384,1415.0795,569.0587,0.46551323,0.42888805
1443.3524,507.12384,1434.5363,570.7405,0.2724784,0.45454502
1462.8572,507.12384,1453.972,573.75256,0.7181465,0.8993078
1482.3619,507.12384,1473.7013,574.3046,0.4160237,0.52910113
1521.3715,507.12384,1512.4604,578.92175,0.41135985,1.0188811
1560.381,507.12384,1550.0769,580.7172,0.4588182,1.1000558
1579.8857,507.12384,1569.4296,583.6438,0.44532308,1.1242267
1599.3905,507.12384,1590.1433,585.09845,0.39089778,0.45908308
1618.8953,507.12384,1609.6018,585.9717,0.57763433,0.6044041
1638.4,507.12384,1630.0873,588.4787,0.33850998,1.4350855
1677.4095,507.12384,1668.4584,591.15564,0.33734596,0.9995247
1696.9143,507.12384,1687.4601,592.8548,0.59509796,0.63432074
1735.9238,507.12384,1725.0452,596.3023,0.73767644,0.8736958
1755.4286,507.12384,1744.3401,598.8743,0.41317874,1.059024
1774.9333,507.12384,1764.0962,600.07965,0.5004024,0.6041386
1813.9429,507.12384,1802.9501,603.4217,0.5508057,0.6128681
1833.4476,507.12384,1822.3875,604.7425,0.7552299,0.7384144
1852.9524,507.12384,1842.1932,606.73254,0.7201845,0.26551148
1872.4573,507.12384,1862.0254,609.14246,0.6037436,0.60099167
1891.962,507.12384,1881.101,609.78925,0.5197413,0.5111517
1911.4668,507.12384,1902.0977,610.92377,0.28029236,1.732549
1950.4763,507.12384,1939.2504,615.05835,0.29794133,0.44775054
1969.9811,507.12384,1958.9026,616.82587,0.50503457,0.26177937
1989.4858,507.12384,1978.2157,618.995,0.73347646,0.3176528
39.009525,526.6286,34.03019,468.28113,0.9967987,0.35704523
58.51429,526.6286,53.01177,469.7219,0.9952835,0.20616208
78.01905,526.6286,72.61441,472.2303,0.9929041,0.63265574
97.52381,526.6286,92.29329,473.0522,0.9469895,0.40540302
117.02858,526.6286,111.022835,475.02725,0.96207047,0.3822733
136.53334,526.6286,131.07065,476.76736,0.39048943,0.24489173
156.0381,526.6286,150.829,478.4933,0.54744756,0.57110566
175.54286,526.6286,170.02382,480.52322,0.98093975,0.534306
195.04762,526.6286,189.29803,481.61206,0.9929433,0.2555227
214.55238,526.6286,208.61421,483.69052,0.95272714,0.19768526
234.05716,526.6286,228.1145,485.7254,0.98392826,0.5393095
253.56192,526.6286,247.82883,486.86627,0.9661091,0.41228056
273.06668,526.6286,266.8458,488.05692,0.95928866,0.5442576
292.57144,526.6286,287.23242,490.21143,0.88376826,0.95751804
312.0762,526.6286,305.8116,491.98737,0.9611102,0.10287584
331.58096,526.6286,325.42285,493.2485,0.94452566,0.53353786
351.08572,526.6286,344.73196,495.24527,0.795002,0.22413388
370.59048,526.6286,364.224,498.10397,0.36320937,1.0274804
390.09525,526.6286,384.04922,498.70865,0.68293685,0.6242813
409.6,526.6286,402.9222,501.2072,0.6140901,0.70892346
429.10477,526.6286,422.72202,502.66638,0.929473,0.6332055
448.60953,526.6286,441.90414,503.745,0.9529897,0.23856607
468.11432,526.6286,461.23547,505.20514,0.965308,0.40384388
487.61908,526.6286,480.8075,507.28638,0.9595597,0.22341645
507.12384,526.6286,499.56424,508.9672,0.9660483,0.45207068
526.6286,526.6286,519.75195,511.17316,0.9620164,0.5632197
546.13336,526.6286,539.3155,512.8319,0.9218368,0.6157657
565.6381,526.6286,557.94305,514.0333,0.95251554,0.36984223
585.1429,526.6286,577.7269,515.9069,0.68254167,0.107071325
624.1524,526.6286,616.3858,518.99493,0.7231758,0.29555
643.65717,526.6286,635.8306,521.19604,0.9444689,0.35615155
663.1619,526.6286,655.70526,522.4387,0.9441944,0.29406503
682.6667,526.6286,674.7072,524.2229,0.82355475,0.19843702
702.17145,526.6286,694.51996,525.9796,0.86980593,0.20045365
721.6762,526.6286,713.61,527.4778,0.86355394,0.26329798
741.18097,526.6286,732.7849,529.68024,0.7323329,0.48570824
760.6857,526.6286,752.42645,531.3465,0.83463895,0.30865553
780.1905,526.6286,772.1446,532.84656,0.87417233,0.1120888
799.69525,526.6286,791.1829,535.23224,0.7536291,0.7877923
819.2,526.6286,810.3871,536.2892,0.32598785,0.5243326
838.7048,526.6286,829.8754,536.8826,0.28281435,1.1158632
858.20953,526.6286,849.4159,539.83795,0.60314983,0.4225004
877.7143,526.6286,869.3925,541.286,0.63353425,0.19761705
897.21906,526.6286,888.3982,542.0767,0.5748437,0.950592
916.7238,526.6286,908.0559,545.285,0.62038815,0.5853884
936.22864,526.6286,927.9316,546.7864,0.46614236,0.5892733
955.7334,526.6286,947.5341,547.95856,0.7170596,0.6324187
975.23816,526.6286,966.564,549.8154,0.47028247,0.2164728
994.7429,526.6286,985.9423,551.07196,0.7993118,0.45768133
1014.2477,526.6286,1005.6325,553.2598,0.81018543,0.42757863
1033.7524,526.6286,1024.7126,555.30566,0.36279127,0.4128549
1072.762,526.6286,1063.3398,558.62286,0.3212718,0.3615057
1092.2667,526.6286,1082.9478,560.6329,0.3412745,0.6339391
1131.2762,526.6286,1121.0223,563.7963,0.4430966,0.8665724
1150.781,526.6286,1141.4174,565.2335,0.5581527,0.23635246
1170.2858,526.6286,1161.1655,566.70123,0.5967329,0.521205
1189.7905,526.6286,1180.7205,568.5654,0.37209412,0.6398207
1209.2953,526.6286,1199.847,570.31006,0.25436923,0.35050657
1248.3048,526.6286,1238.1318,574.276,0.5381281,0.7198248
1267.8096,526.6286,1258.6158,575.74066,0.3214247,0.92234963
1287.3143,526.6286,1277.8544,576.0275,0.21598828,1.1508548
1326.3239,526.6286,1315.8049,579.98016,0.5904632,0.5107699
1345.8286,526.6286,1335.469,581.7427,0.6802821,0.3607667
1365.3334,526.6286,1354.5364,583.97797,0.6894451,0.45915014
1384.8381,526.6286,1373.7244,585.1167,0.58240974,0.76690596
1404.3429,526.6286,1393.5032,587.7914,0.5285339,0.6723779
1423.8477,526.6286,1413.0216,589.6455,0.39054224,0.7814981
1443.3524,526.6286,1432.4442,591.05554,0.70417875,0.5150151
1462.8572,526.6286,1453.7319,592.144,0.567236,1.6275638
1482.3619,526.6286,1473.1355,594.1721,0.3125495,1.6027294
1501.8667,526.6286,1490.9972,595.75793,0.45564815,0.06460507
1521.3715,526.6286,1509.9677,596.81775,0.7789606,0.72565925
1540.8762,526.6286,1530.3785,599.1854,0.9107373,0.5517662
1560.381,526.6286,1549.0337,600.5214,0.83690006,0.36007246
1579.8857,526.6286,1568.8712,603.4195,0.84890664,0.93829894
1599.3905,526.6286,1588.2306,604.5653,0.8070129,0.38220182
1618.8953,526.6286,1607.7654,605.0772,0.7208671,0.84693104
1638.4,526.6286,1626.5262,607.5998,0.86815095,0.4602095
1657.9048,526.6286,1646.6212,609.0869,0.8271096,0.29351395
1677.4095,526.6286,1666.2319,611.3911,0.9204445,0.5500474
1696.9143,526.6286,1684.9791,612.59644,0.25812626,0.31561354
1735.9238,526.6286,1723.6838,616.1898,0.8972183,0.46458036
1755.4286,526.6286,1743.8353,618.09393,0.6378179,0.3980426
1774.9333,526.6286,1762.8414,620.22144,0.6486638,0.7412127
1794.4381,526.6286,1782.1084,621.38824,0.85393876,0.37464675
1813.9429,526.6286,1801.8328,623.0665,0.92806154,0.1715838
1833.4476,526.6286,1820.6844,624.2777,0.9914017,0.68636197
1852.9524,526.6286,1840.312,626.3312,0.9378102,0.41180104
1872.4573,526.6286,1859.8815,628.4693,0.8612697,0.5446076
1891.962,526.6286,1879.3911,629.39496,0.83486056,0.35834458
1911.4668,526.6286,1898.1696,631.7594,0.91159064,0.9190088
1930.9716,526.6286,1917.7502,633.33136,0.77602834,0.73290265
1950.4763,526.6286,1938.0247,634.78955,0.4623553,0.14960255
1969.9811,526.6286,1956.494,636.7975,0.91806906,0.8655937
1989.4858,526.6286,1976.1201,638.61237,0.97863525,0.7431537
39.009525,546.13336,32.709747,487.58334,0.9616322,0.72926384
58.51429,546.13336,51.697376,489.81464,0.96518165,0.5601419
78.01905,546.13336,71.558334,491.40024,0.9317328,0.8042694
97.52381,546.13336,91.20315,492.6505,0.91337657,0.9329835
117.02858,546.13336,109.44429,493.5969,0.8613855,0.87473917
136.53334,546.13336,128.95123,496.43582,0.50899667,0.35494235
156.0381,546.13336,148.93059,497.80438,0.60234404,0.3662619
175.54286,546.13336,167.88663,499.23306,0.8105508,0.31824142
195.04762,546.13336,187.64616,501.74164,0.95518225,0.5550702
214.55238,546.13336,207.29022,502.84232,0.83875614,0.44238362
234.05716,546.13336,226.55666,504.93237,0.8670998,0.40344277
253.56192,546.13336,245.67065,506.86725,0.6836735,0.5375878
273.06668,546.13336,265.21738,507.94308,0.6480776,0.112167045
292.57144,546.13336,283.95218,509.8459,0.49510536,0.637304
312.0762,546.13336,304.43442,511.62946,0.8451462,0.46853396
331.58096,546.13336,322.8807,512.31116,0.6944007,0.9930244
351.08572,546.13336,344.11322,514.68756,0.30921227,1.2507396
390.09525,546.13336,381.05493,517.5233,0.38922843,0.97957605
409.6,546.13336,401.4817,519.8307,0.22425775,0.3347921
429.10477,546.13336,421.5002,521.867,0.52721,0.9374079
448.60953,546.13336,440.63794,522.8542,0.35962173,0.77791554
468.11432,546.13336,459.63174,524.89734,0.5222739,0.2224736
487.61908,546.13336,478.65756,526.5927,0.6056348,0.26589555
526.6286,546.13336,516.56555,529.73553,0.35374254,1.2446274
546.13336,546.13336,537.62494,531.812,0.5605329,0.44913176
565.6381,546.13336,556.30743,532.9881,0.43025428,0.61992687
585.1429,546.13336,575.8486,535.4381,0.44804186,0.2803147
624.1524,546.13336,615.0539,539.7785,0.25739852,1.1581855
663.1619,546.13336,652.5915,542.2625,0.5798496,1.1908107
682.6667,546.13336,673.7128,543.5806,0.34159532,0.5438674
702.17145,546.13336,693.4054,546.0671,0.38433397,1.0104047
741.18097,546.13336,730.7607,549.1975,0.3851743,0.809012
760.6857,546.13336,749.99243,550.64075,0.35600746,0.92638123
780.1905,546.13336,769.64874,551.8825,0.2429296,0.77631897
799.69525,546.13336,790.35156,553.80975,0.23861861,0.5907628
819.2,546.13336,809.9393,555.2163,0.2971706,0.84401965
858.20953,546.13336,847.9052,559.8508,0.81835604,0.8359468
877.7143,546.13336,867.474,560.84875,0.7689525,0.12045076
897.21906,546.13336,886.5741,562.69574,0.5686916,0.44083452
916.7238,546.13336,905.9953,564.911,0.45665723,0.86037743
936.22864,546.13336,925.81635,565.80444,0.58040947,0.038882844
955.7334,546.13336,945.417,567.0351,0.7092012,0.5335696
975.23816,546.13336,964.9464,569.4541,0.583321,0.37304705
994.7429,546.13336,984.1991,570.59924,0.457384,0.35191151
1014.2477,546.13336,1003.485,573.1797,0.5178664,0.55034107
1033.7524,546.13336,1022.97406,574.69006,0.22661167,0.36185315
1072.762,546.13336,1061.748,578.73944,0.38796973,1.0110871
1092.2667,546.13336,1081.028,579.66437,0.26812515,0.31061786
1111.7715,546.13336,1101.1039,581.05316,0.53137285,0.4484635
1131.2762,546.13336,1120.4886,582.83325,0.6792918,0.3961351
1150.781,546.13336,1140.1508,584.762,0.75375915,0.669356
1170.2858,546.13336,1159.0387,586.07166,0.69815314,0.1793087
1189.7905,546.13336,1178.7767,588.0792,0.80948657,0.42018056
1209.2953,546.13336,1197.9907,589.98364,0.76018476,0.39557126
1228.8,546.13336,1217.2565,590.9071,0.6873954,0.42239052
1248.3048,546.13336,1237.2482,593.4029,0.8086186,0.68352157
1267.8096,546.13336,1255.6904,594.518,0.31150213,0.4664664
1287.3143,546.13336,1276.0043,595.7973,0.7692683,0.7859792
1306.8191,546.13336,1295.1615,598.0383,0.8025301,0.21428941
1326.3239,546.13336,1314.4353,599.86005,0.96795017,0.048506364
1345.8286,546.13336,1333.2493,601.751,0.93836373,0.62028235
1365.3334,546.13336,1352.7932,603.7764,0.9571888,0.718792
1384.8381,546.13336,1372.7322,604.55945,0.90475297,0.37195468
1404.3429,546.13336,1392.1337,606.31506,0.88517845,0.31413513
1423.8477,546.13336,1411.3579,608.7329,0.84540755,0.44767264
1443.3524,546.13336,1430.7483,609.7471,0.8125539,0.36554563
1462.8572,546.13336,1450.4601,611.3413,0.6474628,0.39045507
1501.8667,546.13336,1488.6989,615.57245,0.6936032,0.72552973
1521.3715,546.13336,1507.9788,616.8076,0.83959246,0.7249135
1540.8762,546.13336,1527.868,618.836,0.97441286,0.4063708
1560.381,546.13336,1547.4598,619.9653,0.9809055,0.2832249
1579.8857,546.13336,1566.0822,622.0622,0.97597027,0.9224644
1599.3905,546.13336,1586.0183,623.56085,0.9806989,0.41267326
1618.8953,546.13336,1605.7706,624.59576,0.98857975,0.7375573
1638.4,546.13336,1625.1902,627.19476,0.98517674,0.19230059
1657.9048,546.13336,1644.4149,629.14417,0.9818241,0.514049
1677.4095,546.13336,1664.3088,630.07135,0.93499976,0.39161354
1696.9143,546.13336,1683.0325,632.06757,0.7893358,0.54901
1716.4191,546.13336,1703.1641,633.05585,0.7114781,0.78775686
1735.9238,546.13336,1722.0973,635.36414,0.9222365,0.37918997
1755.4286,546.13336,1741.3962,637.62695,0.9828292,0.619156
1774.9333,546.13336,1760.8634,638.8881,0.9596359,0.43870384
1794.4381,546.13336,1780.3481,640.4007,0.96286374,0.44506988
1813.9429,546.13336,1800.038,641.74536,0.9881598,0.5954492
1833.4476,546.13336,1819.713,643.8787,0.9922999,0.19208632
1852.9524,546.13336,1838.6941,645.2909,0.99630797,0.54653347
1872.4573,546.13336,1858.4705,647.90485,0.97563213,0.4773656
1891.962,546.13336,1877.8068,648.717,0.9662996,0.41790366
1911.4668,546.13336,1897.0422,650.9232,0.89310884,0.2882589
1930.9716,546.13336,1916.5717,652.5512,0.26708463,0.17469166
1950.4763,546.13336,1936.2667,654.6314,0.3216658,0.41403013
1969.9811,546.13336,1955.4066,656.00134,0.9430126,0.21244599
1989.4858,546.13336,1974.4547,657.80554,0.98420805,0.6083028
39.009525,565.6381,31.190495,507.4514,0.6462732,0.9879331
58.51429,565.6381,50.443363,508.50522,0.63080424,0.77471447
78.01905,565.6381,68.78143,510.70316,0.4553102,0.43442228
97.52381,565.6381,88.407455,512.0895,0.4443528,0.18172276
117.02858,565.6381,108.36649,513.4353,0.41691375,0.56012994
136.53334,565.6381,127.66837,517.0283,0.31191927,1.4842398
156.0381,565.6381,147.068,517.3384,0.24764475,0.21631612
175.54286,565.6381,166.93875,518.7769,0.45781827,0.6690358
195.04762,565.6381,186.09616,521.42163,0.3852718,0.84442735
214.55238,565.6381,205.59364,521.89264,0.4594504,0.6412974
234.05716,565.6381,225.05241,524.19196,0.5007359,0.48256782
273.06668,565.6381,262.35864,526.7894,0.5386149,1.2809393
292.57144,565.6381,282.3168,529.89417,0.60834754,0.92310315
312.0762,565.6381,301.30048,530.6631,0.39701378,1.0287156
331.58096,565.6381,321.12286,532.2005,0.28941622,0.71551126
351.08572,565.6381,340.70154,534.6151,0.526691,0.58729315
370.59048,565.6381,360.24115,535.9719,0.3729406,0.36036685
409.6,565.6381,399.2312,540.36584,0.74362993,1.0302516
429.10477,565.6381,418.6311,541.391,0.57408774,0.42062408
448.60953,565.6381,437.78305,542.74866,0.6789984,0.5406256
468.11432,565.6381,456.60724,543.9791,0.47409752,1.2442564
507.12384,565.6381,496.05426,547.38873,0.773566,0.7336609
526.6286,565.6381,515.515,549.9522,0.8036357,0.65896213
546.13336,565.6381,535.92114,550.9783,0.8318001,0.52741015
565.6381,565.6381,554.9332,552.79956,0.87634003,0.16405897
585.1429,565.6381,574.82153,555.29584,0.44845083,0.79802585
604.64764,565.6381,594.3048,556.16406,0.6329483,0.57198083
624.1524,565.6381,612.8972,557.6195,0.63154656,0.53477114
643.65717,565.6381,632.3463,559.8664,0.5790851,0.30161935
663.1619,565.6381,651.9829,561.9081,0.81981343,0.45336664
682.6667,565.6381,671.16766,562.9886,0.80875784,0.36574104
702.17145,565.6381,691.3698,565.16315,0.810949,0.5412125
721.6762,565.6381,710.1025,566.24756,0.5821135,0.400256
741.18097,565.6381,730.47534,569.0472,0.41643947,1.0483295
760.6857,565.6381,749.51776,569.96216,0.83255416,0.30548292
780.1905,565.6381,768.9359,571.63696,0.9200438,0.29413655
799.69525,565.6381,787.8617,573.7139,0.7993348,0.411538
819.2,565.6381,807.5308,574.779,0.30154023,0.2832092
838.7048,565.6381,826.86285,576.9042,0.4829749,0.16017151
858.20953,565.6381,846.7719,578.1021,0.95890224,0.542497
877.7143,565.6381,866.20465,579.9706,0.93723905,0.45121896
897.21906,565.6381,884.3202,581.6573,0.941534,0.928385
916.7238,565.6381,905.19714,583.3224,0.95251125,0.5907739
936.22864,565.6381,924.1645,585.3801,0.9519804,0.14234483
955.7334,565.6381,943.2936,586.5274,0.9587618,0.4877125
975.23816,565.6381,962.4206,588.7684,0.93801886,0.53855807
994.7429,565.6381,981.4337,589.96454,0.7035627,1.0246555
1014.2477,565.6381,1001.2081,591.25397,0.8710634,1.0058881
1033.7524,565.6381,1020.6579,594.15894,0.6391122,0.70536447
1053.2572,565.6381,1040.7178,594.78326,0.32655105,0.6787176
1072.762,565.6381,1060.0071,597.0529,0.47750548,0.14261247
1092.2667,565.6381,1078.9216,598.9766,0.8434049,0.620871
1111.7715,565.6381,1098.4259,600.3307,0.96326035,0.58318526
1131.2762,565.6381,1117.7643,602.61206,0.96217036,0.72014546
1150.781,565.6381,1137.6401,604.21826,0.97759086,0.31644773
1170.2858,565.6381,1156.7776,605.1895,0.9803895,0.66935474
1189.7905,565.6381,1176.6227,607.4925,0.9824509,0.14609355
1209.2953,565.6381,1195.8422,609.12854,0.94728607,0.2810835
1228.8,565.6381,1215.5377,610.34766,0.95364904,0.4123009
1248.3048,565.6381,1234.2823,613.20325,0.9198821,1.0166476
1267.8096,565.6381,1254.209,613.90643,0.6154928,0.32117227
1287.3143,565.6381,1273.863,615.5,0.56012636,0.36068845
1306.8191,565.6381,1292.3688,617.3237,0.8881276,0.929143
1326.3239,565.6381,1312.3307,619.32526,0.89379716,0.3731238
1345.8286,565.6381,1331.8077,620.8639,0.9863954,0.3347719
1365.3334,565.6381,1351.7981,623.10846,0.9818227,0.50857735
1384.8381,565.6381,1370.8,624.1985,0.9930295,0.24872316
1404.3429,565.6381,1389.9965,626.1211,0.99077874,0.42816702
1423.8477,565.6381,1409.6029,628.51715,0.9761279,0.79724115
1443.3524,565.6381,1428.8279,629.0924,0.9639899,0.5832589
1462.8572,565.6381,1448.4692,630.9541,0.9318928,0.31770965
1482.3619,565.6381,1467.6791,633.53577,0.4073423,0.81992537
1501.8667,565.6381,1487.6729,634.50366,0.7629767,0.11436796
1521.3715,565.6381,1506.5214,636.0344,0.97834414,0.53186643
1540.8762,565.6381,1526.2825,638.51855,0.99823654,0.5795639
1560.381,565.6381,1545.5161,640.05347,0.9982962,0.5261637
1579.8857,565.6381,1565.8594,641.88885,0.9906755,0.7741733
1599.3905,565.6381,1584.9218,643.1484,0.99251175,0.21569587
1618.8953,565.6381,1604.1871,644.54474,0.99769163,0.21642262
1638.4,565.6381,1623.543,645.99084,0.9976413,0.4700421
1657.9048,565.6381,1643.154,648.5231,0.99688107,0.38915625
1677.4095,565.6381,1662.4537,649.5592,0.9931146,0.2996227
1696.9143,565.6381,1681.2662,651.78723,0.94925845,0.6532137
1716.4191,565.6381,1701.5029,652.40845,0.82761824,0.8721196
1735.9238,565.6381,1721.002,655.0125,0.96034974,0.26816672
1755.4286,565.6381,1740.4269,657.64496,0.9940005,1.0193398
1774.9333,565.6381,1759.3998,658.5566,0.9917762,0.28187287
1794.4381,565.6381,1779.8799,659.34973,0.9860954,1.105944
1813.9429,565.6381,1798.1653,661.6683,0.9955413,0.30955976
1833.4476,565.6381,1817.7794,663.2173,0.9945039,0.26606593
1852.9524,565.6381,1837.6614,664.8134,0.994466,0.48352212
1872.4573,565.6381,1856.7198,667.3449,0.98866826,0.48771214
1891.962,565.6381,1876.6864,668.2734,0.9928605,0.57781285
1911.4668,565.6381,1895.6466,670.91766,0.96699953,0.6602168
1930.9716,565.6381,1915.6697,672.3448,0.59698635,0.73479885
1950.4763,565.6381,1934.5806,673.7037,0.5205596,0.1146534
1969.9811,565.6381,1954.0144,674.9876,0.9642175,0.38605008
1989.4858,565.6381,1973.0828,676.9534,0.99344563,0.2743877
58.51429,585.1429,47.669678,527.44275,0.38732323,0.8252485
97.52381,585.1429,86.99669,531.3701,0.38951078,0.25467235
117.02858,585.1429,105.48767,532.95294,0.74890846,0.8847445
136.53334,585.1429,125.86505,534.9118,0.48325962,0.15342925
175.54286,585.1429,164.45578,538.74475,0.37105483,0.3786673
195.04762,585.1429,183.94975,540.2961,0.92516696,0.21715805
214.55238,585.1429,203.74962,542.1099,0.70810217,0.43135962
234.05716,585.1429,223.45732,544.0151,0.86065537,0.77282184
253.56192,585.1429,242.40814,545.7568,0.7666658,0.5710956
273.06668,585.1429,261.98996,546.5221,0.9105712,0.4422568
292.57144,585.1429,280.9964,548.5899,0.95394844,0.18288288
312.0762,585.1429,300.8911,550.33563,0.82567996,0.28457373
331.58096,585.1429,320.60977,551.4745,0.9692657,0.76987255
351.08572,585.1429,339.34277,553.50714,0.9019451,0.225378
370.59048,585.1429,358.4277,555.3192,0.508962,0.47936222
409.6,585.1429,397.06296,558.8538,0.93716276,0.7022135
429.10477,585.1429,417.39108,560.2316,0.96578056,0.3274353
448.60953,585.1429,435.75232,562.2825,0.95444334,0.8758978
468.11432,585.1429,456.56808,564.02954,0.971002,0.531962
487.61908,585.1429,475.5796,565.75006,0.924054,0.18417475
507.12384,585.1429,494.22653,567.89764,0.96507615,0.9169987
526.6286,585.1429,513.5802,569.00464,0.97550213,0.76566625
546.13336,585.1429,533.93616,570.3718,0.9871496,0.35792926
565.6381,585.1429,553.0909,572.49255,0.9765217,0.1535178
585.1429,585.1429,572.53033,574.44696,0.816722,0.37078986
624.1524,585.1429,611.45703,576.78595,0.85433275,0.70715165
643.65717,585.1429,630.7786,579.5353,0.9425409,0.3749534
663.1619,585.1429,649.99677,581.1652,0.9854523,0.4543469
682.6667,585.1429,669.24744,582.3187,0.9909293,0.6075233
702.17145,585.1429,688.59186,584.49475,0.9604008,0.66079986
721.6762,585.1429,708.0251,585.3193,0.8586818,0.91882014
741.18097,585.1429,728.29193,587.5085,0.841505,0.278766
760.6857,585.1429,747.5783,589.6259,0.9842362,0.2434261
780.1905,585.1429,767.9683,590.73395,0.9486997,1.0860744
799.69525,585.1429,786.1662,593.51605,0.8525345,0.75358
819.2,585.1429,805.5251,594.08356,0.27336228,0.49407992
838.7048,585.1429,825.5018,596.402,0.85281855,0.34030536
858.20953,585.1429,844.5281,598.93304,0.9510316,1.0506445
877.7143,585.1429,863.50024,599.6092,0.99326813,0.59554446
897.21906,585.1429,884.02185,600.7486,0.987557,0.73504424
916.7238,585.1429,903.2906,603.59656,0.9918494,0.69136834
936.22864,585.1429,922.2624,604.64435,0.9941876,0.13330717
955.7334,585.1429,941.8048,606.66125,0.9916876,0.2704513
975.23816,585.1429,961.2281,607.97473,0.9845371,0.11807419
994.7429,585.1429,980.41345,609.47235,0.9750829,0.4146976
1014.2477,585.1429,999.9022,611.4912,0.8531368,0.20715347
1033.7524,585.1429,1019.1427,613.253,0.75777614,0.40203756
1053.2572,585.1429,1038.5017,614.1296,0.33901608,0.8940309
1072.762,585.1429,1058.7836,617.1068,0.9121258,0.6423437
1092.2667,585.1429,1077.3981,618.8751,0.99215096,0.7275736
1111.7715,585.1429,1098.0686,620.0375,0.99813426,0.80787253
1131.2762,585.1429,1116.57,621.9435,0.99814326,0.2810022
1150.781,585.1429,1136.2839,624.0693,0.99863684,0.6974321
1170.2858,585.1429,1155.5099,625.25146,0.9988187,0.16675024
1189.7905,585.1429,1174.3992,626.6148,0.99612373,0.6109007
1209.2953,585.1429,1194.6908,629.0281,0.9926939,0.60430765
1228.8,585.1429,1213.9175,629.7397,0.9927756,0.45648155
1248.3048,585.1429,1233.213,631.60187,0.95600027,0.29528293
1267.8096,585.1429,1253.3461,633.23254,0.71056783,0.7329137
1287.3143,585.1429,1272.2954,635.0581,0.4971518,0.2810908
1306.8191,585.1429,1291.4897,637.3755,0.9448172,0.3930229
1326.3239,585.1429,1311.573,638.85156,0.97399795,0.59716946
1345.8286,585.1429,1330.652,640.4368,0.9921306,0.2282162
1365.3334,585.1429,1349.5212,642.2702,0.9988991,0.38289866
1384.8381,585.1429,1369.3175,643.7323,0.9987698,0.06409714
1404.3429,585.1429,1389.6826,646.17,0.9966009,1.1783923
1423.8477,585.1429,1408.0842,647.8698,0.99795,0.6831179
1443.3524,585.1429,1428.0469,648.50354,0.9971021,0.60500365
1462.8572,585.1429,1447.0917,650.58966,0.97822434,0.07983419
1482.3619,585.1429,1466.8573,652.74927,0.5686566,0.619089
1501.8667,585.1429,1485.486,654.069,0.3745427,0.39498946
1521.3715,585.1429,1505.5913,655.5604,0.9794179,0.31553805
1540.8762,585.1429,1524.9963,657.4006,0.9962779,0.26267847
1560.381,585.1429,1544.5131,658.86957,0.99617815,0.4122606
1579.8857,585.1429,1563.6818,660.9091,0.9983581,0.1477475
1599.3905,585.1429,1583.2828,662.7681,0.9984898,0.37927288
1618.8953,585.1429,1602.3243,663.8132,0.99622434,0.39866838
1638.4,585.1429,1621.9282,665.4101,0.9957605,0.4811132
1657.9048,585.1429,1641.5186,667.5069,0.99901336,0.21764149
1677.4095,585.1429,1660.598,668.85474,0.99885124,0.45961824
1696.9143,585.1429,1679.5326,671.5003,0.9862482,0.823412
1716.4191,585.1429,1699.3242,672.3594,0.41105494,0.43561086
1735.9238,585.1429,1719.6277,674.0081,0.89809406,0.7009872
1755.4286,585.1429,1738.934,676.9698,0.9958642,0.9954848
1774.9333,585.1429,1757.346,677.77576,0.9998579,0.554603
1794.4381,585.1429,1777.2871,679.59503,0.9999548,0.11471838
1813.9429,585.1429,1797.2465,681.83673,0.9996654,0.8092044
1833.4476,585.1429,1816.1383,682.7906,0.99825376,0.11204101
1852.9524,585.1429,1835.2042,684.0231,0.9966123,0.7036541
1872.4573,585.1429,1855.0706,686.6513,0.9987192,0.36284104
1891.962,585.1429,1874.1998,688.1841,0.99886584,0.34459037
1911.4668,585.1429,1893.6976,689.1414,0.9907316,0.5886888
1930.9716,585.1429,1913.3368,691.62726,0.75405097,0.23866142
1950.4763,585.1429,1932.0261,693.0185,0.6065499,0.75254804
1969.9811,585.1429,1952.1398,694.8304,0.94574255,0.0782325
1989.4858,585.1429,1971.5089,697.137,0.9962046,0.6608658
58.51429,604.64764,46.880684,547.90857,0.87119645,0.63525444
78.01905,604.64764,65.53127,550.078,0.79170954,0.7834626
97.52381,604.64764,85.82848,551.0487,0.7597377,0.65507025
117.02858,604.64764,103.21573,552.5643,0.9353385,1.3978311
136.53334,604.64764,124.24713,554.61835,0.84051204,0.28795278
156.0381,604.64764,143.37433,555.3545,0.2240519,0.7744908
175.54286,604.64764,162.94415,558.896,0.4217968,1.0735266
195.04762,604.64764,182.07787,560.00507,0.96742404,0.5420106
214.55238,604.64764,201.07129,561.56195,0.98341924,0.7648372
234.05716,604.64764,220.99947,563.20026,0.988033,0.33477554
253.56192,604.64764,239.67928,564.9053,0.9772002,0.9803601
273.06668,604.64764,260.38895,566.14856,0.9671211,0.38243613
292.57144,604.64764,279.41913,567.9445,0.99033374,0.0991008
312.0762,604.64764,298.44397,569.3773,0.9927317,0.58024365
331.58096,604.64764,318.22156,571.2554,0.99463004,0.20560615
351.08572,604.64764,337.4179,572.65063,0.9885184,0.5897959
370.59048,604.64764,357.44528,574.7524,0.83857554,0.2538431
390.09525,604.64764,376.15158,576.2164,0.53999054,0.56992984
409.6,604.64764,395.50726,578.5907,0.8131692,0.66599715
429.10477,604.64764,415.94406,580.0506,0.97566056,0.46871576
448.60953,604.64764,434.47754,581.55115,0.99140304,0.45180362
468.11432,604.64764,454.56656,583.86395,0.99567306,0.581319
487.61908,604.64764,473.73535,584.94464,0.9931163,0.09242103
507.12384,604.64764,492.6479,586.0023,0.9922314,0.9170041
526.6286,604.64764,512.33545,587.71356,0.9865173,0.7740527
546.13336,604.64764,531.92865,590.11237,0.9920793,0.14806058
565.6381,604.64764,551.2323,591.88654,0.9855515,0.28194875
585.1429,604.64764,570.68787,594.3649,0.8641017,0.8786165
604.64764,604.64764,590.1525,594.7546,0.6738375,0.51514363
624.1524,604.64764,609.52576,597.41724,0.80967706,0.565043
643.65717,604.64764,628.7958,599.2384,0.9923537,0.7531814
663.1619,604.64764,648.34155,600.0786,0.9976103,0.4007412
682.6667,604.64764,667.69214,601.7235,0.9977361,0.49771732
702.17145,604.64764,687.5848,603.8767,0.9958076,0.16716616
721.6762,604.64764,706.93164,605.0346,0.98166424,0.38813218
741.18097,604.64764,726.68115,607.63336,0.968515,0.5923551
760.6857,604.64764,745.70056,609.16656,0.9890767,0.36211738
780.1905,604.64764,765.3494,609.85925,0.9590403,0.6713634
799.69525,604.64764,784.7981,611.3831,0.8633838,0.84815365
838.7048,604.64764,824.0077,615.6874,0.8734846,0.47776806
858.20953,604.64764,843.5495,617.9502,0.9839601,0.8581581
877.7143,604.64764,862.91956,619.1408,0.9979899,0.5373798
897.21906,604.64764,882.1268,619.986,0.99898916,0.7948604
916.7238,604.64764,900.7776,621.8034,0.9979612,0.7821751
936.22864,604.64764,921.16675,624.0874,0.9971463,0.48071757
955.7334,604.64764,940.4302,625.4656,0.99785936,0.47367954
975.23816,604.64764,959.8496,627.51276,0.9930845,0.3013995
994.7429,604.64764,978.9869,629.5029,0.9940249,0.28148565
1014.2477,604.64764,998.5769,630.4353,0.9279602,0.5142431
1033.7524,604.64764,1018.0733,632.1981,0.4989517,0.48338696
1053.2572,604.64764,1036.9589,634.15796,0.5224231,0.35190842
1072.762,604.64764,1056.9745,635.9054,0.93246776,0.2970124
1092.2667,604.64764,1075.8046,638.08777,0.9894261,0.49115738
1111.7715,604.64764,1096.4762,639.3016,0.99853826,0.92186546
1131.2762,604.64764,1115.7404,640.839,0.99916184,0.7991734
1150.781,604.64764,1135.1718,643.36206,0.999124,0.92351
1170.2858,604.64764,1154.5148,644.3003,0.9998779,0.69692105
1189.7905,604.64764,1173.3163,646.3498,0.99965876,0.13263682
1209.2953,604.64764,1192.9988,648.1295,0.99860454,0.35226414
1228.8,604.64764,1212.4886,649.52136,0.9636989,0.3574222
1248.3048,604.64764,1231.163,651.88873,0.9428235,0.7021021
1267.8096,604.64764,1251.5181,652.96533,0.32511702,0.5146028
1287.3143,604.64764,1269.9773,654.3206,0.6113225,0.60951257
1306.8191,604.64764,1290.1417,656.4911,0.96691716,0.2830424
1326.3239,604.64764,1309.7197,657.6645,0.99481595,0.62122905
1345.8286,604.64764,1329.0569,659.3762,0.99681526,0.5525297
1365.3334,604.64764,1347.8381,661.6534,0.9981755,0.34740868
1384.8381,604.64764,1367.3141,662.97314,0.99920213,0.3704043
1404.3429,604.64764,1386.7845,665.0492,0.9990094,0.26854572
1423.8477,604.64764,1405.753,667.4323,0.9991943,1.0704794
1443.3524,604.64764,1425.925,668.5102,0.99898094,0.19472545
1462.8572,604.64764,1445.3112,669.9388,0.9858392,0.08160729
1482.3619,604.64764,1464.0092,672.24646,0.7183889,0.90249634
1501.8667,604.64764,1483.5364,673.33075,0.47623983,0.64286274
1521.3715,604.64764,1502.8655,676.1443,0.97090584,1.2622887
1540.8762,604.64764,1522.5469,677.1861,0.993126,0.6091921
1560.381,604.64764,1542.014,678.1779,0.9953464,0.56569695
1579.8857,604.64764,1561.3378,680.0753,0.9989491,0.5757504
1599.3905,604.64764,1580.9019,682.2466,0.9995683,0.53493357
1618.8953,604.64764,1600.2289,683.72363,0.9994132,0.5373113
1638.4,604.64764,1619.9846,685.7807,0.9986259,0.5030997
1657.9048,604.64764,1638.6605,686.9225,0.9985717,0.96161175
1677.4095,604.64764,1659.2511,687.9959,0.99786186,0.75196093
1696.9143,604.64764,1678.3163,690.2245,0.9598684,0.25374565
1716.4191,604.64764,1697.5065,692.10956,0.41983032,0.40247282
1735.9238,604.64764,1717.0016,694.1956,0.9640586,0.5053712
1755.4286,604.64764,1736.1599,696.1995,0.99670213,0.9134036
1774.9333,604.64764,1755.6295,697.18945,0.9998535,0.57171845
1794.4381,604.64764,1775.6594,699.0254,0.9999546,0.10959018
1813.9429,604.64764,1794.6539,701.16144,0.9998213,0.6781012
1833.4476,604.64764,1814.3422,702.36804,0.99971896,0.15757892
1852.9524,604.64764,1834.0287,703.8443,0.99981236,0.20473456
1872.4573,604.64764,1852.4581,705.9273,0.9996471,0.918964
1891.962,604.64764,1872.5674,707.32166,0.9998001,0.23746768
1911.4668,604.64764,1891.927,709.16406,0.9963449,0.2908154
1930.9716,604.64764,1911.5267,711.34576,0.7727176,0.53958654
1950.4763,604.64764,1931.111,712.8381,0.45826083,0.3208203
1969.9811,604.64764,1949.8568,714.8075,0.9573565,0.8760933
1989.4858,604.64764,1969.8153,716.31134,0.99842674,0.41051608
58.51429,624.1524,44.729107,567.01166,0.9930936,0.12384811
78.01905,624.1524,63.8773,568.3816,0.98684204,0.40807682
97.52381,624.1524,83.1845,570.2864,0.96313155,0.3346138
117.02858,624.1524,102.50598,571.8785,0.97052455,0.4846122
136.53334,624.1524,121.8653,574.1607,0.89158005,0.5608892
156.0381,624.1524,141.45653,575.0844,0.5296701,0.56226903
175.54286,624.1524,161.29344,577.8335,0.39880684,0.58752567
195.04762,624.1524,180.45003,579.5953,0.9859578,0.6651147
214.55238,624.1524,199.78082,580.5638,0.9954848,0.29071748
234.05716,624.1524,219.68976,582.6797,0.9911714,0.38330695
253.56192,624.1524,239.20894,584.3058,0.9938796,0.38462394
273.06668,624.1524,258.1544,585.5576,0.99562407,0.2762381
292.57144,624.1524,277.497,587.3161,0.99805367,0.31413493
312.0762,624.1524,297.24234,589.6442,0.9948055,0.49155015
331.58096,624.1524,316.6187,590.4873,0.9938227,0.36703777
351.08572,624.1524,336.27548,592.57446,0.96785164,0.2055547
370.59048,624.1524,355.81924,594.5549,0.6279749,0.43784517
390.09525,624.1524,374.9999,595.2488,0.82845485,0.7080335
409.6,624.1524,394.2037,597.86554,0.958566,0.26495364
429.10477,624.1524,414.2271,599.67957,0.9977003,0.54285914
448.60953,624.1524,433.46704,601.074,0.9992508,0.24424532
468.11432,624.1524,452.58786,603.55676,0.9993076,0.80614305
487.61908,624.1524,472.47244,604.3034,0.99646366,0.4156377
507.12384,624.1524,491.39047,605.79724,0.9950265,0.3772741
526.6286,624.1524,511.43335,608.2685,0.9980347,0.64039403
546.13336,624.1524,530.2101,609.3495,0.9978781,0.26295596
565.6381,624.1524,549.7475,610.63947,0.9924447,0.6165203
585.1429,624.1524,569.304,613.422,0.76908064,0.47362027
604.64764,624.1524,589.15686,614.72217,0.39807588,0.4936373
624.1524,624.1524,608.41425,615.9483,0.9163592,0.5131897
643.65717,624.1524,627.573,618.8568,0.98865366,0.8050876
663.1619,624.1524,646.38477,619.6181,0.9992228,0.5905342
682.6667,624.1524,666.93274,621.0732,0.9993261,0.6621258
702.17145,624.1524,686.1636,622.8381,0.99955225,0.46536696
721.6762,624.1524,705.88446,624.5392,0.99961054,0.7065282
741.18097,624.1524,725.0779,626.3281,0.9995355,0.45526066
760.6857,624.1524,743.98126,628.75226,0.9986219,0.51650465
780.1905,624.1524,763.4316,630.0627,0.9970367,0.15649465
799.69525,624.1524,783.01556,631.8549,0.9230101,0.20668045
819.2,624.1524,801.34503,633.0657,0.5738123,1.0970682
838.7048,624.1524,821.9035,635.12604,0.78234416,0.10086853
858.20953,624.1524,841.9719,637.4719,0.9932404,1.0086503
877.7143,624.1524,861.4553,638.661,0.9996126,0.7878866
897.21906,624.1524,879.9852,640.4115,0.99985063,0.29496706
916.7238,624.1524,899.1229,642.1419,0.999822,0.5215212
936.22864,624.1524,919.7584,643.5846,0.999835,0.77179635
955.7334,624.1524,938.21643,644.9578,0.9995768,0.35668418
975.23816,624.1524,957.3763,647.12274,0.9972721,0.5019831
994.7429,624.1524,977.6293,648.6061,0.99748,0.35335147
1014.2477,624.1524,997.3457,649.8231,0.972587,0.8273795
1033.7524,624.1524,1016.4632,652.684,0.7498765,0.70985496
1053.2572,624.1524,1035.2455,653.7808,0.40703353,0.32635266
1072.762,624.1524,1054.3148,656.0091,0.92603457,0.8839909
1092.2667,624.1524,1074.1786,657.803,0.9956228,0.6985674
1111.7715,624.1524,1093.6626,658.66876,0.998578,0.2708125
1131.2762,624.1524,1113.8401,660.84784,0.9988484,0.6223109
1150.781,624.1524,1132.7225,662.89233,0.9994728,0.6406254
1170.2858,624.1524,1151.7225,663.398,0.9997107,0.70180184
1189.7905,624.1524,1171.5366,665.04816,0.99993265,0.60533917
1209.2953,624.1524,1190.4836,667.65686,0.9983237,0.61272615
1228.8,624.1524,1210.1821,668.54376,0.98082167,0.5719628
1248.3048,624.1524,1230.1819,670.37805,0.94219893,0.4827185
1267.8096,624.1524,1249.109,672.4713,0.52513504,0.19850948
1287.3143,624.1524,1268.7339,673.7463,0.808353,0.40510276
1306.8191,624.1524,1288.2533,676.3079,0.9854645,0.46457568
1326.3239,624.1524,1307.4795,677.5083,0.99755037,0.12619308
1345.8286,624.1524,1327.043,678.6867,0.9995934,0.56469476
1365.3334,624.1524,1346.2314,681.9652,0.9997996,1.0393068
1384.8381,624.1524,1365.4031,682.4985,0.9998921,0.51007164
1404.3429,624.1524,1385.4701,684.00934,0.99947226,0.37311864
1423.8477,624.1524,1404.2898,686.3502,0.9994895,0.54963005
1443.3524,624.1524,1424.0641,687.4326,0.99858856,0.33928487
1462.8572,624.1524,1443.3503,689.019,0.9790515,0.50498515
1482.3619,624.1524,1462.7395,691.96875,0.8867859,0.8721864
1521.3715,624.1524,1501.6931,694.5997,0.96595365,0.21605329
1540.8762,624.1524,1521.1118,696.5222,0.99408793,0.35080248
1560.381,624.1524,1540.5901,698.1481,0.99910265,0.26342112
1579.8857,624.1524,1560.0178,699.5915,0.99966556,0.1868531
1599.3905,624.1524,1579.7594,701.6856,0.9999076,0.36074814
1618.8953,624.1524,1599.4098,703.0508,0.9996831,0.35363778
1638.4,624.1524,1618.421,704.9733,0.9990886,0.23231536
1657.9048,624.1524,1637.8096,706.50354,0.9978279,0.1200485
1677.4095,624.1524,1657.1588,708.5139,0.9916368,0.40970528
1696.9143,624.1524,1677.3918,709.6688,0.8963862,0.6398143
1716.4191,624.1524,1696.3857,711.6214,0.29058003,0.19063722
1735.9238,624.1524,1715.8417,713.72784,0.9295671,0.51866674
1755.4286,624.1524,1735.317,715.126,0.99411106,0.3032207
1774.9333,624.1524,1754.6224,716.995,0.99931777,0.36577582
1794.4381,624.1524,1773.7388,718.3863,0.99983656,0.1956379
1813.9429,624.1524,1793.6497,719.97644,0.9999666,0.29734105
1833.4476,624.1524,1813.2083,722.04095,0.9999645,0.5077648
1852.9524,624.1524,1832.6327,723.1387,0.99995434,0.51480365
1872.4573,624.1524,1851.852,725.51825,0.99987876,0.41848356
1891.962,624.1524,1871.7183,726.5049,0.9997318,0.72215617
1911.4668,624.1524,1890.9785,728.08167,0.99575293,0.6592505
1930.9716,624.1524,1910.4889,730.5236,0.5965267,0.6089704
1950.4763,624.1524,1929.6654,731.864,0.7887189,0.3023337
1969.9811,624.1524,1948.8314,733.49896,0.9842066,0.15288004
1989.4858,624.1524,1967.3938,735.91925,0.9979974,1.0171964
58.51429,643.65717,44.059578,586.02734,0.9995979,1.2345955
78.01905,643.65717,62.83918,587.94653,0.99886554,0.55004805
97.52381,643.65717,82.31179,590.0221,0.9979339,0.5550453
117.02858,643.65717,101.70682,591.6217,0.9849395,0.5036367
136.53334,643.65717,120.3779,594.0672,0.943622,0.8236514
156.0381,643.65717,140.5746,594.5147,0.45524845,0.6927775
175.54286,643.65717,159.97107,596.2004,0.8251847,0.678266
195.04762,643.65717,178.6069,598.9649,0.9882798,0.6626024
214.55238,643.65717,198.39359,600.24744,0.99754643,0.16690834
234.05716,643.65717,218.09111,601.9135,0.99767256,0.32963172
253.56192,643.65717,237.16005,603.34625,0.9977071,0.14996828
273.06668,643.65717,257.19006,605.0887,0.99816513,0.5495954
292.57144,643.65717,275.89325,606.4125,0.9991411,0.5072564
312.0762,643.65717,295.669,608.37805,0.9984204,0.26044837
331.58096,643.65717,314.05444,609.6277,0.9954403,1.1027895
351.08572,643.65717,334.21286,612.1282,0.95002383,0.21389103
370.59048,643.65717,352.99094,613.46783,0.7108106,0.83900183
390.09525,643.65717,372.8849,615.6472,0.91165394,0.43563777
409.6,643.65717,392.17688,616.5936,0.99065447,0.6902613
429.10477,643.65717,412.11423,619.1332,0.9993258,0.34981647
448.60953,643.65717,431.36716,619.80524,0.9997916,0.6965329
468.11432,643.65717,450.68,622.1189,0.9997465,0.281889
487.61908,643.65717,470.30057,624.15546,0.9996811,0.28437588
507.12384,643.65717,488.79114,625.3327,0.9998754,1.0545613
526.6286,643.65717,509.059,627.47974,0.99991333,0.2708299
546.13336,643.65717,528.2869,628.85675,0.99803954,0.40969244
565.6381,643.65717,547.5477,629.81635,0.9810506,1.03199
585.1429,643.65717,567.44775,633.1141,0.8481025,0.7359732
624.1524,643.65717,606.3246,635.3609,0.76642364,0.42905402
643.65717,643.65717,625.077,638.10284,0.9841056,0.9743912
663.1619,643.65717,644.50806,638.8914,0.99965626,0.80642784
682.6667,643.65717,664.83673,640.5127,0.99989605,0.39853913
702.17145,643.65717,683.66,643.2921,0.99995637,0.84541106
721.6762,643.65717,703.5678,644.12854,0.9999801,0.15565349
741.18097,643.65717,722.51794,645.7048,0.9999645,0.54115635
760.6857,643.65717,742.23627,648.13385,0.9998466,0.48384926
780.1905,643.65717,761.5202,649.1654,0.99879056,0.3893019
799.69525,643.65717,780.8274,650.88684,0.9864029,0.4873248
819.2,643.65717,800.15576,652.64996,0.65815806,0.56414807
838.7048,643.65717,819.8757,654.4103,0.83867383,0.2688801
858.20953,643.65717,839.19415,656.57556,0.99352705,0.54008543
877.7143,643.65717,858.95306,657.83997,0.9998132,0.060465634
897.21906,643.65717,877.994,659.2725,0.9999596,0.5320348
916.7238,643.65717,897.26044,661.1321,0.9999397,0.6150159
936.22864,643.65717,917.0346,663.02527,0.9998785,0.25629166
955.7334,643.65717,936.67554,664.31146,0.99989533,0.37368533
975.23816,643.65717,956.2144,666.8987,0.9996201,0.5201924
994.7429,643.65717,975.58563,667.83417,0.9986109,0.24856317
1014.2477,643.65717,995.26013,668.8442,0.9362546,0.97130287
1033.7524,643.65717,1014.85144,671.15216,0.5568182,0.5276212
1053.2572,643.65717,1033.7609,673.2104,0.288948,0.11323055
1072.762,643.65717,1053.2399,674.4108,0.89403194,0.4755831
1092.2667,643.65717,1072.7888,676.68805,0.9887174,0.120108396
1111.7715,643.65717,1092.0413,677.7622,0.99594456,0.53402376
1131.2762,643.65717,1111.7052,679.8871,0.99862206,0.14732835
1150.781,643.65717,1131.2227,682.1652,0.9989603,0.52249205
1170.2858,643.65717,1150.9878,683.18964,0.99970835,0.5675992
1189.7905,643.65717,1169.4797,685.0046,0.99973464,0.4120318
1209.2953,643.65717,1189.5048,686.9804,0.99650806,0.27450964
1228.8,643.65717,1208.9966,687.7679,0.9886963,0.7570289
1248.3048,643.65717,1227.6892,689.7438,0.9658422,0.6550098
1267.8096,643.65717,1247.8864,692.12067,0.4958451,0.3677791
1287.3143,643.65717,1267.3416,693.4505,0.66745466,0.33159313
1306.8191,643.65717,1286.8394,695.699,0.9855109,0.5587023
1326.3239,643.65717,1306.4362,697.4684,0.99955827,0.72536725
1345.8286,643.65717,1325.209,698.6552,0.99989164,0.12265894
1365.3334,643.65717,1345.2222,700.292,0.9997323,0.4715058
1384.8381,643.65717,1364.735,702.0146,0.99987113,0.5492771
1404.3429,643.65717,1384.2156,703.90485,0.99975,0.60783744
1423.8477,643.65717,1403.3545,705.59937,0.99902594,0.32564172
1443.3524,643.65717,1422.6995,706.85956,0.9968679,0.38883182
1462.8572,643.65717,1442.2517,707.98737,0.98481834,0.9564689
1482.3619,643.65717,1461.4421,710.4883,0.9229859,0.1363709
1501.8667,643.65717,1480.7788,711.56055,0.41159523,0.720848
1521.3715,643.65717,1499.8745,713.973,0.94296455,0.32920623
1540.8762,643.65717,1520.257,715.6868,0.9953286,0.62294954
1560.381,643.65717,1538.8059,717.20306,0.999187,0.31408626
1579.8857,643.65717,1558.7627,719.23425,0.9997079,0.30826995
1599.3905,643.65717,1577.4781,721.07245,0.9998461,0.5339783
1618.8953,643.65717,1597.6628,722.5984,0.9993484,0.3283139
1638.4,643.65717,1615.9166,724.6195,0.99879736,0.97435397
1657.9048,643.65717,1635.5522,726.186,0.9967171,0.7316403
1677.4095,643.65717,1654.9462,726.80493,0.988952,1.0461857
1696.9143,643.65717,1675.1276,729.98706,0.8606379,0.7078882
1735.9238,643.65717,1713.0348,732.9501,0.6391582,0.94389135
1755.4286,643.65717,1732.5953,735.422,0.93420184,1.2978125
1774.9333,643.65717,1752.4281,736.6902,0.99913913,0.7142798
1794.4381,643.65717,1771.7578,737.9377,0.999564,0.4986421
1813.9429,643.65717,1791.41,740.1112,0.9996499,0.6789488
1833.4476,643.65717,1810.5626,741.1603,0.9996547,0.52992857
1852.9524,643.65717,1830.1847,742.1873,0.99979436,0.77119774
1872.4573,643.65717,1849.5792,745.0529,0.99972415,0.60262597
1891.962,643.65717,1869.3391,745.8117,0.9993643,0.47088596
1911.4668,643.65717,1888.3915,747.742,0.9891689,0.48553357
1930.9716,643.65717,1907.3206,750.16156,0.5188377,1.0421809
1950.4763,643.65717,1927.2749,751.04926,0.51780283,0.5197167
1969.9811,643.65717,1946.5446,752.60046,0.9066043,0.7385893
1989.4858,643.65717,1965.9584,754.87714,0.98604596,0.5863138
58.51429,663.1619,41.356518,606.06976,0.99997973,0.21075238
78.01905,663.1619,60.427284,607.5526,0.9998658,0.22515394
97.52381,663.1619,79.96093,609.45764,0.999552,0.18175398
117.02858,663.1619,99.73225,610.06824,0.9875931,0.974061
136.53334,663.1619,118.588585,612.668,0.94860786,0.34974754
156.0381,663.1619,138.54744,613.7659,0.61874783,0.6742576
175.54286,663.1619,157.38864,615.8668,0.84220886,0.47726905
195.04762,663.1619,177.40053,618.2869,0.9840971,0.50278944
214.55238,663.1619,196.3468,619.53687,0.99823797,0.31124946
234.05716,663.1619,216.22116,620.80634,0.9998512,0.42989057
253.56192,663.1619,235.29825,623.5893,0.9998865,0.7093355
273.06668,663.1619,254.42099,624.2526,0.9999218,0.6402874
292.57144,663.1619,273.97208,626.1141,0.99985456,0.45418134
312.0762,663.1619,293.0678,628.26685,0.99948215,0.783807
331.58096,663.1619,313.0443,629.34845,0.99639386,0.41557828
351.08572,663.1619,332.61838,630.54706,0.9720076,0.869275
370.59048,663.1619,351.7511,632.43744,0.6856092,0.7625811
390.09525,663.1619,371.15225,634.9701,0.61808634,0.41046032
409.6,663.1619,391.1472,637.4952,0.96759504,0.99779856
429.10477,663.1619,410.27646,638.61084,0.99935395,0.4131436
448.60953,663.1619,429.6127,639.52057,0.99991226,0.44690022
468.11432,663.1619,448.85468,641.4173,0.99998593,0.44563693
487.61908,663.1619,468.41876,643.26117,0.9999906,0.27138337
507.12384,663.1619,487.88913,644.9286,0.99998546,0.24199174
526.6286,663.1619,507.17966,647.40814,0.99995327,0.7846031
546.13336,663.1619,526.73285,648.5171,0.9992303,0.26446813
565.6381,663.1619,546.4244,650.4965,0.9908218,0.38271695
585.1429,663.1619,566.06525,652.39026,0.95793927,0.61943966
604.64764,663.1619,585.27563,653.2783,0.34024677,0.23589636
624.1524,663.1619,604.5689,654.7149,0.7247253,0.51575184
643.65717,663.1619,624.114,657.4784,0.9965098,0.5645983
663.1619,663.1619,643.452,658.8599,0.99989843,0.2685523
682.6667,663.1619,663.1532,659.8667,0.9999751,0.47593004
702.17145,663.1619,682.36523,662.08777,0.9999918,0.09248073
721.6762,663.1619,702.0579,663.8707,0.9999914,0.25930667
741.18097,663.1619,721.6704,665.56134,0.9999765,0.4154983
760.6857,663.1619,741.06,667.3096,0.99989593,0.39884272
780.1905,663.1619,760.23834,668.69824,0.9991952,0.1497867
799.69525,663.1619,779.44293,670.05756,0.9833412,0.47443223
819.2,663.1619,799.4204,672.26416,0.67549294,0.41943753
838.7048,663.1619,818.4544,673.7886,0.83592016,0.12656415
858.20953,663.1619,838.2091,675.2678,0.98908883,0.4876911
877.7143,663.1619,857.6901,677.2153,0.999489,0.40651086
897.21906,663.1619,877.1282,678.74335,0.9999006,0.4842824
916.7238,663.1619,896.4172,680.65344,0.99995947,0.26724488
936.22864,663.1619,915.61676,682.62256,0.99995995,0.21127816
955.7334,663.1619,935.0869,683.96313,0.99993515,0.16522951
975.23816,663.1619,955.03217,685.9023,0.99977314,0.5904332
994.7429,663.1619,974.0049,687.9169,0.99874145,0.42285004
1014.2477,663.1619,993.22015,688.1515,0.9800361,1.0654044
1033.7524,663.1619,1012.842,691.3036,0.719115,0.403571
1072.762,663.1619,1051.5134,693.2882,0.9394608,1.0285319
1092.2667,663.1619,1071.4435,695.8569,0.9874134,0.44032863
1111.7715,663.1619,1091.2745,697.5384,0.99554545,0.8307886
1131.2762,663.1619,1109.7843,699.0832,0.99862456,0.3470539
1150.781,663.1619,1129.7794,701.1487,0.99937445,0.4574646
1170.2858,663.1619,1149.706,702.8076,0.9989787,0.95216227
1189.7905,663.1619,1168.15,704.47156,0.9987096,0.053640563
1209.2953,663.1619,1187.4292,706.7499,0.9968065,0.56845045
1228.8,663.1619,1207.238,707.54095,0.9958065,0.41854116
1248.3048,663.1619,1226.2573,709.2602,0.9829415,0.4147364
1267.8096,663.1619,1245.5503,711.48157,0.52665347,0.39439833
1287.3143,663.1619,1264.6522,712.29706,0.8287542,0.9904167
1306.8191,663.1619,1284.7921,715.18506,0.98702645,0.47328636
1326.3239,663.1619,1304.0438,716.6103,0.993835,0.25104636
1345.8286,663.1619,1323.4343,717.6131,0.99888206,0.5357435
1365.3334,663.1619,1342.1772,720.1399,0.99869096,0.94096285
1384.8381,663.1619,1361.5492,721.8633,0.99893117,1.0040519
1404.3429,663.1619,1381.5698,722.51245,0.9993935,0.78262407
1423.8477,663.1619,1400.647,724.42267,0.9988015,0.85740274
1443.3524,663.1619,1420.4965,727.0229,0.9937881,0.50002384
1462.8572,663.1619,1440.4412,728.30396,0.95998365,0.22926758
1482.3619,663.1619,1459.5204,730.6538,0.77285236,0.6533735
1501.8667,663.1619,1478.9377,731.80347,0.33023784,0.16342753
1521.3715,663.1619,1497.6683,734.1017,0.9388852,1.0833384
1540.8762,663.1619,1517.4707,735.30206,0.99213713,0.50091296
1560.381,663.1619,1536.6571,736.5525,0.9995447,0.7535308
1579.8857,663.1619,1556.7651,738.88666,0.9991826,0.37613958
1599.3905,663.1619,1575.9595,740.0824,0.9990319,0.29596052
1618.8953,663.1619,1594.8728,742.0681,0.9993501,0.7989243
1638.4,663.1619,1614.758,744.25183,0.9992256,0.71972096
1657.9048,663.1619,1633.9503,745.7352,0.9979277,0.707838
1677.4095,663.1619,1653.3661,746.9169,0.99178135,0.5894287
1696.9143,663.1619,1673.1538,748.0336,0.94938564,0.714042
1716.4191,663.1619,1692.4159,749.89075,0.43847755,0.652347
1735.9238,663.1619,1712.3048,752.43115,0.6043553,0.32642397
1755.4286,663.1619,1731.2334,753.9881,0.9730012,0.47108832
1774.9333,663.1619,1750.4924,755.9562,0.9956325,0.7535442
1794.4381,663.1619,1770.5032,757.3201,0.99898803,0.11247686
1813.9429,663.1619,1789.6863,759.0488,0.9993654,0.30789608
1833.4476,663.1619,1809.1279,760.704,0.99913275,0.2801333
1852.9524,663.1619,1828.5289,761.66327,0.99653155,0.7112897
1872.4573,663.1619,1848.1079,764.2507,0.9965562,0.280343
1891.962,663.1619,1867.9945,765.3151,0.9956578,0.5031457
1911.4668,663.1619,1886.8677,766.58856,0.985834,0.8586295
1930.9716,663.1619,1906.4945,769.6829,0.79423034,0.57424957
1950.4763,663.1619,1926.1833,770.7374,0.61634344,0.22035657
1969.9811,663.1619,1945.4498,772.28644,0.9574437,0.2285816
1989.4858,663.1619,1965.3534,774.23224,0.9152845,0.5171701
58.51429,682.6667,39.489056,625.04175,0.99996734,0.30520162
78.01905,682.6667,59.11367,627.3055,0.9999678,0.31031
97.52381,682.6667,78.51718,628.74146,0.9998232,0.14316627
117.02858,682.6667,97.7697,629.58136,0.99660033,0.86520755
136.53334,682.6667,116.764145,632.0654,0.8638997,0.4778408
156.0381,682.6667,136.71202,633.24335,0.54977274,0.6041944
175.54286,682.6667,155.69159,634.9853,0.88800514,0.69125116
195.04762,682.6667,175.34798,637.912,0.9977627,0.68989795
214.55238,682.6667,195.31462,638.9897,0.99964917,0.3599919
234.05716,682.6667,214.72865,640.66406,0.99985695,0.341276
253.56192,682.6667,234.29224,642.61304,0.99997747,0.5441203
273.06668,682.6667,253.32953,643.9315,0.99999154,0.13955697
292.57144,682.6667,272.87476,645.1678,0.9999579,0.60974365
312.0762,682.6667,292.13345,647.59454,0.99980485,0.15099521
331.58096,682.6667,311.12442,648.608,0.99852955,0.6796652
351.08572,682.6667,331.20053,650.34766,0.95966333,0.5479507
370.59048,682.6667,350.76807,653.058,0.49310532,0.6302092
390.09525,682.6667,369.26746,654.67505,0.730212,0.70972264
409.6,682.6667,389.74188,655.8276,0.9563458,0.49336582
429.10477,682.6667,408.665,658.0886,0.9994943,0.4444418
448.60953,682.6667,428.84128,658.86237,0.99991024,0.86471224
468.11432,682.6667,447.8372,660.5441,0.9999939,0.57518226
487.61908,682.6667,467.31985,663.1903,0.99999595,0.55725753
507.12384,682.6667,486.61423,664.0251,0.999992,0.46447584
526.6286,682.6667,506.09506,665.51917,0.999966,0.6734186
546.13336,682.6667,524.9092,667.86194,0.99947965,0.36777073
565.6381,682.6667,545.1727,668.7727,0.99286985,0.9015842
585.1429,682.6667,563.92883,671.19257,0.93421465,0.21526815
604.64764,682.6667,584.6649,673.0034,0.6054636,1.0982536
624.1524,682.6667,602.3673,674.3011,0.9490682,0.7188535
643.65717,682.6667,622.74207,677.0127,0.9967336,0.7377234
663.1619,682.6667,641.25476,677.82697,0.99980384,0.64301485
682.6667,682.6667,660.85016,679.2242,0.9999211,0.681536
702.17145,682.6667,681.0002,681.8315,0.99996674,0.47724226
721.6762,682.6667,699.4908,683.02124,0.9999534,0.6720881
741.18097,682.6667,718.90027,684.6602,0.9999666,0.7061933
760.6857,682.6667,738.8602,687.18835,0.9998282,0.66181564
780.1905,682.6667,758.8555,688.07086,0.9994501,0.44749784
799.69525,682.6667,778.0963,689.96356,0.98926866,0.22361693
819.2,682.6667,797.1069,691.7571,0.42076257,0.22724317
838.7048,682.6667,816.40216,693.34644,0.85128987,0.33246657
858.20953,682.6667,836.46655,694.71124,0.98294544,0.44900912
877.7143,682.6667,856.3569,697.18524,0.9993019,0.87980497
897.21906,682.6667,874.85345,698.0168,0.99990034,0.4608076
916.7238,682.6667,893.7347,700.1781,0.9998878,0.7229154
936.22864,682.6667,913.627,702.2464,0.99987495,0.47943226
955.7334,682.6667,932.6338,703.1963,0.9999554,0.76740813
975.23816,682.6667,952.0845,705.4562,0.99987173,0.69720423
994.7429,682.6667,971.6562,706.83704,0.9988293,0.5336616
1014.2477,682.6667,991.26776,708.6259,0.9700785,0.34231898
1033.7524,682.6667,1010.57477,710.349,0.86385965,0.46542406
1053.2572,682.6667,1030.7466,711.70404,0.30167353,0.43748784
1072.762,682.6667,1049.7439,713.88934,0.9059979,0.21452278
1092.2667,682.6667,1069.531,716.10474,0.9859705,0.69061285
1111.7715,682.6667,1088.4453,716.9184,0.99776644,0.38876858
1131.2762,682.6667,1107.9877,719.22,0.99828863,0.42886457
1150.781,682.6667,1127.6064,720.6996,0.9968985,0.1571686
1170.2858,682.6667,1146.7897,722.16187,0.99478704,0.27654016
1189.7905,682.6667,1166.4008,723.3026,0.9960212,0.64607495
1209.2953,682.6667,1185.4066,726.09094,0.9909422,0.6774787
1228.8,682.6667,1205.1517,727.1229,0.96961194,0.29337943
1248.3048,682.6667,1224.6283,729.22974,0.8734431,0.23809539
1267.8096,682.6667,1243.5499,730.85223,0.22915336,0.6657537
1287.3143,682.6667,1263.4122,732.58777,0.85245746,0.26753303
1306.8191,682.6667,1282.8824,734.76245,0.96871924,0.6466265
1326.3239,682.6667,1302.4839,735.9981,0.9846372,0.15587935
1345.8286,682.6667,1321.7123,737.71967,0.9881689,0.2795711
1365.3334,682.6667,1341.1426,739.4998,0.9840421,0.33624348
1384.8381,682.6667,1360.5767,741.2552,0.9908302,0.3782811
1404.3429,682.6667,1379.8944,742.38983,0.9934972,0.41261485
1423.8477,682.6667,1399.6782,745.2129,0.97960955,0.8706649
1443.3524,682.6667,1419.1771,746.259,0.94457346,0.23654081
1462.8572,682.6667,1438.3875,747.0828,0.90800995,0.67139846
1482.3619,682.6667,1457.5729,749.36694,0.65786797,0.3773928
1501.8667,682.6667,1477.5364,751.3555,0.26939267,0.2683976
1521.3715,682.6667,1496.6029,753.1062,0.90447426,0.33152702
1540.8762,682.6667,1516.1945,754.54346,0.8808567,0.039688062
1560.381,682.6667,1535.9913,756.03314,0.9932868,0.38788903
1579.8857,682.6667,1554.3726,758.28217,0.99627584,0.79860336
1599.3905,682.6667,1574.9976,760.20526,0.9962448,0.7345893
1618.8953,682.6667,1593.9707,760.72766,0.99530673,0.61467075
1638.4,682.6667,1613.6826,762.742,0.99709904,0.42136633
1657.9048,682.6667,1633.0892,765.28625,0.9682373,0.60831314
1677.4095,682.6667,1652.5824,766.2971,0.98609877,0.36450958
1696.9143,682.6667,1671.9283,767.662,0.94232696,0.54112864
1716.4191,682.6667,1691.6737,769.8754,0.53197086,0.5656906
1735.9238,682.6667,1710.834,771.7097,0.42035452,0.3389154
1755.4286,682.6667,1730.3661,773.54,0.9447127,0.49569178
1774.9333,682.6667,1749.8442,775.0957,0.99198866,0.46955162
1794.4381,682.6667,1768.9534,776.6605,0.9944018,0.12362999
1813.9429,682.6667,1788.9475,778.7992,0.99468637,0.8243988
1833.4476,682.6667,1808.3807,780.2849,0.988946,0.7301973
1852.9524,682.6667,1827.034,781.5523,0.97866505,0.20904267
1872.4573,682.6667,1846.8031,783.3565,0.9685609,0.263735
1891.962,682.6667,1866.2931,784.71356,0.95801204,0.5279179
1911.4668,682.6667,1885.6299,785.7978,0.91882306,1.0656829
1930.9716,682.6667,1905.0138,788.7932,0.8293506,0.30306473
1969.9811,682.6667,1942.9841,791.74567,0.740574,0.74809116
1989.4858,682.6667,1963.5275,794.0529,0.80463135,0.5675519
58.51429,702.17145,38.20496,645.1141,0.9999713,0.5172172
78.01905,702.17145,57.270428,646.7844,0.9999715,0.30908924
97.52381,702.17145,77.18025,648.189,0.9997647,0.5062749
117.02858,702.17145,96.81932,649.51074,0.9917466,0.8027618
136.53334,702.17145,115.47994,651.98413,0.9234834,0.41150618
156.0381,702.17145,135.43585,652.67487,0.54039115,0.76335955
175.54286,702.17145,154.0933,654.57416,0.83967334,0.5034772
195.04762,702.17145,173.11128,656.5842,0.9961674,0.7214484
214.55238,702.17145,193.7194,658.4409,0.9996029,0.46653718
234.05716,702.17145,212.62431,660.1061,0.99993324,0.070319444
253.56192,702.17145,231.63542,662.18744,0.99998474,0.6344808
273.06668,702.17145,251.03432,663.2626,0.9999924,0.5571954
292.57144,702.17145,271.89487,665.52325,0.999925,0.97898394
312.0762,702.17145,291.11163,667.35767,0.99960154,0.8510225
331.58096,702.17145,309.20508,668.6337,0.9966215,0.63818747
351.08572,702.17145,329.23816,669.9636,0.981719,0.31393617
370.59048,702.17145,348.6863,672.3429,0.77826804,0.3674498
390.09525,702.17145,367.92624,673.43353,0.78065646,0.31794366
409.6,702.17145,387.8416,674.978,0.97519195,0.48566657
429.10477,702.17145,407.1761,677.0178,0.9970111,0.19169159
448.60953,702.17145,425.933,678.5052,0.99937874,0.56039006
468.11432,702.17145,446.30228,681.03827,0.99988484,0.7191985
487.61908,702.17145,465.16812,682.45245,0.9999782,0.30061755
507.12384,702.17145,484.96085,683.9903,0.99996734,0.27089095
526.6286,702.17145,503.77875,686.3084,0.9998293,0.81991005
546.13336,702.17145,522.70715,687.28613,0.99796045,0.8695129
565.6381,702.17145,542.288,688.791,0.9913186,0.74234885
585.1429,702.17145,562.2164,690.59155,0.82785547,0.23660487
604.64764,702.17145,581.93787,692.83246,0.50695705,0.46254802
624.1524,702.17145,600.63,693.8863,0.8760473,0.6949133
643.65717,702.17145,621.0684,696.4636,0.9976014,0.7675158
663.1619,702.17145,639.6421,697.2013,0.9992462,0.585672
682.6667,702.17145,659.9095,698.2082,0.9996123,1.0180942
702.17145,702.17145,678.3201,701.06683,0.9997711,0.726587
721.6762,702.17145,698.29645,702.46423,0.99986255,0.19050592
741.18097,702.17145,718.43774,704.5377,0.9996998,0.6147384
760.6857,702.17145,736.9122,706.70746,0.99948007,0.83487886
780.1905,702.17145,756.2618,707.5263,0.9974395,0.5036518
799.69525,702.17145,775.81616,709.12146,0.98054403,0.43807444
819.2,702.17145,795.1602,710.45404,0.48938075,0.7630739
838.7048,702.17145,814.9592,712.3134,0.56459486,0.46737128
858.20953,702.17145,834.62714,715.54816,0.9965691,1.0856906
877.7143,702.17145,853.51544,716.5223,0.99812245,0.5153087
897.21906,702.17145,873.4137,718.01447,0.9993005,0.16500358
916.7238,702.17145,892.34576,719.20135,0.9994787,0.5551482
936.22864,702.17145,912.129,721.3189,0.9997122,0.07342735
955.7334,702.17145,931.3255,722.42206,0.998666,0.6249704
975.23816,702.17145,951.0623,724.75287,0.99654424,0.079754174
994.7429,702.17145,970.40704,726.37915,0.98920786,0.07218681
1014.2477,702.17145,989.654,727.59875,0.94201285,0.5398194
1033.7524,702.17145,1009.1522,729.00977,0.7648893,0.7871662
1053.2572,702.17145,1029.4386,730.88824,0.3326732,0.8885007
1072.762,702.17145,1048.2408,732.9221,0.800978,0.25505745
1092.2667,702.17145,1068.1016,735.5845,0.9550483,0.8516931
1111.7715,702.17145,1087.356,736.40076,0.9840188,0.34087107
1131.2762,702.17145,1106.3713,738.22174,0.9911529,0.13230824
1150.781,702.17145,1126.121,740.51605,0.9861106,0.5770305
1170.2858,702.17145,1145.5857,741.3032,0.9848961,0.437068
1189.7905,702.17145,1164.5723,743.709,0.98976916,0.39676866
1209.2953,702.17145,1184.2866,745.3726,0.99116206,0.30732998
1228.8,702.17145,1203.8837,746.6985,0.9667496,0.24963173
1248.3048,702.17145,1223.3352,747.92694,0.885503,0.6049547
1267.8096,702.17145,1243.1908,749.9549,0.47900662,0.71818733
1287.3143,702.17145,1261.563,751.44525,0.5789847,0.5687734
1306.8191,702.17145,1281.5537,753.61664,0.9165786,0.19085534
1326.3239,702.17145,1300.9089,755.49286,0.97529006,0.24571763
1345.8286,702.17145,1320.1332,756.31,0.9836571,0.6702588
1365.3334,702.17145,1339.9163,759.04803,0.9459373,0.45426965
1384.8381,702.17145,1359.5664,761.0591,0.9477579,0.8350478
1404.3429,702.17145,1378.5691,761.9974,0.93338734,0.09008973
1423.8477,702.17145,1398.1125,764.35376,0.8865059,0.6026104
1443.3524,702.17145,1417.769,765.6453,0.7892481,0.42398635
1462.8572,702.17145,1436.9266,766.7743,0.90316653,0.41491577
1482.3619,702.17145,1456.4193,769.49274,0.87341624,0.6443724
1521.3715,702.17145,1495.3848,772.4092,0.33895358,0.3122868
1540.8762,702.17145,1515.3679,774.78864,0.814636,1.1664245
1560.381,702.17145,1534.4183,775.718,0.96562,0.45585632
1579.8857,702.17145,1552.9476,777.4356,0.98871803,0.45201632
1599.3905,702.17145,1573.2427,779.22345,0.97078973,0.44327182
1618.8953,702.17145,1592.5032,780.7776,0.9808024,0.24687447
1638.4,702.17145,1611.1598,781.64056,0.980436,0.98499316
1657.9048,702.17145,1631.863,784.1653,0.9864115,0.74564147
1677.4095,702.17145,1651.1117,785.6935,0.9819673,0.5914809
1696.9143,702.17145,1671.2703,786.8514,0.9407266,1.479406
1716.4191,702.17145,1689.7709,788.68085,0.49530372,0.69348246
1735.9238,702.17145,1709.4949,790.82404,0.34913498,0.67186224
1755.4286,702.17145,1729.1738,793.1234,0.5491723,1.0099976
1774.9333,702.17145,1748.9733,793.6663,0.73861575,1.4552988
1794.4381,702.17145,1767.9177,796.1331,0.65435916,0.7888496
1813.9429,702.17145,1787.3191,798.2308,0.89972484,0.88533306
1833.4476,702.17145,1805.8834,800.0756,0.93595684,0.6131996
1852.9524,702.17145,1825.4427,800.853,0.8237798,0.31971157
1872.4573,702.17145,1844.5962,803.1003,0.76081973,0.343901
1891.962,702.17145,1864.8691,804.4334,0.75395256,0.60129195
1911.4668,702.17145,1883.6323,806.0091,0.7681912,0.27551115
1930.9716,702.17145,1903.6947,808.4089,0.9145581,0.70206076
1969.9811,702.17145,1941.3999,811.6661,0.33841443,0.6739253
58.51429,721.6762,36.023254,664.27527,0.9999429,0.112785585
78.01905,721.6762,55.23193,666.1849,0.9999721,0.41756
97.52381,721.6762,75.08695,667.78253,0.99917084,0.20863932
117.02858,721.6762,94.33562,669.0158,0.98126936,0.29922724
136.53334,721.6762,113.5054,671.3478,0.7658841,0.4743582
175.54286,721.6762,152.51797,674.3151,0.6418321,0.20055422
195.04762,721.6762,171.34836,676.4808,0.9952793,0.8637179
214.55238,721.6762,190.65973,678.055,0.9979587,0.93140906
234.05716,721.6762,211.36127,679.5555,0.99908614,0.37647095
253.56192,721.6762,230.75296,681.23334,0.99948394,0.33550888
273.06668,721.6762,249.73364,682.9714,0.999717,0.1323735
292.57144,721.6762,269.40158,684.26526,0.9996163,0.36239305
312.0762,721.6762,288.66797,686.5263,0.99968857,0.22385749
331.58096,721.6762,307.7248,688.227,0.9883896,0.470769
351.08572,721.6762,327.38873,690.01886,0.9663504,0.36188495
370.59048,721.6762,346.43076,691.5831,0.58076745,0.5977645
390.09525,721.6762,366.3572,693.688,0.565248,0.5865503
409.6,721.6762,385.4268,694.81885,0.9510674,0.43621814
429.10477,721.6762,405.15817,697.14264,0.9892476,0.6506743
448.60953,721.6762,424.57642,698.2156,0.99155515,0.14779454
468.11432,721.6762,443.71338,699.7675,0.9970314,0.46234858
487.61908,721.6762,463.72617,702.03625,0.999792,0.45279717
507.12384,721.6762,482.9331,702.95123,0.99986875,0.36419398
526.6286,721.6762,502.42615,705.2048,0.9984084,0.19985163
546.13336,721.6762,521.84375,706.88837,0.99541396,0.18543662
565.6381,721.6762,541.3852,707.7223,0.99068767,0.687969
585.1429,721.6762,560.7004,710.88226,0.49168283,0.7773872
604.64764,721.6762,580.4231,712.6048,0.26427025,0.8387196
624.1524,721.6762,599.7495,713.14343,0.91269785,0.39233872
643.65717,721.6762,619.52686,715.36707,0.96430874,0.5230354
663.1619,721.6762,638.863,716.9171,0.9873139,0.40324122
682.6667,721.6762,658.16223,719.1423,0.9941476,0.6016334
702.17145,721.6762,676.95935,720.9897,0.9916206,0.77384126
721.6762,721.6762,696.91394,722.2057,0.9942575,0.25779188
741.18097,721.6762,716.2936,723.62,0.9923384,0.14048603
760.6857,721.6762,735.8107,725.41626,0.9966255,0.19841777
780.1905,721.6762,754.89734,726.5618,0.986098,0.56272155
799.69525,721.6762,774.8901,728.58954,0.929146,0.46901676
819.2,721.6762,794.2971,730.243,0.55910426,0.47242966
838.7048,721.6762,813.6297,731.80273,0.6823267,0.49899262
858.20953,721.6762,833.15314,734.45575,0.99003804,0.67350423
877.7143,721.6762,852.5764,736.1337,0.99262005,0.651393
897.21906,721.6762,872.3566,736.91595,0.97664535,0.82747525
916.7238,721.6762,891.4361,738.1151,0.9949935,0.9673211
936.22864,721.6762,910.9187,740.77014,0.99450403,0.43611252
955.7334,721.6762,929.858,742.17084,0.9823345,0.24165206
975.23816,721.6762,949.26074,743.78864,0.9501563,0.3281937
994.7429,721.6762,969.06366,745.865,0.91631037,0.2908403
1014.2477,721.6762,988.0253,748.3924,0.9141772,0.90657085
1033.7524,721.6762,1007.5685,750.12634,0.82448786,0.92441696
1053.2572,721.6762,1027.8572,750.816,0.4773213,0.79148316
1072.762,721.6762,1046.4508,753.4228,0.83804125,0.8197281
1092.2667,721.6762,1066.0957,754.6936,0.87365645,0.42212212
1111.7715,721.6762,1086.1776,755.89325,0.9505877,0.8227441
1131.2762,721.6762,1105.2429,756.86365,0.97321475,0.95364296
1150.781,721.6762,1123.7902,760.15137,0.95546687,0.86355287
1170.2858,721.6762,1143.6454,761.11053,0.9578021,0.010635715
1189.7905,721.6762,1163.3339,762.45905,0.92784274,0.4258518
1209.2953,721.6762,1183.0085,764.5949,0.9346786,0.501664
1228.8,721.6762,1202.1561,765.8433,0.941219,0.41777784
1248.3048,721.6762,1221.6382,768.1523,0.8814962,0.36080754
1267.8096,721.6762,1241.2816,769.61536,0.40709034,0.47498628
1287.3143,721.6762,1260.763,771.09155,0.22085792,0.5669731
1306.8191,721.6762,1279.4456,773.5595,0.543421,0.5983076
1326.3239,721.6762,1299.5725,775.1599,0.81072795,0.657773
1345.8286,721.6762,1318.0302,776.4261,0.6117919,0.49927112
1365.3334,721.6762,1337.6349,778.4438,0.7610036,0.46999004
1384.8381,721.6762,1357.1199,780.2663,0.65385336,0.5355827
1404.3429,721.6762,1376.4048,781.13715,0.6361159,0.55433697
1423.8477,721.6762,1396.4353,783.8328,0.77303684,0.6555033
1443.3524,721.6762,1416.4374,784.87744,0.74745005,0.75619286
1462.8572,721.6762,1434.5946,786.78,0.82008743,0.5468099
1482.3619,721.6762,1454.6571,788.8585,0.8918109,0.56659675
1501.8667,721.6762,1473.4696,789.82025,0.45096248,0.53597593
1560.381,721.6762,1532.0837,795.11975,0.3330991,0.18176778
1579.8857,721.6762,1551.272,796.00244,0.7290057,0.90590435
1599.3905,721.6762,1571.0577,798.43744,0.6803637,0.09474608
1618.8953,721.6762,1590.6682,800.0474,0.7508168,0.19179061
1638.4,721.6762,1609.8557,801.4476,0.8374983,0.4741482
1657.9048,721.6762,1629.6799,803.76416,0.87781227,0.30790433
1677.4095,721.6762,1649.1732,805.27356,0.6639731,0.32653433
1696.9143,721.6762,1669.433,806.74396,0.5828438,1.1831369
1716.4191,721.6762,1688.3263,808.62006,0.34806353,0.62273633
1755.4286,721.6762,1725.06,811.5833,0.29862422,1.5970205
1794.4381,721.6762,1764.2074,816.0319,0.37333167,1.3333552
1813.9429,721.6762,1783.6349,817.3864,0.44727397,1.2405978
1833.4476,721.6762,1803.3433,818.7027,0.35355803,0.969943
1852.9524,721.6762,1822.4445,820.227,0.33469954,1.3324953
1872.4573,721.6762,1844.216,822.28674,0.37403804,1.0624974
1891.962,721.6762,1863.3765,824.10187,0.5094179,0.7985493
1911.4668,721.6762,1882.7838,824.6187,0.41122913,1.3290493
1969.9811,721.6762,1939.4027,830.16364,0.6595497,1.1065651
1989.4858,721.6762,1959.7263,832.3562,0.86934954,0.14655568
58.51429,741.18097,34.561928,683.4682,0.9994689,0.22548498
78.01905,741.18097,53.735207,685.4268,0.99966484,0.14046715
97.52381,741.18097,73.43277,686.9034,0.9967117,0.20768875
117.02858,741.18097,92.96758,688.0251,0.9530945,0.75933266
136.53334,741.18097,112.32648,690.52344,0.85046566,0.2096156
156.0381,741.18097,131.70647,692.98785,0.33359888,0.8620092
175.54286,741.18097,151.27429,694.1789,0.8832978,0.44032127
195.04762,741.18097,170.55763,695.9398,0.9816148,0.4232211
214.55238,741.18097,190.5067,697.4635,0.9794325,0.6875413
234.05716,741.18097,209.28336,698.57056,0.9876368,0.3666679
253.56192,741.18097,229.02097,701.6164,0.9963983,1.0248764
273.06668,741.18097,248.14252,702.3789,0.99590605,0.042325538
292.57144,741.18097,267.6605,703.77527,0.9966128,0.27397797
312.0762,741.18097,287.13208,705.0317,0.9974599,0.7157765
331.58096,741.18097,306.60718,707.2658,0.986725,0.23873208
351.08572,741.18097,325.7701,708.9449,0.96056044,0.2170366
370.59048,741.18097,345.79102,711.5176,0.37795,0.8382721
390.09525,741.18097,364.56894,712.3565,0.7717816,0.24331866
409.6,741.18097,384.62784,713.3426,0.9442476,1.0078315
429.10477,741.18097,404.09622,714.66327,0.9847265,1.3691087
448.60953,741.18097,422.80746,717.64685,0.98294705,0.21673152
468.11432,741.18097,442.87277,719.5608,0.9892115,0.4745368
487.61908,741.18097,462.35016,721.14154,0.99455065,0.47678888
507.12384,741.18097,481.71063,722.5579,0.9928271,0.43351403
526.6286,741.18097,501.38632,724.2649,0.9903298,0.6627596
546.13336,741.18097,520.69116,726.4004,0.9864805,0.57823735
565.6381,741.18097,539.607,727.7228,0.895708,0.11358669
585.1429,741.18097,559.2501,729.9341,0.6746017,0.45089546
604.64764,741.18097,578.5856,731.8885,0.21349137,0.66267663
624.1524,741.18097,598.1097,732.39636,0.76781243,0.57955813
643.65717,741.18097,617.3372,735.43915,0.7060325,0.80301654
663.1619,741.18097,636.733,736.17334,0.8726879,0.16500111
682.6667,741.18097,656.1658,738.0022,0.82196194,0.04193475
702.17145,741.18097,675.5368,739.93555,0.86719483,0.21651764
721.6762,741.18097,694.9926,741.4146,0.9662252,0.06273146
741.18097,741.18097,714.8713,742.47156,0.92775494,0.77000725
760.6857,741.18097,733.8779,744.7793,0.99331105,0.06643993
780.1905,741.18097,753.0071,746.01447,0.96690583,0.62033725
799.69525,741.18097,772.6279,747.9121,0.70274323,0.35502824
838.7048,741.18097,811.942,751.59436,0.7772038,0.3100252
858.20953,741.18097,831.77576,753.75116,0.9137775,0.82301295
877.7143,741.18097,850.1735,755.4802,0.7274945,0.549132
897.21906,741.18097,869.6446,756.1576,0.8367227,0.6430383
916.7238,741.18097,889.4937,758.75745,0.83883536,0.34975412
936.22864,741.18097,908.88104,760.3738,0.9051727,0.25597128
955.7334,741.18097,927.932,761.4931,0.84827375,0.4461367
975.23816,741.18097,947.6058,764.72687,0.8535787,1.1922375
994.7429,741.18097,966.94403,765.17114,0.7820799,0.14961085
1014.2477,741.18097,986.84705,766.43976,0.80067927,0.5994693
1033.7524,741.18097,1005.4385,769.2734,0.52938133,0.81177187
1053.2572,741.18097,1024.9653,770.6279,0.2728442,0.5000332
1072.762,741.18097,1044.9471,772.2647,0.43150175,0.27198145
1092.2667,741.18097,1063.8717,773.581,0.60233384,0.39169937
1111.7715,741.18097,1083.4131,775.59814,0.62680954,0.29798022
1131.2762,741.18097,1102.7893,776.42914,0.6025778,0.76843673
1150.781,741.18097,1122.8936,779.34564,0.44545764,0.63062793
1189.7905,741.18097,1159.7898,782.4656,0.38822386,1.6114498
1209.2953,741.18097,1181.6439,784.1985,0.71321905,0.86966956
1228.8,741.18097,1200.504,785.49994,0.679398,0.2913718
1248.3048,741.18097,1220.8413,787.23535,0.6958314,1.1692687
1267.8096,741.18097,1239.6832,789.1099,0.34436232,0.58130795
1306.8191,741.18097,1277.1323,792.13416,0.3657083,0.887935
1326.3239,741.18097,1296.6588,794.08716,0.553332,0.74113894
1345.8286,741.18097,1316.295,795.4341,0.2058149,0.66738284
1365.3334,741.18097,1335.673,798.0899,0.5826648,0.80783504
1384.8381,741.18097,1354.9023,799.44244,0.67133135,0.8147361
1404.3429,741.18097,1376.0549,800.35925,0.56465316,1.097121
1423.8477,741.18097,1395.0447,802.55994,0.4198858,0.49909788
1462.8572,741.18097,1432.2546,805.8017,0.3817452,1.1807071
1482.3619,741.18097,1453.7981,807.941,0.4323052,0.9774594
1501.8667,741.18097,1472.9242,809.1902,0.22344075,0.6950747
1540.8762,741.18097,1510.7064,813.2071,0.6087286,0.5676888
1560.381,741.18097,1530.7153,814.4723,0.5406031,0.16264759
1579.8857,741.18097,1549.5654,816.16345,0.5317642,0.43566298
1599.3905,741.18097,1569.5316,818.1527,0.48007378,0.24306418
1618.8953,741.18097,1588.7675,819.35345,0.5586597,0.29411986
1638.4,741.18097,1608.3253,821.1429,0.5921067,0.19466783
1657.9048,741.18097,1627.1163,823.52203,0.5668716,0.7745419
1677.4095,741.18097,1646.525,824.4451,0.46041116,0.68660563
1696.9143,741.18097,1666.8135,825.5319,0.31861398,0.93175846
1716.4191,741.18097,1685.601,827.5263,0.39803573,0.7316889
1735.9238,741.18097,1705.0828,830.13025,0.27562034,0.4641809
1774.9333,741.18097,1744.1968,833.62317,0.37019476,0.4034078
1794.4381,741.18097,1763.4479,835.1626,0.47467202,0.36455044
1813.9429,741.18097,1782.9069,836.7229,0.42329028,0.27028796
1833.4476,741.18097,1802.6085,838.4892,0.80154413,0.15677509
1852.9524,741.18097,1821.1993,839.26953,0.75241864,1.1231766
1872.4573,741.18097,1840.8978,841.7546,0.7481956,0.5561965
1891.962,741.18097,1860.2896,843.62897,0.55954134,0.6260131
1911.4668,741.18097,1880.4,844.6714,0.57013565,0.46954894
1930.9716,741.18097,1900.0038,847.1858,0.41928437,0.437331
1969.9811,741.18097,1938.5603,850.37213,0.92396104,0.14657229
1989.4858,741.18097,1958.092,851.9561,0.96591043,0.05985231
58.51429,760.6857,32.834675,703.38684,0.9705823,0.34103408
78.01905,760.6857,52.69251,705.1412,0.99173427,0.6635612
97.52381,760.6857,71.95241,706.0362,0.98594624,0.5740305
117.02858,760.6857,91.839005,707.08777,0.8702808,1.3648535
136.53334,760.6857,111.11873,709.5789,0.70861965,0.741987
156.0381,760.6857,130.96294,712.4903,0.36789042,1.4332587
175.54286,760.6857,149.56862,713.092,0.4688717,0.3240664
195.04762,760.6857,169.10416,715.5397,0.9479284,0.6850379
214.55238,760.6857,188.29039,717.31647,0.94162744,0.66215354
234.05716,760.6857,207.75461,718.7335,0.98581934,0.4019097
253.56192,760.6857,228.02823,720.6602,0.9743431,1.1706449
273.06668,760.6857,246.76514,721.7527,0.8765036,0.31633264
292.57144,760.6857,266.01212,722.8225,0.9118447,0.65853083
312.0762,760.6857,285.77682,725.5811,0.9466974,0.6234931
331.58096,760.6857,303.94235,726.8851,0.9283177,0.7986249
351.08572,760.6857,323.18335,727.61523,0.90939873,1.3721515
370.59048,760.6857,343.14398,730.92847,0.49475035,0.8041612
390.09525,760.6857,363.31323,732.0137,0.43555278,0.28464827
409.6,760.6857,383.1516,734.46387,0.5825218,1.0530041
429.10477,760.6857,402.21118,735.0767,0.87410253,0.43052432
448.60953,760.6857,421.10165,736.3379,0.9356373,0.7624512
468.11432,760.6857,440.5495,738.1915,0.96795416,0.6110633
487.61908,760.6857,460.3054,741.003,0.93362385,0.549219
507.12384,760.6857,479.89047,742.1557,0.9088609,0.2750452
526.6286,760.6857,499.48447,744.47546,0.9042469,0.7498649
546.13336,760.6857,518.8011,745.4629,0.8350057,0.3406266
565.6381,760.6857,537.9592,746.5854,0.7955824,0.683495
585.1429,760.6857,557.5032,749.3058,0.51405144,0.3771088
604.64764,760.6857,576.27277,750.99854,0.2588041,0.5963782
643.65717,760.6857,614.261,754.3171,0.4171875,1.3911834
663.1619,760.6857,634.4495,755.7118,0.61803025,0.6129346
682.6667,760.6857,654.28723,756.5899,0.43579122,0.8999738
721.6762,760.6857,693.6949,761.01013,0.7106704,0.37207064
741.18097,760.6857,712.9288,762.27466,0.8275774,0.3266215
760.6857,760.6857,732.32666,764.66345,0.936563,0.41300422
780.1905,760.6857,751.32635,765.53687,0.77391845,0.53376955
799.69525,760.6857,771.06055,766.8959,0.20177028,0.7706206
858.20953,760.6857,828.56946,773.2031,0.22806403,0.9079245
877.7143,760.6857,848.258,774.92706,0.45490208,0.7083407
897.21906,760.6857,867.70844,776.202,0.4365498,0.5192471
916.7238,760.6857,887.1279,778.8047,0.27211633,1.0774341
936.22864,760.6857,907.1081,780.0635,0.6064265,0.4978591
955.7334,760.6857,926.9003,780.64606,0.29926986,0.7282834
975.23816,760.6857,946.5884,783.0125,0.4397415,0.6414023
994.7429,760.6857,965.99316,784.9459,0.47374246,0.6747994
1014.2477,760.6857,985.2343,786.00806,0.42064783,0.55521524
1072.762,760.6857,1043.174,791.31714,0.38163686,0.16536424
1092.2667,760.6857,1062.3499,793.97034,0.75868773,0.82501423
1111.7715,760.6857,1081.8019,794.6703,0.63431275,0.25289056
1131.2762,760.6857,1101.2363,796.58276,0.55351454,0.1576805
1150.781,760.6857,1120.8967,798.4237,0.5749045,0.17428362
1170.2858,760.6857,1140.0898,799.54675,0.6947465,0.4497859
1189.7905,760.6857,1159.3047,801.6837,0.70038056,0.38044578
1209.2953,760.6857,1177.964,803.0593,0.38919514,1.1912261
1228.8,760.6857,1197.2653,805.3113,0.42628714,1.3039277
1267.8096,760.6857,1236.703,808.14197,0.31325707,0.7745326
1306.8191,760.6857,1276.3157,811.91705,0.6438529,0.07054051
1326.3239,760.6857,1295.4141,813.9295,0.8669135,0.46229222
1345.8286,760.6857,1315.3142,814.67896,0.86406356,0.6146199
1365.3334,760.6857,1334.6399,817.4798,0.95439154,0.5210597
1384.8381,760.6857,1354.2391,819.0758,0.8665122,0.48046038
1404.3429,760.6857,1373.6986,819.7061,0.56575704,0.7149918
1423.8477,760.6857,1392.2767,822.42285,0.72849613,0.6769008
1443.3524,760.6857,1412.7325,824.354,0.8814465,0.74190414
1462.8572,760.6857,1431.5304,825.6337,0.9206923,0.24828455
1482.3619,760.6857,1451.7493,827.44617,0.9068198,0.6685917
1501.8667,760.6857,1470.6827,828.61053,0.2890775,0.27663022
1521.3715,760.6857,1489.9901,830.0121,0.69751835,0.5526624
1540.8762,760.6857,1508.6505,832.43915,0.8844019,0.8030294
1560.381,760.6857,1529.2512,833.6439,0.78114617,0.5020207
1579.8857,760.6857,1548.7832,835.21326,0.76148736,0.6644532
1599.3905,760.6857,1568.133,837.92004,0.8730591,0.6888371
1618.8953,760.6857,1587.3882,838.93365,0.8401863,0.26600054
1638.4,760.6857,1606.578,840.8803,0.94968003,0.11637893
1657.9048,760.6857,1625.8652,843.0387,0.83663964,0.59432
1677.4095,760.6857,1644.7169,843.7556,0.86421937,0.83760613
1696.9143,760.6857,1664.6011,845.26874,0.8549884,0.6569275
1716.4191,760.6857,1683.8011,847.3168,0.3634359,0.565054
1735.9238,760.6857,1703.1924,849.29407,0.47855175,0.5481864
1755.4286,760.6857,1722.491,850.60315,0.8585505,0.7692092
1774.9333,760.6857,1742.4965,852.46936,0.9365639,0.22080427
1794.4381,760.6857,1761.6013,854.7099,0.9487556,0.5519673
1813.9429,760.6857,1780.8265,855.9621,0.93469864,0.6434709
1833.4476,760.6857,1800.4999,858.0975,0.93654346,0.5152275
1852.9524,760.6857,1820.2295,859.11914,0.95598865,0.35706526
1872.4573,760.6857,1839.302,861.8014,0.9207085,0.7813926
1891.962,760.6857,1858.8636,862.9948,0.9597967,0.3463303
1911.4668,760.6857,1878.551,864.20685,0.94950354,0.36245662
1930.9716,760.6857,1897.4711,866.5277,0.80822253,0.63204074
1950.4763,760.6857,1917.259,867.3554,0.2523935,0.6456412
1969.9811,760.6857,1936.238,870.59534,0.95702976,1.1467202
1989.4858,760.6857,1956.0475,871.67316,0.93792105,0.42388484
58.51429,780.1905,31.05705,722.1453,0.87311393,0.35603768
78.01905,780.1905,50.03721,724.7768,0.89386356,0.7068273
97.52381,780.1905,69.63847,726.2107,0.94612545,0.391218
117.02858,780.1905,88.683624,726.99445,0.8843879,0.8665111
136.53334,780.1905,108.241066,727.91144,0.81104845,1.4724857
175.54286,780.1905,145.63554,732.8168,0.29370496,1.9645244
195.04762,780.1905,165.53777,735.0932,0.5442529,1.6433972
214.55238,780.1905,186.98257,736.0981,0.25289184,0.5250244
234.05716,780.1905,205.59142,737.84827,0.418139,0.3008987
253.56192,780.1905,225.88725,739.6062,0.26981044,0.5787604
292.57144,780.1905,262.7015,742.6557,0.3864559,1.4979786
312.0762,780.1905,283.22336,744.42847,0.3936291,0.42245212
331.58096,780.1905,302.942,745.7006,0.5909785,0.6054741
351.08572,780.1905,322.24115,747.3047,0.5772848,0.7304665
409.6,780.1905,379.29865,753.251,0.6585426,1.472317
429.10477,780.1905,400.46054,754.8806,0.40492624,0.2795969
448.60953,780.1905,419.74683,756.1704,0.4807606,0.34954113
468.11432,780.1905,439.07925,758.54846,0.68581647,0.35169342
487.61908,780.1905,459.025,759.55444,0.5790852,0.63965327
507.12384,780.1905,478.43805,761.2301,0.6160478,0.6386266
526.6286,780.1905,498.0531,763.33417,0.43543348,0.7077993
565.6381,780.1905,536.1033,766.1754,0.5032942,0.5322452
585.1429,780.1905,556.1385,768.5404,0.30298367,0.5206522
643.65717,780.1905,613.7074,773.7189,0.6167108,0.31376156
663.1619,780.1905,633.3303,774.9021,0.77360374,0.29659817
682.6667,780.1905,652.8026,776.7325,0.85865843,0.16511124
702.17145,780.1905,672.3488,779.27045,0.68504786,0.68533945
721.6762,780.1905,691.6198,780.31165,0.8633079,0.035041038
741.18097,780.1905,710.95465,781.3663,0.4926337,0.64350754
760.6857,780.1905,730.73865,784.06036,0.4148496,0.42788872
799.69525,780.1905,769.4354,786.3033,0.40158534,0.7959698
819.2,780.1905,788.75433,789.0331,0.28071836,0.24149723
858.20953,780.1905,827.73975,791.90497,0.60904145,0.30107057
877.7143,780.1905,847.56177,794.476,0.7673363,0.74339086
897.21906,780.1905,867.2805,795.626,0.6990013,0.75459963
916.7238,780.1905,885.60925,797.4478,0.9431324,0.37924245
936.22864,780.1905,905.8436,799.0147,0.8975208,0.45635626
955.7334,780.1905,925.3199,800.0246,0.8738142,0.83852726
975.23816,780.1905,945.1023,803.313,0.77811605,1.2524713
994.7429,780.1905,963.36633,804.56104,0.605705,0.56020796
1014.2477,780.1905,983.5711,805.38934,0.6825538,0.6151714
1033.7524,780.1905,1002.1852,806.5433,0.56838965,1.0170329
1053.2572,780.1905,1021.3127,809.6998,0.34382203,0.8287614
1072.762,780.1905,1041.0768,810.7387,0.8401814,0.36076644
1092.2667,780.1905,1060.7782,812.1779,0.8985675,0.42164782
1111.7715,780.1905,1080.2761,814.26764,0.8428932,0.031505022
1131.2762,780.1905,1099.6963,816.2743,0.8878514,0.27827737
1150.781,780.1905,1118.9364,817.88617,0.8933644,0.2668994
1170.2858,780.1905,1138.6971,819.37115,0.92560744,0.14507635
1189.7905,780.1905,1157.874,820.94324,0.6924967,0.18857391
1209.2953,780.1905,1176.7849,821.87854,0.9272941,1.1130149
1228.8,780.1905,1196.4229,823.97437,0.7808363,0.6714082
1248.3048,780.1905,1215.4935,825.83545,0.7369112,0.8617673
1267.8096,780.1905,1235.6903,826.7687,0.6222641,1.1271365
1306.8191,780.1905,1274.6459,831.95966,0.8310525,0.6686138
1326.3239,780.1905,1293.3816,833.6493,0.9642515,0.898891
1345.8286,780.1905,1312.9503,834.6774,0.98960114,0.47910053
1365.3334,780.1905,1332.206,836.95197,0.9932242,0.8584051
1384.8381,780.1905,1352.3842,838.57214,0.99321204,0.4859231
1404.3429,780.1905,1371.1345,839.2144,0.97309065,0.82528275
1423.8477,780.1905,1390.5734,841.65906,0.956227,0.6006353
1443.3524,780.1905,1410.2505,843.4013,0.976046,0.39015055
1462.8572,780.1905,1429.7457,844.7343,0.9776808,0.3113865
1482.3619,780.1905,1448.8209,846.84924,0.93334275,0.67184895
1501.8667,780.1905,1468.2308,848.15,0.29117236,0.6587526
1521.3715,780.1905,1487.9915,849.5808,0.7017391,0.5188985
1540.8762,780.1905,1506.7948,851.7926,0.9674288,0.94463027
1560.381,780.1905,1526.9807,853.3236,0.96742046,0.19753984
1579.8857,780.1905,1545.7567,854.43835,0.9859757,1.0651563
1599.3905,780.1905,1565.8501,857.1405,0.9899147,0.38782784
1618.8953,780.1905,1585.1194,858.68915,0.98826635,0.38915563
1638.4,780.1905,1604.7644,859.73444,0.98329014,0.47639441
1657.9048,780.1905,1624.1931,862.41437,0.96833724,0.53436196
1677.4095,780.1905,1643.1534,863.07416,0.96074796,0.79033417
1696.9143,780.1905,1663.4401,864.16675,0.95092505,1.1577533
1716.4191,780.1905,1682.5825,866.57275,0.62448096,0.42266026
1735.9238,780.1905,1702.0739,868.59534,0.65466285,0.10486666
1755.4286,780.1905,1721.0565,869.6979,0.9416598,0.81024015
1774.9333,780.1905,1740.7925,872.2763,0.9830838,0.21173637
1794.4381,780.1905,1760.1755,873.135,0.98453385,0.677539
1813.9429,780.1905,1779.6539,875.4726,0.99482423,0.11019569
1833.4476,780.1905,1798.9326,877.7318,0.99641633,0.5970655
1852.9524,780.1905,1817.7953,878.4781,0.99847203,0.9264746
1872.4573,780.1905,1838.3545,880.2614,0.9930811,0.44855437
1891.962,780.1905,1857.5579,882.30054,0.9818903,0.07388686
1911.4668,780.1905,1877.1329,883.9607,0.9772739,0.22067975
1930.9716,780.1905,1896.3636,886.02136,0.7865175,0.32784328
1950.4763,780.1905,1916.1913,886.8565,0.36978325,0.6792949
1969.9811,780.1905,1934.896,888.86237,0.92006975,0.38728157
1989.4858,780.1905,1954.8446,891.4615,0.9846105,0.6990899
78.01905,799.69525,49.24244,743.37415,0.6233926,0.5600297
97.52381,799.69525,68.51846,745.26154,0.40775523,0.35066417
117.02858,799.69525,88.677666,746.23193,0.66700745,1.3364818
156.0381,799.69525,125.977516,750.3873,0.3295818,0.4902576
175.54286,799.69525,145.26282,752.6523,0.52876997,0.82190883
195.04762,799.69525,165.1647,752.85724,0.72147125,0.9850921
214.55238,799.69525,184.44844,755.4316,0.7943272,0.32408696
234.05716,799.69525,203.72464,756.90906,0.71841633,0.5630905
253.56192,799.69525,223.42505,759.5697,0.7421186,0.6696086
273.06668,799.69525,242.64406,760.58075,0.7479137,0.40802002
292.57144,799.69525,262.37943,761.92377,0.6655717,0.41710314
312.0762,799.69525,281.80994,764.2169,0.86087215,0.21344353
331.58096,799.69525,301.79715,765.7902,0.6422186,0.46042204
351.08572,799.69525,320.80685,766.26306,0.47534886,1.1659437
370.59048,799.69525,340.30203,769.3541,0.44797632,0.2468958
390.09525,799.69525,359.81348,770.09076,0.23358178,0.75949275
409.6,799.69525,378.31195,772.86957,0.89322126,0.8249565
429.10477,799.69525,398.66284,775.20544,0.89235985,0.9917272
448.60953,799.69525,417.86307,776.4024,0.6295858,0.4780941
468.11432,799.69525,437.67758,777.58997,0.77091205,0.32515913
487.61908,799.69525,456.7373,779.01544,0.8284218,0.31633264
507.12384,799.69525,476.63293,780.4089,0.39321536,0.746623
526.6286,799.69525,496.43033,783.5222,0.74342126,1.1159908
546.13336,799.69525,515.4978,784.36206,0.21001816,0.42608926
565.6381,799.69525,535.1315,785.2632,0.6366361,1.0664274
585.1429,799.69525,553.87305,787.56036,0.8677009,0.2752723
604.64764,799.69525,573.6146,789.5487,0.6066022,0.24703312
624.1524,799.69525,592.45197,790.99677,0.48615983,0.41693932
643.65717,799.69525,612.3892,792.574,0.91754514,0.3881791
663.1619,799.69525,631.9337,794.56396,0.96187353,0.28095612
682.6667,799.69525,650.25287,796.3537,0.9640934,0.8381719
702.17145,799.69525,670.7924,798.35846,0.9841502,0.42779303
721.6762,799.69525,690.0859,799.34064,0.98499835,0.4095582
741.18097,799.69525,709.31104,801.50867,0.9349441,0.10794995
760.6857,799.69525,728.7128,802.75757,0.9194461,0.38320535
780.1905,799.69525,748.2834,804.8616,0.97077644,0.05265074
799.69525,799.69525,767.1968,806.07245,0.985734,0.6592135
819.2,799.69525,786.8562,808.28827,0.8767084,0.2555352
838.7048,799.69525,807.11456,809.1846,0.41444755,0.94215345
858.20953,799.69525,824.79675,810.3173,0.84610957,1.7555045
877.7143,799.69525,845.2082,813.31915,0.9893138,0.18797791
897.21906,799.69525,864.4713,814.5026,0.99041575,0.63350034
916.7238,799.69525,884.13544,816.83875,0.9896858,0.1651031
936.22864,799.69525,903.19086,818.7352,0.9933507,0.5846391
955.7334,799.69525,922.6993,819.8035,0.97739756,0.5293001
975.23816,799.69525,941.6832,821.6483,0.96561325,0.88378423
994.7429,799.69525,961.35144,823.3787,0.9547943,0.6451204
1014.2477,799.69525,981.151,824.9483,0.9285152,0.38026506
1033.7524,799.69525,1000.21185,826.7905,0.55454636,0.6431469
1072.762,799.69525,1039.6252,829.9731,0.7158043,0.36174822
1092.2667,799.69525,1058.6582,832.4379,0.93036693,0.627355
1111.7715,799.69525,1077.8828,833.3889,0.9795243,0.7590701
1131.2762,799.69525,1098.0936,834.68494,0.9881043,0.7484118
1150.781,799.69525,1117.2955,836.9439,0.98451954,0.22310887
1170.2858,799.69525,1136.5356,838.5673,0.97581154,0.41069412
1189.7905,799.69525,1156.1063,840.6537,0.95515406,0.21919186
1209.2953,799.69525,1174.9858,842.1744,0.9702107,0.7313433
1228.8,799.69525,1195.106,843.9547,0.96861035,0.04897823
1248.3048,799.69525,1214.215,844.79065,0.92212415,0.91045463
1267.8096,799.69525,1233.3075,846.60486,0.71194744,1.0048032
1287.3143,799.69525,1252.4221,847.5066,0.2689145,1.8276101
1306.8191,799.69525,1271.3787,850.91156,0.7440019,1.500878
1326.3239,799.69525,1291.739,853.0591,0.96144927,0.84486824
1345.8286,799.69525,1312.0609,854.53186,0.9976065,0.52418965
1365.3334,799.69525,1331.3375,855.5054,0.99866474,0.36664507
1384.8381,799.69525,1350.6973,858.0036,0.99909294,0.48951104
1404.3429,799.69525,1370.6533,859.1256,0.99860007,0.64046776
1423.8477,799.69525,1389.2721,860.62744,0.9974128,0.3480739
1443.3524,799.69525,1409.1263,862.6648,0.9956143,0.24759787
1462.8572,799.69525,1428.1241,863.4937,0.97578984,0.8530577
1482.3619,799.69525,1448.0392,866.13873,0.88795877,0.3170964
1501.8667,799.69525,1467.3768,867.43774,0.53577244,0.35248694
1521.3715,799.69525,1486.6595,868.96295,0.803967,0.46596855
1540.8762,799.69525,1505.9734,871.3945,0.98774105,0.2757603
1560.381,799.69525,1525.7646,872.8189,0.9919487,0.2997551
1579.8857,799.69525,1545.201,874.1724,0.99623907,0.4668878
1599.3905,799.69525,1564.3896,876.99097,0.99907017,0.7682011
1618.8953,799.69525,1583.8125,878.079,0.99951607,0.16348247
1638.4,799.69525,1603.1687,880.2722,0.9981059,0.6471742
1657.9048,799.69525,1623.285,881.221,0.98665774,0.6754516
1677.4095,799.69525,1641.3066,882.86066,0.9765553,0.7596141
1696.9143,799.69525,1660.8097,884.1684,0.9672557,0.8704228
1716.4191,799.69525,1681.6995,886.4016,0.56295663,0.7905105
1735.9238,799.69525,1700.0493,888.5522,0.78959304,0.5165666
1755.4286,799.69525,1719.6113,890.41925,0.98954815,0.61515725
1774.9333,799.69525,1739.9303,891.6181,0.9984275,0.735293
1794.4381,799.69525,1759.5688,892.9566,0.9993836,0.975022
1813.9429,799.69525,1777.886,894.84576,0.9992912,0.19298185
1833.4476,799.69525,1797.7463,897.085,0.9997766,0.5255427
1852.9524,799.69525,1816.7057,897.59894,0.9999193,0.75769067
1872.4573,799.69525,1836.8312,900.21356,0.9984736,0.5134088
1891.962,799.69525,1856.0597,901.7282,0.9910265,0.27541336
1911.4668,799.69525,1875.5485,903.27765,0.9654867,0.36455733
1930.9716,799.69525,1895.4288,905.40076,0.7899118,0.8307029
1950.4763,799.69525,1914.1578,906.4948,0.3118171,0.3397338
1969.9811,799.69525,1933.1313,908.6946,0.8569719,0.41188866
1989.4858,799.69525,1953.3538,910.25494,0.9907761,0.41785946
78.01905,819.2,47.40397,762.74817,0.7882344,0.47613835
97.52381,819.2,67.3277,765.0874,0.47817713,0.9140629
117.02858,819.2,86.40657,766.15216,0.40517437,0.58832
136.53334,819.2,105.085785,767.4129,0.7889768,0.78729826
156.0381,819.2,124.4182,769.76373,0.3416121,0.3607958
175.54286,819.2,144.3553,771.5852,0.8599955,0.16078314
195.04762,819.2,163.53056,774.1903,0.8203698,0.9359025
214.55238,819.2,182.78548,775.2783,0.92553663,0.41930744
234.05716,819.2,202.75203,776.50977,0.98959666,0.30324307
253.56192,819.2,221.34583,778.5141,0.9855214,0.59349316
273.06668,819.2,240.5254,780.3125,0.9270887,0.86195546
292.57144,819.2,260.31995,781.36566,0.85758305,0.60526454
312.0762,819.2,279.68756,783.5932,0.97283393,0.53974944
331.58096,819.2,299.57422,784.8572,0.99344456,0.30916318
351.08572,819.2,319.05087,786.0971,0.93219477,0.76218027
370.59048,819.2,338.33395,788.7997,0.75590545,0.29358417
390.09525,819.2,358.61047,791.08636,0.45550826,1.0697163
409.6,819.2,377.57043,793.4138,0.94409186,1.4696592
429.10477,819.2,397.6175,794.1998,0.9804015,0.9856375
448.60953,819.2,416.38977,795.0326,0.9435704,0.36581102
468.11432,819.2,435.3073,796.92175,0.9798578,0.3734354
487.61908,819.2,454.822,799.14484,0.9838054,0.46737632
507.12384,819.2,474.1026,799.99854,0.9870726,0.6183989
526.6286,819.2,493.80307,801.91736,0.9815385,0.28055638
546.13336,819.2,513.3634,804.0253,0.94544595,0.16735357
565.6381,819.2,532.0379,804.76794,0.958665,1.1032279
585.1429,819.2,551.92633,807.0512,0.81010044,0.37424687
624.1524,819.2,591.001,811.0396,0.8139082,0.3936411
643.65717,819.2,610.2476,812.54266,0.98127323,0.3368831
663.1619,819.2,629.5132,814.4856,0.99446684,0.6183567
682.6667,819.2,649.1312,815.05804,0.99700636,0.7467216
702.17145,819.2,668.5514,817.75385,0.99645627,0.40027884
721.6762,819.2,688.03723,819.0944,0.996437,0.22380154
741.18097,819.2,707.9582,820.50555,0.99518234,0.44765273
760.6857,819.2,726.268,822.4376,0.99839026,0.85338783
780.1905,819.2,746.31195,824.259,0.9983427,0.23138633
799.69525,819.2,765.74396,825.63074,0.9588244,0.39991122
819.2,819.2,785.14624,828.0227,0.92274046,0.44692335
838.7048,819.2,804.74854,829.4965,0.678054,0.16339922
858.20953,819.2,824.4017,830.8033,0.9848633,0.28865343
877.7143,819.2,843.86786,832.5562,0.99346364,0.26483512
897.21906,819.2,863.36096,834.25165,0.99901044,0.31207398
916.7238,819.2,882.67737,835.96466,0.9994269,0.22738479
936.22864,819.2,902.20746,838.5215,0.9969611,0.69929653
955.7334,819.2,921.48596,839.0565,0.9955433,0.50558907
975.23816,819.2,940.97595,841.52997,0.99574035,0.30066356
994.7429,819.2,959.9866,843.0799,0.99360347,0.3173549
1014.2477,819.2,979.87305,844.46075,0.9807888,0.25551954
1033.7524,819.2,999.3823,845.7257,0.77129793,0.6763818
1053.2572,819.2,1019.1726,848.18976,0.7257998,0.6160299
1072.762,819.2,1037.8553,850.41565,0.49967042,0.67440563
1092.2667,819.2,1057.7148,852.0686,0.9792698,0.6736419
1111.7715,819.2,1077.1638,853.3857,0.99511737,0.3780333
1131.2762,819.2,1096.3539,854.0756,0.99613625,0.78384554
1150.781,819.2,1116.1576,856.5567,0.9952629,0.43383804
1170.2858,819.2,1135.3953,857.87634,0.99599653,0.45053238
1189.7905,819.2,1154.5693,859.3593,0.98615164,0.5978573
1209.2953,819.2,1172.433,859.8564,0.971634,2.397064
1228.8,819.2,1193.2421,864.2424,0.9489329,0.9086609
1248.3048,819.2,1212.7758,865.40857,0.94242233,0.3658785
1267.8096,819.2,1232.5173,867.04175,0.8415695,0.35418525
1287.3143,819.2,1252.9941,867.5183,0.5592426,1.5683261
1306.8191,819.2,1271.445,870.6085,0.8753527,0.5299163
1326.3239,819.2,1291.0315,872.3038,0.96035945,0.62233937
1345.8286,819.2,1310.3776,873.1928,0.99552745,0.50368935
1365.3334,819.2,1329.2253,875.1176,0.9991768,0.27245054
1384.8381,819.2,1349.3252,876.8455,0.99970984,0.44886783
1404.3429,819.2,1369.1718,878.3127,0.9998702,0.9177601
1423.8477,819.2,1387.9652,880.3803,0.9997585,0.21520133
1443.3524,819.2,1406.3108,881.7073,0.99877816,0.93842804
1462.8572,819.2,1426.308,883.604,0.9950093,0.34040532
1482.3619,819.2,1445.0665,884.6857,0.96065325,1.2438321
1501.8667,819.2,1465.5315,887.0592,0.65535957,0.11299618
1521.3715,819.2,1484.9987,889.28424,0.73279625,0.43842915
1540.8762,819.2,1503.813,890.42456,0.98953223,0.5378162
1560.381,819.2,1523.0922,892.63025,0.9977876,0.7699089
1579.8857,819.2,1543.408,893.65875,0.999373,0.36533147
1599.3905,819.2,1562.3145,895.9753,0.99962825,0.4462044
1618.8953,819.2,1581.4727,897.04266,0.9996795,0.6626857
1638.4,819.2,1601.131,899.0862,0.9991106,0.35749048
1657.9048,819.2,1620.51,901.1333,0.99615324,0.5556433
1677.4095,819.2,1639.8473,902.0612,0.9935865,0.6376774
1696.9143,819.2,1660.1145,903.87756,0.9832267,0.43594763
1716.4191,819.2,1678.3221,905.70746,0.7652226,0.8994985
1735.9238,819.2,1698.241,907.7403,0.7751303,0.43960556
1755.4286,819.2,1717.7362,909.1935,0.9922943,0.3399437
1774.9333,819.2,1737.124,911.3337,0.9996688,0.5339561
1794.4381,819.2,1757.1788,912.7388,0.9997193,0.2609703
1813.9429,819.2,1775.4604,913.198,0.99973404,1.4671401
1833.4476,819.2,1796.12,916.2993,0.9999411,0.40829054
1852.9524,819.2,1815.2245,917.8819,0.9999399,0.12659404
1872.4573,819.2,1834.4713,919.5881,0.99989164,0.22570695
1891.962,819.2,1853.2312,921.1088,0.9971316,0.8544095
1911.4668,819.2,1873.6664,923.2852,0.97975916,0.45595524
1930.9716,819.2,1893.0046,924.91876,0.85038716,0.36843535
1950.4763,819.2,1912.0397,925.7277,0.29508615,0.6254531
1969.9811,819.2,1931.9059,927.7068,0.7340295,0.26737908
1989.4858,819.2,1950.6512,929.4697,0.989723,0.614424
78.01905,838.7048,44.780895,781.90106,0.9923368,0.8149452
97.52381,838.7048,64.93535,784.95135,0.8887087,0.77798563
117.02858,838.7048,83.71211,785.52545,0.4356662,0.6131478
136.53334,838.7048,103.02867,787.4703,0.9868407,0.61860144
156.0381,838.7048,122.62572,789.45294,0.8080624,0.469548
175.54286,838.7048,141.80565,790.75793,0.31079713,0.72891897
195.04762,838.7048,161.77309,793.5831,0.9067613,0.9063814
214.55238,838.7048,181.17393,794.65076,0.9915429,0.3190901
234.05716,838.7048,200.3803,795.9104,0.9992632,0.44569373
253.56192,838.7048,220.24132,797.66315,0.99801284,0.12863225
273.06668,838.7048,239.42851,799.76776,0.9940848,0.3550534
292.57144,838.7048,258.9809,800.76935,0.9768344,0.43184972
312.0762,838.7048,278.24707,803.61664,0.97832763,0.7732245
331.58096,838.7048,297.07422,804.5118,0.9985241,0.8702467
351.08572,838.7048,317.00473,805.5647,0.9933671,0.8123719
370.59048,838.7048,336.38193,808.0632,0.73600006,0.42654544
390.09525,838.7048,356.29752,809.8718,0.49798036,0.19359058
409.6,838.7048,375.37088,810.81006,0.92494875,0.64887863
429.10477,838.7048,394.7037,813.6832,0.9861105,0.7104561
448.60953,838.7048,414.69714,814.686,0.9948572,0.20146199
468.11432,838.7048,433.51572,816.4094,0.99958295,0.44625553
487.61908,838.7048,453.44098,818.5327,0.9994403,0.34798673
507.12384,838.7048,473.00674,819.6309,0.9979467,0.32113203
526.6286,838.7048,492.35226,820.6383,0.9955334,0.9566812
546.13336,838.7048,511.77808,823.5525,0.9903776,0.28217462
565.6381,838.7048,531.5992,824.7903,0.9965452,0.5303413
585.1429,838.7048,550.49695,827.10333,0.97809666,0.41639867
604.64764,838.7048,570.2376,828.6993,0.80669254,0.41069686
624.1524,838.7048,589.53375,830.19244,0.86856174,0.16983631
643.65717,838.7048,609.0531,832.43726,0.97505784,0.68580014
663.1619,838.7048,628.68567,833.7169,0.99751836,0.48275685
682.6667,838.7048,647.9402,835.0782,0.9990989,0.2728682
702.17145,838.7048,667.295,837.16766,0.99911135,0.3285972
721.6762,838.7048,686.4869,838.52716,0.9997963,0.089456804
741.18097,838.7048,706.1374,840.2923,0.9996023,0.15507254
760.6857,838.7048,725.30493,841.7139,0.999692,0.29511845
780.1905,838.7048,745.0351,843.19476,0.99957156,0.52968526
799.69525,838.7048,764.17456,844.8287,0.99203503,0.5685646
819.2,838.7048,783.747,847.45544,0.75022227,0.36946177
838.7048,838.7048,804.22174,848.87354,0.43380466,1.0900613
858.20953,838.7048,822.7584,850.3899,0.9696143,0.21654469
877.7143,838.7048,842.3822,852.7818,0.99076366,0.70804584
897.21906,838.7048,861.81055,853.3267,0.9995832,0.68021786
916.7238,838.7048,880.6726,855.66925,0.9998803,0.20158389
936.22864,838.7048,901.0133,857.9478,0.99969345,0.98058563
955.7334,838.7048,919.0798,858.5084,0.99965215,0.7986452
975.23816,838.7048,939.316,860.5223,0.99902546,0.23538768
994.7429,838.7048,959.0542,863.02606,0.99679756,0.79533035
1014.2477,838.7048,978.2208,864.10114,0.9951878,0.21128817
1033.7524,838.7048,997.794,865.4827,0.8698315,0.4670177
1053.2572,838.7048,1016.96356,867.18665,0.5245427,0.31510034
1072.762,838.7048,1036.8315,868.75525,0.45386323,0.6841315
1092.2667,838.7048,1056.2772,870.666,0.98702335,0.58853626
1111.7715,838.7048,1075.0475,872.5678,0.99704784,0.1169396
1131.2762,838.7048,1094.5917,873.6902,0.9994241,0.5974753
1150.781,838.7048,1113.7936,876.24023,0.99941456,0.3417931
1170.2858,838.7048,1133.4647,877.3779,0.9995421,0.30980515
1189.7905,838.7048,1152.6865,877.9022,0.998168,1.498478
1209.2953,838.7048,1171.8893,878.9731,0.99125206,2.1568968
1228.8,838.7048,1190.9602,882.87885,0.9830497,0.7910681
1248.3048,838.7048,1210.9202,884.3335,0.97385263,0.29898158
1267.8096,838.7048,1231.2657,884.55865,0.7396521,1.7568195
1287.3143,838.7048,1250.1355,890.17035,0.6374523,2.2851791
1306.8191,838.7048,1269.5594,890.8972,0.8777837,1.3131759
1326.3239,838.7048,1289.5087,892.3405,0.94419324,1.217217
1345.8286,838.7048,1308.3055,893.404,0.9896638,0.41754222
1365.3334,838.7048,1328.1199,894.96204,0.9996905,0.4530808
1384.8381,838.7048,1346.7874,896.4017,0.9997823,0.40322027
1404.3429,838.7048,1366.2375,898.23517,0.99984956,0.41095105
1423.8477,838.7048,1386.3944,900.0746,0.9997137,0.44767016
1443.3524,838.7048,1404.9421,901.311,0.99905,0.5677328
1462.8572,838.7048,1424.6365,903.11816,0.99553764,0.28441405
1482.3619,838.7048,1444.0426,904.1854,0.983202,0.76298624
1501.8667,838.7048,1462.9553,906.3276,0.7382703,0.858297
1521.3715,838.7048,1483.1785,908.28674,0.6924689,0.025634838
1540.8762,838.7048,1502.4965,910.2489,0.9871409,0.29638743
1560.381,838.7048,1522.0182,911.66327,0.99771386,0.052353367
1579.8857,838.7048,1541.512,913.35925,0.9994304,0.03181056
1599.3905,838.7048,1560.5826,915.68945,0.9998417,0.69394857
1618.8953,838.7048,1579.9775,916.4645,0.9998497,0.4974068
1638.4,838.7048,1599.3215,918.5833,0.99965316,0.4756775
1657.9048,838.7048,1619.0452,920.45435,0.9992836,0.31877923
1677.4095,838.7048,1638.5043,921.84515,0.9953433,0.14980216
1696.9143,838.7048,1657.4896,923.9952,0.98812884,0.7172338
1716.4191,838.7048,1677.6571,925.8087,0.7485396,0.54299724
1735.9238,838.7048,1696.7072,927.34485,0.86822194,0.42761967
1755.4286,838.7048,1716.6029,928.61224,0.97751683,0.24387318
1774.9333,838.7048,1735.8123,930.7003,0.9990056,0.31447062
1794.4381,838.7048,1755.1362,932.11914,0.9995958,0.10093327
1813.9429,838.7048,1775.2379,933.94165,0.99991465,0.59648544
1833.4476,838.7048,1794.249,935.62274,0.9999702,0.20779228
1852.9524,838.7048,1813.6561,936.4749,0.99993014,0.7232591
1872.4573,838.7048,1833.1195,939.2234,0.9997592,0.3760368
1891.962,838.7048,1852.7853,940.63776,0.9994522,0.4042377
1911.4668,838.7048,1871.7529,942.0115,0.99734,0.28115487
1930.9716,838.7048,1891.1702,943.3935,0.9520722,0.59693366
1950.4763,838.7048,1910.4808,944.87695,0.40365636,0.8318785
1969.9811,838.7048,1929.9521,947.4609,0.94706666,0.1718078
1989.4858,838.7048,1949.8518,949.437,0.9933503,0.47174647
78.01905,858.20953,43.325054,802.65436,0.9995397,0.7999105
97.52381,858.20953,62.526417,804.0753,0.9979165,0.71208495
117.02858,858.20953,82.6085,804.69135,0.98761535,0.63777643
136.53334,858.20953,102.07126,806.60693,0.99031276,0.43536848
156.0381,858.20953,121.652245,809.03723,0.72011465,0.42675242
175.54286,858.20953,141.04314,810.1457,0.5686168,0.36915135
195.04762,858.20953,160.44487,812.5545,0.93384576,0.48553717
214.55238,858.20953,180.13745,814.30316,0.9977896,0.68054616
234.05716,858.20953,199.48878,815.00183,0.99940825,0.65518904
253.56192,858.20953,219.27724,817.50433,0.9990949,0.80980855
273.06668,858.20953,238.37111,819.3908,0.99974066,0.6318433
292.57144,858.20953,257.89688,819.91797,0.9991731,0.87201375
312.0762,858.20953,277.34573,823.176,0.99832416,1.0094274
331.58096,858.20953,296.4449,824.0015,0.99881184,0.20470563
351.08572,858.20953,316.05768,825.46985,0.992598,0.46011066
370.59048,858.20953,335.0999,826.98596,0.7836302,0.4340876
390.09525,858.20953,354.48074,829.7937,0.34294593,0.6757006
409.6,858.20953,373.64926,830.93506,0.9281129,0.3343448
429.10477,858.20953,393.4144,832.74475,0.99566144,0.2258035
448.60953,858.20953,412.9437,834.0873,0.9997933,0.17844234
468.11432,858.20953,432.07306,836.0565,0.99996316,0.22744162
487.61908,858.20953,451.6589,837.7526,0.9996839,0.13548225
507.12384,858.20953,471.6159,838.81714,0.9994321,0.70892173
526.6286,858.20953,490.9553,841.02155,0.99866456,0.40884838
546.13336,858.20953,510.4602,842.9786,0.9996087,0.54823685
565.6381,858.20953,529.77423,843.9948,0.99901587,0.5611377
585.1429,858.20953,548.57837,845.78925,0.9877708,0.42014158
604.64764,858.20953,567.8232,848.0713,0.8123442,0.51166403
624.1524,858.20953,587.70294,849.28577,0.8074953,0.23373425
643.65717,858.20953,607.71655,851.2888,0.9884774,0.59094197
663.1619,858.20953,626.3118,853.053,0.9992892,0.28206313
682.6667,858.20953,645.95483,854.1365,0.9997556,0.48418555
702.17145,858.20953,665.2788,856.08075,0.99990714,0.27785873
721.6762,858.20953,685.39386,858.16833,0.99995327,0.56212896
741.18097,858.20953,703.6737,858.8786,0.9999454,1.0378287
760.6857,858.20953,724.0658,861.8511,0.9999335,0.55774206
780.1905,858.20953,742.6024,862.8536,0.99981654,0.6026522
799.69525,858.20953,762.0801,863.7505,0.9967025,1.1771647
819.2,858.20953,781.8503,866.146,0.86801726,0.40361756
858.20953,858.20953,820.722,870.31854,0.9884542,0.4246789
877.7143,858.20953,840.2487,872.3199,0.9961791,0.70265204
897.21906,858.20953,859.8338,873.1163,0.99934834,0.2290986
916.7238,858.20953,878.6659,875.0277,0.99984384,0.4914149
936.22864,858.20953,898.58984,877.0233,0.9998852,0.3046331
955.7334,858.20953,918.03424,878.4564,0.9999516,0.040978234
975.23816,858.20953,937.04065,880.0046,0.9999045,0.4238853
994.7429,858.20953,956.4794,882.2956,0.9994564,0.62261206
1014.2477,858.20953,976.28516,883.1254,0.9937316,0.3938506
1033.7524,858.20953,995.23535,885.87885,0.9640265,0.8314707
1053.2572,858.20953,1015.2458,886.87573,0.6954323,0.08603093
1072.762,858.20953,1034.406,888.3247,0.6786887,0.3527987
1092.2667,858.20953,1053.444,889.6272,0.98870665,0.9074818
1111.7715,858.20953,1073.2457,892.17957,0.9958529,0.2704249
1131.2762,858.20953,1092.9568,893.22534,0.99963605,0.49692973
1150.781,858.20953,1112.1244,895.1151,0.9993526,0.36279252
1170.2858,858.20953,1131.5111,896.99396,0.999281,0.27313048
1189.7905,858.20953,1151.1868,899.1808,0.9995043,0.36273655
1209.2953,858.20953,1170.4225,899.73035,0.99606496,0.8109578
1228.8,858.20953,1189.5188,902.9486,0.9751181,0.9010077
1248.3048,858.20953,1209.6935,903.84973,0.9536271,0.22738037
1267.8096,858.20953,1229.9156,903.64825,0.5618081,2.2128046
1326.3239,858.20953,1289.0006,911.63635,0.9541179,2.0225406
1345.8286,858.20953,1306.5093,913.34937,0.99178547,0.93939704
1365.3334,858.20953,1326.387,914.79254,0.9995479,0.7500348
1384.8381,858.20953,1345.8286,915.835,0.9998418,0.33870694
1404.3429,858.20953,1365.1063,917.1296,0.9997953,0.42997602
1423.8477,858.20953,1384.3055,919.2436,0.99965256,0.05281174
1443.3524,858.20953,1403.844,921.03546,0.9992802,0.13333929
1462.8572,858.20953,1423.7174,922.88153,0.99747187,0.5698133
1482.3619,858.20953,1443.0581,924.40533,0.9717825,0.42426836
1501.8667,858.20953,1462.4208,925.89325,0.59460497,0.36865622
1521.3715,858.20953,1481.4015,928.20374,0.5886346,0.49722478
1540.8762,858.20953,1501.2533,929.12305,0.97502667,0.4337021
1560.381,858.20953,1520.3813,931.36896,0.99481606,0.25235385
1579.8857,858.20953,1539.8346,933.08496,0.9995224,0.27069876
1599.3905,858.20953,1559.6205,934.8239,0.9998976,0.49964046
1618.8953,858.20953,1578.9543,936.48804,0.9999231,0.4025446
1638.4,858.20953,1598.4652,937.8385,0.99997306,0.38598204
1657.9048,858.20953,1617.8033,939.5049,0.9997699,0.3067034
1677.4095,858.20953,1637.3307,940.9927,0.9966345,0.5012485
1696.9143,858.20953,1656.4471,942.55975,0.9740324,0.4620973
1716.4191,858.20953,1675.8756,944.84296,0.6470369,0.14250997
1755.4286,858.20953,1714.6471,948.70544,0.9228365,0.58927244
1774.9333,858.20953,1734.0349,950.0627,0.998244,0.25483242
1794.4381,858.20953,1753.4487,951.88153,0.99967235,0.3742832
1813.9429,858.20953,1773.1208,953.1894,0.99988306,0.16098867
1833.4476,858.20953,1792.889,954.9038,0.99989367,0.49649867
1852.9524,858.20953,1811.7539,956.0182,0.9997867,0.6022104
1872.4573,858.20953,1831.1425,958.08923,0.99895096,0.25298402
1891.962,858.20953,1851.1782,960.1427,0.99970263,0.5096971
1911.4668,858.20953,1869.9203,961.14557,0.9964881,0.6029785
1930.9716,858.20953,1888.953,963.12146,0.9619804,0.6617869
1950.4763,858.20953,1908.9026,964.60913,0.38893047,0.5123168
1969.9811,858.20953,1928.7307,966.6218,0.9340353,0.37786424
1989.4858,858.20953,1948.3965,968.3825,0.9850859,0.57504785
78.01905,877.7143,41.960583,820.6235,0.9999554,0.7280324
97.52381,877.7143,62.093887,823.4289,0.99950033,0.812419
117.02858,877.7143,80.416306,825.019,0.99411803,0.47208968
136.53334,877.7143,100.02139,826.54675,0.9722546,0.2346162
156.0381,877.7143,120.17813,828.0812,0.34299693,0.5166887
175.54286,877.7143,138.65291,829.5185,0.8333774,0.5546143
195.04762,877.7143,158.2539,830.9632,0.98155224,0.64828235
214.55238,877.7143,178.18163,833.14996,0.997598,0.24556886
234.05716,877.7143,197.71661,834.88434,0.9995816,0.33493325
253.56192,877.7143,216.84688,836.26,0.99984324,0.39186856
273.06668,877.7143,236.37392,838.2158,0.9999491,0.18362844
292.57144,877.7143,255.88708,839.60254,0.9998108,0.49376944
312.0762,877.7143,274.00674,842.1253,0.9991093,1.1656148
331.58096,877.7143,294.06302,843.58124,0.99901456,0.49556404
351.08572,877.7143,313.14377,845.86707,0.95997846,1.0948101
370.59048,877.7143,333.06445,846.4313,0.8266683,0.5383944
409.6,877.7143,372.64484,851.2287,0.95148283,1.0500149
429.10477,877.7143,391.0358,852.4781,0.9953678,0.8433999
448.60953,877.7143,410.75293,853.63763,0.9992666,0.37158743
468.11432,877.7143,430.3557,855.7519,0.999959,0.44822586
487.61908,877.7143,449.23856,857.8837,0.9998658,1.1191108
507.12384,877.7143,469.57614,858.7726,0.99971217,0.1617369
526.6286,877.7143,488.4954,860.3503,0.9999231,0.36504444
546.13336,877.7143,507.95706,862.3721,0.9996781,0.38940385
565.6381,877.7143,527.5169,863.36035,0.9947045,0.5255547
585.1429,877.7143,546.8688,866.01215,0.9652279,0.5348665
604.64764,877.7143,566.06177,867.1759,0.6165684,0.5122928
624.1524,877.7143,585.5347,868.5023,0.65275145,0.6451111
643.65717,877.7143,605.5001,870.5449,0.98308074,0.12643635
663.1619,877.7143,624.2172,872.0814,0.9992762,0.69686675
682.6667,877.7143,643.97736,873.41504,0.9999281,0.70800596
702.17145,877.7143,663.428,875.62415,0.999979,0.31917784
721.6762,877.7143,682.8714,877.57837,0.9999895,0.3085909
741.18097,877.7143,702.20526,878.78546,0.9999738,0.52436775
760.6857,877.7143,721.74194,881.146,0.99996054,0.4015979
780.1905,877.7143,741.3467,882.5447,0.9999478,0.09692792
799.69525,877.7143,760.41724,884.4324,0.9990105,0.4920065
819.2,877.7143,780.3597,886.25214,0.9365434,0.30759037
838.7048,877.7143,799.9394,887.0329,0.4073558,0.649538
858.20953,877.7143,819.14954,888.81714,0.96652704,0.53253144
877.7143,877.7143,838.77844,891.1567,0.9961247,0.21149153
897.21906,877.7143,858.2873,892.9441,0.9997544,0.32530558
916.7238,877.7143,877.22314,894.8609,0.9999052,0.47354954
936.22864,877.7143,896.9503,896.58514,0.9999162,0.44036216
955.7334,877.7143,916.1314,897.6861,0.9998783,0.24813385
975.23816,877.7143,935.72125,899.6365,0.9998863,0.09163158
994.7429,877.7143,955.2015,901.5344,0.99973637,0.2861841
1014.2477,877.7143,974.97626,902.31226,0.9975943,0.73457396
1033.7524,877.7143,994.3993,904.52325,0.9720288,0.3801012
1053.2572,877.7143,1014.04474,906.56494,0.46996954,0.6129307
1072.762,877.7143,1032.6757,908.3897,0.8883848,0.40891668
1092.2667,877.7143,1052.7218,910.39966,0.95458055,0.7585445
1111.7715,877.7143,1072.1656,911.7993,0.9954394,0.5339863
1131.2762,877.7143,1091.4524,912.9523,0.99942946,0.3251146
1150.781,877.7143,1111.122,914.1327,0.99947083,0.87218785
1170.2858,877.7143,1130.2346,916.5167,0.9997686,0.18298166
1189.7905,877.7143,1149.4001,918.0627,0.9997106,0.20435584
1209.2953,877.7143,1168.664,918.5273,0.99824977,1.4433604
1228.8,877.7143,1189.048,921.01794,0.98447657,0.9435403
1248.3048,877.7143,1208.3501,923.2464,0.951358,0.58249545
1326.3239,877.7143,1285.6355,931.57776,0.9883789,1.4360274
1345.8286,877.7143,1305.0519,932.1588,0.9970883,0.33391297
1365.3334,877.7143,1325.0706,934.09454,0.99781334,0.8964505
1384.8381,877.7143,1343.9562,936.0076,0.99953634,0.7774015
1404.3429,877.7143,1363.0759,936.9565,0.9998237,0.14526393
1423.8477,877.7143,1383.1166,938.84735,0.9996589,0.50600743
1443.3524,877.7143,1402.0121,940.39453,0.9983609,0.084031135
1462.8572,877.7143,1421.4197,941.95374,0.99475366,0.13228352
1482.3619,877.7143,1440.933,943.66907,0.97288984,0.0794451
1501.8667,877.7143,1460.3162,944.9778,0.64818037,0.47353512
1521.3715,877.7143,1479.2246,947.3292,0.6651974,0.6073312
1540.8762,877.7143,1498.5751,948.98615,0.93136156,0.67391616
1560.381,877.7143,1518.321,951.2186,0.9927642,0.7540574
1579.8857,877.7143,1538.141,952.1667,0.99981153,0.092742115
1599.3905,877.7143,1558.0192,953.89966,0.9999125,0.49524304
1618.8953,877.7143,1576.9019,955.872,0.99989855,0.23111044
1638.4,877.7143,1596.3303,957.2063,0.99972355,0.15224968
1657.9048,877.7143,1616.4727,959.5042,0.99917656,0.79837215
1677.4095,877.7143,1634.2743,960.8783,0.9971972,0.98287946
1696.9143,877.7143,1654.9775,963.39154,0.9830247,0.99029905
1716.4191,877.7143,1674.4276,964.36304,0.84836286,0.3843818
1735.9238,877.7143,1693.3082,964.333,0.4959754,1.5318624
1755.4286,877.7143,1712.9807,968.5313,0.8517635,0.984183
1774.9333,877.7143,1732.8755,968.67,0.98629916,0.7470761
1794.4381,877.7143,1751.561,971.1433,0.99884063,0.33428428
1813.9429,877.7143,1772.1228,973.24744,0.9981609,1.0493371
1833.4476,877.7143,1790.9143,975.1842,0.99889654,0.86603916
1852.9524,877.7143,1809.7853,976.1072,0.9968981,0.34333897
1872.4573,877.7143,1829.4025,978.2305,0.9980958,0.5068127
1891.962,877.7143,1848.6664,979.7206,0.9989556,0.41968125
1911.4668,877.7143,1868.4888,980.8212,0.9927021,0.33380607
1930.9716,877.7143,1888.113,982.4834,0.92372423,0.45116556
1950.4763,877.7143,1907.5398,984.1647,0.5475208,0.4641782
1969.9811,877.7143,1926.1777,985.8653,0.84321404,0.65206873
1989.4858,877.7143,1946.128,988.6025,0.97147244,0.6559477
78.01905,897.21906,40.27787,841.1618,0.99994755,0.38144347
97.52381,897.21906,60.851738,842.2777,0.99981177,1.1946876
117.02858,897.21906,78.84252,844.70984,0.9970582,0.589784
136.53334,897.21906,98.0622,846.007,0.9804729,0.4898026
156.0381,897.21906,117.75121,847.7777,0.64180464,0.290987
175.54286,897.21906,137.41263,849.57214,0.7699609,0.29095876
195.04762,897.21906,156.79091,850.20087,0.987028,0.78154916
214.55238,897.21906,175.82173,852.5884,0.99817747,0.4459464
234.05716,897.21906,196.02737,854.1394,0.99986315,0.41651976
253.56192,897.21906,215.13203,856.1962,0.9999554,0.11554947
273.06668,897.21906,234.50029,857.8296,0.999979,0.068895124
292.57144,897.21906,253.72891,859.0773,0.9998207,0.47573572
312.0762,897.21906,273.36765,861.9581,0.99943805,0.7780412
331.58096,897.21906,292.81442,863.06177,0.9987438,0.18250604
351.08572,897.21906,312.36597,865.288,0.99187565,0.71311057
370.59048,897.21906,331.34457,865.99585,0.9363992,0.45747882
390.09525,897.21906,350.84628,867.7073,0.44410518,0.3962514
409.6,897.21906,370.93286,869.8056,0.92981845,0.39002734
429.10477,897.21906,389.63376,872.0326,0.9939773,0.7444667
448.60953,897.21906,409.5663,872.771,0.9989165,0.34090394
468.11432,897.21906,428.662,874.6158,0.9999262,0.2539308
487.61908,897.21906,448.4418,877.1161,0.99997914,0.6542096
507.12384,897.21906,468.0572,877.9191,0.9999722,0.4299686
526.6286,897.21906,487.07156,879.2798,0.9998827,0.60561186
546.13336,897.21906,506.8477,881.42175,0.999727,0.31382245
565.6381,897.21906,525.7673,883.1363,0.996419,0.28037047
585.1429,897.21906,545.545,884.8232,0.9510508,0.19022751
604.64764,897.21906,564.91766,886.8364,0.74849385,0.1633305
624.1524,897.21906,584.26245,888.46564,0.5195471,0.09270204
643.65717,897.21906,604.17645,890.7992,0.9725257,0.84617656
663.1619,897.21906,623.3451,891.43054,0.99926823,0.39569435
682.6667,897.21906,642.7583,893.44586,0.99987006,0.17094643
702.17145,897.21906,662.72095,895.2542,0.99998367,0.70341164
721.6762,897.21906,681.8271,897.08673,0.9999864,0.42816603
741.18097,897.21906,700.95605,898.32587,0.9999863,0.26481274
760.6857,897.21906,720.9003,899.5697,0.9999769,0.9218042
780.1905,897.21906,739.8743,901.89044,0.999908,0.15861332
799.69525,897.21906,759.64087,903.2376,0.99808973,0.64320284
819.2,897.21906,778.99615,905.89056,0.9204564,0.64336014
838.7048,897.21906,798.3046,906.75793,0.6956684,0.41994205
858.20953,897.21906,817.89856,909.38745,0.9446617,0.7459252
877.7143,897.21906,837.26874,911.0424,0.99827904,0.674656
897.21906,897.21906,855.86096,912.109,0.9975073,0.47117934
916.7238,897.21906,875.21277,913.1088,0.9989592,0.9439152
936.22864,897.21906,895.1606,915.8389,0.99994814,0.2605938
955.7334,897.21906,915.07965,916.787,0.9999218,0.6748912
975.23816,897.21906,933.9585,918.89856,0.9998797,0.121543206
994.7429,897.21906,953.55396,920.9308,0.99968284,0.2619481
1014.2477,897.21906,972.8902,922.27045,0.9983208,0.11092995
1033.7524,897.21906,991.9629,924.89746,0.9780072,0.900947
1053.2572,897.21906,1012.13873,925.903,0.2525912,0.38775852
1072.762,897.21906,1030.5021,927.2033,0.8952052,0.7521057
1092.2667,897.21906,1050.3274,929.42883,0.9704442,0.3938712
1111.7715,897.21906,1069.0966,930.97363,0.99295783,0.97089887
1131.2762,897.21906,1090.4412,932.51996,0.9990908,0.9496089
1150.781,897.21906,1109.1403,935.0663,0.9994882,0.8162319
1170.2858,897.21906,1127.6368,936.07513,0.9998565,0.7240368
1189.7905,897.21906,1147.3918,937.16455,0.9997461,0.64760894
1209.2953,897.21906,1166.9453,939.0919,0.9987207,0.39434665
1228.8,897.21906,1185.9049,941.0304,0.99268556,0.7428055
1248.3048,897.21906,1206.5009,941.2208,0.85973144,1.6148758
1306.8191,897.21906,1266.5553,949.9468,0.85816276,3.0098777
1326.3239,897.21906,1283.8011,950.78625,0.98035157,1.2074608
1345.8286,897.21906,1303.4052,951.3154,0.99631083,0.17956789
1365.3334,897.21906,1322.4548,952.6346,0.99748063,0.4005908
1384.8381,897.21906,1342.2471,954.8265,0.99829805,0.21536365
1404.3429,897.21906,1361.2288,956.98785,0.9995424,0.6757153
1423.8477,897.21906,1380.5574,958.27405,0.9994928,0.4399825
1443.3524,897.21906,1400.147,960.22015,0.9971858,0.50033045
1462.8572,897.21906,1419.6052,960.91534,0.9929677,0.60008913
1482.3619,897.21906,1439.293,963.191,0.9740085,0.05136724
1501.8667,897.21906,1458.3726,964.85895,0.56615853,0.30177227
1521.3715,897.21906,1478.2443,966.3167,0.6897903,0.29671016
1540.8762,897.21906,1497.5343,968.7596,0.91372955,0.4813234
1560.381,897.21906,1516.9548,970.12994,0.9947403,0.15208775
1579.8857,897.21906,1536.2108,971.6079,0.9981112,0.1978302
1599.3905,897.21906,1555.4288,974.102,0.998789,0.8258166
1618.8953,897.21906,1575.5161,975.06396,0.99957615,0.2596604
1638.4,897.21906,1594.4755,976.16766,0.99897295,0.6460933
1657.9048,897.21906,1613.8875,978.5569,0.9971257,0.24360618
1677.4095,897.21906,1633.2627,980.7611,0.9895202,0.6494415
1696.9143,897.21906,1652.6958,980.79456,0.9784622,1.1197191
1716.4191,897.21906,1673.0131,983.44037,0.85419744,0.61897004
1735.9238,897.21906,1691.5867,985.7078,0.5343896,0.49916616
1755.4286,897.21906,1711.5886,986.91187,0.9164767,0.3247411
1774.9333,897.21906,1730.6139,988.8499,0.97942585,0.19309293
1794.4381,897.21906,1750.2672,990.5054,0.9957205,0.18622275
1813.9429,897.21906,1770.3809,992.26917,0.996633,0.8407248
1833.4476,897.21906,1789.3826,994.38,0.99142313,0.7175659
1852.9524,897.21906,1808.4442,994.96515,0.9874837,0.51275414
1872.4573,897.21906,1827.8639,997.1754,0.99313813,0.010090756
1891.962,897.21906,1847.561,999.3581,0.99299765,0.55455494
1911.4668,897.21906,1867.3357,1000.416,0.9497133,0.6412285
1930.9716,897.21906,1886.5771,1002.33673,0.8707391,0.43559426
1950.4763,897.21906,1906.0094,1004.0726,0.88206524,0.44359353
1969.9811,897.21906,1925.2216,1005.97626,0.6084177,0.36824185
1989.4858,897.21906,1944.0375,1007.1377,0.88256216,0.46600023
78.01905,916.7238,38.702293,860.0725,0.99998736,0.2111542
97.52381,916.7238,58.002872,862.03143,0.9998342,0.122375384
117.02858,916.7238,77.37016,863.75256,0.99757826,0.14457175
136.53334,916.7238,96.64238,864.9226,0.9870325,0.43499386
156.0381,916.7238,116.43843,867.32764,0.6594674,0.35934123
175.54286,916.7238,136.10735,868.7101,0.87168884,0.41051245
195.04762,916.7238,155.33087,870.75183,0.9954893,0.39601225
214.55238,916.7238,174.89537,872.24396,0.9995252,0.36233777
234.05716,916.7238,194.2511,873.34326,0.9999416,0.5373112
253.56192,916.7238,213.80307,875.21045,0.9999881,0.48827803
273.06668,916.7238,232.87936,877.1299,0.9999963,0.08728173
292.57144,916.7238,252.76343,878.62836,0.9999912,0.5603499
312.0762,916.7238,271.22632,881.21857,0.9998927,0.77634156
331.58096,916.7238,291.55103,882.4899,0.99793106,0.44689983
351.08572,916.7238,311.2907,883.2883,0.9951812,1.0199234
370.59048,916.7238,330.59824,885.17847,0.9449079,0.7996844
390.09525,916.7238,349.1846,886.95807,0.49750212,0.5170082
409.6,916.7238,368.99173,889.15173,0.5733567,0.13455145
429.10477,916.7238,388.73062,891.6334,0.9804372,0.9307441
448.60953,916.7238,407.99445,892.25995,0.9981237,0.3690424
468.11432,916.7238,427.5453,894.1057,0.99983466,0.40438196
487.61908,916.7238,447.6339,896.0912,0.99997103,1.0637085
507.12384,916.7238,466.0798,897.36206,0.99994147,0.25729078
526.6286,916.7238,486.12628,898.75323,0.99992836,0.8794252
546.13336,916.7238,504.91617,900.8788,0.9998096,0.13807793
565.6381,916.7238,525.08,902.1133,0.9968766,0.9767252
585.1429,916.7238,544.10754,903.8856,0.9300337,0.64231116
604.64764,916.7238,562.82434,906.3289,0.50991267,0.407494
624.1524,916.7238,582.4476,907.3491,0.51745564,0.48625508
643.65717,916.7238,602.37665,909.89417,0.9747752,0.5167694
663.1619,916.7238,621.1943,911.00464,0.9980826,0.33675015
682.6667,916.7238,640.75964,912.6006,0.9996689,0.33698937
702.17145,916.7238,659.75476,914.2207,0.99991083,0.6880524
721.6762,916.7238,680.07227,916.548,0.9999776,0.39848167
741.18097,916.7238,699.25116,917.7391,0.9999697,0.28025493
760.6857,916.7238,718.4112,919.6344,0.9998609,0.21585974
780.1905,916.7238,737.53253,921.3785,0.9995263,0.51206243
799.69525,916.7238,757.27405,922.9884,0.9928016,0.23446791
819.2,916.7238,776.53625,924.94586,0.7030816,0.39245155
838.7048,916.7238,795.8712,926.7975,0.591322,0.54553896
858.20953,916.7238,815.3899,927.4509,0.94875884,0.84748584
877.7143,916.7238,834.46826,930.64124,0.9946592,1.0315301
897.21906,916.7238,854.83545,931.5354,0.9974463,0.22169432
916.7238,916.7238,873.39294,932.72925,0.9975226,0.882701
936.22864,916.7238,893.54785,935.6358,0.9993168,0.6283476
955.7334,916.7238,912.211,936.34436,0.99950373,0.79653686
975.23816,916.7238,932.1989,937.97034,0.9997599,0.46479964
994.7429,916.7238,951.98535,940.4085,0.999581,0.36240795
1014.2477,916.7238,971.35443,941.32996,0.9978166,0.50137395
1033.7524,916.7238,990.56836,943.6992,0.91161096,0.20250455
1053.2572,916.7238,1009.85315,945.3126,0.51241976,0.24100843
1072.762,916.7238,1029.4524,946.88,0.6973638,0.057707924
1092.2667,916.7238,1048.3965,949.0929,0.92674446,0.7213231
1111.7715,916.7238,1068.4335,950.4628,0.99503356,0.16844346
1131.2762,916.7238,1087.5476,951.8865,0.9992155,0.27505955
1150.781,916.7238,1107.0253,954.3728,0.9997315,0.69216746
1170.2858,916.7238,1126.5845,955.59534,0.999672,0.19839323
1189.7905,916.7238,1145.907,956.64294,0.99746233,0.49956197
1209.2953,916.7238,1165.4363,958.5959,0.9831665,0.22799718
1228.8,916.7238,1184.9259,960.5689,0.9660791,0.0626914
1248.3048,916.7238,1204.7598,961.0734,0.8883252,1.1989473
1267.8096,916.7238,1223.3027,962.1894,0.5288246,1.7925558
1287.3143,916.7238,1243.9052,967.3525,0.42453232,1.8664304
1306.8191,916.7238,1263.0475,968.4156,0.8262495,1.1693741
1326.3239,916.7238,1283.6606,970.4354,0.8932107,2.1149092
1345.8286,916.7238,1302.0471,971.2981,0.98979753,0.784032
1365.3334,916.7238,1321.4633,972.73315,0.9941027,0.59852046
1384.8381,916.7238,1340.695,973.72687,0.9865773,0.48873058
1404.3429,916.7238,1360.6089,975.812,0.98998773,0.78784704
1423.8477,916.7238,1379.2377,977.2182,0.99545723,0.29122624
1443.3524,916.7238,1399.3893,979.3557,0.9863085,0.722203
1462.8572,916.7238,1418.357,980.57367,0.92144024,0.41493157
1482.3619,916.7238,1437.2041,982.0161,0.8630275,0.6829709
1501.8667,916.7238,1457.17,984.3245,0.5928276,0.19690996
1521.3715,916.7238,1476.036,986.81006,0.62930727,0.88179916
1540.8762,916.7238,1496.3773,987.5702,0.91729254,0.5600272
1560.381,916.7238,1516.22,989.71545,0.9655904,1.0027665
1579.8857,916.7238,1534.9921,990.84753,0.95454377,0.39494583
1599.3905,916.7238,1554.4465,993.0615,0.9537822,0.40800056
1618.8953,916.7238,1573.4747,994.87506,0.98321015,0.37555093
1638.4,916.7238,1593.2744,996.4047,0.9824749,0.34762508
1657.9048,916.7238,1613.3383,997.7939,0.97705114,0.9273989
1677.4095,916.7238,1632.0684,999.4647,0.96711046,0.26266703
1696.9143,916.7238,1652.1432,1000.2505,0.9388468,1.3659906
1716.4191,916.7238,1670.78,1003.1395,0.50927645,0.1488797
1735.9238,916.7238,1689.8799,1005.2844,0.32759652,0.6321675
1755.4286,916.7238,1709.3362,1006.97675,0.867283,0.61494714
1774.9333,916.7238,1729.1837,1008.6214,0.90436584,0.5446667
1794.4381,916.7238,1748.1693,1009.84674,0.94077706,0.26527077
1813.9429,916.7238,1768.5208,1012.03033,0.93165725,0.8403947
1833.4476,916.7238,1787.8896,1013.7787,0.9415771,0.82569784
1852.9524,916.7238,1807.4473,1014.4903,0.9355988,0.83575815
1872.4573,916.7238,1826.091,1016.08374,0.94559646,0.52801615
1891.962,916.7238,1845.9125,1018.5749,0.948654,0.42282107
1911.4668,916.7238,1865.1986,1020.8184,0.95002353,0.83105236
1930.9716,916.7238,1883.8632,1021.48553,0.76892596,0.62349164
1950.4763,916.7238,1903.9254,1022.8008,0.33821365,0.6089848
1969.9811,916.7238,1923.5847,1025.3259,0.3580953,0.35333183
1989.4858,916.7238,1942.8827,1026.5808,0.43116745,0.2695063
78.01905,936.22864,36.948387,880.1383,0.99972576,0.5061459
97.52381,936.22864,56.644928,881.449,0.9993886,0.38510472
117.02858,936.22864,75.5184,883.10474,0.99631757,0.1968153
136.53334,936.22864,95.12692,884.21783,0.9858706,0.5250994
156.0381,936.22864,114.27636,886.79675,0.62837744,0.4575618
175.54286,936.22864,134.66148,888.4503,0.8926401,0.732311
195.04762,936.22864,154.13708,889.6913,0.9844437,0.7256618
214.55238,936.22864,172.63858,891.8897,0.9991812,0.41056037
234.05716,936.22864,191.84354,893.15576,0.99993587,0.45337382
253.56192,936.22864,211.60942,895.0019,0.99997187,0.124656714
273.06668,936.22864,231.03648,896.43866,0.99997926,0.2331362
292.57144,936.22864,250.15233,897.9454,0.9999881,0.5837004
312.0762,936.22864,269.6218,900.8544,0.9999589,0.9002754
331.58096,936.22864,288.9639,901.73254,0.99712807,0.4774266
351.08572,936.22864,309.1651,903.1123,0.9969535,0.44155926
370.59048,936.22864,328.6566,905.1323,0.92902535,0.3544487
390.09525,936.22864,347.31833,907.4775,0.35384798,0.7585178
409.6,936.22864,367.31244,907.868,0.8706552,0.6904798
429.10477,936.22864,386.82043,909.9931,0.9777535,0.33664435
448.60953,936.22864,405.71304,911.8144,0.99801034,0.33656263
468.11432,936.22864,424.65146,913.2131,0.9994745,0.9108564
487.61908,936.22864,444.49948,915.45605,0.99994683,0.40254888
507.12384,936.22864,464.27512,916.7785,0.9997603,0.2665923
526.6286,936.22864,482.89835,918.08374,0.99823946,1.073642
546.13336,936.22864,503.27283,920.7139,0.9988467,0.28842467
565.6381,936.22864,521.6554,922.11475,0.99780464,0.95271534
585.1429,936.22864,542.45087,923.72064,0.9323181,0.4300006
604.64764,936.22864,561.02795,925.539,0.66780514,0.4408651
624.1524,936.22864,580.3485,927.1188,0.5055621,0.5643782
643.65717,936.22864,600.09,928.59894,0.9651075,0.4182663
663.1619,936.22864,619.8921,930.4743,0.9916661,0.21283904
682.6667,936.22864,639.10144,931.76953,0.9984559,0.5789265
702.17145,936.22864,658.24036,934.4916,0.99853,0.5897901
721.6762,936.22864,677.8408,935.94336,0.99884284,0.29221365
741.18097,936.22864,697.4964,936.912,0.9997754,0.5295986
760.6857,936.22864,716.69836,939.7331,0.9995031,0.62951005
780.1905,936.22864,736.16254,940.94495,0.99939007,0.20865002
799.69525,936.22864,755.6057,942.39636,0.9850434,0.22220047
819.2,936.22864,775.3084,943.96454,0.6403137,0.29546747
838.7048,936.22864,795.1742,946.205,0.23194739,0.6000635
858.20953,936.22864,813.9408,947.53894,0.93107325,0.1614444
877.7143,936.22864,833.36725,949.63293,0.9973053,0.31914294
897.21906,936.22864,852.83203,950.96796,0.99719363,0.11972424
916.7238,936.22864,872.21545,952.18695,0.9945879,0.5719167
936.22864,936.22864,892.12836,954.84235,0.9879047,0.52627987
955.7334,936.22864,911.3432,955.7722,0.99103516,0.38915053
975.23816,936.22864,930.6249,957.1602,0.9981026,0.6810342
994.7429,936.22864,950.16974,959.8324,0.99790305,0.30522376
1014.2477,936.22864,969.9829,961.0453,0.9967016,0.5115235
1033.7524,936.22864,989.3613,962.4472,0.9710312,0.64839077
1053.2572,936.22864,1009.0894,965.1755,0.5158944,0.8954638
1072.762,936.22864,1028.1831,966.02527,0.5958606,0.49477917
1092.2667,936.22864,1047.2661,968.1708,0.80530226,0.13462564
1111.7715,936.22864,1066.9152,970.3917,0.9894886,0.69842905
1131.2762,936.22864,1086.1956,971.00684,0.9961452,0.44538182
1150.781,936.22864,1106.0862,973.9472,0.9937907,0.98339075
1170.2858,936.22864,1125.3926,975.1628,0.9926523,0.54391754
1189.7905,936.22864,1144.0573,975.8568,0.96179557,0.7579947
1209.2953,936.22864,1163.8202,978.3545,0.91452384,0.11440804
1228.8,936.22864,1183.6714,980.0047,0.86819905,0.4300468
1248.3048,936.22864,1203.5564,981.0823,0.84089136,1.041588
1267.8096,936.22864,1222.8116,982.9621,0.68927246,0.7993333
1306.8191,936.22864,1261.1168,986.7829,0.40003738,0.15453157
1326.3239,936.22864,1280.385,988.44073,0.64052933,0.013942225
1345.8286,936.22864,1301.1583,991.3785,0.9486465,1.8166203
1365.3334,936.22864,1319.4636,992.2759,0.96844757,0.4812881
1384.8381,936.22864,1339.4155,993.7933,0.9523802,0.76799107
1404.3429,936.22864,1359.2042,995.25494,0.97108847,1.0832356
1423.8477,936.22864,1378.4396,997.2638,0.93541497,0.94521725
1443.3524,936.22864,1396.9926,998.76794,0.76493895,0.12865396
1462.8572,936.22864,1416.3497,1000.136,0.8491858,0.21319182
1482.3619,936.22864,1435.3748,1001.8381,0.6721575,0.510015
1501.8667,936.22864,1455.6431,1003.3534,0.49529883,0.5343049
1521.3715,936.22864,1473.767,1005.5707,0.35528746,0.9465102
1540.8762,936.22864,1494.358,1007.37775,0.9060123,0.32653627
1560.381,936.22864,1513.5316,1009.17896,0.81830513,0.341206
1579.8857,936.22864,1533.0983,1010.0216,0.91085756,0.52779347
1599.3905,936.22864,1552.8273,1012.51556,0.7658948,0.48684213
1618.8953,936.22864,1571.7177,1014.21783,0.80554324,0.31144452
1638.4,936.22864,1590.9542,1015.0996,0.8485261,0.63422215
1657.9048,936.22864,1611.8048,1017.3911,0.7392954,1.0880325
1677.4095,936.22864,1630.1746,1018.3489,0.9235463,0.6907361
1696.9143,936.22864,1649.7091,1019.74335,0.8935862,1.0041785
1716.4191,936.22864,1669.5359,1022.64417,0.61881083,0.564815
1774.9333,936.22864,1727.19,1028.3429,0.2052265,0.8116266
1794.4381,936.22864,1746.4956,1029.2554,0.58818203,0.23678023
1813.9429,936.22864,1766.8645,1031.0348,0.5825216,0.7086736
1833.4476,936.22864,1785.8447,1032.6699,0.50707966,0.25374758
1852.9524,936.22864,1805.1073,1033.927,0.3675632,0.42019677
1872.4573,936.22864,1824.5641,1035.9891,0.5477958,0.12063592
1891.962,936.22864,1844.1837,1037.9747,0.6719152,0.38102475
1911.4668,936.22864,1863.9628,1039.2109,0.81567943,0.6864352
1930.9716,936.22864,1884.0138,1041.2285,0.30245888,1.2712538
78.01905,955.7334,34.86781,899.0558,0.9991941,0.2769792
97.52381,955.7334,54.30302,901.18835,0.99545354,0.49592733
117.02858,955.7334,73.55662,902.09845,0.9666492,0.5847589
136.53334,955.7334,92.94613,903.9189,0.9761986,0.5519059
156.0381,955.7334,112.44053,905.79706,0.63952875,0.43263772
175.54286,955.7334,132.11478,907.573,0.41985187,0.18215968
195.04762,955.7334,151.55545,909.23755,0.93632114,0.17566411
214.55238,955.7334,171.93138,911.4775,0.99866694,0.9232689
234.05716,955.7334,190.43721,912.43,0.9988477,0.28641957
253.56192,955.7334,210.20633,914.94183,0.99988925,0.5987504
273.06668,955.7334,229.36746,916.361,0.9999331,0.2994618
292.57144,955.7334,248.50183,917.4022,0.9998586,0.5297529
312.0762,955.7334,268.02536,919.37335,0.99979305,0.30225486
331.58096,955.7334,287.87195,921.4363,0.99764603,0.2940039
351.08572,955.7334,307.29626,922.47565,0.99603623,0.41626525
370.59048,955.7334,326.79514,923.95233,0.9471739,0.64975023
409.6,955.7334,365.37924,927.6221,0.92960817,0.36060706
429.10477,955.7334,385.33423,930.5036,0.99349403,0.94036853
448.60953,955.7334,404.80264,931.4312,0.9944717,0.48172617
468.11432,955.7334,424.10986,932.23285,0.9974565,0.9116114
487.61908,955.7334,443.32568,935.9371,0.9992847,1.1729485
507.12384,955.7334,462.9917,936.7053,0.9977023,0.44190374
526.6286,955.7334,481.555,938.20087,0.9940359,0.49249068
546.13336,955.7334,502.10504,939.58026,0.99436307,0.69246763
565.6381,955.7334,520.81793,941.251,0.9799243,0.33367318
585.1429,955.7334,540.4966,943.083,0.96252775,0.24671985
604.64764,955.7334,560.1875,945.2369,0.4145312,0.49527603
624.1524,955.7334,579.11316,946.3798,0.5417682,0.30481344
643.65717,955.7334,599.1944,947.86096,0.86284983,0.76151264
663.1619,955.7334,618.5394,950.72577,0.9582268,0.81036556
682.6667,955.7334,637.29584,951.4027,0.96974725,0.41773117
702.17145,955.7334,657.08154,954.058,0.9912164,0.607383
721.6762,955.7334,676.4597,955.4387,0.99758506,0.28761142
741.18097,955.7334,695.7562,956.5603,0.9972029,0.31276408
760.6857,955.7334,715.3965,958.35693,0.9971083,0.2824978
780.1905,955.7334,734.8633,960.4626,0.9973326,0.29087096
799.69525,955.7334,754.53754,961.5593,0.9783545,0.6203221
819.2,955.7334,774.2875,963.2141,0.7502083,0.90668535
838.7048,955.7334,793.2336,965.78394,0.4009602,0.50887656
858.20953,955.7334,812.2676,966.6681,0.8625012,0.41529667
877.7143,955.7334,831.9122,969.3085,0.9694822,0.5492683
897.21906,955.7334,851.40857,970.4771,0.97232497,0.1817274
916.7238,955.7334,870.5876,971.68,0.95141166,0.49639907
936.22864,955.7334,890.4413,974.42004,0.93984294,0.65250975
955.7334,955.7334,909.2722,975.74,0.9692056,0.2985832
975.23816,955.7334,929.33813,976.5232,0.9242705,0.84318954
994.7429,955.7334,948.13086,978.8148,0.95260835,0.29392657
1014.2477,955.7334,967.7587,980.5031,0.9497871,0.17580724
1033.7524,955.7334,988.112,980.75146,0.93930286,1.8391336
1053.2572,955.7334,1006.75183,984.80286,0.7568566,0.7361657
1072.762,955.7334,1025.3945,985.4438,0.7747597,0.77932304
1092.2667,955.7334,1044.887,987.65704,0.9073195,0.67166346
1111.7715,955.7334,1065.2618,989.9325,0.9624151,0.8180677
1131.2762,955.7334,1083.6284,990.7645,0.9669193,0.7724971
1150.781,955.7334,1103.734,992.8707,0.8786575,0.31310585
1170.2858,955.7334,1123.2656,994.4459,0.8515727,0.17545417
1189.7905,955.7334,1142.5278,995.2328,0.6758543,0.7546837
1209.2953,955.7334,1161.6522,998.1108,0.84396327,0.6390474
1228.8,955.7334,1180.935,999.335,0.6583561,0.61225164
1248.3048,955.7334,1200.8562,1000.5064,0.7094129,0.5770747
1267.8096,955.7334,1220.4901,1003.34753,0.58544683,0.5827503
1306.8191,955.7334,1259.8223,1005.563,0.3394193,0.82214034
1345.8286,955.7334,1299.9547,1011.16046,0.53956884,2.4206052
1365.3334,955.7334,1318.8931,1011.52203,0.78155464,1.3565419
1384.8381,955.7334,1337.3157,1012.4172,0.53084207,0.6416603
1404.3429,955.7334,1357.4028,1014.8892,0.63024807,1.0057929
1423.8477,955.7334,1376.4696,1016.8154,0.72674227,0.7615545
1443.3524,955.7334,1395.2415,1018.33167,0.28301972,0.26457393
1462.8572,955.7334,1414.8287,1019.3759,0.33481804,0.41098738
1501.8667,955.7334,1452.9078,1023.50494,0.24939309,0.74544877
1540.8762,955.7334,1491.7167,1027.4773,0.24521716,1.1570586
1560.381,955.7334,1511.2502,1028.3569,0.48425454,0.6212223
1579.8857,955.7334,1531.6185,1029.642,0.43328673,0.46008393
1599.3905,955.7334,1551.9711,1032.6342,0.58200204,1.5744355
1638.4,955.7334,1588.6117,1034.9299,0.37452465,0.9858064
1657.9048,955.7334,1610.0771,1037.1782,0.4875124,1.1351141
1677.4095,955.7334,1629.007,1038.5398,0.68165296,0.56272894
1696.9143,955.7334,1648.9576,1040.4445,0.6553339,1.1129454
1716.4191,955.7334,1668.1355,1041.7224,0.20583391,0.8388252
1755.4286,955.7334,1705.5504,1045.2722,0.6299632,0.62036717
1774.9333,955.7334,1725.0952,1047.2961,0.6183071,0.60236835
1794.4381,955.7334,1745.0498,1048.4288,0.37358993,0.24126881
1813.9429,955.7334,1764.4846,1051.1276,0.569857,0.75850415
1833.4476,955.7334,1785.2368,1052.1487,0.45617494,1.3462124
1872.4573,955.7334,1823.0178,1054.6199,0.6076997,0.8893504
1891.962,955.7334,1841.6558,1057.1504,0.75601083,0.5292646
1930.9716,955.7334,1880.9535,1060.8427,0.52775186,0.2887064
1950.4763,955.7334,1900.4279,1062.3723,0.6959698,0.11407698
1969.9811,955.7334,1920.0176,1062.8801,0.5276754,1.0944817
1989.4858,955.7334,1938.4315,1065.9097,0.7752068,0.93732214
78.01905,975.23816,33.737633,918.11633,0.9981559,0.48622862
97.52381,975.23816,53.243385,920.30054,0.99583834,0.38100594
117.02858,975.23816,72.81915,921.64703,0.99041146,0.5744732
136.53334,975.23816,91.78537,923.1149,0.9543318,0.49151024
156.0381,975.23816,111.37493,925.0655,0.4207474,0.31671244
175.54286,975.23816,130.97398,927.1962,0.60242516,0.42324853
195.04762,975.23816,150.1266,928.39923,0.9228506,0.32028437
214.55238,975.23816,169.49275,930.826,0.96097964,0.42366576
234.05716,975.23816,189.14876,931.90393,0.985491,0.32799968
253.56192,975.23816,208.9865,934.2327,0.99695003,0.7933814
273.06668,975.23816,227.96402,935.9696,0.998019,0.51292723
292.57144,975.23816,246.71185,936.5483,0.991993,0.8054605
312.0762,975.23816,266.88345,939.01624,0.99410325,0.29505914
331.58096,975.23816,286.51593,940.7064,0.9932963,0.4856502
351.08572,975.23816,305.30023,941.9377,0.95490557,0.40397987
370.59048,975.23816,324.8839,944.09845,0.85419494,0.09686858
390.09525,975.23816,344.60013,946.3474,0.3371068,0.69733214
409.6,975.23816,364.0892,948.0433,0.80821514,0.7181423
429.10477,975.23816,382.97772,948.4818,0.9501297,0.65796113
448.60953,975.23816,402.74316,950.991,0.9397632,0.22218202
468.11432,975.23816,421.45395,952.1219,0.9408714,0.7118262
487.61908,975.23816,441.03802,954.29364,0.9784474,0.45667383
507.12384,975.23816,461.04898,955.8319,0.95599097,0.15064932
526.6286,975.23816,479.91455,957.004,0.936476,0.73857194
546.13336,975.23816,499.69318,959.67706,0.94820935,0.38347572
565.6381,975.23816,519.2244,961.47516,0.93589187,0.47258174
585.1429,975.23816,538.2343,962.64996,0.81852114,0.4074953
604.64764,975.23816,558.5407,964.58575,0.28668755,0.5060433
624.1524,975.23816,577.17975,966.4896,0.43959042,0.50189894
643.65717,975.23816,596.7558,967.83514,0.76789445,0.17719485
663.1619,975.23816,616.4424,970.00684,0.65348965,0.5108114
682.6667,975.23816,635.5586,970.67114,0.86381036,0.5800599
702.17145,975.23816,655.35254,973.43097,0.85846514,0.5444185
721.6762,975.23816,674.97485,975.2648,0.8609327,0.73672384
741.18097,975.23816,693.7345,975.6082,0.9059731,0.7766466
760.6857,975.23816,714.3049,978.2973,0.96036553,0.8447784
780.1905,975.23816,733.221,979.58655,0.9221029,0.30048555
799.69525,975.23816,752.1521,980.7763,0.7969449,0.66423285
819.2,975.23816,771.39075,983.0031,0.26359504,0.42576137
838.7048,975.23816,791.15955,985.4374,0.3822799,0.6397003
858.20953,975.23816,810.13324,985.7608,0.6856423,0.9128498
877.7143,975.23816,830.32385,988.76074,0.797916,0.6031697
897.21906,975.23816,849.6023,990.18335,0.8570959,0.29121917
916.7238,975.23816,869.3362,990.8507,0.8366049,0.841314
936.22864,975.23816,889.11365,992.94574,0.83012503,0.8082485
955.7334,975.23816,908.33795,995.74603,0.80833304,0.90741634
975.23816,975.23816,927.7786,996.56464,0.828796,0.54690963
994.7429,975.23816,946.9484,998.64746,0.38014567,0.36405936
1033.7524,975.23816,985.5081,1001.1968,0.565736,0.60580343
1072.762,975.23816,1025.2662,1005.2239,0.53383696,0.86466694
1092.2667,975.23816,1044.0029,1007.406,0.87957704,0.5325004
1111.7715,975.23816,1063.119,1009.2531,0.6011752,0.6673159
1131.2762,975.23816,1082.658,1009.7914,0.32758567,0.51131475
1170.2858,975.23816,1122.0111,1013.85846,0.35011682,0.48270267
1209.2953,975.23816,1160.1427,1017.4691,0.34904015,0.45813546
1228.8,975.23816,1179.4841,1018.9407,0.58104414,0.3881067
1248.3048,975.23816,1198.8434,1020.42163,0.7705032,0.44070685
1267.8096,975.23816,1217.8724,1022.63336,0.4663601,0.9402131
1326.3239,975.23816,1275.3268,1027.1731,0.30476663,1.6771275
1345.8286,975.23816,1298.5574,1029.958,0.3940724,2.3331254
1384.8381,975.23816,1334.6859,1032.8458,0.45959222,0.7507161
1404.3429,975.23816,1354.2368,1033.9933,0.7625418,0.49619666
1423.8477,975.23816,1372.7765,1035.7017,0.57133913,1.3788203
1443.3524,975.23816,1392.9536,1036.6473,0.7561982,1.0600495
1462.8572,975.23816,1413.0182,1038.666,0.42136312,0.534817
1482.3619,975.23816,1432.5183,1040.9628,0.6978136,0.097278625
1501.8667,975.23816,1452.2179,1042.6141,0.71911967,0.3442561
1521.3715,975.23816,1470.9541,1044.1548,0.6146088,0.37949783
1540.8762,975.23816,1490.6709,1045.2567,0.9653479,0.74664146
1560.381,975.23816,1510.3441,1047.8557,0.8584775,0.23666336
1579.8857,975.23816,1529.723,1048.9142,0.8214437,0.5026561
1599.3905,975.23816,1548.5779,1050.1538,0.8113864,1.0475713
1618.8953,975.23816,1568.1797,1052.6567,0.8602473,0.31235006
1638.4,975.23816,1587.8713,1054.3445,0.8304611,0.15672697
1657.9048,975.23816,1607.3743,1056.4724,0.76606977,0.27782843
1677.4095,975.23816,1626.9753,1058.0839,0.7736603,0.2917063
1696.9143,975.23816,1646.2667,1059.3687,0.68502516,0.247556
1716.4191,975.23816,1665.4788,1061.4233,0.7281876,0.17979635
1735.9238,975.23816,1685.1036,1063.3557,0.40846202,0.36119056
1755.4286,975.23816,1704.389,1064.2798,0.9067021,0.42817193
1774.9333,975.23816,1722.9159,1066.8142,0.9664219,1.0689749
1794.4381,975.23816,1743.3685,1068.2582,0.93017673,0.16238637
1813.9429,975.23816,1762.8282,1069.3987,0.9236548,0.4066039
1833.4476,975.23816,1782.9073,1071.6327,0.7555484,0.7265968
1852.9524,975.23816,1801.6948,1073.1853,0.7748208,0.07275401
1872.4573,975.23816,1820.1008,1074.7421,0.8902937,0.9663264
1891.962,975.23816,1840.7284,1076.6895,0.85766155,0.25964677
1911.4668,975.23816,1859.2404,1078.088,0.5860638,0.7073403
1930.9716,975.23816,1878.969,1080.3699,0.97045815,0.52827907
1950.4763,975.23816,1898.7097,1081.6852,0.8246082,0.06818914
1969.9811,975.23816,1918.2157,1083.4413,0.37182194,0.042663183
1989.4858,975.23816,1937.5988,1085.0088,0.8221345,0.09860818
78.01905,994.7429,32.312286,937.25415,0.9675281,0.88637084
97.52381,994.7429,51.664455,940.1648,0.964988,0.7216964
117.02858,994.7429,71.22764,941.23175,0.92773443,0.6306776
136.53334,994.7429,89.90336,942.6445,0.95786893,0.4119318
156.0381,994.7429,109.37592,945.0381,0.7498216,0.31686458
175.54286,994.7429,129.95018,947.2712,0.42835563,1.3451283
195.04762,994.7429,148.57597,948.61804,0.92303777,0.54377
214.55238,994.7429,167.43365,950.42615,0.9255226,0.67494607
234.05716,994.7429,186.86047,951.2462,0.9587358,0.43662843
253.56192,994.7429,206.45901,953.4537,0.9723393,0.27170306
273.06668,994.7429,226.23656,955.2121,0.91174483,0.3349166
292.57144,994.7429,245.29811,956.1089,0.9449497,0.55589515
312.0762,994.7429,264.45718,958.6821,0.97706777,0.57177544
331.58096,994.7429,284.29916,960.1007,0.9330873,0.07892509
351.08572,994.7429,303.2061,961.3911,0.7300436,0.6615591
370.59048,994.7429,323.0726,962.9113,0.6886895,0.538467
409.6,994.7429,361.8685,967.32465,0.27536607,0.528152
429.10477,994.7429,381.422,969.3257,0.7214679,0.7951994
448.60953,994.7429,400.45282,970.12305,0.46091968,0.48454538
468.11432,994.7429,420.84448,971.2274,0.3876999,0.85920584
487.61908,994.7429,439.80658,974.15576,0.48424238,0.52257407
507.12384,994.7429,458.6376,975.2294,0.76561505,0.5879186
526.6286,994.7429,479.06876,977.4508,0.6523632,0.5934801
546.13336,994.7429,498.45242,978.85254,0.68427354,0.39356893
565.6381,994.7429,517.5765,980.1951,0.43770766,0.24796048
585.1429,994.7429,536.9613,981.7952,0.21871455,0.33890852
624.1524,994.7429,575.6377,985.91003,0.21299067,0.4100442
643.65717,994.7429,595.162,987.8039,0.52102435,0.5747222
663.1619,994.7429,614.9572,989.32605,0.40322307,0.49228767
682.6667,994.7429,634.19226,990.24365,0.3978756,0.40238237
702.17145,994.7429,654.01605,991.84283,0.3018702,0.696237
760.6857,994.7429,711.31714,996.3127,0.32004875,1.2251961
780.1905,994.7429,731.9404,999.088,0.67018336,0.6980982
799.69525,994.7429,751.3986,1000.0359,0.7614699,1.0769047
819.2,994.7429,770.7933,1002.07416,0.5144838,0.82719195
838.7048,994.7429,790.2787,1004.77747,0.21327035,0.9215284
858.20953,994.7429,810.19745,1005.56476,0.33749646,1.2852911
916.7238,994.7429,867.18097,1011.1049,0.52813035,0.10539167
936.22864,994.7429,886.8212,1013.01544,0.64997953,0.3126817
955.7334,994.7429,907.11066,1014.55566,0.40471774,0.9995685
994.7429,994.7429,944.9774,1018.1401,0.56230164,0.30774847
1014.2477,994.7429,964.7044,1019.2452,0.63723475,0.41098347
1053.2572,994.7429,1003.8486,1023.6727,0.27271256,0.9388819
1072.762,994.7429,1022.99713,1023.8464,0.2053719,0.8394332
1092.2667,994.7429,1043.6766,1026.262,0.28691486,1.5457839
1131.2762,994.7429,1081.3236,1029.1708,0.83633906,0.6510802
1150.781,994.7429,1100.4744,1031.6422,0.86729175,0.21610945
1170.2858,994.7429,1119.9886,1033.0958,0.94737256,0.13870029
1189.7905,994.7429,1139.3917,1034.7496,0.73488635,0.13461035
1209.2953,994.7429,1158.4113,1036.7695,0.7942889,0.38625062
1228.8,994.7429,1178.0088,1038.004,0.8680811,0.26620895
1248.3048,994.7429,1198.2603,1039.2083,0.93475145,0.9952945
1267.8096,994.7429,1217.3088,1042.1454,0.76622933,0.59545803
1287.3143,994.7429,1235.372,1043.1101,0.606785,1.0888449
1306.8191,994.7429,1255.7214,1044.8766,0.5203134,0.21379618
1326.3239,994.7429,1274.1417,1046.643,0.8049117,1.1607461
1345.8286,994.7429,1294.2874,1048.1134,0.9323593,0.5448574
1365.3334,994.7429,1313.0461,1049.6523,0.97843647,1.2127262
1384.8381,994.7429,1333.1218,1051.7249,0.9739207,0.48085722
1404.3429,994.7429,1352.476,1053.7764,0.9734449,0.5977473
1423.8477,994.7429,1372.3442,1054.6461,0.9823708,0.59512484
1443.3524,994.7429,1391.9945,1056.8949,0.9374667,0.11797084
1462.8572,994.7429,1411.1666,1058.5859,0.92064965,0.15312834
1482.3619,994.7429,1430.7717,1060.3567,0.93738127,0.038035825
1501.8667,994.7429,1449.5403,1062.5394,0.58734065,0.8122681
1521.3715,994.7429,1468.7682,1063.5906,0.7250781,0.8480444
1540.8762,994.7429,1489.499,1065.6171,0.9805088,0.499963
1560.381,994.7429,1508.2179,1066.9248,0.98434776,0.32224908
1579.8857,994.7429,1527.738,1068.2173,0.985321,0.63376975
1599.3905,994.7429,1546.828,1069.912,0.9835979,0.7948089
1618.8953,994.7429,1566.5599,1072.6846,0.98911256,0.49460146
1638.4,994.7429,1585.9414,1073.8878,0.9833381,0.2499581
1657.9048,994.7429,1604.7554,1075.614,0.97231567,0.8629574
1677.4095,994.7429,1624.1299,1077.5944,0.9801665,0.9558737
1696.9143,994.7429,1643.8505,1078.8356,0.98580605,0.6583835
1716.4191,994.7429,1663.4315,1079.9968,0.9069823,0.87597567
1735.9238,994.7429,1682.8131,1082.8489,0.549361,0.67295223
1755.4286,994.7429,1702.0627,1083.9564,0.8750395,0.7292404
1774.9333,994.7429,1721.6918,1085.954,0.9803967,0.52437323
1794.4381,994.7429,1741.5157,1087.8497,0.9900395,0.3397094
1813.9429,994.7429,1760.9413,1089.5105,0.98934215,0.3051388
1833.4476,994.7429,1780.8,1091.0365,0.9763853,0.32481682
1852.9524,994.7429,1799.4507,1092.3138,0.94957775,0.5690562
1872.4573,994.7429,1819.4551,1094.2698,0.9484227,0.1176122
1891.962,994.7429,1838.9147,1096.7518,0.9430863,0.7331541
1911.4668,994.7429,1858.1245,1097.6589,0.9543978,0.11545761
1930.9716,994.7429,1877.3549,1098.9059,0.9538766,0.59964335
1950.4763,994.7429,1896.9467,1101.4451,0.74792564,0.3406258
1969.9811,994.7429,1916.0596,1103.2303,0.5327175,0.60030884
1989.4858,994.7429,1935.5698,1104.801,0.9148018,0.45675415
78.01905,1014.2477,30.279186,957.3773,0.49932566,0.23514284
97.52381,1014.2477,49.57978,959.6299,0.86547095,0.57441586
117.02858,1014.2477,69.91616,960.8226,0.76235694,1.0123533
136.53334,1014.2477,89.5799,961.3754,0.9464096,1.6536514
156.0381,1014.2477,107.99187,964.5403,0.4517941,0.43775895
195.04762,1014.2477,145.91127,967.33057,0.34117153,0.75367296
214.55238,1014.2477,166.85349,969.9923,0.4179604,1.0778704
234.05716,1014.2477,185.73596,970.7318,0.31471407,0.33974242
273.06668,1014.2477,224.07309,974.7335,0.31733635,0.46107176
292.57144,1014.2477,243.15407,975.6907,0.48553735,0.7293966
312.0762,1014.2477,262.58652,977.07385,0.38387275,0.9310751
331.58096,1014.2477,282.98947,979.85284,0.26563767,0.52148193
351.08572,1014.2477,302.56104,981.38763,0.2977566,0.5376034
429.10477,1014.2477,379.74634,988.54785,0.41767636,0.5855058
448.60953,1014.2477,398.97433,989.7126,0.42949253,0.25490028
468.11432,1014.2477,418.12494,991.4969,0.5004563,0.54659337
487.61908,1014.2477,438.09497,992.41895,0.58260095,0.6452689
507.12384,1014.2477,458.17197,994.6497,0.5850855,0.6656021
526.6286,1014.2477,476.5909,996.2224,0.30428627,0.4301755
546.13336,1014.2477,496.59183,998.89325,0.42236403,0.76013374
565.6381,1014.2477,515.96265,999.37494,0.42217308,0.5129073
585.1429,1014.2477,535.88556,1000.3632,0.23072797,1.3639548
604.64764,1014.2477,554.1593,1002.87305,0.38522777,0.64228475
624.1524,1014.2477,574.52747,1004.85,0.27310744,0.4427988
643.65717,1014.2477,593.7673,1006.1765,0.31359097,0.5419059
663.1619,1014.2477,613.5877,1008.684,0.74079293,0.7041473
682.6667,1014.2477,632.6069,1009.70355,0.49962378,0.4197655
702.17145,1014.2477,651.8488,1011.27997,0.56992877,0.4844012
721.6762,1014.2477,671.7384,1014.04156,0.86387056,0.7552644
741.18097,1014.2477,690.576,1014.86,0.8245674,0.32177296
760.6857,1014.2477,710.0748,1017.19617,0.7688624,0.3349243
780.1905,1014.2477,729.1133,1018.57544,0.50551736,0.43070984
799.69525,1014.2477,748.85913,1019.88727,0.26775816,0.39335626
819.2,1014.2477,768.4312,1021.5339,0.8301971,0.43024832
838.7048,1014.2477,788.2347,1023.3874,0.2696898,0.48527777
877.7143,1014.2477,826.87494,1027.7961,0.7597086,0.75431156
897.21906,1014.2477,846.1665,1028.717,0.6946695,0.060693994
916.7238,1014.2477,865.6662,1030.5817,0.9601751,0.1607463
936.22864,1014.2477,885.55084,1032.9113,0.958398,0.9361091
955.7334,1014.2477,903.9415,1033.9911,0.9472953,0.4941148
975.23816,1014.2477,924.2825,1035.8331,0.89728373,0.5104995
994.7429,1014.2477,942.8018,1037.0378,0.8690463,0.528374
1014.2477,1014.2477,962.15814,1038.7034,0.7298145,0.61018616
1033.7524,1014.2477,982.90356,1039.9501,0.689379,1.043863
1053.2572,1014.2477,1001.31494,1042.4712,0.2565197,0.2784928
1072.762,1014.2477,1020.85345,1043.2092,0.21632957,0.86634797
1092.2667,1014.2477,1040.2853,1045.4723,0.3737199,0.3255887
1111.7715,1014.2477,1059.4869,1047.3691,0.85600525,0.3875481
1131.2762,1014.2477,1079.2003,1049.3552,0.99047625,0.21406932
1150.781,1014.2477,1098.2335,1051.3031,0.98072374,0.6594654
1170.2858,1014.2477,1118.1892,1053.017,0.9853617,0.45576963
1189.7905,1014.2477,1138.0747,1053.6887,0.9898854,0.754095
1209.2953,1014.2477,1156.839,1055.8348,0.9968421,0.2180801
1228.8,1014.2477,1176.0731,1057.7101,0.9980991,0.37633002
1248.3048,1014.2477,1195.5148,1058.8671,0.9912143,0.6135456
1267.8096,1014.2477,1215.1063,1061.2635,0.93820745,0.2845863
1287.3143,1014.2477,1234.1418,1062.2678,0.51016575,0.7745066
1306.8191,1014.2477,1253.7969,1063.7126,0.68066794,0.83661926
1326.3239,1014.2477,1272.8353,1066.8962,0.937719,1.0594004
1345.8286,1014.2477,1292.3688,1067.8899,0.98125094,0.66147447
1365.3334,1014.2477,1312.3142,1069.4482,0.98625374,0.18509015
1384.8381,1014.2477,1332.269,1071.2715,0.9949406,0.37841266
1404.3429,1014.2477,1351.3904,1073.0623,0.97420657,0.121727854
1423.8477,1014.2477,1370.6975,1074.949,0.98112136,0.29208305
1443.3524,1014.2477,1389.9999,1077.3232,0.9851933,0.97847295
1462.8572,1014.2477,1409.7577,1077.5845,0.9757879,0.49888566
1482.3619,1014.2477,1428.7693,1079.4113,0.966295,0.4450614
1501.8667,1014.2477,1448.2316,1082.0552,0.81375355,0.6409972
1521.3715,1014.2477,1467.7167,1082.8715,0.64477354,0.34577167
1540.8762,1014.2477,1486.846,1084.2195,0.9566096,0.8071992
1560.381,1014.2477,1506.6447,1086.709,0.9953745,0.19056067
1579.8857,1014.2477,1526.6062,1087.9344,0.99799186,0.52464676
1599.3905,1014.2477,1545.3655,1090.54,0.99555343,0.6346886
1618.8953,1014.2477,1565.0975,1091.9165,0.99819297,0.25818613
1638.4,1014.2477,1585.0763,1093.3789,0.9969732,0.5888818
1657.9048,1014.2477,1603.883,1095.3002,0.99548435,0.24134384
1677.4095,1014.2477,1623.3654,1096.8538,0.99808997,0.09388667
1696.9143,1014.2477,1642.4435,1098.2306,0.9934478,0.4074315
1716.4191,1014.2477,1662.2089,1099.7568,0.8962058,0.40442014
1755.4286,1014.2477,1701.1833,1103.774,0.8429008,0.24075338
1774.9333,1014.2477,1720.901,1105.4348,0.9914124,0.43566376
1794.4381,1014.2477,1740.5139,1106.6543,0.9955313,0.6578158
1813.9429,1014.2477,1759.3992,1108.9366,0.99941206,0.2780569
1833.4476,1014.2477,1779.4568,1111.1495,0.9974266,1.0306997
1852.9524,1014.2477,1798.346,1112.4343,0.9960342,0.3929353
1872.4573,1014.2477,1817.9427,1114.3071,0.98867035,0.61774564
1891.962,1014.2477,1836.7665,1115.8099,0.98760927,0.47248092
1911.4668,1014.2477,1856.9331,1116.9149,0.9935591,0.48470184
1930.9716,1014.2477,1877.1001,1118.5256,0.9688292,1.2018319
1950.4763,1014.2477,1896.0696,1120.879,0.87743425,0.76273286
1969.9811,1014.2477,1915.2059,1122.435,0.68145084,0.43539703
1989.4858,1014.2477,1934.8883,1123.6926,0.96674526,0.7037603
97.52381,1033.7524,48.021687,978.85315,0.5791297,0.4343704
117.02858,1033.7524,68.58128,979.96075,0.40541482,1.3956964
156.0381,1033.7524,106.01829,983.6392,0.32009816,0.06512582
175.54286,1033.7524,125.66165,985.6176,0.3089947,0.36172974
195.04762,1033.7524,145.0587,987.0697,0.38869116,0.150644
214.55238,1033.7524,163.65863,988.6791,0.9060964,0.6997442
234.05716,1033.7524,183.52519,990.5817,0.9583396,0.32279393
253.56192,1033.7524,203.85376,992.6945,0.8070627,0.87273777
273.06668,1033.7524,223.45087,994.18066,0.7580616,0.8889613
292.57144,1033.7524,242.83383,995.1572,0.83326894,0.82579774
312.0762,1033.7524,261.95428,997.29205,0.9065025,0.45385993
331.58096,1033.7524,280.39478,999.27765,0.95538723,0.667231
351.08572,1033.7524,299.9368,1000.2152,0.90396684,0.57762164
370.59048,1033.7524,319.93112,1002.62384,0.8717373,0.35310826
390.09525,1033.7524,339.3508,1003.62506,0.39637125,0.38816905
409.6,1033.7524,359.16385,1005.6078,0.77431726,0.5077998
429.10477,1033.7524,378.20584,1007.64355,0.94538236,0.27265954
448.60953,1033.7524,397.6867,1009.0782,0.979645,0.16289651
468.11432,1033.7524,416.45447,1010.1533,0.9087238,0.81374514
487.61908,1033.7524,436.55615,1012.4458,0.9622306,0.1772551
507.12384,1033.7524,455.9824,1014.42584,0.9255841,0.28466722
526.6286,1033.7524,475.28162,1016.12036,0.89562774,0.22842917
546.13336,1033.7524,494.206,1018.28876,0.8488675,0.83913976
565.6381,1033.7524,514.54565,1019.21564,0.76748484,0.44473025
585.1429,1033.7524,533.5988,1019.9747,0.7777946,1.0215567
604.64764,1033.7524,552.9181,1022.4348,0.67969847,0.26453817
643.65717,1033.7524,591.0288,1027.0509,0.61224914,1.2478402
663.1619,1033.7524,610.17224,1028.2444,0.6960376,1.1778232
682.6667,1033.7524,630.2845,1029.1256,0.5620144,0.54894495
702.17145,1033.7524,649.85645,1030.8,0.89890325,0.4751428
721.6762,1033.7524,669.2569,1033.2555,0.96465486,0.46671745
741.18097,1033.7524,688.5794,1034.8434,0.9885014,0.4742363
760.6857,1033.7524,708.26105,1035.9225,0.97613835,0.40159908
780.1905,1033.7524,727.96716,1038.0258,0.98094344,0.12731062
799.69525,1033.7524,747.4557,1039.5137,0.9619159,0.25567114
819.2,1033.7524,766.77594,1040.9147,0.93973875,0.48447642
838.7048,1033.7524,785.5074,1042.9581,0.63733745,0.6426131
858.20953,1033.7524,805.10815,1044.7748,0.3813333,0.45828155
877.7143,1033.7524,824.7223,1046.6787,0.97792935,0.33081356
897.21906,1033.7524,844.10065,1047.9597,0.9788833,0.40168068
916.7238,1033.7524,863.66626,1049.5815,0.9888186,0.3661473
936.22864,1033.7524,883.43835,1052.2727,0.991451,0.69546485
955.7334,1033.7524,902.45966,1053.4178,0.9877268,0.28740892
975.23816,1033.7524,921.76544,1055.4432,0.9883183,0.59129024
994.7429,1033.7524,940.9529,1057.0013,0.9902856,0.69851655
1014.2477,1033.7524,961.0741,1058.3269,0.9946189,0.092079155
1033.7524,1033.7524,980.3922,1059.6692,0.92288417,0.42698836
1053.2572,1033.7524,999.69476,1062.5894,0.56476444,0.81540906
1072.762,1033.7524,1018.9041,1063.4949,0.45614102,0.39795238
1092.2667,1033.7524,1038.657,1064.4918,0.81094736,0.70547426
1111.7715,1033.7524,1058.2866,1067.4073,0.964823,0.52879256
1131.2762,1033.7524,1077.6978,1068.1825,0.99673325,0.42361036
1150.781,1033.7524,1097.0337,1070.5632,0.99730134,0.27030507
1170.2858,1033.7524,1116.6718,1071.8396,0.99531966,0.2657036
1189.7905,1033.7524,1135.9603,1073.241,0.9989325,0.45831853
1209.2953,1033.7524,1155.7091,1075.6604,0.99807996,0.47546256
1228.8,1033.7524,1174.9109,1077.4469,0.9990997,0.3902168
1248.3048,1033.7524,1193.9634,1078.1705,0.99702626,0.6580745
1267.8096,1033.7524,1213.8977,1080.8044,0.9515428,0.4257233
1287.3143,1033.7524,1233.2039,1082.1991,0.50828606,0.16588834
1306.8191,1033.7524,1253.0872,1083.7081,0.7510932,0.64551604
1326.3239,1033.7524,1272.0322,1085.8365,0.96758413,0.27772295
1345.8286,1033.7524,1291.573,1087.2717,0.9955134,0.24419045
1365.3334,1033.7524,1311.357,1088.4988,0.99605566,0.7746651
1384.8381,1033.7524,1330.1558,1091.5867,0.9898059,0.89472914
1404.3429,1033.7524,1350.0657,1092.2231,0.9858681,0.47554407
1423.8477,1033.7524,1369.2661,1093.7993,0.9914243,0.36313874
1443.3524,1033.7524,1389.2274,1096.3657,0.99646634,0.94001293
1462.8572,1033.7524,1408.101,1097.0979,0.99653596,0.43702918
1482.3619,1033.7524,1427.414,1098.2925,0.9889337,0.9026545
1501.8667,1033.7524,1447.1906,1101.1864,0.80479074,0.509854
1521.3715,1033.7524,1466.8549,1102.12,0.616315,0.8036834
1540.8762,1033.7524,1485.541,1104.5864,0.9018856,0.3088403
1560.381,1033.7524,1505.2477,1105.9293,0.9915767,0.19267355
1579.8857,1033.7524,1525.4548,1107.645,0.9969244,0.9598974
1599.3905,1033.7524,1543.7695,1109.7916,0.99809784,0.4293145
1618.8953,1033.7524,1563.3398,1111.8208,0.9993709,0.7289659
1638.4,1033.7524,1582.6843,1112.8097,0.99889004,0.104897685
1657.9048,1033.7524,1601.5697,1113.9457,0.9993489,0.84795904
1677.4095,1033.7524,1621.738,1116.492,0.9988459,0.3130366
1696.9143,1033.7524,1641.5536,1117.0441,0.9906393,0.9714086
1716.4191,1033.7524,1660.6959,1119.3036,0.9817637,0.3430349
1735.9238,1033.7524,1679.4363,1121.2439,0.3682689,0.5064162
1755.4286,1033.7524,1700.2723,1122.6648,0.5889131,0.9588166
1774.9333,1033.7524,1719.0627,1124.9008,0.9967287,0.3346145
1794.4381,1033.7524,1738.1057,1126.2064,0.99954206,0.22417487
1813.9429,1033.7524,1758.0631,1127.7045,0.9999355,0.5569966
1833.4476,1033.7524,1777.009,1130.253,0.99997604,0.4691485
1852.9524,1033.7524,1795.8253,1131.1378,0.99992704,0.7827977
1872.4573,1033.7524,1815.7384,1133.0632,0.9996852,0.25111678
1891.962,1033.7524,1835.6466,1135.2439,0.9992581,0.43906775
1911.4668,1033.7524,1855.7727,1136.295,0.9977144,1.0020723
1930.9716,1033.7524,1875.1078,1137.568,0.9735097,1.1250964
1950.4763,1033.7524,1892.936,1139.9062,0.88327414,0.7453367
1969.9811,1033.7524,1913.0607,1141.6865,0.6091061,0.046618074
1989.4858,1033.7524,1931.8153,1143.734,0.9765707,0.79955
97.52381,1053.2572,46.109062,998.1865,0.9811985,0.2625354
117.02858,1053.2572,64.82655,999.6526,0.8655401,0.67949975
136.53334,1053.2572,84.54485,1001.3838,0.8952668,0.39545658
156.0381,1053.2572,104.25147,1003.2744,0.7496359,0.27374873
175.54286,1053.2572,123.91731,1005.2349,0.4696764,0.52290154
195.04762,1053.2572,143.70926,1007.20306,0.87259066,0.91421604
214.55238,1053.2572,162.79175,1009.0246,0.97792107,0.90854543
234.05716,1053.2572,181.63318,1009.52826,0.9919243,0.5441863
253.56192,1053.2572,201.1055,1011.1109,0.9700882,0.5860049
273.06668,1053.2572,221.11894,1013.942,0.9762952,0.73593444
292.57144,1053.2572,239.46828,1014.7307,0.97782254,0.93273747
312.0762,1053.2572,260.71277,1016.834,0.9797327,0.9255715
331.58096,1053.2572,279.4643,1018.5507,0.9930802,0.31672186
351.08572,1053.2572,298.2147,1019.8138,0.9977075,0.5039965
370.59048,1053.2572,318.09946,1022.0088,0.95338345,0.28328124
390.09525,1053.2572,337.32245,1023.4099,0.43642107,0.21120657
409.6,1053.2572,356.0445,1024.4795,0.5841538,1.1234359
429.10477,1053.2572,375.5487,1026.6423,0.97605044,0.86505985
448.60953,1053.2572,395.31787,1028.8206,0.98394275,0.58651996
468.11432,1053.2572,415.1678,1029.576,0.99606055,0.6551605
487.61908,1053.2572,435.1579,1032.4347,0.99223685,0.69450986
507.12384,1053.2572,454.35767,1033.5016,0.9927813,0.27114204
526.6286,1053.2572,473.98413,1034.7483,0.98153764,0.7238678
546.13336,1053.2572,493.22702,1036.856,0.9848338,0.30151555
565.6381,1053.2572,512.3665,1038.4827,0.98868537,0.24595869
585.1429,1053.2572,531.61163,1039.7869,0.93829584,0.67732924
604.64764,1053.2572,551.7343,1041.5126,0.71039814,0.7690818
624.1524,1053.2572,570.34406,1043.3424,0.38521034,0.59941095
643.65717,1053.2572,590.1501,1045.9796,0.7928405,0.45514706
663.1619,1053.2572,609.9424,1047.8214,0.9837551,0.7081948
682.6667,1053.2572,629.0335,1048.8818,0.99384105,0.060251314
702.17145,1053.2572,648.4996,1050.6819,0.99445975,0.09648907
721.6762,1053.2572,668.1207,1052.3475,0.9935779,0.26934063
741.18097,1053.2572,687.17487,1053.9521,0.99860615,0.13011006
760.6857,1053.2572,707.0232,1055.6508,0.99870723,0.31843582
780.1905,1053.2572,726.24915,1057.446,0.9971196,0.107395515
799.69525,1053.2572,745.6894,1058.5344,0.99182785,0.6011759
819.2,1053.2572,765.4103,1061.3843,0.94412327,0.6911142
838.7048,1053.2572,784.6603,1062.804,0.22373277,0.3586745
858.20953,1053.2572,804.1554,1064.838,0.44774473,0.6784258
877.7143,1053.2572,823.4954,1066.568,0.98691577,0.6736749
897.21906,1053.2572,843.0575,1067.5231,0.99760413,0.34547573
916.7238,1053.2572,862.2922,1068.903,0.9989688,0.44220302
936.22864,1053.2572,882.2397,1071.2384,0.9983042,0.6856932
955.7334,1053.2572,901.2487,1072.6132,0.99622774,0.25523993
975.23816,1053.2572,920.96313,1073.788,0.9933099,0.81765234
994.7429,1053.2572,939.65265,1075.9792,0.99460363,0.26948637
1014.2477,1053.2572,959.65155,1077.9299,0.99600893,0.35714403
1033.7524,1053.2572,979.0236,1079.7268,0.95681214,0.3478783
1053.2572,1053.2572,998.00385,1081.2106,0.80630696,0.16825156
1072.762,1053.2572,1017.8551,1082.9927,0.28024787,0.26219136
1092.2667,1053.2572,1036.7788,1085.2517,0.9065128,0.6772755
1111.7715,1053.2572,1056.2241,1086.3954,0.9887971,0.24952358
1131.2762,1053.2572,1076.7023,1087.5519,0.99850416,0.936068
1150.781,1053.2572,1095.6385,1089.6692,0.99860436,0.31889084
1170.2858,1053.2572,1115.467,1092.1403,0.9982851,1.0103425
1189.7905,1053.2572,1134.0048,1093.2336,0.9993754,0.21157303
1209.2953,1053.2572,1154.3607,1094.851,0.99919087,0.74525726
1228.8,1053.2572,1173.4093,1096.5248,0.99960816,0.36279544
1248.3048,1053.2572,1193.0311,1098.0515,0.995593,0.5801228
1267.8096,1053.2572,1212.0841,1099.8019,0.88609076,0.21426526
1287.3143,1053.2572,1232.3207,1101.2577,0.5329028,1.0483589
1306.8191,1053.2572,1250.5448,1102.763,0.792637,0.6033739
1326.3239,1053.2572,1269.8837,1106.0171,0.97202396,1.0427862
1345.8286,1053.2572,1289.3505,1106.4873,0.9977764,0.36555052
1365.3334,1053.2572,1309.5404,1108.1702,0.99967307,0.5426526
1384.8381,1053.2572,1327.7913,1110.1144,0.9994831,0.69964015
1404.3429,1053.2572,1348.0636,1111.7344,0.9979098,0.16763031
1423.8477,1053.2572,1366.8036,1113.1864,0.99749124,0.6434464
1443.3524,1053.2572,1386.5906,1115.839,0.9965513,0.64516556
1462.8572,1053.2572,1405.8558,1116.6599,0.99276406,0.4435959
1482.3619,1053.2572,1425.4626,1118.4915,0.9577044,0.22363378
1501.8667,1053.2572,1444.6893,1120.9733,0.6768661,0.7556802
1521.3715,1053.2572,1463.9436,1121.876,0.74115723,0.5799358
1540.8762,1053.2572,1483.5781,1124.2455,0.9515804,0.6329472
1560.381,1053.2572,1503.0193,1125.5173,0.99530107,0.35900283
1579.8857,1053.2572,1522.1307,1126.9021,0.99873453,0.7010137
1599.3905,1053.2572,1542.324,1129.5188,0.9994612,0.7029323
1618.8953,1053.2572,1561.5037,1131.0723,0.99971944,0.57073027
1638.4,1053.2572,1580.8735,1131.593,0.999183,0.6649715
1657.9048,1053.2572,1600.3591,1134.0784,0.9996244,0.22279571
1677.4095,1053.2572,1619.1165,1135.782,0.99859554,0.8475496
1696.9143,1053.2572,1639.5032,1136.4246,0.9892835,0.90631944
1716.4191,1053.2572,1658.9646,1139.188,0.9859342,0.22662833
1735.9238,1053.2572,1677.6666,1140.5408,0.621858,0.6018768
1755.4286,1053.2572,1697.2136,1142.0884,0.6578631,0.56628305
1774.9333,1053.2572,1717.1602,1144.2672,0.9932394,0.15640937
1794.4381,1053.2572,1736.1711,1145.6544,0.999012,0.39802644
1813.9429,1053.2572,1755.4982,1147.0887,0.99985075,0.6352411
1833.4476,1053.2572,1775.5731,1149.6532,0.9999641,0.46719134
1852.9524,1053.2572,1794.4186,1150.7781,0.99992216,0.42995447
1872.4573,1053.2572,1813.9427,1153.011,0.9998623,0.49847123
1891.962,1053.2572,1833.6349,1154.6345,0.9993626,0.31660298
1911.4668,1053.2572,1853.1185,1155.7888,0.99822533,0.23305221
1930.9716,1053.2572,1872.9738,1157.2228,0.9312591,0.65725267
1950.4763,1053.2572,1892.0206,1159.6179,0.843101,0.20105577
1969.9811,1053.2572,1911.2352,1161.4834,0.37487572,0.4004545
1989.4858,1053.2572,1931.0115,1163.4032,0.9421408,0.6069666
97.52381,1072.762,44.10997,1017.6426,0.9973035,0.38981855
117.02858,1072.762,63.81408,1019.3622,0.9852247,0.30559894
136.53334,1072.762,83.18515,1020.5008,0.974334,0.26088876
156.0381,1072.762,102.91895,1023.21484,0.9226711,0.7991078
195.04762,1072.762,140.94489,1025.4043,0.85295296,0.73774576
214.55238,1072.762,160.93686,1027.5719,0.98862344,0.02637291
234.05716,1072.762,180.58562,1028.8043,0.9989635,0.49311817
253.56192,1072.762,199.9391,1031.4503,0.99809074,0.5082031
273.06668,1072.762,219.48587,1033.3503,0.998916,0.7329884
292.57144,1072.762,238.65213,1034.1449,0.99830616,0.21331409
312.0762,1072.762,258.29276,1035.9055,0.9981229,0.23614678
331.58096,1072.762,277.7506,1038.1578,0.998519,0.4527741
351.08572,1072.762,297.40488,1038.9948,0.9994221,0.6326372
370.59048,1072.762,316.84875,1040.8774,0.9634989,0.52602655
390.09525,1072.762,336.22092,1042.9963,0.47290888,0.41237262
409.6,1072.762,355.68652,1043.8342,0.6163863,0.83654124
429.10477,1072.762,375.1706,1046.9368,0.9961728,0.83090734
448.60953,1072.762,394.45685,1048.1921,0.99556243,0.4075274
468.11432,1072.762,414.00296,1050.0778,0.99869245,0.61510384
487.61908,1072.762,433.10425,1051.6084,0.9984459,0.27892935
507.12384,1072.762,452.6736,1053.2249,0.9978466,0.30779332
526.6286,1072.762,472.21494,1054.8472,0.9958916,0.37916955
546.13336,1072.762,491.78543,1056.7848,0.9954246,0.60523164
565.6381,1072.762,511.35703,1058.0991,0.9901244,0.6514432
585.1429,1072.762,530.4836,1059.5582,0.9822562,0.4554445
604.64764,1072.762,549.08984,1061.6249,0.9414936,0.4842981
624.1524,1072.762,569.15643,1062.6808,0.49570325,0.5956971
643.65717,1072.762,588.8585,1064.6584,0.936682,0.52118534
663.1619,1072.762,607.2312,1066.1912,0.99546176,0.782228
682.6667,1072.762,627.48285,1068.4949,0.997714,0.2369614
702.17145,1072.762,645.99744,1069.2535,0.9987374,1.0805596
721.6762,1072.762,666.7443,1071.6606,0.99939585,0.5994314
741.18097,1072.762,685.34625,1073.2198,0.9996962,0.33378822
760.6857,1072.762,705.35583,1075.0038,0.9991721,0.37431663
780.1905,1072.762,724.9848,1077.1223,0.99912816,0.60324293
799.69525,1072.762,744.0148,1078.4066,0.99909973,0.20422101
819.2,1072.762,763.5206,1080.9143,0.9830718,0.69365114
838.7048,1072.762,782.48425,1082.1633,0.5537362,0.32648572
858.20953,1072.762,802.85205,1083.5068,0.4662914,0.7017135
877.7143,1072.762,821.811,1085.473,0.9688721,0.24471381
897.21906,1072.762,841.3106,1087.0814,0.9976682,0.28463295
916.7238,1072.762,860.38525,1088.92,0.9997264,0.1804888
936.22864,1072.762,879.74725,1091.0881,0.99995863,0.64895105
955.7334,1072.762,899.1035,1092.6074,0.9998224,0.50138277
975.23816,1072.762,918.6697,1093.498,0.99939597,0.36538202
994.7429,1072.762,938.00214,1095.2339,0.99906373,0.36669844
1014.2477,1072.762,957.55914,1097.6018,0.99621844,0.3510719
1033.7524,1072.762,976.9089,1099.0105,0.9737792,0.14358552
1053.2572,1072.762,995.90106,1100.9009,0.847656,0.6215122
1092.2667,1072.762,1035.0779,1104.1782,0.9715869,0.2832924
1111.7715,1072.762,1054.4567,1105.9481,0.9981428,0.3626714
1131.2762,1072.762,1073.7422,1107.1543,0.99915874,0.5421743
1150.781,1072.762,1093.0363,1109.3258,0.99904406,0.612666
1170.2858,1072.762,1112.784,1111.3513,0.9992868,0.5661917
1189.7905,1072.762,1132.1144,1112.3169,0.9999094,0.44048166
1209.2953,1072.762,1152.2034,1113.8619,0.9999002,0.48621213
1228.8,1072.762,1171.467,1116.0186,0.99960303,0.13663988
1248.3048,1072.762,1190.8188,1117.4698,0.9930007,0.18887575
1267.8096,1072.762,1209.6582,1119.3003,0.85792595,0.5520575
1287.3143,1072.762,1229.2188,1121.0938,0.2857802,0.4213172
1306.8191,1072.762,1248.6791,1122.0276,0.766794,0.82423556
1326.3239,1072.762,1268.2404,1124.3472,0.97822255,0.28003144
1345.8286,1072.762,1287.5021,1126.3197,0.998682,0.4587781
1365.3334,1072.762,1307.1255,1127.1525,0.9993452,0.7395769
1384.8381,1072.762,1326.5929,1130.214,0.99986076,0.6893262
1404.3429,1072.762,1345.8069,1131.2542,0.9998039,0.41455108
1423.8477,1072.762,1365.2441,1133.2764,0.9998578,0.52009714
1443.3524,1072.762,1385.0679,1134.8313,0.9990565,0.178337
1462.8572,1072.762,1404.2588,1136.3872,0.99504834,0.25649482
1482.3619,1072.762,1423.9843,1137.6758,0.9823798,0.37986675
1501.8667,1072.762,1443.1843,1140.5437,0.6779133,0.81276006
1521.3715,1072.762,1462.6063,1141.361,0.570823,0.21883208
1540.8762,1072.762,1481.7905,1142.8656,0.9519127,0.52956027
1560.381,1072.762,1502.107,1144.5927,0.99315995,0.51260346
1579.8857,1072.762,1521.436,1146.104,0.99874085,0.5632861
1599.3905,1072.762,1540.5027,1148.1377,0.99989784,0.11795587
1618.8953,1072.762,1559.8534,1149.6719,0.9999616,0.29982162
1638.4,1072.762,1579.6333,1151.3376,0.9999101,0.39969736
1657.9048,1072.762,1598.9067,1153.714,0.9999238,0.3716239
1677.4095,1072.762,1618.5142,1155.29,0.9993918,0.35575262
1696.9143,1072.762,1637.9584,1156.7698,0.99853384,0.27943888
1716.4191,1072.762,1657.2649,1158.257,0.9783158,0.24976392
1735.9238,1072.762,1676.5126,1159.8015,0.6376882,0.35242873
1755.4286,1072.762,1695.9249,1162.0342,0.8330493,0.18717325
1774.9333,1072.762,1715.7241,1164.1305,0.9970885,0.66167796
1794.4381,1072.762,1735.0149,1165.3145,0.99950534,0.19289601
1813.9429,1072.762,1753.791,1166.3556,0.9998975,0.7608847
1833.4476,1072.762,1773.9187,1168.8125,0.99981534,0.27641606
1852.9524,1072.762,1793.1807,1170.0347,0.99970835,0.3229209
1872.4573,1072.762,1812.7668,1171.8596,0.9999174,0.2869042
1891.962,1072.762,1832.3525,1174.5917,0.99992,0.91619235
1911.4668,1072.762,1851.3616,1175.1978,0.9988338,0.26029214
1930.9716,1072.762,1871.3285,1176.745,0.9169012,0.63139826
1950.4763,1072.762,1890.2695,1179.3333,0.6612569,0.48100916
1969.9811,1072.762,1909.579,1180.4786,0.41734356,0.14780638
1989.4858,1072.762,1928.8467,1181.9055,0.7590747,0.4526333
97.52381,1092.2667,43.011692,1037.1063,0.99943113,0.46372908
117.02858,1092.2667,61.933563,1038.6752,0.9978684,0.2547606
136.53334,1092.2667,81.67478,1039.0331,0.9966888,1.1624674
156.0381,1092.2667,101.59773,1042.5513,0.9458127,0.91605407
175.54286,1092.2667,120.48427,1043.375,0.40174124,0.22930564
195.04762,1092.2667,139.76299,1044.8646,0.91167116,0.42742652
214.55238,1092.2667,158.72586,1047.1862,0.99541,0.5684756
234.05716,1092.2667,179.13779,1048.6299,0.9998565,0.45253408
253.56192,1092.2667,198.05408,1050.1589,0.99980235,0.23720358
273.06668,1092.2667,217.61488,1051.9098,0.99962103,0.18864869
292.57144,1092.2667,237.6033,1053.4061,0.99949074,0.72996175
312.0762,1092.2667,256.98138,1055.0027,0.9997407,0.7481135
331.58096,1092.2667,275.9442,1057.7548,0.99982107,0.5771908
351.08572,1092.2667,294.58896,1058.7045,0.9997165,0.7070586
370.59048,1092.2667,314.5269,1060.5295,0.9815006,0.18483171
390.09525,1092.2667,334.14127,1062.6199,0.4717324,0.33335006
409.6,1092.2667,352.88464,1063.4598,0.780336,0.8594148
429.10477,1092.2667,372.9206,1066.2638,0.991312,0.5819522
448.60953,1092.2667,393.515,1067.8696,0.99497855,1.1924747
468.11432,1092.2667,411.69208,1068.966,0.99829435,0.20293593
487.61908,1092.2667,430.369,1070.8431,0.99896437,0.9186864
507.12384,1092.2667,450.6705,1073.0394,0.99916536,0.55500674
526.6286,1092.2667,470.2566,1073.7863,0.9997748,0.41476402
546.13336,1092.2667,489.10452,1076.0414,0.9985598,0.49781743
565.6381,1092.2667,508.46344,1077.5975,0.994263,0.54476553
585.1429,1092.2667,528.4175,1079.6221,0.97800887,0.33660445
604.64764,1092.2667,547.5282,1081.3993,0.9216964,0.5357464
624.1524,1092.2667,566.98,1082.3779,0.3432832,0.4440467
643.65717,1092.2667,586.0284,1084.9315,0.80563205,0.88897413
663.1619,1092.2667,605.4619,1086.6752,0.99167556,0.9141533
682.6667,1092.2667,625.5341,1087.5204,0.9986594,0.27160537
702.17145,1092.2667,644.57465,1089.3829,0.9994928,0.45895103
721.6762,1092.2667,664.082,1091.5033,0.9999291,0.48792142
741.18097,1092.2667,684.50146,1092.4673,0.9999409,0.74673325
760.6857,1092.2667,703.1531,1094.068,0.9996541,0.54199755
780.1905,1092.2667,722.8811,1097.1377,0.99904597,0.863008
799.69525,1092.2667,742.31177,1098.1229,0.9982949,0.19412638
819.2,1092.2667,761.6698,1100.2523,0.9885273,0.5704531
838.7048,1092.2667,781.04144,1101.507,0.79682666,0.12159829
858.20953,1092.2667,800.5998,1102.7438,0.8379165,0.36686814
877.7143,1092.2667,820.09796,1104.3297,0.9875609,0.49814323
897.21906,1092.2667,838.67737,1106.4504,0.99787176,0.6508394
916.7238,1092.2667,858.62415,1107.5452,0.99992955,0.6539433
936.22864,1092.2667,878.4971,1109.8693,0.9999716,0.30906874
955.7334,1092.2667,897.6139,1111.9565,0.99992764,0.37137243
975.23816,1092.2667,916.73376,1112.9547,0.999933,0.45703605
994.7429,1092.2667,936.2794,1115.5123,0.9997829,0.5641029
1014.2477,1092.2667,956.22943,1116.5367,0.999011,0.35165507
1033.7524,1092.2667,975.2202,1118.4292,0.9921146,0.12873264
1053.2572,1092.2667,994.8714,1120.4098,0.8591537,0.33979452
1092.2667,1092.2667,1033.9146,1123.2594,0.8762115,0.36094213
1111.7715,1092.2667,1052.8998,1125.2633,0.99822557,0.18132147
1131.2762,1092.2667,1072.5054,1126.624,0.9982438,0.26099455
1150.781,1092.2667,1092.244,1128.6572,0.9994029,0.32770276
1170.2858,1092.2667,1111.5562,1130.7063,0.99992037,0.46716455
1189.7905,1092.2667,1130.6713,1131.8959,0.9999107,0.14467393
1209.2953,1092.2667,1150.3605,1133.726,0.99982715,0.15022139
1228.8,1092.2667,1170.1536,1135.6862,0.9991445,0.5899072
1248.3048,1092.2667,1189.3801,1136.5228,0.9963147,0.63815486
1267.8096,1092.2667,1208.5583,1138.5625,0.96939224,0.22763246
1287.3143,1092.2667,1228.0602,1140.2048,0.73536944,0.30498287
1306.8191,1092.2667,1247.7571,1141.7136,0.59944946,0.6101989
1326.3239,1092.2667,1267.1835,1144.8291,0.98459345,1.0199354
1345.8286,1092.2667,1286.5785,1145.8162,0.99880147,0.41873384
1365.3334,1092.2667,1305.9163,1147.0687,0.9997871,0.3344914
1384.8381,1092.2667,1325.0088,1148.8135,0.99978673,0.1895092
1404.3429,1092.2667,1344.7244,1150.9949,0.9999157,0.37104696
1423.8477,1092.2667,1363.6104,1152.2383,0.9998263,0.37151164
1443.3524,1092.2667,1383.2736,1154.2773,0.99951106,0.22186387
1462.8572,1092.2667,1403.0404,1155.8187,0.996969,0.22992358
1482.3619,1092.2667,1422.1406,1158.0149,0.9859562,0.54078853
1501.8667,1092.2667,1441.7543,1159.9333,0.8138231,0.75365597
1521.3715,1092.2667,1461.6637,1160.7941,0.5688038,0.5661344
1540.8762,1092.2667,1480.4194,1162.3668,0.9845679,0.2459645
1560.381,1092.2667,1500.2505,1164.0591,0.99788314,0.36278036
1579.8857,1092.2667,1519.7952,1166.0079,0.9991739,0.3996573
1599.3905,1092.2667,1538.8104,1167.9723,0.9997815,0.28903744
1618.8953,1092.2667,1557.699,1169.6233,0.99991167,0.6075969
1638.4,1092.2667,1577.6179,1170.7603,0.99986756,0.33084276
1657.9048,1092.2667,1597.1931,1173.1138,0.9998561,0.3385459
1677.4095,1092.2667,1617.5413,1174.9257,0.9998629,1.0863539
1696.9143,1092.2667,1636.6927,1175.9238,0.99881643,0.7590455
1716.4191,1092.2667,1654.7587,1178.1947,0.9778432,0.7219238
1735.9238,1092.2667,1675.3684,1179.7594,0.71134424,0.55640954
1755.4286,1092.2667,1693.8354,1180.9803,0.95124996,0.5306632
1774.9333,1092.2667,1713.2736,1183.7168,0.99556816,0.849307
1794.4381,1092.2667,1732.9031,1184.2659,0.99799556,0.47611633
1813.9429,1092.2667,1752.1421,1186.2872,0.999672,0.4314579
1833.4476,1092.2667,1771.2167,1187.9852,0.99959576,0.7827577
1852.9524,1092.2667,1790.5304,1189.734,0.9992847,0.89477926
1872.4573,1092.2667,1810.3181,1191.2092,0.9993802,0.6022198
1891.962,1092.2667,1830.19,1193.0688,0.99973243,0.14855842
1911.4668,1092.2667,1849.7115,1195.0358,0.9980833,0.15288511
1930.9716,1092.2667,1868.8447,1196.553,0.96430534,0.30287182
1950.4763,1092.2667,1888.0487,1198.4956,0.63874733,0.56921524
1969.9811,1092.2667,1908.2461,1200.0125,0.5275065,0.24072619
1989.4858,1092.2667,1926.8102,1201.8641,0.826346,0.65325385
97.52381,1111.7715,41.13164,1056.6113,0.9989387,0.4234185
117.02858,1111.7715,59.710564,1057.7109,0.9991307,0.7252625
136.53334,1111.7715,79.87026,1059.7556,0.9915066,0.14195772
156.0381,1111.7715,99.32328,1060.8967,0.90524334,0.42479613
175.54286,1111.7715,118.08651,1063.6964,0.6476595,0.91308665
195.04762,1111.7715,138.02057,1064.1727,0.9615608,0.5553796
214.55238,1111.7715,157.6782,1067.4094,0.9970203,0.9990336
234.05716,1111.7715,176.37378,1068.1252,0.9998094,0.61519086
253.56192,1111.7715,196.2885,1069.5359,0.9998418,0.31057984
273.06668,1111.7715,216.08601,1071.5588,0.999941,0.2396082
292.57144,1111.7715,235.589,1072.8096,0.99996567,0.51134753
312.0762,1111.7715,254.3397,1074.962,0.99995923,0.3740614
331.58096,1111.7715,273.5893,1077.3452,0.99991965,0.9137412
351.08572,1111.7715,293.44287,1078.0497,0.99966496,0.2971823
370.59048,1111.7715,312.8985,1080.1694,0.9954829,0.18447962
390.09525,1111.7715,332.02643,1082.0431,0.74461037,0.52126247
409.6,1111.7715,351.73495,1083.3373,0.4558481,0.15154766
429.10477,1111.7715,371.00378,1084.5302,0.91672903,0.65488493
448.60953,1111.7715,390.4711,1087.1898,0.99167037,0.45096874
468.11432,1111.7715,410.64072,1087.4116,0.9924174,1.2071861
487.61908,1111.7715,429.38522,1090.8348,0.9982605,0.6497103
507.12384,1111.7715,448.98782,1092.1172,0.9995843,0.20236099
526.6286,1111.7715,468.91565,1093.5317,0.9996921,0.47625902
546.13336,1111.7715,487.67096,1095.8615,0.99934596,0.5825561
565.6381,1111.7715,506.97983,1096.937,0.9966117,0.3378464
585.1429,1111.7715,526.15845,1098.034,0.97563106,0.89591813
604.64764,1111.7715,546.00073,1100.2826,0.87188053,0.21532124
624.1524,1111.7715,565.5706,1102.4781,0.35456708,0.3627474
643.65717,1111.7715,585.1268,1103.3372,0.9128643,0.48897395
663.1619,1111.7715,604.30524,1106.2195,0.99144787,0.72002554
682.6667,1111.7715,623.9661,1107.2623,0.999236,0.08768014
702.17145,1111.7715,643.5586,1108.423,0.9992032,0.5472175
721.6762,1111.7715,663.3408,1110.9248,0.9994117,0.6642836
741.18097,1111.7715,682.53754,1112.751,0.9997846,0.5609119
760.6857,1111.7715,701.71655,1114.0225,0.99984026,0.10315435
780.1905,1111.7715,721.58075,1115.8846,0.99898046,0.5624993
799.69525,1111.7715,740.92755,1116.9911,0.9981156,0.6211464
819.2,1111.7715,760.0653,1119.154,0.976661,0.1645943
838.7048,1111.7715,779.521,1120.8402,0.6384288,0.1868724
858.20953,1111.7715,799.07086,1122.3689,0.7085595,0.33828115
877.7143,1111.7715,818.60925,1125.1947,0.9844492,1.0621238
897.21906,1111.7715,837.80023,1125.6874,0.99914515,0.28656265
916.7238,1111.7715,857.29095,1127.8444,0.99989307,0.3264228
936.22864,1111.7715,876.20166,1128.4276,0.99995244,0.93334174
955.7334,1111.7715,896.6036,1131.0961,0.99993706,0.6892664
975.23816,1111.7715,915.72577,1132.1124,0.99983287,0.7109701
994.7429,1111.7715,935.87006,1134.212,0.9997275,1.1088209
1014.2477,1111.7715,954.68365,1135.9841,0.9992551,0.49095267
1033.7524,1111.7715,973.50397,1137.2473,0.99659115,0.58456767
1053.2572,1111.7715,993.57513,1140.0189,0.9291975,0.7119405
1072.762,1111.7715,1011.76746,1141.4933,0.3972911,0.785573
1092.2667,1111.7715,1031.8668,1142.1759,0.9576884,0.742434
1111.7715,1111.7715,1051.7294,1144.7179,0.9896559,0.380178
1131.2762,1111.7715,1071.0852,1145.8029,0.9962731,0.5894391
1150.781,1111.7715,1090.5839,1147.4221,0.9988251,0.69351643
1170.2858,1111.7715,1109.5312,1150.002,0.99976224,0.31231868
1189.7905,1111.7715,1129.1847,1151.0364,0.9999466,0.39165667
1209.2953,1111.7715,1148.6437,1153.4093,0.9998448,0.32054338
1228.8,1111.7715,1168.1262,1155.262,0.9981176,0.48151192
1248.3048,1111.7715,1187.1653,1156.1154,0.99327046,0.452473
1267.8096,1111.7715,1207.2549,1157.9958,0.9716587,0.49799877
1287.3143,1111.7715,1226.4062,1160.1649,0.6207771,0.3010855
1306.8191,1111.7715,1245.5646,1161.6671,0.8508524,0.11655286
1326.3239,1111.7715,1265.0563,1163.4318,0.9819286,0.12451519
1345.8286,1111.7715,1283.6954,1165.1799,0.9945071,0.85063654
1365.3334,1111.7715,1303.8131,1166.2565,0.9990685,0.4814722
1384.8381,1111.7715,1323.2853,1169.2961,0.9996309,0.88766485
1404.3429,1111.7715,1342.3063,1170.1543,0.99905324,0.5167745
1423.8477,1111.7715,1361.752,1170.9326,0.99887615,1.0139956
1443.3524,1111.7715,1381.87,1174.1532,0.9988429,0.6654745
1462.8572,1111.7715,1400.8267,1175.4802,0.9985283,0.39068955
1482.3619,1111.7715,1420.0079,1176.4663,0.97693676,0.6985463
1501.8667,1111.7715,1439.3817,1179.1309,0.6265909,0.78594905
1521.3715,1111.7715,1459.0634,1180.4736,0.6616089,0.3767135
1540.8762,1111.7715,1478.9119,1182.3308,0.9761532,0.3255606
1560.381,1111.7715,1497.7383,1184.2445,0.99690807,0.74785066
1579.8857,1111.7715,1517.2024,1185.2816,0.99829376,0.5114103
1599.3905,1111.7715,1536.474,1186.3561,0.99661505,1.0005121
1618.8953,1111.7715,1556.4191,1189.3396,0.99887246,0.5432897
1638.4,1111.7715,1575.5553,1190.3219,0.9993514,0.47341508
1657.9048,1111.7715,1595.1649,1191.3171,0.99939054,0.9321172
1677.4095,1111.7715,1614.2739,1194.4299,0.99943626,0.77254784
1696.9143,1111.7715,1633.7206,1195.5089,0.994016,0.56875545
1716.4191,1111.7715,1653.1138,1197.3162,0.93351334,0.5963175
1735.9238,1111.7715,1673.1377,1198.994,0.39046317,0.020111987
1755.4286,1111.7715,1692.2301,1200.4087,0.91500455,0.45766497
1774.9333,1111.7715,1711.6693,1202.3818,0.9799205,0.33393255
1794.4381,1111.7715,1731.3291,1204.1256,0.9926941,0.10382681
1813.9429,1111.7715,1751.0045,1205.3501,0.9981315,0.4848009
1833.4476,1111.7715,1770.145,1208.1935,0.99852264,0.6958006
1852.9524,1111.7715,1789.5748,1209.4402,0.9932132,0.27119336
1872.4573,1111.7715,1808.993,1210.675,0.99426717,0.28805608
1891.962,1111.7715,1828.395,1213.4655,0.99794674,0.87287265
1911.4668,1111.7715,1847.291,1214.4755,0.9917512,0.7424949
1930.9716,1111.7715,1867.5549,1216.1263,0.97411245,0.15677868
1950.4763,1111.7715,1887.124,1217.9427,0.7425741,0.33730564
1989.4858,1111.7715,1925.691,1220.1742,0.85644615,0.94025
97.52381,1131.2762,39.044937,1075.37,0.9999658,0.3613088
117.02858,1131.2762,58.41839,1077.7792,0.9998119,0.51782656
136.53334,1131.2762,77.9506,1079.0771,0.99788266,0.18789819
156.0381,1131.2762,97.32491,1080.6892,0.9680137,0.24901569
195.04762,1131.2762,136.32487,1084.4668,0.92733395,0.33484277
214.55238,1131.2762,155.50194,1085.9509,0.9862523,0.3710125
234.05716,1131.2762,175.29138,1087.4106,0.9998032,0.13747232
253.56192,1131.2762,194.79724,1089.4728,0.9997457,0.23779383
273.06668,1131.2762,214.01933,1091.6519,0.9999156,0.7158935
292.57144,1131.2762,233.16815,1092.6519,0.99995756,0.41246358
312.0762,1131.2762,253.0522,1093.7588,0.9999372,0.5905406
331.58096,1131.2762,272.74493,1096.3291,0.99985874,0.4135989
351.08572,1131.2762,292.54852,1097.3876,0.9998226,0.7662552
370.59048,1131.2762,311.5286,1099.4768,0.9971323,0.2276912
390.09525,1131.2762,330.94183,1101.1467,0.5203385,0.20855941
409.6,1131.2762,350.55637,1102.73,0.3441184,0.4098063
429.10477,1131.2762,370.0228,1104.9701,0.9168701,0.60170716
448.60953,1131.2762,389.70096,1105.956,0.9888925,0.73622423
468.11432,1131.2762,408.26865,1108.933,0.99743646,1.0030271
487.61908,1131.2762,428.18,1109.892,0.9995648,0.38236812
507.12384,1131.2762,447.557,1111.736,0.9997692,0.45693126
526.6286,1131.2762,466.72507,1112.8824,0.99972975,0.16638239
546.13336,1131.2762,486.74905,1114.1108,0.99981606,0.8553424
565.6381,1131.2762,506.01428,1116.6132,0.9987952,0.43867505
585.1429,1131.2762,524.4139,1117.8678,0.9861373,0.68450516
604.64764,1131.2762,545.13007,1119.0515,0.7962936,1.0342525
624.1524,1131.2762,564.48206,1122.0656,0.33076447,0.7795806
643.65717,1131.2762,583.4292,1124.1045,0.95602006,0.86309725
663.1619,1131.2762,602.8019,1125.333,0.995528,0.38815296
682.6667,1131.2762,623.0764,1126.2924,0.9981872,0.9533549
702.17145,1131.2762,641.79913,1127.9028,0.99878985,0.47811133
721.6762,1131.2762,661.2712,1130.7643,0.9995787,0.74998087
741.18097,1131.2762,681.1711,1131.3674,0.99973154,0.7856641
760.6857,1131.2762,699.6894,1133.7651,0.99950725,0.38940683
780.1905,1131.2762,719.5776,1135.2919,0.9990507,0.27489892
799.69525,1131.2762,738.03326,1136.5574,0.9942699,0.7958414
819.2,1131.2762,757.8683,1138.7687,0.91589403,0.40350398
838.7048,1131.2762,777.4138,1140.4917,0.78089166,0.33065483
858.20953,1131.2762,797.7131,1141.4995,0.48093113,0.7862346
877.7143,1131.2762,816.57184,1144.2418,0.9817845,0.6000441
897.21906,1131.2762,836.07166,1144.9833,0.9983466,0.39077276
916.7238,1131.2762,856.2082,1146.3407,0.9998524,1.1049768
936.22864,1131.2762,874.53217,1147.7242,0.99984825,1.0537512
955.7334,1131.2762,894.32526,1150.4663,0.999841,0.108071595
975.23816,1131.2762,913.2068,1152.4884,0.99969095,0.5596037
994.7429,1131.2762,932.7716,1153.6953,0.9995847,0.34344852
1014.2477,1131.2762,952.7608,1155.5266,0.99940217,0.2508835
1033.7524,1131.2762,971.99097,1157.3027,0.99242836,0.07538296
1053.2572,1131.2762,990.38885,1159.7935,0.83822244,1.2977749
1072.762,1131.2762,1010.06055,1160.9213,0.48676258,0.7911896
1092.2667,1131.2762,1029.7177,1162.466,0.92431027,0.5289278
1111.7715,1131.2762,1049.2838,1164.5757,0.9878488,0.65169406
1131.2762,1131.2762,1068.3756,1165.5154,0.9979181,0.7544475
1150.781,1131.2762,1088.3357,1166.9608,0.9991784,0.520454
1170.2858,1131.2762,1107.1897,1169.9965,0.99966854,1.1443391
1189.7905,1131.2762,1127.5507,1170.7046,0.9997502,0.21714246
1209.2953,1131.2762,1146.5359,1172.4442,0.9994127,0.29806602
1228.8,1131.2762,1165.5343,1174.2085,0.9943533,0.71336824
1248.3048,1131.2762,1185.097,1175.8109,0.9841383,0.59561825
1267.8096,1131.2762,1204.5819,1177.5588,0.98546225,0.53297305
1287.3143,1131.2762,1224.2544,1179.8464,0.6314086,0.5758445
1306.8191,1131.2762,1243.6237,1180.473,0.7779107,0.6684317
1326.3239,1131.2762,1263.1538,1183.1259,0.9678598,0.45287648
1345.8286,1131.2762,1283.0908,1184.7593,0.98585415,0.40819612
1365.3334,1131.2762,1302.3544,1185.7498,0.9961298,0.40649527
1384.8381,1131.2762,1321.4957,1188.2561,0.9918017,0.45483643
1404.3429,1131.2762,1341.3444,1189.7533,0.9931591,0.3047908
1423.8477,1131.2762,1360.5273,1190.5668,0.9969522,0.6789192
1443.3524,1131.2762,1380.1311,1193.1052,0.9943049,0.2182765
1462.8572,1131.2762,1399.5712,1194.46,0.98546475,0.24339868
1482.3619,1131.2762,1418.937,1195.6427,0.9155258,0.70855707
1501.8667,1131.2762,1438.2837,1198.4932,0.43868706,0.44821867
1521.3715,1131.2762,1457.5093,1200.0482,0.39783823,0.3608135
1540.8762,1131.2762,1477.3978,1201.0707,0.7495513,0.45718807
1560.381,1131.2762,1496.8004,1203.7994,0.9883588,0.6953201
1579.8857,1131.2762,1516.2639,1204.6367,0.99582016,0.33899277
1599.3905,1131.2762,1536.0433,1206.542,0.9929159,0.61646146
1618.8953,1131.2762,1555.3348,1209.0146,0.99831754,0.90590787
1638.4,1131.2762,1574.6356,1209.8705,0.99686104,0.3554902
1657.9048,1131.2762,1593.6229,1211.7758,0.99692726,0.16224633
1677.4095,1131.2762,1613.3768,1213.8994,0.99444354,0.59974897
1696.9143,1131.2762,1632.7717,1214.4904,0.94971085,0.5865612
1716.4191,1131.2762,1652.4913,1216.202,0.8562214,0.725148
1755.4286,1131.2762,1691.3325,1219.6963,0.9290478,0.6431273
1774.9333,1131.2762,1710.2069,1222.0488,0.9890289,0.22539595
1794.4381,1131.2762,1729.7693,1223.7958,0.9858036,0.25417048
1813.9429,1131.2762,1749.699,1225.3384,0.9509236,0.544331
1833.4476,1131.2762,1768.8502,1227.4426,0.9281883,0.56069624
1852.9524,1131.2762,1788.5365,1228.8522,0.9254679,0.5531714
1872.4573,1131.2762,1807.4731,1230.1162,0.95819175,0.22865933
1891.962,1131.2762,1827.2694,1232.7026,0.9920371,0.7624845
1911.4668,1131.2762,1846.2367,1233.056,0.96389246,0.6925068
1930.9716,1131.2762,1866.0634,1235.0739,0.9545563,0.48740503
1950.4763,1131.2762,1885.0844,1237.835,0.6879309,0.69719106
1969.9811,1131.2762,1904.3489,1238.9323,0.48043373,0.27311757
1989.4858,1131.2762,1923.5762,1239.9694,0.71962935,0.7369849
97.52381,1150.781,37.564877,1095.6143,0.99996364,0.5353785
117.02858,1150.781,57.523624,1096.9916,0.9999292,0.55980194
136.53334,1150.781,76.159515,1098.197,0.99550176,0.3950555
156.0381,1150.781,96.56891,1100.7515,0.9251076,0.9059634
175.54286,1150.781,115.40996,1101.5829,0.41855323,0.31658036
195.04762,1150.781,135.46117,1103.1908,0.90200067,0.82953244
214.55238,1150.781,153.85664,1105.5778,0.99726194,0.42490944
234.05716,1150.781,174.12843,1107.1752,0.9986678,0.5741012
253.56192,1150.781,193.16988,1107.9471,0.9997672,0.7467306
273.06668,1150.781,212.42609,1110.7136,0.9998827,0.33594263
292.57144,1150.781,231.62047,1111.4459,0.9999511,0.68398476
312.0762,1150.781,251.74323,1113.6597,0.9999207,0.44806656
331.58096,1150.781,271.04047,1115.5305,0.9999337,0.3032498
351.08572,1150.781,289.86417,1117.072,0.9995498,0.32593498
370.59048,1150.781,309.96478,1118.2473,0.99500537,0.72743326
390.09525,1150.781,328.96042,1120.488,0.82119834,0.115987904
409.6,1150.781,347.76764,1122.3219,0.39237493,0.6975982
429.10477,1150.781,368.10284,1124.3033,0.87073684,0.38626048
448.60953,1150.781,387.1025,1126.1982,0.9972885,0.5657102
468.11432,1150.781,406.9379,1127.0619,0.9994996,0.36499098
487.61908,1150.781,425.772,1129.0621,0.9997136,0.41436648
507.12384,1150.781,446.385,1131.2816,0.9992485,0.9187586
526.6286,1150.781,465.02115,1132.4957,0.99945825,0.03152275
546.13336,1150.781,483.61197,1134.5741,0.99958336,0.9520935
565.6381,1150.781,504.07907,1135.9778,0.9975733,0.19794074
585.1429,1150.781,522.8785,1137.7588,0.96671486,0.49464437
604.64764,1150.781,542.7235,1139.4923,0.8216307,0.21944033
624.1524,1150.781,561.9616,1141.444,0.7104288,0.5236618
643.65717,1150.781,581.6489,1142.734,0.9805263,0.059351314
663.1619,1150.781,600.6832,1144.2705,0.99070793,0.39262372
682.6667,1150.781,620.88007,1146.3447,0.98007905,0.4715646
702.17145,1150.781,639.7121,1146.7574,0.9949246,1.0414046
721.6762,1150.781,658.6838,1150.2617,0.9988061,1.030754
741.18097,1150.781,678.26733,1151.1498,0.9994128,0.51654536
760.6857,1150.781,697.75757,1152.4066,0.99926025,0.65544105
780.1905,1150.781,717.31024,1155.1659,0.9970352,0.67674357
799.69525,1150.781,736.6197,1156.0155,0.99388343,0.5249164
819.2,1150.781,756.2637,1157.1716,0.92560816,0.84098595
838.7048,1150.781,775.23224,1159.6495,0.5172026,0.7040929
858.20953,1150.781,794.84656,1161.5747,0.8970826,0.55607986
877.7143,1150.781,814.3875,1162.2303,0.9711313,0.940449
897.21906,1150.781,834.24536,1165.0168,0.99318916,0.24053843
916.7238,1150.781,853.3805,1166.6293,0.99801433,0.31653735
936.22864,1150.781,872.75586,1167.3922,0.9979821,0.852288
955.7334,1150.781,892.4522,1169.9852,0.9975151,0.12737778
975.23816,1150.781,911.97845,1171.1086,0.99803954,0.46902522
994.7429,1150.781,931.3523,1173.5668,0.9984052,0.29137722
1014.2477,1150.781,950.53595,1175.0656,0.9963183,0.2887933
1033.7524,1150.781,970.34216,1176.3544,0.9946328,0.33768943
1053.2572,1150.781,989.9499,1179.1909,0.83010983,0.8605007
1072.762,1150.781,1009.1734,1180.3915,0.3648346,0.32285517
1092.2667,1150.781,1028.0007,1181.7695,0.94810635,0.53215
1111.7715,1150.781,1048.731,1183.5839,0.99307704,0.77505845
1131.2762,1150.781,1067.5044,1184.9465,0.9932612,0.2549752
1150.781,1150.781,1086.8817,1186.4269,0.99599695,0.45307902
1170.2858,1150.781,1106.5894,1189.3702,0.99741256,0.8614278
1189.7905,1150.781,1126.1793,1189.756,0.9945512,0.71728235
1209.2953,1150.781,1145.0728,1191.9176,0.99090683,0.073048346
1228.8,1150.781,1164.1831,1193.7394,0.9703708,0.36908317
1248.3048,1150.781,1184.2964,1195.0892,0.9747748,0.4291635
1267.8096,1150.781,1203.9661,1197.6528,0.97747487,0.80259264
1287.3143,1150.781,1223.1187,1199.0684,0.9129011,0.4049139
1306.8191,1150.781,1242.4834,1200.64,0.44365245,0.26995754
1326.3239,1150.781,1262.0845,1202.4032,0.9221052,0.4470347
1345.8286,1150.781,1281.6398,1204.3784,0.979853,0.7157572
1365.3334,1150.781,1300.673,1205.3835,0.9632269,0.22282487
1384.8381,1150.781,1319.9335,1207.4563,0.7599559,0.18939665
1404.3429,1150.781,1339.2786,1209.3309,0.8783897,0.38283914
1423.8477,1150.781,1359.5233,1210.3553,0.97883034,0.7437141
1443.3524,1150.781,1378.6022,1212.6996,0.96726817,0.45489988
1462.8572,1150.781,1397.3303,1214.0637,0.9264726,0.38312137
1482.3619,1150.781,1417.3197,1215.223,0.8953818,0.57993305
1501.8667,1150.781,1436.2927,1217.5815,0.36851424,0.30088964
1540.8762,1150.781,1475.2706,1221.3324,0.4089685,0.48567802
1560.381,1150.781,1494.8195,1223.1345,0.82758576,0.5610031
1579.8857,1150.781,1514.7139,1224.4036,0.94045717,0.43671325
1599.3905,1150.781,1533.7058,1225.4128,0.9400842,0.56289625
1618.8953,1150.781,1552.5835,1228.5659,0.9703721,1.0595564
1638.4,1150.781,1572.1198,1228.8435,0.98084605,0.7085299
1657.9048,1150.781,1592.2896,1231.9991,0.96486986,0.9628722
1677.4095,1150.781,1611.196,1233.0533,0.8928612,0.37607107
1696.9143,1150.781,1630.6241,1234.1288,0.9453742,0.43036005
1716.4191,1150.781,1650.9819,1235.7449,0.8291798,0.79768616
1735.9238,1150.781,1669.7899,1237.6409,0.24875966,0.23924327
1755.4286,1150.781,1688.6322,1239.3003,0.8192642,0.60500044
1774.9333,1150.781,1708.5935,1241.1344,0.84388554,0.14074792
1794.4381,1150.781,1727.6315,1243.3363,0.7798942,0.5397686
1813.9429,1150.781,1747.3568,1244.1298,0.78272986,0.5552708
1833.4476,1150.781,1766.8103,1247.2194,0.7687714,0.8486856
1852.9524,1150.781,1786.3055,1248.3365,0.6774475,0.2624888
1872.4573,1150.781,1805.2909,1248.9692,0.635405,0.92938733
1891.962,1150.781,1824.7865,1250.8947,0.9020845,0.7037727
1911.4668,1150.781,1844.1166,1252.5679,0.82108694,0.78563243
1930.9716,1150.781,1863.321,1254.2458,0.5940984,0.9597706
1950.4763,1150.781,1883.2372,1258.1675,0.38481596,1.610939
1969.9811,1150.781,1902.7628,1258.3135,0.24544634,0.14971694
1989.4858,1150.781,1921.9255,1259.1881,0.5017107,0.8878244
97.52381,1170.2858,36.71203,1114.1045,0.99985504,0.9296198
117.02858,1170.2858,54.32572,1116.2378,0.9993705,0.98051924
136.53334,1170.2858,74.62258,1117.2468,0.9981186,0.67229784
156.0381,1170.2858,93.41312,1120.0231,0.945848,0.8598594
175.54286,1170.2858,113.65371,1121.0415,0.33468288,0.27366585
195.04762,1170.2858,132.68222,1123.1385,0.9465072,0.36913985
214.55238,1170.2858,152.27072,1124.6804,0.99636906,0.19000189
234.05716,1170.2858,171.57,1126.5859,0.99699175,0.3647512
253.56192,1170.2858,191.30806,1127.8964,0.9987599,0.21308187
273.06668,1170.2858,210.65283,1130.7717,0.9998596,0.9675534
292.57144,1170.2858,230.34607,1131.3342,0.99981856,0.24063559
312.0762,1170.2858,249.65286,1133.0044,0.9998317,0.20878153
331.58096,1170.2858,269.25836,1135.1965,0.9996912,0.36002877
351.08572,1170.2858,288.6814,1135.9459,0.99936616,0.6951502
370.59048,1170.2858,307.9393,1138.4825,0.9920776,0.17748667
390.09525,1170.2858,327.65433,1139.6495,0.7482742,0.4817403
429.10477,1170.2858,366.21228,1143.7931,0.8609795,0.38481236
448.60953,1170.2858,385.26337,1145.844,0.98570323,0.8194636
468.11432,1170.2858,405.35544,1146.1227,0.9911275,0.74859613
487.61908,1170.2858,424.46057,1148.803,0.9910858,0.2955395
507.12384,1170.2858,443.66302,1150.6888,0.99878997,0.543196
526.6286,1170.2858,463.0719,1151.5405,0.99750465,0.45951566
546.13336,1170.2858,482.1511,1153.0881,0.9991221,0.81447035
565.6381,1170.2858,502.27914,1155.7484,0.9949345,0.44573227
585.1429,1170.2858,521.74,1156.5745,0.9450015,0.44547015
604.64764,1170.2858,541.0464,1159.3135,0.772963,0.60566187
643.65717,1170.2858,579.7545,1161.957,0.9347259,0.23195179
663.1619,1170.2858,599.6119,1164.297,0.97930413,0.5494934
682.6667,1170.2858,619.09674,1165.3304,0.9624863,0.35309827
702.17145,1170.2858,638.0223,1166.9668,0.98014444,0.31323215
721.6762,1170.2858,657.53107,1169.9589,0.99702406,1.0579131
741.18097,1170.2858,677.6414,1170.2625,0.99251586,0.65647537
760.6857,1170.2858,696.3713,1173.0533,0.9912743,0.75897247
780.1905,1170.2858,716.3186,1174.0764,0.9591375,0.38062325
799.69525,1170.2858,735.38104,1175.5073,0.97331125,0.20053801
819.2,1170.2858,755.2206,1177.1345,0.86223906,0.49708626
838.7048,1170.2858,775.1048,1180.299,0.330517,1.4745321
858.20953,1170.2858,793.66583,1180.6667,0.9109634,0.14087021
877.7143,1170.2858,813.2992,1182.5587,0.9578272,0.20863706
897.21906,1170.2858,831.98834,1184.5256,0.9769823,0.62598044
916.7238,1170.2858,852.83167,1186.162,0.9823813,0.9099756
936.22864,1170.2858,871.31445,1187.4196,0.96606237,0.20197296
955.7334,1170.2858,891.7564,1189.7474,0.95355344,1.0354248
975.23816,1170.2858,910.40466,1190.1299,0.95671076,0.89102113
994.7429,1170.2858,929.9401,1192.5332,0.96370417,0.3127983
1014.2477,1170.2858,949.79675,1194.3379,0.9369726,0.68946934
1033.7524,1170.2858,968.00354,1195.8497,0.9415107,0.5962271
1053.2572,1170.2858,988.8249,1198.0645,0.7611966,0.8909946
1072.762,1170.2858,1007.26227,1199.7661,0.23748748,0.2945106
1092.2667,1170.2858,1027.2883,1201.0746,0.93129885,0.47431168
1111.7715,1170.2858,1045.901,1203.2559,0.96597505,0.5030589
1131.2762,1170.2858,1065.5896,1204.4093,0.88956225,0.22355527
1150.781,1170.2858,1085.0907,1205.9474,0.95025975,0.36109522
1170.2858,1170.2858,1104.6847,1208.7343,0.9582891,0.7388572
1189.7905,1170.2858,1124.9144,1209.6216,0.97225356,0.93261135
1209.2953,1170.2858,1143.7694,1211.6627,0.91784537,0.43616626
1228.8,1170.2858,1163.3713,1213.6179,0.9199403,0.732458
1248.3048,1170.2858,1182.7802,1214.467,0.8737232,0.6067482
1267.8096,1170.2858,1201.5621,1216.0841,0.85039085,0.44692
1287.3143,1170.2858,1220.7032,1219.2238,0.32685405,1.1063915
1306.8191,1170.2858,1240.8372,1219.679,0.33550355,0.3517088
1326.3239,1170.2858,1260.2472,1221.2163,0.7139045,0.46211725
1345.8286,1170.2858,1279.3732,1223.5396,0.5209072,0.23999333
1365.3334,1170.2858,1298.1805,1224.7572,0.5695096,0.7242558
1384.8381,1170.2858,1317.7838,1226.715,0.8222908,0.50739616
1404.3429,1170.2858,1337.4358,1228.3481,0.83406115,0.2917581
1423.8477,1170.2858,1356.537,1229.6138,0.8368152,0.78811324
1443.3524,1170.2858,1376.7323,1231.4904,0.8214719,0.3495214
1462.8572,1170.2858,1395.4238,1233.8639,0.7515554,0.6894989
1482.3619,1170.2858,1415.3533,1235.6034,0.81731325,0.40741286
1501.8667,1170.2858,1434.6708,1237.7246,0.58970594,0.84342766
1560.381,1170.2858,1492.7666,1242.988,0.47574723,1.0601261
1579.8857,1170.2858,1512.4482,1243.473,0.5304651,0.2760587
1599.3905,1170.2858,1532.4618,1244.2217,0.8525033,1.2615082
1618.8953,1170.2858,1551.4958,1246.9076,0.66306025,0.20191374
1638.4,1170.2858,1570.7916,1248.3822,0.73379743,0.43442285
1657.9048,1170.2858,1590.1537,1250.3484,0.718333,0.22793904
1677.4095,1170.2858,1609.8584,1252.525,0.7722022,0.337508
1696.9143,1170.2858,1629.3036,1253.8756,0.524554,0.12748846
1716.4191,1170.2858,1648.7288,1255.5953,0.5932766,0.11897297
1774.9333,1170.2858,1706.0883,1260.8855,0.42194542,0.8332839
1794.4381,1170.2858,1725.895,1262.6793,0.3998272,0.5160763
1813.9429,1170.2858,1745.417,1263.6298,0.46635705,0.5880999
1833.4476,1170.2858,1764.2936,1266.2626,0.49849483,1.0094181
1852.9524,1170.2858,1784.1449,1267.6504,0.3909228,0.5006274
1872.4573,1170.2858,1803.5812,1268.786,0.46986678,0.63240194
1891.962,1170.2858,1822.9342,1271.2699,0.2716282,0.6608091
1911.4668,1170.2858,1843.4003,1272.7244,0.39331046,0.49895993
1950.4763,1170.2858,1881.7156,1276.2194,0.4876344,0.22294264
1989.4858,1170.2858,1921.5898,1279.2068,0.3049083,0.9723031
97.52381,1189.7905,34.03431,1133.9363,0.99940765,0.14106487
117.02858,1189.7905,53.683144,1135.7366,0.99826264,0.123669334
136.53334,1189.7905,73.19803,1137.0383,0.9920147,0.3422032
156.0381,1189.7905,92.95588,1138.9894,0.9672859,0.49152705
175.54286,1189.7905,112.15023,1140.5955,0.3278218,0.29107925
195.04762,1189.7905,131.46799,1142.476,0.84599257,0.14454271
214.55238,1189.7905,150.6312,1144.7634,0.9778119,0.63653284
234.05716,1189.7905,170.19942,1145.9685,0.9840121,0.12919539
253.56192,1189.7905,189.36913,1147.614,0.99309844,0.26133096
273.06668,1189.7905,209.46167,1149.8479,0.9958432,0.7343749
292.57144,1189.7905,228.55203,1151.0176,0.9982028,0.10567208
312.0762,1189.7905,247.73315,1152.9581,0.99670655,0.36501902
331.58096,1189.7905,267.7855,1154.788,0.9958184,0.63085514
351.08572,1189.7905,287.18604,1155.7838,0.9962617,0.48627
370.59048,1189.7905,306.41763,1157.1992,0.98773533,0.581274
390.09525,1189.7905,325.81534,1159.552,0.88965935,0.21398108
409.6,1189.7905,345.27713,1160.2125,0.28873685,0.9509571
429.10477,1189.7905,364.87134,1163.7045,0.9535117,0.9437331
448.60953,1189.7905,383.99048,1164.5844,0.9656935,0.079504795
468.11432,1189.7905,403.43347,1166.6084,0.8294661,0.37737992
487.61908,1189.7905,422.1696,1167.3926,0.93369424,0.823917
507.12384,1189.7905,442.43555,1169.816,0.9661409,0.28146282
526.6286,1189.7905,461.78098,1171.1888,0.98318523,0.20106505
546.13336,1189.7905,480.71405,1173.6079,0.98139495,0.67530185
565.6381,1189.7905,500.4352,1175.0066,0.9473402,0.27750665
585.1429,1189.7905,519.72235,1175.4641,0.92735744,0.9984971
604.64764,1189.7905,539.2364,1178.037,0.6192671,0.16753705
624.1524,1189.7905,559.06683,1179.5277,0.46216807,0.4098164
643.65717,1189.7905,578.28577,1181.5347,0.8996846,0.05538351
663.1619,1189.7905,597.4817,1183.8301,0.92173606,0.6180358
682.6667,1189.7905,616.70807,1185.0168,0.88679117,0.39144516
702.17145,1189.7905,636.40875,1186.0448,0.9468055,0.6044827
721.6762,1189.7905,656.03577,1188.3076,0.96757126,0.088624164
741.18097,1189.7905,675.09406,1189.9326,0.8716889,0.30794278
760.6857,1189.7905,695.1734,1192.296,0.87862134,0.6635231
780.1905,1189.7905,714.351,1192.8953,0.87492365,0.5534829
799.69525,1189.7905,733.6671,1195.0099,0.837816,0.12864804
819.2,1189.7905,753.128,1196.6361,0.71607655,0.20341274
858.20953,1189.7905,792.3974,1199.8951,0.8488807,0.5508135
877.7143,1189.7905,811.1864,1201.9657,0.9099745,0.21237081
897.21906,1189.7905,831.0183,1203.7489,0.84937,0.22065482
916.7238,1189.7905,850.4345,1204.7106,0.87442124,0.65178084
936.22864,1189.7905,869.83813,1206.5519,0.81203395,0.50854737
955.7334,1189.7905,889.14825,1209.18,0.7048488,0.44309217
975.23816,1189.7905,908.68524,1210.2424,0.67880285,0.23781167
994.7429,1189.7905,927.1544,1212.5715,0.71815974,0.93282646
1014.2477,1189.7905,947.685,1214.2773,0.57141674,0.51806897
1033.7524,1189.7905,966.6921,1215.3436,0.47455606,0.24486674
1092.2667,1189.7905,1025.166,1220.3702,0.7719945,0.269373
1111.7715,1189.7905,1044.9443,1222.2292,0.6116706,0.39595157
1131.2762,1189.7905,1063.8171,1224.0762,0.57523894,0.18106323
1150.781,1189.7905,1083.296,1224.693,0.65268624,1.0523137
1170.2858,1189.7905,1103.1952,1227.595,0.544561,0.37471622
1189.7905,1189.7905,1122.3162,1229.1715,0.6325655,0.04573012
1209.2953,1189.7905,1141.7941,1230.199,0.48924452,0.6431457
1228.8,1189.7905,1161.2559,1233.0056,0.6613067,0.48081034
1248.3048,1189.7905,1180.5797,1233.9895,0.7572392,0.24781358
1267.8096,1189.7905,1200.8375,1235.7555,0.6902158,0.8493877
1306.8191,1189.7905,1239.0979,1239.6761,0.32485032,0.4090923
1326.3239,1189.7905,1259.0413,1241.983,0.5020519,1.2020348
1365.3334,1189.7905,1296.7074,1243.9347,0.38798296,0.67657787
1384.8381,1189.7905,1315.7056,1246.1052,0.30280375,0.8860667
1404.3429,1189.7905,1335.715,1247.765,0.59307534,0.315076
1423.8477,1189.7905,1355.1512,1249.217,0.2242593,0.43912452
1443.3524,1189.7905,1374.2654,1250.7091,0.57571507,0.81221896
1482.3619,1189.7905,1413.1262,1254.2021,0.27444062,0.75523156
1501.8667,1189.7905,1434.1619,1257.0747,0.324981,1.2328631
1521.3715,1189.7905,1454.1337,1257.4496,0.27517116,1.6375268
1540.8762,1189.7905,1471.9551,1258.8063,0.34193555,0.9337589
1560.381,1189.7905,1491.0845,1261.8842,0.64859366,0.58804786
1579.8857,1189.7905,1510.7166,1263.2052,0.79978985,0.19260997
1599.3905,1189.7905,1530.4121,1265.6182,0.52845305,0.786368
1618.8953,1189.7905,1549.7572,1266.9446,0.4471484,0.4082033
1657.9048,1189.7905,1588.612,1270.1022,0.46246612,0.16602446
1677.4095,1189.7905,1608.651,1272.4741,0.4521223,1.0316874
1696.9143,1189.7905,1627.668,1273.0406,0.38945028,0.35038656
1735.9238,1189.7905,1666.7682,1276.2212,0.38675055,0.66914713
1755.4286,1189.7905,1685.7538,1278.5231,0.30567607,0.08876938
1774.9333,1189.7905,1705.1095,1280.3658,0.6484798,0.24773772
1794.4381,1189.7905,1725.0452,1281.1726,0.79276377,0.7813099
1813.9429,1189.7905,1744.3131,1283.2169,0.73669124,0.40534273
1833.4476,1189.7905,1763.1078,1285.315,0.8685406,0.39364952
1852.9524,1189.7905,1782.5255,1286.9556,0.93351686,0.39904988
1872.4573,1189.7905,1802.0796,1288.3981,0.90047944,0.36358362
1891.962,1189.7905,1821.2673,1290.2642,0.95320827,0.5227398
1911.4668,1189.7905,1841.6099,1292.3457,0.90487295,0.5014042
1930.9716,1189.7905,1860.8079,1293.1891,0.66963995,0.56990635
1950.4763,1189.7905,1880.8867,1296.2225,0.78368115,1.1292247
1969.9811,1189.7905,1899.7952,1296.6426,0.38348773,0.570809
1989.4858,1189.7905,1918.1453,1297.8973,0.60786253,1.2281952
97.52381,1209.2953,32.75311,1153.3949,0.9819806,0.27879697
117.02858,1209.2953,52.24675,1155.637,0.9782661,0.6610444
136.53334,1209.2953,72.60211,1156.2147,0.9878931,1.3823035
156.0381,1209.2953,90.87129,1158.7961,0.95312464,0.34197283
175.54286,1209.2953,110.95408,1160.832,0.33765638,1.005028
195.04762,1209.2953,130.51555,1161.3577,0.6476381,1.0249162
214.55238,1209.2953,148.65999,1163.5667,0.8688391,0.3986527
234.05716,1209.2953,168.0852,1165.3938,0.9425193,0.4224282
253.56192,1209.2953,187.34221,1166.4185,0.91930956,0.79871285
273.06668,1209.2953,206.76083,1168.5432,0.9860181,0.6029336
292.57144,1209.2953,226.5975,1170.5775,0.96212125,0.27678224
312.0762,1209.2953,246.42929,1171.8306,0.96654093,0.32383057
331.58096,1209.2953,265.95526,1174.143,0.96491367,0.4871171
351.08572,1209.2953,285.22266,1175.2959,0.95484555,0.22994047
370.59048,1209.2953,305.1497,1177.877,0.9243996,0.95820194
390.09525,1209.2953,324.19354,1178.3987,0.6400904,0.538199
429.10477,1209.2953,363.13907,1182.6239,0.6389066,0.4940591
448.60953,1209.2953,382.11984,1184.7303,0.6621556,0.7678682
468.11432,1209.2953,401.6256,1186.1083,0.58330566,0.43962753
487.61908,1209.2953,421.02307,1187.7706,0.45125744,0.40594158
507.12384,1209.2953,441.08514,1189.4539,0.6851906,0.68610215
526.6286,1209.2953,459.51678,1190.862,0.68377924,0.44034284
546.13336,1209.2953,478.984,1192.2675,0.64292306,0.44262424
565.6381,1209.2953,498.48648,1194.3179,0.54528826,0.35447556
585.1429,1209.2953,518.09033,1195.2678,0.64254755,0.6196495
604.64764,1209.2953,537.70056,1197.0767,0.62431943,0.4936543
624.1524,1209.2953,556.35925,1199.8464,0.3384362,0.93907446
643.65717,1209.2953,576.23663,1200.782,0.7442676,0.34852347
663.1619,1209.2953,596.05707,1202.9805,0.5778521,0.32573098
682.6667,1209.2953,615.5988,1204.408,0.579005,0.21075901
702.17145,1209.2953,635.5994,1206.161,0.6905897,0.78263825
721.6762,1209.2953,654.02814,1206.9474,0.5601156,0.85180205
741.18097,1209.2953,673.5587,1209.3055,0.65678453,0.2055115
760.6857,1209.2953,693.1619,1210.969,0.44843242,0.20565425
780.1905,1209.2953,712.87006,1213.0621,0.57428277,0.3787482
799.69525,1209.2953,732.8446,1215.1754,0.39150837,1.060373
819.2,1209.2953,751.3165,1216.0686,0.7078504,0.2190332
838.7048,1209.2953,771.33673,1218.3116,0.30283698,0.6069361
858.20953,1209.2953,790.49066,1219.5414,0.23438059,0.25781357
877.7143,1209.2953,810.0124,1221.0715,0.47360948,0.43328646
897.21906,1209.2953,829.89056,1223.6732,0.27994737,0.9735133
936.22864,1209.2953,867.17444,1226.9044,0.38677227,0.92361027
955.7334,1209.2953,886.94855,1228.342,0.31247646,0.50169
975.23816,1209.2953,906.08496,1229.3243,0.41441348,0.9386035
1014.2477,1209.2953,945.5279,1233.1763,0.5561152,0.2048279
1033.7524,1209.2953,965.2086,1234.4319,0.6957718,0.5405701
1053.2572,1209.2953,984.666,1237.6681,0.5397504,1.0042919
1072.762,1209.2953,1003.9548,1238.435,0.308366,0.08217654
1111.7715,1209.2953,1042.9933,1241.707,0.42912337,0.14339854
1131.2762,1209.2953,1063.5103,1243.5778,0.4380525,1.2211276
1150.781,1209.2953,1082.8206,1244.5712,0.34265527,1.2479073
1189.7905,1209.2953,1120.6605,1248.5743,0.41898727,0.07510827
1209.2953,1209.2953,1140.1913,1249.5886,0.5380441,0.7013636
1228.8,1209.2953,1159.57,1252.5492,0.55169916,0.5943238
1248.3048,1209.2953,1179.1486,1253.3556,0.68088967,0.4134399
1267.8096,1209.2953,1198.5493,1255.3964,0.57817346,0.24315318
1287.3143,1209.2953,1219.2983,1257.472,0.27552587,1.6113894
1326.3239,1209.2953,1257.3304,1260.3973,0.52992284,0.7341978
1345.8286,1209.2953,1276.4381,1262.2301,0.8818706,0.41285792
1365.3334,1209.2953,1295.804,1263.5955,0.9180615,0.43794718
1384.8381,1209.2953,1314.9923,1265.013,0.8469215,0.56372285
1404.3429,1209.2953,1334.7317,1267.4086,0.8923735,0.4335215
1423.8477,1209.2953,1354.0898,1268.5944,0.92611414,0.50315917
1443.3524,1209.2953,1373.1832,1270.2587,0.81868505,0.40869159
1462.8572,1209.2953,1392.2526,1272.6798,0.89569616,0.4772563
1482.3619,1209.2953,1411.6417,1273.9703,0.69117874,0.41373482
1501.8667,1209.2953,1430.4037,1275.7283,0.8340666,1.0713866
1540.8762,1209.2953,1470.2986,1279.3516,0.6103275,0.18809626
1560.381,1209.2953,1489.4795,1281.5841,0.9561495,0.7721137
1579.8857,1209.2953,1509.9966,1282.792,0.98812705,0.8310789
1599.3905,1209.2953,1528.4833,1284.4929,0.95585746,0.26776367
1618.8953,1209.2953,1547.936,1286.8129,0.88700205,0.85463965
1638.4,1209.2953,1567.38,1287.4387,0.96783704,0.25243437
1657.9048,1209.2953,1587.0256,1288.9197,0.91783446,0.45975226
1677.4095,1209.2953,1606.3862,1291.3358,0.8949165,0.27159017
1696.9143,1209.2953,1625.171,1292.4569,0.8059848,0.6830661
1716.4191,1209.2953,1645.667,1293.7864,0.55578,0.8194264
1735.9238,1209.2953,1665.4299,1296.1401,0.75557864,0.789507
1774.9333,1209.2953,1702.9917,1299.8033,0.7385144,0.56253093
1794.4381,1209.2953,1722.6288,1301.7097,0.92712736,0.5372388
1813.9429,1209.2953,1741.6156,1302.3215,0.97073996,0.9871951
1852.9524,1209.2953,1780.9679,1306.5563,0.99509805,0.3189503
1872.4573,1209.2953,1800.3928,1308.5806,0.9958939,0.5771575
1891.962,1209.2953,1819.7465,1309.9854,0.9934598,0.40343547
1911.4668,1209.2953,1839.295,1311.6306,0.98181015,0.27531904
1930.9716,1209.2953,1859.0901,1312.4265,0.9231061,0.75347316
1950.4763,1209.2953,1877.8917,1314.6259,0.9143563,0.5414427
1969.9811,1209.2953,1897.4758,1315.9285,0.24284287,0.71862394
1989.4858,1209.2953,1917.3251,1318.2736,0.75747365,0.08736457
97.52381,1228.8,31.275095,1173.0961,0.7792126,0.58021796
117.02858,1228.8,50.379326,1174.8003,0.94036883,0.34578785
136.53334,1228.8,69.38235,1175.5717,0.9104277,0.67877656
156.0381,1228.8,89.606895,1176.9559,0.9122365,1.0883851
195.04762,1228.8,127.99496,1182.1444,0.37600875,0.84614944
214.55238,1228.8,147.40106,1183.9927,0.59289515,0.9927267
234.05716,1228.8,166.60207,1184.7489,0.5940599,0.19323033
253.56192,1228.8,186.28413,1186.3339,0.45391577,0.09283994
273.06668,1228.8,206.18065,1188.4467,0.615476,0.6332064
292.57144,1228.8,225.2987,1189.7303,0.45278093,0.22893012
312.0762,1228.8,244.86113,1191.3636,0.82676744,0.3756083
331.58096,1228.8,263.72092,1193.6418,0.588684,0.4935346
351.08572,1228.8,283.9504,1194.5808,0.38824323,0.6604743
370.59048,1228.8,303.4901,1196.3962,0.6135913,0.7168111
390.09525,1228.8,322.1689,1198.4999,0.4791887,0.20966484
448.60953,1228.8,379.4153,1203.3708,0.3586441,1.1102226
468.11432,1228.8,399.64474,1204.73,0.5563722,0.48351008
487.61908,1228.8,418.72702,1206.0674,0.44476265,0.9856859
507.12384,1228.8,438.48254,1209.0374,0.74554807,0.6327296
526.6286,1228.8,457.91113,1209.7009,0.25130314,0.60181797
546.13336,1228.8,477.25723,1212.7249,0.4910249,0.92590123
565.6381,1228.8,496.84067,1213.4735,0.7754584,0.296124
585.1429,1228.8,516.48914,1214.5806,0.6335608,0.7210866
604.64764,1228.8,535.5035,1216.4421,0.366075,0.726835
643.65717,1228.8,576.0559,1220.6847,0.26193905,1.2579697
682.6667,1228.8,613.38403,1223.9453,0.44202963,0.34040263
702.17145,1228.8,633.5027,1224.8737,0.4932469,0.73251295
721.6762,1228.8,652.6161,1226.6005,0.6817564,0.6024551
741.18097,1228.8,671.9058,1228.9222,0.28661668,0.080771536
760.6857,1228.8,691.86664,1229.6011,0.32794923,1.0962751
780.1905,1228.8,712.2397,1232.9547,0.35948625,1.5415298
799.69525,1228.8,731.8199,1233.7527,0.29506478,1.5645559
819.2,1228.8,751.29,1235.3444,0.32973886,1.6238097
858.20953,1228.8,788.6346,1239.0477,0.33240435,0.0853524
877.7143,1228.8,808.10596,1240.4755,0.7253629,0.34155196
897.21906,1228.8,827.2961,1243.1243,0.93719804,0.6388098
916.7238,1228.8,846.0973,1244.1198,0.85528797,0.76499027
936.22864,1228.8,866.13654,1246.0404,0.88763946,0.20773387
955.7334,1228.8,886.2917,1248.1157,0.9237804,0.7711232
975.23816,1228.8,905.4695,1249.1255,0.8876766,0.36367497
994.7429,1228.8,925.2929,1250.7776,0.8699637,0.74610364
1014.2477,1228.8,944.6089,1253.1848,0.9220185,0.7705302
1033.7524,1228.8,962.415,1254.1453,0.89626545,1.0573375
1053.2572,1228.8,982.9131,1255.9192,0.9144626,0.18420379
1072.762,1228.8,1002.0237,1257.3276,0.29697838,0.5474254
1092.2667,1228.8,1021.8527,1259.3243,0.44399422,0.21141732
1111.7715,1228.8,1040.6471,1261.2208,0.65486544,0.5169571
1131.2762,1228.8,1060.465,1262.8926,0.76964486,0.12928882
1150.781,1228.8,1079.7979,1263.7506,0.91137594,0.8777108
1170.2858,1228.8,1099.3933,1266.6473,0.9489242,0.3543453
1189.7905,1228.8,1119.0416,1268.2611,0.8766621,0.30535957
1209.2953,1228.8,1138.7821,1269.3292,0.9264788,0.5943314
1228.8,1228.8,1157.8783,1271.923,0.90905917,0.54076093
1248.3048,1228.8,1177.159,1272.6631,0.93632424,0.43569282
1267.8096,1228.8,1196.2931,1274.6473,0.9389535,0.34915972
1287.3143,1228.8,1215.4766,1276.795,0.800686,0.63554657
1326.3239,1228.8,1255.0317,1280.5037,0.8200887,0.61970764
1345.8286,1228.8,1273.8369,1281.9191,0.95863414,0.5883895
1365.3334,1228.8,1293.4915,1282.894,0.98689383,0.4855658
1384.8381,1228.8,1312.8484,1284.7866,0.9745219,0.40273377
1404.3429,1228.8,1333.0482,1286.7322,0.9698714,0.42775935
1423.8477,1228.8,1352.0859,1288.0087,0.985385,0.39073747
1443.3524,1228.8,1370.7825,1290.0482,0.9838113,0.7021992
1462.8572,1228.8,1391.4406,1291.5194,0.96745586,0.5962322
1482.3619,1228.8,1409.7533,1292.9323,0.94331425,0.8177855
1501.8667,1228.8,1429.4917,1295.423,0.7005773,0.36145762
1521.3715,1228.8,1449.0271,1296.1967,0.40309337,0.72328913
1540.8762,1228.8,1468.8967,1298.2543,0.58354014,0.43145543
1560.381,1228.8,1487.7207,1301.0037,0.93207026,0.78593034
1579.8857,1228.8,1507.2246,1302.2941,0.96399903,0.40235132
1599.3905,1228.8,1527.0288,1303.5444,0.98439574,0.18383935
1618.8953,1228.8,1546.5046,1306.0298,0.9931096,0.6491802
1638.4,1228.8,1565.7076,1306.9698,0.99567455,0.15081026
1657.9048,1228.8,1584.6915,1307.8263,0.99451184,1.1049608
1677.4095,1228.8,1604.4027,1310.7844,0.9928571,0.37838382
1696.9143,1228.8,1623.9982,1311.841,0.9858597,0.3655618
1716.4191,1228.8,1643.5988,1313.615,0.92878383,0.29577738
1735.9238,1228.8,1663.1042,1315.8988,0.7912471,0.34301725
1755.4286,1228.8,1682.3931,1316.3308,0.33024263,0.96655285
1774.9333,1228.8,1701.8126,1319.3011,0.8399676,0.30426255
1794.4381,1228.8,1721.4252,1321.1752,0.91959774,0.5155376
1813.9429,1228.8,1741.1085,1322.1938,0.9967527,0.48956278
1833.4476,1228.8,1759.8083,1324.4448,0.99799055,0.44983193
1852.9524,1228.8,1779.4453,1325.6932,0.99943566,0.13022774
1872.4573,1228.8,1799.3015,1326.6146,0.9998573,0.9478752
1891.962,1228.8,1818.3994,1328.9508,0.99962246,0.24637893
1911.4668,1228.8,1838.2395,1330.8529,0.998346,0.42584488
1930.9716,1228.8,1857.9093,1332.2001,0.97947085,0.7725398
1950.4763,1228.8,1877.0337,1333.3828,0.9530249,0.9809645
1969.9811,1228.8,1896.1011,1335.5311,0.2641385,0.46549737
1989.4858,1228.8,1916.1234,1337.5916,0.714653,0.5946669
97.52381,1248.3048,30.590157,1192.1879,0.584853,1.5153204
117.02858,1248.3048,49.055275,1194.3115,0.46906888,0.66782665
136.53334,1248.3048,68.492485,1196.3462,0.54219556,0.90537477
156.0381,1248.3048,88.27019,1196.9951,0.3344408,0.96371293
195.04762,1248.3048,126.07037,1200.5884,0.24307694,0.2129987
214.55238,1248.3048,145.41231,1202.5587,0.6861567,0.27736288
234.05716,1248.3048,165.39323,1204.375,0.33474258,0.38956952
253.56192,1248.3048,184.77263,1205.1324,0.44552344,0.7431785
273.06668,1248.3048,203.6432,1206.9457,0.76023936,0.6612346
292.57144,1248.3048,223.53421,1209.3672,0.5977797,0.20493755
312.0762,1248.3048,242.83757,1211.4926,0.78860575,0.5620095
331.58096,1248.3048,262.36832,1213.1187,0.8413846,0.503653
351.08572,1248.3048,281.61505,1214.3102,0.7926841,0.06113841
370.59048,1248.3048,301.01154,1216.2633,0.3924302,0.24967882
390.09525,1248.3048,322.20898,1217.004,0.26311475,1.826319
409.6,1248.3048,340.44452,1219.2336,0.5200092,0.5193316
429.10477,1248.3048,359.7138,1220.4412,0.9056336,0.7599611
448.60953,1248.3048,378.35004,1223.1237,0.9136979,0.55815315
468.11432,1248.3048,398.97925,1224.0854,0.83107,0.84954506
487.61908,1248.3048,417.90976,1226.1519,0.69679636,0.23695625
507.12384,1248.3048,436.58075,1228.1848,0.92308134,0.59329426
526.6286,1248.3048,455.9925,1229.1456,0.9458005,0.73697084
546.13336,1248.3048,475.78577,1230.688,0.9570085,0.67069787
565.6381,1248.3048,495.34805,1233.1335,0.9405907,0.11943948
585.1429,1248.3048,515.22473,1234.2378,0.9480188,0.6256831
604.64764,1248.3048,533.8134,1235.6841,0.8234521,0.8747099
624.1524,1248.3048,553.83167,1237.6593,0.511365,0.48908758
643.65717,1248.3048,573.27686,1240.3048,0.6785478,0.49649426
663.1619,1248.3048,593.0412,1241.3522,0.8651183,0.51195806
682.6667,1248.3048,612.0714,1243.2693,0.9077669,0.08871382
702.17145,1248.3048,631.4835,1244.4249,0.9350422,0.5089442
721.6762,1248.3048,650.7383,1247.0315,0.9710372,0.41739705
741.18097,1248.3048,669.4899,1248.6909,0.91826713,0.87165326
760.6857,1248.3048,690.42084,1249.7994,0.8793051,0.7435675
780.1905,1248.3048,709.57184,1251.6069,0.9004905,0.44478786
799.69525,1248.3048,728.6514,1253.5641,0.819446,0.15442272
819.2,1248.3048,747.66077,1254.8712,0.774141,0.43098146
838.7048,1248.3048,767.01013,1256.5034,0.2599372,0.53660136
858.20953,1248.3048,786.67456,1258.8679,0.70931643,0.3888515
877.7143,1248.3048,806.20355,1259.9945,0.76336783,0.25315544
897.21906,1248.3048,825.7603,1262.3767,0.93748236,0.44821253
916.7238,1248.3048,844.2066,1263.1031,0.9909383,1.0875348
936.22864,1248.3048,865.58966,1266.099,0.99799246,1.2624184
955.7334,1248.3048,883.7176,1267.2651,0.9931434,0.38283563
975.23816,1248.3048,902.71765,1268.4196,0.9889239,0.7951316
994.7429,1248.3048,922.8792,1270.6022,0.98748815,0.1727338
1014.2477,1248.3048,941.867,1272.4934,0.9832638,0.5741211
1033.7524,1248.3048,961.3278,1273.1599,0.95778775,0.78694725
1053.2572,1248.3048,981.0616,1275.6731,0.95054287,0.1813354
1092.2667,1248.3048,1020.1269,1278.0842,0.6435889,0.8501556
1111.7715,1248.3048,1039.2114,1280.3872,0.8011863,0.3494854
1131.2762,1248.3048,1059.1373,1282.3027,0.94890225,0.24458943
1150.781,1248.3048,1078.4503,1283.6348,0.97895914,0.4138119
1170.2858,1248.3048,1097.5774,1286.463,0.9934994,0.7552782
1189.7905,1248.3048,1117.154,1287.1396,0.98308694,0.29104236
1209.2953,1248.3048,1137.0754,1288.4149,0.9914898,0.84879166
1228.8,1248.3048,1155.6256,1290.5908,0.9966828,0.48386523
1248.3048,1248.3048,1175.5576,1292.4907,0.99516803,0.08867381
1267.8096,1248.3048,1194.5503,1293.1599,0.98449886,1.1271026
1287.3143,1248.3048,1214.1703,1296.0139,0.96235967,0.18867052
1306.8191,1248.3048,1233.7178,1296.8337,0.4415357,0.7965735
1326.3239,1248.3048,1253.2563,1298.8589,0.92063034,0.47312915
1345.8286,1248.3048,1272.7676,1301.5225,0.9919385,0.5126661
1365.3334,1248.3048,1291.77,1302.4235,0.99836147,0.42143306
1384.8381,1248.3048,1311.5881,1303.8539,0.99799395,0.5828228
1404.3429,1248.3048,1330.8224,1306.3157,0.997422,0.21193579
1423.8477,1248.3048,1350.773,1307.5281,0.99729866,0.5169132
1443.3524,1248.3048,1369.5608,1309.9136,0.9975728,0.44461796
1462.8572,1248.3048,1389.5411,1311.6628,0.99460834,0.54421604
1482.3619,1248.3048,1408.8522,1312.309,0.96139246,0.65341836
1501.8667,1248.3048,1428.368,1314.7865,0.7736558,0.333492
1521.3715,1248.3048,1447.7476,1316.2432,0.3474432,0.25692844
1540.8762,1248.3048,1467.7491,1317.9299,0.63321835,0.8195115
1560.381,1248.3048,1486.7838,1320.5702,0.9471703,0.9400154
1579.8857,1248.3048,1505.8335,1321.537,0.9896018,0.11495809
1599.3905,1248.3048,1524.8763,1323.3318,0.99896383,0.40559116
1618.8953,1248.3048,1544.9789,1325.3861,0.99920326,0.6439176
1638.4,1248.3048,1564.4011,1326.3956,0.99935454,0.3398108
1657.9048,1248.3048,1584.139,1328.1589,0.99952847,0.6240621
1677.4095,1248.3048,1602.5684,1330.1796,0.9977636,0.45652083
1696.9143,1248.3048,1622.7966,1331.219,0.9969978,0.5837871
1716.4191,1248.3048,1641.7329,1332.9083,0.96820235,0.42651394
1735.9238,1248.3048,1661.582,1335.4663,0.8412868,0.55560213
1755.4286,1248.3048,1681.2986,1335.9648,0.5387111,0.9875559
1774.9333,1248.3048,1700.1945,1338.5037,0.89711964,0.11967735
1794.4381,1248.3048,1720.0846,1340.2908,0.9829845,0.57574105
1813.9429,1248.3048,1739.8356,1341.2316,0.9986782,1.0565504
1833.4476,1248.3048,1758.5814,1343.868,0.9990583,0.38895482
1852.9524,1248.3048,1778.1375,1345.8701,0.9997795,0.7149672
1872.4573,1248.3048,1797.332,1346.7119,0.9999443,0.22885007
1891.962,1248.3048,1816.9044,1348.5133,0.9998925,0.2470041
1911.4668,1248.3048,1836.5701,1350.3645,0.99949104,0.4556253
1930.9716,1248.3048,1855.2023,1351.5771,0.9809871,0.56655264
1950.4763,1248.3048,1874.7816,1352.9971,0.82097006,0.7558071
1969.9811,1248.3048,1893.7864,1355.2838,0.47971803,0.637413
1989.4858,1248.3048,1914.3208,1356.826,0.6157009,0.56884336
117.02858,1267.8096,47.94991,1214.069,0.93819857,1.3445891
136.53334,1267.8096,66.704124,1214.445,0.89746505,0.77426726
156.0381,1267.8096,85.808876,1216.907,0.8033281,0.20268415
175.54286,1267.8096,105.887405,1218.6395,0.2560882,0.80941105
195.04762,1267.8096,124.522095,1220.853,0.43450168,0.69106716
214.55238,1267.8096,143.90024,1221.9789,0.91164815,0.13077396
234.05716,1267.8096,163.44737,1223.9888,0.9731448,0.43081012
253.56192,1267.8096,183.08557,1224.4691,0.98366714,0.83607274
273.06668,1267.8096,202.77428,1226.9005,0.9669926,0.5274518
292.57144,1267.8096,221.80307,1228.7798,0.97787434,0.16985281
312.0762,1267.8096,241.30458,1230.2615,0.9939759,0.21755825
331.58096,1267.8096,260.1673,1232.7435,0.98602986,0.7780655
351.08572,1267.8096,280.06223,1233.7019,0.9888324,0.107713565
370.59048,1267.8096,299.10382,1235.3132,0.9218374,0.33402023
390.09525,1267.8096,319.7537,1236.506,0.8651235,1.129708
429.10477,1267.8096,357.13342,1240.3767,0.76462257,0.5908855
448.60953,1267.8096,376.24097,1242.8331,0.9782739,1.0530317
468.11432,1267.8096,396.33627,1243.9604,0.9899236,0.21954513
487.61908,1267.8096,415.76468,1246.0475,0.9789645,0.4453267
507.12384,1267.8096,435.5101,1247.9518,0.98705965,0.5978851
526.6286,1267.8096,454.2291,1248.5074,0.99166316,0.8300295
546.13336,1267.8096,474.2276,1250.2672,0.9959966,0.4964598
565.6381,1267.8096,493.81863,1252.8395,0.9935147,0.39411142
585.1429,1267.8096,512.7995,1253.7635,0.97273564,0.522784
604.64764,1267.8096,532.6139,1255.1487,0.9050448,0.7136535
624.1524,1267.8096,551.67035,1257.6271,0.75130147,0.33640435
643.65717,1267.8096,571.0866,1259.1776,0.8479781,0.35404357
663.1619,1267.8096,590.9538,1261.3901,0.94428873,0.43917927
682.6667,1267.8096,610.0371,1262.8124,0.9797685,0.29640839
702.17145,1267.8096,629.28925,1263.8372,0.9873705,0.6794814
721.6762,1267.8096,648.896,1266.6705,0.9971697,0.66176224
741.18097,1267.8096,668.25,1267.3274,0.9969514,0.54668546
760.6857,1267.8096,688.2781,1269.086,0.9932791,0.4582656
780.1905,1267.8096,706.98694,1271.843,0.9929846,0.8216591
799.69525,1267.8096,726.7888,1272.8215,0.9944577,0.09457078
819.2,1267.8096,746.1678,1274.2634,0.9944042,0.32738978
838.7048,1267.8096,766.5494,1276.303,0.6548883,0.81440854
858.20953,1267.8096,785.2654,1277.9581,0.51323426,0.09877932
877.7143,1267.8096,804.53827,1279.719,0.82956874,0.08316629
897.21906,1267.8096,824.12494,1281.574,0.9901631,0.23482005
916.7238,1267.8096,843.2919,1282.9283,0.99822783,0.21228196
936.22864,1267.8096,863.0018,1285.3868,0.998938,0.63679975
955.7334,1267.8096,881.88715,1286.3533,0.99877757,0.4452523
975.23816,1267.8096,901.6881,1288.0298,0.9985564,0.144179
994.7429,1267.8096,921.02527,1289.6268,0.9985913,0.2800925
1014.2477,1267.8096,940.7779,1291.5985,0.9987979,0.17127056
1033.7524,1267.8096,960.10547,1292.6029,0.9932176,0.660083
1053.2572,1267.8096,979.6358,1294.2905,0.935473,0.6890387
1072.762,1267.8096,999.38446,1296.5222,0.37926224,0.5010676
1092.2667,1267.8096,1017.8781,1298.6307,0.743766,0.5296555
1111.7715,1267.8096,1037.8306,1301.0778,0.9304434,1.0202618
1131.2762,1267.8096,1057.6217,1301.8965,0.9839168,0.44885778
1150.781,1267.8096,1076.4227,1303.5717,0.9981072,0.23102428
1170.2858,1267.8096,1096.3875,1305.8447,0.99942064,0.7613917
1189.7905,1267.8096,1116.0326,1306.8186,0.998389,0.5482892
1209.2953,1267.8096,1135.0411,1308.5847,0.9990753,0.1271453
1228.8,1267.8096,1154.5826,1310.7686,0.9990493,0.56096137
1248.3048,1267.8096,1174.2045,1312.1227,0.99906355,0.45701563
1267.8096,1267.8096,1192.5514,1312.8999,0.99562263,1.0040009
1287.3143,1267.8096,1213.1002,1315.4163,0.9023154,0.4650401
1306.8191,1267.8096,1232.2212,1317.1514,0.70259064,0.17778032
1326.3239,1267.8096,1251.8776,1317.9554,0.9776481,0.8881926
1345.8286,1267.8096,1271.0559,1321.0853,0.9976787,0.63859856
1365.3334,1267.8096,1291.1362,1321.4076,0.9992685,1.0798674
1384.8381,1267.8096,1309.2932,1323.8008,0.9994872,0.5014533
1404.3429,1267.8096,1329.4446,1325.7794,0.9993892,0.31324777
1423.8477,1267.8096,1349.2933,1327.0148,0.99942434,0.6859548
1443.3524,1267.8096,1367.1146,1329.2495,0.9995355,1.0110259
1462.8572,1267.8096,1388.194,1331.0343,0.9985554,0.77719826
1482.3619,1267.8096,1407.4862,1332.2057,0.9863429,0.56334496
1501.8667,1267.8096,1426.5051,1334.938,0.7589704,0.88880014
1521.3715,1267.8096,1446.4918,1335.4686,0.3516094,0.74543643
1540.8762,1267.8096,1465.7045,1338.1136,0.7789907,0.80544674
1560.381,1267.8096,1483.9696,1338.9724,0.98372364,0.72089416
1579.8857,1267.8096,1503.3788,1340.8917,0.99878687,0.71865726
1599.3905,1267.8096,1523.6938,1342.2466,0.9990713,0.35377425
1618.8953,1267.8096,1542.5221,1344.6692,0.9994942,0.5986955
1638.4,1267.8096,1561.8654,1345.8392,0.99973303,0.5362572
1657.9048,1267.8096,1581.9259,1348.5095,0.9998864,0.857781
1677.4095,1267.8096,1601.0708,1349.9772,0.99946713,0.643997
1696.9143,1267.8096,1620.8435,1351.1351,0.9995328,0.18069874
1716.4191,1267.8096,1640.0791,1352.0804,0.98855853,0.6785764
1735.9238,1267.8096,1659.4197,1354.8467,0.7697579,0.40693855
1755.4286,1267.8096,1678.3878,1355.4126,0.39701325,0.94685674
1774.9333,1267.8096,1699.0375,1357.9977,0.9531203,0.6505153
1794.4381,1267.8096,1717.8627,1359.5173,0.99354255,0.05070916
1813.9429,1267.8096,1736.5513,1361.1746,0.99964124,0.7167937
1833.4476,1267.8096,1756.4021,1362.6597,0.9996963,0.41711053
1852.9524,1267.8096,1775.5507,1365.0886,0.99989545,0.7172852
1872.4573,1267.8096,1795.6351,1366.485,0.99987936,0.15026702
1891.962,1267.8096,1815.4236,1368.2463,0.99980044,0.4770441
1911.4668,1267.8096,1834.3019,1369.5934,0.99937755,0.20015936
1930.9716,1267.8096,1854.0297,1370.7207,0.989122,0.75949365
1950.4763,1267.8096,1872.9591,1373.7269,0.8544609,0.6520154
1969.9811,1267.8096,1892.1636,1374.9492,0.43186653,0.5515962
1989.4858,1267.8096,1911.5349,1376.002,0.7669904,0.8201823
117.02858,1287.3143,44.920723,1232.894,0.99429,0.2112734
136.53334,1287.3143,64.98265,1233.9557,0.9902378,0.6980428
156.0381,1287.3143,83.72424,1235.758,0.9807165,0.49787548
175.54286,1287.3143,102.67639,1237.5938,0.3624771,0.7807986
195.04762,1287.3143,122.36883,1239.5524,0.4848024,0.4611941
214.55238,1287.3143,142.33101,1240.7777,0.94713604,0.51980764
234.05716,1287.3143,162.29993,1243.3339,0.9914119,0.6995461
253.56192,1287.3143,181.30939,1244.513,0.998019,0.26096737
273.06668,1287.3143,200.5456,1247.1741,0.9985136,0.78175336
292.57144,1287.3143,220.03476,1248.307,0.9982904,0.22135226
312.0762,1287.3143,239.05763,1249.2926,0.99806327,0.6122721
331.58096,1287.3143,259.02686,1251.9882,0.997489,0.52927595
351.08572,1287.3143,278.35327,1253.4232,0.9971657,0.24475142
370.59048,1287.3143,297.88452,1254.3641,0.98784184,0.5582375
390.09525,1287.3143,317.25452,1256.2211,0.88162607,0.39015973
409.6,1287.3143,336.50854,1257.8933,0.35607517,0.4025488
429.10477,1287.3143,356.05542,1259.8047,0.8903766,0.1968387
448.60953,1287.3143,375.5241,1261.9962,0.9966297,0.31996253
468.11432,1287.3143,395.1223,1263.158,0.9994412,0.35453922
487.61908,1287.3143,413.89343,1264.5186,0.99916387,0.6950078
507.12384,1287.3143,433.71997,1267.2233,0.9992236,0.43152913
526.6286,1287.3143,453.44696,1267.927,0.99950105,0.6391907
546.13336,1287.3143,473.08786,1270.0737,0.99944764,0.5232861
565.6381,1287.3143,491.94382,1272.2988,0.99800724,0.41234344
585.1429,1287.3143,511.50604,1273.1155,0.99464554,0.48075527
604.64764,1287.3143,530.7744,1275.4943,0.9633815,0.22402817
624.1524,1287.3143,550.5207,1276.7378,0.84390616,0.33607534
643.65717,1287.3143,569.5544,1278.9768,0.6874249,0.3355106
663.1619,1287.3143,589.50116,1280.9727,0.95261586,0.6733514
682.6667,1287.3143,608.8851,1282.0267,0.9950847,0.3002395
702.17145,1287.3143,628.3637,1283.4335,0.99669653,0.49447334
721.6762,1287.3143,647.65,1285.8434,0.99839705,0.40356812
741.18097,1287.3143,667.47546,1287.2815,0.99915326,0.5988323
760.6857,1287.3143,686.48676,1288.5446,0.99896467,0.38721785
780.1905,1287.3143,706.32465,1290.3339,0.99924415,0.6345978
799.69525,1287.3143,725.6747,1292.2043,0.9984555,0.5070952
819.2,1287.3143,745.6069,1293.7375,0.989736,1.0328532
838.7048,1287.3143,763.23627,1296.0885,0.6398491,0.89322865
877.7143,1287.3143,802.836,1299.026,0.9150913,0.08915841
897.21906,1287.3143,822.9208,1301.1608,0.996355,0.69897515
916.7238,1287.3143,841.51355,1302.3986,0.999755,0.26152834
936.22864,1287.3143,861.4889,1304.5134,0.99974346,0.44063902
955.7334,1287.3143,881.00464,1306.1012,0.9994336,0.4389918
975.23816,1287.3143,900.7126,1307.535,0.9995816,0.66492146
994.7429,1287.3143,919.79285,1309.1406,0.99947757,0.34642828
1014.2477,1287.3143,938.65765,1311.0951,0.99939686,0.27416202
1033.7524,1287.3143,958.1191,1312.5656,0.9964893,0.25517827
1053.2572,1287.3143,977.86224,1315.077,0.96671003,0.69253004
1072.762,1287.3143,997.4876,1315.5883,0.3654146,0.5772819
1092.2667,1287.3143,1016.6056,1316.9564,0.6549808,0.83432055
1111.7715,1287.3143,1036.34,1320.2506,0.9904822,0.8090012
1131.2762,1287.3143,1055.2019,1321.5657,0.9990144,0.47588328
1150.781,1287.3143,1075.0771,1322.1758,0.99980605,0.7304193
1170.2858,1287.3143,1094.7938,1324.6953,0.99988437,0.45080692
1189.7905,1287.3143,1113.8618,1326.2396,0.999938,0.09114108
1209.2953,1287.3143,1132.6685,1327.8722,0.99996066,0.5606115
1228.8,1287.3143,1152.4565,1330.1044,0.9996385,0.4560862
1248.3048,1287.3143,1172.1821,1331.4918,0.9993389,0.14597288
1267.8096,1287.3143,1191.5212,1333.2479,0.9947448,0.15862985
1287.3143,1287.3143,1210.453,1335.3773,0.8441159,0.76230353
1306.8191,1287.3143,1229.7521,1336.9246,0.7635209,0.75487304
1326.3239,1287.3143,1249.1488,1338.1494,0.99026656,0.6522461
1345.8286,1287.3143,1269.4326,1340.5916,0.99796826,0.7305015
1365.3334,1287.3143,1288.3793,1341.1704,0.99939007,0.50500244
1384.8381,1287.3143,1308.0236,1343.4229,0.99982727,0.14942054
1404.3429,1287.3143,1326.9092,1345.3512,0.9999497,0.71151227
1423.8477,1287.3143,1346.7938,1346.3246,0.99988925,0.39794737
1443.3524,1287.3143,1366.4691,1347.8667,0.99974763,0.52986264
1462.8572,1287.3143,1385.5322,1350.0023,0.9994163,0.29444543
1482.3619,1287.3143,1404.9545,1351.0704,0.99739844,0.77515346
1501.8667,1287.3143,1424.722,1353.4316,0.91159165,0.07475748
1540.8762,1287.3143,1463.2389,1357.6614,0.7860451,0.82715935
1560.381,1287.3143,1483.3835,1358.9757,0.98867464,0.5689047
1579.8857,1287.3143,1502.2712,1360.2897,0.9993235,0.12548923
1599.3905,1287.3143,1521.5059,1361.7914,0.99977565,0.37727082
1618.8953,1287.3143,1541.0851,1364.5338,0.99970096,0.86220556
1638.4,1287.3143,1560.6841,1365.2798,0.99987566,0.109331734
1657.9048,1287.3143,1580.4088,1366.7588,0.9999515,0.43941328
1677.4095,1287.3143,1599.1685,1369.7343,0.9995682,1.0191514
1696.9143,1287.3143,1618.5438,1370.4982,0.9981321,0.43625587
1716.4191,1287.3143,1638.3552,1370.9595,0.98555106,1.2306076
1735.9238,1287.3143,1657.9325,1374.0957,0.7451314,0.22621003
1755.4286,1287.3143,1677.2526,1375.6481,0.5006588,0.06227034
1774.9333,1287.3143,1696.8356,1377.2703,0.9771428,0.13469009
1794.4381,1287.3143,1716.2903,1379.5455,0.9965522,0.5787872
1813.9429,1287.3143,1735.7549,1380.3387,0.9998026,0.3989077
1833.4476,1287.3143,1755.6642,1382.3726,0.99988437,0.67072284
1852.9524,1287.3143,1774.5853,1384.5203,0.99994576,0.4608074
1872.4573,1287.3143,1794.277,1385.3536,0.9998586,0.605925
1891.962,1287.3143,1813.847,1387.2887,0.99977946,0.5960944
1911.4668,1287.3143,1832.9965,1389.5118,0.99941856,0.42809466
1930.9716,1287.3143,1852.5731,1390.8202,0.9928496,0.43203905
1950.4763,1287.3143,1871.9706,1393.1779,0.79533947,0.7088137
1989.4858,1287.3143,1910.956,1396.2416,0.7630233,0.5765072
117.02858,1306.8191,43.66172,1252.5826,0.99933046,0.4409743
136.53334,1306.8191,63.12963,1253.5143,0.9980503,0.503023
156.0381,1306.8191,82.85949,1255.6552,0.99641794,0.59310234
175.54286,1306.8191,101.6368,1257.3584,0.8191322,0.07045753
195.04762,1306.8191,121.37045,1258.8096,0.8388041,0.3228182
214.55238,1306.8191,140.90802,1260.3922,0.9839408,0.48098072
234.05716,1306.8191,160.79466,1262.9198,0.9975534,0.9461856
253.56192,1306.8191,179.6338,1263.3971,0.99949,0.7566783
273.06668,1306.8191,199.24214,1266.5553,0.9996527,0.83055973
292.57144,1306.8191,217.89742,1267.6885,0.9999243,0.4178576
312.0762,1306.8191,238.1924,1269.8287,0.99987364,0.7735448
331.58096,1306.8191,256.94797,1270.9829,0.9994266,0.20326592
351.08572,1306.8191,277.2414,1272.7008,0.99923855,0.67327976
370.59048,1306.8191,295.78415,1273.8593,0.9910394,0.51254773
390.09525,1306.8191,314.48486,1275.522,0.9570153,1.072815
409.6,1306.8191,335.37103,1277.8447,0.37264663,0.52129817
429.10477,1306.8191,354.29678,1279.062,0.9836756,0.3604791
448.60953,1306.8191,373.1823,1281.613,0.9979958,0.73182666
468.11432,1306.8191,393.1889,1282.687,0.9998324,0.13933758
487.61908,1306.8191,412.77576,1284.9014,0.9998778,0.42367104
507.12384,1306.8191,432.00778,1286.3848,0.99978006,0.16273677
526.6286,1306.8191,451.67795,1287.839,0.9998485,0.24498695
546.13336,1306.8191,471.19696,1289.2622,0.9996893,0.48090824
565.6381,1306.8191,490.84277,1291.7344,0.999026,0.67472225
585.1429,1306.8191,510.6495,1293.0928,0.99750954,0.91307896
604.64764,1306.8191,529.30505,1294.8181,0.94013447,0.16595015
624.1524,1306.8191,549.42163,1296.2438,0.64644325,0.84046376
643.65717,1306.8191,568.0896,1298.1433,0.7129725,0.06253852
663.1619,1306.8191,587.32983,1299.9384,0.96476525,0.1756762
682.6667,1306.8191,606.8305,1302.0514,0.99615955,0.5330889
702.17145,1306.8191,626.1021,1302.694,0.999614,0.57197464
721.6762,1306.8191,645.95416,1305.3939,0.99987245,0.5132375
741.18097,1306.8191,664.5122,1306.6019,0.9999591,0.67161685
760.6857,1306.8191,685.239,1308.4427,0.9998019,0.63656294
780.1905,1306.8191,703.8735,1310.207,0.9996139,0.25229198
799.69525,1306.8191,723.80194,1311.3518,0.9950716,0.49350005
819.2,1306.8191,743.0164,1313.3489,0.98980284,0.13246633
838.7048,1306.8191,762.63446,1315.0276,0.9223237,0.31270146
858.20953,1306.8191,781.36847,1316.2262,0.39705113,0.7161615
877.7143,1306.8191,801.48785,1318.7043,0.95271534,0.3434014
897.21906,1306.8191,819.8986,1320.5359,0.99695,0.79414815
916.7238,1306.8191,839.6174,1321.7015,0.99988973,0.49268878
936.22864,1306.8191,859.6783,1323.3468,0.9998858,0.33339065
955.7334,1306.8191,879.1642,1325.6775,0.9999423,0.43224925
975.23816,1306.8191,897.8812,1326.6914,0.9998599,0.5731437
994.7429,1306.8191,917.1696,1328.1409,0.9993316,0.84255964
1014.2477,1306.8191,936.67267,1330.7634,0.9988576,0.6381014
1033.7524,1306.8191,955.85657,1331.3916,0.9977353,1.0716134
1053.2572,1306.8191,975.7689,1333.296,0.96268404,0.60622066
1072.762,1306.8191,995.1071,1335.8297,0.7527444,0.5019002
1092.2667,1306.8191,1014.35815,1336.731,0.85918427,0.7554801
1111.7715,1306.8191,1034.0619,1338.934,0.99289787,0.30216762
1131.2762,1306.8191,1053.5303,1340.7329,0.9993633,0.2868816
1150.781,1306.8191,1073.2161,1341.7892,0.99985087,0.5315668
1170.2858,1306.8191,1092.594,1344.6344,0.99994993,0.6168453
1189.7905,1306.8191,1111.9153,1345.8146,0.9999602,0.19476873
1209.2953,1306.8191,1131.5919,1346.5527,0.9999485,0.8711818
1228.8,1306.8191,1151.0615,1348.9756,0.9997692,0.18477382
1248.3048,1306.8191,1170.2765,1350.4714,0.999462,0.3634917
1267.8096,1306.8191,1189.6189,1351.7853,0.995663,0.7591854
1287.3143,1306.8191,1209.0051,1354.6273,0.6359971,0.46917397
1306.8191,1306.8191,1229.0537,1356.3285,0.8560333,0.56070215
1326.3239,1306.8191,1248.1929,1357.5282,0.9755837,0.1309439
1345.8286,1306.8191,1267.2947,1359.6248,0.9992121,0.38495597
1365.3334,1306.8191,1286.8938,1361.1833,0.9999391,0.17636503
1384.8381,1306.8191,1306.4694,1362.9395,0.9999714,0.23270127
1404.3429,1306.8191,1325.7919,1364.4521,0.9999906,0.043954298
1423.8477,1306.8191,1345.6388,1366.1023,0.99996793,0.3867634
1443.3524,1306.8191,1365.0481,1367.9995,0.9998139,0.40671587
1462.8572,1306.8191,1383.9552,1369.3721,0.99964017,0.21669295
1482.3619,1306.8191,1403.5122,1371.1271,0.99932706,0.09824689
1501.8667,1306.8191,1423.2988,1372.5435,0.94740915,0.49683356
1521.3715,1306.8191,1442.9667,1374.6571,0.48289794,0.5626346
1540.8762,1306.8191,1461.7883,1376.6284,0.57811636,0.31220728
1560.381,1306.8191,1481.2424,1378.2708,0.97399795,0.25209135
1579.8857,1306.8191,1500.6405,1379.7578,0.99851257,0.067951076
1599.3905,1306.8191,1520.5292,1380.525,0.99955904,0.9808111
1618.8953,1306.8191,1539.4236,1383.9637,0.9995616,0.85472953
1638.4,1306.8191,1559.0315,1384.8596,0.99981713,0.058910783
1657.9048,1306.8191,1578.8052,1386.491,0.99994516,0.3872853
1677.4095,1306.8191,1598.2367,1388.4006,0.999611,0.42759794
1696.9143,1306.8191,1617.2843,1389.8448,0.99860746,0.07470723
1716.4191,1306.8191,1637.1819,1391.9448,0.98633903,0.5728545
1735.9238,1306.8191,1657.137,1394.0563,0.66489697,1.2388684
1755.4286,1306.8191,1675.5806,1394.9082,0.5630169,0.111450665
1774.9333,1306.8191,1695.19,1396.1879,0.9470231,0.56356376
1794.4381,1306.8191,1715.6411,1398.7635,0.99393755,1.2566013
1813.9429,1306.8191,1734.0905,1399.7906,0.9983362,0.399392
1833.4476,1306.8191,1753.8721,1401.4924,0.9996672,0.6642422
1852.9524,1306.8191,1772.3164,1404.413,0.9998882,0.98261136
1872.4573,1306.8191,1791.9177,1405.2509,0.9998853,0.23943391
1891.962,1306.8191,1811.6682,1406.8545,0.9998797,0.1049001
1911.4668,1306.8191,1830.6434,1408.1831,0.9995133,0.5734149
1930.9716,1306.8191,1850.202,1409.6857,0.99726427,0.678748
1950.4763,1306.8191,1869.5751,1412.2887,0.84228736,0.40512165
1969.9811,1306.8191,1888.9182,1413.2158,0.40872833,0.6360613
1989.4858,1306.8191,1908.5255,1415.6836,0.46205753,0.33976248
117.02858,1326.3239,41.43269,1271.8198,0.99997175,0.31996444
136.53334,1326.3239,61.21533,1273.0948,0.9994601,0.27057058
156.0381,1326.3239,80.882866,1274.9803,0.9885537,0.3239828
175.54286,1326.3239,99.39856,1276.5988,0.533555,0.6189785
195.04762,1326.3239,118.872696,1277.8297,0.6662849,0.83547825
214.55238,1326.3239,138.27718,1279.3895,0.9793602,0.96030056
234.05716,1326.3239,158.7933,1281.891,0.9989156,0.505237
253.56192,1326.3239,177.58759,1282.8545,0.99984694,0.7114067
273.06668,1326.3239,198.07356,1285.2161,0.9999479,0.9237749
292.57144,1326.3239,216.64937,1286.9591,0.999984,0.06852368
312.0762,1326.3239,235.63235,1287.933,0.999985,0.81408405
331.58096,1326.3239,255.26067,1291.2096,0.99993515,0.8753473
351.08572,1326.3239,274.85385,1292.0863,0.9997007,0.03807953
370.59048,1326.3239,294.6126,1293.4225,0.9923022,0.45283157
390.09525,1326.3239,313.45166,1295.2615,0.9675282,0.34104666
429.10477,1326.3239,352.27603,1299.0801,0.9853331,0.39140314
448.60953,1326.3239,372.16556,1301.2241,0.9962626,0.6856232
468.11432,1326.3239,391.60754,1302.243,0.99933904,0.15190296
487.61908,1326.3239,411.09845,1304.044,0.99992085,0.23067994
507.12384,1326.3239,430.75717,1306.2151,0.9998946,0.71403164
526.6286,1326.3239,450.23383,1306.964,0.9999155,0.6225647
546.13336,1326.3239,469.19238,1308.6212,0.9999,0.43175384
565.6381,1326.3239,488.42133,1311.2932,0.9994503,0.5720742
585.1429,1326.3239,507.79056,1311.9467,0.99624276,0.5637798
604.64764,1326.3239,527.2727,1313.9833,0.9692664,0.25982285
624.1524,1326.3239,546.8326,1315.4698,0.5132738,0.3886411
643.65717,1326.3239,566.04736,1317.2568,0.6557927,0.40961984
663.1619,1326.3239,585.9086,1319.3949,0.97811955,0.2048573
682.6667,1326.3239,604.5392,1321.1215,0.99580324,0.67430985
702.17145,1326.3239,624.42615,1322.5427,0.9993137,0.22487712
721.6762,1326.3239,643.9881,1324.1729,0.9998404,0.19083318
741.18097,1326.3239,663.1829,1325.9493,0.99988914,0.31778207
760.6857,1326.3239,682.7526,1327.506,0.99985445,0.2944557
780.1905,1326.3239,702.5123,1330.038,0.9997754,0.6093531
799.69525,1326.3239,721.63934,1331.0669,0.9972072,0.16031975
819.2,1326.3239,740.6997,1332.7335,0.9830183,0.51967937
838.7048,1326.3239,761.1224,1334.9683,0.8900684,0.64000714
858.20953,1326.3239,779.7946,1335.7708,0.3374572,0.55283207
877.7143,1326.3239,799.41943,1337.8684,0.9588857,0.1141798
897.21906,1326.3239,819.13367,1340.1904,0.9968054,0.5765589
916.7238,1326.3239,838.33264,1341.3315,0.9999331,0.03277241
936.22864,1326.3239,858.08484,1342.8414,0.9999691,0.36298385
955.7334,1326.3239,877.6557,1345.3705,0.9999685,0.7570435
975.23816,1326.3239,896.8916,1346.2544,0.99997246,0.3118393
994.7429,1326.3239,916.62524,1347.9033,0.99969155,0.5985447
1014.2477,1326.3239,936.03687,1350.3723,0.9996445,0.7399585
1033.7524,1326.3239,955.03986,1351.3937,0.9976509,0.18586242
1053.2572,1326.3239,974.3909,1353.1093,0.9706973,0.14343308
1072.762,1326.3239,994.1941,1355.3591,0.25943452,0.5651055
1092.2667,1326.3239,1013.42175,1356.5509,0.6273488,0.21352611
1111.7715,1326.3239,1032.8112,1358.6106,0.98837495,0.29821718
1131.2762,1326.3239,1052.4003,1360.1388,0.9981081,0.3181829
1150.781,1326.3239,1072.0459,1360.7999,0.99984515,1.0846184
1170.2858,1326.3239,1090.8772,1364.1362,0.9999516,0.6895267
1189.7905,1326.3239,1110.3699,1365.0553,0.99994636,0.0971705
1209.2953,1326.3239,1129.9529,1366.472,0.99993193,0.40276694
1228.8,1326.3239,1150.1643,1369.6127,0.99985445,1.4030017
1248.3048,1326.3239,1168.7703,1370.3347,0.9998872,0.12479623
1267.8096,1326.3239,1187.5973,1371.7573,0.99435925,0.5463191
1287.3143,1326.3239,1208.0276,1374.0846,0.86791605,0.6534562
1306.8191,1326.3239,1226.9598,1375.519,0.5662471,0.1684753
1326.3239,1326.3239,1245.9406,1376.3613,0.96676064,0.8284616
1345.8286,1326.3239,1265.989,1379.127,0.9977142,0.4083197
1365.3334,1326.3239,1285.5868,1380.1823,0.9999676,0.42214382
1384.8381,1326.3239,1304.8075,1382.5646,0.99999046,0.42979327
1404.3429,1326.3239,1323.4006,1384.1536,0.999992,0.78242654
1423.8477,1326.3239,1343.8271,1385.7389,0.9999565,0.33296934
1443.3524,1326.3239,1362.4755,1387.1044,0.9996964,0.528333
1462.8572,1326.3239,1382.2096,1389.4448,0.99860686,0.5346992
1482.3619,1326.3239,1402.0162,1390.1667,0.99812645,0.51343083
1501.8667,1326.3239,1420.3811,1391.9857,0.9287336,0.96513194
1540.8762,1326.3239,1460.3424,1395.6814,0.70292354,0.21786983
1560.381,1326.3239,1478.6298,1397.5364,0.9080011,0.9403477
1579.8857,1326.3239,1498.4087,1399.315,0.99224305,0.61075336
1599.3905,1326.3239,1517.9387,1400.2421,0.9987965,0.7800697
1618.8953,1326.3239,1537.9102,1403.1606,0.998485,0.61270523
1638.4,1326.3239,1556.5785,1404.3352,0.99895483,0.7149198
1657.9048,1326.3239,1576.2733,1406.0516,0.9997545,0.4571044
1677.4095,1326.3239,1596.1561,1408.4778,0.99972653,0.82778597
1696.9143,1326.3239,1615.1615,1409.1447,0.99829704,0.46622494
1716.4191,1326.3239,1635.5759,1410.8915,0.96254504,0.5872106
1735.9238,1326.3239,1654.2041,1412.5863,0.74375504,0.28801775
1774.9333,1326.3239,1692.4437,1415.7792,0.90774685,0.93509674
1794.4381,1326.3239,1711.9618,1417.4219,0.9806485,0.8816506
1813.9429,1326.3239,1731.3815,1419.6107,0.9841194,0.78423905
1833.4476,1326.3239,1751.1809,1422.2139,0.98846775,1.0488968
1852.9524,1326.3239,1770.8348,1423.6368,0.99820006,0.7129231
1872.4573,1326.3239,1790.0115,1424.185,0.99946713,0.64227986
1891.962,1326.3239,1809.4758,1426.1653,0.9991242,0.4491759
1911.4668,1326.3239,1829.1154,1428.2847,0.998848,0.30928278
1930.9716,1326.3239,1848.4502,1429.3319,0.9970357,0.51199126
1950.4763,1326.3239,1868.3743,1430.3967,0.98730135,1.0708922
1969.9811,1326.3239,1887.3398,1432.7295,0.51023066,0.49795645
1989.4858,1326.3239,1907.238,1435.0839,0.72915643,0.30810556
117.02858,1345.8286,39.671356,1291.5002,0.9999535,0.53397614
136.53334,1345.8286,59.301666,1293.0277,0.9992316,0.2784066
156.0381,1345.8286,78.885376,1294.1093,0.9942907,0.37543312
175.54286,1345.8286,98.05385,1296.029,0.5378827,0.28918537
195.04762,1345.8286,117.6401,1297.7416,0.3157107,0.16771574
214.55238,1345.8286,137.36227,1300.1941,0.98284453,0.64297456
234.05716,1345.8286,156.72597,1301.3636,0.9982188,0.15797372
253.56192,1345.8286,175.92212,1302.5715,0.99995005,0.4239417
273.06668,1345.8286,195.59416,1304.6691,0.9999653,0.14434029
292.57144,1345.8286,214.61948,1306.4955,0.9999809,0.28445232
312.0762,1345.8286,234.2058,1307.664,0.9999814,0.4330648
331.58096,1345.8286,253.63568,1309.2778,0.9998901,0.5170757
351.08572,1345.8286,273.25513,1311.3583,0.99978113,0.15010537
370.59048,1345.8286,292.68182,1313.508,0.9919935,0.3337104
390.09525,1345.8286,312.74402,1314.364,0.96984184,0.8800175
409.6,1345.8286,331.64658,1316.3866,0.4484967,0.2683687
429.10477,1345.8286,351.0423,1317.562,0.91030014,0.7364592
448.60953,1345.8286,369.61554,1320.6752,0.97726774,0.9911297
468.11432,1345.8286,389.51776,1321.8163,0.99944115,0.27276835
487.61908,1345.8286,409.18878,1323.4656,0.9999232,0.08218352
507.12384,1345.8286,429.1103,1325.2065,0.9998331,0.5083419
526.6286,1345.8286,448.01404,1326.7972,0.9998803,0.036367647
546.13336,1345.8286,467.99548,1328.9387,0.99990666,0.689226
565.6381,1345.8286,486.8459,1329.9631,0.999784,0.22888677
585.1429,1345.8286,506.92874,1331.2665,0.9988528,0.85311294
604.64764,1345.8286,526.2571,1333.7286,0.97872853,0.50850654
624.1524,1345.8286,545.7352,1335.5867,0.5271732,0.6150056
643.65717,1345.8286,565.2622,1336.8474,0.574032,0.64569
663.1619,1345.8286,584.3412,1338.9756,0.974479,0.4047985
682.6667,1345.8286,603.2079,1340.5265,0.99733174,0.31832585
702.17145,1345.8286,623.32153,1341.5048,0.9997382,0.7024379
721.6762,1345.8286,642.3651,1343.9706,0.9998324,0.18812878
741.18097,1345.8286,662.07574,1345.7083,0.9998865,0.369005
760.6857,1345.8286,681.51575,1346.6859,0.9999155,0.5811915
780.1905,1345.8286,700.5549,1349.9348,0.9998398,1.0559479
799.69525,1345.8286,720.4054,1350.464,0.9975834,0.35087112
819.2,1345.8286,739.4796,1352.0498,0.99059755,0.23424923
838.7048,1345.8286,759.31366,1352.5399,0.9144444,1.4911702
858.20953,1345.8286,778.78796,1355.1411,0.39828786,0.68589747
877.7143,1345.8286,798.5329,1356.805,0.92391235,0.93509007
897.21906,1345.8286,816.7149,1359.2803,0.99822867,0.54984033
916.7238,1345.8286,836.7596,1360.7323,0.9997466,0.11284159
936.22864,1345.8286,856.7136,1362.3394,0.9998015,0.6407216
955.7334,1345.8286,875.86456,1364.4135,0.99990237,0.41528156
975.23816,1345.8286,894.443,1365.6877,0.9999559,0.5431446
994.7429,1345.8286,913.8306,1367.638,0.99988663,0.5528705
1014.2477,1345.8286,933.6655,1369.9265,0.9997429,0.66067314
1033.7524,1345.8286,953.66785,1370.5063,0.99783933,0.6386296
1053.2572,1345.8286,972.97815,1372.005,0.95812136,0.7428823
1072.762,1345.8286,992.1832,1374.8226,0.3197662,0.44794518
1092.2667,1345.8286,1011.8778,1375.8036,0.9247793,0.44281858
1111.7715,1345.8286,1030.5931,1378.2042,0.98359746,0.5619872
1131.2762,1345.8286,1050.2054,1379.1879,0.9977457,0.34944466
1150.781,1345.8286,1069.2958,1380.347,0.9994283,0.9883208
1170.2858,1345.8286,1089.3888,1383.3447,0.99963427,0.48178557
1189.7905,1345.8286,1108.8229,1384.9563,0.9994548,0.39872852
1209.2953,1345.8286,1128.1444,1386.008,0.9994304,0.27508086
1228.8,1345.8286,1147.4293,1388.98,0.9992998,1.0052171
1248.3048,1345.8286,1166.3374,1389.5771,0.9993656,0.64884996
1267.8096,1345.8286,1185.8359,1390.5645,0.9870214,0.9975989
1287.3143,1345.8286,1205.5763,1393.7261,0.6025371,0.6959635
1306.8191,1345.8286,1224.6335,1394.9685,0.6449334,0.6626775
1326.3239,1345.8286,1243.7762,1396.0713,0.9729236,1.0106735
1345.8286,1345.8286,1263.7125,1399.022,0.9960266,0.9387034
1365.3334,1345.8286,1282.9701,1399.8131,0.99977064,0.5948691
1384.8381,1345.8286,1302.8898,1401.561,0.9998913,0.103683986
1404.3429,1345.8286,1322.5244,1403.7543,0.9999057,0.4839571
1423.8477,1345.8286,1341.3988,1405.2391,0.99986064,0.5219253
1443.3524,1345.8286,1360.786,1406.6769,0.9980955,0.49721074
1462.8572,1345.8286,1380.27,1408.323,0.9937377,0.44739282
1482.3619,1345.8286,1399.7235,1409.2913,0.99187994,0.89489037
1501.8667,1345.8286,1419.0588,1410.9714,0.9191277,0.959961
1521.3715,1345.8286,1438.6946,1413.4857,0.60028946,0.31082746
1540.8762,1345.8286,1458.0812,1414.7681,0.68979454,0.544233
1560.381,1345.8286,1477.8308,1417.1151,0.96033376,0.23691268
1579.8857,1345.8286,1497.1229,1418.6467,0.9872609,0.1860211
1599.3905,1345.8286,1516.5852,1419.6176,0.9871686,0.67825836
1618.8953,1345.8286,1535.8629,1422.5685,0.98756933,0.65766466
1638.4,1345.8286,1555.4904,1423.8713,0.9931282,0.21439429
1657.9048,1345.8286,1575.0387,1426.4486,0.99496996,1.068174
1677.4095,1345.8286,1594.5702,1427.6893,0.99781406,0.62062025
1696.9143,1345.8286,1613.9957,1428.6514,0.9941075,0.17333008
1716.4191,1345.8286,1633.4359,1429.9991,0.9758072,0.4973819
1735.9238,1345.8286,1652.8899,1432.1453,0.9261596,0.15278152
1755.4286,1345.8286,1672.4473,1433.2948,0.43805122,0.6472003
1774.9333,1345.8286,1691.9154,1435.0767,0.87287104,0.5930545
1794.4381,1345.8286,1711.0472,1437.5697,0.9603842,0.289793
1813.9429,1345.8286,1730.5127,1438.7567,0.94706386,0.22888678
1833.4476,1345.8286,1750.1642,1441.1432,0.9793426,0.5361802
1852.9524,1345.8286,1769.8177,1443.1526,0.9828158,0.9165299
1872.4573,1345.8286,1789.0914,1444.3232,0.988524,0.41500476
1891.962,1345.8286,1808.2238,1446.0247,0.9915606,0.24759474
1911.4668,1345.8286,1827.9175,1447.6963,0.9932036,0.37088102
1930.9716,1345.8286,1847.4519,1448.76,0.9842226,0.58359313
1950.4763,1345.8286,1866.9432,1450.177,0.9836125,0.8432934
1969.9811,1345.8286,1886.1282,1452.0686,0.6081378,0.5567394
1989.4858,1345.8286,1905.4629,1454.6184,0.4880816,0.36078906
117.02858,1365.3334,38.863274,1309.9143,0.9999038,0.81909037
136.53334,1365.3334,58.289246,1311.6844,0.99941576,0.76580364
156.0381,1365.3334,77.46504,1313.5168,0.9824444,0.49694714
175.54286,1365.3334,96.24336,1315.3933,0.43497223,0.41804057
195.04762,1365.3334,116.11125,1317.4766,0.733143,0.1818075
214.55238,1365.3334,134.82211,1320.014,0.99464136,1.1850837
234.05716,1365.3334,155.2667,1320.9836,0.9993311,0.4632665
253.56192,1365.3334,174.81818,1322.1566,0.9998617,0.56090224
273.06668,1365.3334,193.93875,1323.812,0.99969834,0.3562104
292.57144,1365.3334,213.10359,1325.8787,0.9999019,0.10071319
312.0762,1365.3334,233.25203,1327.1608,0.99997234,0.7314708
331.58096,1365.3334,252.0219,1329.3419,0.99992347,0.1291797
351.08572,1365.3334,272.52945,1331.0358,0.9990245,1.0635985
370.59048,1365.3334,291.22433,1332.7357,0.98898596,0.34319553
390.09525,1365.3334,311.2849,1334.4508,0.90759915,0.96080923
409.6,1365.3334,329.64804,1335.8057,0.64021164,0.23876995
429.10477,1365.3334,350.10568,1337.8665,0.87090135,0.92338985
448.60953,1365.3334,368.88858,1339.7344,0.99479055,0.41450876
468.11432,1365.3334,387.896,1341.6559,0.9997,0.56501675
487.61908,1365.3334,406.98044,1342.6113,0.9999486,0.5452194
507.12384,1365.3334,427.06512,1344.4739,0.99992967,0.15330078
526.6286,1365.3334,446.4385,1346.1892,0.99995613,0.09410822
546.13336,1365.3334,465.25397,1348.3163,0.9999671,0.6609303
565.6381,1365.3334,485.27805,1349.3556,0.99986553,0.26731116
585.1429,1365.3334,504.2095,1350.9475,0.99757606,0.56466514
604.64764,1365.3334,523.4628,1352.0587,0.929923,1.1315731
624.1524,1365.3334,543.6439,1354.567,0.5096584,0.20514356
643.65717,1365.3334,561.662,1355.7842,0.6576722,1.416493
663.1619,1365.3334,582.8772,1358.3503,0.96425146,0.56746286
682.6667,1365.3334,601.82324,1360.4149,0.99255246,0.60224855
702.17145,1365.3334,621.40875,1361.0115,0.9980119,0.53536105
721.6762,1365.3334,639.7112,1363.3737,0.9995524,0.95549434
741.18097,1365.3334,659.8461,1365.0648,0.9998001,0.2817418
760.6857,1365.3334,679.5457,1365.9944,0.99976736,0.6196973
780.1905,1365.3334,699.0244,1368.1104,0.999653,0.2179785
799.69525,1365.3334,718.446,1369.8073,0.99842376,0.21774378
819.2,1365.3334,737.9696,1370.7722,0.9937953,0.9550723
838.7048,1365.3334,757.45984,1373.7292,0.91288596,0.38718927
858.20953,1365.3334,776.0919,1374.344,0.4018748,0.9602062
877.7143,1365.3334,795.9128,1376.6039,0.9833451,0.27895203
897.21906,1365.3334,815.60504,1379.382,0.99584717,0.8724309
916.7238,1365.3334,834.2579,1380.2937,0.9987005,0.70526755
936.22864,1365.3334,854.64655,1382.175,0.9989386,0.3674658
955.7334,1365.3334,873.53204,1384.1848,0.99967456,0.64025074
975.23816,1365.3334,892.96234,1385.3824,0.9997202,0.2961609
994.7429,1365.3334,912.38947,1386.3936,0.99957174,0.6842276
1014.2477,1365.3334,932.0715,1389.0292,0.99947774,0.3190201
1033.7524,1365.3334,951.37494,1390.0433,0.99489874,0.4052167
1053.2572,1365.3334,970.7216,1391.8782,0.9686167,0.3432177
1072.762,1365.3334,989.863,1394.2092,0.5898039,0.6700029
1092.2667,1365.3334,1009.2811,1396.2018,0.7836106,0.8833009
1111.7715,1365.3334,1029.5018,1397.3772,0.98479337,0.28941482
1131.2762,1365.3334,1048.716,1398.9052,0.9984987,0.02265942
1150.781,1365.3334,1067.76,1400.8694,0.9981626,0.4464393
1170.2858,1365.3334,1088.1896,1402.3634,0.9956526,0.6359712
1189.7905,1365.3334,1106.9631,1404.4097,0.9976813,0.39812294
1209.2953,1365.3334,1126.7031,1404.8885,0.9983461,0.8719762
1228.8,1365.3334,1146.1746,1407.6447,0.9928167,0.40157512
1248.3048,1365.3334,1165.4248,1409.3258,0.9971659,0.25939918
1267.8096,1365.3334,1185.0632,1410.6338,0.9694534,0.39720833
1287.3143,1365.3334,1204.3812,1412.6437,0.61678094,0.27579427
1306.8191,1365.3334,1223.7338,1414.5142,0.54743624,0.34407777
1326.3239,1365.3334,1242.7017,1415.1385,0.83320206,0.82886875
1345.8286,1365.3334,1262.4535,1417.8429,0.961723,0.23222798
1365.3334,1365.3334,1282.1566,1419.146,0.9988537,0.33885023
1384.8381,1365.3334,1301.8562,1421.1073,0.9968573,0.57270885
1404.3429,1365.3334,1320.7108,1423.2886,0.99819696,0.5768939
1423.8477,1365.3334,1340.546,1423.9545,0.9935765,0.603233
1443.3524,1365.3334,1360.0608,1426.6224,0.97951466,0.69921464
1462.8572,1365.3334,1379.0798,1428.1335,0.9839213,0.32862845
1482.3619,1365.3334,1398.7422,1429.1588,0.98157114,0.46170503
1501.8667,1365.3334,1417.4915,1431.3385,0.9318371,0.4037779
1521.3715,1365.3334,1437.053,1433.2742,0.41822207,0.44187877
1540.8762,1365.3334,1456.6963,1434.8025,0.23490182,0.19509116
1560.381,1365.3334,1476.224,1435.8082,0.9445229,0.50647575
1579.8857,1365.3334,1496.0215,1438.1947,0.9610378,0.46245944
1599.3905,1365.3334,1514.7322,1439.1237,0.9900446,0.65761036
1618.8953,1365.3334,1534.6056,1441.7673,0.98279464,0.38545176
1638.4,1365.3334,1553.8859,1443.3026,0.9797219,0.19142342
1657.9048,1365.3334,1573.0072,1445.0107,0.9716118,0.37028274
1677.4095,1365.3334,1592.9514,1447.29,0.980728,0.8046728
1696.9143,1365.3334,1613.0115,1448.2048,0.8737241,0.83132213
1716.4191,1365.3334,1632.3451,1448.8074,0.9318033,1.3257082
1735.9238,1365.3334,1650.8108,1451.824,0.9265271,0.31383157
1755.4286,1365.3334,1671.3767,1453.5491,0.44251573,0.93584067
1774.9333,1365.3334,1689.7042,1455.074,0.82453525,0.20792907
1794.4381,1365.3334,1709.7318,1457.6454,0.8458519,1.0161992
1813.9429,1365.3334,1727.7537,1458.375,0.8527345,1.0103989
1833.4476,1365.3334,1749.0205,1460.0492,0.9485958,0.8289464
1852.9524,1365.3334,1767.4998,1462.347,0.9179091,0.55069435
1872.4573,1365.3334,1786.8011,1463.1567,0.8549727,0.43561766
1891.962,1365.3334,1806.1677,1464.696,0.9439236,0.604797
1911.4668,1365.3334,1826.329,1467.0197,0.9573888,0.4269041
1930.9716,1365.3334,1845.4247,1468.3121,0.90393525,0.30836847
1950.4763,1365.3334,1865.6224,1469.9502,0.5710905,0.9186659
1989.4858,1365.3334,1903.4475,1473.1079,0.4452267,0.6319461
117.02858,1384.8381,36.995453,1330.1263,0.99980474,0.42909893
136.53334,1384.8381,56.24428,1331.4073,0.9994341,0.31570655
156.0381,1384.8381,75.498856,1333.1664,0.96161,0.18169205
175.54286,1384.8381,94.43399,1335.0195,0.39044285,0.46470362
195.04762,1384.8381,113.96309,1338.3514,0.8793349,1.6472437
214.55238,1384.8381,133.6098,1338.858,0.99539566,0.43899065
234.05716,1384.8381,153.67061,1340.3076,0.99908566,0.5077027
253.56192,1384.8381,172.11153,1341.2317,0.9997699,0.79684323
273.06668,1384.8381,192.21106,1343.5209,0.9996496,0.162181
292.57144,1384.8381,210.88344,1345.7716,0.99980634,0.79666597
312.0762,1384.8381,230.48087,1346.9415,0.9999379,0.43092176
331.58096,1384.8381,250.21414,1348.7015,0.99991,0.14013098
351.08572,1384.8381,269.5192,1350.054,0.9994409,0.38595793
370.59048,1384.8381,288.73538,1352.1782,0.99628174,0.48666427
390.09525,1384.8381,308.11975,1354.1018,0.9121339,0.62597877
409.6,1384.8381,327.65024,1354.9966,0.5930051,0.6102342
429.10477,1384.8381,347.1925,1356.3655,0.7420022,0.83583117
448.60953,1384.8381,365.98825,1359.2999,0.9983815,1.0420289
468.11432,1384.8381,385.9291,1360.7014,0.99907637,0.45490202
487.61908,1384.8381,406.07654,1362.5454,0.999756,0.4178241
507.12384,1384.8381,424.9724,1363.9324,0.99986136,0.24507964
526.6286,1384.8381,444.76608,1365.7092,0.9996333,0.13493553
546.13336,1384.8381,463.9079,1366.5276,0.9998801,0.8343539
565.6381,1384.8381,482.66684,1368.4486,0.99986434,1.0314032
585.1429,1384.8381,502.73108,1370.5505,0.99302477,0.28444892
604.64764,1384.8381,522.67566,1372.4475,0.90745366,0.30574286
624.1524,1384.8381,541.35626,1374.3861,0.61152303,0.50582856
643.65717,1384.8381,561.0058,1375.4982,0.6467592,0.4127995
663.1619,1384.8381,580.8211,1377.7592,0.9387552,0.26780158
682.6667,1384.8381,600.07336,1379.4526,0.9847507,0.20945798
702.17145,1384.8381,619.6682,1380.8094,0.99626136,0.19820777
721.6762,1384.8381,639.01044,1382.2992,0.99838644,0.34944823
741.18097,1384.8381,658.3851,1384.7574,0.9988668,0.4135764
760.6857,1384.8381,677.8246,1385.3772,0.9996097,0.6667058
780.1905,1384.8381,696.9991,1387.3976,0.99856263,0.42450032
799.69525,1384.8381,716.80896,1389.5643,0.99646175,0.18003485
819.2,1384.8381,735.78925,1390.9626,0.9514852,0.36469272
838.7048,1384.8381,755.681,1393.671,0.8500845,0.8399423
858.20953,1384.8381,774.8011,1395.058,0.5645639,0.54047406
877.7143,1384.8381,795.1482,1395.8705,0.9526305,0.8383097
897.21906,1384.8381,814.2022,1398.5707,0.98516756,0.73034716
916.7238,1384.8381,833.5198,1399.5856,0.9910458,0.26756176
936.22864,1384.8381,852.9972,1401.1282,0.99671996,0.3757748
955.7334,1384.8381,872.0956,1403.24,0.99669594,0.19812757
975.23816,1384.8381,892.1806,1404.5378,0.99792963,0.6630046
994.7429,1384.8381,911.1339,1405.781,0.99853164,0.67970693
1014.2477,1384.8381,930.9992,1408.6261,0.9896239,0.76080066
1033.7524,1384.8381,950.1207,1409.8728,0.9909518,0.2804428
1053.2572,1384.8381,969.9198,1411.7551,0.94160205,0.68123853
1072.762,1384.8381,988.96387,1413.3258,0.30621475,0.2737368
1092.2667,1384.8381,1007.5749,1414.6935,0.50828654,0.6117868
1111.7715,1384.8381,1027.5652,1417.336,0.98007953,0.6931163
1131.2762,1384.8381,1047.06,1418.3558,0.98743,0.066816635
1150.781,1384.8381,1066.8036,1419.694,0.99396706,0.514789
1170.2858,1384.8381,1085.7208,1421.1626,0.9945519,0.5956459
1189.7905,1384.8381,1105.9463,1423.6398,0.9864656,0.6888945
1209.2953,1384.8381,1125.2079,1425.365,0.9827399,0.5391167
1228.8,1384.8381,1144.451,1427.0297,0.9917861,0.35671028
1248.3048,1384.8381,1162.9008,1428.7212,0.97849405,0.70013005
1267.8096,1384.8381,1183.073,1430.8159,0.97854125,0.5768816
1287.3143,1384.8381,1202.6012,1432.3274,0.8193023,0.41761616
1306.8191,1384.8381,1222.314,1433.9591,0.5467397,0.54574865
1326.3239,1384.8381,1241.6136,1435.4465,0.7643494,0.33051094
1345.8286,1384.8381,1260.8369,1437.4658,0.96569616,0.43651715
1365.3334,1384.8381,1279.5593,1438.6632,0.9907479,0.6068778
1384.8381,1384.8381,1299.8025,1440.1176,0.9585979,0.3873094
1404.3429,1384.8381,1319.4052,1442.5421,0.9506736,0.5536756
1423.8477,1384.8381,1337.5454,1443.3884,0.944455,1.0144193
1443.3524,1384.8381,1358.3557,1445.4154,0.9474187,0.4892593
1462.8572,1384.8381,1377.4983,1447.2946,0.93043375,0.19185574
1482.3619,1384.8381,1396.84,1448.7795,0.89675915,0.1886719
1501.8667,1384.8381,1416.116,1450.4819,0.80899,0.17062216
1521.3715,1384.8381,1435.9764,1453.6057,0.32445213,1.3170335
1540.8762,1384.8381,1454.3639,1453.9463,0.36676425,0.6786568
1560.381,1384.8381,1473.9094,1455.7788,0.92230314,0.5581037
1579.8857,1384.8381,1493.2748,1457.6449,0.8874581,0.6543559
1599.3905,1384.8381,1512.2295,1458.3156,0.8511132,1.3740985
1618.8953,1384.8381,1532.4807,1460.3944,0.88500404,0.52631515
1638.4,1384.8381,1551.855,1462.7821,0.6776654,0.41108498
1657.9048,1384.8381,1570.8358,1463.5947,0.7577395,1.0158645
1677.4095,1384.8381,1591.2042,1465.4292,0.7705766,0.535282
1696.9143,1384.8381,1610.847,1467.574,0.6130398,0.37312308
1716.4191,1384.8381,1630.1929,1468.8011,0.6296561,0.6096636
1735.9238,1384.8381,1649.2947,1471.7998,0.8583218,0.7597257
1755.4286,1384.8381,1669.046,1472.9088,0.25300115,0.3213175
1774.9333,1384.8381,1688.3368,1474.895,0.75668526,0.47313955
1794.4381,1384.8381,1707.3785,1476.6215,0.49586615,0.54327977
1813.9429,1384.8381,1726.9589,1477.5493,0.26937297,0.31012586
1833.4476,1384.8381,1746.3573,1479.7927,0.70642376,0.28616992
1872.4573,1384.8381,1784.3541,1482.7196,0.3215759,1.0252033
1891.962,1384.8381,1805.1465,1484.645,0.607574,0.36086097
1911.4668,1384.8381,1824.391,1486.777,0.59972644,0.46965614
1950.4763,1384.8381,1861.897,1489.0352,0.3251475,1.3752351
1969.9811,1384.8381,1882.6575,1491.5458,0.30144724,0.18273714
117.02858,1404.3429,34.935265,1349.8729,0.99937314,0.49778566
136.53334,1404.3429,54.096584,1350.8131,0.99899685,0.3561545
156.0381,1404.3429,73.70143,1352.5394,0.97328174,0.24550356
175.54286,1404.3429,93.30786,1354.1987,0.7158967,0.29807284
195.04762,1404.3429,112.80744,1357.294,0.7673408,1.132383
214.55238,1404.3429,132.20012,1358.2937,0.98314744,0.44111788
234.05716,1404.3429,151.6401,1360.1422,0.9870771,0.58616555
253.56192,1404.3429,170.80983,1360.7795,0.9972782,0.5082222
273.06668,1404.3429,190.09679,1362.9008,0.9993069,0.26474708
292.57144,1404.3429,209.90706,1364.8702,0.9996581,0.23179534
312.0762,1404.3429,229.08818,1365.8926,0.99971,0.49848726
331.58096,1404.3429,248.91176,1367.6123,0.99912167,0.5357863
351.08572,1404.3429,267.94547,1369.6844,0.99696314,0.15656254
370.59048,1404.3429,287.41116,1371.2087,0.99347866,0.28212222
390.09525,1404.3429,306.8992,1373.4263,0.9206454,0.25337216
409.6,1404.3429,326.5855,1374.9486,0.2789778,0.23286688
429.10477,1404.3429,346.54813,1376.6277,0.84606606,0.75490934
448.60953,1404.3429,365.37463,1378.2689,0.9955477,0.14917782
468.11432,1404.3429,384.99496,1380.0298,0.9968114,0.3431914
487.61908,1404.3429,403.5928,1381.9608,0.9947985,0.57061046
507.12384,1404.3429,423.75946,1383.8005,0.9964483,0.48964417
526.6286,1404.3429,442.9008,1385.2222,0.9969762,0.15453644
546.13336,1404.3429,462.61154,1386.7472,0.9988346,0.23485577
565.6381,1404.3429,481.86536,1388.2274,0.9982206,0.25380254
585.1429,1404.3429,501.3966,1389.8617,0.99597615,0.3503551
604.64764,1404.3429,520.9315,1391.0691,0.93588066,0.847051
624.1524,1404.3429,540.06915,1393.5002,0.487513,0.080801785
643.65717,1404.3429,559.9739,1394.9438,0.87942183,0.5527353
663.1619,1404.3429,579.3347,1396.7812,0.9637002,0.4202349
682.6667,1404.3429,598.60583,1399.113,0.937915,0.4877731
702.17145,1404.3429,618.5365,1400.2126,0.94684106,0.73192865
721.6762,1404.3429,637.50604,1401.5154,0.95241094,0.61358327
741.18097,1404.3429,657.4042,1404.1155,0.9641327,0.79705596
760.6857,1404.3429,676.3019,1405.2821,0.99239236,0.2685951
780.1905,1404.3429,695.62726,1407.1902,0.9775317,0.08397162
799.69525,1404.3429,715.29645,1409.158,0.9859663,0.42847386
819.2,1404.3429,734.7405,1410.2543,0.90562445,0.46294627
858.20953,1404.3429,772.9108,1415.3854,0.74578273,1.4554986
877.7143,1404.3429,792.9303,1415.665,0.9250636,0.23296328
897.21906,1404.3429,812.6962,1417.2703,0.97364783,0.5775728
916.7238,1404.3429,832.1135,1419.1025,0.96907365,0.5556663
936.22864,1404.3429,851.24756,1421.3729,0.94486994,0.65234244
955.7334,1404.3429,870.68604,1422.6532,0.97165763,0.32104498
975.23816,1404.3429,890.24225,1423.9037,0.9771063,0.4760412
994.7429,1404.3429,909.40765,1426.2136,0.9578119,0.3627394
1014.2477,1404.3429,929.00793,1427.0499,0.8055663,0.60193354
1033.7524,1404.3429,947.6263,1429.098,0.74055487,0.54472494
1053.2572,1404.3429,967.9231,1431.323,0.9443844,0.4949842
1092.2667,1404.3429,1006.1856,1434.3219,0.6011007,0.25324485
1111.7715,1404.3429,1025.8721,1437.1548,0.7995835,1.0813287
1131.2762,1404.3429,1045.9668,1438.4365,0.768345,0.94424105
1150.781,1404.3429,1065.1229,1439.6136,0.84452856,0.42182812
1170.2858,1404.3429,1084.0458,1441.4844,0.8438851,0.32986787
1189.7905,1404.3429,1103.4055,1443.0712,0.87032664,0.26794478
1209.2953,1404.3429,1123.0216,1443.9636,0.8011855,0.6096387
1228.8,1404.3429,1141.9751,1445.9929,0.7568779,0.54908633
1248.3048,1404.3429,1161.6191,1448.3605,0.7819662,0.46576008
1267.8096,1404.3429,1181.2623,1449.7085,0.93779904,0.05806096
1287.3143,1404.3429,1200.8344,1451.9031,0.6650685,0.5385568
1326.3239,1404.3429,1238.002,1454.9827,0.356154,1.6117249
1345.8286,1404.3429,1258.7694,1456.1484,0.559774,0.4164778
1365.3334,1404.3429,1278.1907,1457.9558,0.82479405,0.34672073
1384.8381,1404.3429,1298.0846,1459.4492,0.67550135,0.46558908
1404.3429,1404.3429,1317.6144,1462.1338,0.6518297,0.63247573
1423.8477,1404.3429,1337.4087,1463.1963,0.7781731,0.6604557
1443.3524,1404.3429,1356.5516,1464.8243,0.7776952,0.39718798
1462.8572,1404.3429,1376.3036,1466.3256,0.5677921,0.77225405
1482.3619,1404.3429,1395.8086,1467.9325,0.44918415,0.8819811
1521.3715,1404.3429,1433.1771,1471.8772,0.40693876,0.73574686
1560.381,1404.3429,1473.2953,1475.6802,0.42599612,0.73315567
1579.8857,1404.3429,1492.4579,1477.468,0.6652566,0.6502543
1618.8953,1404.3429,1530.7435,1481.1793,0.34457117,0.9599468
1638.4,1404.3429,1550.2795,1482.2306,0.5074592,0.33225557
1657.9048,1404.3429,1569.5292,1483.4031,0.5240641,0.4737785
1677.4095,1404.3429,1588.5774,1485.0223,0.66588074,0.84777135
1696.9143,1404.3429,1608.8495,1486.9021,0.5611881,0.18363664
1716.4191,1404.3429,1627.7927,1487.7734,0.5535606,1.0825961
1774.9333,1404.3429,1686.3009,1493.4166,0.4441668,0.4978823
1794.4381,1404.3429,1706.01,1496.2137,0.44464415,0.6464656
1813.9429,1404.3429,1725.8402,1497.0027,0.5145731,0.5475348
1833.4476,1404.3429,1745.2697,1498.6483,0.67706716,0.5752751
1852.9524,1404.3429,1764.2115,1501.0874,0.6810606,0.41585076
1872.4573,1404.3429,1783.9548,1502.456,0.63459367,0.3113273
1891.962,1404.3429,1803.194,1503.7305,0.5634599,0.35795534
1911.4668,1404.3429,1822.1622,1506.2448,0.561263,0.59091836
1930.9716,1404.3429,1842.1309,1507.5292,0.5058042,0.1928884
1950.4763,1404.3429,1863.2028,1507.7539,0.4723616,2.3112392
1969.9811,1404.3429,1882.6138,1510.8986,0.41131577,1.8061115
1989.4858,1404.3429,1900.2175,1512.4564,0.3783829,0.116869494
117.02858,1423.8477,33.828667,1368.8967,0.99873513,0.62872064
136.53334,1423.8477,52.948597,1370.3528,0.9977575,0.34744254
156.0381,1423.8477,72.46583,1372.8569,0.9906511,0.7627606
175.54286,1423.8477,91.90792,1372.9888,0.8007649,1.0049707
195.04762,1423.8477,111.77398,1376.4115,0.39575088,1.1674618
214.55238,1423.8477,130.92628,1377.7135,0.9345019,0.6981975
234.05716,1423.8477,150.23698,1379.2786,0.93957543,0.5236684
253.56192,1423.8477,169.39865,1380.3458,0.98490816,0.40209684
273.06668,1423.8477,189.4829,1382.3958,0.99026227,0.8321722
292.57144,1423.8477,208.35345,1384.4163,0.9976329,0.4126308
312.0762,1423.8477,227.87387,1384.8503,0.9986288,1.0219511
331.58096,1423.8477,247.16574,1387.0023,0.9981814,0.5509544
351.08572,1423.8477,265.8664,1389.1364,0.9900177,0.5113177
370.59048,1423.8477,286.28955,1390.2166,0.96725774,0.84346026
390.09525,1423.8477,305.52112,1392.079,0.8811878,0.60000706
409.6,1423.8477,324.94128,1394.9587,0.59422827,0.7091759
429.10477,1423.8477,344.06732,1395.5022,0.90678734,0.50430524
448.60953,1423.8477,363.99234,1398.0757,0.95067275,0.5955756
468.11432,1423.8477,383.62445,1399.3895,0.988932,0.66843766
487.61908,1423.8477,402.26865,1400.6167,0.971647,0.5029546
507.12384,1423.8477,421.43948,1402.4102,0.9696219,0.54687154
526.6286,1423.8477,440.80054,1404.3097,0.94098395,0.4882743
546.13336,1423.8477,461.01602,1405.8965,0.97450626,0.45766953
565.6381,1423.8477,480.2953,1408.5791,0.97615635,0.69900924
585.1429,1423.8477,499.11807,1409.5751,0.9732658,0.42247277
604.64764,1423.8477,518.38464,1411.0343,0.75265974,0.6450722
624.1524,1423.8477,537.7006,1413.6195,0.21409684,0.9312595
643.65717,1423.8477,558.4493,1414.2625,0.5180095,0.76036406
663.1619,1423.8477,576.726,1416.1925,0.573105,0.57631034
682.6667,1423.8477,595.90594,1418.5771,0.680733,0.9170736
702.17145,1423.8477,615.6553,1419.273,0.7513973,0.70828086
721.6762,1423.8477,635.2682,1421.4441,0.6214128,0.2915299
741.18097,1423.8477,655.32135,1423.6725,0.87327987,0.57663363
760.6857,1423.8477,674.2463,1424.8247,0.88030654,0.18624337
780.1905,1423.8477,693.09155,1426.6202,0.85557353,0.7534529
799.69525,1423.8477,713.32526,1428.2874,0.8907429,0.052832793
819.2,1423.8477,732.6419,1429.879,0.72703123,0.14109555
838.7048,1423.8477,753.2352,1431.7362,0.5815274,1.0992061
858.20953,1423.8477,771.3254,1433.9843,0.26575372,0.62794375
877.7143,1423.8477,790.7843,1434.6791,0.6482622,0.47598353
897.21906,1423.8477,810.4857,1436.9318,0.33895144,0.13963841
916.7238,1423.8477,829.9665,1438.1176,0.58809274,0.401711
936.22864,1423.8477,848.8804,1438.8706,0.78139365,1.3951225
955.7334,1423.8477,868.60345,1441.6199,0.8054806,0.3074081
975.23816,1423.8477,888.21173,1443.0366,0.9218958,0.5710596
994.7429,1423.8477,907.54913,1444.5441,0.76363325,0.7609161
1014.2477,1423.8477,927.7107,1447.5013,0.5765283,0.85794586
1033.7524,1423.8477,946.5709,1448.4419,0.61765206,0.2923168
1053.2572,1423.8477,966.0735,1450.5682,0.7796699,0.25944746
1072.762,1423.8477,985.5378,1452.4459,0.28446656,0.41464266
1092.2667,1423.8477,1004.8696,1453.8998,0.39115882,0.16633692
1111.7715,1423.8477,1024.5226,1456.2893,0.5835344,0.86324906
1131.2762,1423.8477,1043.7742,1457.7299,0.5648686,0.5556909
1170.2858,1423.8477,1082.029,1461.1163,0.55975395,0.6668015
1189.7905,1423.8477,1102.1244,1462.8505,0.35100308,0.5961473
1209.2953,1423.8477,1121.916,1463.5522,0.44391516,0.75039274
1248.3048,1423.8477,1161.0542,1467.0927,0.6694568,0.9299438
1267.8096,1423.8477,1180.7139,1468.773,0.61044735,1.153905
1326.3239,1423.8477,1237.9174,1473.88,0.4009473,0.3240723
1345.8286,1423.8477,1256.9985,1475.5974,0.83820486,0.45163482
1365.3334,1423.8477,1276.3179,1477.6086,0.4569326,0.44326696
1384.8381,1423.8477,1296.1812,1478.4825,0.6433336,0.82098997
1404.3429,1423.8477,1315.5582,1480.6642,0.39424357,0.34521124
1423.8477,1423.8477,1335.0643,1482.6166,0.57780373,0.087563306
1443.3524,1423.8477,1354.569,1484.2905,0.35894975,0.14165312
1462.8572,1423.8477,1374.3293,1486.7731,0.42618537,0.7882225
1482.3619,1423.8477,1393.4663,1487.5841,0.42531714,0.2507654
1501.8667,1423.8477,1412.7712,1489.0217,0.7440888,0.48145923
1521.3715,1423.8477,1432.1375,1491.0559,0.70362693,0.16215996
1560.381,1423.8477,1471.1069,1494.6261,0.4816716,0.046634216
1579.8857,1423.8477,1490.7133,1496.3489,0.89052564,0.22112457
1599.3905,1423.8477,1510.5647,1497.3191,0.71403897,0.93470156
1618.8953,1423.8477,1529.6716,1499.9932,0.9516649,0.4273271
1638.4,1423.8477,1549.1635,1501.6096,0.95595664,0.42812893
1657.9048,1423.8477,1568.0276,1502.3179,0.9573356,0.8079419
1677.4095,1423.8477,1587.6011,1505.2992,0.9291841,0.49883154
1696.9143,1423.8477,1607.1799,1506.6044,0.9661948,0.14242932
1716.4191,1423.8477,1626.0378,1507.3485,0.9168403,0.9763022
1735.9238,1423.8477,1645.9093,1509.7068,0.8443094,0.19839562
1755.4286,1423.8477,1665.2201,1511.4949,0.5771888,0.18605106
1774.9333,1423.8477,1684.9608,1513.1404,0.7736315,0.22668256
1794.4381,1423.8477,1704.8021,1515.3481,0.94053507,0.66596925
1813.9429,1423.8477,1722.5532,1516.4357,0.95441246,1.1418191
1833.4476,1423.8477,1743.7361,1517.9977,0.9740271,0.75896746
1852.9524,1423.8477,1762.7788,1519.8971,0.97626555,0.32674393
1872.4573,1423.8477,1781.5258,1521.3284,0.9452537,0.6395162
1891.962,1423.8477,1801.3309,1523.2998,0.86863536,0.20968272
1911.4668,1423.8477,1821.3496,1525.7251,0.7949114,0.74693483
1930.9716,1423.8477,1841.0878,1526.861,0.88034666,0.841948
1950.4763,1423.8477,1859.3613,1528.1746,0.7657083,0.5316288
1969.9811,1423.8477,1878.6035,1530.2217,0.5883693,0.51074994
117.02858,1443.3524,31.559582,1388.3306,0.85589427,0.10752206
136.53334,1443.3524,50.603683,1389.483,0.9691505,0.5632277
156.0381,1443.3524,70.20985,1391.453,0.9660242,0.24232717
175.54286,1443.3524,90.20647,1392.3666,0.70382506,1.0527562
214.55238,1443.3524,129.62802,1397.1323,0.7553341,1.0464468
234.05716,1443.3524,148.13252,1399.2312,0.86478376,0.7955841
253.56192,1443.3524,167.04182,1400.0251,0.94060427,0.4913062
273.06668,1443.3524,186.90063,1402.2057,0.87173307,0.37241763
292.57144,1443.3524,206.75429,1403.1628,0.9462533,0.5279891
312.0762,1443.3524,225.03003,1404.5865,0.96064794,1.0168014
331.58096,1443.3524,245.22264,1406.6696,0.9360193,0.26770258
351.08572,1443.3524,263.60046,1408.9325,0.9623267,1.1126413
370.59048,1443.3524,283.66064,1410.3042,0.95403135,0.4440725
390.09525,1443.3524,303.8685,1412.007,0.66870123,0.33573356
429.10477,1443.3524,342.02054,1414.7842,0.8456014,0.75203824
448.60953,1443.3524,362.73578,1417.8053,0.7587473,1.1295682
468.11432,1443.3524,381.30167,1418.5155,0.8308716,0.32387793
487.61908,1443.3524,400.82855,1419.9731,0.6016715,0.5805601
507.12384,1443.3524,420.2154,1421.6898,0.7170929,0.554995
526.6286,1443.3524,439.5132,1423.4601,0.63868517,0.47721308
546.13336,1443.3524,459.49902,1425.7734,0.40005517,0.538439
565.6381,1443.3524,478.72202,1427.2747,0.7278369,0.31899062
585.1429,1443.3524,497.97574,1428.311,0.33205727,0.7375441
604.64764,1443.3524,517.6008,1430.0417,0.21358798,0.7688684
663.1619,1443.3524,576.2213,1434.9023,0.29721034,1.1429011
702.17145,1443.3524,614.70276,1438.7064,0.3566931,0.59867203
741.18097,1443.3524,652.6809,1443.0018,0.37065694,0.7055269
760.6857,1443.3524,672.21686,1443.5773,0.3575874,0.90686244
780.1905,1443.3524,692.04736,1445.3925,0.53491807,0.65030015
799.69525,1443.3524,711.4044,1448.1873,0.41267842,0.4831827
819.2,1443.3524,730.64484,1449.039,0.23588309,0.53621715
838.7048,1443.3524,751.5207,1450.601,0.39873993,1.2086759
877.7143,1443.3524,790.4652,1454.9648,0.49750945,1.2441572
897.21906,1443.3524,809.8586,1456.3577,0.4717995,1.1370565
916.7238,1443.3524,829.5725,1457.9122,0.35131076,1.4140027
955.7334,1443.3524,866.5647,1461.1185,0.39869913,0.5039781
975.23816,1443.3524,886.576,1462.7584,0.43567982,0.3036845
994.7429,1443.3524,905.7862,1465.124,0.24698988,0.4005231
1014.2477,1443.3524,925.8391,1467.5365,0.35207972,1.2215246
1033.7524,1443.3524,944.29645,1467.8402,0.5961846,0.5341196
1053.2572,1443.3524,964.6438,1469.3928,0.70464,0.646026
1072.762,1443.3524,983.40594,1471.3998,0.74270296,0.23887292
1092.2667,1443.3524,1003.4194,1473.0414,0.3454718,0.43143678
1111.7715,1443.3524,1022.7219,1474.9271,0.48457268,0.257859
1131.2762,1443.3524,1042.1382,1476.4572,0.61596733,0.30127472
1150.781,1443.3524,1060.7968,1478.29,0.8954718,0.5303072
1170.2858,1443.3524,1081.3049,1480.234,0.87378925,0.584336
1189.7905,1443.3524,1100.7104,1482.0947,0.761052,0.63608754
1209.2953,1443.3524,1119.9886,1483.5477,0.8571337,0.38873515
1228.8,1443.3524,1139.6548,1485.8387,0.8983879,0.9301807
1248.3048,1443.3524,1158.8981,1486.8718,0.9181922,0.42184484
1267.8096,1443.3524,1178.329,1488.16,0.6368306,0.5628785
1287.3143,1443.3524,1198.2706,1490.1646,0.31015065,0.93423533
1326.3239,1443.3524,1235.9755,1493.3816,0.6930628,0.33789945
1345.8286,1443.3524,1254.9907,1495.997,0.9556352,0.92140305
1365.3334,1443.3524,1274.7443,1497.3712,0.9749758,0.462796
1384.8381,1443.3524,1294.2267,1498.7982,0.9696582,0.27268216
1404.3429,1443.3524,1313.9581,1500.7146,0.96325135,0.2829251
1423.8477,1443.3524,1333.0294,1502.5194,0.9755544,0.50316316
1443.3524,1443.3524,1352.6848,1504.2362,0.9047563,0.41422802
1462.8572,1443.3524,1372.2876,1505.8842,0.9345003,0.35801613
1482.3619,1443.3524,1391.9468,1506.964,0.90608937,0.4052225
1501.8667,1443.3524,1410.5328,1508.5885,0.94660246,0.64269835
1521.3715,1443.3524,1430.2374,1510.1329,0.8558734,0.5679723
1540.8762,1443.3524,1449.6038,1512.1433,0.3869455,0.3828091
1560.381,1443.3524,1468.9108,1514.3915,0.8386255,0.57944083
1579.8857,1443.3524,1488.5485,1516.0737,0.9570545,0.42132238
1599.3905,1443.3524,1507.6117,1517.1765,0.9593858,0.66730213
1618.8953,1443.3524,1527.5615,1518.4615,0.98748523,0.6787779
1638.4,1443.3524,1546.661,1520.7374,0.9929414,0.4382444
1657.9048,1443.3524,1566.1129,1522.3054,0.99539894,0.46581098
1677.4095,1443.3524,1586.0223,1524.2008,0.9954634,0.0795596
1696.9143,1443.3524,1605.4373,1525.8916,0.9913451,0.07058684
1716.4191,1443.3524,1624.3943,1527.5411,0.94701034,0.42655253
1735.9238,1443.3524,1643.803,1529.8706,0.9276505,0.6935666
1755.4286,1443.3524,1663.3876,1530.9421,0.3599472,0.29849288
1774.9333,1443.3524,1682.5353,1532.2545,0.83720934,0.7420401
1794.4381,1443.3524,1702.6187,1535.2607,0.9545886,0.83218265
1813.9429,1443.3524,1721.5308,1536.0839,0.99343854,0.43551275
1833.4476,1443.3524,1741.3759,1537.4927,0.9970088,0.34069583
1852.9524,1443.3524,1760.7657,1539.4958,0.9919138,0.0694979
1872.4573,1443.3524,1780.0073,1540.7839,0.9891518,0.5127722
1891.962,1443.3524,1799.9208,1541.9816,0.97104686,0.97976834
1911.4668,1443.3524,1819.6365,1545.0988,0.9570916,0.69840056
1930.9716,1443.3524,1838.3616,1545.9338,0.97580373,0.43975163
1950.4763,1443.3524,1858.0417,1548.2347,0.9584654,0.21213786
1969.9811,1443.3524,1877.3129,1549.7795,0.6866598,0.106072426
1989.4858,1443.3524,1896.8704,1550.2522,0.4852545,1.1807277
117.02858,1462.8572,29.96233,1407.9127,0.7254936,0.29043087
136.53334,1462.8572,49.711636,1409.2095,0.35991138,0.5001821
156.0381,1462.8572,68.89884,1410.766,0.48002455,0.3799579
175.54286,1462.8572,89.05821,1412.8245,0.80626243,0.9617283
214.55238,1462.8572,126.48634,1416.4526,0.7032503,0.5522848
234.05716,1462.8572,147.1729,1418.3661,0.66639185,0.92845064
253.56192,1462.8572,166.4048,1419.8372,0.8075887,0.64376634
292.57144,1462.8572,204.47035,1423.3745,0.45736906,0.45878696
312.0762,1462.8572,223.83293,1424.9238,0.3515419,0.37916213
331.58096,1462.8572,244.19992,1427.3679,0.5269626,1.1974545
351.08572,1462.8572,263.7182,1427.9204,0.48887736,0.75943303
370.59048,1462.8572,283.24283,1429.6417,0.2498152,0.84852743
409.6,1462.8572,321.04636,1434.0549,0.3465627,0.914497
429.10477,1462.8572,340.90274,1434.6818,0.44843122,0.2780714
448.60953,1462.8572,359.78717,1436.4523,0.32282466,0.35740024
468.11432,1462.8572,379.63074,1438.3734,0.6654016,0.13008773
487.61908,1462.8572,399.37268,1439.4574,0.81951696,0.63892967
507.12384,1462.8572,418.56805,1442.0325,0.83704704,0.39565438
526.6286,1462.8572,437.7471,1442.9288,0.63764787,0.44920668
546.13336,1462.8572,457.0425,1444.9237,0.6563595,0.27581918
565.6381,1462.8572,476.65497,1446.3369,0.38663277,0.43295208
585.1429,1462.8572,496.5359,1448.6245,0.4282279,0.42669487
604.64764,1462.8572,515.25116,1449.8392,0.34461308,0.45691115
624.1524,1462.8572,534.9916,1452.4,0.5517679,0.5337689
643.65717,1462.8572,554.4743,1452.9242,0.52279943,0.6435341
663.1619,1462.8572,574.1857,1455.311,0.558169,0.32705745
682.6667,1462.8572,593.23047,1457.4635,0.7386404,0.50114316
702.17145,1462.8572,613.0807,1458.1428,0.65003264,0.6339677
721.6762,1462.8572,632.1514,1459.5403,0.67358583,0.825808
741.18097,1462.8572,651.61694,1462.3708,0.8666653,0.30659288
760.6857,1462.8572,671.8393,1463.4624,0.6589099,0.878925
780.1905,1462.8572,690.63074,1465.2235,0.8782227,0.3054364
799.69525,1462.8572,710.1965,1467.2749,0.8756326,0.33898905
819.2,1462.8572,729.41144,1469.0128,0.8069599,0.18086389
838.7048,1462.8572,751.65137,1470.3706,0.30058405,2.9213233
877.7143,1462.8572,787.9949,1473.6508,0.38798463,0.50692135
897.21906,1462.8572,807.04974,1476.3634,0.5859941,0.69808644
916.7238,1462.8572,826.5771,1477.3745,0.6398353,0.11868218
936.22864,1462.8572,846.1789,1479.3589,0.8756628,0.41217116
955.7334,1462.8572,865.33136,1480.7024,0.942596,0.06414501
975.23816,1462.8572,884.84393,1482.5881,0.88152856,0.1542527
994.7429,1462.8572,904.14215,1483.3287,0.903952,0.83756995
1014.2477,1462.8572,924.7886,1486.4562,0.7938836,1.3170216
1033.7524,1462.8572,944.2106,1487.3286,0.8843886,1.1922494
1053.2572,1462.8572,962.46454,1488.5206,0.97727036,0.7446725
1072.762,1462.8572,981.47736,1491.2136,0.56643856,0.492949
1092.2667,1462.8572,1000.8926,1492.8351,0.7444706,0.4726982
1111.7715,1462.8572,1020.3579,1494.8424,0.94518065,0.62681663
1131.2762,1462.8572,1040.1951,1496.836,0.97070944,0.77099615
1150.781,1462.8572,1059.5679,1497.6393,0.99393046,0.13820386
1170.2858,1462.8572,1078.6036,1499.7384,0.9881539,0.5283997
1189.7905,1462.8572,1098.5211,1501.349,0.98601556,0.18722077
1209.2953,1462.8572,1117.4684,1502.4674,0.97496563,0.5993432
1228.8,1462.8572,1136.8818,1504.6746,0.9829666,0.47830695
1248.3048,1462.8572,1156.5929,1506.8267,0.9947801,0.59146386
1267.8096,1462.8572,1175.7744,1507.592,0.93157524,0.5721967
1287.3143,1462.8572,1195.3403,1509.5403,0.50779307,0.3236178
1306.8191,1462.8572,1215.09,1511.1626,0.64156616,0.20317374
1326.3239,1462.8572,1234.5679,1513.3131,0.6496814,0.2574859
1345.8286,1462.8572,1253.341,1515.1818,0.9431655,0.72232676
1365.3334,1462.8572,1272.6995,1516.5753,0.9881938,0.6709414
1384.8381,1462.8572,1292.2795,1517.7802,0.9973986,0.6404053
1404.3429,1462.8572,1311.8641,1519.9474,0.99511325,0.3676201
1423.8477,1462.8572,1331.651,1521.4221,0.9970007,0.14234576
1443.3524,1462.8572,1350.8036,1522.9297,0.9941485,0.43625116
1462.8572,1462.8572,1370.3489,1525.418,0.9948207,0.48270375
1482.3619,1462.8572,1390.8545,1526.6412,0.99212146,0.91032654
1501.8667,1462.8572,1409.5231,1527.938,0.97725457,0.45125473
1521.3715,1462.8572,1428.7892,1529.7673,0.76566726,0.29732528
1540.8762,1462.8572,1448.0865,1531.3369,0.3048748,0.4526188
1560.381,1462.8572,1467.4801,1533.9513,0.9062956,0.52162474
1579.8857,1462.8572,1487.4143,1535.7332,0.97699493,0.65155184
1599.3905,1462.8572,1506.8206,1536.6813,0.99274564,0.34528875
1618.8953,1462.8572,1526.4801,1538.6694,0.99722,0.5325215
1638.4,1462.8572,1545.701,1540.4897,0.99826044,0.38545972
1657.9048,1462.8572,1565.0664,1541.9669,0.9984263,0.24721122
1677.4095,1462.8572,1584.0374,1542.4581,0.9988076,1.2242546
1696.9143,1462.8572,1603.7583,1545.4094,0.9974873,0.09038126
1716.4191,1462.8572,1622.7921,1546.5732,0.9443419,0.5849403
1735.9238,1462.8572,1642.5155,1549.3739,0.8223255,0.610778
1755.4286,1462.8572,1662.5527,1550.3718,0.3739944,0.58802
1774.9333,1462.8572,1682.0403,1551.6567,0.60796624,0.81467396
1794.4381,1462.8572,1701.0386,1554.1322,0.9777094,0.33829683
1813.9429,1462.8572,1720.8069,1555.4978,0.99719685,0.5472896
1833.4476,1462.8572,1739.6587,1556.9882,0.9995098,0.27753553
1852.9524,1462.8572,1759.2234,1559.4092,0.9995853,0.456608
1872.4573,1462.8572,1778.6268,1560.6333,0.99945074,0.07758065
1891.962,1462.8572,1798.1985,1561.7104,0.9979744,0.68659174
1911.4668,1462.8572,1817.7345,1563.8389,0.99624026,0.3892776
1930.9716,1462.8572,1836.3809,1565.2488,0.99765956,0.6941382
1950.4763,1462.8572,1855.7604,1568.194,0.97917205,0.89526623
1969.9811,1462.8572,1875.4003,1569.6527,0.92360383,0.5783037
1989.4858,1462.8572,1895.4587,1570.8735,0.32577717,0.32036248
136.53334,1482.3619,47.334957,1428.9052,0.7363223,0.22876997
156.0381,1482.3619,66.39054,1430.2941,0.7599445,0.61211956
175.54286,1482.3619,86.94925,1432.4799,0.53326255,0.6189367
195.04762,1482.3619,106.37473,1434.0106,0.6375641,0.5574942
214.55238,1482.3619,125.40959,1435.6681,0.9218462,0.16588792
234.05716,1482.3619,144.14903,1438.0228,0.8570015,0.90447384
253.56192,1482.3619,164.69603,1439.3928,0.8188227,0.6981399
273.06668,1482.3619,183.61052,1440.7809,0.3388957,0.10227912
292.57144,1482.3619,202.4163,1442.4786,0.86869484,0.57093567
312.0762,1482.3619,222.87453,1443.6041,0.7197661,0.6763778
331.58096,1482.3619,242.00848,1446.1901,0.65948206,0.42608985
351.08572,1482.3619,261.54922,1447.9662,0.5872638,0.54392654
370.59048,1482.3619,280.7826,1448.8865,0.6508606,0.32089844
390.09525,1482.3619,300.38278,1450.4807,0.8318343,0.48529306
429.10477,1482.3619,338.61835,1454.118,0.69652534,0.4173497
448.60953,1482.3619,358.28607,1455.971,0.93940175,0.14214583
468.11432,1482.3619,378.4325,1457.8401,0.9057624,0.5935799
487.61908,1482.3619,397.04028,1459.0603,0.98052055,0.41752705
507.12384,1482.3619,416.4499,1461.4762,0.97860765,0.46394417
526.6286,1482.3619,435.25165,1463.6819,0.87475234,1.2594526
546.13336,1482.3619,454.63406,1464.2554,0.8674054,0.9748946
565.6381,1482.3619,474.8803,1466.4863,0.9565389,0.3166636
585.1429,1482.3619,493.33182,1467.8497,0.94643766,1.1087949
604.64764,1482.3619,513.2154,1469.1274,0.7273067,0.805703
624.1524,1482.3619,532.94696,1471.0262,0.50252587,0.445406
643.65717,1482.3619,552.734,1473.6355,0.20740856,0.6386778
663.1619,1482.3619,571.6466,1474.8014,0.68437946,0.5257118
682.6667,1482.3619,591.197,1476.1813,0.8998517,0.4502245
702.17145,1482.3619,610.95575,1477.9901,0.9497482,0.1259532
721.6762,1482.3619,630.3757,1479.1497,0.9338042,0.65162873
741.18097,1482.3619,649.5796,1481.9794,0.9415449,0.5707302
760.6857,1482.3619,669.56604,1482.7991,0.9391973,0.47036207
780.1905,1482.3619,688.9051,1484.6042,0.9900901,0.33321548
799.69525,1482.3619,707.5865,1487.126,0.98021895,0.7920821
819.2,1482.3619,727.6212,1488.9542,0.9572425,0.658011
838.7048,1482.3619,747.31244,1489.7505,0.81164664,0.3694828
858.20953,1482.3619,766.4479,1491.707,0.35588065,0.022076847
877.7143,1482.3619,785.97766,1492.985,0.7632046,0.4189553
897.21906,1482.3619,804.88885,1494.9575,0.84832895,0.46075514
916.7238,1482.3619,824.60114,1496.7866,0.88197696,0.15794107
936.22864,1482.3619,844.1305,1497.7103,0.9404807,0.78797096
955.7334,1482.3619,863.8727,1499.9596,0.98806304,0.34610623
975.23816,1482.3619,882.9872,1501.3546,0.96594316,0.5450691
994.7429,1482.3619,902.6657,1503.5233,0.9853703,0.19846073
1014.2477,1482.3619,921.81805,1505.3125,0.97854364,0.09496819
1033.7524,1482.3619,941.621,1507.1403,0.9802737,0.31404185
1053.2572,1482.3619,961.1407,1509.2953,0.9702025,0.7034486
1072.762,1482.3619,980.5019,1511.129,0.5894124,0.7917825
1092.2667,1482.3619,1000.0328,1512.6213,0.42255348,0.6599478
1111.7715,1482.3619,1018.79846,1514.4258,0.8786018,0.6838961
1131.2762,1482.3619,1038.806,1516.0732,0.9929118,0.65616995
1150.781,1482.3619,1058.0166,1516.7594,0.9967022,0.44561237
1170.2858,1482.3619,1077.405,1518.9203,0.99674886,0.05508307
1189.7905,1482.3619,1097.033,1521.1323,0.9964316,0.590785
1209.2953,1482.3619,1116.5004,1522.0864,0.99728006,0.35216022
1228.8,1482.3619,1136.0886,1524.5105,0.99810266,0.6782255
1248.3048,1482.3619,1155.5808,1526.0334,0.99878496,0.60592955
1267.8096,1482.3619,1174.8132,1527.0016,0.98167473,0.49781108
1287.3143,1482.3619,1194.2196,1529.102,0.945571,0.28060085
1306.8191,1482.3619,1213.7502,1530.1725,0.40504822,0.7297939
1326.3239,1482.3619,1233.5062,1531.8467,0.66927683,0.95863676
1345.8286,1482.3619,1252.8392,1534.0786,0.95723057,0.6195635
1365.3334,1482.3619,1272.2517,1535.9983,0.995933,0.59941727
1384.8381,1482.3619,1291.0104,1538.287,0.9992527,0.6966688
1404.3429,1482.3619,1310.3784,1539.4712,0.9989575,0.22746682
1423.8477,1482.3619,1330.6439,1541.1154,0.9996041,0.7014436
1443.3524,1482.3619,1349.0166,1542.7706,0.9997684,0.37454754
1462.8572,1482.3619,1369.1274,1544.4802,0.99926627,0.32488194
1482.3619,1482.3619,1388.5529,1545.8958,0.9975929,0.36704084
1501.8667,1482.3619,1408.016,1547.8318,0.978224,0.3429428
1521.3715,1482.3619,1427.3672,1549.1796,0.8054935,0.40960318
1540.8762,1482.3619,1446.6705,1551.1777,0.45843893,0.13558736
1560.381,1482.3619,1466.7996,1554.4006,0.9078366,1.721012
1579.8857,1482.3619,1486.1343,1554.846,0.99219084,0.7788526
1599.3905,1482.3619,1505.2692,1556.2026,0.9981865,0.45099485
1618.8953,1482.3619,1524.5828,1557.5974,0.9998287,0.5128739
1638.4,1482.3619,1543.5278,1560.2853,0.99967605,0.6123347
1657.9048,1482.3619,1563.6548,1560.5717,0.99956566,0.9816865
1677.4095,1482.3619,1582.1936,1563.0771,0.99958676,0.35661677
1696.9143,1482.3619,1602.2035,1564.9564,0.9970949,0.27581322
1716.4191,1482.3619,1620.9468,1566.1995,0.9796609,0.5498238
1735.9238,1482.3619,1641.0266,1568.8569,0.80965465,0.6881056
1755.4286,1482.3619,1660.6445,1569.8362,0.62931573,0.37704372
1774.9333,1482.3619,1679.9757,1571.7236,0.7025961,0.3023395
1794.4381,1482.3619,1699.9233,1573.9747,0.9757089,1.0430009
1813.9429,1482.3619,1719.2953,1575.4574,0.99878037,0.86607707
1833.4476,1482.3619,1737.6954,1576.4812,0.99983704,0.36673665
1852.9524,1482.3619,1757.1323,1578.4701,0.99997354,0.3021185
1872.4573,1482.3619,1776.8442,1580.0845,0.9999709,0.0145514775
1891.962,1482.3619,1795.9115,1581.9045,0.9999254,0.39041775
1911.4668,1482.3619,1815.7817,1584.2775,0.9997449,0.7864078
1930.9716,1482.3619,1835.1646,1585.1282,0.99891216,0.06786769
1950.4763,1482.3619,1854.8778,1586.4324,0.9445416,0.55043346
1969.9811,1482.3619,1873.0308,1588.9415,0.49927366,1.0373718
1989.4858,1482.3619,1892.8258,1589.9386,0.32877114,0.70818526
136.53334,1501.8667,45.32702,1448.5706,0.7195765,0.6141451
156.0381,1501.8667,64.74098,1449.4048,0.94890594,0.7428502
175.54286,1501.8667,85.05643,1452.1993,0.8947734,0.6738646
214.55238,1501.8667,123.41494,1455.2688,0.9351145,0.28039405
234.05716,1501.8667,143.14247,1456.8074,0.9443678,0.1718027
253.56192,1501.8667,161.80789,1458.3104,0.9191131,0.6237958
273.06668,1501.8667,181.66035,1459.2546,0.89806324,0.8942125
292.57144,1501.8667,201.0843,1461.7441,0.9657747,0.21440513
312.0762,1501.8667,220.57835,1463.1837,0.97918886,0.369523
331.58096,1501.8667,240.18129,1464.796,0.99214476,0.43385667
351.08572,1501.8667,259.56165,1467.0104,0.9732673,0.08307592
370.59048,1501.8667,278.55804,1468.3986,0.97199804,0.5012674
390.09525,1501.8667,298.1641,1470.7883,0.93999887,0.53370833
409.6,1501.8667,317.79413,1472.2572,0.36036727,0.23986916
429.10477,1501.8667,336.8922,1473.394,0.8026899,0.52336395
448.60953,1501.8667,356.3907,1475.3579,0.9948304,0.34233543
468.11432,1501.8667,376.20273,1477.2651,0.9878417,0.14493223
487.61908,1501.8667,395.29987,1478.2933,0.9972267,0.6066491
507.12384,1501.8667,415.40604,1480.6934,0.99877983,0.42238688
526.6286,1501.8667,434.23895,1482.4717,0.99932176,0.32133752
546.13336,1501.8667,453.63785,1483.8036,0.99862254,0.27079368
565.6381,1501.8667,473.05286,1485.7212,0.9980649,0.27282482
585.1429,1501.8667,492.63846,1487.3657,0.9948067,0.10816904
604.64764,1501.8667,511.79553,1488.1599,0.92114407,0.94501096
624.1524,1501.8667,531.78503,1489.9203,0.56409156,0.82789534
643.65717,1501.8667,551.4168,1492.7219,0.5704264,0.4851513
663.1619,1501.8667,570.59595,1494.0427,0.85185176,0.1585482
682.6667,1501.8667,590.4171,1495.115,0.94173855,0.8846884
702.17145,1501.8667,609.4183,1497.2402,0.9910878,0.3024084
721.6762,1501.8667,629.0458,1499.5869,0.997754,0.46352074
741.18097,1501.8667,648.7261,1501.1206,0.99573094,0.57554907
760.6857,1501.8667,668.28906,1503.0073,0.99563307,0.77429897
780.1905,1501.8667,687.5678,1504.2866,0.99724364,0.5243253
799.69525,1501.8667,706.40436,1505.885,0.99506193,0.15883413
819.2,1501.8667,726.06604,1506.9484,0.9909296,0.79481727
838.7048,1501.8667,745.3637,1509.7133,0.97641605,0.28765056
858.20953,1501.8667,765.1171,1511.3835,0.72393227,0.4339841
877.7143,1501.8667,784.5247,1512.4829,0.5985805,0.4745043
897.21906,1501.8667,803.2914,1514.2158,0.9739166,0.45845178
916.7238,1501.8667,823.62036,1516.4167,0.99629354,0.5928176
936.22864,1501.8667,843.09247,1517.6372,0.998522,0.66888785
955.7334,1501.8667,862.2715,1519.2109,0.9985127,0.5443507
975.23816,1501.8667,882.2671,1521.7122,0.9971808,0.9943813
994.7429,1501.8667,901.2401,1522.2946,0.9986306,0.8639731
1014.2477,1501.8667,919.9682,1525.3953,0.999434,0.71173877
1033.7524,1501.8667,939.9716,1526.5345,0.99836063,0.34676558
1053.2572,1501.8667,959.44366,1528.3822,0.9746548,0.45064843
1072.762,1501.8667,979.2,1529.444,0.81303227,0.794777
1092.2667,1501.8667,998.68146,1531.2764,0.44016632,0.78833073
1111.7715,1501.8667,1017.5593,1533.5444,0.8926604,0.37323296
1131.2762,1501.8667,1037.3481,1535.1328,0.9976873,0.5906783
1150.781,1501.8667,1056.2885,1536.3351,0.99974006,0.29778013
1170.2858,1501.8667,1076.1077,1538.2354,0.9997312,0.46079645
1189.7905,1501.8667,1095.1315,1539.4259,0.9998281,0.6019075
1209.2953,1501.8667,1115.2878,1541.3065,0.9997996,0.87765235
1228.8,1501.8667,1133.8312,1543.472,0.9996882,0.12510498
1248.3048,1501.8667,1154.9353,1545.796,0.99938214,1.6952845
1267.8096,1501.8667,1173.6178,1546.7102,0.9953978,0.8174369
1287.3143,1501.8667,1192.4102,1548.4916,0.94342667,0.17442656
1306.8191,1501.8667,1210.8696,1550.1036,0.41580528,0.8093263
1326.3239,1501.8667,1231.0668,1552.166,0.8590845,0.2425516
1345.8286,1501.8667,1251.1349,1553.5908,0.9840812,0.6051339
1365.3334,1501.8667,1270.1393,1555.007,0.9995063,0.36505115
1384.8381,1501.8667,1288.5841,1556.7716,0.9997162,0.84674263
1404.3429,1501.8667,1308.3198,1558.8523,0.9996333,0.51829064
1423.8477,1501.8667,1327.6128,1560.6311,0.99980414,0.67233366
1443.3524,1501.8667,1347.7313,1562.1792,0.9997227,0.071934946
1462.8572,1501.8667,1366.332,1564.363,0.99954504,0.9489509
1482.3619,1501.8667,1386.2308,1565.5194,0.9986334,0.31377771
1501.8667,1501.8667,1405.6206,1567.2042,0.98732734,0.35512066
1521.3715,1501.8667,1425.2721,1569.2485,0.8882593,0.3497424
1540.8762,1501.8667,1444.5094,1571.2103,0.40723172,0.6700962
1560.381,1501.8667,1463.7523,1573.5824,0.88920146,1.3583238
1579.8857,1501.8667,1483.2587,1574.5946,0.9801897,0.71871
1599.3905,1501.8667,1502.4711,1575.4021,0.9997374,0.7317599
1618.8953,1501.8667,1521.8843,1576.9717,0.9999443,0.81225145
1638.4,1501.8667,1542.0343,1579.615,0.999899,0.49210122
1657.9048,1501.8667,1561.5363,1580.4193,0.9998102,0.42216024
1677.4095,1501.8667,1580.0983,1582.4913,0.99938446,0.7523362
1696.9143,1501.8667,1599.7128,1584.2699,0.99722415,0.56941134
1716.4191,1501.8667,1619.7502,1585.3174,0.9885781,0.60869235
1735.9238,1501.8667,1638.7454,1587.7566,0.9175845,0.41748092
1755.4286,1501.8667,1657.5785,1588.9048,0.43239883,1.0786272
1774.9333,1501.8667,1677.9712,1591.7852,0.78877217,0.7611448
1794.4381,1501.8667,1697.9313,1592.9248,0.9622624,0.5368896
1813.9429,1501.8667,1716.626,1594.7281,0.9946955,0.38555628
1833.4476,1501.8667,1736.2706,1595.4318,0.99963415,0.6931495
1852.9524,1501.8667,1755.4442,1598.3097,0.9999174,0.56047994
1872.4573,1501.8667,1774.8657,1599.3783,0.9999801,0.32443932
1891.962,1501.8667,1794.5237,1600.9174,0.99994373,0.31325546
1911.4668,1501.8667,1814.0322,1603.9624,0.9991333,1.0382054
1930.9716,1501.8667,1833.4578,1605.1138,0.99765843,0.48961982
1950.4763,1501.8667,1853.181,1605.542,0.9630098,0.8390295
1969.9811,1501.8667,1872.4739,1608.4442,0.50615156,0.45157182
1989.4858,1501.8667,1891.9271,1610.0146,0.83569825,0.34630847
136.53334,1521.3715,44.150566,1467.5901,0.99604833,0.07036711
156.0381,1521.3715,63.505745,1469.8413,0.9863485,0.48615092
175.54286,1521.3715,83.204895,1471.5487,0.9593373,0.53142023
195.04762,1521.3715,102.29581,1472.947,0.22796957,0.23029888
214.55238,1521.3715,121.88583,1474.9537,0.9498751,0.49545756
234.05716,1521.3715,140.87398,1476.0312,0.9953203,0.43512586
253.56192,1521.3715,160.8834,1477.438,0.9957336,0.45132893
273.06668,1521.3715,180.1618,1478.9368,0.98768926,0.6221636
292.57144,1521.3715,199.61829,1481.5417,0.9978326,0.28533068
312.0762,1521.3715,219.3178,1482.911,0.9976763,0.30938318
331.58096,1521.3715,238.75648,1483.7844,0.99897784,0.92888725
351.08572,1521.3715,258.22147,1486.355,0.99914503,0.34828585
370.59048,1521.3715,277.56485,1487.786,0.9987976,0.37746403
390.09525,1521.3715,297.04263,1489.4323,0.92177343,0.44898203
409.6,1521.3715,316.42838,1491.0547,0.47639224,0.4822365
429.10477,1521.3715,335.8776,1492.8617,0.6385338,0.40957123
448.60953,1521.3715,355.31973,1494.2218,0.9913979,0.7011585
468.11432,1521.3715,374.98215,1496.5168,0.99482036,0.52733165
487.61908,1521.3715,394.15805,1498.3524,0.9995768,0.28693175
507.12384,1521.3715,413.59177,1500.355,0.9997427,0.48228222
526.6286,1521.3715,432.94287,1502.0981,0.9998894,0.48113722
546.13336,1521.3715,451.71164,1503.6901,0.99990904,0.5729171
565.6381,1521.3715,471.4488,1505.6365,0.99982476,0.6001911
585.1429,1521.3715,491.46167,1506.9989,0.99931175,0.48586208
604.64764,1521.3715,510.53452,1507.9978,0.980752,0.46467122
624.1524,1521.3715,530.6249,1509.7792,0.8261161,0.8171539
643.65717,1521.3715,548.4437,1513.2185,0.47554588,1.6245354
663.1619,1521.3715,568.72534,1513.8368,0.97823095,0.28131646
682.6667,1521.3715,588.0007,1515.4065,0.9807206,0.242658
702.17145,1521.3715,607.70544,1516.9517,0.99874973,0.08268408
721.6762,1521.3715,627.8987,1519.2667,0.999513,1.0417181
741.18097,1521.3715,646.8466,1520.6979,0.999578,0.4971765
760.6857,1521.3715,665.77936,1522.0547,0.99978864,0.13528563
780.1905,1521.3715,685.3792,1523.4558,0.9995566,0.3036805
799.69525,1521.3715,704.4305,1525.6337,0.9996328,0.38750365
819.2,1521.3715,723.88416,1526.7971,0.998917,0.48327124
838.7048,1521.3715,743.9974,1527.6643,0.9772953,1.2464339
858.20953,1521.3715,762.74744,1529.9293,0.8498506,0.70479536
877.7143,1521.3715,782.3666,1531.8337,0.7326673,0.4434451
897.21906,1521.3715,801.26117,1533.9966,0.9808282,0.66833216
916.7238,1521.3715,820.59357,1535.588,0.9991876,0.7684432
936.22864,1521.3715,840.6954,1536.8579,0.9997113,0.508061
955.7334,1521.3715,859.8761,1539.3623,0.9999207,0.45980674
975.23816,1521.3715,879.5219,1540.7095,0.9999205,0.13718748
994.7429,1521.3715,899.19403,1543.1648,0.9998938,0.71671414
1014.2477,1521.3715,918.6618,1544.9503,0.9996951,0.8074183
1033.7524,1521.3715,937.84686,1545.9232,0.9992432,0.116115116
1053.2572,1521.3715,957.01355,1547.7074,0.98964477,0.38945204
1072.762,1521.3715,977.0353,1548.8954,0.79255074,0.4294971
1111.7715,1521.3715,1015.9902,1553.0414,0.8496461,0.50408334
1131.2762,1521.3715,1035.0554,1554.0831,0.99084514,0.27638644
1150.781,1521.3715,1053.6865,1555.8549,0.99914294,0.8627944
1170.2858,1521.3715,1074.1858,1557.4894,0.99984026,0.3524728
1189.7905,1521.3715,1092.8821,1560.244,0.9999099,0.935164
1209.2953,1521.3715,1112.7485,1561.0376,0.99994206,0.13720818
1228.8,1521.3715,1131.8433,1563.1704,0.9997916,0.51188856
1248.3048,1521.3715,1151.554,1564.5591,0.9990455,0.12417455
1267.8096,1521.3715,1170.9503,1565.6595,0.99794036,0.6174457
1287.3143,1521.3715,1190.3232,1568.1594,0.9833212,0.29646397
1306.8191,1521.3715,1209.4844,1569.4171,0.6842957,0.54106563
1326.3239,1521.3715,1229.2572,1571.595,0.8582333,0.2783503
1345.8286,1521.3715,1248.429,1573.8018,0.9898355,0.84700376
1365.3334,1521.3715,1268.2273,1575.0729,0.9996709,0.31859803
1384.8381,1521.3715,1287.412,1575.8152,0.99972063,0.699441
1404.3429,1521.3715,1306.9343,1578.0657,0.99993896,0.20872816
1423.8477,1521.3715,1326.1948,1579.7363,0.99995375,0.37764373
1443.3524,1521.3715,1345.7727,1580.7186,0.99993837,0.863531
1462.8572,1521.3715,1365.0824,1583.7319,0.9998368,0.5801139
1482.3619,1521.3715,1384.6654,1585.1127,0.9984052,0.23807403
1501.8667,1521.3715,1404.0563,1586.9948,0.9728489,0.40340546
1521.3715,1521.3715,1423.6344,1589.2479,0.75717187,0.89493376
1540.8762,1521.3715,1442.6398,1590.2483,0.53084505,0.5323621
1560.381,1521.3715,1462.476,1591.5944,0.93867207,0.18511805
1579.8857,1521.3715,1482.5441,1594.2705,0.97597927,0.98132706
1599.3905,1521.3715,1501.7157,1594.8967,0.9994551,0.3872443
1618.8953,1521.3715,1520.9028,1597.0466,0.99989176,0.19616704
1638.4,1521.3715,1540.0996,1598.673,0.9998654,0.22268865
1657.9048,1521.3715,1560.1528,1600.095,0.9997113,0.4622393
1677.4095,1521.3715,1579.5967,1602.09,0.9995643,0.46658978
1696.9143,1521.3715,1598.8005,1603.7253,0.9983574,0.23094006
1716.4191,1521.3715,1618.2941,1605.381,0.9817821,0.28423938
1735.9238,1521.3715,1637.2748,1605.7053,0.93492144,1.360235
1755.4286,1521.3715,1656.5338,1608.3131,0.43097287,0.55669045
1774.9333,1521.3715,1676.1116,1610.3007,0.7072039,0.24572183
1794.4381,1521.3715,1696.046,1612.133,0.9797057,0.31364542
1813.9429,1521.3715,1715.6072,1614.039,0.9968653,0.48007515
1833.4476,1521.3715,1735.0065,1615.0657,0.9994356,0.63986516
1852.9524,1521.3715,1754.7119,1617.8019,0.9996241,0.8781942
1872.4573,1521.3715,1772.8671,1618.8959,0.9997989,0.5913378
1891.962,1521.3715,1793.841,1620.2794,0.99974215,1.026125
1911.4668,1521.3715,1813.1207,1622.4755,0.9982263,0.8131925
1930.9716,1521.3715,1832.0745,1623.8455,0.9943293,0.38860464
1950.4763,1521.3715,1851.3108,1625.8053,0.8868741,0.14244497
1969.9811,1521.3715,1870.4459,1627.1675,0.3942888,0.3298802
1989.4858,1521.3715,1890.4152,1629.3726,0.65994436,0.43497613
136.53334,1540.8762,43.055534,1487.4088,0.99788994,0.6957999
156.0381,1540.8762,61.91382,1488.2599,0.9805354,0.5316566
175.54286,1540.8762,81.61009,1490.2714,0.96306413,0.38047358
195.04762,1540.8762,101.417786,1492.6539,0.38478717,0.8308534
214.55238,1540.8762,119.588326,1494.5391,0.9675714,0.86499584
234.05716,1540.8762,139.61707,1495.5706,0.99822223,0.03295651
253.56192,1540.8762,159.29953,1497.247,0.99920905,0.28218895
273.06668,1540.8762,178.23,1499.1418,0.9997513,0.26862887
292.57144,1540.8762,198.15533,1500.9338,0.99939466,0.36709896
312.0762,1540.8762,217.14893,1502.5131,0.9995362,0.20493503
331.58096,1540.8762,236.99011,1503.5132,0.9999231,0.6268194
351.08572,1540.8762,256.32303,1506.0294,0.99984026,0.28320548
370.59048,1540.8762,275.21112,1507.2015,0.99890727,0.48665357
390.09525,1540.8762,294.6235,1509.4929,0.97693115,0.5110215
409.6,1540.8762,315.0492,1511.2369,0.5775811,0.68016243
429.10477,1540.8762,334.1983,1512.6442,0.5453421,0.30795348
448.60953,1540.8762,353.6579,1514.6216,0.93327713,0.47005972
468.11432,1540.8762,372.80664,1516.1807,0.9991167,0.198337
487.61908,1540.8762,392.3002,1517.32,0.9999145,0.38574547
507.12384,1540.8762,411.13126,1519.6342,0.9998958,0.54477257
526.6286,1540.8762,431.2009,1521.3977,0.99993443,0.34477627
546.13336,1540.8762,450.47305,1522.2577,0.99998116,0.5309135
565.6381,1540.8762,469.98077,1524.9121,0.99995804,0.42958674
585.1429,1540.8762,488.9861,1526.0562,0.99983275,0.37758353
604.64764,1540.8762,508.4254,1528.166,0.99416375,0.4427151
624.1524,1540.8762,527.915,1529.4279,0.9102108,0.32787162
663.1619,1540.8762,567.01373,1534.0419,0.97369325,1.0546917
682.6667,1540.8762,586.19305,1535.1045,0.99940026,0.51277244
702.17145,1540.8762,605.4678,1536.0692,0.9999461,0.55588174
721.6762,1540.8762,624.4459,1538.5005,0.9999224,0.9969307
741.18097,1540.8762,644.219,1539.812,0.999966,0.56563073
760.6857,1540.8762,663.6859,1541.5938,0.9999306,0.53921163
780.1905,1540.8762,683.7022,1543.7034,0.99982214,0.5185308
799.69525,1540.8762,702.8097,1545.2139,0.9997479,0.42069015
819.2,1540.8762,722.9059,1545.9459,0.9992284,0.75620717
838.7048,1540.8762,742.13275,1547.3331,0.9788941,0.9746202
858.20953,1540.8762,761.1088,1549.8008,0.84219235,0.31904122
877.7143,1540.8762,780.8688,1551.9901,0.7384409,0.31057456
897.21906,1540.8762,800.5301,1553.1874,0.98531246,0.3621436
916.7238,1540.8762,819.75525,1555.0527,0.998608,0.102445796
936.22864,1540.8762,839.5957,1556.3082,0.9994201,0.69713575
955.7334,1540.8762,858.51624,1558.4402,0.9998603,0.047519114
975.23816,1540.8762,877.9505,1560.6832,0.9999342,0.49572757
994.7429,1540.8762,897.2258,1561.9161,0.9997771,0.15796112
1014.2477,1540.8762,916.7716,1563.8182,0.99954015,0.23429212
1033.7524,1540.8762,936.53107,1565.5514,0.9991261,0.39132103
1053.2572,1540.8762,955.83826,1566.5684,0.9940016,0.45043787
1072.762,1540.8762,975.3392,1568.637,0.878953,0.24114272
1092.2667,1540.8762,993.95087,1569.8607,0.32322693,0.7855501
1111.7715,1540.8762,1014.0212,1571.9862,0.8269404,0.115815975
1131.2762,1540.8762,1033.472,1574.0842,0.98295486,0.30697176
1150.781,1540.8762,1053.1074,1575.3885,0.99917704,0.29869458
1170.2858,1540.8762,1072.6792,1577.6908,0.99995327,0.6579603
1189.7905,1540.8762,1091.802,1579.199,0.99998724,0.33269596
1209.2953,1540.8762,1111.6174,1580.1049,0.99992716,0.6947978
1228.8,1540.8762,1130.8607,1581.633,0.9998497,0.7249164
1248.3048,1540.8762,1150.6477,1583.5337,0.9989455,0.80847204
1267.8096,1540.8762,1169.7385,1585.3551,0.9972166,0.46775225
1287.3143,1540.8762,1189.3892,1587.2965,0.9193997,0.5572766
1306.8191,1540.8762,1208.8093,1589.0695,0.64511937,0.53982526
1326.3239,1540.8762,1227.7264,1591.1365,0.81836945,0.35082746
1345.8286,1540.8762,1247.199,1593.1914,0.9903304,0.70811766
1365.3334,1540.8762,1266.7368,1594.3197,0.99959135,0.22024305
1384.8381,1540.8762,1285.8301,1595.821,0.9998592,0.17463501
1404.3429,1540.8762,1305.5175,1597.7556,0.99979115,0.19391549
1423.8477,1540.8762,1324.4606,1599.7064,0.99988854,0.57476616
1443.3524,1540.8762,1344.5317,1601.1704,0.9998065,0.308916
1462.8572,1540.8762,1363.9481,1602.8461,0.99979854,0.2832913
1482.3619,1540.8762,1383.2557,1604.1172,0.99853706,0.2911863
1501.8667,1540.8762,1402.2798,1605.4653,0.9786408,0.6876576
1521.3715,1540.8762,1422.3245,1607.5908,0.78905654,0.37387252
1540.8762,1540.8762,1441.7485,1609.8572,0.776938,0.48497418
1560.381,1540.8762,1461.082,1610.7605,0.94573134,0.4770258
1579.8857,1540.8762,1480.5535,1613.3015,0.974088,0.4880708
1599.3905,1540.8762,1499.6008,1614.3364,0.99937063,0.28006092
1618.8953,1540.8762,1519.8905,1616.1046,0.99952763,0.7543135
1638.4,1540.8762,1538.3933,1618.487,0.9993679,0.5379054
1657.9048,1540.8762,1558.2742,1620.2108,0.9991417,0.5834599
1677.4095,1540.8762,1577.668,1621.4597,0.998794,0.23018658
1696.9143,1540.8762,1596.7483,1623.6097,0.9980849,0.5403477
1716.4191,1540.8762,1615.9938,1624.5858,0.9925278,0.37501314
1735.9238,1540.8762,1635.8304,1626.6161,0.92464393,0.15777832
1755.4286,1540.8762,1654.4407,1628.1898,0.52957225,0.7314571
1774.9333,1540.8762,1674.8046,1629.8356,0.38899595,0.20801498
1794.4381,1540.8762,1693.6772,1632.2233,0.9186519,0.7303155
1813.9429,1540.8762,1713.6218,1633.6005,0.99431396,0.3523886
1833.4476,1540.8762,1733.3528,1634.5712,0.9978285,0.6179552
1852.9524,1540.8762,1752.1608,1637.1407,0.99944586,0.48397818
1872.4573,1540.8762,1771.103,1638.3672,0.9996996,0.65271926
1891.962,1540.8762,1791.3312,1639.1553,0.99918,0.94131076
1911.4668,1540.8762,1810.2753,1642.4215,0.99754196,0.72199774
1930.9716,1540.8762,1829.3354,1643.3545,0.99012214,0.7235788
1950.4763,1540.8762,1849.2435,1644.7255,0.82814544,0.51590383
1969.9811,1540.8762,1869.0596,1646.2863,0.5276327,0.61771
136.53334,1560.381,41.173668,1506.6642,0.99504346,0.4595011
156.0381,1560.381,60.765785,1507.8612,0.98970944,0.69735414
175.54286,1560.381,79.07118,1510.3684,0.9031424,0.69209915
214.55238,1560.381,118.1688,1513.5046,0.8080622,0.34439236
234.05716,1560.381,138.21906,1515.4203,0.9819997,0.518228
253.56192,1560.381,156.48215,1516.7045,0.9995161,0.838581
273.06668,1560.381,176.17052,1518.5546,0.99996185,0.5960472
292.57144,1560.381,195.63268,1520.489,0.9999908,0.66162795
312.0762,1560.381,215.24825,1521.67,0.9999869,0.39353552
331.58096,1560.381,234.50954,1522.3981,0.99996495,1.2418809
351.08572,1560.381,254.03407,1526.1094,0.99986553,0.9922749
370.59048,1560.381,273.63895,1526.4617,0.9994128,0.52898717
390.09525,1560.381,293.36633,1528.42,0.9954133,0.20201069
409.6,1560.381,312.43695,1530.5685,0.77716804,0.41175058
429.10477,1560.381,331.73477,1531.4006,0.876208,0.77140385
448.60953,1560.381,351.78632,1533.5616,0.9821242,0.2249277
468.11432,1560.381,370.8197,1535.5353,0.9987402,0.26371342
487.61908,1560.381,390.33905,1536.7765,0.99974227,0.37337607
507.12384,1560.381,409.66956,1539.264,0.99991214,0.509324
526.6286,1560.381,429.14594,1540.4391,0.9999813,0.2175167
546.13336,1560.381,449.1079,1541.3491,0.9999901,0.9301933
565.6381,1560.381,468.4151,1544.0148,0.9999368,0.22700138
585.1429,1560.381,487.65012,1545.3103,0.99984586,0.30888808
604.64764,1560.381,507.0779,1547.0099,0.9972403,0.3091747
624.1524,1560.381,526.8884,1549.5085,0.92307717,0.62441766
643.65717,1560.381,545.8835,1550.4082,0.40438995,0.31435117
663.1619,1560.381,565.7498,1552.5284,0.9434432,0.403012
682.6667,1560.381,584.9101,1554.6056,0.9979369,0.5008084
702.17145,1560.381,604.4728,1555.1886,0.9998647,0.67779607
721.6762,1560.381,623.5541,1557.1385,0.9999188,0.39294577
741.18097,1560.381,643.0498,1558.98,0.9999821,0.24110872
760.6857,1560.381,662.57996,1561.1178,0.9999726,0.20963117
780.1905,1560.381,682.15466,1563.0878,0.99996686,0.51387095
799.69525,1560.381,701.4223,1564.597,0.99989057,0.28243035
819.2,1560.381,719.98267,1565.6984,0.997587,0.8836145
838.7048,1560.381,740.0108,1567.6301,0.9636111,0.24263394
858.20953,1560.381,759.6405,1568.9414,0.5641561,0.47768423
877.7143,1560.381,779.3426,1571.4677,0.5848784,0.42653164
897.21906,1560.381,798.7303,1572.9819,0.97123903,0.25987914
916.7238,1560.381,818.28204,1574.7318,0.99852663,0.38730088
936.22864,1560.381,837.08264,1575.3441,0.9990143,0.9263545
955.7334,1560.381,856.5636,1578.0193,0.99969095,0.27576932
975.23816,1560.381,875.64374,1579.6857,0.99977314,0.6106896
994.7429,1560.381,895.57886,1581.4767,0.999851,0.18883777
1014.2477,1560.381,915.3374,1583.4534,0.9997994,0.49041954
1033.7524,1560.381,934.69995,1585.0831,0.99917614,0.39780757
1053.2572,1560.381,954.55035,1585.7709,0.99679804,0.8672351
1072.762,1560.381,973.40295,1587.7373,0.94538,0.3804934
1092.2667,1560.381,993.16547,1588.999,0.39307013,0.8833076
1111.7715,1560.381,1012.7396,1591.0425,0.68837124,0.672019
1131.2762,1560.381,1031.3923,1592.9624,0.9887783,0.3958867
1150.781,1560.381,1050.7529,1595.1024,0.99965334,0.41588014
1170.2858,1560.381,1070.0156,1596.0453,0.99997103,0.7870996
1189.7905,1560.381,1090.7266,1598.5309,0.9999778,0.7701065
1209.2953,1560.381,1109.733,1599.6947,0.9998932,0.45172232
1228.8,1560.381,1128.308,1601.6793,0.9997518,0.5410237
1248.3048,1560.381,1148.8364,1603.2557,0.9987428,0.5811874
1267.8096,1560.381,1167.825,1604.4364,0.99446505,0.6908742
1287.3143,1560.381,1187.2,1606.2308,0.9057297,0.5896771
1306.8191,1560.381,1207.3008,1608.1584,0.4898615,0.8143082
1326.3239,1560.381,1225.864,1609.7584,0.66110337,0.47869262
1345.8286,1560.381,1245.869,1611.6147,0.95594746,0.5323918
1365.3334,1560.381,1264.3514,1614.4733,0.9993047,0.9964845
1384.8381,1560.381,1284.2079,1614.7185,0.99989855,0.6045123
1404.3429,1560.381,1303.662,1617.601,0.99963987,0.5869933
1423.8477,1560.381,1323.6249,1618.8231,0.99912,0.48358005
1443.3524,1560.381,1341.9612,1619.8372,0.9989799,0.8506672
1462.8572,1560.381,1362.0713,1621.425,0.99905765,0.69424903
1482.3619,1560.381,1380.6342,1623.5162,0.9956543,0.8645127
1501.8667,1560.381,1400.5929,1626.0917,0.9812363,0.64042896
1521.3715,1560.381,1420.0737,1628.0292,0.9239687,0.8448714
1540.8762,1560.381,1439.1517,1629.454,0.312827,0.7938677
1560.381,1560.381,1459.1758,1630.8864,0.9528825,0.26980457
1579.8857,1560.381,1478.4404,1632.892,0.98008305,0.59631807
1599.3905,1560.381,1497.4575,1633.8163,0.9990453,0.60446954
1618.8953,1560.381,1516.906,1635.4692,0.9965248,0.6052066
1638.4,1560.381,1536.7762,1637.2415,0.99676216,0.20817499
1657.9048,1560.381,1556.2977,1639.5994,0.99588805,0.48339874
1677.4095,1560.381,1575.6715,1641.0576,0.99567515,0.25366038
1696.9143,1560.381,1595.1383,1642.9558,0.9862037,0.44147816
1716.4191,1560.381,1614.613,1644.8065,0.9222554,0.5902132
1735.9238,1560.381,1633.5776,1645.474,0.9017931,0.6409997
1755.4286,1560.381,1653.3195,1647.2043,0.43661,0.4392645
1774.9333,1560.381,1673.0509,1649.3346,0.59556544,0.14933531
1794.4381,1560.381,1692.5651,1651.0422,0.9075413,0.2332788
1813.9429,1560.381,1711.7556,1652.6477,0.97134393,0.0688469
1833.4476,1560.381,1731.1086,1653.9187,0.97430074,0.50464344
1852.9524,1560.381,1751.4072,1655.8937,0.9948508,0.8133156
1872.4573,1560.381,1769.9852,1657.7727,0.9941572,0.08253001
1891.962,1560.381,1788.8364,1659.77,0.99489784,0.69760174
1911.4668,1560.381,1808.6893,1661.6995,0.9916831,0.53439045
1930.9716,1560.381,1828.3073,1662.581,0.9854532,0.33708856
1950.4763,1560.381,1847.8881,1664.2948,0.9028334,0.3393655
1969.9811,1560.381,1867.3599,1666.6095,0.5361474,0.33063287
1989.4858,1560.381,1886.9221,1667.2476,0.41748127,0.8186569
136.53334,1579.8857,39.23885,1526.2817,0.9967131,0.38754183
156.0381,1579.8857,58.474514,1527.2396,0.988331,0.41106364
175.54286,1579.8857,78.186295,1530.0845,0.89528674,0.7883135
195.04762,1579.8857,96.851845,1530.5214,0.47280854,0.71252424
214.55238,1579.8857,116.95207,1532.2103,0.5825139,0.5734517
234.05716,1579.8857,136.43619,1535.5009,0.9783643,1.0788577
253.56192,1579.8857,155.8767,1536.1227,0.9994829,0.2575527
273.06668,1579.8857,175.5495,1537.5187,0.9999864,0.5986034
292.57144,1579.8857,194.77887,1540.0557,0.99998236,0.5862575
312.0762,1579.8857,213.93951,1541.3206,0.999985,0.075409085
331.58096,1579.8857,233.8129,1543.1609,0.9999268,0.5151494
351.08572,1579.8857,253.20963,1545.0557,0.9996993,0.59563756
370.59048,1579.8857,272.68863,1546.1127,0.9990027,0.5397643
390.09525,1579.8857,292.23523,1547.5424,0.9911963,0.7866043
409.6,1579.8857,311.69244,1550.0464,0.7493642,0.69400483
429.10477,1579.8857,331.08023,1551.1642,0.3820921,0.65086687
448.60953,1579.8857,350.42142,1553.5226,0.95446503,0.61994696
468.11432,1579.8857,369.7003,1555.5509,0.99872,0.78076434
487.61908,1579.8857,388.64435,1555.9761,0.99910927,0.5912327
507.12384,1579.8857,409.01837,1558.0559,0.999773,0.8238209
526.6286,1579.8857,427.73,1559.7996,0.9999658,0.17097689
546.13336,1579.8857,447.4685,1560.707,0.9999807,1.020021
565.6381,1579.8857,466.55396,1563.2952,0.9999789,0.070409186
585.1429,1579.8857,485.68118,1565.0956,0.9998661,0.26272896
604.64764,1579.8857,506.03494,1566.8573,0.9977309,0.6732355
624.1524,1579.8857,525.08844,1568.5919,0.9332728,0.3208363
643.65717,1579.8857,544.3278,1569.6091,0.46108702,0.5488007
663.1619,1579.8857,563.87134,1572.1254,0.89464253,0.34637934
682.6667,1579.8857,583.0529,1574.0856,0.9910849,0.5377204
702.17145,1579.8857,603.4,1575.0625,0.9989414,0.89656115
721.6762,1579.8857,621.68036,1576.6825,0.9998877,0.38189372
741.18097,1579.8857,642.1432,1578.4617,0.9999267,0.78178966
760.6857,1579.8857,661.3391,1580.1287,0.99997663,0.568813
780.1905,1579.8857,680.38776,1582.412,0.9999163,0.38989544
799.69525,1579.8857,699.7729,1584.0355,0.99978817,0.3025086
819.2,1579.8857,719.79095,1585.5312,0.9977504,0.6895573
838.7048,1579.8857,739.3819,1586.6715,0.9735263,0.97056973
858.20953,1579.8857,758.64026,1588.7109,0.7294268,0.68684536
877.7143,1579.8857,777.18365,1590.3917,0.6997507,0.265714
897.21906,1579.8857,796.7667,1592.3993,0.9860138,0.1626939
916.7238,1579.8857,816.78217,1594.1831,0.9982289,0.57323563
936.22864,1579.8857,836.16235,1595.8259,0.9975256,0.50485426
955.7334,1579.8857,854.8709,1596.8755,0.9979609,0.53478974
975.23816,1579.8857,874.45306,1599.7535,0.9998294,0.711688
994.7429,1579.8857,893.9649,1600.5851,0.99991775,0.1642686
1014.2477,1579.8857,912.7573,1602.8888,0.9998869,0.78880596
1033.7524,1579.8857,933.2492,1604.1372,0.999421,0.40701532
1053.2572,1579.8857,952.6733,1605.7122,0.982699,0.4229319
1072.762,1579.8857,970.9441,1607.2114,0.88887084,0.8307261
1092.2667,1579.8857,990.7036,1608.6647,0.45169646,0.7251337
1111.7715,1579.8857,1010.58417,1611.2383,0.917265,0.29070416
1131.2762,1579.8857,1029.2833,1612.9819,0.9975217,0.7860386
1150.781,1579.8857,1049.3448,1614.49,0.99887127,0.16318956
1170.2858,1579.8857,1068.7871,1616.3707,0.99928755,0.3299214
1189.7905,1579.8857,1088.1573,1618.41,0.99983096,0.6744913
1209.2953,1579.8857,1107.3684,1619.2744,0.99987614,0.38956562
1228.8,1579.8857,1127.053,1620.0037,0.9991555,1.1482012
1248.3048,1579.8857,1146.6074,1622.4344,0.9985122,0.4144802
1267.8096,1579.8857,1166.0681,1624.1589,0.9977096,0.39341488
1287.3143,1579.8857,1185.8875,1625.8038,0.97060925,0.6308096
1306.8191,1579.8857,1204.4509,1627.7034,0.6883425,0.48501453
1326.3239,1579.8857,1224.1167,1630.7524,0.60247445,1.119908
1345.8286,1579.8857,1243.6058,1631.4941,0.92142063,0.19264787
1365.3334,1579.8857,1263.3804,1633.1327,0.991671,0.23482782
1384.8381,1579.8857,1281.9579,1633.9065,0.9976468,1.0534456
1404.3429,1579.8857,1301.8845,1636.586,0.9992229,0.1955076
1423.8477,1579.8857,1321.46,1638.4316,0.9975004,0.28413987
1443.3524,1579.8857,1341.0421,1640.1567,0.9938987,0.34743735
1462.8572,1579.8857,1360.2281,1641.7526,0.992435,0.22240344
1482.3619,1579.8857,1379.5729,1643.2014,0.97726697,0.17792949
1501.8667,1579.8857,1398.3286,1644.2329,0.9071462,1.1078559
1521.3715,1579.8857,1418.7192,1646.9612,0.65408766,0.33370286
1540.8762,1579.8857,1438.5784,1648.4365,0.38376737,0.54940915
1560.381,1579.8857,1457.2139,1650.0996,0.8557025,0.2582941
1579.8857,1579.8857,1477.0074,1652.6749,0.97575635,0.9342455
1599.3905,1579.8857,1496.5356,1653.1519,0.975094,0.3610551
1618.8953,1579.8857,1516.1062,1655.1235,0.9975808,0.3485754
1638.4,1579.8857,1535.7151,1657.1154,0.98502076,0.5905895
1657.9048,1579.8857,1554.8143,1658.1648,0.97401077,0.42899296
1677.4095,1579.8857,1574.0851,1660.0936,0.9309862,0.1572721
1696.9143,1579.8857,1593.9542,1662.3573,0.9058066,0.6267029
1716.4191,1579.8857,1613.1641,1663.3579,0.6748712,0.38400522
1735.9238,1579.8857,1632.3354,1664.8989,0.7301458,0.44791925
1774.9333,1579.8857,1672.0072,1668.6809,0.26591235,0.8071296
1794.4381,1579.8857,1691.1733,1671.098,0.65256226,0.8461214
1813.9429,1579.8857,1710.5841,1672.4371,0.6414351,0.59588623
1833.4476,1579.8857,1729.3806,1673.8939,0.9422433,0.12323468
1852.9524,1579.8857,1749.5723,1675.4453,0.9797453,0.65520096
1872.4573,1579.8857,1769.1112,1677.23,0.9725793,0.7557949
1891.962,1579.8857,1788.1687,1678.066,0.98557425,0.959902
1911.4668,1579.8857,1806.9119,1680.2952,0.9803614,0.4650244
1930.9716,1579.8857,1826.465,1682.0582,0.9261568,0.3408943
1950.4763,1579.8857,1846.3542,1683.781,0.8733712,0.38315603
1969.9811,1579.8857,1866.3107,1685.7506,0.4795386,0.8023802
1989.4858,1579.8857,1885.5881,1687.9305,0.31269574,0.8100612
136.53334,1599.3905,37.549385,1545.4336,0.9991695,0.21833323
156.0381,1599.3905,56.634144,1547.2272,0.9962327,0.19804938
175.54286,1599.3905,76.81629,1549.0403,0.83705604,0.6699379
195.04762,1599.3905,95.15297,1550.2787,0.31546256,0.51730275
214.55238,1599.3905,114.926636,1553.0369,0.7441492,0.86609876
234.05716,1599.3905,133.90665,1554.3783,0.9750397,0.7666742
253.56192,1599.3905,153.48145,1555.7278,0.99945205,0.4631376
273.06668,1599.3905,173.06215,1557.3652,0.9999114,0.30113283
292.57144,1599.3905,192.31401,1559.866,0.9998487,1.0011274
312.0762,1599.3905,211.8552,1560.9075,0.99992764,0.42298725
331.58096,1599.3905,231.45229,1562.2329,0.9999112,0.24118179
351.08572,1599.3905,250.95325,1564.1422,0.9993124,0.13498372
370.59048,1599.3905,270.0247,1565.4553,0.99607724,0.57923234
390.09525,1599.3905,288.9417,1567.5795,0.95409054,0.9976488
409.6,1599.3905,309.0675,1569.428,0.8442303,0.38691628
429.10477,1599.3905,329.17365,1570.5759,0.563251,0.48554346
448.60953,1599.3905,347.67737,1572.8356,0.9628338,0.60509056
468.11432,1599.3905,368.18506,1574.6833,0.99930495,0.6645232
487.61908,1599.3905,386.98227,1575.9225,0.9991972,0.119816616
507.12384,1599.3905,406.10788,1577.8644,0.9992774,0.44929287
526.6286,1599.3905,425.72433,1579.8054,0.99967337,0.4805398
546.13336,1599.3905,445.30902,1580.8304,0.9996849,0.2593244
565.6381,1599.3905,464.67517,1583.0657,0.99971837,0.31548202
585.1429,1599.3905,483.80786,1584.3772,0.9996789,0.4441236
604.64764,1599.3905,503.38312,1585.7352,0.99279565,0.5295499
624.1524,1599.3905,522.64185,1587.8447,0.9835235,0.4605207
643.65717,1599.3905,541.5124,1590.2914,0.30510384,1.2429096
663.1619,1599.3905,561.72687,1591.3735,0.8186832,0.253178
682.6667,1599.3905,580.8673,1593.4775,0.97842795,0.72364163
702.17145,1599.3905,600.5843,1594.4672,0.9935522,0.31982452
721.6762,1599.3905,619.6802,1596.8156,0.9994705,0.72032654
741.18097,1599.3905,639.19037,1598.5604,0.9996585,0.68921596
760.6857,1599.3905,658.87976,1599.973,0.99987364,0.3043594
780.1905,1599.3905,678.11615,1601.389,0.9998845,0.43859276
799.69525,1599.3905,697.62085,1603.8053,0.9993453,0.719411
819.2,1599.3905,717.24457,1604.5774,0.9964957,0.34272367
838.7048,1599.3905,736.88745,1606.8073,0.9444112,0.23332207
858.20953,1599.3905,756.44696,1608.0353,0.39544016,0.30302882
877.7143,1599.3905,775.8267,1610.3705,0.64324135,0.41175142
897.21906,1599.3905,794.95715,1611.9084,0.9745605,0.28613305
916.7238,1599.3905,814.3408,1613.7866,0.9912133,0.46213752
936.22864,1599.3905,834.05994,1614.8486,0.99730337,0.24105476
955.7334,1599.3905,853.4822,1616.9366,0.99616355,0.16921853
975.23816,1599.3905,872.9361,1619.2445,0.99929196,0.7701224
994.7429,1599.3905,892.34863,1620.3706,0.999416,0.20301557
1014.2477,1599.3905,911.6092,1622.152,0.9988182,0.29161718
1033.7524,1599.3905,931.57477,1623.8158,0.997365,0.49297917
1053.2572,1599.3905,950.9991,1625.6981,0.9520132,0.5977637
1072.762,1599.3905,969.7831,1627.3746,0.85931534,0.4529844
1092.2667,1599.3905,988.9972,1629.7006,0.38842493,1.1111923
1111.7715,1599.3905,1009.30835,1629.6902,0.9651303,0.81921583
1131.2762,1599.3905,1028.4438,1632.4833,0.9890611,0.43104059
1150.781,1599.3905,1048.1296,1633.4453,0.9860917,0.52382904
1170.2858,1599.3905,1067.6824,1635.753,0.99396884,0.59349555
1189.7905,1599.3905,1087.1589,1637.9656,0.99237686,0.9729568
1209.2953,1599.3905,1106.556,1638.9124,0.9953874,0.5398707
1228.8,1599.3905,1125.244,1640.7274,0.99846745,0.2522908
1248.3048,1599.3905,1145.3019,1642.3997,0.9978168,0.44055316
1267.8096,1599.3905,1164.4158,1643.3907,0.99455696,0.59741664
1287.3143,1599.3905,1184.1127,1645.9506,0.9708408,0.4619326
1306.8191,1599.3905,1203.2114,1647.0404,0.78175366,0.34055126
1326.3239,1599.3905,1222.329,1649.3595,0.42742902,0.3908154
1345.8286,1599.3905,1242.1132,1650.9813,0.697674,0.21899626
1365.3334,1599.3905,1261.3083,1652.4463,0.95014364,0.15650104
1384.8381,1599.3905,1281.1412,1653.9193,0.97409534,0.35931665
1404.3429,1599.3905,1300.5883,1656.5166,0.9762775,0.6914815
1423.8477,1599.3905,1319.5934,1657.656,0.9617686,0.17775907
1443.3524,1599.3905,1338.5895,1658.7389,0.9812834,0.8023959
1462.8572,1599.3905,1359.146,1660.4023,0.9865458,0.7836818
1482.3619,1599.3905,1378.3651,1662.815,0.99331415,0.34836608
1501.8667,1599.3905,1398.2622,1664.8027,0.96438235,0.8942125
1521.3715,1599.3905,1416.9169,1666.2588,0.48671028,0.18124148
1540.8762,1599.3905,1437.1378,1667.9254,0.39997622,0.81498766
1560.381,1599.3905,1455.8369,1669.3623,0.7120071,0.13507354
1579.8857,1599.3905,1475.2146,1671.8983,0.904977,0.7207866
1599.3905,1599.3905,1494.425,1672.6063,0.94548124,0.33881876
1618.8953,1599.3905,1514.9614,1674.2361,0.9167361,0.96539336
1638.4,1599.3905,1533.1484,1676.6743,0.88907516,0.5228629
1657.9048,1599.3905,1553.2489,1677.3793,0.8474574,0.6829286
1677.4095,1599.3905,1572.6561,1679.2322,0.8843589,0.5403311
1696.9143,1599.3905,1592.538,1681.8728,0.45512447,0.9049435
1716.4191,1599.3905,1610.8989,1682.3748,0.34079084,0.76889664
1735.9238,1599.3905,1629.9325,1683.8108,0.40807378,1.198845
1774.9333,1599.3905,1669.6309,1687.94,0.56647986,0.26964933
1794.4381,1599.3905,1688.8502,1689.8079,0.50199366,0.10824994
1813.9429,1599.3905,1707.9812,1692.2297,0.47160736,0.7565203
1833.4476,1599.3905,1727.4978,1693.239,0.63014,0.2990659
1852.9524,1599.3905,1746.7009,1695.9089,0.6880672,1.0691284
1872.4573,1599.3905,1766.7943,1696.8682,0.5174344,0.23616274
1891.962,1599.3905,1786.6295,1697.9999,0.7675149,0.66136116
1911.4668,1599.3905,1806.0098,1700.5526,0.6483118,0.68511933
1930.9716,1599.3905,1824.4037,1701.6002,0.61897737,0.5715579
1950.4763,1599.3905,1844.1256,1703.0797,0.46417534,0.47041225
1969.9811,1599.3905,1863.8236,1705.2546,0.35586315,0.07936157
1989.4858,1599.3905,1883.0294,1707.3945,0.22056986,0.55858636
136.53334,1618.8953,35.68838,1564.9617,0.99957585,0.1583106
156.0381,1618.8953,55.679066,1566.3444,0.9973501,0.63355386
175.54286,1618.8953,74.35253,1568.6046,0.89662224,0.41920045
195.04762,1618.8953,93.19684,1570.3942,0.39198565,0.8769455
214.55238,1618.8953,113.39021,1571.6143,0.74465346,0.030703915
234.05716,1618.8953,132.32031,1574.3551,0.98498714,1.144484
253.56192,1618.8953,151.62099,1575.0234,0.9993963,0.59986603
273.06668,1618.8953,171.82803,1576.1307,0.9991025,0.60699457
292.57144,1618.8953,190.87222,1578.414,0.9993866,0.2096104
312.0762,1618.8953,210.6786,1580.2045,0.999494,0.19055769
331.58096,1618.8953,230.20012,1582.1029,0.99942553,0.3888528
351.08572,1618.8953,248.98271,1583.9282,0.998514,0.57144886
370.59048,1618.8953,268.52704,1584.7437,0.9926698,0.54339975
390.09525,1618.8953,288.67645,1587.1151,0.96068597,0.48675698
409.6,1618.8953,307.00412,1589.8939,0.48770046,1.4430677
429.10477,1618.8953,326.83826,1590.2068,0.44828892,0.2776107
448.60953,1618.8953,346.8035,1591.9257,0.81882143,0.29023117
468.11432,1618.8953,365.7067,1594.2001,0.9961267,0.5493212
487.61908,1618.8953,385.2091,1594.9277,0.9973956,0.5149454
507.12384,1618.8953,404.45532,1597.4836,0.99708045,0.5199588
526.6286,1618.8953,424.5225,1598.9666,0.996184,0.3153266
546.13336,1618.8953,443.60217,1601.4343,0.9979563,0.9267626
565.6381,1618.8953,462.61444,1602.5631,0.99806935,0.6076082
585.1429,1618.8953,482.7315,1603.8892,0.99750143,0.19275987
604.64764,1618.8953,501.99112,1605.5227,0.99035627,0.09027931
624.1524,1618.8953,521.5142,1606.79,0.92346907,0.53266627
643.65717,1618.8953,540.9846,1609.8613,0.31172037,0.8644799
663.1619,1618.8953,560.886,1610.4019,0.7664691,0.6959934
682.6667,1618.8953,580.1951,1612.6898,0.9758335,0.5749107
702.17145,1618.8953,599.46515,1614.0906,0.9963424,0.34249035
721.6762,1618.8953,618.7567,1614.6737,0.9960995,1.1545724
741.18097,1618.8953,638.05225,1617.7335,0.99663967,0.23337255
760.6857,1618.8953,657.50903,1618.951,0.9984056,0.27573684
780.1905,1618.8953,677.33685,1620.4696,0.9990318,0.660056
799.69525,1618.8953,696.4282,1623.4087,0.9979154,0.81298524
819.2,1618.8953,715.7487,1624.658,0.99179804,0.3504622
838.7048,1618.8953,735.3704,1626.3293,0.9687413,0.39557397
858.20953,1618.8953,754.99176,1627.3958,0.4118811,0.5279393
877.7143,1618.8953,774.1752,1629.755,0.53540075,0.38789424
897.21906,1618.8953,794.0016,1631.9114,0.82520074,0.9852669
916.7238,1618.8953,812.0118,1633.0208,0.9709644,0.8732116
936.22864,1618.8953,832.053,1634.2832,0.9842094,0.32769448
955.7334,1618.8953,852.25995,1636.838,0.9857085,0.8282527
975.23816,1618.8953,871.8337,1637.8842,0.9959379,0.68333775
994.7429,1618.8953,890.7929,1639.4092,0.99569356,0.2914249
1014.2477,1618.8953,910.5572,1641.5079,0.99453753,0.58024776
1033.7524,1618.8953,929.50793,1642.8938,0.9907325,0.13296905
1053.2572,1618.8953,949.26526,1644.1976,0.9478577,0.64487135
1072.762,1618.8953,967.9931,1646.8036,0.8214776,0.5017266
1092.2667,1618.8953,988.6404,1648.5026,0.41375843,0.9879255
1111.7715,1618.8953,1007.80804,1650.3486,0.6607963,0.8395577
1131.2762,1618.8953,1026.3594,1651.7529,0.8693181,0.3390123
1150.781,1618.8953,1046.4863,1652.9163,0.92047304,0.545957
1170.2858,1618.8953,1065.645,1654.3741,0.9525603,0.5673827
1189.7905,1618.8953,1084.4888,1657.2496,0.969225,0.75406075
1209.2953,1618.8953,1104.1841,1658.054,0.9143379,0.28779563
1228.8,1618.8953,1123.8743,1659.747,0.8657806,0.29100153
1248.3048,1618.8953,1142.4183,1662.2239,0.9526052,0.91800284
1267.8096,1618.8953,1162.6029,1663.1011,0.97580045,0.30791944
1287.3143,1618.8953,1181.1449,1665.7872,0.9395631,1.1226476
1306.8191,1618.8953,1201.8838,1667.1154,0.5654395,0.514975
1326.3239,1618.8953,1220.198,1668.3774,0.28642684,0.71468806
1345.8286,1618.8953,1240.3779,1671.0131,0.46435016,0.80568606
1365.3334,1618.8953,1259.7302,1672.2905,0.74315554,0.38312256
1384.8381,1618.8953,1279.2489,1673.2933,0.79185754,0.32049632
1404.3429,1618.8953,1298.7938,1675.091,0.62920254,0.27697483
1423.8477,1618.8953,1318.0933,1676.9526,0.5522598,0.06886594
1443.3524,1618.8953,1337.2751,1677.974,0.6497341,0.7636667
1462.8572,1618.8953,1357.2468,1680.5994,0.96915776,0.38336968
1482.3619,1618.8953,1376.4564,1682.4299,0.96364206,0.34022564
1501.8667,1618.8953,1395.875,1683.3379,0.83402324,0.48100784
1521.3715,1618.8953,1415.2328,1685.9073,0.47836655,0.3998287
1560.381,1618.8953,1454.3468,1689.8442,0.309087,0.9768732
1579.8857,1618.8953,1473.5933,1691.025,0.30381793,0.42762297
1599.3905,1618.8953,1494.1133,1692.0475,0.30395824,1.2136428
1618.8953,1618.8953,1512.8198,1693.6947,0.46924594,0.55773526
1638.4,1618.8953,1532.641,1696.0315,0.2635999,0.9112337
1657.9048,1618.8953,1551.2458,1697.0542,0.45573056,0.35485372
1677.4095,1618.8953,1570.9568,1699.8427,0.2869033,0.7960488
1716.4191,1618.8953,1608.5233,1701.95,0.37701967,1.134602
1755.4286,1618.8953,1647.9174,1706.3204,0.44712,0.61418384
1774.9333,1618.8953,1666.7994,1707.5227,0.22956783,1.0070187
1794.4381,1618.8953,1686.7999,1709.8462,0.43993005,0.69125134
1813.9429,1618.8953,1705.9806,1711.2559,0.36290953,0.7270175
1833.4476,1618.8953,1725.2559,1712.4711,0.69723445,0.87135243
1852.9524,1618.8953,1745.1362,1714.3395,0.70300245,0.3947156
1872.4573,1618.8953,1764.6729,1716.8279,0.2333685,0.77387464
1891.962,1618.8953,1784.0049,1717.2217,0.35587642,0.6990034
1911.4668,1618.8953,1803.7244,1719.88,0.42376542,0.38384762
1930.9716,1618.8953,1823.3286,1721.183,0.44219324,0.084885485
1950.4763,1618.8953,1842.3531,1722.1415,0.43443274,0.83185947
1969.9811,1618.8953,1862.0219,1724.3473,0.2178776,0.27403578
1989.4858,1618.8953,1882.8204,1726.9991,0.34800133,1.4563465
136.53334,1638.4,34.416332,1584.3857,0.99934053,0.4998313
156.0381,1638.4,53.67408,1585.7042,0.996789,0.38769427
175.54286,1638.4,72.97853,1587.6879,0.9579122,0.18562587
214.55238,1638.4,111.97215,1591.4285,0.71969396,0.49690062
234.05716,1638.4,131.08548,1593.0983,0.8661041,0.35623297
253.56192,1638.4,151.00304,1594.6062,0.97039443,0.5094365
273.06668,1638.4,170.33444,1596.7518,0.98128104,0.72021693
292.57144,1638.4,189.07,1598.3326,0.9956758,0.5814334
312.0762,1638.4,209.07509,1599.7455,0.9914938,0.332354
331.58096,1638.4,228.11348,1601.4098,0.987778,0.21207592
351.08572,1638.4,247.97551,1603.5269,0.9869256,0.65843487
370.59048,1638.4,267.32056,1604.1676,0.97945154,0.5212223
390.09525,1638.4,286.96182,1605.363,0.75036705,1.0678469
409.6,1638.4,306.53928,1610.0488,0.3816271,2.087723
429.10477,1638.4,325.87195,1610.1589,0.6510018,0.63332164
448.60953,1638.4,344.94406,1611.1034,0.9561308,0.35810643
468.11432,1638.4,364.73068,1613.7537,0.99374115,0.7741994
487.61908,1638.4,384.24503,1615.089,0.9926337,0.61021173
507.12384,1638.4,402.8133,1616.6431,0.9808807,0.3210627
526.6286,1638.4,423.04495,1618.827,0.97249556,0.76787394
546.13336,1638.4,441.8917,1619.9911,0.98622984,0.10043755
565.6381,1638.4,461.61884,1621.8303,0.9815192,0.28212464
585.1429,1638.4,481.0811,1623.5988,0.97851527,0.3527964
604.64764,1638.4,499.90176,1624.0575,0.98179436,1.0504986
624.1524,1638.4,520.1326,1626.5012,0.7935719,0.49370536
663.1619,1638.4,559.0864,1630.2683,0.4400733,0.53947043
682.6667,1638.4,578.5223,1632.425,0.9474326,0.78841233
702.17145,1638.4,598.1499,1633.6525,0.96512467,0.73513955
721.6762,1638.4,616.7806,1635.136,0.9734798,0.12790506
741.18097,1638.4,636.1521,1637.2102,0.93216777,0.30012473
760.6857,1638.4,655.4416,1638.7898,0.92909527,0.31131428
780.1905,1638.4,674.9763,1640.8687,0.9823925,0.55436385
799.69525,1638.4,694.2352,1642.1595,0.88753015,0.36084855
819.2,1638.4,713.1111,1643.5413,0.85342604,0.91730714
838.7048,1638.4,733.1774,1644.6228,0.8018635,0.85796064
858.20953,1638.4,753.10205,1646.8907,0.4290386,0.34258848
877.7143,1638.4,772.2928,1648.8729,0.2598101,0.032902025
897.21906,1638.4,791.9486,1650.685,0.5960568,0.26327115
916.7238,1638.4,811.484,1652.7162,0.84346545,0.5761321
936.22864,1638.4,830.9507,1653.8895,0.930969,0.364456
955.7334,1638.4,850.3334,1655.8094,0.80360514,0.355844
975.23816,1638.4,869.99896,1657.6635,0.8612678,0.63631314
994.7429,1638.4,888.73816,1658.6447,0.95348245,0.4206505
1014.2477,1638.4,908.52625,1661.0548,0.9546295,0.3807315
1033.7524,1638.4,928.3068,1662.79,0.9285079,0.6640425
1053.2572,1638.4,947.3384,1663.5986,0.68713486,0.566068
1111.7715,1638.4,1005.4697,1668.082,0.34324825,1.157848
1131.2762,1638.4,1025.0713,1671.1409,0.3821425,0.26729935
1150.781,1638.4,1044.3301,1672.4918,0.48613608,0.14801447
1170.2858,1638.4,1064.3253,1673.645,0.45918262,0.8980404
1189.7905,1638.4,1083.7859,1676.2349,0.45575118,0.6300776
1209.2953,1638.4,1102.268,1677.4271,0.32406026,0.4688162
1228.8,1638.4,1122.4368,1678.8712,0.69668496,0.68878645
1248.3048,1638.4,1141.7212,1681.467,0.66899264,0.4075987
1267.8096,1638.4,1160.9307,1682.2825,0.726434,0.55755246
1287.3143,1638.4,1180.5721,1684.2352,0.44411874,0.383073
1306.8191,1638.4,1200.7579,1685.7146,0.43413714,1.118704
1326.3239,1638.4,1219.9768,1687.9883,0.25231534,0.7777793
1365.3334,1638.4,1257.3776,1691.7563,0.4690494,0.80115587
1384.8381,1638.4,1277.0406,1692.3656,0.414148,0.811028
1404.3429,1638.4,1296.1139,1694.8828,0.66615653,0.82147837
1423.8477,1638.4,1315.9277,1696.8761,0.45707303,0.6098806
1443.3524,1638.4,1335.5073,1697.6598,0.27100372,0.5533914
1462.8572,1638.4,1354.8252,1700.5574,0.3589135,0.8169122
1501.8667,1638.4,1393.9169,1702.3036,0.40649858,0.9487696
1560.381,1638.4,1452.1206,1707.6195,0.61659336,0.7603694
1579.8857,1638.4,1471.4839,1709.9896,0.5782752,0.31743374
1599.3905,1638.4,1491.002,1711.391,0.7918437,0.41480032
1618.8953,1638.4,1509.2565,1713.2657,0.4596599,1.4127289
1638.4,1638.4,1529.7583,1715.3569,0.48595214,0.39632538
1657.9048,1638.4,1549.1514,1716.6865,0.6457436,0.39845824
1677.4095,1638.4,1568.0391,1718.0962,0.6181207,1.0128502
1696.9143,1638.4,1587.828,1720.7028,0.45486727,0.7218226
1716.4191,1638.4,1607.6929,1722.1395,0.77021503,0.23332708
1735.9238,1638.4,1627.4895,1723.2509,0.48306575,0.45995513
1755.4286,1638.4,1646.325,1724.5886,0.66134965,0.8263347
1774.9333,1638.4,1665.6592,1726.8921,0.20183377,0.46720296
1794.4381,1638.4,1685.2151,1728.7648,0.6373527,0.3194595
1813.9429,1638.4,1704.9935,1730.906,0.87675375,0.4687053
1833.4476,1638.4,1724.4835,1731.9728,0.94585747,0.18782437
1852.9524,1638.4,1743.9675,1734.2931,0.9407568,0.4767376
1872.4573,1638.4,1764.3213,1736.244,0.9012462,1.2781789
1891.962,1638.4,1782.7191,1737.3142,0.7563338,0.08294828
1911.4668,1638.4,1801.7697,1738.5154,0.8535707,0.5469211
1930.9716,1638.4,1821.4347,1740.732,0.94321305,0.14680801
1950.4763,1638.4,1841.7314,1741.5684,0.8021397,1.0770334
1969.9811,1638.4,1860.454,1744.2041,0.4234712,0.17238182
1989.4858,1638.4,1879.1273,1744.7642,0.6961376,1.2059995
136.53334,1657.9048,33.149483,1603.7369,0.99778104,0.9141602
156.0381,1657.9048,52.508446,1604.4963,0.99819404,1.2142276
175.54286,1657.9048,70.81362,1607.2125,0.9227312,0.3174591
214.55238,1657.9048,109.42837,1610.4429,0.5533479,0.5321909
234.05716,1657.9048,130.05678,1612.5878,0.7909337,0.7852171
253.56192,1657.9048,147.81384,1613.9749,0.91679853,1.012171
273.06668,1657.9048,168.7823,1615.544,0.88807833,0.5316974
292.57144,1657.9048,188.42268,1617.0281,0.95391774,0.7800396
312.0762,1657.9048,207.00818,1618.545,0.947564,0.43990633
331.58096,1657.9048,226.04729,1620.3698,0.92769724,0.58077955
351.08572,1657.9048,245.93169,1622.1805,0.9383521,0.1962868
370.59048,1657.9048,265.64178,1623.8972,0.65181696,0.29520172
448.60953,1657.9048,343.16705,1631.4641,0.9032122,0.59344953
468.11432,1657.9048,362.22684,1633.2313,0.89354426,0.73725826
487.61908,1657.9048,381.63287,1634.2137,0.9449092,0.35921237
507.12384,1657.9048,401.00247,1636.3657,0.95495105,0.57239765
526.6286,1657.9048,421.29584,1637.767,0.93021935,0.45741194
546.13336,1657.9048,441.00253,1639.0944,0.8442549,0.77494735
565.6381,1657.9048,459.65527,1641.9347,0.87851375,0.8646174
585.1429,1657.9048,478.8234,1643.2307,0.7901552,0.5576147
604.64764,1657.9048,498.3088,1643.9209,0.75508237,0.60982674
624.1524,1657.9048,517.5516,1645.9042,0.61424506,0.52312464
643.65717,1657.9048,537.9011,1647.413,0.47402528,0.6562675
663.1619,1657.9048,557.2157,1650.0308,0.29289082,0.5795006
682.6667,1657.9048,576.331,1651.7395,0.6799168,0.4695746
702.17145,1657.9048,595.4933,1653.0234,0.5930213,0.23584592
741.18097,1657.9048,633.4631,1656.9486,0.39038447,1.2612057
760.6857,1657.9048,654.0074,1658.1132,0.4072009,0.04254864
780.1905,1657.9048,673.4717,1658.932,0.36445624,0.83964366
799.69525,1657.9048,692.9694,1661.6672,0.3537737,0.2171763
819.2,1657.9048,712.1578,1663.312,0.34356222,0.20486215
838.7048,1657.9048,732.1273,1664.3606,0.5305654,0.64258087
858.20953,1657.9048,751.8546,1666.4806,0.53657305,0.69294083
897.21906,1657.9048,791.09485,1670.0773,0.36697578,1.0714505
955.7334,1657.9048,849.06885,1675.4425,0.52132833,0.8356898
975.23816,1657.9048,868.21857,1677.1969,0.32622194,0.6326922
994.7429,1657.9048,887.9532,1678.0846,0.31376553,0.8629279
1014.2477,1657.9048,907.2635,1680.4053,0.5541589,0.6924481
1053.2572,1657.9048,944.8583,1683.0983,0.3361462,0.77527136
1131.2762,1657.9048,1023.04254,1690.8583,0.610743,0.5112547
1150.781,1657.9048,1041.909,1692.3938,0.78825027,0.78629905
1170.2858,1657.9048,1061.6134,1693.5074,0.52467644,0.5149833
1189.7905,1657.9048,1081.1696,1695.9236,0.7472063,0.5533516
1209.2953,1657.9048,1101.3794,1696.9093,0.7847234,0.5305917
1228.8,1657.9048,1120.611,1698.9132,0.4386069,0.2665674
1248.3048,1657.9048,1140.4568,1701.1642,0.6537289,0.90173477
1267.8096,1657.9048,1159.149,1702.3278,0.6047508,0.08322385
1287.3143,1657.9048,1180.3817,1703.7572,0.38215968,1.7551318
1326.3239,1657.9048,1217.2439,1707.0916,0.31340358,0.37863466
1345.8286,1657.9048,1236.658,1709.9823,0.5244973,0.9524948
1365.3334,1657.9048,1256.1477,1710.9679,0.9009466,0.2916213
1384.8381,1657.9048,1276.4042,1712.4037,0.96210736,0.61550474
1404.3429,1657.9048,1295.1571,1714.563,0.9746905,0.39863545
1423.8477,1657.9048,1314.8728,1716.5106,0.9371151,0.6774111
1443.3524,1657.9048,1332.8975,1717.0917,0.87447685,1.2790849
1462.8572,1657.9048,1354.2994,1720.127,0.85399157,1.1624292
1482.3619,1657.9048,1372.7755,1721.1599,0.8559309,0.25480333
1501.8667,1657.9048,1392.2998,1721.8837,0.6743711,0.78952456
1521.3715,1657.9048,1413.0929,1725.2971,0.58027375,1.5863438
1560.381,1657.9048,1449.9208,1728.2645,0.8374305,0.89553285
1579.8857,1657.9048,1470.3022,1730.145,0.9819686,0.70599025
1599.3905,1657.9048,1488.5197,1731.0149,0.9562495,1.0201774
1618.8953,1657.9048,1508.1467,1733.3484,0.96484864,0.9427229
1638.4,1657.9048,1528.3898,1734.7748,0.9642467,0.20556732
1657.9048,1657.9048,1547.3499,1736.226,0.9845819,0.47183165
1677.4095,1657.9048,1567.4949,1739.1641,0.9653032,1.2197294
1696.9143,1657.9048,1586.9995,1740.2596,0.95090115,0.6710933
1716.4191,1657.9048,1605.6097,1741.0084,0.8786192,0.6177529
1735.9238,1657.9048,1625.2856,1741.7743,0.8628922,1.3197886
1755.4286,1657.9048,1644.2695,1744.7743,0.67887926,0.70290136
1774.9333,1657.9048,1663.6133,1746.4938,0.34714,0.7900654
1794.4381,1657.9048,1684.1931,1748.3785,0.92100555,0.41630164
1813.9429,1657.9048,1703.1227,1750.2511,0.96216065,0.4076196
1833.4476,1657.9048,1722.5201,1750.804,0.97387064,0.7844123
1852.9524,1657.9048,1741.9598,1752.9685,0.98433346,0.34266764
1872.4573,1657.9048,1761.1898,1755.3123,0.9815746,0.5020078
1891.962,1657.9048,1780.5663,1756.4689,0.9629789,0.46510193
1911.4668,1657.9048,1800.2533,1759.1531,0.98248154,0.80141675
1930.9716,1657.9048,1819.4014,1760.4319,0.9422364,0.57534164
1950.4763,1657.9048,1839.1042,1762.5167,0.96040183,0.7681883
1969.9811,1657.9048,1858.4542,1763.3638,0.76554084,0.27495205
1989.4858,1657.9048,1877.8966,1764.6628,0.4625071,0.56062144
136.53334,1677.4095,31.144888,1623.4453,0.983577,0.69690907
156.0381,1677.4095,50.004272,1624.1118,0.98016506,0.6924705
175.54286,1677.4095,69.937904,1626.9003,0.8711278,0.66956985
195.04762,1677.4095,89.4618,1627.7756,0.28328648,0.7635411
214.55238,1677.4095,108.04812,1629.863,0.32817268,0.21543123
234.05716,1677.4095,127.83395,1630.8496,0.25549552,0.7671037
253.56192,1677.4095,147.09421,1632.7802,0.4605099,0.52362895
273.06668,1677.4095,166.63304,1635.3972,0.41614768,0.40252674
292.57144,1677.4095,186.88249,1636.2063,0.28306487,1.0284287
312.0762,1677.4095,205.67038,1638.3495,0.45841852,0.26335803
331.58096,1677.4095,225.18422,1639.8585,0.6586486,0.4196686
351.08572,1677.4095,244.44,1642.0271,0.42034727,0.27924553
370.59048,1677.4095,263.88025,1643.327,0.35896382,0.24882971
390.09525,1677.4095,283.76996,1644.4999,0.25785807,0.94745266
409.6,1677.4095,303.88235,1645.9785,0.28065065,1.6090837
448.60953,1677.4095,341.95456,1651.2946,0.22888178,1.1238656
487.61908,1677.4095,379.8389,1653.2816,0.4750652,0.6150573
507.12384,1677.4095,400.26645,1655.2579,0.4784024,0.5672448
526.6286,1677.4095,419.69504,1657.4283,0.5217391,0.63637054
546.13336,1677.4095,439.6939,1658.1313,0.33793026,1.3012562
585.1429,1677.4095,477.506,1662.3804,0.293057,0.18990786
624.1524,1677.4095,515.88367,1665.9558,0.26838005,0.54717505
643.65717,1677.4095,535.81866,1667.0591,0.40290216,0.2581152
682.6667,1677.4095,574.5903,1671.4724,0.47021312,0.77039
702.17145,1677.4095,594.20703,1672.8356,0.6372412,0.47088492
721.6762,1677.4095,613.2404,1673.6464,0.7567111,0.5031137
741.18097,1677.4095,632.43634,1675.5529,0.895016,0.5126639
760.6857,1677.4095,652.6316,1677.2932,0.76186824,0.37914425
780.1905,1677.4095,672.3481,1678.3441,0.8795266,1.0481975
799.69525,1677.4095,690.89966,1681.7465,0.8764254,0.8887867
819.2,1677.4095,710.5191,1682.62,0.84677696,0.08935949
838.7048,1677.4095,729.6068,1683.7001,0.5071142,0.7396172
858.20953,1677.4095,751.2693,1686.405,0.4731563,1.8462548
877.7143,1677.4095,767.6335,1688.7566,0.28278494,1.6470059
897.21906,1677.4095,788.0356,1690.1666,0.7498962,0.819373
916.7238,1677.4095,806.81537,1691.581,0.9472491,1.0587698
936.22864,1677.4095,827.7811,1692.4897,0.7489867,0.6683536
955.7334,1677.4095,847.0447,1695.2676,0.8892795,0.8758477
975.23816,1677.4095,865.71246,1696.3503,0.9129467,0.36986238
994.7429,1677.4095,885.5597,1697.63,0.78381866,0.2822841
1014.2477,1677.4095,904.42957,1700.0553,0.8860203,0.6625692
1033.7524,1677.4095,924.209,1701.5902,0.94616395,0.3184457
1053.2572,1677.4095,943.82074,1702.9656,0.7035783,0.059399594
1072.762,1677.4095,964.09357,1703.781,0.50429374,1.2799959
1092.2667,1677.4095,983.25336,1706.2742,0.25584638,0.6319978
1111.7715,1677.4095,1002.1371,1708.4275,0.21616873,0.33445218
1131.2762,1677.4095,1021.5392,1710.2192,0.8153571,0.42063043
1150.781,1677.4095,1041.3013,1711.4979,0.91441864,0.3754997
1170.2858,1677.4095,1060.2894,1713.7998,0.94813037,0.6027227
1189.7905,1677.4095,1079.7853,1715.5106,0.92371494,0.60974324
1209.2953,1677.4095,1099.6123,1716.9452,0.95387435,0.5239543
1228.8,1677.4095,1118.5408,1718.4084,0.8832499,0.15191786
1248.3048,1677.4095,1137.5747,1720.3958,0.9531006,0.6401866
1267.8096,1677.4095,1157.0364,1721.741,0.83232677,0.47436976
1287.3143,1677.4095,1177.4685,1722.383,0.7048296,1.146836
1306.8191,1677.4095,1195.7369,1725.179,0.4876127,0.6380102
1326.3239,1677.4095,1215.2056,1727.0258,0.35201406,0.63628554
1345.8286,1677.4095,1234.8301,1729.4584,0.977174,1.038482
1365.3334,1677.4095,1253.0281,1730.6976,0.9851489,1.7076498
1384.8381,1677.4095,1273.2396,1731.3712,0.99221826,1.0035223
1404.3429,1677.4095,1293.4813,1733.77,0.9916373,0.17468001
1423.8477,1677.4095,1312.3695,1735.8804,0.99405754,0.8230345
1443.3524,1677.4095,1331.599,1736.4456,0.9908997,0.96112704
1462.8572,1677.4095,1351.4568,1738.9141,0.97652334,0.4167303
1482.3619,1677.4095,1370.7926,1740.6926,0.9596454,0.5387057
1501.8667,1677.4095,1390.7965,1742.4786,0.8710817,0.39739993
1521.3715,1677.4095,1410.5812,1744.0583,0.8109551,0.5407745
1540.8762,1677.4095,1430.1711,1745.1188,0.32084882,0.74034137
1560.381,1677.4095,1448.8082,1746.3025,0.81406254,0.9114043
1579.8857,1677.4095,1468.3724,1749.4957,0.98161304,0.5963556
1599.3905,1677.4095,1487.6064,1750.6221,0.995349,0.2227902
1618.8953,1677.4095,1507.0697,1752.0853,0.9980521,0.28584668
1638.4,1677.4095,1526.7483,1753.8005,0.9978788,0.20779508
1657.9048,1677.4095,1545.9211,1755.4325,0.99854714,0.3329377
1677.4095,1677.4095,1564.984,1757.7686,0.9980353,0.675842
1696.9143,1677.4095,1584.6826,1759.6628,0.9896506,0.63731045
1716.4191,1677.4095,1604.3787,1761.2032,0.9807519,0.40500996
1735.9238,1677.4095,1623.6708,1763.0865,0.9791135,0.6114746
1755.4286,1677.4095,1643.3204,1764.3584,0.7391708,0.16601801
1774.9333,1677.4095,1662.8011,1765.9347,0.44493383,0.10429242
1794.4381,1677.4095,1681.9564,1767.4515,0.9394766,0.23070714
1813.9429,1677.4095,1701.5569,1769.7986,0.9893262,0.49931952
1833.4476,1677.4095,1721.1968,1770.4692,0.996031,0.5672698
1852.9524,1677.4095,1740.8121,1772.2598,0.99826884,0.5855419
1872.4573,1677.4095,1760.0662,1774.84,0.9864056,0.48840407
1891.962,1677.4095,1779.6757,1775.6212,0.9869756,0.61638796
1911.4668,1677.4095,1799.0864,1778.0782,0.9945382,0.46311325
1930.9716,1677.4095,1818.5118,1779.5015,0.99401444,0.36438805
1950.4763,1677.4095,1838.0975,1780.7861,0.9461305,0.66358954
1969.9811,1677.4095,1857.1901,1782.4435,0.8883865,0.49028414
1989.4858,1677.4095,1876.2981,1784.0973,0.36287686,0.52102584
136.53334,1696.9143,29.699265,1643.0878,0.44842818,1.0242448
156.0381,1696.9143,49.07159,1643.5267,0.6484233,1.0702727
195.04762,1696.9143,87.25269,1647.4275,0.4200138,0.2403955
234.05716,1696.9143,125.730965,1651.9808,0.23865175,0.98202693
253.56192,1696.9143,145.33685,1652.6832,0.5935196,0.09803284
273.06668,1696.9143,165.09987,1654.6416,0.43472567,0.32398877
292.57144,1696.9143,183.8939,1655.8534,0.63111633,0.4786565
312.0762,1696.9143,203.21745,1658.1566,0.5552739,0.59121275
331.58096,1696.9143,222.70444,1660.1714,0.5321394,0.7742022
370.59048,1696.9143,262.74442,1662.7675,0.3355337,0.7585958
448.60953,1696.9143,339.46802,1669.5292,0.56321675,0.3291066
468.11432,1696.9143,359.0627,1671.5822,0.70612854,0.1763083
487.61908,1696.9143,378.50482,1672.9039,0.91910666,0.24356376
507.12384,1696.9143,398.05524,1674.2537,0.89875185,0.58054274
526.6286,1696.9143,417.3468,1676.6444,0.57956177,0.15088773
546.13336,1696.9143,436.5419,1678.2904,0.62141937,0.34202534
565.6381,1696.9143,456.52054,1680.288,0.79771966,0.4130284
585.1429,1696.9143,475.87592,1681.9438,0.94692117,0.33937752
604.64764,1696.9143,495.8551,1683.3762,0.92538655,0.68579596
624.1524,1696.9143,514.32996,1684.7538,0.6830037,0.38911012
643.65717,1696.9143,534.9125,1686.5531,0.5300868,0.8987961
663.1619,1696.9143,552.9663,1688.78,0.36684108,0.6055936
682.6667,1696.9143,572.228,1691.2583,0.75749385,1.3074046
702.17145,1696.9143,592.5657,1692.4446,0.7912014,0.6582571
721.6762,1696.9143,612.3234,1694.1439,0.9386381,0.835556
741.18097,1696.9143,631.1644,1695.695,0.9763685,0.4629601
760.6857,1696.9143,650.5968,1696.8446,0.97716486,0.089645766
780.1905,1696.9143,670.48584,1698.3011,0.9590957,0.5509527
799.69525,1696.9143,689.5957,1700.4873,0.9223723,0.1958192
819.2,1696.9143,709.7463,1701.7163,0.8385316,0.89712554
838.7048,1696.9143,728.24976,1702.9506,0.5743678,0.7864878
858.20953,1696.9143,747.5979,1705.0885,0.6594788,0.38329118
877.7143,1696.9143,767.2479,1707.5703,0.49560326,0.4410397
897.21906,1696.9143,786.2702,1708.7203,0.88415873,0.37557468
916.7238,1696.9143,806.3861,1711.1992,0.9840371,0.74296093
936.22864,1696.9143,825.62305,1711.9893,0.9630021,0.27678844
955.7334,1696.9143,845.0661,1714.2034,0.9888178,0.30807763
975.23816,1696.9143,864.11536,1716.266,0.99087924,0.67652565
994.7429,1696.9143,883.3753,1717.7523,0.99074644,0.58471054
1014.2477,1696.9143,902.4665,1719.2101,0.98184407,0.76663834
1033.7524,1696.9143,922.2972,1721.1735,0.99242336,0.5608073
1053.2572,1696.9143,941.9843,1722.1866,0.9230261,0.26061463
1072.762,1696.9143,961.22644,1723.8604,0.23850168,0.38788784
1092.2667,1696.9143,980.3272,1726.4869,0.5217591,0.89334196
1111.7715,1696.9143,1000.761,1728.0736,0.67472064,0.6714505
1131.2762,1696.9143,1020.1179,1729.3365,0.9189169,0.33926165
1150.781,1696.9143,1039.6661,1730.7689,0.9906309,0.46932837
1170.2858,1696.9143,1058.5109,1732.4974,0.99394226,0.19774912
1189.7905,1696.9143,1078.0107,1734.2341,0.99422634,0.12346566
1209.2953,1696.9143,1097.676,1735.8693,0.99791855,0.22668067
1228.8,1696.9143,1116.7463,1737.5461,0.9947536,0.2737033
1248.3048,1696.9143,1136.2638,1739.7015,0.9925633,0.29372627
1267.8096,1696.9143,1155.7888,1740.4387,0.9950915,0.6926793
1287.3143,1696.9143,1175.3878,1742.3881,0.89574486,0.46712333
1306.8191,1696.9143,1194.7748,1743.8898,0.51138973,0.6497129
1326.3239,1696.9143,1214.2692,1746.7139,0.8636325,0.5114489
1345.8286,1696.9143,1233.9227,1748.4958,0.99014086,0.6873245
1365.3334,1696.9143,1252.4387,1749.5702,0.9966629,0.5265779
1384.8381,1696.9143,1272.4738,1751.2194,0.998795,0.13812217
1404.3429,1696.9143,1291.4956,1753.1526,0.99840593,0.3491674
1423.8477,1696.9143,1311.5425,1754.5358,0.9986038,0.3487245
1443.3524,1696.9143,1330.6853,1756.5023,0.99914604,0.0715458
1462.8572,1696.9143,1350.7026,1757.8755,0.9978004,0.64113533
1482.3619,1696.9143,1369.6444,1760.3804,0.99620736,0.5585915
1501.8667,1696.9143,1388.8232,1761.4467,0.97724926,0.17395975
1521.3715,1696.9143,1408.649,1762.3331,0.79933274,0.929756
1540.8762,1696.9143,1428.1356,1764.209,0.376655,0.78108233
1560.381,1696.9143,1447.4484,1766.3774,0.91067266,0.31128058
1579.8857,1696.9143,1466.9701,1767.3551,0.9912843,1.0126828
1599.3905,1696.9143,1486.6721,1770.1418,0.9956257,0.5552456
1618.8953,1696.9143,1506.1246,1771.9799,0.99941105,0.6184814
1638.4,1696.9143,1525.0107,1773.8903,0.9996524,0.46046242
1657.9048,1696.9143,1544.3947,1774.9425,0.9998237,0.18942071
1677.4095,1696.9143,1563.9733,1777.045,0.99959767,0.24752443
1696.9143,1696.9143,1583.6714,1779.211,0.99840903,0.7849385
1716.4191,1696.9143,1602.7646,1779.9526,0.9922171,0.28252423
1735.9238,1696.9143,1621.8032,1781.7784,0.9783851,0.37112564
1755.4286,1696.9143,1642.3843,1783.7885,0.82422733,0.8270865
1794.4381,1696.9143,1681.2448,1787.6449,0.94353193,1.0179337
1813.9429,1696.9143,1700.5192,1788.879,0.9872097,0.67179984
1833.4476,1696.9143,1719.0715,1789.6873,0.99666643,0.77535766
1852.9524,1696.9143,1738.1595,1791.897,0.99710774,0.61170024
1872.4573,1696.9143,1757.8073,1793.5072,0.9969863,0.47492883
1891.962,1696.9143,1777.4073,1795.01,0.9966945,0.5496437
1911.4668,1696.9143,1797.5581,1798.0746,0.9932759,1.003397
1930.9716,1696.9143,1816.1959,1798.8698,0.99126005,0.25859958
1950.4763,1696.9143,1836.1907,1799.7864,0.9711538,0.8992313
1969.9811,1696.9143,1854.9404,1801.7869,0.9583777,0.6557151
1989.4858,1696.9143,1874.9025,1803.8226,0.6237873,0.2635102
156.0381,1716.4191,46.925747,1663.4093,0.88087505,0.43918848
175.54286,1716.4191,66.03255,1665.4181,0.8910016,0.06343167
195.04762,1716.4191,85.86268,1667.2922,0.4531531,0.48962507
214.55238,1716.4191,104.331985,1668.9951,0.37383777,0.5761491
234.05716,1716.4191,124.532196,1670.5513,0.91052395,0.2569572
253.56192,1716.4191,143.5097,1672.5878,0.98096365,0.4733495
273.06668,1716.4191,163.03566,1673.974,0.9834862,0.15966676
292.57144,1716.4191,182.32649,1675.9846,0.9584135,0.4921007
312.0762,1716.4191,201.01434,1677.6041,0.8815744,1.0546013
331.58096,1716.4191,220.77635,1678.8915,0.9160699,0.67072475
351.08572,1716.4191,240.61775,1681.2811,0.88471127,0.6681493
370.59048,1716.4191,259.65482,1682.4132,0.8591555,0.6512839
390.09525,1716.4191,279.10123,1683.6187,0.778701,0.77429646
409.6,1716.4191,297.4717,1683.2502,0.6928611,3.0308447
448.60953,1716.4191,337.84164,1690.189,0.8015175,1.041771
468.11432,1716.4191,357.23148,1691.4746,0.98189276,0.65123606
487.61908,1716.4191,376.00696,1691.8684,0.9894511,1.1218786
507.12384,1716.4191,395.92178,1694.0676,0.9905754,0.44203177
526.6286,1716.4191,415.42374,1696.3721,0.98237467,0.52196056
546.13336,1716.4191,435.40298,1697.5856,0.98279727,0.23703654
565.6381,1716.4191,454.29376,1699.7802,0.98076725,0.52293766
585.1429,1716.4191,474.29764,1701.2258,0.987274,0.30442882
604.64764,1716.4191,493.5618,1702.2766,0.9758856,0.4951405
624.1524,1716.4191,512.40625,1704.1843,0.90195847,0.5682278
643.65717,1716.4191,531.7869,1705.9431,0.6428709,0.58769095
682.6667,1716.4191,570.6759,1710.1365,0.7093884,0.7720527
702.17145,1716.4191,590.02423,1711.4196,0.93684447,0.6193406
721.6762,1716.4191,609.6382,1713.1453,0.9910219,0.45401773
741.18097,1716.4191,629.3364,1714.9829,0.99750596,0.35257456
760.6857,1716.4191,649.1741,1716.5084,0.99332434,0.29705068
780.1905,1716.4191,668.1128,1717.8408,0.9937359,0.32170588
799.69525,1716.4191,687.97266,1719.9373,0.9911721,0.26278144
819.2,1716.4191,707.1785,1720.9578,0.9867148,0.5057881
838.7048,1716.4191,726.42993,1723.0432,0.9392589,0.23925921
858.20953,1716.4191,746.27277,1725.0623,0.577426,0.28612262
877.7143,1716.4191,765.68097,1726.5256,0.34742406,0.18638507
897.21906,1716.4191,784.87177,1727.9744,0.78954315,0.29380366
916.7238,1716.4191,804.8035,1730.6846,0.9860278,0.84771574
936.22864,1716.4191,824.3854,1732.0583,0.9988904,0.714993
955.7334,1716.4191,843.0709,1733.4884,0.9997886,0.19557455
975.23816,1716.4191,862.51245,1735.5459,0.99966276,0.5029961
994.7429,1716.4191,881.9271,1736.6118,0.99920017,0.21568063
1014.2477,1716.4191,901.34735,1738.3489,0.9982337,0.2000442
1033.7524,1716.4191,920.42816,1739.8337,0.9987309,0.6104456
1053.2572,1716.4191,941.0487,1741.56,0.9877307,0.73996407
1072.762,1716.4191,959.88696,1743.2661,0.8616711,0.307488
1092.2667,1716.4191,979.76624,1746.1224,0.2026535,1.0115064
1111.7715,1716.4191,999.7229,1747.6884,0.8222286,1.2833536
1131.2762,1716.4191,1018.3547,1749.1193,0.98468,0.5256667
1150.781,1716.4191,1037.9519,1750.1608,0.99974906,0.47113454
1170.2858,1716.4191,1056.827,1751.2832,0.99950457,0.78936404
1189.7905,1716.4191,1076.7628,1753.3494,0.99956137,0.5581249
1209.2953,1716.4191,1096.0829,1755.4816,0.9994433,0.2661076
1228.8,1716.4191,1115.6876,1756.44,0.9978294,0.84522206
1248.3048,1716.4191,1135.4182,1759.5525,0.9955924,1.0119654
1267.8096,1716.4191,1154.3695,1760.4938,0.997264,0.26910725
1287.3143,1716.4191,1174.0071,1762.8502,0.9749586,0.7515337
1306.8191,1716.4191,1193.62,1764.1013,0.73831147,0.66461724
1326.3239,1716.4191,1213.2728,1765.6334,0.8252592,0.87252605
1345.8286,1716.4191,1232.4808,1766.9629,0.9879468,0.7621314
1365.3334,1716.4191,1251.2072,1769.0261,0.997471,0.0651453
1384.8381,1716.4191,1270.9054,1770.4631,0.9996332,0.36658025
1404.3429,1716.4191,1289.2445,1772.9822,0.9999174,1.0211761
1423.8477,1716.4191,1309.7545,1774.5977,0.99986625,0.48037553
1443.3524,1716.4191,1329.5935,1775.5706,0.9998491,0.6753034
1462.8572,1716.4191,1348.325,1777.5704,0.99987733,0.090066135
1482.3619,1716.4191,1367.2097,1779.3435,0.9995516,0.6406808
1501.8667,1716.4191,1387.5956,1780.0745,0.9941649,0.9426748
1521.3715,1716.4191,1407.0029,1782.408,0.9401093,0.390076
1540.8762,1716.4191,1426.346,1784.4088,0.5221134,0.21472254
1560.381,1716.4191,1445.399,1786.6638,0.834939,0.6257812
1579.8857,1716.4191,1465.0867,1788.2036,0.9892302,0.4514839
1599.3905,1716.4191,1484.8505,1789.3309,0.99392587,0.44180188
1618.8953,1716.4191,1503.6938,1791.3663,0.9989808,0.26344827
1638.4,1716.4191,1523.3433,1793.0526,0.9996671,0.19921803
1657.9048,1716.4191,1542.1007,1794.5398,0.99980867,0.6194965
1677.4095,1716.4191,1562.16,1795.4625,0.9997676,0.798276
1696.9143,1716.4191,1581.4707,1798.1497,0.9997128,0.21876529
1716.4191,1716.4191,1600.4581,1799.5414,0.9977237,0.5660512
1735.9238,1716.4191,1620.1238,1801.4673,0.97957975,0.33564508
1755.4286,1716.4191,1639.3002,1803.3469,0.85558736,0.6400308
1774.9333,1716.4191,1659.529,1804.1241,0.40017033,0.6752769
1794.4381,1716.4191,1678.4827,1806.5651,0.90511215,0.27190694
1813.9429,1716.4191,1698.227,1808.3435,0.9941867,0.19359693
1833.4476,1716.4191,1717.4757,1809.4607,0.9995249,0.41700372
1852.9524,1716.4191,1736.9067,1811.8143,0.9988767,0.2803209
1872.4573,1716.4191,1756.1718,1813.2767,0.99836576,0.28465712
1891.962,1716.4191,1775.5419,1815.0258,0.998885,0.35078382
1911.4668,1716.4191,1795.8317,1817.0615,0.9988009,0.65265507
1930.9716,1716.4191,1814.6981,1818.4554,0.99886703,0.10739316
1950.4763,1716.4191,1833.7196,1819.3776,0.9961795,0.8222033
1969.9811,1716.4191,1853.4479,1821.9546,0.96199274,0.25240305
1989.4858,1716.4191,1872.9333,1823.1663,0.62576056,0.31218812
156.0381,1735.9238,44.45805,1683.0618,0.9958158,0.41160065
175.54286,1735.9238,63.996346,1684.8475,0.9297046,0.30704662
195.04762,1735.9238,83.59649,1686.4354,0.64525807,0.14557996
214.55238,1735.9238,103.458626,1688.3031,0.69881314,0.31772485
234.05716,1735.9238,122.38436,1689.9161,0.9911313,0.20721978
253.56192,1735.9238,141.509,1691.6937,0.99383974,0.5215068
273.06668,1735.9238,161.21024,1692.975,0.99788743,0.40056345
292.57144,1735.9238,180.16583,1694.7172,0.9978865,0.7681416
312.0762,1735.9238,200.16808,1696.9639,0.99480784,0.30564368
331.58096,1735.9238,219.45969,1698.2227,0.9897838,0.3315388
351.08572,1735.9238,239.08061,1700.3434,0.9962088,0.26575184
370.59048,1735.9238,258.76816,1701.9272,0.9869143,0.21093984
390.09525,1735.9238,277.3952,1702.9353,0.985852,0.8494968
409.6,1735.9238,296.95828,1704.3414,0.80110323,0.9922276
448.60953,1735.9238,336.96634,1709.128,0.52812594,0.83336514
468.11432,1735.9238,355.91406,1709.6038,0.9329584,0.7080716
487.61908,1735.9238,375.2692,1711.7598,0.9964619,0.24819513
507.12384,1735.9238,394.47925,1714.2264,0.9986937,0.55015206
526.6286,1735.9238,414.1506,1715.7358,0.999493,0.35668895
546.13336,1735.9238,433.9284,1717.1937,0.99967974,0.46018612
565.6381,1735.9238,453.13678,1718.8855,0.9985387,0.24484244
585.1429,1735.9238,472.66992,1720.4617,0.99512386,0.33125272
604.64764,1735.9238,492.57614,1721.6797,0.98021066,0.9554913
624.1524,1735.9238,511.02164,1724.3129,0.91575205,0.4559661
643.65717,1735.9238,531.0355,1725.5267,0.6482111,0.40915126
663.1619,1735.9238,550.5061,1725.7742,0.34979326,1.5829761
682.6667,1735.9238,569.7884,1729.2043,0.9313672,0.36284825
702.17145,1735.9238,589.1861,1730.9635,0.9951889,0.37654927
721.6762,1735.9238,608.4813,1732.5173,0.9995483,0.17752743
741.18097,1735.9238,628.5154,1734.5037,0.99972004,0.83800876
760.6857,1735.9238,647.75543,1735.9193,0.99987054,0.55474794
780.1905,1735.9238,665.97754,1737.1165,0.99974453,0.7670978
799.69525,1735.9238,686.1049,1739.8525,0.99925953,0.65980625
819.2,1735.9238,705.6374,1740.9277,0.99951005,0.13513432
838.7048,1735.9238,725.5016,1741.3962,0.98641276,1.3233782
858.20953,1735.9238,744.68677,1744.8722,0.90171343,0.6610287
877.7143,1735.9238,764.65845,1746.151,0.5331668,0.8744697
897.21906,1735.9238,782.8504,1748.2544,0.8438246,0.6769644
916.7238,1735.9238,802.7956,1749.5045,0.99743533,0.1759638
936.22864,1735.9238,822.26196,1750.5359,0.9995293,0.5830563
955.7334,1735.9238,841.7702,1753.2683,0.9999434,0.5369049
975.23816,1735.9238,861.51984,1754.9696,0.99986804,0.7420761
994.7429,1735.9238,879.8215,1755.8271,0.99950725,0.66899586
1014.2477,1735.9238,900.29205,1757.235,0.99916273,0.81425637
1033.7524,1735.9238,919.6934,1759.7098,0.999489,0.46563935
1053.2572,1735.9238,939.4405,1760.9397,0.9969916,0.8445368
1072.762,1735.9238,958.19965,1762.7373,0.9464351,0.2727579
1111.7715,1735.9238,997.1918,1767.8416,0.83433354,1.4666275
1131.2762,1735.9238,1015.8975,1768.3837,0.98458135,0.5767931
1150.781,1735.9238,1036.1111,1770.0171,0.99917793,0.36299238
1170.2858,1735.9238,1055.1747,1770.9877,0.9998462,0.51134384
1189.7905,1735.9238,1075.1067,1773.5067,0.99985266,0.5243409
1209.2953,1735.9238,1093.5709,1775.0419,0.9997722,0.5667154
1228.8,1735.9238,1113.2445,1776.1893,0.99912757,0.5045178
1248.3048,1735.9238,1132.8556,1778.4794,0.99761784,0.22396336
1267.8096,1735.9238,1152.293,1780.0319,0.9974511,0.122796245
1287.3143,1735.9238,1171.7561,1782.3848,0.9899222,0.69765615
1306.8191,1735.9238,1191.3733,1783.0372,0.8366183,0.369512
1345.8286,1735.9238,1230.558,1786.3969,0.927777,0.5815109
1365.3334,1735.9238,1249.2161,1788.341,0.99543446,0.3773544
1384.8381,1735.9238,1268.2524,1790.041,0.99979234,0.7552396
1404.3429,1735.9238,1288.1759,1792.0076,0.99997973,0.2727769
1423.8477,1735.9238,1307.8916,1793.8766,0.9999839,0.28720444
1443.3524,1735.9238,1327.072,1795.1338,0.9999794,0.26447862
1462.8572,1735.9238,1346.8972,1797.8148,0.9999517,0.8430153
1482.3619,1735.9238,1365.7662,1798.671,0.99993825,0.3794741
1501.8667,1735.9238,1385.5768,1799.9496,0.9987787,0.44214004
1521.3715,1735.9238,1404.7164,1802.3158,0.9470694,0.36634868
1540.8762,1735.9238,1424.0895,1804.6218,0.395043,0.8998655
1560.381,1735.9238,1443.8229,1805.5363,0.8470391,0.06292544
1579.8857,1735.9238,1463.0396,1806.9263,0.9811409,0.37016007
1599.3905,1735.9238,1482.9143,1809.1201,0.9946865,0.2947614
1618.8953,1735.9238,1502.0641,1810.8402,0.9991695,0.26620343
1638.4,1735.9238,1521.1221,1812.472,0.9998121,0.5009939
1657.9048,1735.9238,1540.9377,1814.2596,0.99981296,0.28060597
1677.4095,1735.9238,1561.0336,1815.2903,0.9998847,0.70770204
1696.9143,1735.9238,1580.0188,1817.313,0.99993014,0.15848102
1716.4191,1735.9238,1599.8713,1818.99,0.9988013,0.5688874
1735.9238,1735.9238,1618.1146,1821.6233,0.98797923,1.0421909
1755.4286,1735.9238,1638.1322,1823.2517,0.6714217,0.7616925
1774.9333,1735.9238,1657.5923,1825.0751,0.37033874,0.88409996
1794.4381,1735.9238,1677.0817,1825.4244,0.915365,0.4690127
1813.9429,1735.9238,1696.7125,1827.6383,0.99662197,0.2527681
1833.4476,1735.9238,1715.6962,1828.8984,0.99904007,0.4398489
1852.9524,1735.9238,1735.6757,1830.6744,0.99926335,0.47207233
1872.4573,1735.9238,1755.0988,1832.9086,0.9995762,0.4061021
1891.962,1735.9238,1774.671,1834.2499,0.99942976,0.5045607
1911.4668,1735.9238,1793.7334,1836.0449,0.9979018,0.12501538
1930.9716,1735.9238,1813.3395,1838.041,0.9981792,0.3845405
1950.4763,1735.9238,1832.0576,1839.1272,0.99366564,0.55579615
1969.9811,1735.9238,1852.4889,1840.8083,0.96241516,0.69477385
1989.4858,1735.9238,1872.0806,1842.5653,0.6298481,0.80952245
156.0381,1755.4286,43.495235,1702.5193,0.9979174,0.32693687
175.54286,1755.4286,63.173706,1704.6194,0.98515743,0.6968327
195.04762,1755.4286,82.04434,1705.9221,0.6591879,0.015275277
214.55238,1755.4286,101.246445,1707.2798,0.5895601,0.40622494
234.05716,1755.4286,121.091255,1708.7673,0.9934697,0.5929905
253.56192,1755.4286,140.92839,1711.4596,0.99785566,0.74663967
273.06668,1755.4286,159.22545,1712.4757,0.99950105,0.5823313
292.57144,1755.4286,178.79982,1715.5122,0.99963766,1.1523155
312.0762,1755.4286,198.58723,1716.491,0.996285,0.36673003
331.58096,1755.4286,218.60944,1717.507,0.99603593,0.6494393
351.08572,1755.4286,237.54944,1720.147,0.9992222,0.6265325
370.59048,1755.4286,257.69547,1721.0624,0.9974204,0.8076737
390.09525,1755.4286,276.57294,1722.3892,0.9861856,0.5862905
409.6,1755.4286,296.19327,1724.4983,0.93555236,0.44621912
429.10477,1755.4286,316.33734,1726.0157,0.30442962,1.1825554
448.60953,1755.4286,334.7561,1727.5051,0.8760188,0.5355872
468.11432,1755.4286,354.56223,1729.8422,0.98871267,0.518657
487.61908,1755.4286,373.3805,1730.847,0.9997721,0.58747905
507.12384,1755.4286,393.18042,1732.9523,0.99964726,0.31386247
526.6286,1755.4286,411.88495,1735.0668,0.99978197,0.5231501
546.13336,1755.4286,431.79755,1736.5266,0.9998728,0.01845809
565.6381,1755.4286,451.61768,1737.7368,0.99989045,0.6357897
585.1429,1755.4286,470.77838,1739.7349,0.9977857,0.2345382
604.64764,1755.4286,490.25415,1741.2374,0.9938704,0.4281894
624.1524,1755.4286,508.87927,1743.2842,0.9655144,0.6233958
643.65717,1755.4286,529.1158,1744.4229,0.8098493,0.62890935
663.1619,1755.4286,549.2972,1746.7098,0.7092908,0.93480337
682.6667,1755.4286,568.3105,1748.8674,0.9857631,0.68133694
702.17145,1755.4286,587.16266,1750.6045,0.99718565,0.4841935
721.6762,1755.4286,605.997,1751.4407,0.99865663,0.7607886
741.18097,1755.4286,625.8689,1753.7598,0.99961805,0.31955427
760.6857,1755.4286,645.3105,1754.5444,0.9998045,0.7097296
780.1905,1755.4286,664.69556,1756.1735,0.999915,0.79107124
799.69525,1755.4286,684.4883,1758.6846,0.99986434,0.12742954
819.2,1755.4286,703.7111,1760.2937,0.9996634,0.10028217
838.7048,1755.4286,722.8572,1761.4252,0.994071,0.7091246
858.20953,1755.4286,742.116,1764.1791,0.7934895,0.7154176
877.7143,1755.4286,761.1601,1765.6818,0.43797126,0.973133
897.21906,1755.4286,781.0699,1767.8385,0.9079603,0.8495436
916.7238,1755.4286,800.94073,1768.9651,0.9924424,0.14271493
936.22864,1755.4286,820.70746,1770.4615,0.9987468,0.32338414
955.7334,1755.4286,840.2009,1772.1709,0.99987924,0.38393202
975.23816,1755.4286,858.8936,1774.1621,0.999908,0.4298724
994.7429,1755.4286,878.2016,1775.1755,0.9999254,0.65657544
1014.2477,1755.4286,897.8952,1777.0414,0.9996875,0.3558383
1033.7524,1755.4286,917.2155,1779.3829,0.9989808,0.48624265
1053.2572,1755.4286,936.80414,1780.5637,0.9971803,0.232551
1072.762,1755.4286,955.97375,1782.3408,0.96079546,0.4379361
1092.2667,1755.4286,975.75494,1784.3147,0.42798743,0.20736013
1111.7715,1755.4286,995.47253,1785.4873,0.6951645,0.3947932
1131.2762,1755.4286,1014.1273,1788.0422,0.9892617,0.76964706
1150.781,1755.4286,1034.1414,1789.5756,0.999453,0.35287443
1170.2858,1755.4286,1053.3273,1790.2877,0.9999018,0.6753534
1189.7905,1755.4286,1072.9019,1792.6514,0.9999602,0.08978834
1209.2953,1755.4286,1092.0802,1794.5494,0.9999751,0.4063442
1228.8,1755.4286,1111.7106,1795.5675,0.999915,0.47576877
1248.3048,1755.4286,1131.0336,1798.4825,0.99962777,0.798211
1267.8096,1755.4286,1150.871,1799.3253,0.9987748,0.188875
1287.3143,1755.4286,1169.8898,1800.768,0.9745943,0.4340789
1306.8191,1755.4286,1190.1411,1803.2491,0.45647436,0.7124769
1326.3239,1755.4286,1208.9899,1803.8192,0.41139638,0.703577
1345.8286,1755.4286,1229.1449,1806.5281,0.93715215,0.77612174
1365.3334,1755.4286,1248.0448,1808.2435,0.99450886,0.36936396
1384.8381,1755.4286,1267.2955,1809.3127,0.9995935,0.30982947
1404.3429,1755.4286,1287.1578,1811.1029,0.99988854,0.48712394
1423.8477,1755.4286,1306.6273,1813.5518,0.9999825,0.7103512
1443.3524,1755.4286,1325.845,1814.0316,0.99997115,0.7384099
1462.8572,1755.4286,1344.9515,1816.0273,0.9998802,0.40002918
1482.3619,1755.4286,1364.652,1818.5441,0.9998627,0.46971953
1501.8667,1755.4286,1384.2518,1819.651,0.9964267,0.4132575
1521.3715,1755.4286,1403.5698,1821.632,0.9191474,0.2854849
1560.381,1755.4286,1442.2113,1825.6709,0.82437,0.7500749
1579.8857,1755.4286,1461.7323,1827.7158,0.98432654,1.1019914
1599.3905,1755.4286,1480.449,1828.4055,0.99570376,0.58533156
1618.8953,1755.4286,1501.4495,1829.7498,0.99974394,1.0273225
1638.4,1755.4286,1520.038,1832.524,0.99984014,0.8157652
1657.9048,1755.4286,1539.9073,1833.5385,0.9993374,0.5988587
1677.4095,1755.4286,1558.6599,1834.9264,0.9996035,0.2154036
1696.9143,1755.4286,1578.6552,1836.3834,0.99978244,0.64571315
1716.4191,1755.4286,1598.1007,1838.4222,0.9995287,0.49915078
1735.9238,1755.4286,1617.148,1839.7533,0.99237764,0.48019207
1755.4286,1755.4286,1636.362,1841.9183,0.6555955,0.1106448
1774.9333,1755.4286,1655.7062,1843.861,0.55003905,0.31003258
1794.4381,1755.4286,1674.539,1845.1256,0.94874275,0.8185918
1813.9429,1755.4286,1694.6014,1847.2048,0.9922523,0.24522343
1833.4476,1755.4286,1714.044,1848.582,0.99913067,0.20542152
1852.9524,1755.4286,1733.5073,1850.0532,0.9996186,0.38662475
1872.4573,1755.4286,1752.9913,1852.003,0.9995386,0.13482338
1891.962,1755.4286,1771.9583,1853.5654,0.9994581,0.5870148
1911.4668,1755.4286,1792.0675,1855.5975,0.9992231,0.16863602
1930.9716,1755.4286,1811.2614,1856.9208,0.99874425,0.31256604
1950.4763,1755.4286,1830.52,1858.4711,0.98678976,0.51886624
1969.9811,1755.4286,1850.3151,1861.5538,0.9415457,0.9387796
1989.4858,1755.4286,1869.4723,1862.0199,0.44154698,0.34434894
156.0381,1774.9333,41.892273,1721.9006,0.99972945,0.42747396
175.54286,1774.9333,61.690426,1724.2654,0.9710285,0.9988864
195.04762,1774.9333,80.331894,1725.0314,0.63807654,0.32459396
214.55238,1774.9333,100.174576,1727.0784,0.61084795,0.41516644
234.05716,1774.9333,119.2617,1729.1642,0.9864398,0.4144741
253.56192,1774.9333,138.39052,1730.5732,0.9949629,0.25878438
273.06668,1774.9333,157.06342,1731.865,0.9997466,1.0301396
292.57144,1774.9333,177.0875,1734.1324,0.9999192,0.4820589
312.0762,1774.9333,196.75027,1736.1433,0.9997438,0.60969394
331.58096,1774.9333,216.46626,1737.3624,0.9996343,0.16288175
351.08572,1774.9333,235.9244,1739.4407,0.99991834,0.5079341
370.59048,1774.9333,254.88185,1740.694,0.9996912,0.3248091
390.09525,1774.9333,274.0642,1741.7557,0.99439895,0.8278599
409.6,1774.9333,293.74692,1743.9393,0.9014368,0.3390081
448.60953,1774.9333,332.02716,1747.4691,0.7986957,0.89942825
468.11432,1774.9333,352.27267,1749.9055,0.9970853,0.7549779
487.61908,1774.9333,371.03064,1750.6615,0.9999206,0.78138417
507.12384,1774.9333,391.17123,1752.789,0.99996376,0.23843008
526.6286,1774.9333,410.34756,1754.9235,0.9999124,0.7330494
546.13336,1774.9333,430.34045,1755.94,0.99990404,0.26163816
565.6381,1774.9333,449.70685,1757.8625,0.9997642,0.28617102
585.1429,1774.9333,468.93536,1759.5076,0.9973098,0.15266895
604.64764,1774.9333,487.95004,1760.7506,0.995268,0.51934147
624.1524,1774.9333,507.39993,1763.3267,0.9819586,0.69865793
643.65717,1774.9333,526.886,1765.3427,0.53510463,0.95285964
663.1619,1774.9333,547.01965,1766.6904,0.8413327,0.6437759
682.6667,1774.9333,566.21155,1768.3386,0.9751349,0.498178
702.17145,1774.9333,585.6028,1769.7244,0.99658865,0.18723582
721.6762,1774.9333,605.1101,1770.9883,0.9984548,0.30865037
741.18097,1774.9333,624.4849,1772.7638,0.99952894,0.21551582
760.6857,1774.9333,644.215,1774.7261,0.9999535,0.40612963
780.1905,1774.9333,662.9575,1775.878,0.9999788,0.55682975
799.69525,1774.9333,682.6396,1778.9272,0.99996495,0.87357324
819.2,1774.9333,702.108,1779.6489,0.99987566,0.10547513
838.7048,1774.9333,721.49805,1781.3947,0.9932809,0.071471624
858.20953,1774.9333,741.0379,1783.2462,0.80759305,0.11554271
897.21906,1774.9333,779.79736,1786.7715,0.55418104,0.21957327
916.7238,1774.9333,800.04254,1788.3672,0.9876791,0.791137
936.22864,1774.9333,818.97296,1790.0717,0.99975085,0.3062933
955.7334,1774.9333,838.06335,1791.6273,0.999961,0.06324034
975.23816,1774.9333,857.7753,1793.4305,0.99997616,0.23682977
994.7429,1774.9333,877.2289,1794.5527,0.99998796,0.5588346
1014.2477,1774.9333,896.9746,1795.7761,0.9998524,1.1279452
1033.7524,1774.9333,916.151,1798.4432,0.99889296,0.30834943
1053.2572,1774.9333,935.7834,1799.9211,0.9964375,0.5605742
1072.762,1774.9333,954.7444,1802.3226,0.97293526,0.47061506
1092.2667,1774.9333,974.66003,1803.0121,0.5136563,0.7547095
1111.7715,1774.9333,993.7883,1805.116,0.9212083,0.2623647
1131.2762,1774.9333,1013.62537,1806.7308,0.9893221,0.6680611
1150.781,1774.9333,1031.973,1808.7633,0.9987993,0.466106
1170.2858,1774.9333,1052.3508,1810.3848,0.99959946,0.4952496
1189.7905,1774.9333,1071.651,1811.7131,0.99986494,0.4982399
1209.2953,1774.9333,1091.2605,1814.2617,0.9999101,0.7436748
1228.8,1774.9333,1110.7375,1815.4689,0.9996915,0.5895593
1248.3048,1774.9333,1129.5706,1818.0255,0.9993173,0.8722307
1267.8096,1774.9333,1149.2036,1818.6626,0.9988763,0.27225533
1287.3143,1774.9333,1168.2947,1819.9268,0.98909795,0.64305854
1306.8191,1774.9333,1188.0115,1821.9106,0.9039831,0.3704582
1326.3239,1774.9333,1207.0071,1823.3038,0.34783483,0.71267956
1345.8286,1774.9333,1227.4728,1826.0885,0.9050567,0.8597496
1365.3334,1774.9333,1246.2361,1827.3269,0.9925076,0.07856673
1384.8381,1774.9333,1265.7301,1828.9233,0.99980223,0.18911438
1404.3429,1774.9333,1285.7058,1830.3162,0.9998579,0.81055874
1423.8477,1774.9333,1304.3015,1832.7578,0.9999106,0.3406511
1443.3524,1774.9333,1323.9547,1834.2817,0.99980986,0.14684552
1462.8572,1774.9333,1342.9972,1835.0178,0.99930274,0.89340526
1482.3619,1774.9333,1362.5752,1838.1749,0.99964935,0.6448926
1501.8667,1774.9333,1382.9346,1838.8387,0.9968649,0.8644123
1521.3715,1774.9333,1401.0182,1840.9153,0.9572861,0.5893275
1540.8762,1774.9333,1420.9819,1842.3372,0.3241719,0.32027644
1560.381,1774.9333,1440.2953,1844.673,0.8938496,0.36356992
1579.8857,1774.9333,1459.7435,1846.7072,0.9874296,0.6724816
1599.3905,1774.9333,1478.6715,1847.9563,0.99363303,0.6877307
1618.8953,1774.9333,1497.9027,1849.5647,0.9989355,0.8635192
1638.4,1774.9333,1517.9365,1851.7842,0.9992005,0.68046737
1657.9048,1774.9333,1537.6997,1853.2489,0.99897486,0.4044179
1677.4095,1774.9333,1556.3209,1853.9347,0.999378,0.9559604
1696.9143,1774.9333,1576.0753,1856.4288,0.9991861,0.44249254
1716.4191,1774.9333,1596.024,1857.779,0.9980535,0.20650466
1735.9238,1774.9333,1614.933,1859.0371,0.98263055,0.7387768
1755.4286,1774.9333,1634.3163,1860.9429,0.86272603,0.6130644
1774.9333,1774.9333,1653.6016,1863.0492,0.5122742,0.60169166
1794.4381,1774.9333,1673.3563,1865.2828,0.96101844,0.59891176
1813.9429,1774.9333,1692.6069,1867.2294,0.98931646,0.9019289
1833.4476,1774.9333,1712.559,1868.0488,0.99829483,0.12143695
1852.9524,1774.9333,1731.7422,1870.0844,0.99781895,0.2959599
1872.4573,1774.9333,1750.8773,1872.2789,0.99883515,0.870525
1891.962,1774.9333,1770.6038,1872.8147,0.9986148,0.47383985
1911.4668,1774.9333,1789.817,1875.5195,0.998111,0.6945906
1930.9716,1774.9333,1809.139,1877.2097,0.99782,0.7550414
1950.4763,1774.9333,1828.9324,1877.6926,0.9873833,0.67500824
1969.9811,1774.9333,1848.8761,1880.0883,0.7984124,0.36913064
1989.4858,1774.9333,1867.7142,1881.834,0.38064817,0.23970461
156.0381,1794.4381,40.175217,1741.1945,0.99913734,0.44985768
175.54286,1794.4381,58.966213,1742.7422,0.9883101,0.4156592
195.04762,1794.4381,78.553665,1744.6594,0.67300314,0.14799562
214.55238,1794.4381,97.84276,1746.6683,0.5332698,0.2833811
234.05716,1794.4381,117.052216,1748.4325,0.95440096,0.50275606
253.56192,1794.4381,136.77695,1750.3599,0.99877596,0.49498847
273.06668,1794.4381,155.93716,1751.1252,0.9999156,0.6200228
292.57144,1794.4381,175.70801,1753.4244,0.999974,0.15686828
312.0762,1794.4381,195.57753,1755.2638,0.9998493,0.4583488
331.58096,1794.4381,214.47197,1755.9058,0.9998658,0.7989902
351.08572,1794.4381,234.26653,1758.955,0.99976283,0.60058194
370.59048,1794.4381,253.36751,1760.0392,0.9996197,0.1447189
390.09525,1794.4381,273.30887,1761.1375,0.9935474,0.7486351
409.6,1794.4381,292.28528,1764.0012,0.9093588,0.521463
429.10477,1794.4381,312.32437,1764.8755,0.4268457,0.61282164
448.60953,1794.4381,331.49197,1766.0336,0.77883464,0.89267355
468.11432,1794.4381,350.53625,1769.3652,0.9922508,0.7887369
487.61908,1794.4381,370.39502,1770.5228,0.99783885,0.38814577
507.12384,1794.4381,389.9079,1772.0908,0.9999676,0.40360406
526.6286,1794.4381,409.4564,1774.213,0.9999883,0.73196924
546.13336,1794.4381,428.63507,1775.1152,0.9999511,0.37219033
565.6381,1794.4381,447.9481,1777.1744,0.9997099,0.16434401
585.1429,1794.4381,467.4758,1779.1873,0.99928385,0.46562734
604.64764,1794.4381,486.6405,1780.1055,0.99536645,0.38122103
624.1524,1794.4381,505.96045,1783.0857,0.95913357,0.9112467
663.1619,1794.4381,545.53955,1785.5983,0.6415862,0.5771104
682.6667,1794.4381,565.2709,1786.6833,0.95475173,1.0643107
702.17145,1794.4381,584.2111,1789.6682,0.9946184,0.7852291
721.6762,1794.4381,603.776,1790.7687,0.99820924,0.5284278
741.18097,1794.4381,622.3402,1792.4224,0.9997712,0.34654924
760.6857,1794.4381,642.8734,1794.2638,0.99996626,0.7788967
780.1905,1794.4381,661.5755,1795.5431,0.9999621,0.2437624
799.69525,1794.4381,681.31146,1797.9834,0.9999199,0.60061395
819.2,1794.4381,700.2321,1799.3148,0.9998286,0.21772663
838.7048,1794.4381,719.87634,1800.4458,0.99326843,0.44081026
858.20953,1794.4381,740.0007,1801.8949,0.88439983,1.0064334
877.7143,1794.4381,759.3581,1803.2013,0.3356358,1.2684814
897.21906,1794.4381,779.0587,1806.1156,0.8681774,0.93885195
916.7238,1794.4381,797.9157,1808.2678,0.98803765,0.68328345
936.22864,1794.4381,816.9866,1809.3911,0.9988879,0.0074043972
955.7334,1794.4381,837.1269,1811.0875,0.99995947,0.70618284
975.23816,1794.4381,855.82043,1813.0806,0.9999876,0.29762086
994.7429,1794.4381,874.99335,1814.3402,0.99997425,0.3225266
1014.2477,1794.4381,894.5877,1816.5941,0.99989843,0.42820722
1033.7524,1794.4381,915.1519,1818.4825,0.99820197,1.1729982
1053.2572,1794.4381,933.8789,1818.7965,0.9975535,0.8449931
1072.762,1794.4381,953.0814,1821.0718,0.9716342,0.22619835
1092.2667,1794.4381,972.5097,1823.0039,0.28517747,0.07772122
1111.7715,1794.4381,992.4401,1825.1047,0.8835364,0.71243006
1131.2762,1794.4381,1012.2307,1826.8983,0.98250264,1.0671501
1150.781,1794.4381,1030.5969,1828.2002,0.9992011,0.17365612
1170.2858,1794.4381,1049.7966,1829.2516,0.99910825,0.64273983
1189.7905,1794.4381,1069.8488,1831.3364,0.9996874,0.30041572
1209.2953,1794.4381,1088.6484,1833.3652,0.99913347,0.41130415
1228.8,1794.4381,1108.8577,1834.6078,0.9979626,0.49390206
1248.3048,1794.4381,1127.0153,1837.4214,0.9963318,1.2028793
1267.8096,1794.4381,1146.273,1838.4169,0.9971524,1.0448678
1287.3143,1794.4381,1166.6826,1840.49,0.9870159,0.50933135
1306.8191,1794.4381,1185.7656,1841.8335,0.8981576,0.43156528
1326.3239,1794.4381,1205.2408,1843.5132,0.2934172,0.38264906
1345.8286,1794.4381,1225.5798,1845.3534,0.9007027,0.611056
1365.3334,1794.4381,1244.0751,1847.3251,0.9805568,0.66545814
1384.8381,1794.4381,1263.8743,1848.9901,0.9992321,0.5068006
1404.3429,1794.4381,1283.1962,1850.4412,0.9997368,0.287156
1423.8477,1794.4381,1302.43,1852.6877,0.9991035,0.8668672
1443.3524,1794.4381,1321.8496,1853.4349,0.9903331,0.3660923
1462.8572,1794.4381,1341.6963,1855.384,0.99304813,0.12948662
1482.3619,1794.4381,1360.8141,1857.4543,0.9981713,0.52463824
1501.8667,1794.4381,1380.0419,1858.1442,0.98891985,0.69212806
1521.3715,1794.4381,1399.8013,1860.029,0.9532714,0.3695108
1560.381,1794.4381,1438.413,1863.6926,0.8515279,0.36576253
1579.8857,1794.4381,1458.9048,1865.6914,0.97508335,0.73694605
1599.3905,1794.4381,1477.4303,1867.4263,0.9758777,0.31365642
1618.8953,1794.4381,1497.1296,1869.1459,0.98536146,0.2721552
1638.4,1794.4381,1516.3861,1871.1344,0.9864299,0.5610017
1657.9048,1794.4381,1535.9938,1872.4773,0.9935084,0.20785244
1677.4095,1794.4381,1556.0035,1873.9337,0.99786425,0.65480465
1696.9143,1794.4381,1574.767,1875.6989,0.99513507,0.021359514
1716.4191,1794.4381,1594.2985,1877.2917,0.9859211,0.12579978
1735.9238,1794.4381,1614.1425,1878.2251,0.9726956,0.9928923
1755.4286,1794.4381,1633.6425,1880.3857,0.54072165,0.69436866
1774.9333,1794.4381,1652.3271,1882.7032,0.5631924,0.28228343
1794.4381,1794.4381,1671.974,1884.3545,0.8167177,0.17650476
1813.9429,1794.4381,1691.9636,1886.9387,0.98292124,1.2143105
1833.4476,1794.4381,1711.3822,1887.3527,0.9949577,0.6306608
1852.9524,1794.4381,1730.8337,1889.8943,0.9929189,0.8627395
1872.4573,1794.4381,1750.3591,1891.4064,0.99599826,0.82094264
1891.962,1794.4381,1769.4259,1892.8654,0.9908655,0.3854377
1911.4668,1794.4381,1789.0697,1894.1837,0.9903614,0.58710366
1930.9716,1794.4381,1808.5615,1896.5574,0.97743416,0.7761642
1950.4763,1794.4381,1827.7502,1897.7219,0.9183524,0.3768049
1969.9811,1794.4381,1847.4911,1899.904,0.7137851,0.8021502
1989.4858,1794.4381,1866.5765,1901.0824,0.44805261,0.35159922
156.0381,1813.9429,38.91829,1760.5051,0.99953,0.9052544
175.54286,1813.9429,57.404755,1761.9698,0.99531883,0.5553052
195.04762,1813.9429,77.60212,1764.3812,0.91853184,0.69229704
214.55238,1813.9429,96.59638,1765.7172,0.4937067,0.30944112
234.05716,1813.9429,116.32763,1767.7264,0.9828423,0.5480075
253.56192,1813.9429,135.7802,1769.4503,0.99916077,0.5746781
273.06668,1813.9429,155.43248,1770.5189,0.9997997,0.9259841
292.57144,1813.9429,174.50081,1772.8951,0.9999627,0.45491916
312.0762,1813.9429,193.80782,1774.7701,0.99996424,0.46031827
331.58096,1813.9429,213.07582,1775.877,0.9998845,0.2738908
351.08572,1813.9429,233.22859,1778.8799,0.99970484,1.3641506
370.59048,1813.9429,252.25023,1779.5586,0.9990213,0.44772857
390.09525,1813.9429,271.45624,1780.4424,0.9924088,0.80516565
409.6,1813.9429,291.37738,1783.0569,0.9094632,0.7255629
429.10477,1813.9429,310.82153,1784.2349,0.5486952,0.81972826
448.60953,1813.9429,329.42825,1785.4147,0.8988866,0.9070785
468.11432,1813.9429,348.9774,1788.2343,0.99239063,0.21883006
487.61908,1813.9429,368.1823,1789.8539,0.9945964,0.24722709
507.12384,1813.9429,388.31198,1791.3223,0.9999021,0.5025811
526.6286,1813.9429,406.96887,1793.4164,0.99998295,0.41044816
546.13336,1813.9429,426.6466,1794.7861,0.99974126,0.044429917
565.6381,1813.9429,446.29788,1796.4888,0.99946696,0.18996651
585.1429,1813.9429,464.88617,1798.833,0.9990406,0.8992683
604.64764,1813.9429,484.54572,1799.4366,0.99153507,0.640815
624.1524,1813.9429,504.13187,1800.3812,0.8641789,1.2638428
643.65717,1813.9429,524.01935,1803.2655,0.41223502,0.19392379
663.1619,1813.9429,542.9935,1805.6449,0.60648274,0.68417364
682.6667,1813.9429,562.6396,1807.1572,0.934101,0.4446473
702.17145,1813.9429,581.8898,1808.9869,0.99634576,0.6172222
721.6762,1813.9429,601.66425,1809.7837,0.998431,0.34977353
741.18097,1813.9429,620.7093,1811.6279,0.9999021,0.33339933
760.6857,1813.9429,639.7216,1813.7891,0.99982774,0.74566966
780.1905,1813.9429,659.1055,1815.7657,0.999845,0.9223477
799.69525,1813.9429,679.5732,1817.1259,0.9993817,0.3637802
819.2,1813.9429,697.7361,1818.6803,0.9984899,0.9729867
838.7048,1813.9429,717.4962,1820.2396,0.9914579,0.6457006
858.20953,1813.9429,736.9643,1821.5261,0.8717863,0.777062
897.21906,1813.9429,776.52594,1825.2251,0.89588153,0.21343136
916.7238,1813.9429,794.8188,1827.162,0.9643336,1.041882
936.22864,1813.9429,815.32275,1828.3706,0.9982736,0.4457687
955.7334,1813.9429,834.6421,1830.3213,0.9994365,0.2092046
975.23816,1813.9429,853.93384,1832.5444,0.9997916,0.39466572
994.7429,1813.9429,873.1591,1833.8542,0.999716,0.4270782
1014.2477,1813.9429,893.4504,1835.906,0.99989915,0.5258553
1033.7524,1813.9429,912.25006,1837.4535,0.9988894,0.23747696
1053.2572,1813.9429,932.0519,1838.6967,0.9961964,0.36483365
1072.762,1813.9429,951.5074,1840.7118,0.9283645,0.20339204
1092.2667,1813.9429,970.4489,1842.547,0.26791123,0.3147542
1111.7715,1813.9429,990.284,1844.0809,0.83878297,0.12361118
1131.2762,1813.9429,1009.5811,1846.9166,0.9802546,1.1020244
1150.781,1813.9429,1029.3955,1847.9065,0.99283254,0.5385055
1170.2858,1813.9429,1048.5686,1848.6459,0.9953607,0.57963693
1189.7905,1813.9429,1067.8944,1849.8319,0.99134755,1.0826656
1209.2953,1813.9429,1087.4921,1852.8636,0.9886524,0.30407184
1228.8,1813.9429,1106.8811,1854.1022,0.99429625,0.25040382
1248.3048,1813.9429,1126.3583,1856.9116,0.99555045,0.9149852
1267.8096,1813.9429,1145.5654,1857.8252,0.9922268,0.119233645
1287.3143,1813.9429,1164.8612,1859.2197,0.9699885,0.26419502
1306.8191,1813.9429,1184.6451,1861.1238,0.6913844,0.17494193
1326.3239,1813.9429,1204.1461,1863.2036,0.50220984,0.4601284
1345.8286,1813.9429,1223.1489,1863.8813,0.8928252,0.6586355
1365.3334,1813.9429,1242.6589,1866.1256,0.98138195,0.13591257
1384.8381,1813.9429,1262.3749,1867.5085,0.9901876,0.44470096
1404.3429,1813.9429,1281.5323,1869.4801,0.9945336,0.161905
1423.8477,1813.9429,1301.5753,1871.7974,0.9915525,0.71107614
1443.3524,1813.9429,1320.6589,1872.8126,0.9886076,0.2666129
1462.8572,1813.9429,1339.8302,1874.5044,0.9893182,0.2260226
1482.3619,1813.9429,1360.0582,1876.3175,0.98457474,0.71938366
1501.8667,1813.9429,1378.9366,1877.4854,0.9051422,0.64877456
1521.3715,1813.9429,1398.9023,1878.6293,0.9634499,1.3738688
1540.8762,1813.9429,1417.8198,1881.0372,0.44675764,0.5104848
1560.381,1813.9429,1437.0289,1883.1051,0.73127043,0.115246594
1579.8857,1813.9429,1456.8555,1885.4233,0.6254009,0.6225546
1599.3905,1813.9429,1476.0034,1887.1222,0.72414917,0.51403856
1618.8953,1813.9429,1495.361,1888.4541,0.9460389,0.1405165
1638.4,1813.9429,1515.0066,1890.1895,0.9616006,0.27937213
1657.9048,1813.9429,1534.0756,1891.8517,0.95719993,0.19995996
1677.4095,1813.9429,1553.7397,1893.557,0.9774675,0.16896383
1696.9143,1813.9429,1573.7898,1894.7816,0.9895052,0.7824464
1716.4191,1813.9429,1592.5752,1897.0371,0.9723379,0.23258445
1735.9238,1813.9429,1612.7175,1898.2849,0.91004103,0.8082109
1755.4286,1813.9429,1632.1915,1899.9589,0.6806179,0.85733783
1774.9333,1813.9429,1650.9813,1902.37,0.25739643,0.49023548
1794.4381,1813.9429,1670.8733,1904.1982,0.7584791,0.86669487
1813.9429,1813.9429,1689.4999,1905.8304,0.97138834,0.54287326
1833.4476,1813.9429,1709.1381,1907.2732,0.98707,0.26367667
1852.9524,1813.9429,1728.8319,1908.3971,0.9340913,0.44009426
1872.4573,1813.9429,1748.3489,1910.7926,0.91303647,0.54620415
1891.962,1813.9429,1767.6208,1911.9594,0.9456123,0.27999875
1911.4668,1813.9429,1786.59,1914.2638,0.8839479,0.50497407
1930.9716,1813.9429,1805.9957,1915.9882,0.7242692,0.53804433
1950.4763,1813.9429,1825.1005,1916.643,0.8243169,0.81157005
1969.9811,1813.9429,1844.8209,1918.2987,0.58768976,0.67818576
1989.4858,1813.9429,1864.0714,1921.4576,0.34172633,0.9659275
156.0381,1833.4476,36.154827,1779.8362,0.99901325,0.463692
175.54286,1833.4476,56.16026,1781.624,0.97230965,0.48493496
195.04762,1833.4476,74.95388,1783.7278,0.42707577,0.28716806
214.55238,1833.4476,95.05618,1785.5266,0.722531,0.4346259
234.05716,1833.4476,113.72895,1786.3695,0.98628044,0.76846135
253.56192,1833.4476,133.38617,1788.9775,0.9987818,0.26683244
273.06668,1833.4476,152.45996,1790.2286,0.9996068,0.53830266
292.57144,1833.4476,172.58804,1792.0065,0.99992716,0.24930276
312.0762,1833.4476,191.93314,1794.0385,0.9999677,0.22583275
331.58096,1833.4476,211.5419,1795.4907,0.9998499,0.30376613
351.08572,1833.4476,230.02257,1798.2032,0.99916744,1.1568835
370.59048,1833.4476,250.22176,1798.9675,0.9951648,0.118992515
390.09525,1833.4476,269.02914,1800.2189,0.977179,0.6627965
409.6,1833.4476,288.24237,1802.204,0.79546887,0.73722064
429.10477,1833.4476,307.98727,1803.6919,0.6007569,0.5415037
448.60953,1833.4476,327.55307,1805.7223,0.8115929,0.27466863
468.11432,1833.4476,347.18066,1808.3231,0.9665955,0.8795598
487.61908,1833.4476,366.17255,1809.1321,0.99406165,0.5154399
507.12384,1833.4476,386.2117,1811.1139,0.9984727,0.28294438
526.6286,1833.4476,405.39236,1812.4397,0.99929154,0.18960837
546.13336,1833.4476,424.7425,1813.9948,0.99822927,0.34584066
565.6381,1833.4476,444.0575,1815.5282,0.995984,0.5471065
585.1429,1833.4476,463.10568,1817.3489,0.9980286,0.7928286
604.64764,1833.4476,483.26892,1819.1594,0.99000627,0.18714564
624.1524,1833.4476,502.9306,1820.9282,0.82350945,0.2577758
643.65717,1833.4476,522.0174,1823.0826,0.63744086,0.35522494
663.1619,1833.4476,541.36053,1824.3326,0.72894067,0.23196442
682.6667,1833.4476,561.13257,1826.0087,0.97715384,0.19589932
702.17145,1833.4476,580.1481,1828.4791,0.98176676,0.6902607
721.6762,1833.4476,599.7381,1829.0621,0.9935905,0.4978832
741.18097,1833.4476,619.26904,1831.8032,0.98963773,0.55723107
760.6857,1833.4476,638.72314,1833.4806,0.9961951,0.53448004
780.1905,1833.4476,657.8655,1833.8848,0.9993804,0.81134415
799.69525,1833.4476,677.5147,1836.4972,0.9992279,0.16323563
819.2,1833.4476,697.4501,1838.1759,0.9954771,0.46175823
838.7048,1833.4476,716.0723,1839.1245,0.98417467,0.7208079
858.20953,1833.4476,736.3659,1841.6559,0.9237222,0.54032576
877.7143,1833.4476,755.5179,1843.5809,0.29441044,0.48720443
897.21906,1833.4476,774.9667,1844.5657,0.5798365,0.36730674
916.7238,1833.4476,794.56915,1846.948,0.9635588,0.5739862
936.22864,1833.4476,814.24176,1848.0599,0.99243814,0.6774633
955.7334,1833.4476,833.18195,1849.0723,0.99223924,0.8881521
975.23816,1833.4476,853.07587,1851.9188,0.9939656,0.681652
994.7429,1833.4476,872.2309,1853.3175,0.97714734,0.35012653
1014.2477,1833.4476,891.46356,1855.3062,0.99423975,0.3012657
1033.7524,1833.4476,910.74176,1856.5839,0.96629053,0.1616257
1053.2572,1833.4476,930.74304,1858.1873,0.9419413,0.6253065
1072.762,1833.4476,949.5634,1860.3947,0.85896885,0.2525603
1092.2667,1833.4476,968.94946,1863.523,0.5807843,1.6797715
1111.7715,1833.4476,989.028,1863.789,0.81895083,0.61333907
1131.2762,1833.4476,1008.0821,1865.3124,0.88690615,0.19812387
1150.781,1833.4476,1028.0918,1867.0077,0.93269694,0.7681718
1170.2858,1833.4476,1047.9286,1868.0851,0.97645456,1.298829
1189.7905,1833.4476,1066.7396,1869.868,0.96468496,0.7299346
1209.2953,1833.4476,1085.5471,1872.2386,0.96829736,0.20598677
1228.8,1833.4476,1105.3319,1873.3168,0.9808356,0.513703
1248.3048,1833.4476,1124.1909,1875.4908,0.97357196,0.2915796
1267.8096,1833.4476,1143.9032,1877.1791,0.96489924,0.034621947
1287.3143,1833.4476,1164.0216,1878.0228,0.9151672,1.0679672
1306.8191,1833.4476,1182.4058,1880.3188,0.8819672,0.42912617
1326.3239,1833.4476,1203.0845,1882.6262,0.3692922,0.9622172
1345.8286,1833.4476,1222.1375,1883.5084,0.6916184,0.6680867
1365.3334,1833.4476,1241.1761,1885.9794,0.9426614,0.35348657
1384.8381,1833.4476,1260.3097,1887.7542,0.9725606,0.44845378
1404.3429,1833.4476,1279.6957,1888.5669,0.90849143,0.5291983
1423.8477,1833.4476,1299.5278,1891.3486,0.7239535,0.6285872
1443.3524,1833.4476,1317.9591,1892.7642,0.846557,0.8849174
1462.8572,1833.4476,1337.7837,1895.098,0.8276621,1.0464406
1482.3619,1833.4476,1357.0172,1895.707,0.806523,0.6430359
1501.8667,1833.4476,1376.8981,1897.1796,0.5900348,0.40590847
1521.3715,1833.4476,1396.2438,1900.038,0.5189859,0.83592856
1560.381,1833.4476,1435.5697,1902.8875,0.59193164,0.31629434
1579.8857,1833.4476,1455.6694,1904.4733,0.7144282,0.8809601
1599.3905,1833.4476,1473.7828,1906.3131,0.3663595,0.52052665
1618.8953,1833.4476,1492.6616,1906.9424,0.7469574,1.2797246
1638.4,1833.4476,1513.1688,1909.6394,0.5179113,0.21076849
1657.9048,1833.4476,1532.9908,1911.4377,0.77224404,0.5548169
1677.4095,1833.4476,1552.5427,1913.493,0.61052305,0.8785076
1696.9143,1833.4476,1572.1337,1915.0488,0.83874375,0.90613174
1716.4191,1833.4476,1590.7731,1916.5201,0.7122434,0.27894223
1735.9238,1833.4476,1610.5118,1917.723,0.39987049,0.34844062
1755.4286,1833.4476,1630.1388,1919.1038,0.4690632,0.7132633
1794.4381,1833.4476,1668.8369,1922.7448,0.6226357,0.4256374
1813.9429,1833.4476,1687.849,1925.6173,0.8789457,0.88125604
1833.4476,1833.4476,1708.5709,1926.3307,0.8786808,1.1813122
1852.9524,1833.4476,1726.908,1927.8021,0.3760082,0.35123247
1872.4573,1833.4476,1747.0665,1930.1976,0.47122595,0.88430524
1891.962,1833.4476,1765.8875,1931.2875,0.816155,0.32526973
1930.9716,1833.4476,1803.8917,1935.3174,0.3163514,0.7552466
1950.4763,1833.4476,1824.6654,1936.308,0.5004718,0.7644798
1989.4858,1833.4476,1863.329,1940.9277,0.20602804,1.0109354
156.0381,1852.9524,33.973385,1799.609,0.99211,0.698654
175.54286,1852.9524,54.317028,1800.8378,0.9876178,0.582676
195.04762,1852.9524,73.32761,1803.2509,0.91358536,0.26582992
214.55238,1852.9524,92.86132,1805.3118,0.78550583,0.54277635
234.05716,1852.9524,112.16061,1806.3473,0.9767583,0.26470268
253.56192,1852.9524,131.83301,1808.7651,0.9961323,0.58727455
273.06668,1852.9524,151.00674,1809.4614,0.98933995,0.48327833
292.57144,1852.9524,170.55586,1812.399,0.99810684,0.8308597
312.0762,1852.9524,190.23326,1813.5115,0.9995377,0.26280162
331.58096,1852.9524,209.70062,1814.8938,0.99755216,0.17817067
351.08572,1852.9524,228.9978,1816.6893,0.9945335,0.026450854
370.59048,1852.9524,248.42435,1818.8962,0.9921544,0.5189316
390.09525,1852.9524,267.9393,1819.7013,0.95467997,0.3905063
409.6,1852.9524,287.43463,1821.3629,0.6256352,0.44779092
429.10477,1852.9524,306.89386,1824.0084,0.3130574,0.5665087
448.60953,1852.9524,326.72604,1824.4622,0.7477636,0.9332409
468.11432,1852.9524,345.56357,1827.8257,0.96017104,0.94826305
487.61908,1852.9524,365.29065,1828.4941,0.98702514,0.3140612
507.12384,1852.9524,384.8926,1830.5923,0.96956015,0.56929314
526.6286,1852.9524,403.94458,1832.3741,0.9797239,0.40822008
546.13336,1852.9524,423.5746,1834.031,0.98888546,0.46070698
565.6381,1852.9524,442.50842,1836.1611,0.9956504,0.8094349
585.1429,1852.9524,461.5618,1837.467,0.9904107,0.69781864
604.64764,1852.9524,480.87936,1838.626,0.97771996,0.7080274
624.1524,1852.9524,501.37665,1839.0228,0.85616744,1.5018036
643.65717,1852.9524,521.05975,1841.9764,0.6778088,0.6588329
663.1619,1852.9524,540.57526,1843.6097,0.6475427,0.76098174
682.6667,1852.9524,559.8042,1845.0872,0.7398122,0.70773995
702.17145,1852.9524,578.6813,1847.5458,0.75374603,0.272265
721.6762,1852.9524,598.5907,1848.6412,0.96048415,0.5504553
741.18097,1852.9524,618.1729,1851.023,0.91940165,0.68235433
760.6857,1852.9524,637.41626,1852.6938,0.9754398,0.5111085
780.1905,1852.9524,656.55597,1853.4507,0.9888463,0.635576
799.69525,1852.9524,676.79584,1856.3656,0.9924552,1.0918581
819.2,1852.9524,695.6255,1857.8694,0.9653819,0.5057072
838.7048,1852.9524,715.08453,1858.4496,0.93193066,0.80549604
858.20953,1852.9524,734.7081,1860.617,0.7903419,0.59916073
877.7143,1852.9524,753.92914,1864.1224,0.48307428,1.5809532
897.21906,1852.9524,773.00665,1864.6453,0.7634164,0.36958334
916.7238,1852.9524,792.81305,1866.6055,0.9769047,0.7215775
936.22864,1852.9524,812.1944,1867.7336,0.96310174,0.30944237
955.7334,1852.9524,832.16595,1868.9866,0.92509234,0.93059534
975.23816,1852.9524,850.9302,1871.2496,0.92299837,0.24909528
994.7429,1852.9524,869.7169,1872.7756,0.8410704,0.4650271
1014.2477,1852.9524,890.16626,1873.8953,0.94394344,0.80249876
1033.7524,1852.9524,909.5145,1876.1892,0.77502555,0.47168085
1053.2572,1852.9524,929.10986,1877.1655,0.8560796,0.95373213
1072.762,1852.9524,948.17487,1879.801,0.47891572,0.35210165
1111.7715,1852.9524,986.60724,1883.098,0.31967843,0.19970483
1131.2762,1852.9524,1006.0627,1885.4106,0.5690952,0.746812
1150.781,1852.9524,1025.3353,1886.8671,0.35918367,0.5709879
1170.2858,1852.9524,1045.4613,1887.2916,0.69096893,0.8822697
1189.7905,1852.9524,1065.151,1889.3027,0.62892616,0.8149402
1209.2953,1852.9524,1084.482,1891.5243,0.7534682,0.56630737
1228.8,1852.9524,1103.5095,1892.7244,0.796086,0.4790823
1248.3048,1852.9524,1122.4604,1895.2644,0.560294,0.50267893
1267.8096,1852.9524,1142.4564,1896.7693,0.66675615,0.31394324
1287.3143,1852.9524,1161.4884,1897.5417,0.69841886,0.74914443
1306.8191,1852.9524,1181.1826,1900.3191,0.69976306,0.36155447
1345.8286,1852.9524,1219.974,1902.73,0.36214882,0.64665246
1365.3334,1852.9524,1239.6235,1905.7968,0.6814635,0.76743114
1384.8381,1852.9524,1259.4694,1906.7372,0.51277745,0.6777068
1404.3429,1852.9524,1278.2057,1908.2194,0.59692395,0.25646248
1423.8477,1852.9524,1297.9677,1911.1464,0.335517,1.0206419
1462.8572,1852.9524,1337.2206,1914.1256,0.306436,0.8950348
1482.3619,1852.9524,1356.2935,1915.9331,0.40692842,0.7444396
1501.8667,1852.9524,1375.8639,1916.6117,0.3754031,0.6083045
1540.8762,1852.9524,1413.8599,1920.9526,0.5649985,0.6899209
1579.8857,1852.9524,1452.0297,1924.5596,0.7157354,1.3256271
1618.8953,1852.9524,1491.3727,1926.5499,0.47035214,0.8568635
1638.4,1852.9524,1511.1691,1928.4286,0.43842182,0.49760634
1657.9048,1852.9524,1530.266,1930.5944,0.5784848,0.5545519
1677.4095,1852.9524,1549.542,1932.1879,0.3448503,0.7140199
1716.4191,1852.9524,1588.288,1935.8561,0.38125044,0.8436387
1735.9238,1852.9524,1607.9755,1937.4786,0.52622515,0.5764001
1755.4286,1852.9524,1627.4459,1939.2377,0.4462933,0.5517083
1774.9333,1852.9524,1647.2657,1940.3303,0.21309821,0.46483237
1813.9429,1852.9524,1686.3408,1945.0967,0.7683272,0.9256349
1833.4476,1852.9524,1705.8206,1946.1279,0.4069309,0.2831143
1852.9524,1852.9524,1725.1803,1947.3442,0.82689697,0.23627444
1872.4573,1852.9524,1744.4155,1950.186,0.83784497,0.92278415
1891.962,1852.9524,1764.0436,1951.2032,0.57601124,0.23617084
1930.9716,1852.9524,1803.7014,1955.0178,0.37306693,1.0691693
1950.4763,1852.9524,1822.848,1955.6975,0.80828434,0.68268245
1969.9811,1852.9524,1841.2681,1958.2925,0.634762,0.68076
1989.4858,1852.9524,1861.6632,1959.7032,0.3604923,0.5717597
156.0381,1872.4573,33.441875,1819.0626,0.91373974,0.47549596
175.54286,1872.4573,52.080517,1820.3369,0.88315475,0.5694355
195.04762,1872.4573,72.014015,1821.6864,0.5909302,0.8427883
214.55238,1872.4573,91.54835,1824.552,0.84797955,0.4481416
234.05716,1872.4573,110.93904,1826.2625,0.9544192,0.4321665
253.56192,1872.4573,130.96585,1827.9313,0.96845436,0.90404284
273.06668,1872.4573,149.27863,1829.1421,0.9277806,0.31998673
292.57144,1872.4573,169.13492,1830.8971,0.9738246,0.18888165
312.0762,1872.4573,188.57373,1833.1117,0.9577067,0.43406764
331.58096,1872.4573,208.21263,1834.2063,0.9755467,0.42085332
351.08572,1872.4573,227.22409,1835.2831,0.9708157,0.82682794
370.59048,1872.4573,246.7536,1837.9377,0.9546428,0.13836563
390.09525,1872.4573,266.4388,1838.9237,0.8901245,0.65878016
409.6,1872.4573,286.05402,1840.7767,0.43786815,0.6517026
448.60953,1872.4573,324.318,1844.9349,0.2952252,0.34439763
468.11432,1872.4573,344.3755,1847.1548,0.7914063,0.992666
487.61908,1872.4573,363.36777,1848.2845,0.9132101,0.28780967
507.12384,1872.4573,383.35913,1849.3694,0.78938425,0.72472227
526.6286,1872.4573,402.0434,1850.978,0.8968885,0.44269374
546.13336,1872.4573,421.48196,1853.107,0.8698817,0.09750741
565.6381,1872.4573,441.12708,1854.7467,0.955725,0.13207771
585.1429,1872.4573,460.08762,1856.9535,0.9678099,0.5685008
604.64764,1872.4573,479.98,1857.8772,0.8541854,0.34804758
624.1524,1872.4573,499.31534,1860.0981,0.74147564,0.19092202
643.65717,1872.4573,517.75323,1862.1998,0.46493313,1.1441094
682.6667,1872.4573,554.9849,1866.0093,0.54663646,2.794073
702.17145,1872.4573,576.7422,1867.244,0.3581365,0.60591984
721.6762,1872.4573,597.0462,1868.6578,0.44596124,0.64263445
760.6857,1872.4573,635.0991,1872.3046,0.66847795,0.54220814
780.1905,1872.4573,654.6459,1873.352,0.6283208,0.1847414
799.69525,1872.4573,674.2063,1875.0566,0.60461754,0.15355125
819.2,1872.4573,693.6068,1877.1259,0.48848063,0.21862806
838.7048,1872.4573,713.33234,1878.2516,0.67284644,0.4618612
858.20953,1872.4573,732.9526,1881.031,0.47081178,0.87102014
897.21906,1872.4573,771.8403,1883.2916,0.33907536,0.65858257
916.7238,1872.4573,791.15344,1885.8538,0.68476814,0.59547573
936.22864,1872.4573,810.3175,1887.327,0.7182158,0.2542046
955.7334,1872.4573,829.97174,1888.5317,0.5949625,0.44590375
975.23816,1872.4573,849.6519,1890.5714,0.43209293,0.60398686
994.7429,1872.4573,868.5111,1892.0626,0.54619205,0.14708748
1014.2477,1872.4573,888.33746,1893.9377,0.33854523,0.42611733
1033.7524,1872.4573,907.7383,1895.9712,0.45360547,0.5376756
1072.762,1872.4573,945.5303,1898.8196,0.31100875,0.699298
1092.2667,1872.4573,964.6448,1900.6459,0.2108757,0.9917256
1131.2762,1872.4573,1003.782,1904.0275,0.293427,0.71810156
1150.781,1872.4573,1023.69696,1906.434,0.48217738,0.6681456
1170.2858,1872.4573,1042.6316,1906.8208,0.24010257,0.997957
1189.7905,1872.4573,1060.3448,1908.8829,0.33217704,2.4638171
1209.2953,1872.4573,1080.7336,1911.9229,0.24447897,1.7990235
1248.3048,1872.4573,1120.3601,1914.588,0.56906104,0.77215433
1267.8096,1872.4573,1140.6135,1916.1666,0.27201903,0.19127016
1306.8191,1872.4573,1179.0679,1919.2614,0.35169274,0.33551854
1345.8286,1872.4573,1219.8002,1922.9037,0.29589832,1.5715262
1384.8381,1872.4573,1256.8851,1926.284,0.8099073,0.22185254
1404.3429,1872.4573,1276.3993,1927.3318,0.84365535,0.5873404
1423.8477,1872.4573,1296.0668,1929.7592,0.8107528,0.1904125
1443.3524,1872.4573,1315.7808,1931.1937,0.85602623,0.41189882
1462.8572,1872.4573,1335.0503,1932.2496,0.7281028,0.7918857
1482.3619,1872.4573,1354.1343,1934.6646,0.797158,0.11857106
1501.8667,1872.4573,1374.1293,1935.7272,0.84317493,0.8159351
1521.3715,1872.4573,1392.4087,1937.7739,0.7773645,0.7726788
1540.8762,1872.4573,1412.6438,1939.8134,0.41370675,0.10709686
1579.8857,1872.4573,1450.9459,1943.847,0.63879216,0.7849145
1599.3905,1872.4573,1470.8307,1945.6118,0.70072246,0.70642394
1618.8953,1872.4573,1490.5437,1946.3833,0.7515435,0.36093038
1638.4,1872.4573,1510.088,1948.3795,0.9493199,0.40517107
1657.9048,1872.4573,1528.3752,1950.4517,0.9549607,0.8685048
1677.4095,1872.4573,1548.593,1951.7397,0.889586,0.054564882
1696.9143,1872.4573,1567.7993,1953.8762,0.8250845,0.50500774
1716.4191,1872.4573,1587.5393,1955.3412,0.86587137,0.2682852
1735.9238,1872.4573,1606.4323,1955.7499,0.89899457,1.1320884
1755.4286,1872.4573,1626.8171,1959.1993,0.8132599,0.8821817
1774.9333,1872.4573,1645.2874,1959.9237,0.48079073,0.502267
1794.4381,1872.4573,1664.9679,1961.5449,0.3460585,0.39647344
1813.9429,1872.4573,1684.7072,1963.6979,0.8132607,0.17023745
1833.4476,1872.4573,1704.7103,1965.3904,0.97239614,0.72031087
1852.9524,1872.4573,1722.8857,1966.7736,0.97498184,0.58733666
1872.4573,1872.4573,1742.6034,1969.1174,0.9649089,0.4840568
1891.962,1872.4573,1762.8823,1970.523,0.9304672,0.6070939
1911.4668,1872.4573,1781.8019,1972.5708,0.85185295,0.47377792
1930.9716,1872.4573,1800.9568,1974.0587,0.8778677,0.31801787
1950.4763,1872.4573,1820.906,1975.2977,0.92499095,0.3873329
1969.9811,1872.4573,1839.6581,1977.8492,0.8991408,0.7340999
1989.4858,1872.4573,1859.3214,1979.5167,0.2528589,0.6236023
156.0381,1891.962,31.709633,1838.1187,0.769961,0.60949844
175.54286,1891.962,50.95778,1839.5634,0.49467397,0.7237815
195.04762,1891.962,70.632996,1843.5726,0.30935717,1.7090712
214.55238,1891.962,89.26904,1843.5797,0.4647829,0.29728174
234.05716,1891.962,109.368835,1845.1477,0.51018554,0.4237385
253.56192,1891.962,127.585655,1847.4337,0.42556152,0.92417645
273.06668,1891.962,148.25467,1848.2384,0.4998819,0.6425985
292.57144,1891.962,166.93694,1851.0753,0.51179475,0.72400546
312.0762,1891.962,187.12134,1852.0859,0.7336159,0.41176346
331.58096,1891.962,206.83931,1853.7615,0.6864091,0.7000597
351.08572,1891.962,226.21202,1855.0317,0.5887655,0.81498545
370.59048,1891.962,245.142,1857.2899,0.76520526,0.14653073
390.09525,1891.962,264.6342,1858.4065,0.5753701,0.5683399
429.10477,1891.962,304.25507,1862.0712,0.23805735,0.99546796
448.60953,1891.962,322.62192,1864.6752,0.25273007,0.6450544
468.11432,1891.962,341.7994,1866.5592,0.43047246,0.89522886
487.61908,1891.962,361.27982,1867.6243,0.34594533,0.35969868
507.12384,1891.962,380.92062,1868.6477,0.54726714,0.50049484
546.13336,1891.962,419.6594,1872.6003,0.57281,0.22865824
565.6381,1891.962,439.51022,1874.0541,0.5488674,0.27210674
585.1429,1891.962,458.68744,1876.7675,0.45361084,0.83080417
604.64764,1891.962,478.16403,1877.355,0.6241387,0.2834144
624.1524,1891.962,497.93463,1878.6781,0.45195863,0.7393645
643.65717,1891.962,517.3894,1881.6116,0.5288381,0.6755165
663.1619,1891.962,535.98865,1882.6703,0.29522637,0.47895437
682.6667,1891.962,555.65967,1883.742,0.659823,0.7343278
702.17145,1891.962,574.9944,1886.6699,0.63612676,0.6256392
721.6762,1891.962,593.875,1887.7522,0.61387074,0.88357174
741.18097,1891.962,613.79486,1889.3617,0.83596647,0.4280537
760.6857,1891.962,633.3796,1891.5457,0.29358223,0.38775337
780.1905,1891.962,652.1876,1892.5605,0.45852038,0.9376661
799.69525,1891.962,671.7923,1893.8928,0.64443624,1.0115515
819.2,1891.962,691.7639,1896.024,0.3297484,0.34485304
838.7048,1891.962,710.41113,1897.9902,0.2935317,0.9277297
858.20953,1891.962,730.27673,1899.7986,0.35637334,0.4952156
916.7238,1891.962,788.7092,1904.1633,0.4116821,0.75990033
936.22864,1891.962,808.4532,1906.5148,0.32190084,0.0435564
955.7334,1891.962,827.8556,1907.8286,0.58369535,0.41399702
975.23816,1891.962,847.1881,1909.9794,0.64122826,0.1686418
994.7429,1891.962,867.0386,1911.5752,0.6796848,0.2640075
1014.2477,1891.962,886.0721,1913.633,0.8598538,0.3274257
1033.7524,1891.962,905.5318,1915.4797,0.76012933,0.45627946
1053.2572,1891.962,924.9036,1916.3881,0.8208368,0.38830364
1072.762,1891.962,944.35986,1918.4095,0.754379,0.14690086
1092.2667,1891.962,964.0368,1920.236,0.5381827,0.14213893
1131.2762,1891.962,1002.35065,1923.6526,0.8064909,0.45989528
1150.781,1891.962,1022.28827,1925.5778,0.82877135,0.3464049
1170.2858,1891.962,1041.1588,1926.6942,0.74134076,0.5540237
1189.7905,1891.962,1060.2037,1928.9764,0.61146814,0.9466321
1209.2953,1891.962,1080.5875,1930.1681,0.74081093,0.18259977
1228.8,1891.962,1099.6074,1932.5834,0.6420672,0.6442025
1248.3048,1891.962,1119.9025,1934.2769,0.79819304,0.7520831
1267.8096,1891.962,1139.1589,1935.4454,0.74407387,0.34947273
1287.3143,1891.962,1157.6987,1936.61,0.8893038,0.75534254
1306.8191,1891.962,1178.0585,1939.1792,0.60119385,0.517425
1326.3239,1891.962,1197.3016,1940.062,0.3839157,0.515199
1345.8286,1891.962,1216.4235,1943.0828,0.60774434,0.85309064
1365.3334,1891.962,1236.3864,1944.5844,0.56230515,0.774285
1384.8381,1891.962,1254.9537,1945.526,0.7420823,0.4527712
1404.3429,1891.962,1275.1702,1948.3916,0.82723314,1.1107059
1423.8477,1891.962,1295.0631,1949.4913,0.93214005,0.9283298
1443.3524,1891.962,1313.8184,1950.6691,0.8807276,0.14985393
1462.8572,1891.962,1332.7762,1952.0262,0.9856124,0.5318611
1482.3619,1891.962,1352.7734,1953.9866,0.9396533,0.2726507
1501.8667,1891.962,1371.4631,1955.8966,0.97431743,0.5164862
1521.3715,1891.962,1391.3536,1957.7068,0.8240966,0.17868859
1540.8762,1891.962,1410.9033,1959.4485,0.33567393,0.22250472
1560.381,1891.962,1429.9788,1960.9384,0.5629117,0.28882766
1579.8857,1891.962,1449.2302,1962.9299,0.9237002,0.55256677
1599.3905,1891.962,1468.72,1964.7657,0.93618476,0.59309775
1618.8953,1891.962,1488.4023,1965.591,0.9859737,0.47178635
1638.4,1891.962,1507.5475,1968.6003,0.99265516,0.97106034
1657.9048,1891.962,1526.5,1969.3801,0.99326414,0.92196995
1677.4095,1891.962,1546.91,1970.9915,0.9872829,0.1559612
1696.9143,1891.962,1565.5043,1973.1895,0.96783197,0.8538324
1716.4191,1891.962,1585.1294,1974.6837,0.9279695,0.6010442
1735.9238,1891.962,1604.2831,1975.9241,0.98480165,0.9140964
1755.4286,1891.962,1624.3446,1978.3611,0.93201447,0.48295492
1774.9333,1891.962,1644.3894,1979.1283,0.68282205,0.63729525
1794.4381,1891.962,1663.6517,1981.2639,0.82128865,0.22910504
1813.9429,1891.962,1682.9089,1983.5974,0.93078923,0.56375587
1833.4476,1891.962,1702.6533,1984.3174,0.9953029,0.5504293
1852.9524,1891.962,1721.4703,1986.151,0.99528974,0.38215426
1872.4573,1891.962,1741.256,1988.0732,0.99181557,0.11733491
1891.962,1891.962,1760.3911,1990.2671,0.99344075,0.47419658
1911.4668,1891.962,1780.2041,1992.4215,0.98119134,0.905791
1930.9716,1891.962,1799.8104,1993.9868,0.98211914,0.83451754
1950.4763,1891.962,1819.1178,1994.6619,0.969215,0.36315137
1969.9811,1891.962,1838.3998,1996.9822,0.90428966,0.35881996
1989.4858,1891.962,1858.0363,1997.8494,0.370844,0.56902814
156.0381,1911.4668,30.327026,1857.5403,0.39981055,0.8715732
195.04762,1911.4668,67.97607,1861.6879,0.41402167,0.55407166
253.56192,1911.4668,126.52965,1867.19,0.5521373,0.7453153
273.06668,1911.4668,145.96974,1868.2012,0.38554218,0.18493712
292.57144,1911.4668,165.26527,1870.207,0.33587587,0.46312532
312.0762,1911.4668,184.99646,1872.033,0.48534504,0.4636762
331.58096,1911.4668,204.17302,1872.7808,0.63701344,0.5586693
351.08572,1911.4668,222.19069,1874.9288,0.3527798,1.6839472
370.59048,1911.4668,241.94545,1877.1844,0.326002,1.4535362
390.09525,1911.4668,261.76883,1878.2722,0.40352717,0.9712424
409.6,1911.4668,283.6001,1880.489,0.32946786,1.4944927
468.11432,1911.4668,339.80038,1885.7563,0.6289262,0.88114744
487.61908,1911.4668,359.94824,1887.0479,0.6154089,0.18861076
507.12384,1911.4668,379.1643,1888.1611,0.5461136,0.4361197
526.6286,1911.4668,399.15616,1890.596,0.5147845,0.5221354
546.13336,1911.4668,418.99112,1891.9893,0.5809323,0.8118069
565.6381,1911.4668,438.13947,1892.6604,0.44382492,1.139027
585.1429,1911.4668,457.17108,1895.5637,0.5143847,0.23445472
604.64764,1911.4668,476.6822,1896.8875,0.50200814,0.2782536
624.1524,1911.4668,497.71085,1898.4807,0.42017904,1.8319066
682.6667,1911.4668,554.4295,1903.9512,0.8376712,0.25014785
702.17145,1911.4668,572.5611,1906.1967,0.8900164,1.2345055
721.6762,1911.4668,593.1996,1906.6995,0.9287288,0.5873087
741.18097,1911.4668,612.5172,1909.3556,0.9933775,0.38842416
760.6857,1911.4668,632.325,1911.5771,0.99230826,0.9966935
780.1905,1911.4668,651.35693,1912.341,0.9549811,0.029536476
799.69525,1911.4668,671.1207,1914.7577,0.9492139,0.77045
819.2,1911.4668,690.1279,1916.0304,0.82259536,0.2737972
838.7048,1911.4668,709.30005,1917.6178,0.8174683,0.36927795
858.20953,1911.4668,728.36224,1918.7653,0.78849816,0.8128955
877.7143,1911.4668,748.5174,1920.2225,0.35258767,0.64589816
897.21906,1911.4668,767.881,1923.2782,0.43426186,0.7117265
916.7238,1911.4668,786.4421,1925.0635,0.8901292,1.214499
936.22864,1911.4668,806.1657,1926.1418,0.92459935,0.64842874
955.7334,1911.4668,825.78925,1927.4233,0.93664014,0.49619514
975.23816,1911.4668,845.7112,1929.4596,0.9529544,0.10939584
994.7429,1911.4668,864.8978,1931.1604,0.9844096,0.20613787
1014.2477,1911.4668,883.90344,1932.8258,0.9838572,0.61188436
1033.7524,1911.4668,904.0322,1935.0868,0.96213776,0.6253997
1053.2572,1911.4668,923.8219,1936.1309,0.9622201,0.4497556
1072.762,1911.4668,942.70276,1938.2334,0.95096964,0.37953025
1092.2667,1911.4668,962.3318,1940.2299,0.8260024,0.6693044
1111.7715,1911.4668,981.8148,1940.5336,0.2400128,0.7490861
1131.2762,1911.4668,1000.35614,1942.1222,0.81448483,1.1232669
1150.781,1911.4668,1019.9168,1944.3088,0.9508996,0.707238
1170.2858,1911.4668,1039.6294,1945.9479,0.9700486,0.53225255
1189.7905,1911.4668,1059.0686,1948.3639,0.9032259,0.43540934
1209.2953,1911.4668,1079.4076,1950.3253,0.86433053,0.81177163
1228.8,1911.4668,1098.1681,1951.8243,0.95556754,0.3660055
1248.3048,1911.4668,1117.2725,1954.4026,0.9593228,1.30055
1267.8096,1911.4668,1136.9363,1955.0653,0.97628504,0.26324567
1287.3143,1911.4668,1156.1805,1956.2172,0.95252216,0.50180554
1306.8191,1911.4668,1175.7466,1957.3031,0.9495559,0.9896997
1326.3239,1911.4668,1195.3177,1959.0685,0.67184484,0.90243053
1345.8286,1911.4668,1214.924,1962.5823,0.6993882,0.9199116
1365.3334,1911.4668,1233.5615,1964.2592,0.9251445,1.1345354
1384.8381,1911.4668,1253.6372,1964.992,0.9658792,0.09345844
1404.3429,1911.4668,1273.0419,1966.6783,0.9840446,0.12042965
1423.8477,1911.4668,1292.1565,1969.1681,0.99166566,0.8059883
1443.3524,1911.4668,1311.6979,1969.8435,0.9959388,0.43210658
1462.8572,1911.4668,1331.2614,1971.5092,0.9947685,0.3892872
1482.3619,1911.4668,1350.6929,1973.95,0.9969793,0.4124879
1501.8667,1911.4668,1370.2261,1974.8572,0.9911305,0.41259268
1521.3715,1911.4668,1389.6974,1976.6632,0.96186465,0.30360857
1540.8762,1911.4668,1409.2405,1978.659,0.62934935,0.10367019
1560.381,1911.4668,1428.834,1980.3877,0.62822944,0.2671933
1579.8857,1911.4668,1447.477,1982.4058,0.81995815,0.62180656
1599.3905,1911.4668,1467.4619,1984.3029,0.9812049,0.53740364
1618.8953,1911.4668,1487.006,1985.3909,0.99749,0.16504182
1638.4,1911.4668,1506.4764,1987.6885,0.9982945,0.55445415
1657.9048,1911.4668,1526.151,1989.3031,0.99794203,0.6134689
1677.4095,1911.4668,1545.8536,1990.5616,0.99810725,0.7027733
1696.9143,1911.4668,1564.9739,1992.1569,0.9989429,0.4073794
1716.4191,1911.4668,1584.0061,1993.9485,0.99336755,0.01852897
1735.9238,1911.4668,1604.0187,1994.8854,0.99160504,0.9702434
1755.4286,1911.4668,1623.2142,1996.5702,0.86573553,0.8658338
1774.9333,1911.4668,1642.6201,1998.7446,0.43889803,0.45101756
175.54286,1930.9716,47.148697,1878.2997,0.83416283,0.8148246
195.04762,1930.9716,65.96141,1880.9467,0.769259,0.7822318
214.55238,1930.9716,85.62177,1883.4397,0.5470367,1.0827993
234.05716,1930.9716,105.96526,1884.8214,0.52494574,0.7251675
253.56192,1930.9716,124.68515,1885.6499,0.8946858,0.41929594
273.06668,1930.9716,144.63834,1887.4257,0.98523897,0.25530908
292.57144,1930.9716,164.10596,1889.6392,0.9103774,0.40597564
312.0762,1930.9716,183.79794,1891.1627,0.9165226,0.5113715
331.58096,1930.9716,202.88487,1892.7905,0.9411257,0.16770527
351.08572,1930.9716,221.32506,1894.28,0.788323,0.857573
370.59048,1930.9716,241.21327,1896.3529,0.6541683,0.46606615
390.09525,1930.9716,260.48892,1897.2075,0.73316926,0.8058648
409.6,1930.9716,279.86142,1899.502,0.42145896,0.60437363
429.10477,1930.9716,299.97598,1900.771,0.48252493,0.43616742
448.60953,1930.9716,319.80594,1902.6195,0.7461507,0.5550283
468.11432,1930.9716,338.42065,1905.4376,0.8572125,0.9030446
487.61908,1930.9716,358.7492,1906.1716,0.8758167,0.5756416
507.12384,1930.9716,377.64594,1907.062,0.95805085,0.9380225
526.6286,1930.9716,396.61072,1909.2362,0.9472627,0.6378673
546.13336,1930.9716,416.64413,1911.5342,0.9037863,0.21259305
565.6381,1930.9716,436.08752,1912.815,0.8735241,0.3352996
585.1429,1930.9716,454.88193,1915.2335,0.8721317,0.6315836
604.64764,1930.9716,474.73264,1916.1921,0.91247296,0.30966672
624.1524,1930.9716,494.43567,1917.8602,0.85073924,0.41194597
643.65717,1930.9716,513.7758,1919.9209,0.5032489,0.14511122
663.1619,1930.9716,532.9273,1920.9668,0.5298846,0.64681107
682.6667,1930.9716,551.8596,1922.8881,0.7879542,0.7554593
702.17145,1930.9716,571.3626,1925.1611,0.91359437,0.58424556
721.6762,1930.9716,591.4084,1926.2512,0.98734736,0.45110694
741.18097,1930.9716,609.9745,1928.4681,0.9984826,0.8134863
760.6857,1930.9716,629.8505,1930.131,0.9986751,0.3664496
780.1905,1930.9716,649.2081,1932.0854,0.9986526,0.5233693
799.69525,1930.9716,668.4805,1933.8711,0.9933387,0.7027792
819.2,1930.9716,688.3502,1935.3755,0.98422265,0.23631264
838.7048,1930.9716,708.1215,1936.4694,0.98531276,0.46711403
858.20953,1930.9716,726.8453,1939.2318,0.88070506,0.821158
877.7143,1930.9716,746.2821,1939.7003,0.8970452,0.79061514
897.21906,1930.9716,766.37274,1941.615,0.6542205,0.40958
916.7238,1930.9716,785.2014,1944.3932,0.97972786,0.8322621
936.22864,1930.9716,805.1357,1945.8275,0.99419415,0.43133274
955.7334,1930.9716,824.34143,1947.2736,0.99431354,0.25077048
975.23816,1930.9716,843.75696,1949.0452,0.99257344,0.31420428
994.7429,1930.9716,863.49713,1950.8544,0.9932838,0.3740885
1014.2477,1930.9716,882.79913,1951.113,0.9811308,1.085411
1033.7524,1930.9716,902.03424,1954.1472,0.9844637,0.32496285
1053.2572,1930.9716,921.4943,1955.191,0.98359597,0.44498482
1072.762,1930.9716,941.0967,1956.5729,0.9469894,0.72538126
1092.2667,1930.9716,959.71796,1958.4999,0.86689407,0.95682335
1111.7715,1930.9716,980.31274,1960.6173,0.30929878,0.35668686
1131.2762,1930.9716,999.1043,1963.3453,0.78898245,0.9911217
1150.781,1930.9716,1018.46356,1964.105,0.9879312,0.3629207
1170.2858,1930.9716,1038.2592,1965.6317,0.98519427,0.16627428
1189.7905,1930.9716,1057.8318,1967.1445,0.9801631,0.38182727
1209.2953,1930.9716,1077.0452,1969.94,0.9956241,0.7455138
1228.8,1930.9716,1096.8147,1970.1404,0.9972663,0.80294836
1248.3048,1930.9716,1116.6002,1973.4288,0.99319017,1.0374037
1267.8096,1930.9716,1135.5327,1974.6248,0.9852027,0.34929493
1287.3143,1930.9716,1154.893,1975.4061,0.972164,0.5940202
1306.8191,1930.9716,1174.3856,1976.8113,0.9150716,0.89388585
1326.3239,1930.9716,1194.4366,1978.7095,0.49061248,1.0071771
1345.8286,1930.9716,1213.6743,1981.0859,0.66513646,0.542607
1365.3334,1930.9716,1232.1235,1983.8826,0.9645238,1.1703517
1384.8381,1930.9716,1251.3771,1985.162,0.9938936,0.9059416
1404.3429,1930.9716,1271.5753,1986.849,0.9965744,0.6689532
1423.8477,1930.9716,1291.4069,1987.3359,0.9992961,0.7880094
1443.3524,1930.9716,1310.5713,1990.0293,0.9988065,0.5184072
1462.8572,1930.9716,1330.2367,1991.2611,0.99502623,0.5228649
1482.3619,1930.9716,1349.0858,1993.2711,0.99656624,0.280261
1501.8667,1930.9716,1369.0773,1994.692,0.9983986,0.5011261
1521.3715,1930.9716,1388.0298,1996.3373,0.98982996,0.0642236
1540.8762,1930.9716,1407.5548,1997.9148,0.6251661,0.21704267
175.54286,1950.4763,45.21793,1899.1405,0.9226041,0.71901697
195.04762,1950.4763,64.1286,1900.3408,0.752645,0.9079697
214.55238,1950.4763,84.71246,1903.2416,0.38664925,1.334679
234.05716,1950.4763,103.50128,1903.6735,0.4508663,0.39203876
253.56192,1950.4763,122.753815,1906.1581,0.9512535,1.0033392
273.06668,1950.4763,142.67627,1907.0847,0.9799314,0.09304649
292.57144,1950.4763,161.92201,1908.9889,0.98534656,0.36683938
312.0762,1950.4763,181.75046,1910.6903,0.9756171,0.2937102
331.58096,1950.4763,200.8265,1911.4528,0.98156184,0.71180224
351.08572,1950.4763,220.33113,1913.9216,0.95962214,0.16962852
370.59048,1950.4763,240.06094,1915.3848,0.846127,0.21360967
390.09525,1950.4763,258.99286,1916.6158,0.847197,0.70358104
409.6,1950.4763,278.92984,1918.4751,0.9270986,0.48395747
429.10477,1950.4763,298.3746,1920.4731,0.31948698,0.23766258
448.60953,1950.4763,317.0402,1922.5676,0.8539503,0.6329034
468.11432,1950.4763,337.1592,1924.8745,0.8860942,0.8503436
487.61908,1950.4763,356.48273,1925.8752,0.8923682,0.14511672
507.12384,1950.4763,375.51047,1927.721,0.976078,0.5011019
526.6286,1950.4763,395.08316,1929.7216,0.99296975,0.6484792
546.13336,1950.4763,414.65793,1931.1132,0.9950305,0.3081464
565.6381,1950.4763,434.13937,1932.541,0.9922706,0.07167826
585.1429,1950.4763,453.62463,1934.4781,0.9885564,0.2486915
604.64764,1950.4763,473.13132,1935.8627,0.98215306,0.090151966
624.1524,1950.4763,492.74512,1937.4568,0.95021003,0.2985804
643.65717,1950.4763,512.04016,1939.9733,0.9111073,0.65239847
663.1619,1950.4763,531.11273,1940.4403,0.48403996,0.64037126
682.6667,1950.4763,550.6599,1943.6775,0.9371433,0.95711637
702.17145,1950.4763,570.77124,1944.9408,0.9921211,0.7488022
721.6762,1950.4763,589.93756,1946.0519,0.99879354,0.29350767
741.18097,1950.4763,609.2056,1947.7388,0.9995304,0.1509281
760.6857,1950.4763,628.1121,1950.3237,0.9995704,0.8908153
780.1905,1950.4763,648.2063,1950.9624,0.99904054,0.3728345
799.69525,1950.4763,667.1299,1953.3644,0.99880093,0.5000929
819.2,1950.4763,687.1287,1954.7488,0.99750346,0.3429243
838.7048,1950.4763,706.2778,1956.0227,0.99570656,0.3092357
858.20953,1950.4763,726.2997,1958.7485,0.8760678,0.9570285
877.7143,1950.4763,745.3067,1959.7163,0.50543755,0.20822713
897.21906,1950.4763,765.38477,1961.4214,0.3620772,0.8553823
916.7238,1950.4763,784.3501,1963.4852,0.993653,0.52820355
936.22864,1950.4763,803.738,1965.0245,0.9946054,0.39866307
955.7334,1950.4763,823.3596,1966.8171,0.99944866,0.61078286
975.23816,1950.4763,842.60913,1968.0916,0.99918073,0.38305417
994.7429,1950.4763,861.47205,1970.008,0.99753076,0.22448146
1014.2477,1950.4763,881.7873,1972.0798,0.9957269,0.8114494
1033.7524,1950.4763,901.4013,1973.8934,0.99637663,1.0271657
1053.2572,1950.4763,920.06335,1974.6265,0.9864236,0.41219968
1072.762,1950.4763,939.7956,1975.7592,0.92145437,1.045584
1092.2667,1950.4763,958.2343,1978.2056,0.8183375,0.6406431
1131.2762,1950.4763,997.8663,1982.4152,0.89319974,0.61078405
1150.781,1950.4763,1017.12683,1983.972,0.9822445,0.4434816
1170.2858,1950.4763,1036.2322,1984.9214,0.9937792,0.44703704
1189.7905,1950.4763,1056.012,1987.6285,0.9970933,0.7004988
1209.2953,1950.4763,1075.2084,1988.74,0.99847,0.23754895
1228.8,1950.4763,1094.7433,1989.9556,0.99895036,0.38740134
1248.3048,1950.4763,1114.2032,1992.0282,0.99782765,0.07592783
1267.8096,1950.4763,1133.2754,1994.395,0.9949326,0.79573375
1287.3143,1950.4763,1152.9111,1995.223,0.98779666,0.30758062
1306.8191,1950.4763,1171.9048,1996.9858,0.922195,0.6810549
1326.3239,1950.4763,1192.1222,1998.7361,0.59955007,0.15190844
175.54286,1969.9811,43.788143,1918.3578,0.98363304,0.41156924
195.04762,1969.9811,63.285843,1919.2396,0.76248175,0.42417428
234.05716,1969.9811,102.165276,1923.0559,0.55241084,0.02635101
253.56192,1969.9811,121.833725,1924.8192,0.98787457,0.2198848
273.06668,1969.9811,140.94667,1926.8246,0.9893368,0.37827727
292.57144,1969.9811,160.48808,1928.0295,0.9919927,0.13182521
312.0762,1969.9811,179.70456,1929.8812,0.9958637,0.2096069
331.58096,1969.9811,199.39703,1931.7571,0.99622655,0.2030392
351.08572,1969.9811,218.49387,1933.463,0.989725,0.345549
370.59048,1969.9811,238.52818,1935.524,0.98578465,0.64923835
390.09525,1969.9811,257.76596,1936.1552,0.99462265,0.52245003
409.6,1969.9811,276.90494,1939.1527,0.9679242,0.80794173
429.10477,1969.9811,296.58347,1940.1487,0.43712324,0.12360667
448.60953,1969.9811,315.8661,1942.1042,0.79530203,0.34873933
468.11432,1969.9811,335.16745,1943.2957,0.9487432,0.25182122
487.61908,1969.9811,355.1533,1945.3367,0.98723525,0.4053589
507.12384,1969.9811,373.98325,1946.7435,0.9978504,0.26294035
526.6286,1969.9811,393.66162,1949.2374,0.9994161,0.6768723
546.13336,1969.9811,413.72168,1950.4895,0.999623,0.6815493
565.6381,1969.9811,432.58603,1951.804,0.9993916,0.17398421
585.1429,1969.9811,452.4427,1953.6622,0.99526346,0.501895
604.64764,1969.9811,472.1118,1955.4578,0.9948926,0.7468123
624.1524,1969.9811,490.69373,1957.4706,0.9591804,0.42417628
643.65717,1969.9811,510.42554,1958.2578,0.84579337,0.53838974
663.1619,1969.9811,530.1881,1960.9047,0.7743862,0.68790495
682.6667,1969.9811,549.8671,1962.4031,0.97365063,0.81082654
702.17145,1969.9811,568.5001,1964.6368,0.9978532,0.7769798
721.6762,1969.9811,588.8818,1966.02,0.99987245,1.0349512
741.18097,1969.9811,607.55743,1968.3959,0.9999765,1.1487378
760.6857,1969.9811,627.536,1968.9702,0.999959,0.72040814
780.1905,1969.9811,645.8415,1970.5216,0.9998232,0.42774275
799.69525,1969.9811,665.5414,1972.687,0.9992856,0.35393912
819.2,1969.9811,685.1398,1973.9066,0.99825454,0.15672098
838.7048,1969.9811,704.62836,1975.1296,0.997505,0.63671565
858.20953,1969.9811,724.1074,1977.0923,0.9237353,0.3929724
877.7143,1969.9811,743.4147,1978.7753,0.7728468,0.3848438
897.21906,1969.9811,762.7479,1981.8829,0.59055066,1.0264374
916.7238,1969.9811,781.7878,1982.759,0.90634024,0.5125787
936.22864,1969.9811,802.2485,1984.652,0.99899936,0.68205816
955.7334,1969.9811,820.51843,1985.4933,0.99989367,0.7620001
975.23816,1969.9811,840.15955,1986.9493,0.9999646,0.8112495
994.7429,1969.9811,860.0919,1989.8375,0.99989235,0.49034333
1014.2477,1969.9811,879.82697,1990.6165,0.99904335,0.60658926
1033.7524,1969.9811,899.50183,1993.1299,0.9989333,0.7555667
1053.2572,1969.9811,918.32886,1994.2563,0.9912633,0.2104535
1072.762,1969.9811,937.777,1995.4683,0.9831937,0.6949679
1092.2667,1969.9811,956.8693,1997.8783,0.8126594,0.26623714
175.54286,1989.4858,42.53733,1936.7557,0.9922264,0.7204889
195.04762,1989.4858,61.711796,1939.0538,0.9613032,0.09029591
214.55238,1989.4858,80.71324,1939.8271,0.63330764,1.0254407
234.05716,1989.4858,100.839905,1942.3541,0.7486117,0.375062
253.56192,1989.4858,120.18917,1945.0997,0.9842643,0.94644046
273.06668,1989.4858,140.06967,1945.8063,0.9941263,0.7225835
292.57144,1989.4858,158.77194,1947.363,0.99805796,0.22901328
312.0762,1989.4858,178.07632,1949.6881,0.998867,0.41934896
331.58096,1989.4858,197.80904,1951.064,0.999758,0.1803489
351.08572,1989.4858,216.26044,1952.8453,0.99887,0.82828677
370.59048,1989.4858,236.54897,1954.5223,0.9980185,0.13796929
390.09525,1989.4858,256.20016,1955.592,0.9976478,0.56534535
409.6,1989.4858,274.92026,1958.3623,0.9865513,0.7241844
429.10477,1989.4858,294.2331,1959.4012,0.64115924,0.5705615
448.60953,1989.4858,313.4336,1960.9824,0.5895079,0.82048774
468.11432,1989.4858,333.3231,1963.5416,0.9638637,0.7312463
487.61908,1989.4858,352.42575,1964.4203,0.99422914,0.68407613
507.12384,1989.4858,371.7436,1966.0675,0.99899155,0.80670714
526.6286,1989.4858,391.89905,1967.5801,0.9998803,0.414179
546.13336,1989.4858,410.24387,1969.4406,0.9999534,1.1631824
565.6381,1989.4858,430.77774,1971.1013,0.99968165,0.29161516
585.1429,1989.4858,449.70157,1973.1842,0.9992293,0.5472301
604.64764,1989.4858,469.09738,1974.866,0.99897254,0.5788476
624.1524,1989.4858,488.8552,1976.2919,0.996136,0.31702113
643.65717,1989.4858,507.98685,1978.7196,0.9430707,0.7597246
663.1619,1989.4858,527.87067,1980.4274,0.3518045,0.54438865
682.6667,1989.4858,546.8867,1982.4183,0.9828287,0.9703933
702.17145,1989.4858,566.6333,1983.8153,0.9986507,0.55815876
721.6762,1989.4858,586.4201,1984.7198,0.9999511,0.31741428
741.18097,1989.4858,605.5902,1985.918,0.99999285,0.77851945
760.6857,1989.4858,624.5564,1988.7495,0.9999893,0.6645641
780.1905,1989.4858,644.8869,1989.9806,0.999974,0.35801128
799.69525,1989.4858,663.93646,1991.5172,0.99993646,0.2762681
819.2,1989.4858,683.0852,1993.7767,0.9998108,0.43090487
838.7048,1989.4858,703.18524,1994.7495,0.99853456,0.5613411
858.20953,1989.4858,722.14496,1997.7285,0.9618964,0.84717214
877.7143,1989.4858,741.5823,1998.9557,0.85537845,0.38352287
