source_x,source_y,reference_x,reference_y,source_map_x_m,source_map_y_m,reference_map_x_m,reference_map_y_m,final_residual_px,final_residual_nominal_m
123.625,32.125,122.65234375,31.752464294433594,568844.6484375,-101343.474609375,568839.78515625,-101341.61193084717,1.3113616615071328,6.556808307535665
118.375,47.125,119.12109375,45.89052963256836,568818.3984375,-101418.474609375,568822.12890625,-101412.30225753784,1.0787400422187368,5.393700211093684
351.625,68.125,352.18359375,67.98126220703125,569984.6484375,-101523.474609375,569987.44140625,-101522.75592041016,0.3643269488127914,1.8216347440639569
282.625,74.125,282.44140625,74.16666412353516,569639.6484375,-101553.474609375,569638.73046875,-101553.68292999268,0.5247881309137331,2.6239406545686657
379.375,75.625,380.43359375,76.81755065917969,570123.3984375,-101560.974609375,570128.69140625,-101566.9373626709,1.6082341397665536,8.041170698832769
363.625,78.625,363.66015625,78.58480834960938,570044.6484375,-101575.974609375,570044.82421875,-101575.77365112305,0.2198303180416373,1.0991515902081865
356.125,83.125,355.71484375,83.0029525756836,570007.1484375,-101598.474609375,570005.09765625,-101597.86437225342,0.6485380349552325,3.242690174776163
388.375,86.125,388.37890625,85.65384674072266,570168.3984375,-101613.474609375,570168.41796875,-101611.11884307861,0.3687220221629157,1.8436101108145786
284.875,86.875,285.08984375,85.65384674072266,569650.8984375,-101617.224609375,569651.97265625,-101611.11884307861,1.0265401184984013,5.132700592492006
378.625,87.625,379.55078125,87.42110443115234,570119.6484375,-101620.974609375,570124.27734375,-101619.95513153076,0.7004876991051592,3.502438495525796
278.125,90.625,278.02734375,90.07199096679688,569617.1484375,-101635.974609375,569616.66015625,-101633.20956420898,0.5610318267459825,2.8051591337299127
290.125,90.625,290.38671875,90.07199096679688,569677.1484375,-101635.974609375,569678.45703125,-101633.20956420898,0.35758944040818397,1.78794720204092
362.875,95.875,362.77734375,94.4901351928711,570040.8984375,-101662.224609375,570040.41015625,-101655.30028533936,1.2564368784595492,6.282184392297746
380.125,99.625,380.43359375,98.90827941894531,570127.1484375,-101680.974609375,570128.69140625,-101677.39100646973,0.5381366196422166,2.6906830982110828
295.375,101.875,294.80078125,101.55916595458984,569703.3984375,-101692.224609375,569700.52734375,-101690.64543914795,0.9396222764907423,4.698111382453711
346.375,101.875,346.88671875,104.21005249023438,569958.3984375,-101692.224609375,569960.95703125,-101703.89987182617,2.537127887843472,12.68563943921736
352.375,101.875,354.83203125,102.44279479980469,569988.3984375,-101692.224609375,570000.68359375,-101695.06358337402,2.288413195781936,11.442065978909678
305.125,103.375,305.39453125,103.32642364501953,569752.1484375,-101699.724609375,569753.49609375,-101699.4817276001,0.1805859781683381,0.9029298908416905
103.375,104.125,103.23046875,104.21005249023438,568743.3984375,-101703.474609375,568742.67578125,-101703.89987182617,0.8021237749636132,4.010618874818066
285.625,104.875,284.20703125,104.21005249023438,569654.6484375,-101707.224609375,569647.55859375,-101703.89987182617,1.8523695572352301,9.261847786176151
367.375,106.375,366.30859375,105.9773178100586,570063.3984375,-101714.724609375,570058.06640625,-101712.7361984253,1.3781763954010835,6.890881977005417
306.625,107.125,306.27734375,107.74457550048828,569759.6484375,-101718.474609375,569757.91015625,-101721.57248687744,1.093660709301818,5.46830354650909
107.125,107.875,107.64453125,108.62820434570312,568762.1484375,-101722.224609375,568764.74609375,-101725.99063110352,1.0318457917148471,5.159228958574236
316.375,109.375,315.98828125,108.62820434570312,569808.3984375,-101729.724609375,569806.46484375,-101725.99063110352,0.9197439088023449,4.598719544011725
325.375,110.125,323.93359375,110.39546203613281,569853.3984375,-101733.474609375,569846.19140625,-101734.82691955566,1.8568252396123435,9.284126198061717
98.125,113.875,97.93359375,114.81360626220703,568717.1484375,-101752.224609375,568716.19140625,-101756.91764068604,1.4617382253807811,7.308691126903906
284.875,113.875,285.08984375,113.04634857177734,569650.8984375,-101752.224609375,569651.97265625,-101748.08135223389,0.6344922660615331,3.1724613303076654
359.875,114.625,360.12890625,113.04634857177734,570025.8984375,-101755.974609375,570027.16796875,-101748.08135223389,1.3802982295414516,6.901491147707258
338.125,116.125,341.58984375,115.69723510742188,569917.1484375,-101763.474609375,569934.47265625,-101761.33578491211,3.1148745890624396,15.574372945312199
349.375,116.125,350.41796875,113.92997741699219,569973.3984375,-101763.474609375,569978.61328125,-101752.49949645996,2.108506275107404,10.54253137553702
328.375,118.375,329.23046875,118.3481216430664,569868.3984375,-101774.724609375,569872.67578125,-101774.59021759033,0.5155388473018713,2.5776942365093563
113.875,122.125,113.82421875,121.88263702392578,568795.8984375,-101793.474609375,568795.64453125,-101792.26279449463,0.6690400180715593,3.3452000903577965
308.125,122.125,308.04296875,122.76626586914062,569767.1484375,-101793.474609375,569766.73828125,-101796.6809387207,0.9945051814285983,4.972525907142992
359.125,122.875,358.36328125,121.88263702392578,570022.1484375,-101797.224609375,570018.33984375,-101792.26279449463,1.3655300154490162,6.827650077245081
320.875,124.375,321.28515625,124.53352355957031,569830.8984375,-101804.724609375,569832.94921875,-101805.51722717285,0.3803416030099683,1.9017080150498413
295.375,125.875,294.80078125,126.30078887939453,569703.3984375,-101812.224609375,569700.52734375,-101814.35355377197,1.2032024486945154,6.016012243472577
324.625,128.125,323.93359375,128.95167541503906,569849.6484375,-101823.474609375,569846.19140625,-101827.6079864502,1.5215052958301878,7.607526479150939
353.875,128.125,353.94921875,128.0680389404297,569995.8984375,-101823.474609375,569996.26953125,-101823.18980407715,0.3419989145117861,1.7099945725589305
92.875,131.875,92.63671875,132.48619079589844,568690.8984375,-101842.224609375,568689.70703125,-101845.28056335449,1.2880273339335593,6.440136669667797
116.125,136.375,116.47265625,136.0207061767578,568807.1484375,-101864.724609375,568808.88671875,-101862.95314025879,0.31563644025060233,1.5781822012530116
354.625,137.875,353.94921875,137.7879638671875,569999.6484375,-101872.224609375,569996.26953125,-101871.78942871094,1.0914762178843849,5.457381089421924
90.625,139.375,91.75390625,136.9043426513672,568679.6484375,-101879.724609375,568685.29296875,-101867.37132263184,2.2038250951292597,11.019125475646298
89.875,143.125,89.98828125,143.08973693847656,568675.8984375,-101898.474609375,568676.46484375,-101898.29829406738,0.6560865109443861,3.2804325547219304
124.375,146.125,124.41796875,145.74063110351562,568848.3984375,-101913.474609375,568848.61328125,-101911.55276489258,0.6416912676961106,3.208456338480553
161.875,155.875,162.37890625,155.46054077148438,569035.8984375,-101962.224609375,569038.41796875,-101960.15231323242,0.20071720103566185,1.0035860051783092
272.125,164.875,272.73046875,166.06410217285156,569587.1484375,-102007.224609375,569590.17578125,-102013.17012023926,1.462577848702015,7.3128892435100745
83.125,165.625,83.80859375,165.1804656982422,568642.1484375,-102010.974609375,568645.56640625,-102008.75193786621,0.14840981421334878,0.7420490710667439
197.875,167.125,196.80859375,166.94772338867188,569215.8984375,-102018.474609375,569210.56640625,-102017.58822631836,1.7365424885485723,8.682712442742861
281.875,167.125,282.44140625,166.94772338867188,569635.8984375,-102018.474609375,569638.73046875,-102017.58822631836,0.09522395270646414,0.47611976353232066
326.875,168.625,326.58203125,168.71498107910156,569860.8984375,-102025.974609375,569859.43359375,-102026.42451477051,0.8957310577042559,4.47865528852128
82.375,170.125,82.92578125,169.59861755371094,568638.3984375,-102033.474609375,568641.15234375,-102030.84269714355,0.31058121251960236,1.5529060625980118
161.875,172.375,165.02734375,173.1331329345703,569035.8984375,-102044.724609375,569051.66015625,-102048.51527404785,2.658238123194036,13.29119061597018
187.375,173.125,188.86328125,173.1331329345703,569163.3984375,-102048.474609375,569170.83984375,-102048.51527404785,0.8533889480890817,4.266944740445409
272.125,174.625,271.84765625,174.900390625,569587.1484375,-102055.974609375,569585.76171875,-102057.3515625,1.0472740230024078,5.236370115012039
301.375,175.375,300.98046875,175.7840118408203,569733.3984375,-102059.724609375,569731.42578125,-102061.7696685791,1.1897216502184556,5.948608251092278
211.375,178.375,210.93359375,178.43490600585938,569283.3984375,-102074.724609375,569281.19140625,-102075.0241394043,1.1851068054914413,5.925534027457207
286.375,178.375,285.97265625,178.43490600585938,569658.3984375,-102074.724609375,569656.38671875,-102075.0241394043,1.0639658348191214,5.319829174095608
79.375,180.625,79.39453125,179.31854248046875,568623.3984375,-102085.974609375,568623.49609375,-102079.44232177734,1.2567633225665653,6.283816612832826
184.375,182.125,184.44921875,181.08580017089844,569148.3984375,-102093.474609375,569148.76953125,-102088.27861022949,0.9732900974183244,4.866450487091622
269.125,182.875,269.19921875,182.85305786132812,569572.1484375,-102097.224609375,569572.51953125,-102097.11489868164,0.6244000330659131,3.1220001653295655
216.625,185.125,217.11328125,186.3875732421875,569309.6484375,-102108.474609375,569312.08984375,-102114.78747558594,1.586098728708804,7.93049364354402
308.125,188.125,307.16015625,188.1548309326172,569767.1484375,-102123.474609375,569762.32421875,-102123.62376403809,1.6078970490329108,8.039485245164554
236.875,189.625,237.41796875,189.92208862304688,569410.8984375,-102130.974609375,569413.61328125,-102132.46005249023,0.622100681729361,3.110503408646805
202.375,191.125,202.98828125,192.57296752929688,569238.3984375,-102138.474609375,569241.46484375,-102145.71444702148,1.771236429677135,8.856182148385676
292.375,192.625,292.15234375,191.68934631347656,569688.3984375,-102145.974609375,569687.28515625,-102141.29634094238,1.0795681694151487,5.397840847075743
281.875,193.375,281.55859375,190.8057098388672,569635.8984375,-102149.724609375,569634.31640625,-102136.87815856934,2.4736934727389897,12.368467363694949
203.125,197.125,203.87109375,196.99111938476562,569242.1484375,-102168.474609375,569245.87890625,-102167.80520629883,0.19034354953751298,0.9517177476875649
215.875,197.125,216.23046875,196.99111938476562,569305.8984375,-102168.474609375,569307.67578125,-102167.80520629883,0.4265639511003386,2.1328197555016932
229.375,198.625,228.58984375,197.87474060058594,569373.3984375,-102175.974609375,569369.47265625,-102172.22331237793,1.5754160255861207,7.877080127930603
239.125,198.625,238.30078125,198.7583770751953,569422.1484375,-102175.974609375,569418.02734375,-102176.64149475098,1.6066856579702868,8.033428289851434
293.875,198.625,294.80078125,198.7583770751953,569695.8984375,-102175.974609375,569700.52734375,-102176.64149475098,0.504691350878703,2.523456754393515
303.625,200.875,303.62890625,201.40927124023438,569744.6484375,-102187.224609375,569744.66796875,-102189.89596557617,1.0551597552741574,5.275798776370787
281.875,204.625,282.44140625,204.06015014648438,569635.8984375,-102205.974609375,569638.73046875,-102203.15036010742,0.28846025713118967,1.4423012856559483
303.625,206.125,303.62890625,205.82740783691406,569744.6484375,-102213.474609375,569744.66796875,-102211.98664855957,0.6691269634450199,3.3456348172250996
261.625,209.125,263.01953125,209.36192321777344,569534.6484375,-102228.474609375,569541.62109375,-102229.65922546387,0.8662510865227704,4.331255432613852
203.875,209.875,204.75390625,210.2455596923828,569245.8984375,-102232.224609375,569250.29296875,-102234.07740783691,0.7110090865628944,3.555045432814472
290.875,215.125,291.26953125,215.54733276367188,569680.8984375,-102258.474609375,569682.87109375,-102260.58627319336,0.8004219735811627,4.002109867905814
68.875,215.875,69.68359375,212.8964385986328,568570.8984375,-102262.224609375,568574.94140625,-102247.33180236816,2.5983400959334464,12.991700479667232
245.125,215.875,245.36328125,215.54733276367188,569452.1484375,-102262.224609375,569453.33984375,-102260.58627319336,0.527651311876841,2.638256559384205
221.875,217.375,221.52734375,217.31459045410156,569335.8984375,-102269.724609375,569334.16015625,-102269.42256164551,1.1758687401439953,5.879343700719977
311.125,221.125,310.69140625,220.84910583496094,569782.1484375,-102288.474609375,569779.98046875,-102287.0951385498,1.1454813828067103,5.727406914033551
301.375,222.625,300.98046875,221.7327423095703,569733.3984375,-102295.974609375,569731.42578125,-102291.51332092285,1.2611301781765534,6.305650890882767
221.875,224.875,224.17578125,225.2672576904297,569335.8984375,-102307.224609375,569347.40234375,-102309.18589782715,1.6541682296580948,8.270841148290474
281.125,225.625,280.67578125,226.15087890625,569632.1484375,-102310.974609375,569629.90234375,-102313.60400390625,1.4757971312838802,7.378985656419401
298.375,234.625,299.21484375,233.21990966796875,569718.3984375,-102355.974609375,569722.59765625,-102348.94915771484,1.0815141832617878,5.40757091630894
108.625,235.375,111.17578125,236.75442504882812,568769.6484375,-102359.724609375,568782.40234375,-102366.62173461914,2.3698579709242447,11.849289854621222
269.125,235.375,269.19921875,234.98716735839844,569572.1484375,-102359.724609375,569572.51953125,-102357.78544616699,0.7281121076707424,3.640560538353712
61.375,242.875,62.62109375,241.17257690429688,568533.3984375,-102397.224609375,568539.62890625,-102388.71249389648,1.3072025560925398,6.536012780462698
270.625,243.625,270.08203125,243.82347106933594,569579.6484375,-102400.974609375,569576.93359375,-102401.96696472168,1.4706855740741436,7.353427870370718
275.125,244.375,276.26171875,242.93983459472656,569602.1484375,-102404.724609375,569607.83203125,-102397.54878234863,1.1374024748309475,5.687012374154738
59.875,248.125,59.97265625,247.3579864501953,568525.8984375,-102423.474609375,568526.38671875,-102419.63954162598,1.028587448612904,5.14293724306452
157.375,254.875,159.73046875,255.31063842773438,569013.3984375,-102457.224609375,569025.17578125,-102459.40280151367,1.6035705154200568,8.017852577100284
261.625,256.375,261.25390625,256.19427490234375,569534.6484375,-102464.724609375,569532.79296875,-102463.82098388672,1.257031300268439,6.285156501342195
303.625,256.375,303.62890625,256.19427490234375,569744.6484375,-102464.724609375,569744.66796875,-102463.82098388672,0.8404471227797685,4.202235613898843
106.375,258.625,106.76171875,256.19427490234375,568758.3984375,-102475.974609375,568760.33203125,-102463.82098388672,2.1261089070954062,10.630544535477032
240.625,258.625,240.94921875,259.7287902832031,569429.6484375,-102475.974609375,569431.26953125,-102481.49356079102,1.5796155729982473,7.898077864991237
117.625,262.375,118.23828125,263.2633056640625,568814.6484375,-102494.724609375,568817.71484375,-102499.16613769531,1.3680762098992318,6.840381049496159
130.375,262.375,130.59765625,262.3796691894531,568878.3984375,-102494.724609375,568879.51171875,-102494.74795532227,0.9079528105662641,4.539764052831321
245.125,266.875,245.36328125,266.7978210449219,569452.1484375,-102517.224609375,569453.33984375,-102516.83871459961,0.7460144628117846,3.730072314058923
155.875,267.625,157.08203125,267.68145751953125,569005.8984375,-102520.974609375,569011.93359375,-102521.25689697266,0.49404900816547526,2.4702450408273764
85.375,270.625,86.45703125,271.2159729003906,568653.3984375,-102535.974609375,568658.80859375,-102538.92947387695,1.018403932890806,5.09201966445403
91.375,272.875,91.75390625,272.099609375,568683.3984375,-102547.224609375,568685.29296875,-102543.34765625,0.8072044772148687,4.036022386074343
117.625,275.125,118.23828125,273.8668518066406,568814.6484375,-102558.474609375,568817.71484375,-102552.1838684082,0.9617271648396565,4.808635824198283
69.625,276.625,70.56640625,276.5177307128906,568574.6484375,-102565.974609375,568579.35546875,-102565.43826293945,0.38645070613916277,1.9322535306958137
140.875,278.875,141.19140625,278.2850036621094,568930.8984375,-102577.224609375,568932.48046875,-102574.27462768555,0.7758823250463263,3.879411625231631
56.875,286.375,57.32421875,286.2376708984375,568510.8984375,-102614.724609375,568513.14453125,-102614.03796386719,0.8003881509918819,4.001940754959409
116.875,286.375,118.23828125,283.5867614746094,568810.8984375,-102614.724609375,568817.71484375,-102600.78341674805,2.3698772153783163,11.849386076891582
179.875,287.125,180.91796875,286.2376708984375,569125.8984375,-102618.474609375,569131.11328125,-102614.03796386719,0.47666431648416346,2.3833215824208174
213.625,287.125,214.46484375,288.0049133300781,569294.6484375,-102618.474609375,569298.84765625,-102622.87417602539,1.2923943854111353,6.461971927055677
230.875,287.875,232.12109375,288.8885498046875,569380.8984375,-102622.224609375,569387.12890625,-102627.29235839844,1.4291106085155583,7.145553042577792
263.125,287.875,263.01953125,288.0049133300781,569542.1484375,-102622.224609375,569541.62109375,-102622.87417602539,1.1914885941526925,5.957442970763463
275.875,289.375,275.37890625,288.0049133300781,569605.8984375,-102629.724609375,569603.41796875,-102622.87417602539,1.7601780121146897,8.80089006057345
243.625,293.125,243.59765625,290.65582275390625,569444.6484375,-102648.474609375,569444.51171875,-102636.12872314453,2.31721963669238,11.5860981834619
158.875,294.625,158.84765625,292.4230651855469,569020.8984375,-102655.974609375,569020.76171875,-102644.96493530273,2.1060471548435906,10.530235774217953
131.875,297.625,133.24609375,296.8412170410156,568885.8984375,-102670.974609375,568892.75390625,-102667.05569458008,0.41765156844388746,2.0882578422194373
116.125,302.875,118.23828125,301.2593688964844,568807.1484375,-102697.224609375,568817.71484375,-102689.14645385742,1.5008919994619876,7.504459997309938
231.625,302.875,232.12109375,303.026611328125,569384.6484375,-102697.224609375,569387.12890625,-102697.98266601562,0.7869129069135308,3.934564534567654
151.375,303.625,154.43359375,302.1429748535156,568983.3984375,-102700.974609375,568998.69140625,-102693.56448364258,2.1877194902895107,10.938597451447553
68.125,306.625,68.80078125,306.5611267089844,568567.1484375,-102715.974609375,568570.52734375,-102715.65524291992,0.6890539890100805,3.4452699450504025
156.625,308.125,157.08203125,306.5611267089844,569009.6484375,-102723.474609375,569011.93359375,-102715.65524291992,1.3209750691341953,6.604875345670976
133.375,310.375,134.12890625,310.09564208984375,568893.3984375,-102734.724609375,568897.16796875,-102733.32781982422,0.45588809648945916,2.2794404824472956
80.125,312.625,81.16015625,311.8629150390625,568627.1484375,-102745.974609375,568632.32421875,-102742.16418457031,0.361428631367112,1.80714315683556
194.125,312.625,194.16015625,310.9792785644531,569197.1484375,-102745.974609375,569197.32421875,-102737.74600219727,1.6303016636490968,8.151508318245483
196.375,320.875,196.80859375,320.6991882324219,569208.3984375,-102787.224609375,569210.56640625,-102786.34555053711,0.7552981265881972,3.7764906329409857
144.625,322.375,145.60546875,322.4664611816406,568949.6484375,-102794.724609375,568954.55078125,-102795.1819152832,0.5885479942658954,2.9427399713294773
36.625,326.125,37.90234375,324.23370361328125,568409.6484375,-102813.474609375,568416.03515625,-102804.0181274414,1.4004607172345034,7.002303586172517
108.625,329.125,109.41015625,328.65185546875,568769.6484375,-102828.474609375,568773.57421875,-102826.10888671875,0.47745106446403834,2.3872553223201916
219.625,329.875,222.41015625,329.5354919433594,569324.6484375,-102832.224609375,569338.57421875,-102830.5270690918,1.6420982881597093,8.210491440798545
179.125,332.125,180.03515625,332.1863708496094,569122.1484375,-102843.474609375,569126.69921875,-102843.78146362305,0.5865630763822006,2.932815381911003
276.625,332.125,277.14453125,332.1863708496094,569609.6484375,-102843.474609375,569612.24609375,-102843.78146362305,0.7470134556186999,3.7350672780934997
267.625,343.375,268.31640625,343.6735534667969,569564.6484375,-102899.724609375,569568.10546875,-102901.21737670898,0.8550476561155742,4.275238280577871
30.625,347.125,31.72265625,344.55718994140625,568379.6484375,-102918.474609375,568385.13671875,-102905.63555908203,2.0779328629441873,10.389664314720937
75.625,349.375,77.62890625,348.975341796875,568604.6484375,-102929.724609375,568614.66796875,-102927.72631835938,0.6509943834913979,3.2549719174569898
277.375,353.875,278.02734375,351.626220703125,569613.3984375,-102952.224609375,569616.66015625,-102940.98071289062,1.880294601007886,9.40147300503943
155.875,355.375,157.08203125,354.277099609375,569005.8984375,-102959.724609375,569011.93359375,-102954.23510742188,0.6251420956903777,3.1257104784518885
75.625,362.125,78.51171875,363.1134033203125,568604.6484375,-102993.474609375,568619.08203125,-102998.41662597656,2.11134509223712,10.5567254611856
26.125,362.875,27.30859375,360.4625244140625,568357.1484375,-102997.224609375,568363.06640625,-102985.16223144531,1.904384741869445,9.521923709347226
187.375,366.625,188.86328125,366.6479187011719,569163.3984375,-103015.974609375,569170.83984375,-103016.08920288086,0.5375526626858825,2.6877633134294125
168.625,368.125,169.44140625,367.53155517578125,569069.6484375,-103023.474609375,569073.73046875,-103020.5073852539,0.5138691839224212,2.569345919612106
224.125,371.125,225.05859375,371.0660705566406,569347.1484375,-103038.474609375,569351.81640625,-103038.1799621582,0.5305546278036818,2.652773139018409
227.125,380.125,228.58984375,379.90234375,569362.1484375,-103083.474609375,569369.47265625,-103082.361328125,0.30704104258938736,1.535205212946937
188.875,391.375,191.51171875,390.50592041015625,569170.8984375,-103139.724609375,569184.08203125,-103135.37921142578,1.320401415137351,6.602007075686755
177.625,404.875,179.15234375,403.7603454589844,569114.6484375,-103207.224609375,569122.28515625,-103201.65133666992,0.6085185771090272,3.0425928855451363
155.875,415.375,159.73046875,413.4802551269531,569005.8984375,-103259.724609375,569025.17578125,-103250.25088500977,2.7399945322388346,13.699972661194174
185.875,428.875,187.09765625,426.7347106933594,569155.8984375,-103327.224609375,569162.01171875,-103316.5231628418,1.6284999979008012,8.142499989504007
240.625,436.375,241.83203125,434.6873779296875,569429.6484375,-103364.724609375,569435.68359375,-103356.28649902344,1.1908947682452276,5.954473841226138
215.875,444.625,217.99609375,443.5236511230469,569305.8984375,-103405.974609375,569316.50390625,-103400.46786499023,0.8352003026872175,4.176001513436088
240.625,446.875,241.83203125,446.1745300292969,569429.6484375,-103417.224609375,569435.68359375,-103413.72225952148,0.325426196915545,1.6271309845777249
731.875,515.875,735.32421875,515.9812622070312,571885.8984375,-103762.224609375,571903.14453125,-103762.75592041016,2.34029485695227,11.70147428476135
727.375,521.875,728.26171875,522.1666259765625,571863.3984375,-103792.224609375,571867.83203125,-103793.68273925781,0.792967707948531,3.964838539742655
511.375,530.125,515.50390625,530.1193237304688,570783.3984375,-103833.474609375,570804.04296875,-103833.44622802734,2.7249467646609387,13.624733823304693
481.375,532.375,486.37109375,531.8865966796875,570633.3984375,-103844.724609375,570658.37890625,-103842.28259277344,3.5049021144094263,17.52451057204713
472.375,533.125,474.89453125,532.7702026367188,570588.3984375,-103848.474609375,570600.99609375,-103846.7006225586,1.0314625449703847,5.1573127248519235
692.125,533.125,693.83203125,532.7702026367188,571687.1484375,-103848.474609375,571695.68359375,-103846.7006225586,0.4518304604484045,2.259152302242023
669.625,547.375,672.64453125,547.7918701171875,571574.6484375,-103919.724609375,571589.74609375,-103921.80895996094,1.9076986384500052,9.538493192250026
497.125,566.875,500.49609375,567.2317504882812,570712.1484375,-104017.224609375,570729.00390625,-104019.0083618164,2.008051201326287,10.040256006631434
500.875,567.625,504.91015625,568.1153564453125,570730.8984375,-104020.974609375,570751.07421875,-104023.42639160156,2.668087756682085,13.340438783410423
505.375,569.125,509.32421875,569.8826293945312,570753.3984375,-104028.474609375,570773.14453125,-104032.26275634766,2.708075094146466,13.54037547073233
662.125,569.875,664.69921875,566.3480834960938,571537.1484375,-104032.224609375,571550.01953125,-104014.59002685547,3.239566361651718,16.197831808258588
614.125,599.125,617.91015625,599.926025390625,571297.1484375,-104178.474609375,571316.07421875,-104182.47973632812,2.6038402520859756,13.019201260429877
778.875,183.625,780.08203125,185.4527587890625,572120.8984375,-102100.974609375,572126.93359375,-102110.11340332031,2.247470636317662,11.23735318158831
774.375,191.125,774.03515625,191.5,572098.3984375,-102138.474609375,572096.69921875,-102140.349609375,0.6861085348759732,3.430542674379866
811.125,192.625,811.32421875,192.50787353515625,572282.1484375,-102145.974609375,572283.14453125,-102145.38897705078,0.1123784430971953,0.5618922154859765
826.875,197.125,826.44140625,196.53936767578125,572360.8984375,-102168.474609375,572358.73046875,-102165.5464477539,0.6956521745930404,3.478260872965202
799.125,198.625,799.23046875,198.55511474609375,572222.1484375,-102175.974609375,572222.67578125,-102175.62518310547,0.06263241065040841,0.31316205325204205
835.125,201.625,835.51171875,200.57086181640625,572402.1484375,-102190.974609375,572404.08203125,-102185.70391845703,0.978440355314875,4.8922017765743755
776.625,203.125,774.03515625,202.58660888671875,572109.6484375,-102198.474609375,572096.69921875,-102195.7826538086,2.7746610254965955,13.873305127482977
810.375,204.625,809.30859375,204.60235595703125,572278.3984375,-102205.974609375,572273.06640625,-102205.86138916016,1.196350960045214,5.98175480022607
849.375,217.375,849.62109375,217.70472717285156,572473.3984375,-102269.724609375,572474.62890625,-102271.37324523926,0.4773065386314613,2.3865326931573065
781.875,221.875,782.09765625,221.73622131347656,572135.8984375,-102292.224609375,572137.01171875,-102291.53071594238,0.023099889793527884,0.11549944896763942
787.875,222.625,787.13671875,222.7440948486328,572165.8984375,-102295.974609375,572162.20703125,-102296.57008361816,0.9822447152156183,4.911223576078092
917.625,222.625,919.16015625,223.75196838378906,572814.6484375,-102295.974609375,572822.32421875,-102301.60945129395,1.9232940487725676,9.616470243862839
793.125,224.125,793.18359375,223.75196838378906,572192.1484375,-102303.474609375,572192.44140625,-102301.60945129395,0.2614229257883339,1.3071146289416697
866.625,224.875,865.74609375,224.7598419189453,572559.6484375,-102307.224609375,572555.25390625,-102306.64881896973,1.0062131274479293,5.031065637239647
874.875,224.875,874.81640625,224.7598419189453,572600.8984375,-102307.224609375,572600.60546875,-102306.64881896973,0.17749315125787077,0.8874657562893539
922.875,225.625,924.19921875,225.76771545410156,572840.8984375,-102310.974609375,572847.51953125,-102311.68818664551,1.2811749488339033,6.405874744169516
932.625,227.125,933.26953125,226.7755889892578,572889.6484375,-102318.474609375,572892.87109375,-102316.72755432129,0.627542523437496,3.13771261718748
886.125,228.625,885.90234375,228.7913360595703,572657.1484375,-102325.974609375,572656.03515625,-102326.80628967285,0.45087524714335603,2.25437623571678
943.125,230.125,943.34765625,229.79920959472656,572942.1484375,-102333.474609375,572943.26171875,-102331.84565734863,0.26785660126328764,1.3392830063164383
907.125,230.875,908.07421875,228.7913360595703,572762.1484375,-102337.224609375,572766.89453125,-102326.80628967285,2.134533762214474,10.67266881107237
837.375,231.625,837.52734375,230.8070831298828,572413.3984375,-102340.974609375,572414.16015625,-102336.88502502441,0.6707251443362264,3.3536257216811323
955.125,233.875,956.44921875,233.83070373535156,573002.1484375,-102352.224609375,573008.76953125,-102352.00312805176,1.2659214272023702,6.329607136011851
905.625,234.625,906.05859375,234.8385772705078,572754.6484375,-102355.974609375,572756.81640625,-102357.04249572754,0.4668605523773876,2.334302761886938
891.375,235.375,889.93359375,235.84645080566406,572683.3984375,-102359.724609375,572676.19140625,-102362.08186340332,1.6866915302185672,8.433457651092835
851.625,239.125,851.63671875,241.89370727539062,572484.6484375,-102378.474609375,572484.70703125,-102392.31814575195,2.9236773357224677,14.618386678612339
838.125,239.875,837.52734375,240.88583374023438,572417.1484375,-102382.224609375,572414.16015625,-102387.27877807617,1.4147216888562437,7.073608444281218
802.875,242.875,803.26171875,242.90158081054688,572240.8984375,-102397.224609375,572242.83203125,-102397.35751342773,0.23783886418208905,1.1891943209104452
1000.875,246.625,1001.80078125,246.93307495117188,573230.8984375,-102415.974609375,573235.52734375,-102417.51498413086,0.9690467596719221,4.845233798359611
816.375,248.875,817.37109375,248.94882202148438,572308.3984375,-102427.224609375,572313.37890625,-102427.59371948242,0.7798245323306522,3.899122661653261
889.875,250.375,889.93359375,249.95669555664062,572675.8984375,-102434.724609375,572676.19140625,-102432.6330871582,0.29756593960730887,1.4878296980365444
862.125,251.125,860.70703125,250.96456909179688,572537.1484375,-102438.474609375,572530.05859375,-102437.67245483398,1.6311477393121931,8.155738696560967
865.875,251.125,865.74609375,251.97244262695312,572555.8984375,-102438.474609375,572555.25390625,-102442.71182250977,1.0584830234086748,5.292415117043374
799.875,251.875,800.23828125,251.97244262695312,572225.8984375,-102442.224609375,572227.71484375,-102442.71182250977,0.2868941461368749,1.4344707306843745
907.875,251.875,907.06640625,251.97244262695312,572765.8984375,-102442.224609375,572761.85546875,-102442.71182250977,1.0041258603261363,5.020629301630681
830.625,252.625,830.47265625,252.98031616210938,572379.6484375,-102445.974609375,572378.88671875,-102447.75119018555,0.6614091271397131,3.3070456356985654
1030.875,254.875,1032.03515625,257.0118103027344,573380.8984375,-102457.224609375,573386.69921875,-102467.90866088867,2.504513483658341,12.522567418291706
996.375,257.125,993.73828125,256.0039367675781,573208.3984375,-102468.474609375,573195.21484375,-102462.86929321289,2.9031192447544854,14.515596223772427
1040.625,257.875,1038.08203125,258.0196838378906,573429.6484375,-102472.224609375,573416.93359375,-102472.94802856445,2.597553827845883,12.987769139229414
866.625,260.125,867.76171875,260.0354309082031,572559.6484375,-102483.474609375,572565.33203125,-102483.02676391602,0.90354620978671,4.51773104893355
1050.375,260.125,1049.16796875,261.0433044433594,573478.3984375,-102483.474609375,573472.36328125,-102488.0661315918,1.6114273374171852,8.057136687085926
877.125,261.625,876.83203125,262.0511779785156,572612.1484375,-102490.974609375,572610.68359375,-102493.10549926758,0.7861426474075481,3.9307132370377404
1059.375,263.125,1060.25390625,263.0590515136719,573523.3984375,-102498.474609375,573527.79296875,-102498.14486694336,0.8410036659617918,4.205018329808959
847.125,263.875,846.59765625,263.0590515136719,572462.1484375,-102502.224609375,572459.51171875,-102498.14486694336,1.02330481085582,5.1165240542791
1071.375,266.125,1072.34765625,266.0826721191406,573583.3984375,-102513.474609375,573588.26171875,-102513.2629699707,0.9394112049365029,4.697056024682515
1075.125,266.875,1077.38671875,268.0984191894531,573602.1484375,-102517.224609375,573613.45703125,-102523.34170532227,2.592307332688978,12.96153666344489
1000.875,267.625,999.78515625,265.0747985839844,573230.8984375,-102520.974609375,573225.44921875,-102508.22360229492,2.707166065959829,13.535830329799145
847.875,270.625,847.60546875,270.1141662597656,572465.8984375,-102535.974609375,572464.55078125,-102533.42044067383,0.6496634619101443,3.2483173095507216
877.875,272.125,877.83984375,272.1299133300781,572615.8984375,-102543.474609375,572615.72265625,-102543.49917602539,0.3442365412227474,1.721182706113737
895.125,272.125,893.96484375,272.1299133300781,572702.1484375,-102543.474609375,572696.34765625,-102543.49917602539,1.4130834220565476,7.065417110282738
876.375,275.875,875.82421875,277.1692810058594,572608.3984375,-102562.224609375,572605.64453125,-102568.6960144043,1.68425167225006,8.4212583612503
1075.875,275.875,1076.37890625,275.1535339355469,573605.8984375,-102562.224609375,573608.41796875,-102558.61727905273,0.7562007347108037,3.781003673554019
918.375,278.875,918.15234375,278.1771545410156,572818.3984375,-102577.224609375,572817.28515625,-102573.73538208008,0.7063863760395666,3.531931880197833
853.125,280.375,853.65234375,278.1771545410156,572492.1484375,-102584.724609375,572494.78515625,-102573.73538208008,2.023706593871526,10.11853296935763
1126.125,281.125,1125.76171875,281.2007751464844,573857.1484375,-102588.474609375,573855.33203125,-102588.85348510742,0.42304947987686814,2.115247399384341
1129.875,282.625,1130.80078125,283.2165222167969,573875.8984375,-102595.974609375,573880.52734375,-102598.93222045898,1.135209447492086,5.67604723746043
879.375,283.375,877.83984375,282.2086486816406,572623.3984375,-102599.724609375,572615.72265625,-102593.8928527832,2.0787175366335413,10.393587683167706
1106.625,283.375,1105.60546875,283.2165222167969,573759.6484375,-102599.724609375,573754.55078125,-102598.93222045898,1.0715153229363887,5.3575766146819435
898.125,284.875,900.01171875,282.2086486816406,572717.1484375,-102607.224609375,572726.58203125,-102593.8928527832,2.965273206136463,14.826366030682314
1087.875,287.875,1087.46484375,288.25592041015625,573665.8984375,-102622.224609375,573663.84765625,-102624.12921142578,0.700998130352916,3.5049906517645804
1152.375,287.875,1152.97265625,289.2637939453125,573988.3984375,-102622.224609375,573991.38671875,-102629.16857910156,1.593491867773768,7.9674593388688395
1075.875,288.625,1076.37890625,288.25592041015625,573605.8984375,-102625.974609375,573608.41796875,-102624.12921142578,0.4745438836441759,2.3727194182208793
957.375,290.875,957.45703125,291.279541015625,573013.3984375,-102637.224609375,573013.80859375,-102639.24731445312,0.5853506858015147,2.9267534290075736
946.125,291.625,946.37109375,291.279541015625,572957.1484375,-102640.974609375,572958.37890625,-102639.24731445312,0.18039535196582007,0.9019767598291004
880.125,292.375,880.86328125,292.28741455078125,572627.1484375,-102644.724609375,572630.83984375,-102644.2866821289,0.4285817969727879,2.1429089848639395
1044.375,293.125,1044.12890625,293.2952880859375,573448.3984375,-102648.474609375,573447.16796875,-102649.32604980469,0.4978080037315252,2.489040018657626
1057.125,293.125,1056.22265625,292.28741455078125,573512.1484375,-102648.474609375,573507.63671875,-102644.2866821289,1.2546757702703055,6.273378851351527
919.125,296.875,919.16015625,297.3267822265625,572822.1484375,-102667.224609375,572822.32421875,-102669.48352050781,0.6811829368468738,3.405914684234369
1181.625,296.875,1184.21484375,297.3267822265625,574134.6484375,-102667.224609375,574147.59765625,-102669.48352050781,2.6347837727257204,13.173918863628602
1141.125,299.875,1140.87890625,300.35040283203125,573932.1484375,-102682.224609375,573930.91796875,-102684.60162353516,0.6617143526697823,3.3085717633489113
946.125,302.875,945.36328125,301.3582763671875,572957.1484375,-102697.224609375,572953.33984375,-102689.64099121094,1.7005899719528752,8.502949859764376
1127.625,302.875,1127.77734375,303.3740234375,573864.6484375,-102697.224609375,573865.41015625,-102699.7197265625,0.6181542265968768,3.090771132984384
887.625,303.625,887.91796875,303.3740234375,572664.6484375,-102700.974609375,572666.11328125,-102699.7197265625,0.078850123873658,0.39425061936829
979.875,305.125,979.62890625,306.39764404296875,573125.8984375,-102708.474609375,573124.66796875,-102714.83782958984,1.5230071452369647,7.615035726184823
991.875,305.125,991.72265625,304.38189697265625,573185.8984375,-102708.474609375,573185.13671875,-102704.75909423828,0.701688554843478,3.5084427742173903
1057.125,305.125,1057.23046875,304.38189697265625,573512.1484375,-102708.474609375,573512.67578125,-102704.75909423828,0.6058840120812584,3.029420060406292
1213.125,305.875,1215.45703125,306.39764404296875,574292.1484375,-102712.224609375,574303.80859375,-102714.83782958984,2.4054783895385436,12.027391947692719
1158.375,306.625,1158.01171875,305.3897705078125,574018.3984375,-102715.974609375,574016.58203125,-102709.79846191406,1.2055622315993333,6.027811157996666
1171.125,309.625,1171.11328125,308.41339111328125,574082.1484375,-102730.974609375,574082.08984375,-102724.9165649414,1.1065311737706376,5.532655868853188
1129.125,312.625,1128.78515625,314.46063232421875,573872.1484375,-102745.974609375,573870.44921875,-102755.1527709961,2.0120922892479847,10.060461446239923
831.375,313.375,830.47265625,311.43701171875,572383.3984375,-102749.724609375,572378.88671875,-102740.03466796875,2.178144841528121,10.890724207640606
991.125,317.875,992.73046875,317.4842529296875,573182.1484375,-102772.224609375,573190.17578125,-102770.27087402344,1.3419107425441155,6.709553712720577
977.625,318.625,977.61328125,318.49212646484375,573114.6484375,-102775.974609375,573114.58984375,-102775.31024169922,0.3131291127577403,1.5656455637887015
1061.625,318.625,1059.24609375,319.5,573534.6484375,-102775.974609375,573522.75390625,-102780.349609375,2.782974969491209,13.914874847456044
907.875,319.375,910.08984375,318.49212646484375,572765.8984375,-102779.724609375,572776.97265625,-102775.31024169922,1.9616247747410986,9.808123873705494
964.875,319.375,965.51953125,317.4842529296875,573050.8984375,-102779.724609375,573054.12109375,-102770.27087402344,1.7390577831155751,8.695288915577876
1169.625,320.875,1169.09765625,320.50787353515625,574074.6484375,-102787.224609375,574072.01171875,-102785.38897705078,0.6741595453751777,3.370797726875889
1129.875,321.625,1129.79296875,319.5,573875.8984375,-102790.974609375,573875.48828125,-102780.349609375,2.0061958530334327,10.030979265167163
840.375,326.875,840.55078125,328.57086181640625,572428.3984375,-102817.224609375,572429.27734375,-102825.70391845703,1.9488718151492062,9.744359075746031
820.125,328.375,821.40234375,327.56298828125,572327.1484375,-102824.724609375,572333.53515625,-102820.66455078125,0.9683272909235625,4.841636454617813
1021.125,329.875,1022.96484375,329.5787353515625,573332.1484375,-102832.224609375,573341.34765625,-102830.74328613281,1.5584285886187677,7.792142943093838
1031.625,329.875,1032.03515625,329.5787353515625,573384.6484375,-102832.224609375,573386.69921875,-102830.74328613281,0.18442090551759202,0.9221045275879601
1012.875,330.625,1012.88671875,332.60235595703125,573290.8984375,-102835.974609375,573290.95703125,-102845.86138916016,2.1738364386281264,10.869182193140631
988.875,333.625,989.70703125,334.61810302734375,573170.8984375,-102850.974609375,573175.05859375,-102855.94012451172,1.2825246485048694,6.412623242524347
976.875,334.375,976.60546875,332.60235595703125,573110.8984375,-102854.724609375,573109.55078125,-102845.86138916016,1.6962192580176363,8.481096290088182
951.375,335.125,951.41015625,334.61810302734375,572983.3984375,-102858.474609375,572983.57421875,-102855.94012451172,0.45848758563461506,2.2924379281730753
963.375,335.125,965.51953125,333.6102294921875,573043.3984375,-102858.474609375,573054.12109375,-102850.90075683594,2.2144006246951418,11.072003123475708
905.625,335.875,906.05859375,334.61810302734375,572754.6484375,-102862.224609375,572756.81640625,-102855.94012451172,1.0397044329081515,5.1985221645407576
913.875,336.625,915.12890625,335.6259765625,572795.8984375,-102865.974609375,572802.16796875,-102860.9794921875,1.1429383514034193,5.714691757017096
1041.375,336.625,1041.10546875,336.63385009765625,573433.3984375,-102865.974609375,573432.05078125,-102866.01885986328,0.5841170641278775,2.920585320639387
1054.125,336.625,1054.20703125,337.6417236328125,573497.1484375,-102865.974609375,573497.55859375,-102871.05822753906,1.2012541060328972,6.006270530164485
1066.875,336.625,1067.30859375,333.6102294921875,573560.8984375,-102865.974609375,573563.06640625,-102850.90075683594,2.8548651098605125,14.274325549302562
1100.625,336.625,1100.56640625,337.6417236328125,573729.6484375,-102865.974609375,573729.35546875,-102871.05822753906,1.2041362988679718,6.020681494339859
851.625,339.625,852.64453125,338.64959716796875,572484.6484375,-102880.974609375,572489.74609375,-102876.09759521484,0.9030208167270669,4.515104083635334
1117.875,339.625,1116.69140625,337.6417236328125,573815.8984375,-102880.974609375,573809.98046875,-102871.05822753906,2.303331401528499,11.516657007642495
1130.625,339.625,1129.79296875,338.64959716796875,573879.6484375,-102880.974609375,573875.48828125,-102876.09759521484,1.3224196836743993,6.612098418371996
1191.375,342.625,1192.27734375,344.69683837890625,574183.3984375,-102895.974609375,574187.91015625,-102906.33380126953,2.3291014074713723,11.645507037356861
1174.875,344.875,1174.13671875,344.69683837890625,574100.8984375,-102907.224609375,574097.20703125,-102906.33380126953,0.9068795080382961,4.53439754019148
926.625,345.625,926.21484375,345.7047119140625,572859.6484375,-102910.974609375,572857.59765625,-102911.37316894531,0.8975654660816997,4.487827330408499
883.125,346.375,884.89453125,346.71258544921875,572642.1484375,-102914.724609375,572650.99609375,-102916.4125366211,1.4056480712152142,7.028240356076071
891.375,346.375,889.93359375,345.7047119140625,572683.3984375,-102914.724609375,572676.19140625,-102911.37316894531,1.9674502226319384,9.837251113159692
913.875,346.375,914.12109375,345.7047119140625,572795.8984375,-102914.724609375,572797.12890625,-102911.37316894531,0.4918326445171082,2.459163222585541
898.125,347.125,897.99609375,346.71258544921875,572717.1484375,-102918.474609375,572716.50390625,-102916.4125366211,0.627613264437732,3.13806632218866
975.375,347.875,975.59765625,344.69683837890625,573103.3984375,-102922.224609375,573104.51171875,-102906.33380126953,2.977891872016709,14.889459360083546
1159.125,348.625,1159.01953125,348.72833251953125,574022.1484375,-102925.974609375,574021.62109375,-102926.49127197266,0.3912219256010168,1.956109628005084
935.625,350.125,936.29296875,349.7362060546875,572904.6484375,-102933.474609375,572907.98828125,-102931.53063964844,0.2832518230882257,1.4162591154411286
1147.875,350.125,1147.93359375,349.7362060546875,573965.8984375,-102933.474609375,573966.19140625,-102931.53063964844,0.28363794723277547,1.4181897361638773
846.375,351.625,846.59765625,351.7519836425781,572458.3984375,-102940.974609375,572459.51171875,-102941.60952758789,0.49363342932762,2.4681671466381
1084.875,351.625,1087.46484375,351.7519836425781,573650.8984375,-102940.974609375,573663.84765625,-102941.60952758789,2.324149125955323,11.620745629776614
1021.875,353.875,1020.94921875,353.7677307128906,573335.8984375,-102952.224609375,573331.26953125,-102951.68826293945,1.288402052319005,6.4420102615950245
1130.625,353.875,1130.80078125,353.7677307128906,573879.6484375,-102952.224609375,573880.52734375,-102951.68826293945,0.08523606840551515,0.4261803420275757
930.375,355.375,929.23828125,354.7756042480469,572878.3984375,-102959.724609375,572872.71484375,-102956.72763061523,1.6420679291912164,8.210339645956083
1042.875,355.375,1043.12109375,356.7913513183594,573440.8984375,-102959.724609375,573442.12890625,-102966.8063659668,1.608823677042985,8.044118385214924
866.625,356.875,868.76953125,356.7913513183594,572559.6484375,-102967.224609375,572570.37109375,-102966.8063659668,1.6175262301603084,8.087631150801542
898.125,356.875,896.98828125,356.7913513183594,572717.1484375,-102967.224609375,572711.46484375,-102966.8063659668,1.6456149250844798,8.2280746254224
910.875,357.625,913.11328125,355.7834777832031,572780.8984375,-102970.974609375,572792.08984375,-102961.76699829102,2.374371679131072,11.871858395655359
874.875,358.375,873.80859375,357.7992248535156,572600.8984375,-102974.724609375,572595.56640625,-102971.84573364258,1.63108760380188,8.1554380190094
884.625,358.375,884.89453125,358.8070983886719,572649.6484375,-102974.724609375,572650.99609375,-102976.88510131836,0.7211142926460612,3.605571463230306
907.125,358.375,908.07421875,358.8070983886719,572762.1484375,-102974.724609375,572766.89453125,-102976.88510131836,0.8073940286413834,4.036970143206917
922.125,358.375,922.18359375,357.7992248535156,572837.1484375,-102974.724609375,572837.44140625,-102971.84573364258,0.5444910542367164,2.722455271183582
1135.875,361.375,1136.84765625,359.8149719238281,573905.8984375,-102989.724609375,573910.76171875,-102981.92446899414,1.5666328863263617,7.8331644316318085
1054.125,362.125,1054.20703125,363.8464660644531,573497.1484375,-102993.474609375,573497.55859375,-103002.08193969727,1.932113824997425,9.660569124987125
1066.125,362.875,1065.29296875,362.8385925292969,573557.1484375,-102997.224609375,573552.98828125,-102997.04257202148,1.1818715731099498,5.909357865549749
1149.375,362.875,1149.94921875,362.8385925292969,573973.3984375,-102997.224609375,573976.26953125,-102997.04257202148,0.34686435543021227,1.7343217771510613
922.125,366.625,922.18359375,366.8700866699219,572837.1484375,-103015.974609375,572837.44140625,-103017.20004272461,0.6591151228999919,3.2955756144999593
1101.375,366.625,1101.57421875,366.8700866699219,573733.3984375,-103015.974609375,573734.39453125,-103017.20004272461,0.44069631511912266,2.2034815755956134
952.125,367.375,952.41796875,368.8858337402344,572987.1484375,-103019.724609375,572988.61328125,-103027.27877807617,1.750210232242863,8.751051161214315
880.125,368.125,879.85546875,369.8937072753906,572627.1484375,-103023.474609375,572625.80078125,-103032.31814575195,2.184477123327689,10.922385616638445
910.125,368.875,910.08984375,367.8779602050781,572777.1484375,-103027.224609375,572776.97265625,-103022.23941040039,0.9384382644710615,4.692191322355307
932.625,374.125,935.28515625,373.9252014160156,572889.6484375,-103053.474609375,572902.94921875,-103052.47561645508,2.1425954869364165,10.712977434682083
936.375,374.875,940.32421875,374.9330749511719,572908.3984375,-103057.224609375,572928.14453125,-103057.51498413086,3.445989427022095,17.229947135110475
945.375,374.875,945.36328125,374.9330749511719,572953.3984375,-103057.224609375,572953.33984375,-103057.51498413086,0.597216868729358,2.98608434364679
1054.125,375.625,1055.21484375,374.9330749511719,573497.1484375,-103060.974609375,573502.59765625,-103057.51498413086,0.8513870628624752,4.2569353143123765
1156.875,375.625,1157.00390625,374.9330749511719,574010.8984375,-103060.974609375,574011.54296875,-103057.51498413086,0.5436653968281968,2.718326984140984
880.125,376.375,879.85546875,375.9409484863281,572627.1484375,-103064.724609375,572625.80078125,-103062.55435180664,0.8681705757956636,4.340852878978318
1258.875,376.375,1259.80078125,377.9566955566406,574520.8984375,-103064.724609375,574525.52734375,-103072.6330871582,1.876164397418939,9.380821987094695
910.125,377.125,909.08203125,377.9566955566406,572777.1484375,-103068.474609375,572771.93359375,-103072.6330871582,1.927804072303182,9.63902036151591
1040.625,377.125,1042.11328125,375.9409484863281,573429.6484375,-103068.474609375,573437.08984375,-103062.55435180664,1.452376434319156,7.26188217159578
859.875,378.625,859.69921875,378.9645690917969,572525.8984375,-103075.974609375,572525.01953125,-103077.67245483398,0.9942690468215155,4.971345234107577
919.875,378.625,921.17578125,378.9645690917969,572825.8984375,-103075.974609375,572832.40234375,-103077.67245483398,0.9581924027783786,4.7909620138918925
987.375,383.125,990.71484375,380.9803161621094,573163.3984375,-103098.474609375,573180.09765625,-103087.75119018555,3.4345421546903747,17.172710773451875
1001.625,383.125,1002.80859375,380.9803161621094,573234.6484375,-103098.474609375,573240.56640625,-103087.75119018555,2.0450677530526566,10.225338765263283
1118.625,383.875,1118.70703125,384.0039367675781,573819.6484375,-103102.224609375,573820.05859375,-103102.86929321289,0.4156973179765914,2.078486589882957
1144.125,383.875,1143.90234375,384.0039367675781,573947.1484375,-103102.224609375,573946.03515625,-103102.86929321289,0.6263903050856402,3.131951525428201
880.875,384.625,880.86328125,384.0039367675781,572630.8984375,-103105.974609375,572630.83984375,-103102.86929321289,0.7113843683408254,3.556921841704127
929.625,386.875,930.24609375,388.0354309082031,572874.6484375,-103117.224609375,572877.75390625,-103123.02676391602,1.4159701838061869,7.079850919030934
1156.875,388.375,1157.00390625,387.0275573730469,574010.8984375,-103124.724609375,574011.54296875,-103117.98739624023,1.1817430850912027,5.9087154254560135
1243.875,389.875,1244.68359375,388.0354309082031,574445.8984375,-103132.224609375,574449.94140625,-103123.02676391602,1.7807429165509994,8.903714582754997
1122.375,391.375,1122.73828125,391.0590515136719,573838.3984375,-103139.724609375,573840.21484375,-103138.14486694336,0.12064700972250317,0.6032350486125159
1096.125,392.125,1096.53515625,392.0669250488281,573707.1484375,-103143.474609375,573709.19921875,-103143.18423461914,0.14700681708708457,0.7350340854354229
986.625,392.875,986.68359375,393.0747985839844,573159.6484375,-103147.224609375,573159.94140625,-103148.22360229492,0.6366769104748186,3.183384552374093
886.125,395.125,885.90234375,394.0826721191406,572657.1484375,-103158.474609375,572656.03515625,-103153.2629699707,1.1487182364012516,5.7435911820062575
1002.375,395.125,1002.80859375,396.0984191894531,573238.3984375,-103158.474609375,573240.56640625,-103163.34170532227,1.2135045670250146,6.067522835125073
994.875,395.875,993.73828125,395.0905456542969,573200.8984375,-103162.224609375,573195.21484375,-103158.30233764648,1.7421627995865125,8.710813997932563
904.875,398.125,905.05078125,398.1141662597656,572750.8984375,-103173.474609375,572751.77734375,-103173.42044067383,0.5171092776728226,2.5855463883641128
915.375,398.125,919.16015625,399.1220397949219,572803.3984375,-103173.474609375,572822.32421875,-103178.45980834961,3.417520529981232,17.08760264990616
1047.375,398.125,1047.15234375,398.1141662597656,573463.3984375,-103173.474609375,573462.28515625,-103173.42044067383,0.7244042051011409,3.6220210255057044
1210.875,398.875,1212.43359375,399.1220397949219,574280.8984375,-103177.224609375,574288.69140625,-103178.45980834961,1.3305978106721001,6.652989053360501
1222.875,398.875,1222.51171875,400.1299133300781,574340.8984375,-103177.224609375,574339.08203125,-103183.49917602539,1.564012372892612,7.82006186446306
1096.125,404.125,1096.53515625,404.1614074707031,573707.1484375,-103203.474609375,573709.19921875,-103203.65664672852,0.2528284867990159,1.2641424339950793
1147.875,405.625,1150.95703125,406.1771545410156,573965.8984375,-103210.974609375,573981.30859375,-103213.73538208008,2.8002974964652183,14.001487482326091
1093.875,407.875,1094.51953125,409.2007751464844,573695.8984375,-103222.224609375,573699.12109375,-103228.85348510742,1.5572382934182716,7.786191467091358
1107.375,407.875,1107.62109375,409.2007751464844,573763.3984375,-103222.224609375,573764.62890625,-103228.85348510742,1.5520955179878078,7.760477589939039
1000.125,408.625,999.78515625,406.1771545410156,573227.1484375,-103225.974609375,573225.44921875,-103213.73538208008,2.371631162612908,11.858155813064538
904.875,410.125,905.05078125,408.1929016113281,572750.8984375,-103233.474609375,572751.77734375,-103223.81411743164,1.7186838002094114,8.593419001047057
1152.375,412.375,1154.98828125,414.2401428222656,573988.3984375,-103244.724609375,574001.46484375,-103254.05032348633,3.0294789119017684,15.147394559508843
880.875,413.875,881.87109375,414.2401428222656,572630.8984375,-103252.224609375,572635.87890625,-103254.05032348633,0.7239641733955089,3.6198208669775447
892.875,413.875,892.95703125,415.2480163574219,572690.8984375,-103252.224609375,572691.30859375,-103259.08969116211,1.7684388058395033,8.842194029197517
937.875,415.375,937.30078125,415.2480163574219,572915.8984375,-103259.724609375,572913.02734375,-103259.08969116211,1.2233322313577606,6.116661156788803
1213.125,419.875,1213.44140625,420.28741455078125,574292.1484375,-103282.224609375,574293.73046875,-103284.2866821289,0.6047709020956737,3.023854510478369
1225.875,419.875,1226.54296875,419.279541015625,574355.8984375,-103282.224609375,574359.23828125,-103279.24731445312,0.5209692888284467,2.6048464441422334
1236.375,419.875,1237.62890625,420.28741455078125,574408.3984375,-103282.224609375,574414.66796875,-103284.2866821289,1.096219551484379,5.481097757421896
914.625,424.375,918.15234375,421.2952880859375,572799.6484375,-103304.724609375,572817.28515625,-103289.32604980469,3.975657003181802,19.87828501590901
880.125,425.875,879.85546875,425.3267822265625,572627.1484375,-103312.224609375,572625.80078125,-103309.48352050781,1.0329897660106282,5.164948830053141
940.125,426.625,941.33203125,425.3267822265625,572927.1484375,-103315.974609375,572933.18359375,-103309.48352050781,1.1449591714714942,5.724795857357471
952.125,426.625,953.42578125,428.35040283203125,572987.1484375,-103315.974609375,572993.65234375,-103324.60162353516,2.107254248220212,10.53627124110106
927.375,427.375,928.23046875,424.31890869140625,572863.3984375,-103319.724609375,572867.67578125,-103304.44415283203,2.770529790097132,13.85264895048566
1096.875,431.125,1096.53515625,431.3740234375,573710.8984375,-103338.474609375,573709.19921875,-103339.7197265625,0.9868666642353434,4.934333321176717
881.625,432.625,881.87109375,432.38189697265625,572634.6484375,-103345.974609375,572635.87890625,-103344.75909423828,0.5119241828651611,2.559620914325805
1128.375,435.625,1129.79296875,436.41339111328125,573868.3984375,-103360.974609375,573875.48828125,-103364.9165649414,1.3739898310459917,6.869949155229959
941.625,438.625,941.33203125,437.4212646484375,572934.6484375,-103375.974609375,572933.18359375,-103369.95593261719,1.351220629874207,6.756103149371036
945.375,439.375,948.38671875,440.44488525390625,572953.3984375,-103379.724609375,572968.45703125,-103385.07403564453,2.679470418498437,13.397352092492184
1249.125,440.125,1248.71484375,437.4212646484375,574472.1484375,-103383.474609375,574470.09765625,-103369.95593261719,2.6291493140925657,13.145746570462828
1062.375,440.875,1063.27734375,439.43701171875,573538.3984375,-103387.224609375,573542.91015625,-103380.03466796875,1.2213790965309712,6.106895482654856
1093.875,443.875,1093.51171875,443.468505859375,573695.8984375,-103402.224609375,573694.08203125,-103400.19213867188,0.9370463188884864,4.685231594442432
1129.875,447.625,1129.79296875,446.49212646484375,573875.8984375,-103420.974609375,573875.48828125,-103415.31024169922,1.082619831052871,5.413099155264355
913.875,452.125,914.12109375,453.5472412109375,572795.8984375,-103443.474609375,572797.12890625,-103450.58581542969,1.8189398885241423,9.094699442620712
1110.375,453.625,1111.65234375,454.55511474609375,573778.3984375,-103450.974609375,573784.78515625,-103455.62518310547,1.3777068191421067,6.888534095710534
1120.125,453.625,1121.73046875,454.55511474609375,573827.1484375,-103450.974609375,573835.17578125,-103455.62518310547,1.575441216116644,7.87720608058322
1114.125,454.375,1116.69140625,454.55511474609375,573797.1484375,-103454.724609375,573809.98046875,-103455.62518310547,2.0414822112228506,10.207411056114253
1147.875,458.875,1150.95703125,456.57086181640625,573965.8984375,-103477.224609375,573981.30859375,-103465.70391845703,3.263306724225081,16.316533621125405
1246.875,458.875,1249.72265625,456.57086181640625,574460.8984375,-103477.224609375,574475.13671875,-103465.70391845703,3.1859171125911145,15.929585562955573
907.125,461.125,908.07421875,459.594482421875,572762.1484375,-103488.474609375,572766.89453125,-103480.82202148438,1.2111447390699075,6.0557236953495375
928.875,461.875,930.24609375,461.6102294921875,572870.8984375,-103492.224609375,572877.75390625,-103490.90075683594,0.5803765818954911,2.9018829094774556
931.875,475.375,932.26171875,474.71258544921875,572885.8984375,-103559.724609375,572887.83203125,-103556.4125366211,0.5548025586755921,2.7740127933779606
865.125,476.125,865.74609375,475.720458984375,572552.1484375,-103563.474609375,572555.25390625,-103561.45190429688,0.289240547922394,1.44620273961197
937.125,476.875,937.30078125,474.71258544921875,572912.1484375,-103567.224609375,572913.02734375,-103556.4125366211,1.9450951461415948,9.725475730707974
1090.125,476.875,1090.48828125,476.72833251953125,573677.1484375,-103567.224609375,573678.96484375,-103566.49127197266,0.33199523686842003,1.6599761843421001
1102.125,476.875,1102.58203125,476.72833251953125,573737.1484375,-103567.224609375,573739.43359375,-103566.49127197266,0.23626679447468987,1.1813339723734493
904.125,478.375,904.04296875,477.7362060546875,572747.1484375,-103574.724609375,572746.73828125,-103571.53063964844,0.9978390385832338,4.989195192916169
888.375,479.875,887.91796875,478.74407958984375,572668.3984375,-103582.224609375,572666.11328125,-103576.57000732422,1.559443080028202,7.79721540014101
1079.625,482.875,1082.42578125,481.7677307128906,573624.6484375,-103597.224609375,573638.65234375,-103591.68826293945,2.2573397418498344,11.286698709249173
1256.625,484.375,1257.78515625,480.7598571777344,574509.6484375,-103604.724609375,574515.44921875,-103586.64889526367,3.4433556936339027,17.216778468169515
973.125,485.125,974.58984375,484.7913513183594,573092.1484375,-103608.474609375,573099.47265625,-103606.8063659668,0.6470400571130795,3.235200285565398
908.625,486.625,909.08203125,485.7992248535156,572769.6484375,-103615.974609375,572771.93359375,-103611.84573364258,0.6452669465310829,3.226334732655414
1090.125,488.875,1090.48828125,488.8228454589844,573677.1484375,-103627.224609375,573678.96484375,-103626.96383666992,0.41644003195550533,2.0822001597775266
1102.125,488.875,1101.57421875,489.8307189941406,573737.1484375,-103627.224609375,573734.39453125,-103632.0032043457,1.7573991978597043,8.786995989298521
954.375,490.375,956.44921875,490.8385925292969,572998.3984375,-103634.724609375,573008.76953125,-103637.04257202148,1.4593785884727273,7.296892942363637
961.875,490.375,965.51953125,490.8385925292969,573035.8984375,-103634.724609375,573054.12109375,-103637.04257202148,2.9100453921017198,14.5502269605086
1042.875,490.375,1043.12109375,490.8385925292969,573440.8984375,-103634.724609375,573442.12890625,-103637.04257202148,0.9269855326105577,4.634927663052789
883.875,492.625,883.88671875,492.8543395996094,572645.8984375,-103645.974609375,572645.95703125,-103647.12130737305,1.098006675268732,5.490033376343661
971.625,494.125,971.56640625,494.8700866699219,573084.6484375,-103653.474609375,573084.35546875,-103657.20004272461,1.4096134933390168,7.048067466695084
830.625,496.375,830.47265625,495.8779602050781,572379.6484375,-103664.724609375,572378.88671875,-103662.23941040039,1.163441610367748,5.81720805183874
1227.375,497.875,1228.55859375,496.8858337402344,574363.3984375,-103672.224609375,574369.31640625,-103667.27877807617,0.9476485434935137,4.7382427174675685
907.875,500.125,908.07421875,499.9094543457031,572765.8984375,-103683.474609375,572766.89453125,-103682.39688110352,0.749249753429695,3.746248767148475
944.625,500.875,945.36328125,501.9252014160156,572949.6484375,-103687.224609375,572953.33984375,-103692.47561645508,1.4088307135569087,7.0441535677845435
856.125,503.875,857.68359375,503.9409484863281,572507.1484375,-103702.224609375,572514.94140625,-103702.55435180664,0.7144410979632615,3.5722054898163074
842.625,505.375,843.57421875,505.9566955566406,572439.6484375,-103709.724609375,572444.39453125,-103712.6330871582,0.9711589977254661,4.855794988627331
884.625,505.375,884.89453125,504.9488220214844,572649.6484375,-103709.724609375,572650.99609375,-103707.59371948242,0.707853215855954,3.53926607927977
973.875,507.625,974.58984375,506.9645690917969,573095.8984375,-103720.974609375,573099.47265625,-103717.67245483398,0.35825175903722045,1.7912587951861023
1026.375,512.125,1026.99609375,512.0039672851562,573358.3984375,-103743.474609375,573361.50390625,-103742.86944580078,0.3077003941984461,1.5385019709922303
1095.375,512.125,1094.51953125,512.0039672851562,573703.3984375,-103743.474609375,573699.12109375,-103742.86944580078,1.6366893473856696,8.183446736928348
908.625,513.625,910.08984375,514.0197143554688,572769.6484375,-103750.974609375,572776.97265625,-103752.94818115234,0.9102440941380271,4.551220470690136
764.625,514.375,765.97265625,515.027587890625,572049.6484375,-103754.724609375,572056.38671875,-103757.98754882812,1.094247967206351,5.471239836031755
738.375,516.625,739.76953125,517.0433349609375,571918.3984375,-103765.974609375,571925.37109375,-103768.06628417969,0.8790006664352119,4.39500333217606
856.125,516.625,856.67578125,516.0354614257812,572507.1484375,-103765.974609375,572509.90234375,-103763.0269165039,0.5281699556440942,2.640849778220471
1012.875,518.875,1013.89453125,515.027587890625,573290.8984375,-103777.224609375,573295.99609375,-103757.98754882812,3.506968013289081,17.534840066445405
1048.875,518.875,1049.16796875,519.05908203125,573470.8984375,-103777.224609375,573472.36328125,-103778.14501953125,0.7524256109018069,3.7621280545090348
929.625,520.375,930.24609375,518.0512084960938,572874.6484375,-103784.724609375,572877.75390625,-103773.10565185547,1.9836606878400107,9.918303439200054
792.375,524.125,794.19140625,525.1063232421875,572188.3984375,-103803.474609375,572197.48046875,-103808.38122558594,1.5591277265614671,7.795638632807336
1039.125,524.125,1042.11328125,525.1063232421875,573422.1484375,-103803.474609375,573437.08984375,-103808.38122558594,2.4982039324534706,12.491019662267353
908.625,526.375,909.08203125,523.090576171875,572769.6484375,-103814.724609375,572771.93359375,-103798.30249023438,2.953716017585315,14.768580087926575
1217.625,527.125,1217.47265625,525.1063232421875,574314.6484375,-103818.474609375,574313.88671875,-103808.38122558594,1.9266293187143384,9.633146593571691
767.625,528.625,768.99609375,529.1378173828125,572064.6484375,-103825.974609375,572071.50390625,-103828.53869628906,0.96515279259876,4.8257639629938
1264.875,528.625,1264.83984375,527.1220703125,574550.8984375,-103825.974609375,574550.72265625,-103818.4599609375,1.4057021720820462,7.028510860410231
704.625,530.875,706.51171875,531.153564453125,571749.6484375,-103837.224609375,571759.08203125,-103838.61743164062,0.9725474807753014,4.8627374038765065
781.125,530.875,782.09765625,529.1378173828125,572132.1484375,-103837.224609375,572137.01171875,-103828.53869628906,1.3219663768502057,6.609831884251029
1179.375,535.375,1183.20703125,532.1614379882812,574123.3984375,-103859.724609375,574142.55859375,-103843.6567993164,4.237320132102141,21.186600660510706
1126.875,542.875,1126.76953125,542.2401733398438,573860.8984375,-103897.224609375,573860.37109375,-103894.05047607422,0.9862216523759532,4.931108261879766
670.125,547.375,672.24609375,545.2637939453125,571577.1484375,-103919.724609375,571587.75390625,-103909.16857910156,1.8105671525180846,9.052835762590423
1040.625,552.625,1042.11328125,550.3031616210938,573429.6484375,-103945.974609375,573437.08984375,-103934.36541748047,2.029487372921141,10.147436864605705
1021.125,554.875,1023.97265625,556.3504028320312,573332.1484375,-103957.224609375,573346.38671875,-103964.60162353516,2.625654049181494,13.12827024590747
1126.875,554.875,1126.76953125,554.3346557617188,573860.8984375,-103957.224609375,573860.37109375,-103954.5228881836,0.994972475871177,4.974862379355885
694.875,564.625,696.43359375,563.405517578125,571700.8984375,-104005.974609375,571708.69140625,-103999.87719726562,0.7582418616488064,3.791209308244032
1018.875,565.375,1018.93359375,565.4212646484375,573320.8984375,-104009.724609375,573321.19140625,-104009.95593261719,1.0497918145218001,5.248959072609001
661.875,569.875,665.19140625,567.43701171875,571535.8984375,-104032.224609375,571552.48046875,-104020.03466796875,2.714042986569047,13.570214932845236
672.375,572.875,674.26171875,569.4527587890625,571588.3984375,-104047.224609375,571597.83203125,-104030.11340332031,2.958885294178069,14.794426470890345
988.875,573.625,990.71484375,573.4842529296875,573170.8984375,-104050.974609375,573180.09765625,-104050.27087402344,0.8076549985944889,4.038274992972444
1000.875,575.125,1001.80078125,574.4921264648438,573230.8984375,-104058.474609375,573235.52734375,-104055.31024169922,0.2749426095350234,1.374713047675117
839.625,576.625,842.56640625,576.5078735351562,572424.6484375,-104065.974609375,572439.35546875,-104065.38897705078,1.7298087951894365,8.649043975947183
1018.875,577.375,1019.94140625,576.5078735351562,573320.8984375,-104069.724609375,573326.23046875,-104065.38897705078,0.4745415238694456,2.372707619347228
1057.875,580.375,1059.24609375,580.5393676757812,573515.8984375,-104084.724609375,573522.75390625,-104085.5464477539,0.6491880247196529,3.245940123598264
1204.875,587.125,1206.38671875,586.5866088867188,574250.8984375,-104118.474609375,574258.45703125,-104115.7826538086,0.6574035678501486,3.287017839250743
1194.375,588.625,1194.29296875,587.594482421875,574198.3984375,-104125.974609375,574197.98828125,-104120.82202148438,1.1979055582629825,5.989527791314913
607.125,596.875,610.76953125,597.6732177734375,571262.1484375,-104167.224609375,571280.37109375,-104171.21569824219,2.4826672288987677,12.413336144493838
970.125,600.625,972.57421875,600.6968383789062,573077.1484375,-104185.974609375,573089.39453125,-104186.33380126953,1.3660899084417404,6.830449542208702
1202.625,602.125,1203.36328125,600.6968383789062,574239.6484375,-104193.474609375,574243.33984375,-104186.33380126953,1.0911450587430098,5.455725293715049
1075.875,605.125,1076.37890625,602.7125854492188,573605.8984375,-104208.474609375,573608.41796875,-104196.4125366211,2.094279459412278,10.47139729706139
1111.125,606.625,1112.66015625,602.7125854492188,573782.1484375,-104215.974609375,573789.82421875,-104196.4125366211,3.557844882662724,17.78922441331362
1022.625,614.875,1022.96484375,613.7991943359375,573339.6484375,-104257.224609375,573341.34765625,-104251.84558105469,1.0520429631313468,5.2602148156567345
962.625,620.125,964.51171875,617.8306884765625,573039.6484375,-104283.474609375,573049.08203125,-104272.00305175781,1.9534685508103713,9.767342754051857
700.125,623.125,703.48828125,623.8779296875,571727.1484375,-104298.474609375,571743.96484375,-104302.2392578125,2.2354405477344943,11.177202738672472
703.875,624.625,708.52734375,624.8858032226562,571745.8984375,-104305.974609375,571769.16015625,-104307.27862548828,3.2148180329718166,16.074090164859083
1102.125,627.625,1103.58984375,627.909423828125,573737.1484375,-104320.974609375,573744.47265625,-104322.39672851562,0.7750767468859658,3.875383734429829
1027.875,632.875,1033.04296875,630.9330444335938,573365.8984375,-104347.224609375,573391.73828125,-104337.51483154297,4.228160901336807,21.140804506684034
958.125,647.125,961.48828125,646.0512084960938,573017.1484375,-104418.474609375,573033.96484375,-104413.10565185547,2.115160770963155,10.575803854815774
923.625,665.875,929.23828125,666.2086791992188,572844.6484375,-104512.224609375,572872.71484375,-104513.8930053711,4.265898221184972,21.32949110592486
1062.375,682.375,1064.28515625,681.3267822265625,573538.3984375,-104594.724609375,573547.94921875,-104589.48352050781,0.8168913935215121,4.084456967607561
1068.875,265.375,1067.33984375,265.0747985839844,573570.8984375,-102509.724609375,573563.22265625,-102508.22360229492,1.5831078658462379,7.915539329231189
1076.375,267.625,1077.41796875,268.0984191894531,573608.3984375,-102520.974609375,573613.61328125,-102523.34170532227,1.1609239585512956,5.804619792756478
1084.625,269.875,1082.45703125,270.1141662597656,573649.6484375,-102532.224609375,573638.80859375,-102533.42044067383,2.2265938192435866,11.132969096217932
1089.875,272.125,1087.49609375,271.1220397949219,573675.8984375,-102543.474609375,573664.00390625,-102538.45980834961,2.575804885068981,12.879024425344905
1075.625,275.875,1075.40234375,275.1535339355469,573604.6484375,-102562.224609375,573603.53515625,-102558.61727905273,0.6748342474996769,3.3741712374983845
1087.625,275.875,1086.48828125,276.1614074707031,573664.6484375,-102562.224609375,573658.96484375,-102563.65664672852,1.2475982795961384,6.237991397980692
1119.875,282.625,1120.75390625,282.2086486816406,573825.8984375,-102595.974609375,573830.29296875,-102593.8928527832,0.9018684106507258,4.509342053253629
1087.625,287.875,1087.49609375,288.25592041015625,573664.6484375,-102622.224609375,573664.00390625,-102624.12921142578,0.5406822681028131,2.7034113405140654
1152.125,287.875,1153.00390625,289.2637939453125,573987.1484375,-102622.224609375,573991.54296875,-102629.16857910156,1.7162597248535527,8.581298624267763
1075.625,288.625,1075.40234375,288.25592041015625,573604.6484375,-102625.974609375,573603.53515625,-102624.12921142578,0.40759794211780176,2.0379897105890086
1044.125,293.125,1044.16015625,293.2952880859375,573447.1484375,-102648.474609375,573447.32421875,-102649.32604980469,0.32492037014339076,1.6246018507169537
1057.625,293.125,1056.25390625,293.2952880859375,573514.6484375,-102648.474609375,573507.79296875,-102649.32604980469,1.5341660810527076,7.670830405263538
1150.625,296.125,1148.97265625,297.3267822265625,573979.6484375,-102663.474609375,573971.38671875,-102669.48352050781,2.1388682391311136,10.694341195655568
1182.125,296.875,1181.22265625,296.31890869140625,574137.1484375,-102667.224609375,574132.63671875,-102664.44415283203,1.0245351896287642,5.122675948143821
1112.375,297.625,1111.68359375,298.33465576171875,573788.3984375,-102670.974609375,573784.94140625,-102674.5228881836,1.1359448466763093,5.679724233381547
1056.875,305.125,1057.26171875,303.3740234375,573510.8984375,-102708.474609375,573512.83203125,-102699.7197265625,1.6244639280292148,8.122319640146074
1158.125,306.625,1159.05078125,306.39764404296875,574017.1484375,-102715.974609375,574021.77734375,-102714.83782958984,0.8665324989387084,4.332662494693542
1215.125,306.625,1216.49609375,306.39764404296875,574302.1484375,-102715.974609375,574309.00390625,-102714.83782958984,1.3717194997782023,6.858597498891012
1129.625,321.625,1129.82421875,319.5,573874.6484375,-102790.974609375,573875.64453125,-102780.349609375,1.9940925670526322,9.970462835263161
1277.375,323.875,1278.98046875,323.531494140625,574613.3984375,-102802.224609375,574621.42578125,-102800.50708007812,1.6331870417398437,8.165935208699219
1287.125,326.125,1289.05859375,326.55511474609375,574662.1484375,-102813.474609375,574671.81640625,-102815.62518310547,2.0111983249721934,10.055991624860967
1041.125,336.625,1041.13671875,336.63385009765625,573432.1484375,-102865.974609375,573432.20703125,-102866.01885986328,0.32916298109183617,1.6458149054591809
1053.875,336.625,1054.23828125,338.64959716796875,573495.8984375,-102865.974609375,573497.71484375,-102876.09759521484,2.196044681098684,10.980223405493419
1067.375,336.625,1067.33984375,334.61810302734375,573563.3984375,-102865.974609375,573563.22265625,-102855.94012451172,1.8648509652176792,9.324254826088396
1100.375,336.625,1100.59765625,336.63385009765625,573728.3984375,-102865.974609375,573729.51171875,-102866.01885986328,0.1632434743878191,0.8162173719390955
1117.625,339.625,1116.72265625,337.6417236328125,573814.6484375,-102880.974609375,573810.13671875,-102871.05822753906,2.144618603465924,10.723093017329619
1308.125,343.375,1309.21484375,342.68109130859375,574767.1484375,-102899.724609375,574772.59765625,-102896.25506591797,1.2271325530474793,6.135662765237396
1174.625,344.125,1174.16796875,345.7047119140625,574099.6484375,-102903.474609375,574097.36328125,-102911.37316894531,1.8259485123248842,9.129742561624422
1191.125,344.125,1192.30859375,344.69683837890625,574182.1484375,-102903.474609375,574188.06640625,-102906.33380126953,1.2518624924252868,6.259312462126434
1333.625,345.625,1334.41015625,344.69683837890625,574894.6484375,-102910.974609375,574898.57421875,-102906.33380126953,1.151366235525839,5.756831177629195
1159.625,348.625,1159.05078125,348.72833251953125,574024.6484375,-102925.974609375,574021.77734375,-102926.49127197266,0.8091117212775253,4.045558606387626
1106.375,349.375,1105.63671875,349.7362060546875,573758.3984375,-102929.724609375,573754.70703125,-102931.53063964844,1.1234870323501527,5.617435161750763
1370.375,349.375,1370.69140625,349.7362060546875,575078.3984375,-102929.724609375,575079.98046875,-102931.53063964844,0.5578880939488119,2.7894404697440596
1380.125,352.375,1381.77734375,352.7598571777344,575127.1484375,-102944.724609375,575135.41015625,-102946.64889526367,1.7439046123536808,8.719523061768404
1308.125,354.625,1308.20703125,355.7834777832031,574767.1484375,-102955.974609375,574767.55859375,-102961.76699829102,1.261287740099591,6.306438700497955
1319.375,354.625,1320.30078125,353.7677307128906,574823.3984375,-102955.974609375,574828.02734375,-102951.68826293945,1.1639448460576438,5.8197242302882195
1387.625,354.625,1386.81640625,353.7677307128906,575164.6484375,-102955.974609375,575160.60546875,-102951.68826293945,1.102309895206971,5.511549476034855
1042.625,355.375,1043.15234375,356.7913513183594,573439.6484375,-102959.724609375,573442.28515625,-102966.8063659668,1.6167186220895295,8.083593110447648
1136.375,361.375,1136.87890625,359.8149719238281,573908.3984375,-102989.724609375,573910.91796875,-102981.92446899414,1.4167479673231855,7.083739836615928
1149.875,362.875,1149.98046875,362.8385925292969,573975.8984375,-102997.224609375,573976.42578125,-102997.04257202148,0.19117631735718962,0.9558815867859481
1077.125,365.125,1078.42578125,366.8700866699219,573612.1484375,-103008.474609375,573618.65234375,-103017.20004272461,2.159989448459716,10.799947242298579
1101.125,366.625,1100.59765625,365.8622131347656,573732.1484375,-103015.974609375,573729.51171875,-103012.16067504883,1.0232102672295327,5.116051336147663
1452.875,373.375,1452.32421875,372.9173278808594,575490.8984375,-103049.724609375,575488.14453125,-103047.4362487793,0.63825635739981,3.19128178699905
1150.625,374.875,1150.98828125,374.9330749511719,573979.6484375,-103057.224609375,573981.46484375,-103057.51498413086,0.24223781094329858,1.211189054716493
1157.375,375.625,1157.03515625,374.9330749511719,574013.3984375,-103060.974609375,574011.69921875,-103057.51498413086,0.811426551892201,4.057132759461005
1404.875,379.375,1404.95703125,380.9803161621094,575250.8984375,-103079.724609375,575251.30859375,-103087.75119018555,1.6989445017162608,8.494722508581305
1416.875,379.375,1417.05078125,378.9645690917969,575310.8984375,-103079.724609375,575311.77734375,-103077.67245483398,0.3596165738393718,1.798082869196859
1371.125,382.375,1370.69140625,384.0039367675781,575082.1484375,-103094.724609375,575079.98046875,-103102.86929321289,1.807814790384324,9.03907395192162
1449.125,383.125,1450.30859375,381.9881896972656,575472.1484375,-103098.474609375,575478.06640625,-103092.79055786133,1.591759809144001,7.9587990457200055
1119.125,383.875,1118.73828125,384.0039367675781,573822.1484375,-103102.224609375,573820.21484375,-103102.86929321289,0.8009856645563288,4.004928322781644
1156.625,387.625,1157.03515625,387.0275573730469,574009.6484375,-103120.974609375,574011.69921875,-103117.98739624023,0.4262749299588753,2.1313746497943766
1454.375,389.125,1454.33984375,388.0354309082031,575498.3984375,-103128.474609375,575498.22265625,-103123.02676391602,1.0051581994198238,5.025790997099119
1243.625,389.875,1244.71484375,387.0275573730469,574444.6484375,-103132.224609375,574450.09765625,-103117.98739624023,2.825889304514373,14.129446522571865
1122.125,391.375,1123.77734375,392.0669250488281,573837.1484375,-103139.724609375,573845.41015625,-103143.18423461914,1.5610286962467073,7.805143481233536
1405.625,392.875,1405.96484375,393.0747985839844,575254.6484375,-103147.224609375,575256.34765625,-103148.22360229492,0.4075326159412707,2.0376630797063537
1417.625,392.875,1417.05078125,394.0826721191406,575314.6484375,-103147.224609375,575311.77734375,-103153.2629699707,1.4519454427668295,7.2597272138341475
1425.125,396.625,1426.12109375,397.1062927246094,575352.1484375,-103165.974609375,575357.12890625,-103168.38107299805,1.1031747954050177,5.515873977025088
1047.125,397.375,1047.18359375,398.1141662597656,573462.1484375,-103169.724609375,573462.44140625,-103173.42044067383,1.0473013953704535,5.236506976852268
1211.375,398.875,1211.45703125,398.1141662597656,574283.3984375,-103177.224609375,574283.80859375,-103173.42044067383,0.6254298210809027,3.1271491054045137
1222.625,398.875,1222.54296875,399.1220397949219,574339.6484375,-103177.224609375,574339.23828125,-103178.45980834961,0.5540264883902517,2.7701324419512585
1431.125,404.875,1432.16796875,403.1535339355469,575382.1484375,-103207.224609375,575387.36328125,-103198.61727905273,1.8809736170284777,9.404868085142388
1441.625,404.875,1444.26171875,405.1692810058594,575434.6484375,-103207.224609375,575447.83203125,-103208.6960144043,2.6001409121696133,13.000704560848067
1148.375,405.625,1150.98828125,406.1771545410156,573968.3984375,-103210.974609375,573981.46484375,-103213.73538208008,2.3525796180039076,11.762898090019538
1223.375,407.125,1223.55078125,407.1850280761719,574343.3984375,-103218.474609375,574344.27734375,-103218.77474975586,0.27091422371184704,1.3545711185592353
1107.125,408.625,1108.66015625,408.1929016113281,573762.1484375,-103225.974609375,573769.82421875,-103223.81411743164,1.118800991677892,5.59400495838946
1419.875,413.875,1420.07421875,414.2401428222656,575325.8984375,-103252.224609375,575326.89453125,-103254.05032348633,0.49008881630519296,2.4504440815259647
1226.375,419.875,1226.57421875,419.279541015625,574358.3984375,-103282.224609375,574359.39453125,-103279.24731445312,0.4339067271103627,2.1695336355518133
1236.875,419.875,1238.66796875,420.28741455078125,574410.8984375,-103282.224609375,574419.86328125,-103284.2866821289,1.5766344573101287,7.883172286550644
1629.875,422.875,1628.69140625,422.30316162109375,576375.8984375,-103297.224609375,576369.98046875,-103294.36541748047,1.2182971721446731,6.091485860723366
1419.875,425.875,1420.07421875,425.3267822265625,575325.8984375,-103312.224609375,575326.89453125,-103309.48352050781,0.42172149617336,2.1086074808668003
1432.625,425.875,1430.15234375,426.33465576171875,575389.6484375,-103312.224609375,575377.28515625,-103314.5228881836,2.6788928932062714,13.394464466031357
1096.625,431.875,1096.56640625,430.36614990234375,573709.6484375,-103342.224609375,573709.35546875,-103334.68035888672,1.3953677568982668,6.976838784491334
1236.875,431.875,1236.65234375,431.3740234375,574410.8984375,-103342.224609375,574409.78515625,-103339.7197265625,0.6678077323984417,3.3390386619922086
1422.875,434.875,1424.10546875,437.4212646484375,575340.8984375,-103357.224609375,575347.05078125,-103369.95593261719,2.880352508419219,14.401762542096094
1128.125,435.625,1128.81640625,435.405517578125,573867.1484375,-103360.974609375,573870.60546875,-103359.87719726562,0.19334255962481656,0.9667127981240828
1062.125,440.875,1063.30859375,439.43701171875,573537.1484375,-103387.224609375,573543.06640625,-103380.03466796875,1.3223904054393962,6.611952027196981
1694.375,440.875,1694.19921875,441.4527587890625,576698.3984375,-103387.224609375,576697.51953125,-103390.11340332031,0.6357318787852152,3.178659393926076
1698.125,441.625,1699.23828125,443.468505859375,576717.1484375,-103390.974609375,576722.71484375,-103400.19213867188,2.2474484703095037,11.237242351547518
1584.875,443.125,1587.37109375,443.468505859375,576150.8984375,-103398.474609375,576163.37890625,-103400.19213867188,2.5021683046564895,12.510841523282448
1093.625,443.875,1093.54296875,443.468505859375,573694.6484375,-103402.224609375,573694.23828125,-103400.19213867188,0.6615959623220167,3.3079798116100836
1469.375,443.875,1467.44140625,445.4842529296875,575573.3984375,-103402.224609375,575563.73046875,-103410.27087402344,2.719276871296054,13.596384356480272
1593.125,443.875,1592.41015625,442.46063232421875,576192.1484375,-103402.224609375,576188.57421875,-103395.1527709961,1.5187573641971777,7.593786820985889
1604.375,446.125,1605.51171875,443.468505859375,576248.3984375,-103413.474609375,576254.08203125,-103400.19213867188,2.8021031859176317,14.01051592958816
1129.625,446.875,1129.82421875,446.49212646484375,573874.6484375,-103417.224609375,573875.64453125,-103415.31024169922,0.3611390676293771,1.8056953381468854
1612.625,447.625,1612.56640625,447.5,576289.6484375,-103420.974609375,576289.35546875,-103420.349609375,0.08455416869653129,0.4227708434826565
1294.625,448.375,1295.10546875,448.50787353515625,574699.6484375,-103424.724609375,574702.05078125,-103425.38897705078,0.3442742905621068,1.721371452810534
1573.625,449.875,1574.26953125,450.52362060546875,576094.6484375,-103432.224609375,576097.87109375,-103435.46771240234,0.9467122305296426,4.733561152648213
1714.625,450.625,1714.35546875,453.5472412109375,576799.6484375,-103435.974609375,576798.30078125,-103450.58581542969,2.982493105235739,14.912465526178696
1110.125,453.625,1111.68359375,454.55511474609375,573777.1484375,-103450.974609375,573784.94140625,-103455.62518310547,1.5404281172835452,7.702140586417726
1119.875,453.625,1120.75390625,454.55511474609375,573825.8984375,-103450.974609375,573830.29296875,-103455.62518310547,1.2225916989129029,6.112958494564515
1320.125,455.125,1319.29296875,454.55511474609375,574827.1484375,-103458.474609375,574822.98828125,-103455.62518310547,1.2452259111574875,6.226129555787438
1697.375,457.375,1697.22265625,457.5787353515625,576713.3984375,-103469.724609375,576712.63671875,-103470.74328613281,0.29042854506334287,1.4521427253167143
1577.375,461.875,1575.27734375,461.6102294921875,576113.3984375,-103492.224609375,576102.91015625,-103490.90075683594,2.20099763101404,11.0049881550702
1260.875,463.375,1262.85546875,463.6259765625,574530.8984375,-103499.724609375,574540.80078125,-103500.9794921875,1.6071369580639427,8.035684790319713
1554.875,463.375,1555.12109375,463.6259765625,576000.8984375,-103499.724609375,576002.12890625,-103500.9794921875,0.387621511444663,1.938107557223315
1295.375,464.125,1295.10546875,464.63385009765625,574703.3984375,-103503.474609375,574702.05078125,-103506.01885986328,0.9822293768338514,4.9111468841692565
1219.625,467.125,1219.51953125,466.64959716796875,574324.6484375,-103518.474609375,574324.12109375,-103516.09759521484,0.6511317037648787,3.2556585188243936
1320.125,467.125,1319.29296875,466.64959716796875,574827.1484375,-103518.474609375,574822.98828125,-103516.09759521484,1.2532037480690843,6.266018740345421
1577.375,468.625,1576.28515625,470.68109130859375,576113.3984375,-103525.974609375,576107.94921875,-103536.25506591797,2.4848467330175477,12.424233665087739
1718.375,469.375,1719.39453125,469.6732177734375,576818.3984375,-103529.724609375,576823.49609375,-103531.21569824219,1.1123651427723176,5.561825713861587
1251.875,470.125,1254.79296875,471.68896484375,574485.8984375,-103533.474609375,574500.48828125,-103541.29443359375,3.0284930478840395,15.142465239420197
1264.625,473.875,1266.88671875,473.7047119140625,574549.6484375,-103552.224609375,574560.95703125,-103551.37316894531,1.7920607881382142,8.960303940691071
1542.875,474.625,1543.02734375,474.71258544921875,575940.8984375,-103555.974609375,575941.66015625,-103556.4125366211,0.2202547599149644,1.101273799574822
1554.125,474.625,1554.11328125,474.71258544921875,575997.1484375,-103555.974609375,575997.08984375,-103556.4125366211,0.27692251432635523,1.384612571631776
1089.875,476.875,1089.51171875,476.72833251953125,573675.8984375,-103567.224609375,573674.08203125,-103566.49127197266,1.0391299594404237,5.195649797202119
1102.625,476.875,1102.61328125,476.72833251953125,573739.6484375,-103567.224609375,573739.58984375,-103566.49127197266,0.6778035421645987,3.3890177108229933
1731.875,476.875,1731.48828125,476.72833251953125,576885.8984375,-103567.224609375,576883.96484375,-103566.49127197266,0.372791780368379,1.8639589018418952
1584.125,479.125,1584.34765625,479.7519836425781,576147.1484375,-103578.474609375,576148.26171875,-103581.60952758789,0.7531981647981272,3.765990823990636
1600.625,479.125,1600.47265625,481.7677307128906,576229.6484375,-103578.474609375,576228.88671875,-103591.68826293945,2.773470503687891,13.867352518439455
1488.125,480.625,1487.59765625,482.7756042480469,575667.1484375,-103585.974609375,575664.51171875,-103596.72763061523,2.4333288808011124,12.166644404005563
1263.125,481.375,1262.85546875,479.7519836425781,574542.1484375,-103589.724609375,574540.80078125,-103581.60952758789,1.5902711236342566,7.951355618171283
1119.125,482.875,1119.74609375,479.7519836425781,573822.1484375,-103597.224609375,573825.25390625,-103581.60952758789,2.8462706969095843,14.231353484547922
1776.125,485.875,1776.83984375,486.8070983886719,577107.1484375,-103612.224609375,577110.72265625,-103616.88510131836,1.2516321895848515,6.2581609479242575
1542.125,486.625,1541.01171875,486.8070983886719,575937.1484375,-103615.974609375,575931.58203125,-103616.88510131836,1.3646056995553086,6.823028497776543
1567.625,486.625,1568.22265625,486.8070983886719,576064.6484375,-103615.974609375,576067.63671875,-103616.88510131836,0.5199811016178284,2.599905508089142
1089.875,488.875,1089.51171875,488.8228454589844,573675.8984375,-103627.224609375,573674.08203125,-103626.96383666992,1.0940570944298427,5.470285472149214
1555.625,497.875,1555.12109375,495.8779602050781,576004.6484375,-103672.224609375,576002.12890625,-103662.23941040039,1.9904051426260212,9.952025713130105
1566.875,497.875,1568.22265625,498.9015808105469,576060.8984375,-103672.224609375,576067.63671875,-103677.35751342773,1.6252298217193268,8.126149108596634
1407.125,499.375,1408.98828125,498.9015808105469,575262.1484375,-103679.724609375,575271.46484375,-103677.35751342773,1.4925712299104752,7.462856149552376
1556.375,509.875,1556.12890625,509.9881896972656,576008.3984375,-103732.224609375,576007.16796875,-103732.79055786133,0.5820404995813907,2.9102024979069534
1475.375,510.625,1478.52734375,508.9803161621094,575603.3984375,-103735.974609375,575619.16015625,-103727.75119018555,3.1525021828263204,15.762510914131603
1095.125,511.375,1094.55078125,512.0039672851562,573702.1484375,-103739.724609375,573699.27734375,-103742.86944580078,1.6380992544240172,8.190496272120086
1578.875,511.375,1577.29296875,509.9881896972656,576120.8984375,-103739.724609375,576112.98828125,-103732.79055786133,2.208657682981879,11.043288414909396
1591.625,512.125,1592.41015625,513.0118408203125,576184.6484375,-103743.474609375,576188.57421875,-103747.90881347656,1.1712036010690925,5.8560180053454625
1652.375,512.125,1652.87890625,512.0039672851562,576488.3984375,-103743.474609375,576490.91796875,-103742.86944580078,0.3311967878399561,1.6559839391997806
1047.875,518.875,1049.19921875,520.0669555664062,573465.8984375,-103777.224609375,573472.51953125,-103783.18438720703,1.5982517183061735,7.991258591530867
1415.375,521.125,1418.05859375,522.0827026367188,575303.3984375,-103788.474609375,575316.81640625,-103793.2631225586,2.517999530713944,12.58999765356972
1566.875,521.875,1567.21484375,522.0827026367188,576060.8984375,-103792.224609375,576062.59765625,-103793.2631225586,0.37574869647208237,1.8787434823604119
1579.625,523.375,1579.30859375,522.0827026367188,576124.6484375,-103799.724609375,576123.06640625,-103793.2631225586,1.2802038675123513,6.401019337561756
1592.375,524.125,1592.41015625,525.1063232421875,576188.3984375,-103803.474609375,576188.57421875,-103808.38122558594,1.1651122015271982,5.825561007635991
1329.125,524.875,1331.38671875,524.0984497070312,574872.1484375,-103807.224609375,574883.45703125,-103803.34185791016,1.783677840588741,8.918389202943706
1217.375,527.125,1218.51171875,524.0984497070312,574313.3984375,-103818.474609375,574319.08203125,-103803.34185791016,2.77953035264029,13.89765176320145
1264.625,528.625,1264.87109375,527.1220703125,574549.6484375,-103825.974609375,574550.87890625,-103818.4599609375,1.2944651385557564,6.472325692778782
1366.625,533.125,1367.66796875,535.18505859375,575059.6484375,-103848.474609375,575064.86328125,-103858.77490234375,2.353977878127495,11.769889390637475
1580.375,539.125,1582.33203125,539.216552734375,576128.3984375,-103878.474609375,576138.18359375,-103878.93237304688,1.6454109065310374,8.227054532655186
1065.875,539.875,1066.33203125,540.2244262695312,573555.8984375,-103882.224609375,573558.18359375,-103883.97174072266,0.8166505719737382,4.083252859868692
1328.375,540.625,1327.35546875,541.2322998046875,574868.3984375,-103885.974609375,574863.30078125,-103889.01110839844,1.844392869700743,9.221964348503715
1340.375,540.625,1340.45703125,541.2322998046875,574928.3984375,-103885.974609375,574928.80859375,-103889.01110839844,1.004190957522201,5.020954787611005
1126.625,542.875,1126.80078125,542.2401733398438,573859.6484375,-103897.224609375,573860.52734375,-103894.05047607422,0.724545071380768,3.62272535690384
1445.375,548.125,1446.27734375,548.2874145507812,575453.3984375,-103923.474609375,575457.91015625,-103924.2866821289,0.5562259950193713,2.7811299750968566
1433.375,548.875,1434.18359375,548.2874145507812,575393.3984375,-103927.224609375,575397.44140625,-103924.2866821289,0.45665292201018626,2.2832646100509315
1621.625,549.625,1620.62890625,551.31103515625,576334.6484375,-103930.974609375,576329.66796875,-103939.40478515625,2.2778567948131423,11.389283974065712
1328.375,552.625,1328.36328125,552.3189086914062,574868.3984375,-103945.974609375,574868.33984375,-103944.44415283203,0.6582803302806404,3.291401651403202
1126.625,554.875,1126.80078125,554.3346557617188,573859.6484375,-103957.224609375,573860.52734375,-103954.5228881836,0.7221239533234254,3.610619766617127
1433.375,563.125,1433.17578125,563.405517578125,575393.3984375,-103998.474609375,575392.40234375,-103999.87719726562,0.9278911301968376,4.639455650984187
1143.125,563.875,1146.95703125,562.3976440429688,573942.1484375,-104002.224609375,573961.30859375,-103994.83782958984,3.1642899295209403,15.821449647604702
1030.625,576.625,1034.08203125,576.5078735351562,573379.6484375,-104065.974609375,573396.93359375,-104065.38897705078,2.4330206713024958,12.165103356512478
1410.125,584.125,1409.99609375,585.5787353515625,575277.1484375,-104103.474609375,575276.50390625,-104110.74328613281,1.8948094861196563,9.474047430598281
1422.125,584.125,1422.08984375,582.5551147460938,575337.1484375,-104103.474609375,575336.97265625,-104095.62518310547,1.4683271228721224,7.341635614360612
1034.375,594.625,1037.10546875,593.6417236328125,573398.3984375,-104155.974609375,573412.05078125,-104151.05822753906,1.7393511711190872,8.696755855595436
1410.125,596.125,1408.98828125,594.6495971679688,575277.1484375,-104163.474609375,575271.46484375,-104156.09759521484,2.184183929337517,10.920919646687587
1076.375,605.125,1076.41015625,602.7125854492188,573608.3984375,-104208.474609375,573608.57421875,-104196.4125366211,2.268085357610872,11.34042678805436
1149.125,613.375,1151.99609375,613.7991943359375,573972.1484375,-104249.724609375,573986.50390625,-104251.84558105469,2.0137707854298283,10.068853927149142
1030.625,614.875,1031.05859375,614.8070678710938,573379.6484375,-104257.224609375,573381.81640625,-104256.88494873047,0.8057835840445878,4.0289179202229395
1484.375,620.875,1487.59765625,617.8306884765625,575648.3984375,-104287.224609375,575664.51171875,-104272.00305175781,3.7500636874847384,18.750318437423694
1401.125,626.125,1404.95703125,626.9015502929688,575232.1484375,-104313.474609375,575251.30859375,-104317.35736083984,3.2260221205167308,16.130110602583652
1458.875,641.125,1458.37109375,641.0118408203125,575520.8984375,-104388.474609375,575518.37890625,-104387.90881347656,1.2975517515227915,6.487758757613957
1670.875,434.125,1672.05859375,434.39764404296875,576580.8984375,-103353.474609375,576586.81640625,-103354.83782958984,1.313207430770439,6.5660371538521956
1619.125,440.125,1618.64453125,437.4212646484375,576322.1484375,-103383.474609375,576319.74609375,-103369.95593261719,2.668410490880682,13.34205245440341
1694.875,440.875,1696.24609375,441.4527587890625,576700.8984375,-103387.224609375,576707.75390625,-103390.11340332031,1.594061720213167,7.9703086010658355
1584.625,443.875,1586.39453125,443.468505859375,576149.6484375,-103402.224609375,576158.49609375,-103400.19213867188,1.7636120391830006,8.818060195915002
1594.375,443.875,1591.43359375,443.468505859375,576198.3984375,-103402.224609375,576183.69140625,-103400.19213867188,2.98241467875493,14.91207339377465
1598.125,443.875,1596.47265625,443.468505859375,576217.1484375,-103402.224609375,576208.88671875,-103400.19213867188,1.702584994923638,8.51292497461819
1573.375,449.875,1573.29296875,450.52362060546875,576093.3984375,-103432.224609375,576092.98828125,-103435.46771240234,0.7627887203476771,3.8139436017383854
1714.375,450.625,1715.39453125,452.53936767578125,576798.3984375,-103435.974609375,576803.49609375,-103445.5464477539,2.2570519689159103,11.285259844579551
1697.875,457.375,1698.26171875,457.5787353515625,576715.8984375,-103469.724609375,576717.83203125,-103470.74328613281,0.5092768465159678,2.546384232579839
1576.375,461.875,1575.30859375,461.6102294921875,576108.3984375,-103492.224609375,576103.06640625,-103490.90075683594,1.1756160212825253,5.878080106412627
1543.375,463.375,1544.06640625,462.61810302734375,575943.3984375,-103499.724609375,575946.85546875,-103495.94012451172,0.8419805642292942,4.209902821146471
1554.625,463.375,1555.15234375,463.6259765625,575999.6484375,-103499.724609375,576002.28515625,-103500.9794921875,0.5444363801085382,2.722181900542691
1577.125,469.375,1576.31640625,470.68109130859375,576112.1484375,-103529.724609375,576108.10546875,-103536.25506591797,1.6989560842663294,8.494780421331647
1542.625,474.625,1543.05859375,474.71258544921875,575939.6484375,-103555.974609375,575941.81640625,-103556.4125366211,0.33937888540002265,1.6968944270001132
1553.875,475.375,1554.14453125,474.71258544921875,575995.8984375,-103559.724609375,575997.24609375,-103556.4125366211,0.5439442197013192,2.719721098506596
1718.875,477.625,1720.43359375,479.7519836425781,576820.8984375,-103570.974609375,576828.69140625,-103581.60952758789,2.702301545086208,13.51150772543104
1584.625,479.125,1584.37890625,479.7519836425781,576149.6484375,-103578.474609375,576148.41796875,-103581.60952758789,0.8441429404624696,4.220714702312348
1834.375,479.125,1836.33203125,479.7519836425781,577398.3984375,-103578.474609375,577408.18359375,-103581.60952758789,2.1859146220072834,10.929573110036417
1826.875,479.875,1826.25390625,481.7677307128906,577360.8984375,-103582.224609375,577357.79296875,-103591.68826293945,2.0016357211645603,10.008178605822803
1732.375,482.125,1730.51171875,483.7834777832031,576888.3984375,-103593.474609375,576879.08203125,-103601.76699829102,2.541677039504472,12.708385197522361
1814.125,482.125,1814.16015625,483.7834777832031,577297.1484375,-103593.474609375,577297.32421875,-103601.76699829102,1.7130826784293671,8.565413392146835
1802.125,482.875,1801.05859375,484.7913513183594,577237.1484375,-103597.224609375,577231.81640625,-103606.8063659668,2.2045439238286537,11.022719619143269
1751.125,484.375,1749.66015625,484.7913513183594,576982.1484375,-103604.724609375,576974.82421875,-103606.8063659668,1.5262361699770342,7.631180849885171
1775.875,486.625,1776.87109375,486.8070983886719,577105.8984375,-103615.974609375,577110.87890625,-103616.88510131836,1.063997925813304,5.31998962906652
1795.375,486.625,1794.00390625,486.8070983886719,577203.3984375,-103615.974609375,577196.54296875,-103616.88510131836,1.3337766383615222,6.668883191807611
1835.875,488.875,1833.30859375,490.8385925292969,577405.8984375,-103627.224609375,577393.06640625,-103637.04257202148,3.186263656524546,15.93131828262273
1866.625,488.875,1865.55859375,487.8149719238281,577559.6484375,-103627.224609375,577554.31640625,-103621.92446899414,1.3864450542062456,6.932225271031228
1891.375,495.625,1890.75390625,494.8700866699219,577683.3984375,-103660.974609375,577680.29296875,-103657.20004272461,0.8676771866373195,4.338385933186598
1556.125,497.875,1556.16015625,496.8858337402344,576007.1484375,-103672.224609375,576007.32421875,-103667.27877807617,0.8641653217456804,4.320826608728402
1566.625,497.875,1568.25390625,498.9015808105469,576059.6484375,-103672.224609375,576067.79296875,-103677.35751342773,1.8313850442447233,9.156925221223617
1924.375,504.625,1924.01171875,506.9645690917969,577848.3984375,-103705.974609375,577846.58203125,-103717.67245483398,2.383481035885994,11.91740517942997
1556.125,509.875,1556.16015625,509.9881896972656,576007.1484375,-103732.224609375,576007.32421875,-103732.79055786133,0.3583413194824091,1.7917065974120456
1575.625,509.875,1577.32421875,509.9881896972656,576104.6484375,-103732.224609375,576113.14453125,-103732.79055786133,1.4750726751172982,7.375363375586491
1592.125,512.125,1592.44140625,513.0118408203125,576187.1484375,-103743.474609375,576188.73046875,-103747.90881347656,1.0383622712766594,5.191811356383297
1567.375,513.625,1567.24609375,514.0197143554688,576063.3984375,-103750.974609375,576062.75390625,-103752.94818115234,0.6807359699558552,3.4036798497792757
1907.875,513.625,1907.88671875,514.0197143554688,577765.8984375,-103750.974609375,577765.95703125,-103752.94818115234,0.45472959213794345,2.273647960689717
1915.375,515.125,1912.92578125,515.027587890625,577803.3984375,-103758.474609375,577791.15234375,-103757.98754882812,2.349778954067993,11.748894770339966
1923.625,515.125,1924.01171875,515.027587890625,577844.6484375,-103758.474609375,577846.58203125,-103757.98754882812,0.49854015072417,2.4927007536208503
1975.375,518.875,1975.41015625,519.05908203125,578103.3984375,-103777.224609375,578103.57421875,-103778.14501953125,0.2845172474097495,1.4225862370487474
1945.375,519.625,1944.16796875,519.05908203125,577953.3984375,-103780.974609375,577947.36328125,-103778.14501953125,1.2091394025653919,6.04569701282696
1567.375,522.625,1567.24609375,522.0827026367188,576063.3984375,-103795.974609375,576062.75390625,-103793.2631225586,0.568033786730297,2.8401689336514853
1580.125,523.375,1579.33984375,522.0827026367188,576127.1484375,-103799.724609375,576123.22265625,-103793.2631225586,1.5563657844563388,7.781828922281694
1958.875,523.375,1957.26953125,523.090576171875,578020.8984375,-103799.724609375,578012.87109375,-103798.30249023438,1.5044932359484144,7.522466179742072
1991.125,523.375,1989.51953125,523.090576171875,578182.1484375,-103799.724609375,578174.12109375,-103798.30249023438,1.4721689772273334,7.360844886136667
1592.125,524.125,1592.44140625,524.0984497070312,576187.1484375,-103803.474609375,576188.73046875,-103803.34185791016,0.13897585240007798,0.6948792620003899
1974.625,524.875,1975.41015625,524.0984497070312,578099.6484375,-103807.224609375,578103.57421875,-103803.34185791016,1.1804852716128458,5.902426358064229
1997.125,524.875,1996.57421875,525.1063232421875,578212.1484375,-103807.224609375,578209.39453125,-103808.38122558594,0.47090736642369885,2.354536832118494
1947.625,533.125,1948.19921875,533.1693115234375,577964.6484375,-103848.474609375,577967.51953125,-103848.69616699219,0.6600805714974654,3.3004028574873265
1958.125,533.125,1960.29296875,534.1771850585938,578017.1484375,-103848.474609375,578027.98828125,-103853.73553466797,2.511777415863325,12.558887079316625
2025.625,533.875,2024.79296875,533.1693115234375,578354.6484375,-103852.224609375,578350.48828125,-103848.69616699219,0.9553791987517497,4.776895993758749
2037.625,536.875,2035.87890625,536.1929321289062,578414.6484375,-103867.224609375,578405.91796875,-103863.81427001953,1.7132081461680695,8.566040730840347
2051.125,540.625,2050.99609375,540.2244262695312,578482.1484375,-103885.974609375,578481.50390625,-103883.97174072266,0.3784791970973762,1.892395985486881
1947.625,545.125,1948.19921875,545.2637939453125,577964.6484375,-103908.474609375,577967.51953125,-103909.16857910156,0.6478304764749996,3.239152382374998
1959.625,545.125,1959.28515625,545.2637939453125,578024.6484375,-103908.474609375,578022.94921875,-103909.16857910156,0.3463439486946763,1.7317197434733813
2072.125,545.875,2069.13671875,545.2637939453125,578587.1484375,-103912.224609375,578572.20703125,-103909.16857910156,2.8762980885580522,14.38149044279026
2025.625,548.875,2023.78515625,550.3031616210938,578354.6484375,-103927.224609375,578345.44921875,-103934.36541748047,2.2656504116068135,11.328252058034067
2052.625,556.375,2055.02734375,557.3582763671875,578489.6484375,-103964.724609375,578501.66015625,-103969.64099121094,2.7206773735423964,13.603386867711983
2039.875,561.625,2039.91015625,561.3897705078125,578425.8984375,-103990.974609375,578426.07421875,-103989.79846191406,0.22661358895121061,1.133067944756053
2243.875,593.875,2243.48828125,593.6417236328125,579445.8984375,-104152.224609375,579443.96484375,-104151.05822753906,0.28705813829606786,1.4352906914803394
2266.375,600.625,2266.66796875,600.6968383789062,579558.3984375,-104185.974609375,579559.86328125,-104186.33380126953,0.5110703200212635,2.5553516001063175
2189.875,611.875,2190.07421875,611.783447265625,579175.8984375,-104242.224609375,579176.89453125,-104241.76684570312,0.2986483819596635,1.4932419097983174
1943.875,613.375,1946.18359375,612.7913208007812,577945.8984375,-104249.724609375,577957.44140625,-104246.8062133789,2.184438734282794,10.922193671413968
1962.625,632.125,1963.31640625,631.94091796875,578039.6484375,-104343.474609375,578043.10546875,-104342.55419921875,0.4829047203922479,2.4145236019612395
1968.625,632.875,1968.35546875,632.9487915039062,578069.6484375,-104347.224609375,578068.30078125,-104347.59356689453,0.5191365297757364,2.5956826488786824
2103.375,569.125,2103.43359375,569.4527587890625,578743.3984375,-104028.474609375,578743.69140625,-104030.11340332031,0.40839767740412597,2.0419883870206297
2244.375,593.875,2243.51953125,593.6417236328125,579448.3984375,-104152.224609375,579444.12109375,-104151.05822753906,0.6843391673086993,3.4216958365434964
2266.125,600.625,2265.69140625,600.6968383789062,579557.1484375,-104185.974609375,579554.98046875,-104186.33380126953,0.2353125877513528,1.176562938756764
2275.875,602.875,2275.76953125,602.7125854492188,579605.8984375,-104197.224609375,579605.37109375,-104196.4125366211,0.19151588479252263,0.9575794239626132
2219.625,603.625,2220.33984375,605.7362060546875,579324.6484375,-104200.974609375,579328.22265625,-104211.53063964844,2.3051504018713653,11.525752009356827
2286.375,605.875,2284.83984375,605.7362060546875,579658.3984375,-104212.224609375,579650.72265625,-104211.53063964844,1.3247011473006003,6.6235057365030015
2248.875,608.875,2248.55859375,608.7598266601562,579470.8984375,-104227.224609375,579469.31640625,-104226.64874267578,0.17673251360595557,0.8836625680297778
2190.375,611.875,2190.10546875,611.783447265625,579178.3984375,-104242.224609375,579177.05078125,-104241.76684570312,0.1809213342642743,0.9046066713213716
2308.125,611.875,2308.01953125,611.783447265625,579767.1484375,-104242.224609375,579766.62109375,-104241.76684570312,0.14643711172386134,0.7321855586193067
2167.875,613.375,2167.93359375,612.7913208007812,579065.8984375,-104249.724609375,579066.19140625,-104246.8062133789,0.548308887738406,2.74154443869203
2213.625,614.125,2213.28515625,613.7991943359375,579294.6484375,-104253.474609375,579292.94921875,-104251.84558105469,0.36783685387398024,1.8391842693699012
2319.375,615.625,2319.10546875,615.81494140625,579823.3984375,-104260.974609375,579822.05078125,-104261.92431640625,0.19814680461549836,0.9907340230774918
2176.875,620.875,2177.00390625,620.8543090820312,579110.8984375,-104287.224609375,579111.54296875,-104287.12115478516,0.18527081283364955,0.9263540641682477
2224.125,625.375,2224.37109375,624.8858032226562,579347.1484375,-104309.724609375,579348.37890625,-104307.27862548828,0.5593915311501135,2.7969576557505675
2321.625,626.875,2322.12890625,626.9015502929688,579834.6484375,-104317.224609375,579837.16796875,-104317.35736083984,0.6950759417065998,3.475379708532999
2333.625,627.625,2334.22265625,626.9015502929688,579894.6484375,-104320.974609375,579897.63671875,-104317.35736083984,1.071699017828433,5.358495089142164
2212.125,635.875,2211.26953125,636.9802856445312,579287.1484375,-104362.224609375,579282.87109375,-104367.75103759766,1.4156671481867389,7.078335740933694
2235.375,637.375,2236.46484375,635.972412109375,579403.3984375,-104369.724609375,579408.84765625,-104362.71166992188,1.7793328491337712,8.896664245668855
2322.375,638.875,2322.12890625,638.9960327148438,579838.3984375,-104377.224609375,579837.16796875,-104377.82977294922,0.17023627127966123,0.8511813563983062
2334.375,638.875,2334.22265625,637.9881591796875,579898.3984375,-104377.224609375,579897.63671875,-104372.79040527344,0.868852233219476,4.34426116609738
2314.875,647.125,2313.05859375,645.0433349609375,579800.8984375,-104418.474609375,579791.81640625,-104408.06628417969,2.6606830536315536,13.303415268157767
2394.375,760.375,2393.68359375,759.94091796875,580198.3984375,-104984.724609375,580194.94140625,-104982.55419921875,0.8984215595561318,4.492107797780659
2414.625,761.125,2415.85546875,761.9566650390625,580299.6484375,-104988.474609375,580305.80078125,-104992.63293457031,1.4451141455775836,7.225570727887918
428.875,541.875,431.0,541.0,570370.8984375,-103892.224609375,570381.5234375,-103887.849609375,0.6350972183380519,3.175486091690259
422.125,543.375,426.0,544.0,570337.1484375,-103899.724609375,570356.5234375,-103902.849609375,2.5736607418307447,12.868303709153723
425.875,545.625,431.0,546.0,570355.8984375,-103910.974609375,570381.5234375,-103912.849609375,3.6542090556597224,18.27104527829861
750.375,517.875,751.0,518.0,571978.3984375,-103772.224609375,571981.5234375,-103772.849609375,0.7680180864987222,3.8400904324936107
976.125,517.875,976.0,517.0,573107.1484375,-103772.224609375,573106.5234375,-103767.849609375,1.1638720033357306,5.819360016678653
781.125,530.625,782.0,529.0,572132.1484375,-103835.974609375,572136.5234375,-103827.849609375,1.2304379040204223,6.1521895201021115
1035.375,594.375,1037.0,595.0,573403.3984375,-104154.724609375,573411.5234375,-104157.849609375,1.1587587026171882,5.793793513085941
2103.375,569.625,2103.43359375,569.4527587890625,578743.3984375,-104030.974609375,578743.69140625,-104030.11340332031,0.23723051398211073,1.1861525699105537
2130.375,592.875,2130.64453125,593.6417236328125,578878.3984375,-104147.224609375,578879.74609375,-104151.05822753906,0.8870418688626127,4.435209344313064
2244.375,593.625,2242.51171875,593.6417236328125,579448.3984375,-104150.974609375,579439.08203125,-104151.05822753906,1.6533641859236534,8.266820929618268
2190.375,611.625,2190.10546875,611.783447265625,579178.3984375,-104240.974609375,579177.05078125,-104241.76684570312,0.2640896262279321,1.3204481311396603
2167.875,613.125,2167.93359375,612.7913208007812,579065.8984375,-104248.474609375,579066.19140625,-104246.8062133789,0.3107927102254322,1.553963551127161
2322.375,627.375,2322.12890625,626.901611328125,579838.3984375,-104319.724609375,579837.16796875,-104317.35766601562,0.4649600814513741,2.32480040725687
2235.375,637.125,2236.46484375,636.9803466796875,579403.3984375,-104368.474609375,579408.84765625,-104367.75134277344,1.1597138982432698,5.798569491216349
2322.375,638.625,2322.12890625,638.99609375,579838.3984375,-104375.974609375,579837.16796875,-104377.830078125,0.4034087852475892,2.017043926237946
2334.375,638.625,2334.22265625,637.9881591796875,579898.3984375,-104375.974609375,579897.63671875,-104372.79040527344,0.6191382500905859,3.0956912504529295
2315.625,647.625,2313.05859375,646.0511474609375,579804.6484375,-104420.974609375,579791.81640625,-104413.10534667969,2.89221369936156,14.461068496807801
2393.625,760.125,2393.68359375,759.94091796875,580194.6484375,-104983.474609375,580194.94140625,-104982.55419921875,0.1166580964441035,0.5832904822205175
2415.375,761.625,2416.86328125,761.9566650390625,580303.3984375,-104990.974609375,580310.83984375,-104992.63293457031,1.4288578469000401,7.144289234500201
2392.875,775.875,2391.66796875,776.06689453125,580190.8984375,-105062.224609375,580184.86328125,-105063.18408203125,1.4355214993990957,7.177607496995479
2393.625,779.625,2392.67578125,781.1063232421875,580194.6484375,-105080.974609375,580189.90234375,-105088.38122558594,1.9761193667394734,9.880596833697368
2414.625,781.125,2413.83984375,781.1063232421875,580299.6484375,-105088.474609375,580295.72265625,-105088.38122558594,0.9773284823669862,4.886642411834931
2398.125,781.875,2397.71484375,782.1141357421875,580217.1484375,-105092.224609375,580215.09765625,-105093.42028808594,0.7158148799618194,3.579074399809097
2394.375,829.125,2394.69140625,827.468505859375,580198.3984375,-105328.474609375,580199.98046875,-105320.19213867188,1.491140134980448,7.45570067490224
2406.375,829.125,2406.78515625,829.4842529296875,580258.3984375,-105328.474609375,580260.44921875,-105330.27087402344,0.5253764919355634,2.626882459677817
2406.375,842.625,2407.79296875,842.5866088867188,580258.3984375,-105395.974609375,580265.48828125,-105395.7826538086,1.0405646807542346,5.202823403771173
2405.625,961.875,2404.76953125,961.5157470703125,580254.6484375,-105992.224609375,580250.37109375,-105990.42834472656,1.6133526397183278,8.066763198591639
2421.375,963.375,2421.90234375,962.5236206054688,580333.3984375,-105999.724609375,580336.03515625,-105995.46771240234,0.6154208937098866,3.0771044685494333
2421.375,974.625,2420.89453125,974.6181030273438,580333.3984375,-106055.974609375,580330.99609375,-106055.94012451172,1.2892744773421339,6.446372386710669
2413.125,975.375,2412.83203125,975.6259765625,580292.1484375,-106059.724609375,580290.68359375,-106060.9794921875,1.2095227206052221,6.047613603026111
2505.375,1084.125,2505.55078125,1083.468505859375,580753.3984375,-106603.474609375,580754.27734375,-106600.19213867188,0.9033451862197047,4.516725931098524
2490.375,1084.875,2490.43359375,1084.476318359375,580678.3984375,-106607.224609375,580678.69140625,-106605.23120117188,0.9875857268156548,4.937928634078274
3165.125,856.125,3164.69140625,855.68896484375,584052.1484375,-105463.474609375,584049.98046875,-105461.29443359375,0.4998544018018254,2.499272009009127
3193.625,863.625,3189.88671875,862.7440795898438,584194.6484375,-105500.974609375,584175.95703125,-105496.57000732422,3.476066483304588,17.38033241652294
3198.125,865.125,3194.92578125,863.751953125,584217.1484375,-105508.474609375,584201.15234375,-105501.609375,3.1526177911373305,15.763088955686653
3201.875,865.875,3200.97265625,865.7677001953125,584235.8984375,-105512.224609375,584231.38671875,-105511.68811035156,0.535720625716873,2.678603128584365
3105.875,867.375,3106.23828125,868.7913818359375,583755.8984375,-105519.724609375,583757.71484375,-105526.80651855469,1.5294054978749567,7.647027489374784
3125.375,877.125,3126.39453125,876.8543701171875,583853.3984375,-105568.474609375,583858.49609375,-105567.12145996094,1.3321365874711804,6.660682937355902
3196.625,877.875,3196.94140625,876.8543701171875,584209.6484375,-105572.224609375,584211.23046875,-105567.12145996094,1.2645738632632844,6.322869316316422
3171.125,880.875,3170.73828125,882.901611328125,584082.1484375,-105587.224609375,584080.21484375,-105597.35766601562,1.986170011669713,9.930850058348565
3267.125,884.625,3263.45703125,883.909423828125,584562.1484375,-105605.974609375,584543.80859375,-105602.39672851562,3.3541316376136856,16.770658188068428
3276.875,887.625,3275.55078125,886.93310546875,584610.8984375,-105620.974609375,584604.27734375,-105617.51513671875,1.1915831160833317,5.957915580416659
3005.375,888.375,3006.46484375,886.93310546875,583253.3984375,-105624.724609375,583258.84765625,-105617.51513671875,1.8643637887224747,9.321818943612373
3120.875,888.375,3121.35546875,887.94091796875,583830.8984375,-105624.724609375,583833.30078125,-105622.55419921875,0.8497636779820094,4.2488183899100465
3132.875,888.375,3131.43359375,887.94091796875,583890.8984375,-105624.724609375,583883.69140625,-105622.55419921875,1.2745818404801197,6.372909202400598
3063.125,889.125,3062.90234375,888.9488525390625,583542.1484375,-105628.474609375,583541.03515625,-105627.59387207031,0.18193725081172868,0.9096862540586435
3075.125,889.125,3074.99609375,888.9488525390625,583602.1484375,-105628.474609375,583601.50390625,-105627.59387207031,0.1885531111537354,0.942765555768677
3237.875,898.875,3237.25390625,899.027587890625,584415.8984375,-105677.224609375,584412.79296875,-105677.98754882812,0.30792106725363166,1.5396053362681583
3063.125,900.375,3062.90234375,901.0433349609375,583542.1484375,-105684.724609375,583541.03515625,-105688.06628417969,0.6840446204748251,3.420223102374125
3075.125,900.375,3074.99609375,901.0433349609375,583602.1484375,-105684.724609375,583601.50390625,-105688.06628417969,0.6754743679119248,3.377371839559624
3120.875,903.375,3121.35546875,904.0669555664062,583830.8984375,-105699.724609375,583833.30078125,-105703.18438720703,0.9610681595028187,4.805340797514093
3134.375,903.375,3135.46484375,903.05908203125,583898.3984375,-105699.724609375,583903.84765625,-105698.14501953125,1.3368488877728917,6.684244438864458
3144.875,904.125,3144.53515625,905.0748291015625,583950.8984375,-105703.474609375,583949.19921875,-105708.22375488281,0.9453227324680215,4.726613662340108
3156.875,904.125,3156.62890625,905.0748291015625,584010.8984375,-105703.474609375,584009.66796875,-105708.22375488281,0.9333807564265956,4.6669037821329775
3213.125,908.625,3213.06640625,909.1063232421875,584292.1484375,-105725.974609375,584291.85546875,-105728.38122558594,0.4995944846413257,2.4979724232066287
3318.875,910.125,3317.87890625,910.1141967773438,584820.8984375,-105733.474609375,584815.91796875,-105733.42059326172,0.6169652587525721,3.0848262937628608
3237.875,910.875,3238.26171875,911.1220703125,584415.8984375,-105737.224609375,584417.83203125,-105738.4599609375,0.7128494210370203,3.5642471051851015
3059.375,911.625,3060.88671875,911.1220703125,583523.3984375,-105740.974609375,583530.95703125,-105738.4599609375,1.6827044768618826,8.413522384309413
3157.625,916.125,3157.63671875,915.153564453125,584014.6484375,-105763.474609375,584014.70703125,-105758.61743164062,0.9987734121492395,4.993867060746197
3240.875,920.625,3240.27734375,921.2008056640625,584430.8984375,-105785.974609375,584427.91015625,-105788.85363769531,0.6383098107728197,3.1915490538640983
3274.625,920.625,3272.52734375,919.18505859375,584599.6484375,-105785.974609375,584589.16015625,-105778.77490234375,2.325875625717539,11.629378128587696
3252.875,921.375,3252.37109375,921.2008056640625,584490.8984375,-105789.724609375,584488.37890625,-105788.85363769531,0.3062670681756743,1.5313353408783714
2982.875,922.875,2985.30078125,921.2008056640625,583140.8984375,-105797.224609375,583153.02734375,-105788.85363769531,2.9022575525236434,14.511287762618217
2636.375,925.125,2637.60546875,925.2322998046875,581408.3984375,-105808.474609375,581414.55078125,-105809.01110839844,0.8810155511936716,4.405077755968358
3169.625,925.125,3169.73046875,925.2322998046875,584074.6484375,-105808.474609375,584075.17578125,-105809.01110839844,0.3015622845291113,1.5078114226455566
3210.125,925.875,3209.03515625,926.2401733398438,584277.1484375,-105812.224609375,584271.69921875,-105814.05047607422,0.9392831106054026,4.696415553027013
2941.625,931.125,2942.97265625,929.2637939453125,582934.6484375,-105838.474609375,582941.38671875,-105829.16857910156,2.1850459030833216,10.925229515416607
3240.875,932.625,3241.28515625,932.2874145507812,584430.8984375,-105845.974609375,584432.94921875,-105844.2866821289,0.7331218255424344,3.6656091277121723
3252.875,932.625,3253.37890625,931.279541015625,584490.8984375,-105845.974609375,584493.41796875,-105839.24731445312,1.5590249389997246,7.7951246949986235
3321.125,933.375,3318.88671875,935.31103515625,584832.1484375,-105849.724609375,584820.95703125,-105859.40478515625,2.698205734880383,13.491028674401914
3121.625,935.625,3121.35546875,934.3031616210938,583834.6484375,-105860.974609375,583833.30078125,-105854.36541748047,1.3111557320556575,6.555778660278287
3271.625,941.625,3272.52734375,942.3661499023438,584584.6484375,-105890.974609375,584589.16015625,-105894.68035888672,1.346655556952558,6.73327778476279
3241.625,943.125,3241.28515625,942.3661499023438,584434.6484375,-105898.474609375,584432.94921875,-105894.68035888672,0.7816123605659209,3.9080618028296046
3252.875,943.125,3253.37890625,943.3740234375,584490.8984375,-105898.474609375,584493.41796875,-105899.7197265625,0.7525246957981323,3.7626234789906614
3281.375,943.125,3280.58984375,943.3740234375,584633.3984375,-105898.474609375,584629.47265625,-105899.7197265625,0.5888962450388041,2.9444812251940204
3258.875,951.375,3259.42578125,952.4448852539062,584520.8984375,-105939.724609375,584523.65234375,-105945.07403564453,1.2955125949372908,6.477562974686454
3276.125,954.375,3275.55078125,954.4606323242188,584607.1484375,-105954.724609375,584604.27734375,-105955.1527709961,0.38056811369625115,1.9028405684812557
3235.625,955.875,3235.23828125,954.4606323242188,584404.6484375,-105962.224609375,584402.71484375,-105955.1527709961,1.4303618183892008,7.151809091946005
3255.125,959.625,3252.37109375,959.5,584502.1484375,-105980.974609375,584488.37890625,-105980.349609375,2.5946857031895547,12.973428515947774
3228.125,964.875,3229.19140625,965.5472412109375,584367.1484375,-106007.224609375,584372.48046875,-106010.58581542969,1.3678092964712472,6.839046482356236
3140.375,965.625,3140.50390625,965.5472412109375,583928.3984375,-106010.974609375,583929.04296875,-106010.58581542969,0.15351341564079585,0.7675670782039792
3298.625,972.375,3299.73828125,972.6023559570312,584719.6484375,-106044.724609375,584725.21484375,-106045.86138916016,1.302240755237225,6.511203776186125
3129.875,977.625,3129.41796875,977.6417236328125,583875.8984375,-106070.974609375,583873.61328125,-106071.05822753906,0.49036828882656186,2.451841444132809
3141.125,977.625,3141.51171875,977.6417236328125,583932.1484375,-106070.974609375,583934.08203125,-106071.05822753906,0.3775259092716502,1.887629546358251
3169.625,1021.875,3169.73046875,1021.9881591796875,584074.6484375,-106292.224609375,584075.17578125,-106292.79040527344,0.1966724047763845,0.9833620238819225
3156.875,1034.625,3156.62890625,1035.090576171875,584010.8984375,-106355.974609375,584009.66796875,-106358.30249023438,0.7037404241671772,3.518702120835886
3169.625,1035.375,3167.71484375,1035.090576171875,584074.6484375,-106359.724609375,584065.09765625,-106358.30249023438,2.082580490412799,10.412902452063994
3271.625,1039.875,3271.51953125,1040.1298828125,584584.6484375,-106382.224609375,584584.12109375,-106383.4990234375,0.36438205306820054,1.8219102653410026
3260.375,1040.625,3260.43359375,1039.1220703125,584528.3984375,-106385.974609375,584528.69140625,-106378.4599609375,1.4333975871798292,7.166987935899146
3259.625,1048.125,3260.43359375,1047.18505859375,584524.6484375,-106423.474609375,584528.69140625,-106418.77490234375,1.1127004785232075,5.563502392616037
3276.125,1049.625,3276.55859375,1049.2008056640625,584607.1484375,-106430.974609375,584609.31640625,-106428.85363769531,0.48914904510389834,2.4457452255194916
3259.625,1060.125,3259.42578125,1059.279541015625,584524.6484375,-106483.474609375,584523.65234375,-106479.24731445312,0.8322896295754935,4.161448147877468
3276.125,1060.875,3276.55859375,1059.279541015625,584607.1484375,-106487.224609375,584609.31640625,-106479.24731445312,1.5435166511948637,7.7175832559743185
3173.875,859.125,3172.78515625,857.7047119140625,584095.8984375,-105478.474609375,584090.44921875,-105471.37316894531,1.6407128767082189,8.203564383541094
3189.625,862.875,3189.91796875,862.7440795898438,584174.6484375,-105497.224609375,584176.11328125,-105496.57000732422,0.7112799598474258,3.556399799237129
3197.125,865.125,3195.96484375,864.7598876953125,584212.1484375,-105508.474609375,584206.34765625,-105506.64904785156,0.8796558038358795,4.398279019179397
3201.625,865.875,3203.01953125,867.783447265625,584234.6484375,-105512.224609375,584241.62109375,-105521.76684570312,2.569152935563567,12.845764677817835
3209.125,868.125,3209.06640625,867.783447265625,584272.1484375,-105523.474609375,584271.85546875,-105521.76684570312,0.5284901893974746,2.642450946987373
3196.375,877.875,3196.97265625,875.846435546875,584208.3984375,-105572.224609375,584211.38671875,-105562.08178710938,2.2875981028210273,11.437990514105136
3245.125,878.625,3241.31640625,877.8621826171875,584452.1484375,-105575.974609375,584433.10546875,-105572.16052246094,3.5063793670420913,17.531896835210457
3182.125,880.875,3183.87109375,881.8936767578125,584137.1484375,-105587.224609375,584145.87890625,-105592.31799316406,2.2906780516959033,11.453390258479516
3272.875,886.875,3271.55078125,885.9251708984375,584590.8984375,-105617.224609375,584584.27734375,-105612.47546386719,1.3718100295430766,6.859050147715383
3121.375,888.375,3121.38671875,887.94091796875,583833.3984375,-105624.724609375,583833.45703125,-105622.55419921875,0.5178015968302958,2.589007984151479
3296.125,892.875,3292.71484375,891.972412109375,584707.1484375,-105647.224609375,584690.09765625,-105642.71166992188,3.15193263820871,15.759663191043549
3159.625,893.625,3158.67578125,892.9803466796875,584024.6484375,-105650.974609375,584019.90234375,-105647.75134277344,0.9593814685941002,4.796907342970501
3238.375,898.875,3237.28515625,899.027587890625,584418.3984375,-105677.224609375,584412.94921875,-105677.98754882812,0.7649077073035986,3.824538536517993
3226.375,899.625,3228.21484375,899.027587890625,584358.3984375,-105680.974609375,584367.59765625,-105677.98754882812,2.249935091759207,11.249675458796036
3121.375,903.375,3121.38671875,904.0669555664062,583833.3984375,-105699.724609375,583833.45703125,-105703.18438720703,0.7160615731267924,3.580307865633962
3134.125,904.125,3134.48828125,903.05908203125,583897.1484375,-105703.474609375,583898.96484375,-105698.14501953125,1.215645408260536,6.0782270413026795
3145.375,904.125,3143.55859375,905.0748291015625,583953.3984375,-105703.474609375,583944.31640625,-105708.22375488281,1.85436859114075,9.27184295570375
3157.375,904.125,3156.66015625,905.0748291015625,584013.3984375,-105703.474609375,584009.82421875,-105708.22375488281,1.0519498801561662,5.259749400780831
3318.625,910.125,3318.91796875,910.1141967773438,584819.6484375,-105733.474609375,584821.11328125,-105733.42059326172,0.68052648191923,3.4026324095961504
3237.625,910.875,3238.29296875,911.1220703125,584414.6484375,-105737.224609375,584417.98828125,-105738.4599609375,0.9848646951471126,4.924323475735563
3326.875,916.875,3324.96484375,917.1693115234375,584860.8984375,-105767.224609375,584851.34765625,-105768.69616699219,1.5563726433769844,7.781863216884922
3336.625,917.625,3337.05859375,918.1771850585938,584909.6484375,-105770.974609375,584911.81640625,-105773.73553466797,0.9487737396103247,4.743868698051624
3385.375,917.625,3385.43359375,918.1771850585938,585153.3984375,-105770.974609375,585153.69140625,-105773.73553466797,0.6813352773005927,3.406676386502964
3241.375,921.375,3240.30859375,921.2008056640625,584433.3984375,-105789.724609375,584428.06640625,-105788.85363769531,0.8260061228708305,4.130030614354153
3253.375,921.375,3252.40234375,921.2008056640625,584493.3984375,-105789.724609375,584488.53515625,-105788.85363769531,0.7242451643679726,3.6212258218398627
3398.125,922.875,3398.53515625,923.216552734375,585217.1484375,-105797.224609375,585219.19921875,-105798.93237304688,0.8795988290584001,4.397994145292
3169.375,925.125,3169.76171875,925.2322998046875,584073.3984375,-105808.474609375,584075.33203125,-105809.01110839844,0.5733843123506895,2.866921561753448
3406.375,925.125,3406.59765625,925.2322998046875,585258.3984375,-105808.474609375,585259.51171875,-105809.01110839844,0.6544031153261455,3.2720155766307273
3209.875,925.875,3210.07421875,926.2401733398438,584275.8984375,-105812.224609375,584276.89453125,-105814.05047607422,0.5449095725458784,2.7245478627293918
3365.875,926.625,3364.26953125,927.248046875,585055.8984375,-105815.974609375,585047.87109375,-105819.08984375,1.3437751743348596,6.718875871674298
3385.375,926.625,3385.43359375,927.248046875,585153.3984375,-105815.974609375,585153.69140625,-105819.08984375,0.7200123600033295,3.6000618000166473
3375.625,927.375,3375.35546875,927.248046875,585104.6484375,-105819.724609375,585103.30078125,-105819.08984375,0.2293491057692155,1.1467455288460775
3424.375,930.375,3424.73828125,930.2716674804688,585348.3984375,-105834.724609375,585350.21484375,-105834.20794677734,0.8184636666493836,4.092318333246919
3241.375,932.625,3241.31640625,932.2874145507812,584433.3984375,-105845.974609375,584433.10546875,-105844.2866821289,0.3961437197470085,1.9807185987350426
3252.625,932.625,3252.40234375,934.3031616210938,584489.6484375,-105845.974609375,584488.53515625,-105854.36541748047,1.655538456236899,8.277692281184496
3320.125,934.875,3317.91015625,935.31103515625,584827.1484375,-105857.224609375,584816.07421875,-105859.40478515625,1.9464957210628795,9.732478605314398
3121.375,935.625,3121.38671875,935.31103515625,583833.3984375,-105860.974609375,583833.45703125,-105859.40478515625,0.3095475234037009,1.5477376170185044
3446.875,936.375,3446.91015625,936.3189086914062,585460.8984375,-105864.724609375,585461.07421875,-105864.44415283203,0.49483528498541784,2.474176424927089
3405.625,937.875,3405.58984375,938.3346557617188,585254.6484375,-105872.224609375,585254.47265625,-105874.5228881836,0.5291153922814883,2.6455769614074414
3392.875,938.625,3392.48828125,939.342529296875,585190.8984375,-105875.974609375,585188.96484375,-105879.56225585938,0.6544556533108465,3.272278266554233
3253.375,939.375,3252.40234375,939.342529296875,584493.3984375,-105879.724609375,584488.53515625,-105879.56225585938,0.7513132467202605,3.756566233601302
3350.125,940.875,3349.15234375,941.3582763671875,584977.1484375,-105887.224609375,584972.28515625,-105889.64099121094,0.7831439093256186,3.915719546628093
3362.125,940.875,3362.25390625,941.3582763671875,585037.1484375,-105887.224609375,585037.79296875,-105889.64099121094,0.6339552714592989,3.1697763572964943
3434.875,940.875,3435.82421875,941.3582763671875,585400.8984375,-105887.224609375,585405.64453125,-105889.64099121094,1.4221282071498798,7.110641035749399
3272.125,941.625,3272.55859375,942.3661499023438,584587.1484375,-105890.974609375,584589.31640625,-105894.68035888672,0.9832983481929193,4.916491740964596
3241.375,943.125,3241.31640625,943.3740234375,584433.3984375,-105898.474609375,584433.10546875,-105899.7197265625,0.2770960395186297,1.3854801975931486
3281.125,943.125,3280.62109375,943.3740234375,584632.1484375,-105898.474609375,584629.62890625,-105899.7197265625,0.34672960371690636,1.7336480185845318
3296.875,944.625,3295.73828125,945.3897705078125,584710.8984375,-105905.974609375,584705.21484375,-105909.79846191406,1.1511441208692423,5.7557206043462115
3495.625,949.875,3494.27734375,949.4212646484375,585704.6484375,-105932.224609375,585697.91015625,-105929.95593261719,1.0475372990766179,5.237686495383089
3395.875,950.625,3395.51171875,948.4133911132812,585205.8984375,-105935.974609375,585204.08203125,-105924.9165649414,2.2653194159034107,11.326597079517054
3258.625,951.375,3258.44921875,952.4448852539062,584519.6484375,-105939.724609375,584518.76953125,-105945.07403564453,1.0617918542647875,5.308959271323937
3380.875,951.375,3380.39453125,950.4291381835938,585130.8984375,-105939.724609375,585128.49609375,-105934.99530029297,1.006371390080558,5.03185695040279
3368.125,952.125,3367.29296875,951.43701171875,585067.1484375,-105943.474609375,585062.98828125,-105940.03466796875,0.9004146167263759,4.502073083631879
3420.625,952.125,3419.69921875,955.468505859375,585329.6484375,-105943.474609375,585325.01953125,-105960.19213867188,3.3310546332452833,16.655273166226415
3353.875,952.875,3352.17578125,953.4527587890625,584995.8984375,-105947.224609375,584987.40234375,-105950.11340332031,1.5099928237489768,7.549964118744884
3413.125,952.875,3411.63671875,953.4527587890625,585292.1484375,-105947.224609375,585284.70703125,-105950.11340332031,1.2493120764821977,6.246560382410989
3277.375,954.375,3275.58203125,954.4606323242188,584613.3984375,-105954.724609375,584604.43359375,-105955.1527709961,1.5923604679798147,7.961802339899073
3395.875,955.125,3395.51171875,953.4527587890625,585205.8984375,-105958.474609375,585204.08203125,-105950.11340332031,1.7222636440748476,8.611318220374237
3134.125,955.875,3134.48828125,956.4763793945312,583897.1484375,-105962.224609375,583898.96484375,-105965.23150634766,0.7566891281017191,3.7834456405085954
3235.375,955.875,3235.26953125,954.4606323242188,584403.3984375,-105962.224609375,584402.87109375,-105955.1527709961,1.4118293488979365,7.0591467444896825
3242.875,956.625,3243.33203125,956.4763793945312,584440.8984375,-105965.974609375,584443.18359375,-105965.23150634766,0.6327266181023068,3.163633090511534
3396.625,958.875,3397.52734375,958.4921264648438,585209.6484375,-105977.224609375,585214.16015625,-105975.31024169922,1.2921154393059944,6.460577196529972
3466.375,959.625,3466.05859375,960.5078735351562,585558.3984375,-105980.974609375,585556.81640625,-105985.38897705078,0.8174253285840891,4.087126642920445
3475.375,959.625,3475.12890625,961.5157470703125,585603.3984375,-105980.974609375,585602.16796875,-105990.42834472656,1.8255227096140934,9.127613548070467
3424.375,960.375,3424.73828125,959.5,585348.3984375,-105984.724609375,585350.21484375,-105980.349609375,1.1662980588109244,5.831490294054622
3454.375,960.375,3451.94921875,959.5,585498.3984375,-105984.724609375,585486.26953125,-105980.349609375,2.256828499226329,11.284142496131647
3367.375,963.375,3367.29296875,963.531494140625,585063.3984375,-105999.724609375,585062.98828125,-106000.50708007812,0.2257095356986932,1.128547678493466
3357.625,964.125,3357.21484375,963.531494140625,585014.6484375,-106003.474609375,585012.59765625,-106000.50708007812,0.6410247979204194,3.205123989602097
3227.875,964.875,3229.22265625,966.5551147460938,584365.8984375,-106007.224609375,584372.63671875,-106015.62518310547,2.2390803849902174,11.195401924951087
3140.875,965.625,3140.53515625,965.5472412109375,583930.8984375,-106010.974609375,583929.19921875,-106010.58581542969,0.32064058483135305,1.6032029241567654
3465.625,971.625,3467.06640625,973.6102294921875,585554.6484375,-106040.974609375,585561.85546875,-106050.90075683594,2.631932860106363,13.159664300531816
3299.125,972.375,3299.76953125,972.6023559570312,584722.1484375,-106044.724609375,584725.37109375,-106045.86138916016,0.8448665417961758,4.224332708980879
3376.375,972.375,3376.36328125,972.6023559570312,585108.3984375,-106044.724609375,585108.33984375,-106045.86138916016,0.3127902247577335,1.5639511237886674
3386.875,972.375,3385.43359375,971.594482421875,585160.8984375,-106044.724609375,585153.69140625,-106040.82202148438,1.4302001639414605,7.151000819707303
3422.125,972.375,3422.72265625,971.594482421875,585337.1484375,-106044.724609375,585340.13671875,-106040.82202148438,1.2196062266209802,6.098031133104901
3454.375,972.375,3453.96484375,971.594482421875,585498.3984375,-106044.724609375,585496.34765625,-106040.82202148438,0.837296950238952,4.18648475119476
3457.375,976.125,3457.99609375,977.6417236328125,585513.3984375,-106063.474609375,585516.50390625,-106071.05822753906,1.7460618368433867,8.730309184216933
3129.625,977.625,3129.44921875,977.6417236328125,583874.6484375,-106070.974609375,583873.76953125,-106071.05822753906,0.21673379899445136,1.0836689949722569
3397.375,977.625,3396.51953125,977.6417236328125,585213.3984375,-106070.974609375,585209.12109375,-106071.05822753906,0.5964970811661513,2.9824854058307566
3410.125,977.625,3409.62109375,977.6417236328125,585277.1484375,-106070.974609375,585274.62890625,-106071.05822753906,0.23178599962197344,1.1589299981098673
3141.625,978.375,3140.53515625,977.6417236328125,583934.6484375,-106074.724609375,583929.19921875,-106071.05822753906,1.299260410329228,6.49630205164614
3402.625,979.125,3404.58203125,978.6495971679688,585239.6484375,-106078.474609375,585249.43359375,-106076.09759521484,2.2741864938788536,11.370932469394269
3344.125,982.875,3343.10546875,981.6732177734375,584947.1484375,-106097.224609375,584942.05078125,-106091.21569824219,1.4695592809511901,7.34779640475595
3375.625,982.875,3376.36328125,982.6810913085938,585104.6484375,-106097.224609375,585108.33984375,-106096.25506591797,0.9811396487698583,4.905698243849291
3421.375,983.625,3419.69921875,984.6968383789062,585333.3984375,-106100.974609375,585325.01953125,-106106.33380126953,1.7510097971798697,8.755048985899348
3626.125,986.625,3627.30859375,987.720458984375,586357.1484375,-106115.974609375,586363.06640625,-106121.45190429688,1.9373592087220206,9.686796043610103
3458.125,987.375,3457.99609375,987.720458984375,585517.1484375,-106119.724609375,585516.50390625,-106121.45190429688,0.34591009615070445,1.7295504807535222
3407.875,988.125,3406.59765625,987.720458984375,585265.8984375,-106123.474609375,585259.51171875,-106121.45190429688,1.1245041106508622,5.622520553254311
3469.375,988.125,3469.08203125,987.720458984375,585573.3984375,-106123.474609375,585571.93359375,-106121.45190429688,0.4492402059265371,2.2462010296326853
3479.875,988.125,3477.14453125,988.7283325195312,585625.8984375,-106123.474609375,585612.24609375,-106126.49127197266,2.4783503782804504,12.39175189140225
3380.125,988.875,3380.39453125,988.7283325195312,585127.1484375,-106127.224609375,585128.49609375,-106126.49127197266,0.5020427040279641,2.510213520139821
3439.375,995.625,3439.85546875,995.783447265625,585423.3984375,-106160.974609375,585425.80078125,-106161.76684570312,0.7405187997986262,3.702593998993131
3450.625,996.375,3449.93359375,995.783447265625,585479.6484375,-106164.724609375,585476.19140625,-106161.76684570312,0.7585790556353728,3.792895278176864
3380.125,997.875,3380.39453125,996.7913208007812,585127.1484375,-106172.224609375,585128.49609375,-106166.8062133789,1.1788326937002576,5.894163468501288
3389.125,997.875,3388.45703125,999.81494140625,585172.1484375,-106172.224609375,585168.80859375,-106181.92431640625,1.9889743104278936,9.944871552139467
3372.625,998.625,3373.33984375,998.8070678710938,585089.6484375,-106175.974609375,585093.22265625,-106176.88494873047,0.9003012441665561,4.5015062208327805
3419.875,1000.125,3419.69921875,998.8070678710938,585325.8984375,-106183.474609375,585325.01953125,-106176.88494873047,1.336346811837358,6.68173405918679
3682.375,1001.625,3679.71484375,1000.8228149414062,586638.3984375,-106190.974609375,586625.09765625,-106186.96368408203,2.350488792420943,11.752443962104715
3686.125,1003.125,3684.75390625,1004.8543090820312,586657.1484375,-106198.474609375,586650.29296875,-106207.12115478516,1.8505346783421097,9.252673391710548
3370.375,1003.875,3372.33203125,1003.846435546875,585078.3984375,-106202.224609375,585088.18359375,-106202.08178710938,2.1061849421024563,10.53092471051228
3407.875,1003.875,3407.60546875,1004.8543090820312,585265.8984375,-106202.224609375,585264.55078125,-106207.12115478516,0.9719666784315184,4.859833392157592
3689.875,1003.875,3689.79296875,1006.8700561523438,586675.8984375,-106202.224609375,586675.48828125,-106217.19989013672,2.921343497093453,14.606717485467264
3147.625,1006.875,3145.57421875,1007.8779296875,583964.6484375,-106217.224609375,583954.39453125,-106222.2392578125,2.405883946341972,12.029419731709861
3702.625,1008.375,3702.89453125,1007.8779296875,586739.6484375,-106224.724609375,586740.99609375,-106222.2392578125,0.9689515503031725,4.844757751515862
3464.875,1012.125,3467.06640625,1012.9172973632812,585550.8984375,-106243.474609375,585561.85546875,-106247.4360961914,2.5360484939747847,12.680242469873924
3404.125,1014.375,3402.56640625,1013.9251708984375,585247.1484375,-106254.724609375,585239.35546875,-106252.47546386719,1.4761627685850098,7.380813842925049
3386.125,1015.125,3385.43359375,1015.94091796875,585157.1484375,-106258.474609375,585153.69140625,-106262.55419921875,0.9950066457238832,4.975033228619416
3671.125,1015.125,3669.63671875,1017.9566650390625,586582.1484375,-106258.474609375,586574.70703125,-106272.63293457031,2.939600161703408,14.69800080851704
3359.125,1015.875,3359.23046875,1015.94091796875,585022.1484375,-106262.224609375,585022.67578125,-106262.55419921875,0.22092840839912203,1.1046420419956102
3440.875,1015.875,3441.87109375,1015.94091796875,585430.8984375,-106262.224609375,585435.87890625,-106262.55419921875,1.1848564337019911,5.924282168509956
3452.875,1015.875,3452.95703125,1015.94091796875,585490.8984375,-106262.224609375,585491.30859375,-106262.55419921875,0.28697874541916457,1.4348937270958229
3659.875,1015.875,3661.57421875,1015.94091796875,586525.8984375,-106262.224609375,586534.39453125,-106262.55419921875,2.121658805868418,10.608294029342089
3416.875,1016.625,3416.67578125,1015.94091796875,585310.8984375,-106265.974609375,585309.90234375,-106262.55419921875,0.6876191023343788,3.4380955116718943
3583.375,1016.625,3581.95703125,1017.9566650390625,586143.3984375,-106265.974609375,586136.30859375,-106272.63293457031,1.6709236868970943,8.354618434485472
3368.125,1017.375,3368.30078125,1015.94091796875,585067.1484375,-106269.724609375,585068.02734375,-106262.55419921875,1.447377556364289,7.236887781821445
3689.125,1018.125,3687.77734375,1019.972412109375,586672.1484375,-106273.474609375,586665.41015625,-106282.71166992188,1.975038104814057,9.875190524070286
3406.375,1021.125,3406.59765625,1022.9960327148438,585258.3984375,-106288.474609375,585259.51171875,-106297.82977294922,1.9096757049849038,9.54837852492452
3170.125,1021.875,3169.76171875,1021.9881591796875,584077.1484375,-106292.224609375,584075.33203125,-106292.79040527344,0.5228099172219515,2.6140495861097572
3155.875,1022.625,3154.64453125,1022.9960327148438,584005.8984375,-106295.974609375,583999.74609375,-106297.82977294922,1.4444133130963905,7.222066565481953
3674.125,1024.125,3675.68359375,1026.019775390625,586597.1484375,-106303.474609375,586604.94140625,-106312.94848632812,2.679285955983954,13.39642977991977
3699.625,1024.125,3698.86328125,1024.00390625,586724.6484375,-106303.474609375,586720.83984375,-106302.869140625,0.38408589973013774,1.9204294986506887
3479.125,1025.625,3479.16015625,1026.019775390625,585622.1484375,-106310.974609375,585622.32421875,-106312.94848632812,0.4460295354988491,2.2301476774942457
3491.125,1025.625,3490.24609375,1026.019775390625,585682.1484375,-106310.974609375,585677.75390625,-106312.94848632812,0.7663266913634137,3.8316334568170687
3743.125,1025.625,3741.19140625,1024.00390625,586942.1484375,-106310.974609375,586932.48046875,-106302.869140625,2.252430187460772,11.262150937303861
3752.875,1025.625,3753.28515625,1026.019775390625,586990.8984375,-106310.974609375,586992.94921875,-106312.94848632812,0.9478397052220195,4.739198526110098
3728.125,1026.375,3728.08984375,1027.027587890625,586867.1484375,-106314.724609375,586866.97265625,-106317.98754882812,0.7026866047567577,3.5134330237837883
3716.125,1027.125,3715.99609375,1027.027587890625,586807.1484375,-106318.474609375,586806.50390625,-106317.98754882812,0.37033009335056594,1.8516504667528297
3407.125,1027.875,3407.60546875,1028.035400390625,585262.1484375,-106322.224609375,585264.55078125,-106323.02661132812,0.6187621739357536,3.093810869678768
3378.625,1030.875,3380.39453125,1030.05126953125,585119.6484375,-106337.224609375,585128.49609375,-106333.10595703125,2.0103678271468644,10.051839135734323
3386.125,1030.875,3385.43359375,1030.05126953125,585157.1484375,-106337.224609375,585153.69140625,-106333.10595703125,1.0082821951528405,5.041410975764203
3431.125,1030.875,3431.79296875,1031.05908203125,585382.1484375,-106337.224609375,585385.48828125,-106338.14501953125,0.8207975470364078,4.103987735182039
3392.125,1031.625,3392.48828125,1032.06689453125,585187.1484375,-106340.974609375,585188.96484375,-106343.18408203125,0.6438933440567689,3.2194667202838447
3695.875,1033.875,3694.83203125,1033.0748291015625,586705.8984375,-106352.224609375,586700.68359375,-106348.22375488281,1.0853692867658478,5.426846433829239
3156.625,1034.625,3156.66015625,1035.090576171875,584009.6484375,-106355.974609375,584009.82421875,-106358.30249023438,0.5810222106235519,2.9051110531177593
3169.375,1036.125,3167.74609375,1035.090576171875,584073.3984375,-106363.474609375,584065.25390625,-106358.30249023438,2.025994153505022,10.129970767525108
3754.375,1036.125,3755.30078125,1036.098388671875,586998.3984375,-106363.474609375,587003.02734375,-106363.34155273438,1.3922283969588647,6.961141984794324
3405.625,1036.875,3405.58984375,1037.1063232421875,585254.6484375,-106367.224609375,585254.47265625,-106368.38122558594,0.25527827677968323,1.2763913838984162
3479.125,1037.625,3479.16015625,1038.1142578125,585622.1484375,-106370.974609375,585622.32421875,-106373.4208984375,0.5233104351692722,2.616552175846361
3491.125,1037.625,3490.24609375,1039.1220703125,585682.1484375,-106370.974609375,585677.75390625,-106378.4599609375,1.6473434760460102,8.23671738023005
3716.125,1037.625,3715.99609375,1037.1063232421875,586807.1484375,-106370.974609375,586806.50390625,-106368.38122558594,0.6650130855260332,3.3250654276301663
3728.125,1037.625,3728.08984375,1037.1063232421875,586867.1484375,-106370.974609375,586866.97265625,-106368.38122558594,0.7207085943425986,3.6035429717129928
3782.875,1037.625,3782.51171875,1038.1142578125,587140.8984375,-106370.974609375,587139.08203125,-106373.4208984375,0.4054125710877438,2.027062855438719
3770.125,1038.375,3769.41015625,1038.1142578125,587077.1484375,-106374.724609375,587073.57421875,-106373.4208984375,0.4340610688905118,2.1703053444525593
3641.125,1039.125,3640.41015625,1039.1220703125,586432.1484375,-106378.474609375,586428.57421875,-106378.4599609375,0.3889268373305502,1.9446341866527512
3260.125,1040.625,3260.46484375,1040.1298828125,584527.1484375,-106385.974609375,584528.84765625,-106383.4990234375,0.4968748003757616,2.484374001878808
3700.375,1042.875,3699.87109375,1044.161376953125,586728.3984375,-106397.224609375,586725.87890625,-106403.65649414062,1.2207592480829887,6.103796240414944
3544.375,1044.375,3542.65234375,1043.153564453125,585948.3984375,-106404.724609375,585939.78515625,-106398.61743164062,1.9562874624689506,9.781437312344753
3430.375,1045.125,3431.79296875,1043.153564453125,585378.3984375,-106408.474609375,585385.48828125,-106398.61743164062,2.4649490729939627,12.324745364969814
3272.125,1045.875,3274.57421875,1045.1693115234375,584587.1484375,-106412.224609375,584599.39453125,-106408.69616699219,2.4467985436221094,12.233992718110546
3418.375,1045.875,3417.68359375,1046.17724609375,585318.3984375,-106412.224609375,585314.94140625,-106413.73583984375,0.700811493884933,3.504057469424665
3718.375,1045.875,3718.01171875,1046.17724609375,586818.3984375,-106412.224609375,586816.58203125,-106413.73583984375,0.22917947820855972,1.1458973910427985
3728.125,1046.625,3727.08203125,1046.17724609375,586867.1484375,-106415.974609375,586861.93359375,-106413.73583984375,0.8298309662371478,4.149154831185739
3275.875,1048.875,3275.58203125,1050.208740234375,584605.8984375,-106427.224609375,584604.43359375,-106433.89331054688,1.4573250986222892,7.286625493111446
3404.875,1052.625,3405.58984375,1052.224365234375,585250.8984375,-106445.974609375,585254.47265625,-106443.97143554688,0.8352182601208012,4.176091300604006
3827.125,1052.625,3826.85546875,1052.224365234375,587362.1484375,-106445.974609375,587360.80078125,-106443.97143554688,0.5503230744851813,2.7516153724259063
3695.875,1053.375,3695.83984375,1052.224365234375,586705.8984375,-106449.724609375,586705.72265625,-106443.97143554688,1.2506123566648615,6.253061783324307
3728.125,1054.125,3728.08984375,1054.240234375,586867.1484375,-106453.474609375,586866.97265625,-106454.05078125,0.344992097761862,1.7249604888093102
3804.625,1054.125,3803.67578125,1054.240234375,587249.6484375,-106453.474609375,587244.90234375,-106454.05078125,0.49027372230497124,2.451368611524856
3822.625,1054.875,3821.81640625,1054.240234375,587339.6484375,-106457.224609375,587335.60546875,-106454.05078125,0.8072927105083806,4.036463552541903
3733.375,1055.625,3733.12890625,1053.2322998046875,586893.3984375,-106460.974609375,586892.16796875,-106449.01110839844,2.4674705637460255,12.337352818730128
3614.875,1057.125,3615.21484375,1056.255859375,586300.8984375,-106468.474609375,586302.59765625,-106464.12890625,1.0745261464774074,5.372630732387037
3821.875,1058.625,3821.81640625,1059.279541015625,587335.8984375,-106475.974609375,587335.60546875,-106479.24731445312,0.6889532350597791,3.444766175298896
3733.375,1059.375,3733.12890625,1058.271728515625,586893.3984375,-106479.724609375,586892.16796875,-106474.20825195312,1.1773908335713579,5.886954167856789
3259.375,1060.125,3260.46484375,1059.279541015625,584523.3984375,-106483.474609375,584528.84765625,-106479.24731445312,1.2122149174917531,6.061074587458766
3276.625,1060.875,3275.58203125,1060.287353515625,584609.6484375,-106487.224609375,584604.43359375,-106484.28637695312,1.2752551472326312,6.376275736163156
3771.625,1062.375,3769.41015625,1063.31103515625,587084.6484375,-106494.724609375,587073.57421875,-106499.40478515625,2.008988872557905,10.044944362789526
3584.875,1063.875,3583.97265625,1061.2952880859375,586150.8984375,-106502.224609375,586146.38671875,-106489.32604980469,2.6903508814498593,13.451754407249297
3374.875,1064.625,3377.37109375,1066.334716796875,585100.8984375,-106505.974609375,585113.37890625,-106514.52319335938,3.028289520786935,15.141447603934674
3742.375,1066.125,3743.20703125,1065.3267822265625,586938.3984375,-106513.474609375,586942.55859375,-106509.48352050781,1.4680342014364989,7.340171007182494
3754.375,1066.125,3755.30078125,1066.334716796875,586998.3984375,-106513.474609375,587003.02734375,-106514.52319335938,1.3017478007144485,6.508739003572242
3695.125,1066.875,3693.82421875,1064.31884765625,586702.1484375,-106517.224609375,586695.64453125,-106504.44384765625,2.789762878702903,13.948814393514514
3797.875,1066.875,3797.62890625,1066.334716796875,587215.8984375,-106517.224609375,587214.66796875,-106514.52319335938,0.6445297760278688,3.222648880139344
3734.875,1068.375,3735.14453125,1067.342529296875,586900.8984375,-106524.724609375,586902.24609375,-106519.56225585938,1.251662123759281,6.258310618796406
3821.875,1072.875,3821.81640625,1071.3740234375,587335.8984375,-106547.224609375,587335.60546875,-106539.7197265625,1.6264970370299958,8.13248518514998
3797.875,1073.625,3797.62890625,1074.397705078125,587215.8984375,-106550.974609375,587214.66796875,-106554.83813476562,0.7113689668348233,3.5568448341741163
3452.125,1075.125,3451.94921875,1075.405517578125,585487.1484375,-106558.474609375,585486.26953125,-106559.87719726562,0.35584713226548165,1.7792356613274083
3464.125,1075.125,3463.03515625,1074.397705078125,585547.1484375,-106558.474609375,585541.69921875,-106554.83813476562,1.2673326167001038,6.336663083500519
3699.625,1075.875,3698.86328125,1076.413330078125,586724.6484375,-106562.224609375,586720.83984375,-106564.91625976562,0.6917542337188154,3.458771168594077
3423.625,1076.625,3422.72265625,1074.397705078125,585344.6484375,-106565.974609375,585340.13671875,-106554.83813476562,2.365833518948715,11.829167594743575
3808.375,1076.625,3807.70703125,1075.405517578125,587268.3984375,-106565.974609375,587265.05859375,-106559.87719726562,1.3253549782689973,6.626774891344986
3791.875,1078.875,3791.58203125,1079.43701171875,587185.8984375,-106577.224609375,587184.43359375,-106580.03466796875,0.49802609740481746,2.4901304870240875
3824.875,1079.625,3823.83203125,1079.43701171875,587350.8984375,-106580.974609375,587345.68359375,-106580.03466796875,0.6945418984599623,3.4727094922998116
3719.875,1081.125,3720.02734375,1081.4527587890625,586825.8984375,-106588.474609375,586826.66015625,-106590.11340332031,0.5210548904705166,2.6052744523525826
3728.125,1081.125,3725.06640625,1081.4527587890625,586867.1484375,-106588.474609375,586851.85546875,-106590.11340332031,2.779030894979515,13.895154474897575
3731.875,1081.125,3733.12890625,1081.4527587890625,586885.8984375,-106588.474609375,586892.16796875,-106590.11340332031,1.576664451431834,7.88332225715917
3551.125,1082.625,3552.73046875,1082.460693359375,585982.1484375,-106595.974609375,585990.17578125,-106595.15307617188,1.711553475927051,8.557767379635255
3755.875,1084.125,3755.30078125,1084.476318359375,587005.8984375,-106603.474609375,587003.02734375,-106605.23120117188,0.3953249235051837,1.9766246175259186
3828.625,1084.125,3826.85546875,1084.476318359375,587369.6484375,-106603.474609375,587360.80078125,-106605.23120117188,1.4042576263378261,7.021288131689131
3452.125,1087.125,3451.94921875,1086.4921875,585487.1484375,-106618.474609375,585486.26953125,-106615.310546875,0.6168340217993615,3.0841701089968074
3463.375,1087.125,3464.04296875,1086.4921875,585543.3984375,-106618.474609375,585546.73828125,-106615.310546875,0.8835756819474221,4.41787840973711
3523.375,1093.125,3522.49609375,1094.55517578125,585843.3984375,-106648.474609375,585839.00390625,-106655.62548828125,1.6856547179433194,8.428273589716596
3826.375,1100.625,3825.84765625,1100.602294921875,587358.3984375,-106685.974609375,587355.76171875,-106685.86108398438,0.206637483225524,1.03318741612762
3831.625,1100.625,3830.88671875,1100.602294921875,587384.6484375,-106685.974609375,587380.95703125,-106685.86108398438,0.4031664695594143,2.0158323477970717
3820.375,1102.125,3818.79296875,1102.6181640625,587328.3984375,-106693.474609375,587320.48828125,-106695.9404296875,1.3273866855740297,6.636933427870149
3832.375,1112.625,3830.88671875,1112.69677734375,587388.3984375,-106745.974609375,587380.95703125,-106746.33349609375,1.1802605413595342,5.90130270679767
3819.625,1113.375,3820.80859375,1112.69677734375,587324.6484375,-106749.724609375,587330.56640625,-106746.33349609375,1.6450085782696529,8.225042891348265
3734.125,1114.125,3731.11328125,1114.712646484375,586897.1484375,-106753.474609375,586882.08984375,-106756.41284179688,2.8702632893053464,14.35131644652673
3483.625,1124.625,3483.19140625,1124.791259765625,585644.6484375,-106805.974609375,585642.48046875,-106806.80590820312,0.5866637950220037,2.9333189751100184
3473.125,1125.375,3472.10546875,1126.80712890625,585592.1484375,-106809.724609375,585587.05078125,-106816.88525390625,1.887344078087754,9.43672039043877
3463.375,1127.625,3464.04296875,1127.81494140625,585543.3984375,-106820.974609375,585546.73828125,-106821.92431640625,0.5983647418630325,2.9918237093151623
3764.125,1127.625,3761.34765625,1127.81494140625,587047.1484375,-106820.974609375,587033.26171875,-106821.92431640625,2.5944847490071186,12.972423745035593
3488.125,1135.125,3488.23046875,1133.8621826171875,585667.1484375,-106858.474609375,585667.67578125,-106852.16052246094,1.1844453062768043,5.922226531384021
3462.625,1143.375,3463.03515625,1143.94091796875,585539.6484375,-106899.724609375,585541.69921875,-106902.55419921875,0.6979458630866542,3.489729315433271
3488.125,1145.625,3487.22265625,1145.9566650390625,585667.1484375,-106910.974609375,585662.63671875,-106912.63293457031,1.1451013701046666,5.725506850523333
3479.125,1147.875,3482.18359375,1147.972412109375,585622.1484375,-106922.224609375,585637.44140625,-106922.71166992188,2.885124562086129,14.425622810430646
3469.375,1148.625,3471.09765625,1147.972412109375,585573.3984375,-106925.974609375,585582.01171875,-106922.71166992188,1.628005220964477,8.140026104822386
3736.375,1152.375,3737.16015625,1152.00390625,586908.3984375,-106944.724609375,586912.32421875,-106942.869140625,0.9384580789276477,4.692290394638238
3749.125,1152.375,3749.25390625,1150.99609375,586972.1484375,-106944.724609375,586972.79296875,-106937.830078125,1.3884800388749585,6.942400194374793
3749.125,1162.125,3749.25390625,1161.0748291015625,586972.1484375,-106993.474609375,586972.79296875,-106988.22375488281,1.0510304268846682,5.255152134423341
3734.875,1168.875,3735.14453125,1169.1378173828125,586900.8984375,-107027.224609375,586902.24609375,-107028.53869628906,0.41714762507550845,2.085738125377542
3746.875,1168.875,3746.23046875,1169.1378173828125,586960.8984375,-107027.224609375,586957.67578125,-107028.53869628906,0.6668742264630718,3.334371132315359
3784.375,1176.375,3784.52734375,1178.208740234375,587148.3984375,-107064.724609375,587149.16015625,-107073.89331054688,1.8641934995265081,9.320967497632541
3681.625,1182.375,3681.73046875,1181.2322998046875,586634.6484375,-107094.724609375,586635.17578125,-107089.01110839844,1.0861622634948238,5.430811317474119
3694.375,1182.375,3693.82421875,1182.240234375,586698.3984375,-107094.724609375,586695.64453125,-107094.05078125,0.6118475551597136,3.059237775798568
3619.375,1187.625,3618.23828125,1189.2952880859375,586323.3984375,-107120.974609375,586317.71484375,-107129.32604980469,2.1753487701855745,10.876743850927873
3680.125,1198.875,3680.72265625,1199.3740234375,586627.1484375,-107177.224609375,586630.13671875,-107179.7197265625,0.7433611142456347,3.716805571228173
3694.375,1198.875,3693.82421875,1198.3662109375,586698.3984375,-107177.224609375,586695.64453125,-107174.6806640625,0.791767285456504,3.95883642728252
3606.625,1219.875,3609.16796875,1219.531494140625,586259.6484375,-107282.224609375,586272.36328125,-107280.50708007812,2.2887703983480776,11.443851991740388
3620.125,1221.375,3620.25390625,1220.539306640625,586327.1484375,-107289.724609375,586327.79296875,-107285.54614257812,0.7352382496175571,3.6761912480877856
3632.125,1232.625,3631.33984375,1232.6337890625,586387.1484375,-107345.974609375,586383.22265625,-107346.0185546875,1.0703894530944018,5.351947265472009
3620.125,1233.375,3620.25390625,1232.6337890625,586327.1484375,-107349.724609375,586327.79296875,-107346.0185546875,0.6405227977814142,3.202613988907071
3470.875,1236.375,3471.09765625,1233.6417236328125,585580.8984375,-107364.724609375,585582.01171875,-107351.05822753906,2.5711369776274138,12.85568488813707
3662.875,1243.125,3663.58984375,1244.728271484375,586540.8984375,-107398.474609375,586544.47265625,-107406.49096679688,1.7747596368825498,8.873798184412749
3662.875,1249.875,3663.58984375,1249.7677001953125,586540.8984375,-107432.224609375,586544.47265625,-107431.68811035156,0.41699663219275035,2.084983160963752
3566.875,1253.625,3569.86328125,1252.791259765625,586060.8984375,-107450.974609375,586075.83984375,-107446.80590820312,2.662954417415972,13.31477208707986
3815.125,1260.375,3814.76171875,1259.846435546875,587302.1484375,-107484.724609375,587300.33203125,-107482.08178710938,0.6933380493785705,3.466690246892852
3815.875,1269.375,3814.76171875,1269.9251708984375,587305.8984375,-107529.724609375,587300.33203125,-107532.47546386719,1.4558780881183095,7.2793904405915475
3682.875,1002.375,3679.74609375,1000.8228149414062,586640.8984375,-106194.724609375,586625.25390625,-106186.96368408203,3.1153188781570273,15.576594390785136
3702.375,1008.375,3702.92578125,1008.8858032226562,586738.3984375,-106224.724609375,586741.15234375,-106227.27862548828,1.1190144737166206,5.595072368583103
3725.625,1013.625,3727.11328125,1013.9251708984375,586854.6484375,-106250.974609375,586862.08984375,-106252.47546386719,1.9976326853320339,9.988163426660169
3689.625,1018.125,3686.80078125,1018.9645385742188,586674.6484375,-106273.474609375,586660.52734375,-106277.6723022461,2.4922846854711023,12.461423427355511
3743.625,1025.625,3742.23046875,1024.00390625,586944.6484375,-106310.974609375,586937.67578125,-106302.869140625,1.9488686301693559,9.74434315084678
3752.625,1025.625,3753.31640625,1026.019775390625,586989.6484375,-106310.974609375,586993.10546875,-106312.94848632812,1.2183437387186558,6.091718693593279
3727.875,1026.375,3728.12109375,1026.019775390625,586865.8984375,-106314.724609375,586867.12890625,-106312.94848632812,0.8399023600478404,4.199511800239202
3695.625,1033.125,3696.87890625,1034.082763671875,586704.6484375,-106348.474609375,586710.91796875,-106353.26342773438,1.8795110353824982,9.39755517691249
3754.125,1036.125,3755.33203125,1036.098388671875,586997.1484375,-106363.474609375,587003.18359375,-106363.34155273438,1.6723070976359222,8.36153548817961
3728.625,1037.625,3728.12109375,1037.1063232421875,586869.6484375,-106370.974609375,586867.12890625,-106368.38122558594,0.608835460408831,3.044177302044155
3782.625,1037.625,3782.54296875,1038.1142578125,587139.6484375,-106370.974609375,587139.23828125,-106373.4208984375,0.559390866353944,2.7969543317697196
3766.125,1038.375,3767.42578125,1038.1142578125,587057.1484375,-106374.724609375,587063.65234375,-106373.4208984375,1.803385560575687,9.016927802878435
3700.125,1042.875,3699.90234375,1043.153564453125,586727.1484375,-106397.224609375,586726.03515625,-106398.61743164062,0.2612183883456094,1.306091941728047
3840.375,1045.125,3837.97265625,1046.17724609375,587428.3984375,-106408.474609375,587416.38671875,-106413.73583984375,2.097688311558061,10.488441557790305
3718.125,1045.875,3718.04296875,1046.17724609375,586817.1484375,-106412.224609375,586816.73828125,-106413.73583984375,0.38449945505261696,1.9224972752630847
3865.125,1051.875,3865.18359375,1053.2322998046875,587552.1484375,-106442.224609375,587552.44140625,-106449.01110839844,1.372961496268962,6.86480748134481
3695.625,1052.625,3695.87109375,1052.224365234375,586704.6484375,-106445.974609375,586705.87890625,-106443.97143554688,0.7519698346390148,3.759849173195074
3811.125,1052.625,3811.76953125,1052.224365234375,587282.1484375,-106445.974609375,587285.37109375,-106443.97143554688,1.2223433621470574,6.111716810735287
3798.375,1054.125,3798.66796875,1054.240234375,587218.3984375,-106453.474609375,587219.86328125,-106454.05078125,0.7459067671510636,3.7295338357553183
3805.875,1054.125,3803.70703125,1054.240234375,587255.8984375,-106453.474609375,587245.05859375,-106454.05078125,1.7074027845099462,8.53701392254973
3733.125,1055.625,3733.16015625,1058.271728515625,586892.1484375,-106460.974609375,586892.32421875,-106474.20825195312,2.6085102015491994,13.042551007745997
3615.375,1056.375,3615.24609375,1056.255859375,586303.3984375,-106464.724609375,586302.75390625,-106464.12890625,0.19337139494971894,0.9668569747485947
3822.375,1057.875,3821.84765625,1059.279541015625,587338.3984375,-106472.224609375,587335.76171875,-106479.24731445312,1.307690010512446,6.53845005256223
3837.375,1058.625,3835.95703125,1059.279541015625,587413.3984375,-106475.974609375,587406.30859375,-106479.24731445312,1.087905685085308,5.4395284254265395
3882.375,1065.375,3883.32421875,1065.3267822265625,587638.3984375,-106509.724609375,587643.14453125,-106509.48352050781,1.4658445303244347,7.329222651622174
3754.125,1066.125,3755.33203125,1066.334716796875,586997.1484375,-106513.474609375,587003.18359375,-106514.52319335938,1.5813789503151539,7.906894751575769
3797.625,1066.125,3797.66015625,1066.334716796875,587214.6484375,-106513.474609375,587214.82421875,-106514.52319335938,0.4673905794699918,2.336952897349959
3735.375,1068.375,3735.17578125,1068.350341796875,586903.3984375,-106524.724609375,586902.40234375,-106524.60131835938,0.16545923703935161,0.8272961851967581
3933.375,1070.625,3933.71484375,1071.3740234375,587893.3984375,-106535.974609375,587895.09765625,-106539.7197265625,1.0849211023628054,5.424605511814027
3841.875,1072.125,3842.00390625,1073.3897705078125,587435.8984375,-106543.474609375,587436.54296875,-106549.79846191406,1.304989051651201,6.524945258256006
3821.625,1072.875,3821.84765625,1072.3818359375,587334.6484375,-106547.224609375,587335.76171875,-106544.7587890625,0.8640137756862672,4.320068878431337
3798.375,1073.625,3797.66015625,1074.397705078125,587218.3984375,-106550.974609375,587214.82421875,-106554.83813476562,0.7672138473916519,3.8360692369582594
3808.125,1076.625,3807.73828125,1075.405517578125,587267.1484375,-106565.974609375,587265.21484375,-106559.87719726562,1.2966158731980197,6.483079365990099
3824.625,1079.625,3823.86328125,1078.42919921875,587349.6484375,-106580.974609375,587345.83984375,-106574.99560546875,1.3254258877903504,6.627129438951752
3900.375,1079.625,3897.43359375,1081.4527587890625,587728.3984375,-106580.974609375,587713.69140625,-106590.11340332031,3.002071489987491,15.010357449937455
3718.875,1081.125,3719.05078125,1081.4527587890625,586820.8984375,-106588.474609375,586821.77734375,-106590.11340332031,0.5401315820513239,2.70065791025662
3731.625,1081.125,3730.13671875,1080.44482421875,586884.6484375,-106588.474609375,586877.20703125,-106585.07373046875,1.3958735516129364,6.979367758064682
3915.375,1081.125,3915.57421875,1082.460693359375,587803.3984375,-106588.474609375,587804.39453125,-106595.15307617188,1.410092135606481,7.0504606780324055
3932.625,1081.125,3931.69921875,1081.4527587890625,587889.6484375,-106588.474609375,587885.01953125,-106590.11340332031,0.4648661350299363,2.3243306751496813
3624.375,1081.875,3625.32421875,1079.43701171875,586348.3984375,-106592.224609375,586353.14453125,-106580.03466796875,2.6983256252060204,13.491628126030102
3735.375,1081.875,3735.17578125,1082.460693359375,586903.3984375,-106592.224609375,586902.40234375,-106595.15307617188,0.5461415544438013,2.7307077722190067
3827.625,1083.375,3825.87890625,1083.468505859375,587364.6484375,-106599.724609375,587355.91796875,-106600.19213867188,1.35265270643031,6.76326353215155
3755.625,1084.125,3755.33203125,1084.476318359375,587004.6484375,-106603.474609375,587003.18359375,-106605.23120117188,0.2986517103188347,1.4932585515941734
3844.125,1086.375,3843.01171875,1086.4921875,587447.1484375,-106614.724609375,587441.58203125,-106615.310546875,0.712284180799442,3.56142090399721
3792.375,1087.875,3792.62109375,1087.5,587188.3984375,-106622.224609375,587189.62890625,-106620.349609375,0.732580360798618,3.66290180399309
3803.625,1088.625,3803.70703125,1088.5078125,587244.6484375,-106625.974609375,587245.05859375,-106625.388671875,0.4703445974006973,2.3517229870034866
3888.375,1090.125,3887.35546875,1090.523681640625,587668.3984375,-106633.474609375,587663.30078125,-106635.46801757812,0.6578876692458416,3.289438346229208
3775.875,1091.625,3774.48046875,1089.5157470703125,587105.8984375,-106640.974609375,587098.92578125,-106630.42834472656,2.4182370003292264,12.091185001646132
3901.125,1092.375,3900.45703125,1092.539306640625,587732.1484375,-106644.724609375,587728.80859375,-106645.54614257812,0.2343643343009455,1.1718216715047274
4017.375,1095.375,4018.37109375,1094.55517578125,588313.3984375,-106659.724609375,588318.37890625,-106655.62548828125,1.8224084820855515,9.112042410427758
3919.125,1097.625,3915.57421875,1096.57080078125,587822.1484375,-106670.974609375,587804.39453125,-106665.70361328125,3.309071714817641,16.545358574088205
3844.125,1099.875,3844.01953125,1100.602294921875,587447.1484375,-106682.224609375,587446.62109375,-106685.86108398438,0.7064256285060415,3.5321281425302073
3826.125,1100.625,3826.88671875,1100.602294921875,587357.1484375,-106685.974609375,587360.95703125,-106685.86108398438,1.1035393982398218,5.517696991199109
3831.375,1100.625,3831.92578125,1100.602294921875,587383.3984375,-106685.974609375,587386.15234375,-106685.86108398438,0.8991370450533559,4.495685225266779
3820.125,1102.125,3818.82421875,1102.6181640625,587327.1484375,-106693.474609375,587320.64453125,-106695.9404296875,1.0658925153047778,5.329462576523889
4061.625,1106.625,4062.71484375,1107.657470703125,588534.6484375,-106715.974609375,588540.09765625,-106721.13696289062,1.8900214095652381,9.45010704782619
3886.875,1107.375,3887.35546875,1108.665283203125,587660.8984375,-106719.724609375,587663.30078125,-106726.17602539062,1.4901243624193803,7.450621812096902
3964.125,1107.375,3964.95703125,1106.649658203125,588047.1484375,-106719.724609375,588051.30859375,-106716.09790039062,1.5384505024830908,7.692252512415454
3921.375,1108.875,3920.61328125,1109.6732177734375,587833.3984375,-106727.224609375,587829.58984375,-106731.21569824219,0.7923420525273306,3.961710262636653
4069.125,1108.875,4069.76953125,1109.6732177734375,588572.1484375,-106727.224609375,588575.37109375,-106731.21569824219,1.3876292733204778,6.938146366602389
4024.875,1109.625,4024.41796875,1112.69677734375,588350.8984375,-106730.974609375,588348.61328125,-106746.33349609375,2.953807462390251,14.769037311951255
3857.625,1111.125,3859.13671875,1111.68896484375,587514.6484375,-106738.474609375,587522.20703125,-106741.29443359375,1.918204656793777,9.591023283968884
3905.625,1111.125,3904.48828125,1109.6732177734375,587754.6484375,-106738.474609375,587748.96484375,-106731.21569824219,1.7021862309939613,8.510931154969807
3820.125,1112.625,3820.83984375,1112.69677734375,587327.1484375,-106745.974609375,587330.72265625,-106746.33349609375,1.0101181147747849,5.050590573873924
3832.125,1112.625,3830.91796875,1112.69677734375,587387.1484375,-106745.974609375,587381.11328125,-106746.33349609375,0.899325309585616,4.49662654792808
4076.625,1117.125,4075.81640625,1116.728271484375,588609.6484375,-106768.474609375,588605.60546875,-106766.49096679688,0.5831606729140054,2.915803364570027
4101.375,1117.875,4102.01953125,1117.7362060546875,588733.3984375,-106772.224609375,588736.62109375,-106771.53063964844,1.2555127813251372,6.277563906625686
3964.125,1118.625,3963.94921875,1116.728271484375,588047.1484375,-106775.974609375,588046.26953125,-106766.49096679688,2.004046373531323,10.020231867656616
3886.875,1120.125,3888.36328125,1119.751953125,587660.8984375,-106783.474609375,587668.33984375,-106781.609375,1.8832425677208857,9.416212838604428
3898.125,1120.125,3896.42578125,1120.759765625,587717.1484375,-106783.474609375,587708.65234375,-106786.6484375,1.4582952669902884,7.291476334951442
4016.625,1120.125,4016.35546875,1118.744140625,588309.6484375,-106783.474609375,588308.30078125,-106776.5703125,1.5028402731015562,7.514201365507781
3930.375,1120.875,3930.69140625,1120.759765625,587878.3984375,-106787.224609375,587879.98046875,-106786.6484375,0.7302077905875487,3.6510389529377436
3977.625,1121.625,3976.04296875,1121.7677001953125,588114.6484375,-106790.974609375,588106.73828125,-106791.68811035156,1.146997738810342,5.73498869405171
3992.625,1125.375,3993.17578125,1124.791259765625,588189.6484375,-106809.724609375,588192.40234375,-106806.80590820312,1.2011162893836862,6.0055814469184305
3905.625,1126.125,3906.50390625,1125.7991943359375,587754.6484375,-106813.474609375,587759.04296875,-106811.84558105469,1.2848702322180339,6.424351161090169
3838.875,1126.875,3838.98046875,1128.82275390625,587420.8984375,-106817.224609375,587421.42578125,-106826.96337890625,1.9416803421015085,9.708401710507543
3922.125,1126.875,3921.62109375,1126.80712890625,587837.1484375,-106817.224609375,587834.62890625,-106816.88525390625,0.19908058594605463,0.9954029297302731
4138.875,1129.875,4136.28515625,1127.81494140625,588920.8984375,-106832.224609375,588907.94921875,-106821.92431640625,2.976061296228678,14.880306481143391
4144.875,1131.375,4145.35546875,1131.846435546875,588950.8984375,-106839.724609375,588953.30078125,-106842.08178710938,1.1165522093942561,5.582761046971281
3929.625,1132.875,3929.68359375,1131.846435546875,587874.6484375,-106847.224609375,587874.94140625,-106842.08178710938,1.1694387529360395,5.847193764680197
4126.875,1133.625,4126.20703125,1135.8779296875,588860.8984375,-106850.974609375,588857.55859375,-106862.2392578125,2.1248637052703656,10.624318526351828
3894.375,1134.375,3891.38671875,1132.854248046875,587698.3984375,-106854.724609375,587683.45703125,-106847.12084960938,3.1093930713979834,15.546965356989917
3976.875,1135.875,3977.05078125,1135.8779296875,588110.8984375,-106862.224609375,588111.77734375,-106862.2392578125,0.5722371315885578,2.861185657942789
3937.875,1136.625,3936.73828125,1136.8857421875,587915.8984375,-106865.974609375,587910.21484375,-106867.2783203125,0.8131369345011915,4.065684672505958
4003.875,1136.625,4004.26171875,1135.8779296875,588245.8984375,-106865.974609375,588247.83203125,-106862.2392578125,1.159717770162897,5.798588850814484
3992.625,1137.375,3992.16796875,1138.901611328125,588189.6484375,-106869.724609375,588187.36328125,-106877.35766601562,1.4437996941667912,7.218998470833956
4021.875,1138.875,4018.37109375,1139.909423828125,588335.8984375,-106877.224609375,588318.37890625,-106882.39672851562,3.2149043334707526,16.074521667353764
4114.875,1139.625,4115.12109375,1141.9251708984375,588800.8984375,-106880.974609375,588802.12890625,-106892.47546386719,2.3118326713977826,11.559163356988913
4180.125,1139.625,4179.62109375,1140.917236328125,589127.1484375,-106880.974609375,589124.62890625,-106887.43579101562,1.1531187895924324,5.765593947962162
4192.125,1144.125,4189.69921875,1143.94091796875,589187.1484375,-106903.474609375,589175.01953125,-106902.55419921875,1.858174973487515,9.290874867437575
4157.625,1145.625,4158.45703125,1144.94873046875,589014.6484375,-106910.974609375,589018.80859375,-106907.59326171875,1.6044705126574264,8.022352563287132
4199.625,1145.625,4200.78515625,1145.9566650390625,589224.6484375,-106910.974609375,589230.44921875,-106912.63293457031,1.7701355984118665,8.850677992059332
4168.125,1147.125,4165.51171875,1148.980224609375,589067.1484375,-106918.474609375,589054.08203125,-106927.75073242188,2.6790892530528123,13.395446265264061
4126.125,1147.875,4126.20703125,1147.972412109375,588857.1484375,-106922.224609375,588857.55859375,-106922.71166992188,0.5966005600721085,2.983002800360542
4141.125,1148.625,4142.33203125,1149.9881591796875,588932.1484375,-106925.974609375,588938.18359375,-106932.79040527344,2.133068638220564,10.66534319110282
4208.625,1148.625,4206.83203125,1147.972412109375,589269.6484375,-106925.974609375,589260.68359375,-106922.71166992188,1.434332033899602,7.1716601694980096
3871.875,1150.875,3870.22265625,1153.0118408203125,587585.8984375,-106937.224609375,587577.63671875,-106947.90881347656,2.5386335441736985,12.693167720868493
4218.375,1150.875,4217.91796875,1150.99609375,589318.3984375,-106937.224609375,589316.11328125,-106937.830078125,0.14886165036111285,0.7443082518055643
3736.125,1152.375,3736.18359375,1152.00390625,586907.1484375,-106944.724609375,586907.44140625,-106942.869140625,0.38471159530516935,1.9235579765258468
3748.875,1152.375,3749.28515625,1152.00390625,586970.8984375,-106944.724609375,586972.94921875,-106942.869140625,0.6221633600993977,3.1108168004969885
3922.125,1152.375,3922.62890625,1153.0118408203125,587837.1484375,-106944.724609375,587839.66796875,-106947.90881347656,0.9818407884991573,4.909203942495787
4165.125,1153.125,4164.50390625,1154.019775390625,589052.1484375,-106948.474609375,589049.04296875,-106952.94848632812,0.7728928760849807,3.8644643804249035
4232.625,1155.375,4233.03515625,1156.035400390625,589389.6484375,-106959.724609375,589391.69921875,-106963.02661132812,1.1381791277057467,5.690895638528733
4189.125,1157.625,4187.68359375,1158.05126953125,589172.1484375,-106970.974609375,589164.94140625,-106973.10595703125,0.9377957918615472,4.688978959307736
4219.875,1157.625,4218.92578125,1158.05126953125,589325.8984375,-106970.974609375,589321.15234375,-106973.10595703125,0.46352838392277074,2.3176419196138536
3748.875,1162.125,3749.28515625,1160.06689453125,586970.8984375,-106993.474609375,586972.94921875,-106983.18408203125,2.095398611096574,10.47699305548287
3935.625,1162.875,3934.72265625,1165.1063232421875,587904.6484375,-106997.224609375,587900.13671875,-107008.38122558594,2.2798656767835173,11.399328383917586
4153.875,1163.625,4153.41796875,1163.090576171875,588995.8984375,-107000.974609375,588993.61328125,-106998.30249023438,0.6488169423672461,3.2440847118362304
3922.125,1165.125,3923.63671875,1165.1063232421875,587837.1484375,-107008.474609375,587844.70703125,-107008.38122558594,1.7546381536093512,8.773190768046756
4176.375,1165.125,4175.58984375,1165.1063232421875,589108.3984375,-107008.474609375,589104.47265625,-107008.38122558594,0.30355841545680173,1.5177920772840086
3734.625,1168.875,3735.17578125,1169.1378173828125,586899.6484375,-107027.224609375,586902.40234375,-107028.53869628906,0.648937875072722,3.24468937536361
3747.375,1168.875,3746.26171875,1169.1378173828125,586963.3984375,-107027.224609375,586957.83203125,-107028.53869628906,1.1079812525314294,5.539906262657147
4162.125,1173.375,4159.46484375,1174.17724609375,589037.1484375,-107049.724609375,589023.84765625,-107053.73583984375,2.2939727890121384,11.469863945060691
4180.875,1175.625,4181.63671875,1174.17724609375,589130.8984375,-107060.974609375,589134.70703125,-107053.73583984375,1.9977162349349438,9.988581174674719
3920.625,1176.375,3917.58984375,1176.19287109375,587829.6484375,-107064.724609375,587814.47265625,-107063.81396484375,2.837151746512602,14.18575873256301
3682.125,1182.375,3681.76171875,1181.2322998046875,586637.1484375,-107094.724609375,586635.33203125,-107089.01110839844,1.1685083561065706,5.842541780532853
3694.125,1182.375,3693.85546875,1182.240234375,586697.1484375,-107094.724609375,586695.80078125,-107094.05078125,0.3354756559506489,1.6773782797532444
4179.375,1189.125,4178.61328125,1189.2952880859375,589123.3984375,-107128.474609375,589119.58984375,-107129.32604980469,0.3258341567714171,1.6291707838570855
4207.125,1189.125,4207.83984375,1189.2952880859375,589262.1484375,-107128.474609375,589265.72265625,-107129.32604980469,1.1899756445151286,5.949878222575643
4167.375,1189.875,4163.49609375,1190.30322265625,589063.3984375,-107132.224609375,589044.00390625,-107134.36572265625,3.4664448201219273,17.332224100609636
3917.625,1196.625,3918.59765625,1197.3582763671875,587814.6484375,-107165.974609375,587819.51171875,-107169.64099121094,1.3284193565277247,6.642096782638624
3679.875,1198.875,3679.74609375,1198.3662109375,586625.8984375,-107177.224609375,586625.25390625,-107174.6806640625,0.503607543146964,2.51803771573482
3694.125,1198.875,3693.85546875,1198.3662109375,586697.1484375,-107177.224609375,586695.80078125,-107174.6806640625,0.5799528419058351,2.8997642095291756
4137.375,1207.125,4135.27734375,1209.4527587890625,588913.3984375,-107218.474609375,588902.91015625,-107230.11340332031,2.859704710109952,14.29852355054976
4009.125,1213.125,4008.29296875,1213.4842529296875,588272.1484375,-107248.474609375,588267.98828125,-107250.27087402344,0.727702931426232,3.63851465713116
3924.375,1214.625,3925.65234375,1213.4842529296875,587848.3984375,-107255.974609375,587854.78515625,-107250.27087402344,1.7776764042282363,8.888382021141181
3936.375,1215.375,3935.73046875,1215.5,587908.3984375,-107259.724609375,587905.17578125,-107260.349609375,0.5575344045839324,2.7876720229196623
3606.375,1219.125,3609.19921875,1219.531494140625,586258.3984375,-107278.474609375,586272.51953125,-107280.50708007812,2.612958311808511,13.064791559042554
3874.875,1221.375,3875.26171875,1219.531494140625,587600.8984375,-107289.724609375,587602.83203125,-107280.50708007812,1.8594832089012072,9.297416044506036
3901.875,1224.375,3902.47265625,1223.56298828125,587735.8984375,-107304.724609375,587738.88671875,-107300.66455078125,1.013177395480285,5.065886977401425
3913.875,1224.375,3914.56640625,1223.56298828125,587795.8984375,-107304.724609375,587799.35546875,-107300.66455078125,1.0860211508826587,5.430105754413294
3924.375,1226.625,3924.64453125,1226.586669921875,587848.3984375,-107315.974609375,587849.74609375,-107315.78295898438,0.3244941749870784,1.622470874935392
3935.625,1226.625,3935.73046875,1228.602294921875,587904.6484375,-107315.974609375,587905.17578125,-107325.86108398438,1.997981212499395,9.989906062496974
3947.625,1231.125,3947.82421875,1230.6181640625,587964.6484375,-107338.474609375,587965.64453125,-107335.9404296875,0.5599124018723834,2.7995620093619173
3632.625,1232.625,3631.37109375,1232.6337890625,586389.6484375,-107345.974609375,586383.37890625,-107346.0185546875,1.536313734738884,7.68156867369442
3886.875,1232.625,3888.36328125,1232.6337890625,587660.8984375,-107345.974609375,587668.33984375,-107346.0185546875,1.4843906530464894,7.421953265232447
3875.625,1233.375,3875.26171875,1231.6259765625,587604.6484375,-107349.724609375,587602.83203125,-107340.9794921875,1.752427141685767,8.762135708428836
3901.875,1235.625,3901.46484375,1235.657470703125,587735.8984375,-107360.974609375,587733.84765625,-107361.13696289062,0.4129625413293419,2.0648127066467095
3913.875,1235.625,3915.57421875,1235.657470703125,587795.8984375,-107360.974609375,587804.39453125,-107361.13696289062,1.7154557041249439,8.57727852062472
4248.375,1258.125,4248.15234375,1258.838623046875,589468.3984375,-107473.474609375,589467.28515625,-107477.04272460938,0.6577836576666303,3.2889182883331514
4259.625,1258.125,4260.24609375,1258.838623046875,589524.6484375,-107473.474609375,589527.75390625,-107477.04272460938,1.1402435271468185,5.701217635734093
3802.875,1260.375,3802.69921875,1261.8621826171875,587240.8984375,-107484.724609375,587240.01953125,-107492.16052246094,1.613245744164185,8.066228720820925
3850.125,1267.875,3849.05859375,1267.909423828125,587477.1484375,-107522.224609375,587471.81640625,-107522.39672851562,1.2244870272642614,6.122435136321307
3815.625,1269.375,3814.79296875,1269.9251708984375,587304.6484375,-107529.724609375,587300.48828125,-107532.47546386719,1.209877296099742,6.049386480498709
3908.625,1270.125,3907.51171875,1268.917236328125,587769.6484375,-107533.474609375,587764.08203125,-107527.43579101562,1.6678577715692566,8.339288857846283
4248.375,1270.125,4248.15234375,1269.9251708984375,589468.3984375,-107533.474609375,589467.28515625,-107532.47546386719,0.2541445914783964,1.270722957391982
4260.375,1270.125,4260.24609375,1269.9251708984375,589528.3984375,-107533.474609375,589527.75390625,-107532.47546386719,0.2956954139688467,1.4784770698442333
4296.375,1272.375,4295.51953125,1269.9251708984375,589708.3984375,-107544.724609375,589704.12109375,-107532.47546386719,2.5719948569293476,12.859974284646738
3865.875,1273.125,3867.19921875,1271.94091796875,587555.8984375,-107548.474609375,587562.51953125,-107542.55419921875,1.612196375330672,8.06098187665336
3877.875,1273.125,3878.28515625,1272.94873046875,587615.8984375,-107548.474609375,587617.94921875,-107547.59326171875,0.28974502334841684,1.4487251167420843
4202.625,1273.125,4200.78515625,1273.9566650390625,589239.6484375,-107548.474609375,589230.44921875,-107552.63293457031,1.8160863040101887,9.080431520050944
4214.625,1273.125,4214.89453125,1272.94873046875,589299.6484375,-107548.474609375,589300.99609375,-107547.59326171875,0.5354765232325163,2.677382616162581
4101.875,1117.875,4102.05078125,1117.7362060546875,588735.8984375,-106772.224609375,588736.77734375,-106771.53063964844,0.8053073495683687,4.026536747841844
4116.125,1122.375,4115.15234375,1121.7677001953125,588807.1484375,-106794.724609375,588802.28515625,-106791.68811035156,0.8406497021802003,4.203248510901002
4144.625,1130.625,4144.37890625,1131.846435546875,588949.6484375,-106835.974609375,588948.41796875,-106842.08178710938,1.1347030736786485,5.673515368393243
4126.625,1133.625,4126.23828125,1134.8701171875,588859.6484375,-106850.974609375,588857.71484375,-106857.2001953125,1.1275528980081133,5.637764490040567
4113.875,1139.625,4110.11328125,1140.917236328125,588795.8984375,-106880.974609375,588777.08984375,-106887.43579101562,3.440503294690506,17.20251647345253
4179.875,1139.625,4179.65234375,1139.909423828125,589125.8984375,-106880.974609375,589124.78515625,-106882.39672851562,0.4005732884715145,2.002866442357573
4183.625,1141.875,4184.69140625,1141.9251708984375,589144.6484375,-106892.224609375,589149.98046875,-106892.47546386719,1.6633896921290998,8.316948460645499
4188.875,1144.875,4189.73046875,1143.94091796875,589170.8984375,-106907.224609375,589175.17578125,-106902.55419921875,1.802175640326717,9.010878201633584
4218.125,1150.875,4217.94921875,1150.99609375,589317.1484375,-106937.224609375,589316.26953125,-106937.830078125,0.4285197099645918,2.142598549822959
4165.625,1153.125,4164.53515625,1154.019775390625,589054.6484375,-106948.474609375,589049.19921875,-106952.94848632812,0.9447002688351093,4.7235013441755465
4233.125,1155.375,4233.06640625,1156.035400390625,589392.1484375,-106959.724609375,589391.85546875,-106963.02661132812,0.7507724259849584,3.753862129924792
4189.625,1157.625,4187.71484375,1158.05126953125,589174.6484375,-106970.974609375,589165.09765625,-106973.10595703125,1.3898923869981024,6.949461934990512
4219.625,1157.625,4218.95703125,1158.05126953125,589324.6484375,-106970.974609375,589321.30859375,-106973.10595703125,0.2982603179744916,1.491301589872458
4248.125,1159.875,4245.16015625,1159.05908203125,589467.1484375,-106982.224609375,589452.32421875,-106978.14501953125,2.546113729532554,12.73056864766277
4153.625,1163.625,4153.44921875,1163.090576171875,588994.6484375,-107000.974609375,588993.76953125,-106998.30249023438,0.7220066487799658,3.610033243899829
4270.625,1165.875,4271.36328125,1166.1142578125,589579.6484375,-107012.224609375,589583.33984375,-107013.4208984375,1.3547961651671274,6.773980825835637
4162.625,1173.375,4160.50390625,1174.17724609375,589039.6484375,-107049.724609375,589029.04296875,-107053.73583984375,1.787151446366905,8.935757231834526
4167.125,1189.125,4163.52734375,1190.30322265625,589062.1484375,-107128.474609375,589044.16015625,-107134.36572265625,3.3471244238029945,16.735622119014973
4179.875,1189.125,4178.64453125,1189.2952880859375,589125.8984375,-107128.474609375,589119.74609375,-107129.32604980469,0.789383826591421,3.946919132957105
4404.875,1204.125,4403.38671875,1203.405517578125,590250.8984375,-107203.474609375,590243.45703125,-107199.87719726562,1.222052913124202,6.1102645656210095
4425.125,1209.375,4424.55078125,1209.4527587890625,590352.1484375,-107229.724609375,590349.27734375,-107230.11340332031,0.10939665642869165,0.5469832821434583
4451.375,1217.625,4449.74609375,1216.5078125,590483.3984375,-107270.974609375,590475.25390625,-107265.388671875,1.6129584903152698,8.064792451576348
4473.125,1222.875,4473.93359375,1223.56298828125,590592.1484375,-107297.224609375,590596.19140625,-107300.66455078125,1.55362884156535,7.768144207826751
4485.875,1225.875,4485.01953125,1226.586669921875,590655.8984375,-107312.224609375,590651.62109375,-107315.78295898438,0.5793543133905357,2.8967715669526783
4379.375,1228.125,4379.19921875,1227.594482421875,590123.3984375,-107323.474609375,590122.51953125,-107320.82202148438,0.7531598345837758,3.7657991729188787
4396.625,1228.875,4397.33984375,1228.602294921875,590209.6484375,-107327.224609375,590213.22265625,-107325.86108398438,1.332562721496577,6.662813607482885
4494.125,1228.875,4495.09765625,1230.6181640625,590697.1484375,-107327.224609375,590702.01171875,-107335.9404296875,2.2683479338215653,11.341739669107827
4505.375,1232.625,4505.17578125,1232.6337890625,590753.3984375,-107345.974609375,590752.40234375,-107346.0185546875,0.4861557221722511,2.4307786108612555
4518.875,1236.375,4517.26953125,1235.657470703125,590820.8984375,-107364.724609375,590812.87109375,-107361.13696289062,1.2942826425062601,6.471413212531301
4476.125,1237.875,4475.94921875,1238.68115234375,590607.1484375,-107372.224609375,590606.26953125,-107376.25537109375,0.7850368321939525,3.9251841609697626
4378.625,1238.625,4377.18359375,1237.6732177734375,590119.6484375,-107375.974609375,590112.44140625,-107371.21569824219,1.424050585854751,7.120252929273755
4541.375,1241.625,4540.44921875,1241.7047119140625,590933.3984375,-107390.974609375,590928.76953125,-107391.37316894531,0.27189765543770456,1.3594882771885228
4396.625,1242.375,4396.33203125,1242.712646484375,590209.6484375,-107394.724609375,590208.18359375,-107396.41284179688,0.3066492532451618,1.533246266225809
4382.375,1243.875,4382.22265625,1244.728271484375,590138.3984375,-107402.224609375,590137.63671875,-107406.49096679688,0.8107743439626153,4.053871719813077
4504.625,1247.625,4505.17578125,1247.751953125,590749.6484375,-107420.974609375,590752.40234375,-107421.609375,1.1627593790502262,5.813796895251131
4475.375,1249.875,4475.94921875,1249.7677001953125,590603.3984375,-107432.224609375,590606.26953125,-107431.68811035156,1.1743616058468034,5.871808029234017
4577.375,1252.125,4577.73828125,1251.783447265625,591113.3984375,-107443.474609375,591115.21484375,-107441.76684570312,1.1596843641475898,5.798421820737949
4584.125,1254.375,4582.77734375,1253.7991943359375,591147.1484375,-107454.724609375,591140.41015625,-107451.84558105469,1.0063447676286035,5.031723838143018
4555.625,1256.625,4556.57421875,1257.8306884765625,591004.6484375,-107465.974609375,591009.39453125,-107472.00305175781,1.8998531021886438,9.49926551094322
4248.125,1258.125,4248.18359375,1258.838623046875,589467.1484375,-107473.474609375,589467.44140625,-107477.04272460938,0.7467559898741193,3.7337799493705965
4260.125,1258.125,4260.27734375,1258.838623046875,589527.1484375,-107473.474609375,589527.91015625,-107477.04272460938,0.8007865705288183,4.003932852644091
4476.125,1258.875,4474.94140625,1259.846435546875,590607.1484375,-107477.224609375,590601.23046875,-107482.08178710938,1.0519485674559073,5.2597428372795365
4455.875,1261.125,4453.77734375,1259.846435546875,590505.8984375,-107488.474609375,590495.41015625,-107482.08178710938,2.114015454116651,10.570077270583255
4610.375,1261.125,4608.98046875,1260.854248046875,591278.3984375,-107488.474609375,591271.42578125,-107487.12084960938,0.8400127943543437,4.200063971771718
4614.125,1262.625,4614.01953125,1262.8701171875,591297.1484375,-107495.974609375,591296.62109375,-107497.2001953125,0.5813587675926986,2.9067938379634928
4248.125,1270.125,4248.18359375,1269.9251708984375,589467.1484375,-107533.474609375,589467.44140625,-107532.47546386719,0.41054933286397355,2.0527466643198675
4260.125,1270.125,4260.27734375,1269.9251708984375,589527.1484375,-107533.474609375,589527.91015625,-107532.47546386719,0.5013117862685706,2.506558931342853
4296.125,1271.625,4295.55078125,1269.9251708984375,589707.1484375,-107540.974609375,589704.27734375,-107532.47546386719,1.783560121064466,8.91780060532233
3260.375,1040.375,3260.42578125,1040.247802734375,584528.3984375,-106384.724609375,584528.65234375,-106384.08862304688,0.0655375590389602,0.327687795194801
3259.625,1047.875,3260.42578125,1047.3087158203125,584524.6484375,-106422.224609375,584528.65234375,-106419.39318847656,0.8502351724987179,4.251175862493589
3276.125,1049.375,3276.55078125,1049.3260498046875,584607.1484375,-106429.724609375,584609.27734375,-106429.47985839844,0.3337649585726719,1.6688247928633595
3276.125,1060.625,3276.55078125,1059.4130859375,584607.1484375,-106485.974609375,584609.27734375,-106479.9150390625,1.1684004481738526,5.842002240869263
3366.625,1030.625,3368.29296875,1031.1695556640625,585059.6484375,-106335.974609375,585067.98828125,-106338.69738769531,1.8219374977867218,9.10968748893361
3431.125,1030.625,3431.78515625,1031.1695556640625,585382.1484375,-106335.974609375,585385.44921875,-106338.69738769531,0.9637936200896413,4.818968100448206
3386.125,1031.375,3384.41796875,1030.160888671875,585157.1484375,-106339.724609375,585148.61328125,-106333.65405273438,2.01717604459558,10.0858802229779
3695.875,1032.875,3695.83203125,1032.17822265625,586705.8984375,-106347.224609375,586705.68359375,-106343.74072265625,0.857559858621121,4.287799293105605
3169.375,1035.125,3168.74609375,1035.204345703125,584073.3984375,-106358.474609375,584070.25390625,-106358.87133789062,0.8110278323436407,4.055139161718204
3754.375,1035.875,3754.28515625,1036.2130126953125,586998.3984375,-106362.224609375,586997.94921875,-106363.91467285156,0.4441269595101866,2.220634797550933
3405.625,1036.625,3405.58203125,1037.2216796875,585254.6484375,-106365.974609375,585254.43359375,-106368.9580078125,0.6170234766651853,3.0851173833259264
3716.125,1038.125,3715.98828125,1037.2216796875,586807.1484375,-106373.474609375,586806.46484375,-106368.9580078125,1.0226013934569445,5.113006967284722
3782.875,1038.125,3782.50390625,1038.23046875,587140.8984375,-106373.474609375,587139.04296875,-106374.001953125,0.11442691962963912,0.5721345981481956
3271.375,1040.375,3271.54296875,1040.247802734375,584583.3984375,-106384.724609375,584584.23828125,-106384.08862304688,0.11547036158001792,0.5773518079000896
3700.375,1042.625,3700.87109375,1043.27392578125,586728.3984375,-106395.974609375,586730.87890625,-106399.21923828125,1.0516181996002487,5.258090998001244
3709.375,1042.625,3709.94140625,1042.2652587890625,586773.3984375,-106395.974609375,586776.23046875,-106394.17590332031,1.0530038100834884,5.265019050417442
3430.375,1044.875,3431.78515625,1043.27392578125,585378.3984375,-106407.224609375,585385.44921875,-106399.21923828125,2.1785260899177614,10.892630449588808
3418.375,1045.625,3417.67578125,1046.300048828125,585318.3984375,-106410.974609375,585314.90234375,-106414.34985351562,0.9386167423971551,4.693083711985776
3719.125,1045.625,3718.00390625,1046.300048828125,586822.1484375,-106410.974609375,586816.54296875,-106414.34985351562,0.942544671263535,4.712723356317675
3727.375,1046.375,3727.07421875,1046.300048828125,586863.3984375,-106414.724609375,586861.89453125,-106414.34985351562,0.1820618949782753,0.9103094748913765
3275.875,1047.875,3275.57421875,1049.3260498046875,584605.8984375,-106422.224609375,584604.39453125,-106429.47985839844,1.5710921754532223,7.855460877266111
3404.875,1052.375,3405.58203125,1052.3521728515625,585250.8984375,-106444.724609375,585254.43359375,-106444.61047363281,0.7430822860676553,3.715411430338276
3695.875,1053.125,3695.83203125,1052.3521728515625,586705.8984375,-106448.474609375,586705.68359375,-106444.61047363281,0.8873023595469146,4.436511797734573
3798.625,1053.875,3796.61328125,1053.36083984375,587219.6484375,-106452.224609375,587209.58984375,-106449.65380859375,1.6725479881768426,8.362739940884213
3802.375,1053.875,3802.66015625,1054.36962890625,587238.3984375,-106452.224609375,587239.82421875,-106454.69775390625,0.8433991994676774,4.216995997338387
3821.875,1057.625,3821.80859375,1058.404296875,587335.8984375,-106470.974609375,587335.56640625,-106474.87109375,0.7900779968588085,3.9503899842940426
3276.625,1060.625,3276.58203125,1059.4130859375,584609.6484375,-106485.974609375,584609.43359375,-106479.9150390625,1.142608149839375,5.713040749196875
3771.625,1062.125,3768.39453125,1063.4478759765625,587084.6484375,-106493.474609375,587068.49609375,-106500.08898925781,3.092877957607049,15.464389788035245
3743.125,1065.875,3743.19921875,1065.4652099609375,586942.1484375,-106512.224609375,586942.51953125,-106510.17565917969,0.6416911567791338,3.208455783895669
3754.375,1066.625,3755.29296875,1066.473876953125,586998.3984375,-106515.974609375,587002.98828125,-106515.21899414062,1.303362020228168,6.516810101140839
3734.875,1068.125,3735.13671875,1067.482666015625,586900.8984375,-106523.474609375,586902.20703125,-106520.26293945312,0.9261855899283594,4.630927949641797
3821.875,1072.625,3822.81640625,1072.526123046875,587335.8984375,-106545.974609375,587340.60546875,-106545.48022460938,1.3743937280991196,6.871968640495599
3797.875,1074.125,3798.62890625,1073.5347900390625,587215.8984375,-106553.474609375,587219.66796875,-106550.52355957031,1.3239564604571452,6.619782302285726
3699.625,1075.625,3698.85546875,1075.5521240234375,586724.6484375,-106560.974609375,586720.80078125,-106560.61022949219,0.5027651539629151,2.5138257698145754
3695.125,1076.375,3692.80859375,1077.569580078125,586702.1484375,-106564.724609375,586690.56640625,-106570.69750976562,2.3467235739232866,11.733617869616433
3828.625,1079.375,3825.83984375,1077.569580078125,587369.6484375,-106579.724609375,587355.72265625,-106570.69750976562,3.03574228537895,15.17871142689475
3718.375,1080.875,3720.01953125,1081.6043701171875,586818.3984375,-106587.224609375,586826.62109375,-106590.87145996094,2.046737259880335,10.233686299401674
3728.125,1080.875,3729.08984375,1080.595703125,586867.1484375,-106587.224609375,586871.97265625,-106585.828125,1.3010498981260137,6.505249490630068
3735.625,1082.375,3734.12890625,1081.6043701171875,586904.6484375,-106594.724609375,586897.16796875,-106590.87145996094,1.4513450424436738,7.2567252122183685
3826.375,1083.125,3825.83984375,1082.613037109375,587358.3984375,-106598.474609375,587355.72265625,-106595.91479492188,0.6062194140467562,3.031097070233781
3755.875,1083.875,3755.29296875,1083.6217041015625,587005.8984375,-106602.224609375,587002.98828125,-106600.95812988281,0.4068669389597936,2.034334694798968
3464.125,1086.875,3464.03515625,1086.6478271484375,585547.1484375,-106617.224609375,585546.69921875,-106616.08874511719,0.20726399522520572,1.0363199761260287
3826.375,1086.875,3826.84765625,1087.656494140625,587358.3984375,-106617.224609375,587360.76171875,-106621.13208007812,1.108982554396069,5.544912771980345
3791.875,1087.625,3792.58203125,1087.656494140625,587185.8984375,-106620.974609375,587189.43359375,-106621.13208007812,1.0495250445213793,5.247625222606897
3831.625,1100.375,3830.87890625,1100.76953125,587384.6484375,-106684.724609375,587380.91796875,-106686.697265625,0.5196219721856521,2.5981098609282602
3826.375,1101.125,3825.83984375,1100.76953125,587358.3984375,-106688.474609375,587355.72265625,-106686.697265625,0.4615411956391886,2.3077059781959433
3820.375,1101.875,3818.78515625,1102.7869873046875,587328.3984375,-106692.224609375,587320.44921875,-106696.78454589844,1.5227109400463552,7.613554700231776
3820.375,1113.125,3820.80078125,1112.8739013671875,587328.3984375,-106748.474609375,587330.52734375,-106747.21911621094,0.7796022528381665,3.8980112641908327
3832.375,1113.125,3830.87890625,1112.8739013671875,587388.3984375,-106748.474609375,587380.91796875,-106747.21911621094,1.2277105704591948,6.138552852295974
3473.125,1125.125,3472.09765625,1125.9869384765625,585592.1484375,-106808.474609375,585587.01171875,-106812.78430175781,1.4778943331661054,7.389471665830527
3483.625,1125.125,3483.18359375,1124.978271484375,585644.6484375,-106808.474609375,585642.44140625,-106807.74096679688,0.5511476749840292,2.7557383749201456
3488.125,1135.625,3488.22265625,1134.0565185546875,585667.1484375,-106860.974609375,585667.63671875,-106853.13220214844,1.4898022737342898,7.4490113686714485
3462.625,1143.875,3463.02734375,1144.1434326171875,585539.6484375,-106902.224609375,585541.66015625,-106903.56677246094,0.4231251253994861,2.1156256269974305
3488.125,1146.125,3487.21484375,1146.160888671875,585667.1484375,-106913.474609375,585662.59765625,-106913.65405273438,1.081988768370261,5.409943841851304
3479.125,1148.375,3479.15234375,1148.17822265625,585622.1484375,-106924.724609375,585622.28515625,-106923.74072265625,0.1855322884453182,0.927661442226591
3469.375,1149.125,3469.07421875,1149.18701171875,585573.3984375,-106928.474609375,585571.89453125,-106928.78466796875,0.5197912509552335,2.5989562547761675
3736.375,1152.125,3737.15234375,1151.204345703125,586908.3984375,-106943.474609375,586912.28515625,-106938.87133789062,1.2508589730485131,6.254294865242565
3749.125,1152.125,3748.23828125,1151.204345703125,586972.1484375,-106943.474609375,586967.71484375,-106938.87133789062,1.2066851605851254,6.033425802925628
3749.125,1161.875,3749.24609375,1160.2825927734375,586972.1484375,-106992.224609375,586972.75390625,-106984.26257324219,1.586435008267827,7.932175041339135
3734.875,1168.625,3735.13671875,1168.3521728515625,586900.8984375,-107025.974609375,586902.20703125,-107024.61047363281,0.3813383873853741,1.9066919369268707
3746.875,1169.375,3746.22265625,1169.36083984375,586960.8984375,-107029.724609375,586957.63671875,-107029.65380859375,0.6114894160019853,3.0574470800099265
3681.625,1182.125,3681.72265625,1181.4652099609375,586634.6484375,-107093.474609375,586635.13671875,-107090.17565917969,0.6035737180784333,3.0178685903921663
3694.375,1182.125,3693.81640625,1182.473876953125,586698.3984375,-107093.474609375,586695.60546875,-107095.21899414062,0.7331939277335129,3.6659696386675646
3680.125,1198.625,3679.70703125,1198.613037109375,586627.1484375,-107175.974609375,586625.05859375,-107175.91479492188,0.542412612514409,2.712063062572045
3694.375,1198.625,3693.81640625,1198.613037109375,586698.3984375,-107175.974609375,586695.60546875,-107175.91479492188,0.6667276651115398,3.333638325557699
3632.125,1220.375,3631.33203125,1220.8043212890625,586387.1484375,-107284.724609375,586383.18359375,-107286.87121582031,1.1636507490224193,5.818253745112097
3620.125,1221.125,3620.24609375,1220.8043212890625,586327.1484375,-107288.474609375,586327.75390625,-107286.87121582031,0.24859165790776225,1.2429582895388112
3632.125,1233.125,3631.33203125,1232.90869140625,586387.1484375,-107348.474609375,586383.18359375,-107347.39306640625,1.076779014441202,5.38389507220601
3802.375,1260.125,3802.66015625,1261.152099609375,587238.3984375,-107483.474609375,587239.82421875,-107488.61010742188,1.1182208251598476,5.591104125799237
3815.125,1260.125,3814.75390625,1260.1434326171875,587302.1484375,-107483.474609375,587300.29296875,-107483.56677246094,0.546930595278231,2.7346529763911547
3575.125,1420.625,3574.89453125,1419.517333984375,586102.1484375,-108285.974609375,586100.99609375,-108280.43627929688,1.4051259190019827,7.025629595009914
3695.625,1032.875,3696.0,1033.0,586704.6484375,-106347.224609375,586706.5234375,-106347.849609375,0.7844970690651772,3.922485345325886
3754.125,1035.875,3754.0,1036.0,586997.1484375,-106362.224609375,586996.5234375,-106362.849609375,0.3379128507410609,1.6895642537053046
3769.875,1038.125,3770.0,1039.0,587075.8984375,-106373.474609375,587076.5234375,-106377.849609375,0.9791780278855867,4.895890139427934
3775.125,1038.125,3775.0,1039.0,587102.1484375,-106373.474609375,587101.5234375,-106377.849609375,0.8510566111121068,4.255283055560534
3782.625,1038.125,3783.0,1038.0,587139.6484375,-106373.474609375,587141.5234375,-106372.849609375,0.8898395423078923,4.449197711539462
3700.875,1043.375,3700.0,1043.0,586730.8984375,-106399.724609375,586726.5234375,-106397.849609375,0.6656000070729922,3.328000035364961
3782.625,1044.875,3783.0,1045.0,587139.6484375,-106407.224609375,587141.5234375,-106407.849609375,0.8398194442106099,4.19909722105305
3840.375,1044.875,3838.0,1045.0,587428.3984375,-106407.224609375,587416.5234375,-106407.849609375,1.8487391454180897,9.243695727090449
3718.125,1045.625,3718.0,1046.0,586817.1484375,-106410.974609375,586816.5234375,-106412.849609375,0.40212823674210096,2.0106411837105047
3695.625,1053.125,3696.0,1053.0,586704.6484375,-106448.474609375,586706.5234375,-106447.849609375,0.7441652370911557,3.7208261854557785
3790.875,1053.125,3791.0,1052.0,587180.8984375,-106448.474609375,587181.5234375,-106442.849609375,1.3451593763227698,6.725796881613849
3826.875,1053.125,3827.0,1052.0,587360.8984375,-106448.474609375,587361.5234375,-106442.849609375,1.3725412245389768,6.862706122694884
3802.125,1053.875,3803.0,1055.0,587237.1484375,-106452.224609375,587241.5234375,-106457.849609375,1.684011376857,8.420056884285
3733.125,1055.375,3733.0,1058.0,586892.1484375,-106459.724609375,586891.5234375,-106472.849609375,2.5662129499343647,12.831064749671823
3822.375,1058.375,3822.0,1059.0,587338.3984375,-106474.724609375,587336.5234375,-106477.849609375,0.5348503451950699,2.6742517259753495
3838.125,1059.125,3837.0,1059.0,587417.1484375,-106478.474609375,587411.5234375,-106477.849609375,0.68406473823785,3.4203236911892496
3733.125,1062.125,3733.0,1063.0,586892.1484375,-106493.474609375,586891.5234375,-106497.849609375,0.8424067519358865,4.212033759679433
3771.375,1062.125,3769.0,1063.0,587083.3984375,-106493.474609375,587071.5234375,-106497.849609375,2.130785558669112,10.65392779334556
3883.125,1065.125,3883.0,1065.0,587642.1484375,-106508.474609375,587641.5234375,-106507.849609375,0.4515104032908104,2.257552016454052
3742.875,1065.875,3744.0,1066.0,586940.8984375,-106512.224609375,586946.5234375,-106512.849609375,1.4829610808838276,7.414805404419138
3754.125,1065.875,3755.0,1066.0,586997.1484375,-106512.224609375,587001.5234375,-106512.849609375,1.24508685876591,6.225434293829551
3694.875,1066.625,3694.0,1065.0,586700.8984375,-106515.974609375,586696.5234375,-106507.849609375,1.7690451311163504,8.845225655581752
3797.625,1066.625,3798.0,1067.0,587214.6484375,-106515.974609375,587216.5234375,-106517.849609375,0.8406918240499744,4.203459120249872
3735.375,1068.125,3736.0,1068.0,586903.3984375,-106523.474609375,586906.5234375,-106522.849609375,0.9844641250691435,4.9223206253457175
3877.875,1069.625,3878.0,1070.0,587615.8984375,-106530.974609375,587616.5234375,-106532.849609375,0.6712168151768775,3.3560840758843873
3821.625,1072.625,3822.0,1072.0,587334.6484375,-106545.974609375,587336.5234375,-106542.849609375,1.0661740838004035,5.330870419002017
3841.875,1072.625,3842.0,1073.0,587435.8984375,-106545.974609375,587436.5234375,-106547.849609375,0.6339257201299983,3.1696286006499914
3798.375,1074.125,3798.0,1074.0,587218.3984375,-106553.474609375,587216.5234375,-106552.849609375,0.20175471640797132,1.0087735820398567
3947.625,1074.875,3946.0,1076.0,587964.6484375,-106557.224609375,587956.5234375,-106562.849609375,1.4698775675320752,7.349387837660376
3699.375,1075.625,3699.0,1076.0,586723.3984375,-106560.974609375,586721.5234375,-106562.849609375,0.345769548267054,1.72884774133527
3808.125,1076.375,3808.0,1076.0,587267.1484375,-106564.724609375,587266.5234375,-106562.849609375,0.5264160680888991,2.6320803404444955
3955.125,1077.875,3955.0,1077.0,588002.1484375,-106572.224609375,588001.5234375,-106567.849609375,1.0845224629613288,5.422612314806644
3792.375,1078.625,3792.0,1080.0,587188.3984375,-106575.974609375,587186.5234375,-106582.849609375,1.3047848834635247,6.523924417317623
3824.625,1079.375,3822.0,1079.0,587349.6484375,-106579.724609375,587336.5234375,-106577.849609375,2.2684264869012383,11.34213243450619
3900.375,1080.125,3897.0,1081.0,587728.3984375,-106583.474609375,587711.5234375,-106587.849609375,2.9943193511516917,14.971596755758458
3717.375,1080.875,3719.0,1081.0,586813.3984375,-106587.224609375,586821.5234375,-106587.849609375,1.9097429525307799,9.5487147626539
3731.625,1080.875,3730.0,1081.0,586884.6484375,-106587.224609375,586876.5234375,-106587.849609375,1.3289068019584718,6.644534009792359
3932.625,1080.875,3933.0,1080.0,587889.6484375,-106587.224609375,587891.5234375,-106582.849609375,1.3297181731870833,6.648590865935416
3625.125,1081.625,3625.0,1080.0,586352.1484375,-106590.974609375,586351.5234375,-106582.849609375,1.6390576336580773,8.195288168290386
3940.875,1081.625,3940.0,1082.0,587930.8984375,-106590.974609375,587926.5234375,-106592.849609375,0.4391118443218385,2.1955592216091926
3971.625,1081.625,3971.0,1082.0,588084.6484375,-106590.974609375,588081.5234375,-106592.849609375,0.2590861916362301,1.2954309581811505
3735.375,1082.375,3735.0,1082.0,586903.3984375,-106594.724609375,586901.5234375,-106592.849609375,0.4303495132963391,2.1517475664816956
3827.625,1083.125,3826.0,1084.0,587364.6484375,-106598.474609375,587356.5234375,-106602.849609375,1.4663574884423687,7.331787442211843
3745.125,1083.875,3743.0,1083.0,586952.1484375,-106602.224609375,586941.5234375,-106597.849609375,2.043003151587762,10.21501575793881
3755.625,1083.875,3755.0,1084.0,587004.6484375,-106602.224609375,587001.5234375,-106602.849609375,0.31834066425234553,1.5917033212617278
3865.875,1084.625,3866.0,1085.0,587555.8984375,-106605.974609375,587556.5234375,-106607.849609375,0.625020609184992,3.12510304592496
3843.375,1086.125,3842.0,1086.0,587443.3984375,-106613.474609375,587436.5234375,-106612.849609375,0.994487262827738,4.97243631413869
3990.375,1086.875,3990.0,1087.0,588178.3984375,-106617.224609375,588176.5234375,-106617.849609375,0.18228930396693732,0.9114465198346866
3792.375,1087.625,3792.0,1087.0,587188.3984375,-106620.974609375,587186.5234375,-106617.849609375,0.6880698379883944,3.440349189941972
3870.375,1089.125,3871.0,1089.0,587578.3984375,-106628.474609375,587581.5234375,-106627.849609375,1.067742208954162,5.338711044770809
3999.375,1089.125,3999.0,1089.0,588223.3984375,-106628.474609375,588221.5234375,-106627.849609375,0.31376702052173533,1.5688351026086766
3887.625,1089.875,3887.0,1090.0,587664.6484375,-106632.224609375,587661.5234375,-106632.849609375,0.19021013392329264,0.9510506696164632
4003.125,1090.625,4004.0,1091.0,588242.1484375,-106635.974609375,588246.5234375,-106637.849609375,1.455401299402465,7.277006497012325
4017.375,1095.875,4016.0,1094.0,588313.3984375,-106662.224609375,588306.5234375,-106652.849609375,2.1634159557690995,10.817079778845498
3919.125,1097.375,3918.0,1095.0,587822.1484375,-106669.724609375,587816.5234375,-106657.849609375,2.561036575564391,12.805182877821954
3988.875,1098.875,3989.0,1097.0,588170.8984375,-106677.224609375,588171.5234375,-106667.849609375,2.092852944377738,10.46426472188869
3806.625,1099.625,3806.0,1098.0,587259.6484375,-106680.974609375,587256.5234375,-106672.849609375,1.7086985003798245,8.543492501899122
3826.125,1100.375,3826.0,1100.0,587357.1484375,-106684.724609375,587356.5234375,-106682.849609375,0.48681824525838324,2.4340912262919163
3844.125,1100.375,3844.0,1100.0,587447.1484375,-106684.724609375,587446.5234375,-106682.849609375,0.5008034128100395,2.5040170640501973
3820.125,1101.875,3819.0,1102.0,587327.1484375,-106692.224609375,587321.5234375,-106692.849609375,0.7994708619350994,3.9973543096754973
4044.375,1102.625,4043.0,1103.0,588448.3984375,-106695.974609375,588441.5234375,-106697.849609375,0.8444671108209695,4.2223355541048475
4057.125,1105.625,4056.0,1105.0,588512.1484375,-106710.974609375,588506.5234375,-106707.849609375,0.9387485173673225,4.6937425868366125
3964.125,1107.125,3965.0,1107.0,588047.1484375,-106718.474609375,588051.5234375,-106717.849609375,1.3604121286076762,6.802060643038381
3976.875,1107.125,3977.0,1108.0,588110.8984375,-106718.474609375,588111.5234375,-106722.849609375,0.9791253777393525,4.895626888696762
3898.875,1107.875,3900.0,1110.0,587720.8984375,-106722.224609375,587726.5234375,-106732.849609375,2.548176833104697,12.740884165523486
4024.875,1109.375,4025.0,1112.0,588350.8984375,-106729.724609375,588351.5234375,-106742.849609375,2.58889832804767,12.944491640238349
3906.375,1110.125,3905.0,1110.0,587758.3984375,-106733.474609375,587751.5234375,-106732.849609375,1.0008818630165708,5.004409315082854
4075.125,1110.875,4075.0,1111.0,588602.1484375,-106737.224609375,588601.5234375,-106737.849609375,0.4490352273165447,2.2451761365827236
3733.875,1113.125,3731.0,1114.0,586895.8984375,-106748.474609375,586881.5234375,-106752.849609375,2.8071489319756897,14.035744659878448
3820.125,1113.125,3820.0,1113.0,587327.1484375,-106748.474609375,587326.5234375,-106747.849609375,0.24214130839392795,1.2107065419696397
4075.125,1116.125,4076.0,1117.0,588602.1484375,-106763.474609375,588606.5234375,-106767.849609375,1.6151132208495813,8.075566104247907
4089.375,1118.375,4090.0,1119.0,588673.3984375,-106774.724609375,588676.5234375,-106777.849609375,1.2890142724755473,6.445071362377737
3964.125,1119.125,3964.0,1120.0,588047.1484375,-106778.474609375,588046.5234375,-106782.849609375,0.8414109479512631,4.207054739756316
3898.125,1119.875,3896.0,1120.0,587717.1484375,-106782.224609375,587706.5234375,-106782.849609375,1.7696419694856629,8.848209847428315
4016.625,1119.875,4017.0,1119.0,588309.6484375,-106782.224609375,588311.5234375,-106777.849609375,1.3042829976474029,6.521414988237014
3886.875,1120.625,3888.0,1120.0,587660.8984375,-106785.974609375,587666.5234375,-106782.849609375,1.6206641177057919,8.103320588528959
3930.375,1120.625,3931.0,1120.0,587878.3984375,-106785.974609375,587881.5234375,-106782.849609375,1.2336184513068436,6.1680922565342176
3976.875,1121.375,3977.0,1123.0,588110.8984375,-106789.724609375,588111.5234375,-106797.849609375,1.6317541610140316,8.158770805070159
4115.625,1122.875,4115.0,1122.0,588804.6484375,-106797.224609375,588801.5234375,-106792.849609375,1.012636113385088,5.063180566925441
3941.625,1125.125,3943.0,1125.0,587934.6484375,-106808.474609375,587941.5234375,-106807.849609375,1.7733357455316976,8.866678727658488
3992.625,1125.125,3993.0,1124.0,588189.6484375,-106808.474609375,588191.5234375,-106802.849609375,1.467603895487331,7.338019477436655
4125.375,1125.125,4122.0,1124.0,588853.3984375,-106808.474609375,588836.5234375,-106802.849609375,3.0636172998918654,15.318086499459326
3905.625,1125.875,3906.0,1127.0,587754.6484375,-106812.224609375,587756.5234375,-106817.849609375,1.2813589220777237,6.406794610388618
4129.875,1125.875,4127.0,1125.0,588875.8984375,-106812.224609375,588861.5234375,-106807.849609375,2.503148044911466,12.51574022455733
3922.125,1126.625,3922.0,1127.0,587837.1484375,-106815.974609375,587836.5234375,-106817.849609375,0.38549746618798497,1.927487330939925
3763.875,1128.125,3761.0,1128.0,587045.8984375,-106823.474609375,587031.5234375,-106822.849609375,2.692014217280366,13.46007108640183
3627.375,1129.625,3630.0,1131.0,586363.3984375,-106830.974609375,586376.5234375,-106837.849609375,3.0081472946945067,15.040736473472533
3929.625,1132.625,3930.0,1132.0,587874.6484375,-106845.974609375,587876.5234375,-106842.849609375,1.0029985272635311,5.014992636317656
3936.375,1132.625,3936.0,1133.0,587908.3984375,-106845.974609375,587906.5234375,-106847.849609375,0.3058305066990297,1.5291525334951486
3976.875,1136.375,3978.0,1136.0,588110.8984375,-106864.724609375,588116.5234375,-106862.849609375,1.5814308242928035,7.907154121464018
3949.125,1137.125,3950.0,1136.0,587972.1484375,-106868.474609375,587976.5234375,-106862.849609375,1.7166814571597306,8.583407285798653
3992.625,1137.125,3992.0,1139.0,588189.6484375,-106868.474609375,588186.5234375,-106877.849609375,1.8045263108563216,9.022631554281608
4140.375,1138.625,4140.0,1138.0,588928.3984375,-106875.974609375,588926.5234375,-106872.849609375,0.7777207026533626,3.888603513266813
4021.875,1139.375,4019.0,1139.0,588335.8984375,-106879.724609375,588321.5234375,-106877.849609375,2.4904126726689824,12.452063363344912
4180.125,1140.125,4180.0,1141.0,589127.1484375,-106883.474609375,589126.5234375,-106887.849609375,0.8709189968377297,4.354594984188648
4126.125,1148.375,4126.0,1148.0,588857.1484375,-106924.724609375,588856.5234375,-106922.849609375,0.6268775587387764,3.134387793693882
4141.125,1149.125,4141.0,1148.0,588932.1484375,-106928.474609375,588931.5234375,-106922.849609375,1.3098947744329255,6.5494738721646275
4218.375,1150.625,4218.0,1151.0,589318.3984375,-106935.974609375,589316.5234375,-106937.849609375,0.3245110116448434,1.6225550582242172
3871.875,1151.375,3870.0,1152.0,587585.8984375,-106939.724609375,587576.5234375,-106942.849609375,1.74793170537922,8.7396585268961
3736.875,1152.125,3737.0,1151.0,586910.8984375,-106943.474609375,586911.5234375,-106937.849609375,1.131858247914998,5.65929123957499
3748.875,1152.125,3749.0,1152.0,586970.8984375,-106943.474609375,586971.5234375,-106942.849609375,0.25016086549658983,1.2508043274829492
3922.125,1152.875,3923.0,1153.0,587837.1484375,-106947.224609375,587841.5234375,-106947.849609375,1.1575595449147682,5.787797724573841
4165.125,1153.625,4165.0,1153.0,589052.1484375,-106950.974609375,589051.5234375,-106947.849609375,0.8569578351620866,4.284789175810433
4153.875,1155.125,4154.0,1154.0,588995.8984375,-106958.474609375,588996.5234375,-106952.849609375,1.4035334210502681,7.01766710525134
4232.625,1155.875,4233.0,1156.0,589389.6484375,-106962.224609375,589391.5234375,-106962.849609375,0.9789179007212205,4.8945895036061025
4189.125,1157.375,4188.0,1158.0,589172.1484375,-106969.724609375,589166.5234375,-106972.849609375,0.7567324901249802,3.783662450624901
4219.125,1157.375,4219.0,1158.0,589322.1484375,-106969.724609375,589321.5234375,-106972.849609375,0.6681383614678932,3.340691807339466
3748.875,1161.875,3750.0,1160.0,586970.8984375,-106992.224609375,586976.5234375,-106982.849609375,2.2069460597174833,11.034730298587416
3935.625,1162.625,3935.0,1165.0,587904.6484375,-106995.974609375,587901.5234375,-107007.849609375,2.3597213106894905,11.798606553447453
4153.875,1163.375,4153.0,1163.0,588995.8984375,-106999.724609375,588991.5234375,-106997.849609375,0.6182489039971789,3.0912445199858944
4141.125,1164.125,4142.0,1164.0,588932.1484375,-107003.474609375,588936.5234375,-107002.849609375,1.3750414159997786,6.8752070799988925
3922.125,1164.875,3923.0,1165.0,587837.1484375,-107007.224609375,587841.5234375,-107007.849609375,1.1213146862088477,5.6065734310442386
4165.125,1164.875,4165.0,1164.0,589052.1484375,-107007.224609375,589051.5234375,-107002.849609375,1.0606525920323724,5.303262960161862
4176.375,1164.875,4176.0,1165.0,589108.3984375,-107007.224609375,589106.5234375,-107007.849609375,0.14063763739191523,0.7031881869595762
3734.625,1168.625,3735.0,1169.0,586899.6484375,-107025.974609375,586901.5234375,-107027.849609375,0.5712695506786128,2.8563477533930643
3747.375,1168.625,3746.0,1169.0,586963.3984375,-107025.974609375,586956.5234375,-107027.849609375,1.3896034872718235,6.948017436359118
4198.875,1170.875,4197.0,1174.0,589220.8984375,-107037.224609375,589211.5234375,-107052.849609375,3.294498022890817,16.472490114454086
4162.125,1173.125,4161.0,1174.0,589037.1484375,-107048.474609375,589031.5234375,-107052.849609375,1.0058619132184299,5.02930956609215
3952.125,1173.875,3950.0,1172.0,587987.1484375,-107052.224609375,587976.5234375,-107042.849609375,2.6809910882195065,13.404955441097533
4180.875,1175.375,4181.0,1175.0,589130.8984375,-107059.724609375,589131.5234375,-107057.849609375,0.7826423418805944,3.9132117094029724
3920.625,1176.125,3918.0,1177.0,587829.6484375,-107063.474609375,587816.5234375,-107067.849609375,2.563178833217409,12.815894166087045
3682.125,1182.125,3682.0,1182.0,586637.1484375,-107093.474609375,586636.5234375,-107092.849609375,0.2046546953793186,1.023273476896593
3694.125,1182.125,3694.0,1182.0,586697.1484375,-107093.474609375,586696.5234375,-107092.849609375,0.19398863582487702,0.9699431791243851
4179.375,1189.625,4179.0,1189.0,589123.3984375,-107130.974609375,589121.5234375,-107127.849609375,0.7268172914438513,3.6340864572192566
4207.125,1189.625,4207.0,1189.0,589262.1484375,-107130.974609375,589261.5234375,-107127.849609375,0.8107427950987806,4.053713975493903
4141.875,1191.125,4138.0,1191.0,588935.8984375,-107138.474609375,588916.5234375,-107137.849609375,3.4840053731866027,17.420026865933014
3917.625,1196.375,3919.0,1197.0,587814.6484375,-107164.724609375,587821.5234375,-107167.849609375,1.6365605366037974,8.182802683018988
3679.875,1198.625,3680.0,1198.0,586625.8984375,-107175.974609375,586626.5234375,-107172.849609375,0.5530042300127174,2.765021150063587
3694.125,1198.625,3694.0,1199.0,586697.1484375,-107175.974609375,586696.5234375,-107177.849609375,0.49909313338716943,2.4954656669358473
3946.875,1206.125,3944.0,1207.0,587960.8984375,-107213.474609375,587946.5234375,-107217.849609375,2.867295896738823,14.336479483694117
3646.875,1212.125,3647.0,1210.0,586460.8984375,-107243.474609375,586461.5234375,-107232.849609375,2.0316923762954984,10.158461881477493
3923.625,1215.125,3925.0,1213.0,587844.6484375,-107258.474609375,587851.5234375,-107247.849609375,2.574672466107247,12.873362330536235
3936.375,1215.125,3936.0,1215.0,587908.3984375,-107258.474609375,587906.5234375,-107257.849609375,0.2984145700252432,1.492072850126216
3606.375,1218.875,3609.0,1219.0,586258.3984375,-107277.224609375,586271.5234375,-107277.849609375,2.374185911456039,11.870929557280194
3631.875,1220.375,3632.0,1221.0,586385.8984375,-107284.724609375,586386.5234375,-107287.849609375,0.7407879812217255,3.7039399061086273
4166.625,1220.375,4167.0,1220.0,589059.6484375,-107284.724609375,589061.5234375,-107282.849609375,0.8352620978385962,4.176310489192981
3825.375,1221.125,3824.0,1222.0,587353.3984375,-107288.474609375,587346.5234375,-107292.849609375,1.6831888832804904,8.415944416402452
3874.875,1221.125,3875.0,1220.0,587600.8984375,-107288.474609375,587601.5234375,-107282.849609375,1.106058239301657,5.530291196508284
3901.875,1224.125,3902.0,1224.0,587735.8984375,-107303.474609375,587736.5234375,-107302.849609375,0.19264863854165776,0.9632431927082887
3913.875,1224.125,3914.0,1224.0,587795.8984375,-107303.474609375,587796.5234375,-107302.849609375,0.20564939522514808,1.0282469761257405
3924.375,1226.375,3924.0,1226.0,587848.3984375,-107314.724609375,587846.5234375,-107312.849609375,0.48034870146817604,2.40174350734088
3886.875,1232.375,3887.0,1233.0,587660.8984375,-107344.724609375,587661.5234375,-107347.849609375,0.670291795411852,3.35145897705926
3632.625,1233.125,3631.0,1233.0,586389.6484375,-107348.474609375,586381.5234375,-107347.849609375,1.9037833012257956,9.518916506128978
3875.625,1233.125,3875.0,1232.0,587604.6484375,-107348.474609375,587601.5234375,-107342.849609375,1.2625263615640228,6.312631807820114
3619.875,1233.875,3620.0,1233.0,586325.8984375,-107352.224609375,586326.5234375,-107347.849609375,0.7713413596876281,3.8567067984381405
3913.875,1235.375,3915.0,1236.0,587795.8984375,-107359.724609375,587801.5234375,-107362.849609375,1.3146231333547465,6.573115666773733
3901.875,1236.125,3901.0,1236.0,587735.8984375,-107363.474609375,587731.5234375,-107362.849609375,0.8791215885007049,4.395607942503524
4133.625,1240.625,4133.0,1241.0,588894.6484375,-107385.974609375,588891.5234375,-107387.849609375,0.5145254215049714,2.572627107524857
3662.625,1245.125,3663.0,1244.0,586539.6484375,-107408.474609375,586541.5234375,-107402.849609375,1.0105958515956601,5.052979257978301
3663.375,1248.875,3664.0,1249.0,586543.3984375,-107427.224609375,586546.5234375,-107427.849609375,0.4123556702738973,2.0617783513694867
4129.125,1251.125,4131.0,1252.0,588872.1484375,-107438.474609375,588881.5234375,-107442.849609375,2.239362690295469,11.196813451477345
3757.125,1252.625,3757.0,1251.0,587012.1484375,-107445.974609375,587011.5234375,-107437.849609375,1.5659484145959202,7.829742072979601
4260.375,1257.875,4260.0,1258.0,589528.3984375,-107472.224609375,589526.5234375,-107472.849609375,0.08271835507067646,0.4135917753533823
4248.375,1258.625,4248.0,1259.0,589468.3984375,-107475.974609375,589466.5234375,-107477.849609375,0.3226884232744456,1.613442116372228
3802.875,1260.125,3803.0,1262.0,587240.8984375,-107483.474609375,587241.5234375,-107492.849609375,1.9617842675044082,9.80892133752204
3836.625,1267.625,3837.0,1268.0,587409.6484375,-107520.974609375,587411.5234375,-107522.849609375,0.5019014335526644,2.5095071677633216
3850.125,1267.625,3849.0,1268.0,587477.1484375,-107520.974609375,587471.5234375,-107522.849609375,1.3548839423776375,6.7744197118881875
3815.625,1269.875,3815.0,1270.0,587304.6484375,-107532.224609375,587301.5234375,-107532.849609375,0.8489424510692519,4.2447122553462595
4259.625,1269.875,4260.0,1270.0,589524.6484375,-107532.224609375,589526.5234375,-107532.849609375,0.6588822501845482,3.2944112509227406
4296.375,1270.625,4297.0,1270.0,589708.3984375,-107535.974609375,589711.5234375,-107532.849609375,1.168155425212361,5.840777126061805
3877.875,1272.875,3878.0,1273.0,587615.8984375,-107547.224609375,587616.5234375,-107547.849609375,0.19826626999769278,0.991331349988464
4201.875,1272.875,4201.0,1273.0,589235.8984375,-107547.224609375,589231.5234375,-107547.849609375,0.672495995888324,3.36247997944162
3943.125,1273.625,3941.0,1273.0,587942.1484375,-107550.974609375,587931.5234375,-107547.849609375,2.26947229175411,11.34736145877055
4214.625,1273.625,4215.0,1273.0,589299.6484375,-107550.974609375,589301.5234375,-107547.849609375,0.8897124503971485,4.448562251985742
3813.375,1275.875,3815.0,1275.0,587293.3984375,-107562.224609375,587301.5234375,-107557.849609375,1.6088060013009462,8.04403000650473
3800.625,1276.625,3802.0,1276.0,587229.6484375,-107565.974609375,587236.5234375,-107562.849609375,1.2562615680496199,6.2813078402480995
3821.625,1276.625,3824.0,1278.0,587334.6484375,-107565.974609375,587346.5234375,-107572.849609375,2.6160812032366563,13.080406016183282
3909.375,1278.125,3912.0,1277.0,587773.3984375,-107573.474609375,587786.5234375,-107567.849609375,2.718181133339659,13.590905666698294
3850.125,1279.625,3851.0,1279.0,587477.1484375,-107580.974609375,587481.5234375,-107577.849609375,0.8710861887490675,4.355430943745338
3836.625,1280.375,3839.0,1281.0,587409.6484375,-107584.724609375,587421.5234375,-107587.849609375,2.2846038106216113,11.423019053108057
4192.125,1280.375,4191.0,1281.0,589187.1484375,-107584.724609375,589181.5234375,-107587.849609375,1.1244966096201405,5.622483048100703
3919.875,1283.375,3921.0,1283.0,587825.8984375,-107599.724609375,587831.5234375,-107597.849609375,1.0449234730983152,5.224617365491576
3931.875,1283.375,3933.0,1283.0,587885.8984375,-107599.724609375,587891.5234375,-107597.849609375,1.0583754132041838,5.291877066020919
3875.625,1284.875,3875.0,1286.0,587604.6484375,-107607.224609375,587601.5234375,-107612.849609375,1.451549918746636,7.25774959373318
4201.125,1290.125,4201.0,1290.0,589232.1484375,-107633.474609375,589231.5234375,-107632.849609375,0.14544597374054313,0.7272298687027157
4213.125,1290.125,4213.0,1289.0,589292.1484375,-107633.474609375,589291.5234375,-107627.849609375,1.147082811087907,5.735414055439535
4249.125,1290.125,4249.0,1292.0,589472.1484375,-107633.474609375,589471.5234375,-107642.849609375,1.8437625476171984,9.218812738085992
3862.875,1291.625,3862.0,1292.0,587540.8984375,-107640.974609375,587536.5234375,-107642.849609375,1.1846123445668668,5.923061722834334
3874.875,1291.625,3874.0,1293.0,587600.8984375,-107640.974609375,587596.5234375,-107647.849609375,1.8172374469243677,9.086187234621839
3931.875,1293.875,3932.0,1296.0,587885.8984375,-107652.224609375,587886.5234375,-107662.849609375,2.1987670290289296,10.993835145144647
3921.375,1294.625,3921.0,1295.0,587833.3984375,-107655.974609375,587831.5234375,-107657.849609375,0.7003079767954252,3.5015398839771263
4226.625,1299.125,4226.0,1302.0,589359.6484375,-107678.474609375,589356.5234375,-107692.849609375,2.895751052565273,14.478755262826366
3719.625,1308.875,3719.0,1307.0,586824.6484375,-107727.224609375,586821.5234375,-107717.849609375,2.0115413105541124,10.057706552770561
3937.875,1322.375,3938.0,1323.0,587915.8984375,-107794.724609375,587916.5234375,-107797.849609375,0.7290137358896117,3.6450686794480585
3949.875,1322.375,3951.0,1322.0,587975.8984375,-107794.724609375,587981.5234375,-107792.849609375,0.9531784806936469,4.765892403468234
3823.125,1327.625,3824.0,1326.0,587342.1484375,-107820.974609375,587346.5234375,-107812.849609375,1.5707109337139755,7.853554668569878
3795.375,1332.875,3794.0,1333.0,587203.3984375,-107847.224609375,587196.5234375,-107847.849609375,1.8091224644836086,9.045612322418043
3807.375,1332.875,3807.0,1333.0,587263.3984375,-107847.224609375,587261.5234375,-107847.849609375,0.821718159945421,4.1085907997271045
3937.875,1333.625,3938.0,1334.0,587915.8984375,-107850.974609375,587916.5234375,-107852.849609375,0.5008402347152706,2.504201173576353
3949.125,1333.625,3951.0,1331.0,587972.1484375,-107850.974609375,587981.5234375,-107837.849609375,3.0001011575587415,15.000505787793708
3748.125,1336.625,3749.0,1334.0,586967.1484375,-107865.974609375,586971.5234375,-107852.849609375,2.4862248666281057,12.431124333140529
3949.125,1342.625,3950.0,1343.0,587972.1484375,-107895.974609375,587976.5234375,-107897.849609375,0.7697937011372586,3.848968505686293
3794.625,1344.875,3794.0,1346.0,587199.6484375,-107907.224609375,587196.5234375,-107912.849609375,1.6782805697721788,8.391402848860894
3807.375,1344.875,3807.0,1345.0,587263.3984375,-107907.224609375,587261.5234375,-107907.849609375,0.8602329181807704,4.301164590903852
3937.125,1347.125,3936.0,1346.0,587912.1484375,-107918.474609375,587906.5234375,-107912.849609375,1.7483212640114092,8.741606320057047
3968.625,1347.875,3969.0,1346.0,588069.6484375,-107922.224609375,588071.5234375,-107912.849609375,1.7687302447144726,8.843651223572364
3979.125,1355.375,3979.0,1355.0,588122.1484375,-107959.724609375,588121.5234375,-107957.849609375,0.48708802248028954,2.4354401124014475
3994.125,1355.375,3994.0,1356.0,588197.1484375,-107959.724609375,588196.5234375,-107962.849609375,0.8317890451830772,4.158945225915386
3968.625,1359.125,3968.0,1359.0,588069.6484375,-107978.474609375,588066.5234375,-107977.849609375,0.9331001987456499,4.66550099372825
3952.125,1359.875,3953.0,1360.0,587987.1484375,-107982.224609375,587991.5234375,-107982.849609375,0.6013871831293388,3.006935915646694
3998.625,1362.125,3999.0,1362.0,588219.6484375,-107993.474609375,588221.5234375,-107992.849609375,0.09075962033033035,0.45379810165165174
3844.875,1362.875,3846.0,1362.0,587450.8984375,-107997.224609375,587456.5234375,-107992.849609375,0.9796492640323177,4.898246320161588
3859.875,1363.625,3860.0,1363.0,587525.8984375,-108000.974609375,587526.5234375,-107997.849609375,0.5621368456466125,2.8106842282330624
4036.125,1364.375,4035.0,1365.0,588407.1484375,-108004.724609375,588401.5234375,-108007.849609375,1.556926504920158,7.78463252460079
3832.875,1366.625,3836.0,1366.0,587390.8984375,-108015.974609375,587406.5234375,-108012.849609375,2.6869358624783235,13.434679312391618
3978.375,1367.375,3978.0,1366.0,588118.3984375,-108019.724609375,588116.5234375,-108012.849609375,1.4333418650000098,7.166709325000049
3845.625,1374.875,3845.0,1374.0,587454.6484375,-108057.224609375,587451.5234375,-108052.849609375,1.3164825952812513,6.582412976406257
3981.375,1374.875,3981.0,1375.0,588133.3984375,-108057.224609375,588131.5234375,-108057.849609375,0.7616463325670706,3.808231662835353
3751.875,1392.875,3754.0,1394.0,586985.8984375,-108147.224609375,586996.5234375,-108152.849609375,1.9995102305760524,9.997551152880263
3589.875,1421.375,3590.0,1421.0,586175.8984375,-108289.724609375,586176.5234375,-108287.849609375,0.7857007910199414,3.928503955099707
4155.375,1434.125,4155.0,1434.0,589003.3984375,-108353.474609375,589001.5234375,-108352.849609375,0.7147411872713438,3.573705936356719
4006.875,1442.375,4007.0,1444.0,588260.8984375,-108394.724609375,588261.5234375,-108402.849609375,1.8485559057533583,9.24277952876679
3992.625,1443.875,3993.0,1443.0,588189.6484375,-108402.224609375,588191.5234375,-108397.849609375,0.7097007910308503,3.5485039551542514
4143.375,1445.375,4143.0,1446.0,588943.3984375,-108409.724609375,588941.5234375,-108412.849609375,1.0786357357777392,5.393178678888696
4154.625,1446.125,4155.0,1446.0,588999.6484375,-108413.474609375,589001.5234375,-108412.849609375,0.01035557938751448,0.051777896937572405
3670.875,1449.875,3675.0,1448.0,586580.8984375,-108432.224609375,586601.5234375,-108422.849609375,3.5835293879624475,17.917646939812236
3991.875,1456.625,3992.0,1457.0,588185.8984375,-108465.974609375,588186.5234375,-108467.849609375,0.7340528793239806,3.6702643966199027
3745.875,1458.875,3746.0,1459.0,586955.8984375,-108477.224609375,586956.5234375,-108477.849609375,0.8349946415022024,4.1749732075110115
4273.875,1463.375,4274.0,1464.0,589595.8984375,-108499.724609375,589596.5234375,-108502.849609375,0.7575526537863705,3.7877632689318523
4282.875,1467.125,4285.0,1467.0,589640.8984375,-108518.474609375,589651.5234375,-108517.849609375,1.8199977825932983,9.099988912966491
4294.875,1467.125,4295.0,1468.0,589700.8984375,-108518.474609375,589701.5234375,-108522.849609375,0.9968909108776617,4.984454554388308
3744.375,1469.375,3745.0,1468.0,586948.3984375,-108529.724609375,586951.5234375,-108522.849609375,1.117604674664591,5.5880233733229545
3982.125,1469.375,3982.0,1469.0,588137.1484375,-108529.724609375,588136.5234375,-108527.849609375,0.7769462198078743,3.8847310990393713
3889.125,1470.125,3890.0,1470.0,587672.1484375,-108533.474609375,587676.5234375,-108532.849609375,0.18160637746277367,0.9080318873138683
3905.625,1470.875,3906.0,1471.0,587754.6484375,-108537.224609375,587756.5234375,-108537.849609375,0.50162710625647,2.50813553128235
4255.875,1478.375,4257.0,1479.0,589505.8984375,-108574.724609375,589511.5234375,-108577.849609375,1.0688452772996975,5.344226386498487
3757.875,1479.125,3758.0,1478.0,587015.8984375,-108578.474609375,587016.5234375,-108572.849609375,1.1403801734143864,5.701900867071932
4283.625,1479.125,4283.0,1478.0,589644.6484375,-108578.474609375,589641.5234375,-108572.849609375,1.3927921793028464,6.963960896514232
4263.375,1479.875,4262.0,1479.0,589543.3984375,-108582.224609375,589536.5234375,-108577.849609375,1.8934430729171363,9.467215364585682
4273.875,1479.875,4273.0,1480.0,589595.8984375,-108582.224609375,589591.5234375,-108582.849609375,1.2544708398191229,6.272354199095615
3841.875,1481.375,3842.0,1481.0,587435.8984375,-108589.724609375,587436.5234375,-108587.849609375,0.7053016417661317,3.5265082088306587
3889.875,1482.125,3890.0,1482.0,587675.8984375,-108593.474609375,587676.5234375,-108592.849609375,0.6604806005279029,3.3024030026395144
3897.375,1482.875,3897.0,1483.0,587713.3984375,-108597.224609375,587711.5234375,-108597.849609375,1.2025913327861428,6.012956663930714
3905.625,1482.875,3906.0,1483.0,587754.6484375,-108597.224609375,587756.5234375,-108597.849609375,0.5352428369906914,2.676214184953457
3757.875,1485.125,3758.0,1483.0,587015.8984375,-108608.474609375,587016.5234375,-108597.849609375,1.9934320942281187,9.967160471140593
3949.125,1485.125,3950.0,1485.0,587972.1484375,-108608.474609375,587976.5234375,-108607.849609375,0.1918787887219522,0.9593939436097609
3960.375,1485.125,3961.0,1485.0,588028.3984375,-108608.474609375,588031.5234375,-108607.849609375,0.13507941087671735,0.6753970543835868
3768.375,1488.125,3771.0,1489.0,587068.3984375,-108623.474609375,587081.5234375,-108627.849609375,2.0679230193853257,10.339615096926629
3776.625,1490.375,3778.0,1491.0,587109.6484375,-108634.724609375,587116.5234375,-108637.849609375,1.028297303457454,5.14148651728727
3790.125,1494.125,3794.0,1495.0,587177.1484375,-108653.474609375,587196.5234375,-108657.849609375,3.1812991991716193,15.906495995858096
3949.125,1497.125,3949.0,1497.0,587972.1484375,-108668.474609375,587971.5234375,-108667.849609375,0.8891966143355027,4.445983071677514
4109.625,1497.125,4110.0,1497.0,588774.6484375,-108668.474609375,588776.5234375,-108667.849609375,0.2199425737946723,1.0997128689733615
3838.125,1507.625,3842.0,1509.0,587417.1484375,-108720.974609375,587436.5234375,-108727.849609375,3.403935211307844,17.019676056539218
3957.375,1508.375,3957.0,1508.0,588013.3984375,-108724.724609375,588011.5234375,-108722.849609375,1.1630594195803914,5.815297097901957
3968.625,1508.375,3969.0,1508.0,588069.6484375,-108724.724609375,588071.5234375,-108722.849609375,0.41389110145518604,2.06945550727593
4098.375,1508.375,4098.0,1509.0,588718.3984375,-108724.724609375,588716.5234375,-108727.849609375,1.3058073362948615,6.529036681474308
3956.625,1519.625,3957.0,1519.0,588009.6484375,-108780.974609375,588011.5234375,-108777.849609375,0.5708363154632324,2.854181577316162
3968.625,1519.625,3969.0,1519.0,588069.6484375,-108780.974609375,588071.5234375,-108777.849609375,0.5634449865373271,2.8172249326866354
4090.125,1529.375,4090.0,1529.0,588677.1484375,-108829.724609375,588676.5234375,-108827.849609375,0.8420265831842381,4.21013291592119
4101.375,1529.375,4102.0,1529.0,588733.3984375,-108829.724609375,588736.5234375,-108827.849609375,0.1638399036134007,0.8191995180670035
4101.375,1540.625,4102.0,1541.0,588733.3984375,-108885.974609375,588736.5234375,-108887.849609375,0.6189660464281969,3.094830232140984
4090.875,1551.875,4091.0,1551.0,588680.8984375,-108942.224609375,588681.5234375,-108937.849609375,0.9011915086304135,4.505957543152068
4084.125,1578.125,4084.0,1577.0,588647.1484375,-109073.474609375,588646.5234375,-109067.849609375,1.3027896972841662,6.513948486420831
4345.125,1578.875,4346.0,1579.0,589952.1484375,-109077.224609375,589956.5234375,-109077.849609375,0.42868741806777544,2.1434370903388773
4326.375,1581.125,4327.0,1581.0,589858.3984375,-109088.474609375,589861.5234375,-109087.849609375,0.07413189474275989,0.3706594737137994
4101.875,1117.625,4102.0,1119.0,588735.8984375,-106770.974609375,588736.5234375,-106777.849609375,1.4257229356110295,7.128614678055147
4125.875,1125.125,4122.0,1124.0,588855.8984375,-106808.474609375,588836.5234375,-106802.849609375,3.5247501775727,17.6237508878635
4142.375,1131.875,4140.0,1130.0,588938.3984375,-106842.224609375,588926.5234375,-106832.849609375,2.6959103784516993,13.479551892258497
4126.625,1133.375,4126.0,1136.0,588859.6484375,-106849.724609375,588856.5234375,-106862.849609375,2.494861680223033,12.474308401115163
4140.125,1137.125,4140.0,1138.0,588927.1484375,-106868.474609375,588926.5234375,-106872.849609375,0.862142651422811,4.310713257114055
4158.125,1144.625,4159.0,1145.0,589017.1484375,-106905.974609375,589021.5234375,-106907.849609375,1.4541406872985188,7.270703436492594
4195.625,1144.625,4196.0,1145.0,589204.6484375,-106905.974609375,589206.5234375,-106907.849609375,1.0009256393927188,5.004628196963594
4140.875,1148.375,4141.0,1148.0,588930.8984375,-106924.724609375,588931.5234375,-106922.849609375,0.8212759081679524,4.106379540839762
4218.125,1150.625,4218.0,1151.0,589317.1484375,-106935.974609375,589316.5234375,-106937.849609375,0.531425618321535,2.657128091607675
4164.875,1152.875,4165.0,1153.0,589050.8984375,-106947.224609375,589051.5234375,-106947.849609375,0.6653107328062111,3.3265536640310556
4233.125,1155.875,4233.0,1156.0,589392.1484375,-106962.224609375,589391.5234375,-106962.849609375,0.4796903151389159,2.3984515756945797
4176.875,1157.375,4177.0,1160.0,589110.8984375,-106969.724609375,589111.5234375,-106982.849609375,2.585526377650834,12.927631888254169
4189.625,1157.375,4188.0,1158.0,589174.6484375,-106969.724609375,589166.5234375,-106972.849609375,1.1806485660765023,5.903242830382512
4153.625,1163.375,4153.0,1163.0,588994.6484375,-106999.724609375,588991.5234375,-106997.849609375,0.5052123312086917,2.5260616560434586
4176.125,1164.875,4176.0,1165.0,589107.1484375,-107007.224609375,589106.5234375,-107007.849609375,0.39030179602014553,1.9515089801007277
4162.625,1173.125,4161.0,1174.0,589039.6484375,-107048.474609375,589031.5234375,-107052.849609375,1.3822245662708477,6.9111228313542385
4302.125,1174.625,4299.0,1174.0,589737.1484375,-107055.974609375,589721.5234375,-107052.849609375,2.6224699154531144,13.112349577265572
4180.625,1175.375,4181.0,1175.0,589129.6484375,-107059.724609375,589131.5234375,-107057.849609375,0.9904180681277592,4.952090340638796
4179.125,1189.625,4179.0,1189.0,589122.1484375,-107130.974609375,589121.5234375,-107127.849609375,0.7899844375576895,3.949922187788448
4207.625,1189.625,4207.0,1189.0,589264.6484375,-107130.974609375,589261.5234375,-107127.849609375,0.7486086231835893,3.7430431159179465
4325.375,1190.375,4321.0,1191.0,589853.3984375,-107134.724609375,589831.5234375,-107137.849609375,3.808810515553951,19.044052577769754
4362.875,1191.875,4360.0,1191.0,590040.8984375,-107142.224609375,590026.5234375,-107137.849609375,2.468772778193295,12.343863890966475
4389.125,1199.375,4386.0,1198.0,590172.1484375,-107179.724609375,590156.5234375,-107172.849609375,2.922608333734241,14.613041668671205
4437.125,1212.875,4436.0,1212.0,590412.1484375,-107247.224609375,590406.5234375,-107242.849609375,1.1422010369367346,5.711005184683673
4450.625,1217.375,4449.0,1216.0,590479.6484375,-107269.724609375,590471.5234375,-107262.849609375,1.8221930641816675,9.110965320908338
4461.125,1219.625,4460.0,1219.0,590532.1484375,-107280.974609375,590526.5234375,-107277.849609375,0.9202366518425736,4.601183259212868
4167.875,1221.125,4167.0,1220.0,589065.8984375,-107288.474609375,589061.5234375,-107282.849609375,1.3098926318070465,6.549463159035232
4468.625,1221.875,4467.0,1221.0,590569.6484375,-107292.224609375,590561.5234375,-107287.849609375,1.4234277341040336,7.117138670520168
4478.375,1224.875,4477.0,1224.0,590618.3984375,-107307.224609375,590611.5234375,-107302.849609375,1.2656673740964177,6.328336870482088
4484.375,1226.375,4482.0,1225.0,590648.3984375,-107314.724609375,590636.5234375,-107307.849609375,2.3086967013225617,11.543483506612809
4379.375,1227.875,4379.0,1228.0,590123.3984375,-107322.224609375,590121.5234375,-107322.849609375,0.16349812027220698,0.8174906013610349
4396.625,1228.625,4397.0,1229.0,590209.6484375,-107325.974609375,590211.5234375,-107327.849609375,0.9600279267641927,4.800139633820963
4505.375,1236.125,4505.0,1235.0,590753.3984375,-107363.474609375,590751.5234375,-107357.849609375,1.3176459276294616,6.588229638147308
4518.125,1236.125,4517.0,1235.0,590817.1484375,-107363.474609375,590811.5234375,-107357.849609375,1.3736806944620699,6.86840347231035
4476.125,1237.625,4476.0,1238.0,590607.1484375,-107370.974609375,590606.5234375,-107372.849609375,0.5351610389820161,2.6758051949100805
4378.625,1238.375,4377.0,1239.0,590119.6484375,-107374.724609375,590111.5234375,-107377.849609375,1.2281527478728553,6.140763739364276
4396.625,1242.125,4396.0,1242.0,590209.6484375,-107393.474609375,590206.5234375,-107392.849609375,0.2724775147362361,1.3623875736811806
4382.375,1244.375,4383.0,1245.0,590138.3984375,-107404.724609375,590141.5234375,-107407.849609375,1.2259412748346907,6.129706374173454
4504.625,1248.125,4505.0,1248.0,590749.6484375,-107423.474609375,590751.5234375,-107422.849609375,1.023665040327465,5.118325201637325
4475.375,1250.375,4476.0,1250.0,590603.3984375,-107434.724609375,590606.5234375,-107432.849609375,1.3035815447084482,6.517907723542241
4260.125,1257.875,4260.0,1258.0,589527.1484375,-107472.224609375,589526.5234375,-107472.849609375,0.20185368763548509,1.0092684381774255
4595.375,1257.875,4594.0,1257.0,591203.3984375,-107472.224609375,591196.5234375,-107467.849609375,1.2600360113976226,6.300180056988113
4247.375,1258.625,4248.0,1259.0,589463.3984375,-107475.974609375,589466.5234375,-107477.849609375,0.9787480123267932,4.893740061633966
4296.125,1262.375,4296.0,1265.0,589707.1484375,-107494.724609375,589706.5234375,-107507.849609375,2.5614884326462137,12.80744216323107
4614.875,1263.125,4616.0,1264.0,591300.8984375,-107498.474609375,591306.5234375,-107502.849609375,1.9374768419205732,9.687384209602866
4260.125,1269.875,4260.0,1270.0,589527.1484375,-107532.224609375,589526.5234375,-107532.849609375,0.1708666729156508,0.854333364578254
4296.125,1270.625,4297.0,1270.0,589707.1484375,-107535.974609375,589711.5234375,-107532.849609375,1.37746907844282,6.8873453922141
4201.625,1272.875,4201.0,1273.0,589234.6484375,-107547.224609375,589231.5234375,-107547.849609375,0.42651639940953645,2.1325819970476823
4650.125,1272.875,4650.0,1273.0,591477.1484375,-107547.224609375,591476.5234375,-107547.849609375,0.5672025662959693,2.8360128314798465
4665.125,1276.625,4665.0,1277.0,591552.1484375,-107565.974609375,591551.5234375,-107567.849609375,0.6014505682093945,3.0072528410469723
4683.875,1281.875,4684.0,1283.0,591645.8984375,-107592.224609375,591646.5234375,-107597.849609375,1.2516496644264545,6.258248322132273
4650.125,1284.875,4650.0,1287.0,591477.1484375,-107607.224609375,591476.5234375,-107617.849609375,2.026527851952685,10.132639259763426
4662.875,1285.625,4663.0,1286.0,591540.8984375,-107610.974609375,591541.5234375,-107612.849609375,0.814620321770795,4.073101608853975
4498.625,1289.375,4500.0,1291.0,590719.6484375,-107629.724609375,590726.5234375,-107637.849609375,2.388870645676768,11.94435322838384
4559.375,1290.125,4560.0,1289.0,591023.3984375,-107633.474609375,591026.5234375,-107627.849609375,1.714704478364198,8.57352239182099
4737.125,1296.875,4737.0,1297.0,591912.1484375,-107667.224609375,591911.5234375,-107667.849609375,0.5869150797657514,2.9345753988287573
4698.875,1299.125,4699.0,1299.0,591720.8984375,-107678.474609375,591721.5234375,-107677.849609375,0.8398853562438625,4.199426781219312
4663.625,1302.875,4664.0,1302.0,591544.6484375,-107697.224609375,591546.5234375,-107692.849609375,1.4274691705353346,7.137345852676673
4683.125,1302.875,4682.0,1303.0,591642.1484375,-107697.224609375,591636.5234375,-107697.849609375,0.4942364433941215,2.4711822169706075
4635.125,1305.125,4636.0,1305.0,591402.1484375,-107708.474609375,591406.5234375,-107707.849609375,1.473863853062353,7.3693192653117645
4695.125,1306.625,4694.0,1306.0,591702.1484375,-107715.974609375,591696.5234375,-107712.849609375,0.9294440989199685,4.647220494599843
4658.375,1308.125,4657.0,1308.0,591518.3984375,-107723.474609375,591511.5234375,-107722.849609375,0.832471210162169,4.162356050810844
4718.375,1309.625,4717.0,1311.0,591818.3984375,-107730.974609375,591811.5234375,-107737.849609375,1.407735883544586,7.038679417722929
4788.125,1311.125,4786.0,1311.0,592167.1484375,-107738.474609375,592156.5234375,-107737.849609375,1.4405597886298076,7.202798943149038
4737.125,1312.625,4738.0,1313.0,591912.1484375,-107745.974609375,591916.5234375,-107747.849609375,1.548338720048257,7.741693600241285
4756.625,1314.125,4755.0,1314.0,592009.6484375,-107753.474609375,592001.5234375,-107752.849609375,0.99571654874056,4.9785827437028
4663.625,1315.625,4664.0,1315.0,591544.6484375,-107760.974609375,591546.5234375,-107757.849609375,1.2208887111302076,6.104443555651038
4599.875,1317.875,4600.0,1316.0,591225.8984375,-107772.224609375,591226.5234375,-107762.849609375,2.092380340704234,10.461901703521171
4811.375,1317.875,4808.0,1317.0,592283.3984375,-107772.224609375,592266.5234375,-107767.849609375,2.8581652142673386,14.290826071336692
4815.125,1318.625,4814.0,1319.0,592302.1484375,-107775.974609375,592296.5234375,-107777.849609375,0.4395948180682722,2.197974090341361
4635.875,1323.125,4635.0,1325.0,591405.8984375,-107798.474609375,591401.5234375,-107807.849609375,1.780914814398219,8.904574071991094
4712.375,1324.625,4712.0,1325.0,591788.3984375,-107805.974609375,591786.5234375,-107807.849609375,0.31303240220249484,1.5651620110124742
4851.875,1329.125,4851.0,1329.0,592485.8984375,-107828.474609375,592481.5234375,-107827.849609375,0.3506227481390621,1.7531137406953103
4740.125,1329.875,4741.0,1329.0,591927.1484375,-107832.224609375,591931.5234375,-107827.849609375,1.8088987759563162,9.04449387978158
4678.625,1332.125,4679.0,1332.0,591619.6484375,-107843.474609375,591621.5234375,-107842.849609375,0.9485841049483714,4.742920524741857
4688.375,1333.625,4688.0,1334.0,591668.3984375,-107850.974609375,591666.5234375,-107852.849609375,0.2904418779966633,1.4522093899833166
4622.375,1334.375,4623.0,1334.0,591338.3984375,-107854.724609375,591341.5234375,-107852.849609375,1.1996326539540527,5.998163269770264
4635.125,1335.125,4635.0,1336.0,591402.1484375,-107858.474609375,591401.5234375,-107862.849609375,0.8354162098829737,4.177081049414869
4727.375,1335.125,4727.0,1334.0,591863.3984375,-107858.474609375,591861.5234375,-107852.849609375,1.2906853620022267,6.453426810011134
4809.875,1337.375,4810.0,1336.0,592275.8984375,-107869.724609375,592276.5234375,-107862.849609375,1.737423266482597,8.687116332412986
4822.625,1337.375,4823.0,1337.0,592339.6484375,-107869.724609375,592341.5234375,-107867.849609375,1.187043403856564,5.93521701928282
4728.125,1341.875,4728.0,1342.0,591867.1484375,-107892.224609375,591866.5234375,-107892.849609375,0.4352897669613816,2.176448834806908
4626.125,1345.625,4626.0,1347.0,591357.1484375,-107910.974609375,591356.5234375,-107917.849609375,1.3062046567717926,6.531023283858963
4587.125,1348.625,4589.0,1349.0,591162.1484375,-107925.974609375,591171.5234375,-107927.849609375,2.2804446454257974,11.402223227128987
4824.125,1348.625,4823.0,1349.0,592347.1484375,-107925.974609375,592341.5234375,-107927.849609375,0.5251259708997678,2.625629854498839
4737.125,1349.375,4737.0,1349.0,591912.1484375,-107929.724609375,591911.5234375,-107927.849609375,0.6653622298607754,3.326811149303877
4810.625,1349.375,4810.0,1349.0,592279.6484375,-107929.724609375,592276.5234375,-107927.849609375,0.538903587809446,2.69451793904723
4618.625,1356.125,4620.0,1356.0,591319.6484375,-107963.474609375,591326.5234375,-107962.849609375,1.7870138438235181,8.93506921911759
4634.375,1357.625,4634.0,1358.0,591398.3984375,-107970.974609375,591396.5234375,-107972.849609375,0.278087859073875,1.390439295369375
4738.625,1362.125,4739.0,1362.0,591919.6484375,-107993.474609375,591921.5234375,-107992.849609375,0.9193707887533458,4.596853943766729
4634.375,1363.625,4634.0,1367.0,591398.3984375,-108000.974609375,591396.5234375,-108017.849609375,3.281119125895531,16.405595629477652
4754.375,1365.125,4754.0,1364.0,591998.3984375,-108008.474609375,591996.5234375,-108002.849609375,1.2646160120549765,6.323080060274883
4618.625,1368.125,4619.0,1369.0,591319.6484375,-108023.474609375,591321.5234375,-108027.849609375,1.0800177600772505,5.400088800386253
4632.125,1368.125,4629.0,1368.0,591387.1484375,-108023.474609375,591371.5234375,-108022.849609375,2.7575970146407416,13.787985073203707
4767.125,1369.625,4766.0,1368.0,592062.1484375,-108030.974609375,592056.5234375,-108022.849609375,1.8595021126355231,9.297510563177616
4823.375,1369.625,4822.0,1370.0,592343.3984375,-108030.974609375,592336.5234375,-108032.849609375,0.8297898562603446,4.148949281301723
4741.625,1374.875,4742.0,1375.0,591934.6484375,-108057.224609375,591936.5234375,-108057.849609375,0.8473291058207971,4.236645529103986
4752.125,1374.875,4752.0,1375.0,591987.1484375,-108057.224609375,591986.5234375,-108057.849609375,0.35857918175396064,1.792895908769803
4601.375,1377.125,4602.0,1375.0,591233.3984375,-108068.474609375,591236.5234375,-108057.849609375,2.3889656700406747,11.944828350203373
4632.125,1378.625,4632.0,1378.0,591387.1484375,-108075.974609375,591386.5234375,-108072.849609375,0.738009679958745,3.6900483997937252
4764.125,1378.625,4763.0,1378.0,592047.1484375,-108075.974609375,592041.5234375,-108072.849609375,0.9845460621445008,4.922730310722504
4442.375,1384.625,4442.0,1382.0,590438.3984375,-108105.974609375,590436.5234375,-108092.849609375,2.6500587018908095,13.250293509454048
4583.375,1388.375,4584.0,1391.0,591143.3984375,-108124.724609375,591146.5234375,-108137.849609375,2.7178756009335463,13.589378004667731
4842.125,1388.375,4843.0,1391.0,592437.1484375,-108124.724609375,592441.5234375,-108137.849609375,2.8589279141745148,14.294639570872574
4632.875,1389.125,4634.0,1389.0,591390.8984375,-108128.474609375,591396.5234375,-108127.849609375,1.4499015205621253,7.249507602810627
4752.125,1389.875,4751.0,1391.0,591987.1484375,-108132.224609375,591981.5234375,-108137.849609375,1.2267562971323804,6.133781485661903
4741.625,1390.625,4742.0,1390.0,591934.6484375,-108135.974609375,591936.5234375,-108132.849609375,1.0820539804055558,5.410269902027779
4587.875,1395.125,4585.0,1396.0,591165.8984375,-108158.474609375,591151.5234375,-108162.849609375,2.7562642159474167,13.781321079737083
4814.375,1396.625,4815.0,1397.0,592298.3984375,-108165.974609375,592301.5234375,-108167.849609375,1.1362385508677504,5.681192754338752
4572.125,1398.125,4572.0,1398.0,591087.1484375,-108173.474609375,591086.5234375,-108172.849609375,0.19256438100503295,0.9628219050251647
4450.625,1402.625,4452.0,1405.0,590479.6484375,-108195.974609375,590486.5234375,-108207.849609375,2.782545289379631,13.912726446898155
4637.375,1407.125,4637.0,1409.0,591413.3984375,-108218.474609375,591411.5234375,-108227.849609375,1.8219502791129942,9.10975139556497
4826.375,1408.625,4826.0,1409.0,592358.3984375,-108225.974609375,592356.5234375,-108227.849609375,0.27135799816642386,1.3567899908321193
4365.125,1410.125,4365.0,1410.0,590052.1484375,-108233.474609375,590051.5234375,-108232.849609375,0.18855081600107895,0.9427540800053947
4841.375,1410.125,4842.0,1410.0,592433.3984375,-108233.474609375,592436.5234375,-108232.849609375,1.1224475495435031,5.612237747717516
4340.375,1411.625,4341.0,1413.0,589928.3984375,-108240.974609375,589931.5234375,-108247.849609375,1.5231590885670687,7.615795442835344
4826.375,1420.625,4826.0,1420.0,592358.3984375,-108285.974609375,592356.5234375,-108282.849609375,0.7328474561311555,3.6642372806557777
4780.625,1422.125,4780.0,1422.0,592129.6484375,-108293.474609375,592126.5234375,-108292.849609375,0.3351534708312166,1.6757673541560831
4795.625,1422.125,4796.0,1422.0,592204.6484375,-108293.474609375,592206.5234375,-108292.849609375,0.7903322002438161,3.9516610012190805
4365.875,1425.875,4366.0,1427.0,590055.8984375,-108312.224609375,590056.5234375,-108317.849609375,1.1739139730046049,5.869569865023024
4377.875,1425.875,4378.0,1427.0,590115.8984375,-108312.224609375,590116.5234375,-108317.849609375,1.1704777070914656,5.852388535457328
4637.375,1425.875,4637.0,1427.0,591413.3984375,-108312.224609375,591411.5234375,-108317.849609375,1.0984474403971367,5.4922372019856835
4843.625,1426.625,4844.0,1427.0,592444.6484375,-108315.974609375,592446.5234375,-108317.849609375,0.8406220055877676,4.203110027938838
4832.375,1427.375,4832.0,1427.0,592388.3984375,-108319.724609375,592386.5234375,-108317.849609375,0.47846416984548906,2.3923208492274455
4638.875,1432.625,4639.0,1432.0,591420.8984375,-108345.974609375,591421.5234375,-108342.849609375,0.7282573775551011,3.6412868877755056
4796.375,1433.375,4796.0,1434.0,592208.3984375,-108349.724609375,592206.5234375,-108352.849609375,0.5402106342116897,2.701053171058448
4143.125,1434.125,4143.0,1434.0,588942.1484375,-108353.474609375,588941.5234375,-108352.849609375,0.47789051939233645,2.389452596961682
4155.125,1434.125,4155.0,1434.0,589002.1484375,-108353.474609375,589001.5234375,-108352.849609375,0.46500943563270714,2.3250471781635356
4762.625,1434.125,4763.0,1433.0,592039.6484375,-108353.474609375,592041.5234375,-108347.849609375,1.381407001514798,6.90703500757399
4649.375,1434.875,4647.0,1435.0,591473.3984375,-108357.224609375,591461.5234375,-108357.849609375,2.1890122473126437,10.945061236563218
4779.875,1435.625,4780.0,1436.0,592125.8984375,-108360.974609375,592126.5234375,-108362.849609375,0.5395412567043811,2.6977062835219057
4296.125,1436.375,4296.0,1438.0,589707.1484375,-108364.724609375,589706.5234375,-108372.849609375,1.7352139210140902,8.67606960507045
4365.875,1437.125,4367.0,1438.0,590055.8984375,-108368.474609375,590061.5234375,-108372.849609375,1.3691087970880602,6.845543985440301
4374.125,1437.875,4372.0,1438.0,590097.1484375,-108372.224609375,590086.5234375,-108372.849609375,2.2490252124976227,11.245126062488113
4377.875,1437.875,4378.0,1437.0,590115.8984375,-108372.224609375,590116.5234375,-108367.849609375,0.8201020554337733,4.100510277168866
4383.125,1438.625,4384.0,1438.0,590142.1484375,-108375.974609375,590146.5234375,-108372.849609375,0.9551364754411168,4.775682377205584
4339.625,1439.375,4339.0,1441.0,589924.6484375,-108379.724609375,589921.5234375,-108387.849609375,1.866152222903023,9.330761114515115
4768.625,1440.125,4769.0,1440.0,592069.6484375,-108383.474609375,592071.5234375,-108382.849609375,0.7021891753309177,3.5109458766545885
4677.125,1441.625,4678.0,1442.0,591612.1484375,-108390.974609375,591616.5234375,-108392.849609375,1.1230456750789084,5.615228375394542
4665.875,1443.875,4666.0,1443.0,591555.8984375,-108402.224609375,591556.5234375,-108397.849609375,0.9576763451456719,4.788381725728359
4776.125,1443.875,4774.0,1444.0,592107.1484375,-108402.224609375,592096.5234375,-108402.849609375,1.8299352181482098,9.14967609074105
4143.125,1445.375,4143.0,1446.0,588942.1484375,-108409.724609375,588941.5234375,-108412.849609375,0.9193210643118969,4.596605321559484
4155.125,1445.375,4155.0,1446.0,589002.1484375,-108409.724609375,589001.5234375,-108412.849609375,0.9089367986859479,4.544683993429739
4371.125,1449.875,4370.0,1450.0,590082.1484375,-108432.224609375,590076.5234375,-108432.849609375,1.2964527504492558,6.482263752246279
4383.125,1449.875,4381.0,1450.0,590142.1484375,-108432.224609375,590131.5234375,-108432.849609375,2.2770174072255656,11.385087036127828
4293.875,1453.625,4294.0,1456.0,589695.8984375,-108450.974609375,589696.5234375,-108462.849609375,2.4744581506640455,12.372290753320227
4692.875,1453.625,4692.0,1453.0,591690.8984375,-108450.974609375,591686.5234375,-108447.849609375,0.9602083965228944,4.801041982614472
4776.125,1455.125,4775.0,1456.0,592107.1484375,-108458.474609375,592101.5234375,-108462.849609375,1.1879106727584654,5.939553363792327
4764.125,1459.625,4766.0,1460.0,592047.1484375,-108480.974609375,592056.5234375,-108482.849609375,2.1339461139634865,10.669730569817432
4401.875,1461.125,4400.0,1461.0,590235.8984375,-108488.474609375,590226.5234375,-108487.849609375,2.034666535571658,10.17333267785829
4757.375,1461.125,4757.0,1461.0,592013.3984375,-108488.474609375,592011.5234375,-108487.849609375,0.23083733488556488,1.1541866744278244
4263.125,1462.625,4265.0,1463.0,589542.1484375,-108495.974609375,589551.5234375,-108497.849609375,1.6374550094827633,8.187275047413817
4273.625,1463.375,4274.0,1464.0,589594.6484375,-108499.724609375,589596.5234375,-108502.849609375,0.7398746826051102,3.699373413025551
4256.375,1464.875,4258.0,1465.0,589508.3984375,-108507.224609375,589516.5234375,-108507.849609375,1.3210894645117788,6.605447322558894
4713.125,1464.875,4712.0,1465.0,591792.1484375,-108507.224609375,591786.5234375,-108507.849609375,0.9662463321989833,4.831231660994916
4746.875,1464.875,4747.0,1464.0,591960.8984375,-108507.224609375,591961.5234375,-108502.849609375,0.9722977815938755,4.8614889079693775
4733.375,1466.375,4735.0,1466.0,591893.3984375,-108514.724609375,591901.5234375,-108512.849609375,1.8516096602782695,9.258048301391348
4283.375,1467.125,4285.0,1467.0,589643.3984375,-108518.474609375,589651.5234375,-108517.849609375,1.3205541495510507,6.602770747755253
4294.625,1467.125,4295.0,1468.0,589699.6484375,-108518.474609375,589701.5234375,-108522.849609375,0.986315006577228,4.9315750328861405
4728.125,1467.125,4729.0,1467.0,591867.1484375,-108518.474609375,591871.5234375,-108517.849609375,1.0594266258125198,5.297133129062599
4820.375,1470.875,4821.0,1470.0,592328.3984375,-108537.224609375,592331.5234375,-108532.849609375,1.2874666905672378,6.437333452836189
4728.875,1476.125,4729.0,1478.0,591870.8984375,-108563.474609375,591871.5234375,-108572.849609375,1.868919958732229,9.344599793661144
4602.125,1476.875,4603.0,1477.0,591237.1484375,-108567.224609375,591241.5234375,-108567.849609375,0.8934440968282401,4.4672204841412
4256.375,1478.375,4257.0,1479.0,589508.3984375,-108574.724609375,589511.5234375,-108577.849609375,0.7976616208294741,3.9883081041473707
4263.125,1479.875,4262.0,1479.0,589542.1484375,-108582.224609375,589536.5234375,-108577.849609375,1.666764704506291,8.333823522531455
4273.625,1479.875,4273.0,1480.0,589594.6484375,-108582.224609375,589591.5234375,-108582.849609375,1.0110362203438443,5.055181101719222
4850.375,1482.125,4850.0,1480.0,592478.3984375,-108593.474609375,592476.5234375,-108582.849609375,2.1882476803979385,10.941238401989693
4672.625,1486.625,4673.0,1487.0,591589.6484375,-108615.974609375,591591.5234375,-108617.849609375,0.569994934162353,2.8499746708117653
4742.375,1494.875,4742.0,1497.0,591938.3984375,-108657.224609375,591936.5234375,-108667.849609375,2.128918296286843,10.644591481434215
4242.125,1500.875,4241.0,1501.0,589437.1484375,-108687.224609375,589431.5234375,-108687.849609375,1.6027283489201112,8.013641744600555
4419.125,1513.625,4423.0,1514.0,590322.1484375,-108750.974609375,590341.5234375,-108752.849609375,3.604800211986271,18.024001059931358
4717.625,1513.625,4718.0,1514.0,591814.6484375,-108750.974609375,591816.5234375,-108752.849609375,0.5503844375260774,2.7519221876303868
4707.125,1514.375,4707.0,1514.0,591762.1484375,-108754.724609375,591761.5234375,-108752.849609375,0.3798556550517448,1.899278275258724
4727.375,1515.125,4728.0,1515.0,591863.3984375,-108758.474609375,591866.5234375,-108757.849609375,0.6585426517904348,3.292713258952174
4770.125,1516.625,4773.0,1516.0,592077.1484375,-108765.974609375,592091.5234375,-108762.849609375,3.005921757138749,15.029608785693744
4671.125,1521.875,4673.0,1523.0,591582.1484375,-108792.224609375,591591.5234375,-108797.849609375,2.154839807435851,10.774199037179255
4842.875,1527.875,4840.0,1528.0,592440.8984375,-108822.224609375,592426.5234375,-108822.849609375,2.7693897960892095,13.846948980446047
4707.875,1530.125,4708.0,1530.0,591765.8984375,-108833.474609375,591766.5234375,-108832.849609375,0.12588338906775062,0.6294169453387531
4725.875,1532.375,4725.0,1532.0,591855.8984375,-108844.724609375,591851.5234375,-108842.849609375,0.9720210263298847,4.860105131649424
4494.125,1533.125,4497.0,1531.0,590697.1484375,-108848.474609375,590711.5234375,-108837.849609375,3.289005269540927,16.445026347704633
4779.875,1536.125,4780.0,1536.0,592125.8984375,-108863.474609375,592126.5234375,-108862.849609375,0.18062146893002812,0.9031073446501405
4387.625,1536.875,4390.0,1537.0,590164.6484375,-108867.224609375,590176.5234375,-108867.849609375,1.9842042283923065,9.921021141961532
4797.125,1537.625,4797.0,1539.0,592212.1484375,-108870.974609375,592211.5234375,-108877.849609375,1.3844708190341104,6.922354095170552
4402.625,1542.875,4404.0,1542.0,590239.6484375,-108897.224609375,590246.5234375,-108892.849609375,1.2127519425099227,6.063759712549613
4416.125,1548.125,4416.0,1548.0,590307.1484375,-108923.474609375,590306.5234375,-108922.849609375,0.5378458574491558,2.6892292872457793
4362.875,1549.625,4363.0,1551.0,590040.8984375,-108930.974609375,590041.5234375,-108937.849609375,1.5724963865069739,7.86248193253487
4374.875,1549.625,4376.0,1549.0,590100.8984375,-108930.974609375,590106.5234375,-108927.849609375,0.8134922425352908,4.067461212676454
4424.375,1550.375,4425.0,1552.0,590348.3984375,-108934.724609375,590351.5234375,-108942.849609375,1.7767664980822153,8.883832490411077
4779.125,1550.375,4779.0,1550.0,592122.1484375,-108934.724609375,592121.5234375,-108932.849609375,0.3845527352227976,1.922763676113988
4798.625,1551.875,4797.0,1553.0,592219.6484375,-108942.224609375,592211.5234375,-108947.849609375,1.9982668646536137,9.991334323268068
4771.625,1559.375,4773.0,1560.0,592084.6484375,-108979.724609375,592091.5234375,-108982.849609375,1.4651923273439,7.3259616367195
4427.375,1560.125,4427.0,1559.0,590363.3984375,-108983.474609375,590361.5234375,-108977.849609375,1.2720577352477471,6.360288676238736
4439.375,1560.125,4440.0,1560.0,590423.3984375,-108983.474609375,590426.5234375,-108982.849609375,0.20093605591182148,1.0046802795591074
4331.375,1561.625,4331.0,1563.0,589883.3984375,-108990.974609375,589881.5234375,-108997.849609375,1.8060746758123665,9.030373379061832
4402.625,1561.625,4404.0,1562.0,590239.6484375,-108990.974609375,590246.5234375,-108992.849609375,1.0501351992493124,5.250675996246562
4410.125,1561.625,4410.0,1562.0,590277.1484375,-108990.974609375,590276.5234375,-108992.849609375,0.7888943925134106,3.9444719625670532
4764.125,1561.625,4764.0,1563.0,592047.1484375,-108990.974609375,592046.5234375,-108997.849609375,1.4279290309857278,7.139645154928639
4362.875,1562.375,4363.0,1561.0,590040.8984375,-108994.724609375,590041.5234375,-108987.849609375,1.2667511902627901,6.33375595131395
4351.625,1563.875,4351.0,1564.0,589984.6484375,-109002.224609375,589981.5234375,-109002.849609375,1.1936978099506037,5.9684890497530185
4383.125,1566.125,4385.0,1566.0,590142.1484375,-109013.474609375,590151.5234375,-109012.849609375,1.3718997151840315,6.859498575920158
4416.125,1566.875,4419.0,1567.0,590307.1484375,-109017.224609375,590321.5234375,-109017.849609375,2.420724740941726,12.10362370470863
4787.375,1566.875,4787.0,1566.0,592163.3984375,-109017.224609375,592161.5234375,-109012.849609375,0.9517299307613233,4.758649653806616
4427.375,1571.375,4428.0,1571.0,590363.3984375,-109039.724609375,590366.5234375,-109037.849609375,0.2666248052023903,1.3331240260119515
4440.125,1571.375,4439.0,1572.0,590427.1484375,-109039.724609375,590421.5234375,-109042.849609375,1.7642073407657808,8.821036703828904
4372.625,1572.875,4374.0,1572.0,590089.6484375,-109047.224609375,590096.5234375,-109042.849609375,1.0924822270380798,5.462411135190399
4353.125,1575.875,4354.0,1576.0,589992.1484375,-109062.224609375,589996.5234375,-109062.849609375,0.43728083941743123,2.186404197087156
4346.375,1578.875,4346.0,1579.0,589958.3984375,-109077.224609375,589956.5234375,-109077.849609375,1.0078276134874862,5.039138067437431
4372.625,1580.375,4373.0,1580.0,590089.6484375,-109084.724609375,590091.5234375,-109082.849609375,0.2666468897255347,1.3332344486276735
4314.875,1581.125,4316.0,1580.0,589800.8984375,-109088.474609375,589806.5234375,-109082.849609375,1.0509358889784743,5.254679444892371
4326.875,1581.125,4327.0,1581.0,589860.8984375,-109088.474609375,589861.5234375,-109087.849609375,0.49084446747462757,2.454222337373138
4364.375,1581.125,4364.0,1581.0,590048.3984375,-109088.474609375,590046.5234375,-109087.849609375,0.9471479063168676,4.735739531584338
4764.875,1581.125,4765.0,1581.0,592050.8984375,-109088.474609375,592051.5234375,-109087.849609375,0.07184568046254539,0.3592284023127269
4392.125,1581.875,4394.0,1582.0,590187.1484375,-109092.224609375,590196.5234375,-109092.849609375,1.3660314205742987,6.830157102871493
4413.875,1581.875,4414.0,1582.0,590295.8984375,-109092.224609375,590296.5234375,-109092.849609375,0.49251933364821976,2.462596668241099
4437.875,1583.375,4437.0,1583.0,590415.8984375,-109099.724609375,590411.5234375,-109097.849609375,1.3895446224698,6.947723112349
4346.375,1588.625,4347.0,1589.0,589958.3984375,-109125.974609375,589961.5234375,-109127.849609375,0.5730046802098271,2.8650234010491356
4424.375,1590.125,4424.0,1590.0,590348.3984375,-109133.474609375,590346.5234375,-109132.849609375,0.9100083584121813,4.550041792060907
4314.875,1593.125,4315.0,1592.0,589800.8984375,-109148.474609375,589801.5234375,-109142.849609375,1.0583340356178472,5.291670178089236
4361.375,1594.625,4361.0,1595.0,590033.3984375,-109155.974609375,590031.5234375,-109157.849609375,1.144162330927542,5.72081165463771
4437.875,1596.125,4438.0,1594.0,590415.8984375,-109163.474609375,590416.5234375,-109152.849609375,1.993552445855604,9.96776222927802
4426.625,1596.875,4427.0,1597.0,590359.6484375,-109167.224609375,590361.5234375,-109167.849609375,0.35183591193073255,1.7591795596536628
4464.125,1602.875,4464.0,1602.0,590547.1484375,-109197.224609375,590546.5234375,-109192.849609375,0.9611672302913403,4.805836151456702
4347.875,1607.375,4350.0,1606.0,589965.8984375,-109219.724609375,589976.5234375,-109212.849609375,1.8622125110898389,9.311062555449194
4367.375,1608.875,4367.0,1609.0,590063.3984375,-109227.224609375,590061.5234375,-109227.849609375,1.0806857493251014,5.403428746625507
4462.625,1614.875,4464.0,1614.0,590539.6484375,-109257.224609375,590546.5234375,-109252.849609375,1.0620894169265245,5.310447084632623
4447.625,1615.625,4447.0,1616.0,590464.6484375,-109260.974609375,590461.5234375,-109262.849609375,1.3372163114598503,6.686081557299252
4453.625,1624.625,4453.0,1624.0,590494.6484375,-109305.974609375,590491.5234375,-109302.849609375,1.3069374506977804,6.534687253488903
4465.625,1625.375,4466.0,1625.0,590554.6484375,-109309.724609375,590556.5234375,-109307.849609375,0.28926629201525345,1.4463314600762671
4476.875,1625.375,4477.0,1624.0,590610.8984375,-109309.724609375,590611.5234375,-109302.849609375,1.27383382348989,6.3691691174494505
4350.125,1629.125,4350.0,1629.0,589977.1484375,-109328.474609375,589976.5234375,-109327.849609375,0.8656333197485117,4.328166598742558
4365.875,1629.875,4366.0,1630.0,590055.8984375,-109332.224609375,590056.5234375,-109332.849609375,0.691207145925723,3.456035729628615
4284.125,1633.625,4284.0,1634.0,589647.1484375,-109350.974609375,589646.5234375,-109352.849609375,1.1361686759057739,5.680843379528869
4476.875,1639.625,4477.0,1639.0,590610.8984375,-109380.974609375,590611.5234375,-109377.849609375,0.6602766467616462,3.301383233808231
4463.375,1640.375,4463.0,1641.0,590543.3984375,-109384.724609375,590541.5234375,-109387.849609375,1.3169695752892872,6.584847876446435
4352.375,1644.125,4352.0,1643.0,589988.3984375,-109403.474609375,589986.5234375,-109397.849609375,1.4505597808695194,7.252798904347597
4484.375,1644.125,4486.0,1641.0,590648.3984375,-109403.474609375,590656.5234375,-109387.849609375,3.0859311731549846,15.429655865774922
4362.125,1647.125,4362.0,1647.0,590037.1484375,-109418.474609375,590036.5234375,-109417.849609375,0.9096046959382234,4.548023479691117
4467.875,1654.625,4468.0,1655.0,590565.8984375,-109455.974609375,590566.5234375,-109457.849609375,0.8154724128474821,4.07736206423741
4361.375,1655.375,4362.0,1655.0,590033.3984375,-109459.724609375,590036.5234375,-109457.849609375,0.2165970343538172,1.082985171769086
4471.625,1662.875,4472.0,1663.0,590584.6484375,-109497.224609375,590586.5234375,-109497.849609375,0.48121966334650135,2.406098316732507
4836.875,1662.875,4837.0,1663.0,592410.8984375,-109497.224609375,592411.5234375,-109497.849609375,0.2978554820131615,1.4892774100658075
4848.875,1662.875,4849.0,1664.0,592470.8984375,-109497.224609375,592471.5234375,-109502.849609375,1.2373474850636683,6.186737425318341
4476.875,1673.375,4477.0,1673.0,590610.8984375,-109549.724609375,590611.5234375,-109547.849609375,0.6268932313137323,3.134466156568662
4836.875,1674.875,4837.0,1674.0,592410.8984375,-109557.224609375,592411.5234375,-109552.849609375,0.7946385322800965,3.9731926614004824
4848.875,1674.875,4849.0,1674.0,592470.8984375,-109557.224609375,592471.5234375,-109552.849609375,0.7947992163413375,3.9739960817066877
4531.625,1680.125,4534.0,1681.0,590884.6484375,-109583.474609375,590896.5234375,-109587.849609375,2.002558196487384,10.012790982436922
4505.375,1680.875,4506.0,1681.0,590753.3984375,-109587.224609375,590756.5234375,-109587.849609375,0.36681707004543496,1.8340853502271748
4842.875,1685.375,4843.0,1686.0,592440.8984375,-109609.724609375,592441.5234375,-109612.849609375,0.7883510676874075,3.941755338437037
4776.125,1686.875,4776.0,1687.0,592107.1484375,-109617.224609375,592106.5234375,-109617.849609375,0.6400396559685559,3.2001982798427795
4763.375,1687.625,4764.0,1687.0,592043.3984375,-109620.974609375,592046.5234375,-109617.849609375,0.5000370926967344,2.500185463483672
4505.375,1694.375,4506.0,1694.0,590753.3984375,-109654.724609375,590756.5234375,-109652.849609375,0.19819625136939195,0.9909812568469598
4764.125,1700.375,4764.0,1700.0,592047.1484375,-109684.724609375,592046.5234375,-109682.849609375,0.6706640701636585,3.3533203508182923
4776.125,1700.375,4775.0,1700.0,592107.1484375,-109684.724609375,592101.5234375,-109682.849609375,1.6371053371554618,8.185526685777308
4626.125,1704.125,4626.0,1705.0,591357.1484375,-109703.474609375,591356.5234375,-109707.849609375,1.3436529365505059,6.71826468275253
4639.625,1704.125,4639.0,1704.0,591424.6484375,-109703.474609375,591421.5234375,-109702.849609375,1.2828409584647715,6.414204792323858
4541.375,1706.375,4541.0,1705.0,590933.3984375,-109714.724609375,590931.5234375,-109707.849609375,1.6120992746429648,8.060496373214823
4545.125,1707.125,4547.0,1708.0,590952.1484375,-109718.474609375,590961.5234375,-109722.849609375,1.5706942345427382,7.853471172713691
4561.625,1711.625,4563.0,1712.0,591034.6484375,-109740.974609375,591041.5234375,-109742.849609375,0.8652559384542314,4.326279692271157
4650.875,1714.625,4652.0,1713.0,591480.8984375,-109755.974609375,591486.5234375,-109747.849609375,1.4850828290818208,7.425414145409103
4626.125,1716.125,4627.0,1716.0,591357.1484375,-109763.474609375,591361.5234375,-109762.849609375,0.19243721106401643,0.9621860553200822
4640.375,1716.875,4642.0,1717.0,591428.3984375,-109767.224609375,591436.5234375,-109767.849609375,0.9910604374715749,4.955302187357875
4740.875,1725.125,4741.0,1725.0,591930.8984375,-109808.474609375,591931.5234375,-109807.849609375,0.49100234996691516,2.4550117498345756
4752.875,1725.125,4754.0,1726.0,591990.8984375,-109808.474609375,591996.5234375,-109812.849609375,1.1838010701141721,5.919005350570861
4740.875,1737.125,4741.0,1736.0,591930.8984375,-109868.474609375,591931.5234375,-109862.849609375,1.0631034048545471,5.315517024272736
4667.375,1741.625,4667.0,1741.0,591563.3984375,-109890.974609375,591561.5234375,-109887.849609375,1.1851535857195372,5.925767928597686
4770.125,1747.625,4770.0,1748.0,592077.1484375,-109920.974609375,592076.5234375,-109922.849609375,0.9647824430370873,4.823912215185437
4697.375,1749.875,4701.0,1751.0,591713.3984375,-109932.224609375,591731.5234375,-109937.849609375,3.189933785355291,15.949668926776454
4731.125,1751.375,4732.0,1751.0,591882.1484375,-109939.724609375,591886.5234375,-109937.849609375,0.23417106105644914,1.1708553052822457
4798.625,1751.375,4798.0,1750.0,592219.6484375,-109939.724609375,592216.5234375,-109932.849609375,1.7242804355273544,8.621402177636773
4811.375,1751.375,4811.0,1751.0,592283.3984375,-109939.724609375,592281.5234375,-109937.849609375,1.009523522779689,5.047617613898446
4742.375,1752.125,4743.0,1752.0,591938.3984375,-109943.474609375,591941.5234375,-109942.849609375,0.11133634611845881,0.5566817305922941
4720.625,1756.625,4722.0,1757.0,591829.6484375,-109965.974609375,591836.5234375,-109967.849609375,0.8793671318155732,4.396835659077866
4730.375,1760.375,4730.0,1759.0,591878.3984375,-109984.724609375,591876.5234375,-109977.849609375,1.5971185500923437,7.985592750461718
4743.125,1763.375,4744.0,1764.0,591942.1484375,-109999.724609375,591946.5234375,-110002.849609375,0.8600131142418684,4.300065571209342
4798.625,1763.375,4799.0,1762.0,592219.6484375,-109999.724609375,592221.5234375,-109992.849609375,1.2069279792430752,6.034639896215376
4821.875,1763.375,4823.0,1763.0,592335.8984375,-109999.724609375,592341.5234375,-109997.849609375,0.5137711499152465,2.5688557495762327
4771.625,1770.875,4774.0,1772.0,592084.6484375,-110037.224609375,592096.5234375,-110042.849609375,2.132150530705613,10.660752653528064
4847.375,1773.125,4847.0,1773.0,592463.3984375,-110048.474609375,592461.5234375,-110047.849609375,1.0235184110637539,5.117592055318769
4834.625,1773.875,4834.0,1774.0,592399.6484375,-110052.224609375,592396.5234375,-110052.849609375,1.3278069581151046,6.639034790575523
4823.375,1776.125,4825.0,1777.0,592343.3984375,-110063.474609375,592351.5234375,-110067.849609375,1.4361806527321448,7.180903263660724
4812.125,1782.875,4813.0,1783.0,592287.1484375,-110097.224609375,592291.5234375,-110097.849609375,0.3779871424281236,1.889935712140618
4848.875,1782.875,4849.0,1782.0,592470.8984375,-110097.224609375,592471.5234375,-110092.849609375,0.8665507503121597,4.332753751560798
4404.625,1203.875,4403.80908203125,1203.171875,590249.6484375,-107202.224609375,590245.5688476562,-107198.708984375,0.8805137909246864,4.402568954623432
4429.375,1210.625,4429.197265625,1210.421875,590373.3984375,-107235.974609375,590372.509765625,-107234.958984375,0.5931353761286395,2.9656768806431977
4454.125,1218.125,4450.95849609375,1216.765625,590497.1484375,-107273.474609375,590481.3159179688,-107266.677734375,2.9423252695668207,14.711626347834104
4463.125,1220.375,4460.93212890625,1219.484375,590542.1484375,-107284.724609375,590531.1840820312,-107280.271484375,1.8677591190604756,9.33879559530238
4474.375,1223.375,4475.43994140625,1224.015625,590598.3984375,-107299.724609375,590603.7231445312,-107302.927734375,1.7837060872246435,8.918530436123218
4379.125,1227.875,4379.32763671875,1227.640625,590122.1484375,-107322.224609375,590123.1616210938,-107321.052734375,0.8256163152789265,4.128081576394632
4396.375,1228.625,4397.4619140625,1228.546875,590208.3984375,-107325.974609375,590213.8330078125,-107325.583984375,1.6550376359428567,8.275188179714284
4505.125,1232.375,4505.36181640625,1233.984375,590752.1484375,-107344.724609375,590753.3325195312,-107352.771484375,1.6978935092117935,8.489467546058968
4517.125,1235.375,4517.14892578125,1234.890625,590812.1484375,-107359.724609375,590812.2680664062,-107357.302734375,0.9476869496031762,4.738434748015881
4475.875,1237.625,4476.3466796875,1237.609375,590605.8984375,-107370.974609375,590608.2568359375,-107370.896484375,1.0965031979086441,5.482515989543221
4379.125,1239.125,4378.4208984375,1241.234375,590122.1484375,-107378.474609375,590118.6279296875,-107389.021484375,1.9992198923061597,9.996099461530799
4396.375,1242.125,4396.55517578125,1242.140625,590208.3984375,-107393.474609375,590209.2993164062,-107393.552734375,0.7010600969966013,3.5053004849830067
4382.125,1244.375,4382.95458984375,1244.859375,590137.1484375,-107404.724609375,590141.2963867188,-107407.146484375,1.3701963525347598,6.850981762673799
4463.875,1244.375,4460.025390625,1244.859375,590545.8984375,-107404.724609375,590526.650390625,-107407.146484375,3.28932928170753,16.44664640853765
4505.125,1248.125,4505.36181640625,1247.578125,590752.1484375,-107423.474609375,590753.3325195312,-107420.740234375,1.0993693741827029,5.496846870913514
4475.125,1250.375,4475.43994140625,1250.296875,590602.1484375,-107434.724609375,590603.7231445312,-107434.333984375,0.9133034546718162,4.56651727335908
4555.375,1256.375,4556.1376953125,1257.546875,591003.3984375,-107464.724609375,591007.2119140625,-107470.583984375,1.7273245050002777,8.636622525001389
4431.625,1265.375,4429.197265625,1263.890625,590384.6484375,-107509.724609375,590372.509765625,-107502.302734375,2.5209726950323224,12.604863475161611
4631.125,1267.625,4628.67578125,1266.609375,591382.1484375,-107520.974609375,591369.90234375,-107515.896484375,2.1292805017923784,10.646402508961891
4528.375,1272.875,4524.40283203125,1272.046875,590868.3984375,-107547.224609375,590848.5375976562,-107543.083984375,3.5475502980902487,17.737751490451245
4664.125,1276.625,4664.9443359375,1276.578125,591547.1484375,-107565.974609375,591551.2451171875,-107565.740234375,1.52933571793674,7.6466785896837
4683.625,1281.875,4683.07861328125,1282.015625,591644.6484375,-107592.224609375,591641.9165039062,-107592.927734375,0.1568710237381999,0.7843551186909994
4687.375,1282.625,4687.6123046875,1282.921875,591663.3984375,-107595.974609375,591664.5849609375,-107597.458984375,0.9437016021697305,4.718508010848653
4662.625,1284.875,4663.130859375,1285.640625,591539.6484375,-107607.224609375,591542.177734375,-107611.052734375,1.3133902678150424,6.566951339075212
4698.625,1287.875,4699.39990234375,1287.453125,591719.6484375,-107622.224609375,591723.5229492188,-107620.115234375,1.5891677754610707,7.945838877305354
4711.375,1290.125,4710.2802734375,1290.171875,591783.3984375,-107633.474609375,591777.9248046875,-107633.708984375,0.41589067849162326,2.0794533924581162
4736.875,1296.875,4737.48193359375,1297.421875,591910.8984375,-107667.224609375,591913.9331054688,-107669.958984375,1.363978954278488,6.819894771392439
4650.625,1302.125,4651.34375,1301.046875,591479.6484375,-107693.474609375,591483.2421875,-107688.083984375,1.8041051275330722,9.020525637665362
4664.125,1302.875,4663.130859375,1301.046875,591547.1484375,-107697.224609375,591542.177734375,-107688.083984375,2.0216594497050155,10.108297248525078
4679.125,1302.875,4677.638671875,1302.859375,591622.1484375,-107697.224609375,591614.716796875,-107697.146484375,0.8765479568456026,4.382739784228013
4600.375,1306.625,4599.66064453125,1309.203125,591228.3984375,-107715.974609375,591224.8266601562,-107728.865234375,2.4519357602512146,12.259678801256072
4694.875,1306.625,4694.8662109375,1305.578125,591700.8984375,-107715.974609375,591700.8544921875,-107710.740234375,1.3622240318710153,6.8111201593550765
4718.125,1309.625,4716.62744140625,1311.015625,591817.1484375,-107730.974609375,591809.6606445312,-107737.927734375,1.4876976216760427,7.438488108380214
4663.375,1311.125,4661.3173828125,1309.203125,591543.3984375,-107738.474609375,591533.1103515625,-107728.865234375,2.5412280760849573,12.706140380424786
4789.375,1311.875,4787.3515625,1311.015625,592173.3984375,-107742.224609375,592163.28125,-107737.927734375,1.6746087772686722,8.37304388634336
4529.875,1312.625,4528.02978515625,1311.921875,590875.8984375,-107745.974609375,590866.6723632812,-107742.458984375,1.6228612397973645,8.114306198986823
4737.625,1312.625,4738.388671875,1312.828125,591914.6484375,-107745.974609375,591918.466796875,-107746.990234375,1.424548975578263,7.122744877891315
4756.375,1314.125,4754.70947265625,1313.734375,592008.3984375,-107753.474609375,592000.0708007812,-107751.521484375,1.1408727402183876,5.704363701091938
4634.875,1316.375,4635.0224609375,1315.546875,591400.8984375,-107764.724609375,591401.6357421875,-107760.583984375,1.1831080040447708,5.915540020223854
4805.125,1316.375,4802.765625,1315.546875,592252.1484375,-107764.724609375,592240.3515625,-107760.583984375,1.9292586006870809,9.646293003435405
4599.625,1317.875,4599.66064453125,1316.453125,591224.6484375,-107772.224609375,591224.8266601562,-107765.115234375,1.633745057819414,8.16872528909707
4815.625,1318.625,4812.73974609375,1318.265625,592304.6484375,-107775.974609375,592290.2221679688,-107774.177734375,2.229023501792959,11.145117508964795
4562.875,1319.375,4560.67138671875,1318.265625,591040.8984375,-107779.724609375,591029.8803710938,-107774.177734375,2.1337983135874468,10.668991567937233
4636.375,1322.375,4635.0224609375,1320.078125,591408.3984375,-107794.724609375,591401.6357421875,-107783.240234375,2.5659425789304247,12.829712894652124
4616.875,1323.125,4615.9814453125,1321.890625,591310.8984375,-107798.474609375,591306.4306640625,-107792.302734375,1.4144955198705933,7.0724775993529665
4829.875,1323.125,4828.15380859375,1322.796875,592375.8984375,-107798.474609375,592367.2924804688,-107796.833984375,1.122602060089054,5.6130103004452705
4835.875,1324.625,4832.6875,1323.703125,592405.8984375,-107805.974609375,592389.9609375,-107801.365234375,2.700019929910812,13.50009964955406
4712.875,1325.375,4712.09375,1324.609375,591790.8984375,-107809.724609375,591786.9921875,-107805.896484375,0.9375573579498898,4.687786789749449
4840.375,1326.125,4839.03466796875,1325.515625,592428.3984375,-107813.474609375,592421.6967773438,-107810.427734375,1.009565482506946,5.04782741253473
4796.125,1327.625,4796.4189453125,1328.234375,592207.1484375,-107820.974609375,592208.6181640625,-107824.021484375,1.0622409577906209,5.311204788953105
4850.875,1329.125,4850.822265625,1329.140625,592480.8984375,-107828.474609375,592480.634765625,-107828.552734375,0.7015262694897645,3.5076313474488225
4769.125,1329.875,4767.40380859375,1330.953125,592072.1484375,-107832.224609375,592063.5424804688,-107837.615234375,1.412810176828182,7.06405088414091
4855.375,1329.875,4855.35546875,1330.046875,592503.3984375,-107832.224609375,592503.30078125,-107833.083984375,0.7143552549743398,3.571776274871699
4859.125,1330.625,4859.88916015625,1330.953125,592522.1484375,-107835.974609375,592525.9692382812,-107837.615234375,1.505145968776876,7.52572984388438
4679.125,1331.375,4679.4521484375,1331.859375,591622.1484375,-107839.724609375,591623.7841796875,-107842.146484375,0.9340072737727068,4.670036368863534
4682.875,1333.625,4683.9853515625,1333.671875,591640.8984375,-107850.974609375,591646.4501953125,-107851.208984375,1.6496410382344406,8.248205191172204
4870.375,1333.625,4868.0498046875,1333.671875,592578.3984375,-107850.974609375,592566.7724609375,-107851.208984375,1.5943196083354365,7.971598041677183
4621.375,1334.375,4622.32861328125,1333.671875,591333.3984375,-107854.724609375,591338.1665039062,-107851.208984375,1.6409384825760982,8.20469241288049
4727.875,1335.125,4727.5078125,1333.671875,591865.8984375,-107858.474609375,591864.0625,-107851.208984375,1.6167291431600408,8.083645715800204
4634.875,1336.625,4635.92919921875,1338.203125,591400.8984375,-107865.974609375,591406.1694335938,-107873.865234375,2.1152496884593956,10.57624844229698
4810.375,1337.375,4810.01953125,1339.109375,592278.3984375,-107869.724609375,592276.62109375,-107878.396484375,1.589832625503672,7.949163127518361
4822.375,1337.375,4822.7138671875,1337.296875,592338.3984375,-107869.724609375,592340.0927734375,-107869.333984375,1.0456919948303176,5.228459974151588
4883.875,1338.125,4883.4638671875,1338.203125,592645.8984375,-107873.474609375,592643.8427734375,-107873.865234375,0.3485536105467752,1.742768052733876
4727.875,1341.875,4727.5078125,1341.828125,591865.8984375,-107892.224609375,591864.0625,-107891.990234375,0.27071465282791485,1.3535732641395741
4625.875,1346.375,4625.95556640625,1347.265625,591355.8984375,-107914.724609375,591356.3012695312,-107919.177734375,0.9392936295769863,4.696468147884931
4916.125,1347.125,4916.10595703125,1347.265625,592807.1484375,-107918.474609375,592807.0532226562,-107919.177734375,0.7287004384324223,3.6435021921621114
4587.625,1348.625,4588.77978515625,1349.078125,591164.6484375,-107925.974609375,591170.4223632812,-107928.240234375,1.5848224134589188,7.924112067294594
4823.875,1348.625,4822.7138671875,1349.078125,592345.8984375,-107925.974609375,592340.0927734375,-107928.240234375,0.5921064177042518,2.960532088521259
4736.875,1349.375,4737.48193359375,1349.078125,591910.8984375,-107929.724609375,591913.9331054688,-107928.240234375,1.2329578725025514,6.1647893625127566
4810.375,1349.375,4810.01953125,1349.984375,592278.3984375,-107929.724609375,592276.62109375,-107932.771484375,0.5206904477175106,2.603452238587553
4924.375,1349.375,4923.359375,1349.078125,592848.3984375,-107929.724609375,592843.3203125,-107928.240234375,0.5656095153852608,2.8280475769263043
4630.375,1355.375,4629.58203125,1355.421875,591378.3984375,-107959.724609375,591374.43359375,-107959.958984375,0.38335673065174686,1.9167836532587343
4619.125,1356.125,4619.6083984375,1356.328125,591322.1484375,-107963.474609375,591324.5654296875,-107964.490234375,0.8888397852905975,4.444198926452987
4634.125,1357.625,4634.11572265625,1358.140625,591397.1484375,-107970.974609375,591397.1020507812,-107973.552734375,0.5782212305681822,2.891106152840911
4963.375,1360.625,4960.53515625,1359.953125,593043.3984375,-107985.974609375,593029.19921875,-107982.615234375,2.2619896903520433,11.309948451760217
4967.125,1361.375,4965.06884765625,1360.859375,593062.1484375,-107989.724609375,593051.8676757812,-107987.146484375,1.4862549256035962,7.431274628017981
4738.375,1362.125,4738.388671875,1361.765625,591918.3984375,-107993.474609375,591918.466796875,-107991.677734375,0.7148811607228175,3.5744058036140873
4975.375,1363.625,4975.04248046875,1363.578125,593103.3984375,-108000.974609375,593101.7358398438,-108000.740234375,0.4943178176481387,2.4715890882406937
4634.875,1364.375,4634.11572265625,1362.671875,591400.8984375,-108004.724609375,591397.1020507812,-107996.208984375,1.834055507249177,9.170277536245885
4754.125,1365.125,4753.802734375,1363.578125,591997.1484375,-108008.474609375,591995.537109375,-108000.740234375,1.6896375258793523,8.448187629396761
4891.375,1366.625,4892.53125,1368.109375,592683.3984375,-108015.974609375,592689.1796875,-108023.396484375,2.2377330036840233,11.188665018420117
4988.125,1367.375,4984.10986328125,1366.296875,593167.1484375,-108019.724609375,593147.0727539062,-108014.333984375,3.4993388665482716,17.49669433274136
4619.125,1368.125,4618.70166015625,1369.921875,591322.1484375,-108023.474609375,591320.0317382812,-108032.458984375,1.712984630320073,8.564923151600365
4634.875,1368.125,4633.208984375,1368.109375,591400.8984375,-108023.474609375,591392.568359375,-108023.396484375,1.291665324525474,6.45832662262737
4886.875,1368.875,4887.99755859375,1369.015625,592660.8984375,-108027.224609375,592666.5112304688,-108027.927734375,1.7694861974887692,8.847430987443847
4992.625,1368.875,4991.36376953125,1368.109375,593189.6484375,-108027.224609375,593183.3422851562,-108023.396484375,1.0933128486365504,5.466564243182752
4823.875,1369.625,4820.900390625,1369.921875,592345.8984375,-108030.974609375,592331.025390625,-108032.458984375,2.4023139916879455,12.011569958439727
4872.625,1369.625,4873.490234375,1369.015625,592589.6484375,-108030.974609375,592593.974609375,-108027.927734375,1.6836149475417446,8.418074737708723
5011.375,1374.125,5007.6845703125,1372.640625,593283.3984375,-108053.474609375,593264.9462890625,-108046.052734375,3.3803686872011056,16.901843436005528
4742.125,1374.875,4742.015625,1375.359375,591937.1484375,-108057.224609375,591936.6015625,-108059.646484375,0.5152689732791901,2.5763448663959503
4752.625,1374.875,4751.9892578125,1375.359375,591989.6484375,-108057.224609375,591986.4697265625,-108059.646484375,0.3922982258092485,1.9614911290462425
4631.875,1379.375,4632.30224609375,1378.984375,591385.8984375,-108079.724609375,591388.0346679688,-108077.771484375,0.900271972815888,4.50135986407944
4633.375,1389.125,4633.208984375,1388.953125,591393.3984375,-108128.474609375,591392.568359375,-108127.615234375,0.2835810691298516,1.4179053456492579
4751.875,1389.125,4751.0830078125,1389.859375,591985.8984375,-108128.474609375,591981.9384765625,-108132.146484375,0.7173224825604253,3.5866124128021264
5024.125,1392.875,5024.00537109375,1393.484375,593347.1484375,-108147.224609375,593346.5502929688,-108150.271484375,0.7290665203912511,3.6453326019562553
4814.875,1395.875,4812.73974609375,1395.296875,592300.8984375,-108162.224609375,592290.2221679688,-108159.333984375,1.7927086278931772,8.963543139465886
4630.375,1398.875,4630.48876953125,1398.921875,591378.3984375,-108177.224609375,591378.9672851562,-108177.458984375,0.3928015867270299,1.9640079336351497
5021.125,1403.375,5021.28515625,1406.171875,593332.1484375,-108199.724609375,593332.94921875,-108213.708984375,2.744882461297273,13.724412306486364
4631.875,1405.625,4632.30224609375,1407.078125,591385.8984375,-108210.974609375,591388.0346679688,-108218.240234375,1.5566333137563952,7.783166568781976
4637.125,1407.875,4636.8359375,1408.890625,591412.1484375,-108222.224609375,591410.703125,-108227.302734375,0.960228089148988,4.80114044574494
4826.125,1408.625,4825.43359375,1408.890625,592357.1484375,-108225.974609375,592353.69140625,-108227.302734375,0.27632944822852246,1.3816472411426122
5004.625,1408.625,5004.0576171875,1407.078125,593249.6484375,-108225.974609375,593246.8115234375,-108218.240234375,1.7238644865441346,8.619322432720672
4754.125,1409.375,4751.9892578125,1407.984375,591997.1484375,-108229.724609375,591986.4697265625,-108222.771484375,2.2992115647535027,11.496057823767513
4841.125,1410.125,4841.7548828125,1410.703125,592432.1484375,-108233.474609375,592435.2978515625,-108236.365234375,1.19133009720818,5.9566504860409
4754.875,1416.125,4754.70947265625,1417.046875,592000.8984375,-108263.474609375,592000.0708007812,-108268.083984375,0.8569730325798626,4.284865162899313
5016.625,1417.625,5016.751953125,1417.046875,593309.6484375,-108270.974609375,593310.283203125,-108268.083984375,1.068567002774956,5.34283501387478
4826.125,1420.625,4825.43359375,1419.765625,592357.1484375,-108285.974609375,592353.69140625,-108281.677734375,1.0026771944192154,5.013385972096077
4781.125,1422.125,4780.09765625,1422.484375,592132.1484375,-108293.474609375,592127.01171875,-108295.271484375,0.7116402469197081,3.55820123459854
4795.375,1422.125,4795.51220703125,1421.578125,592203.3984375,-108293.474609375,592204.0844726562,-108290.740234375,0.8266744345455227,4.133372172727613
4378.375,1425.875,4377.51416015625,1427.015625,590118.3984375,-108312.224609375,590114.0942382812,-108317.927734375,1.5099171612748055,7.5495858063740275
4637.125,1425.875,4635.92919921875,1427.921875,591412.1484375,-108312.224609375,591406.1694335938,-108322.458984375,2.2391911924836143,11.195955962418072
4943.125,1425.875,4944.21435546875,1427.015625,592942.1484375,-108312.224609375,592947.5952148438,-108317.927734375,1.9042695450108542,9.521347725054271
4844.125,1426.625,4844.47509765625,1427.015625,592447.1484375,-108315.974609375,592448.8989257812,-108317.927734375,0.822771110550779,4.113855552753895
4832.125,1427.375,4831.78076171875,1427.015625,592387.1484375,-108319.724609375,592385.4272460938,-108317.927734375,0.46591503487387037,2.329575174369352
4813.375,1431.125,4812.73974609375,1431.546875,592293.3984375,-108338.474609375,592290.2221679688,-108340.583984375,0.41930319239540836,2.0965159619770417
4796.125,1433.375,4795.51220703125,1434.265625,592207.1484375,-108349.724609375,592204.0844726562,-108354.177734375,0.8471869294041877,4.2359346470209385
4763.125,1434.125,4762.8701171875,1433.359375,592042.1484375,-108353.474609375,592040.8740234375,-108349.646484375,0.8414408858872242,4.207204429436121
4649.875,1434.875,4646.81005859375,1435.171875,591475.8984375,-108357.224609375,591460.5737304688,-108358.708984375,2.888390896843023,14.441954484215117
4779.625,1435.625,4779.19091796875,1436.078125,592124.6484375,-108360.974609375,592122.4780273438,-108363.240234375,0.3906859953804551,1.9534299769022756
4366.375,1437.125,4367.5400390625,1437.890625,590058.3984375,-108368.474609375,590064.2236328125,-108372.302734375,1.3285128717035575,6.642564358517787
4370.875,1437.875,4372.07373046875,1437.890625,590080.8984375,-108372.224609375,590086.8920898438,-108372.302734375,1.0809924572976275,5.4049622864881375
4376.875,1437.875,4378.4208984375,1436.984375,590110.8984375,-108372.224609375,590118.6279296875,-108367.771484375,1.65793604075464,8.2896802037732
4382.875,1438.625,4383.861328125,1438.796875,590140.8984375,-108375.974609375,590145.830078125,-108376.833984375,0.9053164372343724,4.526582186171862
4676.125,1441.625,4676.7314453125,1441.515625,591607.1484375,-108390.974609375,591610.1806640625,-108390.427734375,0.8156456522138044,4.078228261069022
4661.875,1443.125,4660.41064453125,1442.421875,591535.8984375,-108398.474609375,591528.5766601562,-108394.958984375,1.4840764451245188,7.4203822256225935
4665.625,1443.875,4664.9443359375,1443.328125,591554.6484375,-108402.224609375,591551.2451171875,-108399.490234375,0.7682051898696418,3.841025949348209
5009.125,1443.875,5009.498046875,1444.234375,593272.1484375,-108402.224609375,593274.013671875,-108404.021484375,0.9434334398560227,4.717167199280113
4370.875,1449.875,4370.26025390625,1449.671875,590080.8984375,-108432.224609375,590077.8247070312,-108431.208984375,0.7838240158668666,3.919120079334333
4382.875,1449.875,4382.0478515625,1449.671875,590140.8984375,-108432.224609375,590136.7626953125,-108431.208984375,0.981512339351911,4.907561696759554
4818.625,1451.375,4819.99365234375,1453.296875,592319.6484375,-108439.724609375,592326.4916992188,-108449.333984375,2.500032476046706,12.50016238023353
4938.625,1452.875,4938.77392578125,1454.203125,592919.6484375,-108447.224609375,592920.3930664062,-108453.865234375,1.349940035717529,6.749700178587645
4692.625,1453.625,4692.14599609375,1453.296875,591689.6484375,-108450.974609375,591687.2534179688,-108449.333984375,0.4718465436073054,2.3592327180365267
4950.625,1453.625,4950.56103515625,1453.296875,592979.6484375,-108450.974609375,592979.3286132812,-108449.333984375,0.5917353908862287,2.9586769544311435
4775.875,1455.125,4775.564453125,1456.015625,592105.8984375,-108458.474609375,592104.345703125,-108462.927734375,0.8325614193720114,4.162807096860057
4790.875,1456.625,4790.978515625,1456.921875,592180.8984375,-108465.974609375,592181.416015625,-108467.458984375,0.44257688754468577,2.212884437723429
5004.625,1458.125,5004.96435546875,1460.546875,593249.6484375,-108473.474609375,593251.3452148438,-108485.583984375,2.438307013525551,12.191535067627754
4928.875,1459.625,4926.986328125,1459.640625,592870.8984375,-108480.974609375,592861.455078125,-108481.052734375,1.4803702356595603,7.401851178297801
4402.375,1461.125,4400.18212890625,1460.546875,590238.3984375,-108488.474609375,590227.4340820312,-108485.583984375,2.406010081114989,12.030050405574945
4757.875,1461.125,4756.52294921875,1460.546875,592015.8984375,-108488.474609375,592009.1381835938,-108485.583984375,1.2912550526393884,6.456275263196942
4274.875,1463.375,4273.2412109375,1464.171875,589600.8984375,-108499.724609375,589592.7294921875,-108503.708984375,2.138137357603714,10.69068678801857
4700.875,1464.125,4700.306640625,1462.359375,591730.8984375,-108503.474609375,591728.056640625,-108494.646484375,1.840397332278558,9.201986661392791
4712.125,1464.875,4713.00048828125,1465.078125,591787.1484375,-108507.224609375,591791.5258789062,-108508.240234375,1.0521088394139655,5.2605441970698275
4746.625,1464.875,4746.54931640625,1464.171875,591959.6484375,-108507.224609375,591959.2700195312,-108503.708984375,0.7547578321912762,3.7737891609563814
4950.625,1464.875,4950.56103515625,1465.078125,592979.6484375,-108507.224609375,592979.3286132812,-108508.240234375,0.3667280521895266,1.833640260947633
5003.125,1465.625,5003.15087890625,1465.078125,593242.1484375,-108510.974609375,593242.2778320312,-108508.240234375,0.8358060188992937,4.1790300944964685
4733.875,1466.375,4733.85498046875,1465.984375,591895.8984375,-108514.724609375,591895.7983398438,-108512.771484375,0.45595236589924004,2.2797618294962003
4820.125,1470.875,4821.80712890625,1469.609375,592327.1484375,-108537.224609375,592335.5590820312,-108530.896484375,2.3511418752847684,11.755709376423841
4955.125,1471.625,4954.18798828125,1471.421875,593002.1484375,-108540.974609375,592997.4633789062,-108539.958984375,0.6165648880618503,3.0828244403092513
5001.625,1471.625,5001.33740234375,1471.421875,593234.6484375,-108540.974609375,593233.2104492188,-108539.958984375,0.3612791631849897,1.8063958159249485
4936.375,1475.375,4936.0537109375,1475.046875,592908.3984375,-108559.724609375,592906.7919921875,-108558.083984375,0.42501116628345387,2.1250558314172694
4947.625,1475.375,4947.8408203125,1475.953125,592964.6484375,-108559.724609375,592965.7275390625,-108562.615234375,0.7672676868581519,3.83633843429076
4295.125,1478.375,4294.095703125,1479.578125,589702.1484375,-108574.724609375,589697.001953125,-108580.740234375,1.89288868709563,9.46444343547815
4283.125,1479.125,4283.21533203125,1477.765625,589642.1484375,-108578.474609375,589642.6000976562,-108571.677734375,1.2625326789498723,6.312663394749362
4274.875,1479.875,4273.2412109375,1479.578125,589600.8984375,-108582.224609375,589592.7294921875,-108580.740234375,1.9942308884263014,9.971154442131507
4850.125,1481.375,4848.1015625,1480.484375,592477.1484375,-108589.724609375,592467.03125,-108585.271484375,2.0042786450878882,10.021393225439441
4966.375,1484.375,4965.9755859375,1485.015625,593058.3984375,-108604.724609375,593056.4013671875,-108607.927734375,0.5452815225412466,2.7264076127062333
4997.875,1484.375,4997.71044921875,1485.015625,593215.8984375,-108604.724609375,593215.0756835938,-108607.927734375,0.5874932674027572,2.937466337013786
4954.375,1485.125,4954.18798828125,1485.015625,592998.3984375,-108608.474609375,592997.4633789062,-108607.927734375,0.26465135087980307,1.3232567543990155
4989.625,1485.125,4988.6435546875,1485.921875,593174.6484375,-108608.474609375,593169.7412109375,-108612.458984375,0.9071446007884081,4.53572300394204
4978.375,1485.875,4976.85595703125,1485.015625,593118.3984375,-108612.224609375,593110.8032226562,-108607.927734375,1.4860202172895294,7.430101086447647
4673.125,1486.625,4673.10498046875,1486.828125,591592.1484375,-108615.974609375,591592.0483398438,-108616.990234375,0.20744767339230336,1.0372383669615168
4816.375,1486.625,4818.18017578125,1487.734375,592308.3984375,-108615.974609375,592317.4243164062,-108621.521484375,2.276202006971855,11.381010034859276
4936.375,1487.375,4936.0537109375,1486.828125,592908.3984375,-108619.724609375,592906.7919921875,-108616.990234375,0.6304755306758558,3.152377653379279
4766.875,1490.375,4769.21728515625,1490.453125,592060.8984375,-108634.724609375,592072.6098632812,-108635.115234375,2.485007694387979,12.425038471939896
4879.375,1491.125,4880.74365234375,1491.359375,592623.3984375,-108638.474609375,592630.2416992188,-108639.646484375,1.638299751711596,8.19149875855798
4892.875,1491.125,4893.43798828125,1491.359375,592690.8984375,-108638.474609375,592693.7133789062,-108639.646484375,0.8547269742586969,4.273634871293485
4916.125,1491.875,4916.10595703125,1492.265625,592807.1484375,-108642.224609375,592807.0532226562,-108644.177734375,0.42252893355614257,2.112644667780713
4742.125,1494.875,4742.015625,1496.796875,591937.1484375,-108657.224609375,591936.6015625,-108666.833984375,1.9083100062378395,9.541550031189198
4934.125,1496.375,4936.0537109375,1495.890625,592897.1484375,-108664.724609375,592906.7919921875,-108662.302734375,2.3007055244034196,11.503527622017097
4992.625,1503.125,4993.17724609375,1502.234375,593189.6484375,-108698.474609375,593192.4096679688,-108694.021484375,1.327573194343824,6.63786597171912
4919.125,1504.625,4918.826171875,1504.953125,592822.1484375,-108705.974609375,592820.654296875,-108707.615234375,0.26806155718779556,1.3403077859389778
4953.625,1504.625,4955.0947265625,1504.953125,592994.6484375,-108705.974609375,593001.9970703125,-108707.615234375,1.7863028989619796,8.931514494809898
4961.125,1506.875,4960.53515625,1505.859375,593032.1484375,-108717.224609375,593029.19921875,-108712.146484375,1.1280343912961295,5.640171956480647
4965.625,1506.875,4965.06884765625,1506.765625,593054.6484375,-108717.224609375,593051.8676757812,-108716.677734375,0.3126317289102937,1.5631586445514687
4915.375,1510.625,4916.10595703125,1512.203125,592803.3984375,-108735.974609375,592807.0532226562,-108743.865234375,1.804645472363309,9.023227361816545
4880.125,1511.375,4881.650390625,1513.109375,592627.1484375,-108739.724609375,592634.775390625,-108748.396484375,2.4144713727590834,12.072356863795417
4892.125,1512.125,4891.62451171875,1513.109375,592687.1484375,-108743.474609375,592684.6459960938,-108748.396484375,0.9813001621847184,4.906500810923592
4715.875,1513.625,4718.44091796875,1514.015625,591805.8984375,-108750.974609375,591818.7280273438,-108752.927734375,2.6126033197831395,13.063016598915699
4706.875,1514.375,4707.56005859375,1514.015625,591760.8984375,-108754.724609375,591764.3237304688,-108752.927734375,0.7699226330766519,3.8496131653832593
4727.875,1515.125,4727.5078125,1514.921875,591865.8984375,-108758.474609375,591864.0625,-108757.458984375,0.39453039484616576,1.9726519742308288
4770.625,1516.625,4771.9375,1515.828125,592079.6484375,-108765.974609375,592086.2109375,-108761.990234375,1.5932640450772848,7.966320225386424
4844.125,1516.625,4844.47509765625,1516.734375,592447.1484375,-108765.974609375,592448.8989257812,-108766.521484375,0.5006434809982947,2.5032174049914735
4906.375,1521.125,4906.1318359375,1521.265625,592758.3984375,-108788.474609375,592757.1826171875,-108789.177734375,0.10720422727163635,0.5360211363581817
4896.625,1522.625,4897.064453125,1523.984375,592709.6484375,-108795.974609375,592711.845703125,-108802.771484375,1.4586659311973293,7.293329655986646
4850.125,1523.375,4848.1015625,1523.078125,592477.1484375,-108799.724609375,592467.03125,-108798.240234375,1.9209807426771595,9.604903713385797
4985.125,1523.375,4984.10986328125,1523.078125,593152.1484375,-108799.724609375,593147.0727539062,-108798.240234375,0.8257819821671064,4.128909910835532
4379.125,1524.875,4380.234375,1523.984375,590122.1484375,-108807.224609375,590127.6953125,-108802.771484375,1.052718632604991,5.2635931630249555
4962.625,1525.625,4962.3486328125,1525.796875,593039.6484375,-108810.974609375,593038.2666015625,-108811.833984375,0.11825677101057899,0.5912838550528949
4973.875,1527.875,4974.1357421875,1526.703125,593095.8984375,-108822.224609375,593097.2021484375,-108816.365234375,1.332946441930003,6.6647322096500154
4708.375,1530.125,4707.56005859375,1530.328125,591768.3984375,-108833.474609375,591764.3237304688,-108834.490234375,0.8891404506159964,4.445702253079983
4747.375,1530.875,4748.36279296875,1532.140625,591963.3984375,-108837.224609375,591968.3374023438,-108843.552734375,1.6159720104468525,8.079860052234263
4897.375,1531.625,4897.064453125,1532.140625,592713.3984375,-108840.974609375,592711.845703125,-108843.552734375,0.5083022600649431,2.541511300324715
4725.625,1532.375,4725.6943359375,1532.140625,591854.6484375,-108844.724609375,591854.9951171875,-108843.552734375,0.21289247392536095,1.0644623696268047
4917.625,1532.375,4917.91943359375,1532.140625,592814.6484375,-108844.724609375,592816.1206054688,-108843.552734375,0.5417242114811742,2.708621057405871
4779.625,1536.125,4781.00439453125,1535.765625,592124.6484375,-108863.474609375,592131.5454101562,-108861.677734375,1.4367445349774284,7.183722674887142
4792.375,1536.125,4791.88525390625,1535.765625,592188.3984375,-108863.474609375,592185.9497070312,-108861.677734375,0.5812320010098032,2.906160005049016
4706.875,1539.125,4705.74658203125,1537.578125,591760.8984375,-108878.474609375,591755.2563476562,-108870.740234375,1.929646601670895,9.648233008354476
4722.625,1539.125,4722.06787109375,1541.203125,591839.6484375,-108878.474609375,591836.8627929688,-108888.865234375,2.1971307023928475,10.985653511964237
4798.375,1540.625,4798.232421875,1540.296875,592218.3984375,-108885.974609375,592217.685546875,-108884.333984375,0.3422866310885518,1.7114331554427589
4908.625,1541.375,4907.9453125,1540.296875,592769.6484375,-108889.724609375,592766.25,-108884.333984375,1.2313611478397883,6.1568057391989415
4958.875,1547.375,4958.7216796875,1547.546875,593020.8984375,-108919.724609375,593020.1318359375,-108920.583984375,0.13510869559959868,0.6755434779979934
4415.875,1548.125,4416.5029296875,1548.453125,590305.8984375,-108923.474609375,590309.0380859375,-108925.115234375,0.5147725659989165,2.5738628299945825
4363.375,1550.375,4363.00634765625,1550.265625,590043.3984375,-108934.724609375,590041.5551757812,-108934.177734375,0.8462773741935412,4.231386870967706
4374.625,1550.375,4375.70068359375,1549.359375,590099.6484375,-108934.724609375,590105.0268554688,-108929.646484375,1.0557722254386817,5.278861127193409
4424.125,1550.375,4422.85009765625,1551.171875,590347.1484375,-108934.724609375,590340.7739257812,-108938.708984375,1.9282135996308394,9.641067998154197
4778.875,1550.375,4779.19091796875,1550.265625,592120.8984375,-108934.724609375,592122.4780273438,-108934.177734375,0.29809384382760695,1.4904692191380349
4286.125,1551.125,4286.841796875,1552.078125,589657.1484375,-108938.474609375,589660.732421875,-108943.240234375,1.1482144147523725,5.741072073761862
4392.625,1551.125,4392.92822265625,1549.359375,590189.6484375,-108938.474609375,590191.1645507812,-108929.646484375,1.6222106181603346,8.111053090801674
4798.375,1551.875,4797.32568359375,1552.984375,592218.3984375,-108942.224609375,592213.1518554688,-108947.771484375,1.550058103448561,7.750290517242805
4909.375,1552.625,4908.85205078125,1552.984375,592773.3984375,-108945.974609375,592770.7836914062,-108947.771484375,0.5420504713504882,2.710252356752441
4898.875,1553.375,4898.8779296875,1552.078125,592720.8984375,-108949.724609375,592720.9130859375,-108943.240234375,1.3132937251750862,6.566468625875431
4964.125,1554.125,4964.162109375,1553.890625,593047.1484375,-108953.474609375,593047.333984375,-108952.302734375,0.33080676420377003,1.65403382101885
4967.875,1557.875,4968.69580078125,1558.421875,593065.8984375,-108972.224609375,593070.0024414062,-108974.958984375,1.0981175822144449,5.490587911072224
4772.125,1558.625,4771.03076171875,1560.234375,592087.1484375,-108975.974609375,592081.6772460938,-108984.021484375,2.0090681185535275,10.045340592767637
4427.125,1560.125,4428.29052734375,1559.328125,590362.1484375,-108983.474609375,590367.9760742188,-108979.490234375,0.9758865823057488,4.879432911528744
4439.875,1560.125,4440.07763671875,1559.328125,590425.8984375,-108983.474609375,590426.9116210938,-108979.490234375,0.691058361934584,3.45529180967292
4764.625,1560.875,4763.77685546875,1562.953125,592049.6484375,-108987.224609375,592045.4077148438,-108997.615234375,2.309255337113509,11.546276685567545
4330.375,1561.625,4331.271484375,1562.046875,589878.3984375,-108990.974609375,589882.880859375,-108993.083984375,0.6957222588719433,3.4786112943597165
4375.375,1561.625,4374.7939453125,1560.234375,590103.3984375,-108990.974609375,590100.4931640625,-108984.021484375,1.633268301786896,8.16634150893448
4402.375,1561.625,4402.90234375,1562.046875,590238.3984375,-108990.974609375,590241.03515625,-108993.083984375,0.5806679951699069,2.9033399758495344
4450.375,1561.625,4450.95849609375,1563.859375,590478.3984375,-108990.974609375,590481.3159179688,-109002.146484375,2.3803840397355622,11.90192019867781
4779.625,1561.625,4780.09765625,1561.140625,592124.6484375,-108990.974609375,592127.01171875,-108988.552734375,0.6085939552207152,3.0429697761035763
4913.875,1561.625,4914.29248046875,1561.140625,592795.8984375,-108990.974609375,592797.9858398438,-108988.552734375,0.7015658507083714,3.507829253541857
4362.625,1562.375,4363.9130859375,1562.046875,590039.6484375,-108994.724609375,590046.0888671875,-108993.083984375,0.7900708956167458,3.950354478083729
4409.875,1562.375,4410.15576171875,1562.046875,590275.8984375,-108994.724609375,590277.3022460938,-108993.083984375,0.2523020485114492,1.2615102425572462
4338.625,1564.625,4339.431640625,1564.765625,589919.6484375,-109005.974609375,589923.681640625,-109006.677734375,0.41213679347929655,2.060683967396483
4383.625,1566.875,4383.861328125,1565.671875,590144.6484375,-109017.224609375,590145.830078125,-109011.208984375,1.0709057712815426,5.354528856407713
4394.875,1566.875,4394.74169921875,1567.484375,590200.8984375,-109017.224609375,590200.2319335938,-109020.271484375,0.9946125828829853,4.9730629144149265
4416.625,1566.875,4419.22314453125,1567.484375,590309.6484375,-109017.224609375,590322.6391601562,-109020.271484375,2.2614408098927012,11.307204049463506
4787.125,1566.875,4787.3515625,1565.671875,592162.1484375,-109017.224609375,592163.28125,-109011.208984375,1.1781207937608236,5.890603968804118
4427.875,1571.375,4428.29052734375,1571.109375,590365.8984375,-109039.724609375,590367.9760742188,-109038.396484375,0.12317462082015035,0.6158731041007517
4373.125,1572.875,4373.88720703125,1572.015625,590092.1484375,-109047.224609375,590095.9594726562,-109042.927734375,0.7207202786766715,3.6036013933833577
4730.125,1573.625,4731.134765625,1575.640625,591877.1484375,-109050.974609375,591882.197265625,-109061.052734375,2.2444776357578173,11.222388178789087
4352.875,1575.875,4353.03271484375,1575.640625,589990.8984375,-109062.224609375,589991.6870117188,-109061.052734375,0.4116299316547204,2.058149658273602
4919.125,1575.875,4919.73291015625,1575.640625,592822.1484375,-109062.224609375,592825.1879882812,-109061.052734375,0.6899705656298338,3.449852828149169
4346.125,1578.875,4345.77880859375,1579.265625,589957.1484375,-109077.224609375,589955.4174804688,-109079.177734375,1.0952137406210587,5.476068703105294
4373.125,1580.375,4372.98046875,1580.171875,590092.1484375,-109084.724609375,590091.42578125,-109083.708984375,0.7033664935528836,3.5168324677644183
4314.625,1581.125,4315.85693359375,1581.078125,589799.6484375,-109088.474609375,589805.8081054688,-109088.240234375,0.6277267224777425,3.1386336123887126
4326.625,1581.125,4326.73779296875,1581.078125,589859.6484375,-109088.474609375,589860.2124023438,-109088.240234375,0.5202619251761411,2.6013096258807056
4364.125,1581.125,4363.9130859375,1581.078125,590047.1484375,-109088.474609375,590046.0888671875,-109088.240234375,0.7945858396667035,3.9729291983335173
4764.625,1581.125,4764.68359375,1581.078125,592049.6484375,-109088.474609375,592049.94140625,-109088.240234375,0.08272332066333159,0.41361660331665795
4392.625,1581.875,4392.92822265625,1581.984375,590189.6484375,-109092.224609375,590191.1645507812,-109092.771484375,0.3729076319321072,1.864538159660536
4438.375,1583.375,4437.357421875,1582.890625,590418.3984375,-109099.724609375,590413.310546875,-109097.302734375,1.549032748410717,7.745163742053585
4346.125,1588.625,4346.685546875,1589.234375,589957.1484375,-109125.974609375,589959.951171875,-109129.021484375,0.8090311520447874,4.0451557602239365
4424.125,1590.125,4423.7568359375,1590.140625,590347.1484375,-109133.474609375,590345.3076171875,-109133.552734375,0.9218162747316375,4.609081373658188
4889.875,1590.125,4889.81103515625,1590.140625,592675.8984375,-109133.474609375,592675.5786132812,-109133.552734375,0.10535114843292659,0.526755742164633
4901.875,1590.125,4901.59814453125,1590.140625,592735.8984375,-109133.474609375,592734.5141601562,-109133.552734375,0.3003058403949261,1.5015292019746305
4326.625,1592.375,4326.73779296875,1591.953125,589859.6484375,-109144.724609375,589860.2124023438,-109142.615234375,0.5741869918290115,2.8709349591450573
4964.125,1592.375,4964.162109375,1591.953125,593047.1484375,-109144.724609375,593047.333984375,-109142.615234375,0.42871427391878913,2.143571369593946
4314.625,1593.125,4314.9501953125,1591.953125,589799.6484375,-109148.474609375,589801.2744140625,-109142.615234375,1.016648797411618,5.08324398705809
4361.125,1594.625,4361.19287109375,1595.578125,590032.1484375,-109155.974609375,590032.4877929688,-109160.740234375,1.2750425131231182,6.375212565615591
4437.625,1596.125,4438.26416015625,1593.765625,590414.6484375,-109163.474609375,590417.8442382812,-109151.677734375,2.186982460752273,10.934912303761365
4934.125,1596.125,4935.14697265625,1596.484375,592897.1484375,-109163.474609375,592902.2583007812,-109165.271484375,1.0824936272045793,5.412468136022897
4942.375,1597.625,4941.494140625,1598.296875,592938.3984375,-109170.974609375,592933.994140625,-109174.333984375,1.1159179480994428,5.579589740497214
4448.125,1602.125,4448.23828125,1602.828125,590467.1484375,-109193.474609375,590467.71484375,-109196.990234375,0.9800864711319214,4.900432355659607
4889.875,1602.125,4889.81103515625,1601.921875,592675.8984375,-109193.474609375,592675.5786132812,-109192.458984375,0.21779040867416072,1.0889520433708035
4901.875,1602.125,4902.5048828125,1601.921875,592735.8984375,-109193.474609375,592739.0478515625,-109192.458984375,0.597259541891094,2.98629770945547
4942.375,1605.875,4944.21435546875,1605.546875,592938.3984375,-109212.224609375,592947.5952148438,-109210.583984375,1.8387417944811186,9.193708972405593
4348.375,1607.375,4350.3125,1606.453125,589968.3984375,-109219.724609375,589978.0859375,-109215.115234375,1.4531615272569423,7.265807636284711
4961.875,1608.125,4961.44189453125,1609.171875,593035.8984375,-109223.474609375,593033.7329101562,-109228.708984375,1.1511947090950487,5.755973545475244
4367.875,1609.625,4367.5400390625,1609.171875,590065.8984375,-109230.974609375,590064.2236328125,-109228.708984375,1.0191587459274027,5.0957937296370135
4447.375,1616.375,4447.33154296875,1616.421875,590463.3984375,-109264.724609375,590463.1811523438,-109264.958984375,0.6762802536755987,3.381401268377994
4348.375,1617.125,4347.59228515625,1615.515625,589968.3984375,-109268.474609375,589964.4848632812,-109260.427734375,2.0294467423018356,10.147233711509179
4358.875,1622.375,4360.2861328125,1621.859375,590020.8984375,-109294.724609375,590027.9541015625,-109292.146484375,0.7653801849124976,3.826900924562488
4453.375,1624.625,4452.77197265625,1624.578125,590493.3984375,-109305.974609375,590490.3833007812,-109305.740234375,1.221301655810794,6.106508279053971
4465.375,1625.375,4465.4658203125,1624.578125,590553.3984375,-109309.724609375,590553.8525390625,-109305.740234375,0.7902956642576632,3.9514783212883158
4476.625,1625.375,4476.3466796875,1624.578125,590609.6484375,-109309.724609375,590608.2568359375,-109305.740234375,1.057949779225286,5.28974889612643
4331.125,1629.125,4333.99169921875,1630.921875,589882.1484375,-109328.474609375,589896.4819335938,-109337.458984375,2.933377236435982,14.66688618217991
4349.875,1629.125,4350.3125,1629.109375,589975.8984375,-109328.474609375,589978.0859375,-109328.396484375,0.36745332382437446,1.8372666191218723
4955.875,1629.125,4956.908203125,1628.203125,593005.8984375,-109328.474609375,593011.064453125,-109323.865234375,1.2989686214025407,6.494843107012703
4366.375,1629.875,4366.63330078125,1630.015625,590058.3984375,-109332.224609375,590059.6899414062,-109332.927734375,0.5896838624037822,2.948419312018911
4495.375,1630.625,4499.0146484375,1630.921875,590703.3984375,-109335.974609375,590721.5966796875,-109337.458984375,3.094785235705866,15.473926178529329
4455.625,1632.875,4456.39892578125,1631.828125,590504.6484375,-109347.224609375,590508.5180664062,-109341.990234375,0.8574410567849835,4.2872052839249175
4477.375,1639.625,4477.25341796875,1639.078125,590613.3984375,-109380.974609375,590612.7905273438,-109378.240234375,0.8277025617266944,4.138512808633472
4463.125,1640.375,4463.65234375,1640.890625,590542.1484375,-109384.724609375,590544.78515625,-109387.302734375,0.7309254094629518,3.654627047314759
4952.875,1641.125,4953.28125,1640.890625,592990.8984375,-109388.474609375,592992.9296875,-109387.302734375,0.3386395478799464,1.693197739399732
4311.625,1641.875,4312.22998046875,1641.796875,589784.6484375,-109392.224609375,589787.6733398438,-109391.833984375,0.27501289274230317,1.375064463711516
4352.125,1643.375,4352.1259765625,1641.796875,589987.1484375,-109399.724609375,589987.1533203125,-109391.833984375,1.5427057752306315,7.713528876153157
4484.125,1644.125,4486.3203125,1640.890625,590647.1484375,-109403.474609375,590658.125,-109387.302734375,3.4096914860551166,17.048457430275583
4464.625,1647.125,4465.4658203125,1647.234375,590549.6484375,-109418.474609375,590553.8525390625,-109419.021484375,0.3643978175169749,1.8219890875848745
4919.125,1647.125,4918.826171875,1648.140625,592822.1484375,-109418.474609375,592820.654296875,-109423.552734375,1.179558251682092,5.89779125841046
4931.125,1647.875,4931.52001953125,1648.140625,592882.1484375,-109422.224609375,592884.1235351562,-109423.552734375,0.3960243490180513,1.9801217450902564
4350.625,1652.375,4352.1259765625,1652.671875,589979.6484375,-109444.724609375,589987.1533203125,-109446.208984375,0.8864595336915261,4.432297668457631
4361.125,1655.375,4362.099609375,1654.484375,590032.1484375,-109459.724609375,590037.021484375,-109455.271484375,0.6613960342165276,3.306980171082638
4915.375,1656.875,4916.10595703125,1656.296875,592803.3984375,-109467.224609375,592807.0532226562,-109464.333984375,0.7234899302843598,3.617449651421799
4946.125,1659.875,4946.9345703125,1659.921875,592957.1484375,-109482.224609375,592961.1962890625,-109482.458984375,0.6297927280895731,3.1489636404478656
4836.625,1662.875,4837.22119140625,1661.734375,592409.6484375,-109497.224609375,592412.6293945312,-109491.521484375,1.0742523706528353,5.371261853264176
4848.625,1662.875,4849.0087890625,1663.546875,592469.6484375,-109497.224609375,592471.5673828125,-109500.583984375,0.7755264764528433,3.877632382264217
4944.625,1665.875,4944.21435546875,1666.265625,592949.6484375,-109512.224609375,592947.5952148438,-109514.177734375,0.773388893485215,3.866944467426075
4914.625,1668.125,4915.19921875,1668.078125,592799.6484375,-109523.474609375,592802.51953125,-109523.240234375,0.32706539013740166,1.6353269506870083
4922.875,1671.125,4922.453125,1671.703125,592840.8984375,-109538.474609375,592838.7890625,-109541.365234375,0.9419680847381833,4.709840423690917
4943.125,1671.875,4944.21435546875,1670.796875,592942.1484375,-109542.224609375,592947.5952148438,-109536.833984375,1.3195689451182004,6.597844725591003
4836.625,1674.875,4837.22119140625,1674.421875,592409.6484375,-109557.224609375,592412.6293945312,-109554.958984375,0.41695780694407886,2.0847890347203943
4849.375,1674.875,4849.0087890625,1674.421875,592473.3984375,-109557.224609375,592471.5673828125,-109554.958984375,0.785213033999197,3.9260651699959848
4505.125,1680.125,4506.2685546875,1680.765625,590752.1484375,-109583.474609375,590757.8662109375,-109586.677734375,0.9627787129296287,4.8138935646481436
4904.875,1684.625,4905.22509765625,1686.203125,592750.8984375,-109605.974609375,592752.6489257812,-109613.865234375,1.6788919286134893,8.394459643067446
4916.875,1685.375,4917.0126953125,1685.296875,592810.8984375,-109609.724609375,592811.5869140625,-109609.333984375,0.1634536050006708,0.8172680250033539
4763.125,1686.875,4763.77685546875,1687.109375,592042.1484375,-109617.224609375,592045.4077148438,-109618.396484375,0.42402352662504067,2.1201176331252034
4775.875,1686.875,4775.564453125,1688.015625,592105.8984375,-109617.224609375,592104.345703125,-109622.927734375,1.4961851351364048,7.480925675682024
4929.625,1692.875,4928.7998046875,1693.453125,592874.6484375,-109647.224609375,592870.5224609375,-109650.115234375,1.3216883792195084,6.608441896097542
4505.125,1694.375,4505.36181640625,1694.359375,590752.1484375,-109654.724609375,590753.3325195312,-109654.646484375,0.5777031128880818,2.888515564440409
4874.125,1695.125,4874.396484375,1694.359375,592597.1484375,-109658.474609375,592598.505859375,-109654.646484375,0.6544723472691847,3.2723617363459234
4917.625,1695.125,4917.0126953125,1692.546875,592814.6484375,-109658.474609375,592811.5869140625,-109645.583984375,2.6459888618783967,13.229944309391984
4891.375,1697.375,4890.7177734375,1696.171875,592683.3984375,-109669.724609375,592680.1123046875,-109663.708984375,1.491969309129882,7.45984654564941
4936.375,1698.875,4936.0537109375,1697.984375,592908.3984375,-109677.224609375,592906.7919921875,-109672.771484375,1.0165719848147807,5.082859924073904
4775.875,1700.375,4774.6572265625,1699.796875,592105.8984375,-109684.724609375,592099.8095703125,-109681.833984375,1.7665742588640672,8.832871294320336
4530.625,1703.375,4530.75,1703.421875,590879.6484375,-109699.724609375,590880.2734375,-109699.958984375,0.7054235088712143,3.5271175443560714
4625.875,1704.125,4625.95556640625,1704.328125,591355.8984375,-109703.474609375,591356.3012695312,-109704.490234375,0.7190009837876876,3.595004918938438
4639.375,1704.125,4639.55615234375,1705.234375,591423.3984375,-109703.474609375,591424.3041992188,-109709.021484375,1.396458411909242,6.98229205954621
4918.375,1705.625,4921.5458984375,1706.140625,592818.3984375,-109710.974609375,592834.2529296875,-109713.552734375,2.8795892276893054,14.397946138446526
4934.125,1705.625,4933.33349609375,1704.328125,592897.1484375,-109710.974609375,592893.1909179688,-109704.490234375,1.6432411857234794,8.216205928617397
4865.875,1706.375,4866.236328125,1707.953125,592555.8984375,-109714.724609375,592557.705078125,-109722.615234375,1.7112675018212196,8.556337509106097
4908.625,1707.875,4908.85205078125,1707.953125,592769.6484375,-109722.224609375,592770.7836914062,-109722.615234375,0.24900160785803538,1.2450080392901768
4560.625,1711.625,4560.67138671875,1711.578125,591029.6484375,-109740.974609375,591029.8803710938,-109740.740234375,0.7415441058474898,3.7077205292374487
4565.875,1713.125,4569.73876953125,1714.296875,591055.8984375,-109748.474609375,591075.2172851562,-109754.333984375,3.405953309436181,17.029766547180905
4883.125,1713.125,4883.4638671875,1713.390625,592642.1484375,-109748.474609375,592643.8427734375,-109749.802734375,0.4066907662136396,2.033453831068198
4898.125,1714.625,4897.064453125,1715.203125,592717.1484375,-109755.974609375,592711.845703125,-109758.865234375,1.6322451799376323,8.161225899688162
4640.125,1716.875,4642.2763671875,1715.203125,591427.1484375,-109767.224609375,591437.9052734375,-109758.865234375,2.060490791413735,10.302453957068675
4883.125,1722.125,4883.4638671875,1721.546875,592642.1484375,-109793.474609375,592643.8427734375,-109790.583984375,0.45160965842249073,2.258048292112454
4741.375,1725.125,4741.10888671875,1725.171875,591933.3984375,-109808.474609375,591932.0678710938,-109808.708984375,0.9085513712572529,4.542756856286265
4753.375,1725.125,4753.802734375,1725.171875,591993.3984375,-109808.474609375,591995.537109375,-109808.708984375,0.28813200071988776,1.4406600035994388
4899.625,1727.375,4898.8779296875,1726.984375,592724.6484375,-109819.724609375,592720.9130859375,-109817.771484375,1.2215864205034586,6.107932102517292
4928.125,1728.125,4928.7998046875,1726.078125,592867.1484375,-109823.474609375,592870.5224609375,-109813.240234375,1.9327259162546486,9.663629581273243
4909.375,1728.875,4908.85205078125,1728.796875,592773.3984375,-109827.224609375,592770.7836914062,-109826.833984375,0.9674214807402188,4.837107403701094
4920.625,1730.375,4919.73291015625,1729.703125,592829.6484375,-109834.724609375,592825.1879882812,-109831.365234375,1.4316075267499622,7.158037633749811
4636.375,1733.375,4635.92919921875,1733.328125,591408.3984375,-109849.724609375,591406.1694335938,-109849.490234375,1.2092177621383862,6.046088810691931
4848.625,1733.375,4849.0087890625,1735.140625,592469.6484375,-109849.724609375,592471.5673828125,-109858.552734375,1.9320748395636507,9.660374197818253
4640.125,1734.125,4640.462890625,1734.234375,591427.1484375,-109853.474609375,591428.837890625,-109854.021484375,0.5321445859991425,2.6607229299957122
4866.625,1734.875,4866.236328125,1735.140625,592559.6484375,-109857.224609375,592557.705078125,-109858.552734375,0.990400507950897,4.952002539754485
4877.875,1734.875,4878.0234375,1735.140625,592615.8984375,-109857.224609375,592616.640625,-109858.552734375,0.5436846205158365,2.718423102579183
4647.625,1736.375,4647.716796875,1736.046875,591464.6484375,-109864.724609375,591465.107421875,-109863.083984375,0.6621393738521337,3.310696869260669
4740.625,1736.375,4741.10888671875,1736.046875,591929.6484375,-109864.724609375,591932.0678710938,-109863.083984375,0.20767737598109332,1.0383868799054665
4907.125,1740.875,4907.9453125,1740.578125,592762.1484375,-109887.224609375,592766.25,-109885.740234375,0.36905118781749513,1.8452559390874756
4922.875,1740.875,4922.453125,1741.484375,592840.8984375,-109887.224609375,592838.7890625,-109890.271484375,1.1638182339556293,5.819091169778146
4667.125,1741.625,4666.7578125,1740.578125,591562.1484375,-109890.974609375,591560.3125,-109885.740234375,1.378672335129414,6.8933616756470695
4760.875,1746.125,4760.14990234375,1746.015625,592030.8984375,-109913.474609375,592027.2729492188,-109912.927734375,1.383418865828433,6.917094329142165
4769.875,1746.875,4770.1240234375,1747.828125,592075.8984375,-109917.224609375,592077.1435546875,-109921.990234375,1.2192871893938442,6.096435946969221
4865.875,1749.125,4866.236328125,1748.734375,592555.8984375,-109928.474609375,592557.705078125,-109926.521484375,0.29173423611427307,1.4586711805713652
4877.875,1749.125,4877.11669921875,1748.734375,592615.8984375,-109928.474609375,592612.1069335938,-109926.521484375,1.3166782896308007,6.5833914481540035
4697.125,1749.875,4699.39990234375,1750.546875,591712.1484375,-109932.224609375,591723.5229492188,-109935.583984375,1.7820482761604781,8.91024138080239
4811.125,1750.625,4810.92626953125,1750.546875,592282.1484375,-109935.974609375,592281.1547851562,-109935.583984375,0.8215178248807471,4.107589124403735
4730.875,1751.375,4732.04150390625,1751.453125,591880.8984375,-109939.724609375,591886.7309570312,-109940.115234375,0.5482350419949973,2.7411752099749864
4798.375,1751.375,4798.232421875,1750.546875,592218.3984375,-109939.724609375,592217.685546875,-109935.583984375,1.0006524267417884,5.003262133708942
4908.625,1753.625,4908.85205078125,1754.171875,592769.6484375,-109950.974609375,592770.7836914062,-109953.708984375,0.7649651534844445,3.8248257674222224
4921.375,1753.625,4920.6396484375,1754.171875,592833.3984375,-109950.974609375,592829.7216796875,-109953.708984375,1.426613882459171,7.133069412295855
4712.875,1754.375,4713.00048828125,1755.078125,591790.8984375,-109954.724609375,591791.5258789062,-109958.240234375,1.108230376644493,5.541151883222465
4822.375,1762.625,4822.7138671875,1763.234375,592338.3984375,-109995.974609375,592340.0927734375,-109999.021484375,0.8597667252565262,4.298833626282631
4742.875,1763.375,4743.8291015625,1763.234375,591940.8984375,-109999.724609375,591945.6689453125,-109999.021484375,0.2405036027526398,1.202518013763199
4894.375,1764.125,4894.3447265625,1765.046875,592698.3984375,-110003.474609375,592698.2470703125,-110008.083984375,1.2481283170473472,6.240641585236736
4906.375,1764.125,4906.1318359375,1764.140625,592758.3984375,-110003.474609375,592757.1826171875,-110003.552734375,0.8192841448527141,4.09642072426357
4916.875,1766.375,4917.91943359375,1764.140625,592810.8984375,-110014.724609375,592816.1206054688,-110003.552734375,2.124273029022957,10.621365145114785
4777.375,1773.125,4778.2841796875,1773.203125,592113.3984375,-110048.474609375,592117.9443359375,-110048.865234375,0.3522658913375417,1.7613294566877085
4847.875,1773.125,4847.1953125,1773.203125,592465.8984375,-110048.474609375,592462.5,-110048.865234375,1.3533465508781328,6.766732754390664
4787.125,1775.375,4787.3515625,1775.921875,592162.1484375,-110059.724609375,592163.28125,-110062.458984375,0.9093448509287756,4.546724254643878
4823.125,1775.375,4825.43359375,1776.828125,592342.1484375,-110059.724609375,592353.69140625,-110066.990234375,2.3261540696423726,11.630770348211863
4894.375,1776.125,4894.3447265625,1776.828125,592698.3984375,-110063.474609375,592698.2470703125,-110066.990234375,1.091223574188786,5.456117870943929
4906.375,1776.125,4907.03857421875,1777.734375,592758.3984375,-110063.474609375,592761.7163085938,-110071.521484375,1.7911131811721124,8.955565905860562
4813.375,1776.875,4815.4599609375,1775.921875,592293.3984375,-110067.224609375,592303.8232421875,-110062.458984375,1.5763742368058153,7.881871184029077
4796.875,1778.375,4798.232421875,1777.734375,592210.8984375,-110074.724609375,592217.685546875,-110071.521484375,0.7678231738781135,3.8391158693905676
4862.875,1781.375,4862.609375,1780.453125,592540.8984375,-110089.724609375,592539.5703125,-110085.115234375,1.1703551475711051,5.851775737855526
4848.625,1782.875,4849.0087890625,1782.265625,592469.6484375,-110097.224609375,592471.5673828125,-110094.177734375,0.49815188287056417,2.4907594143528207
4897.375,1785.125,4897.064453125,1785.890625,592713.3984375,-110108.474609375,592711.845703125,-110112.302734375,1.3412959295655158,6.706479647827579
3732.625,1054.875,3733.12109375,1054.0433349609375,586889.6484375,-106457.224609375,586892.12890625,-106453.06628417969,1.2582255316948643,6.291127658474322
3802.375,1054.875,3802.66015625,1054.0433349609375,587238.3984375,-106457.224609375,587239.82421875,-106453.06628417969,1.185237681673087,5.926188408365435
3821.875,1057.875,3821.80859375,1059.0826416015625,587335.8984375,-106472.224609375,587335.56640625,-106478.26281738281,1.1793915647756215,5.8969578238781075
3259.375,1060.125,3260.45703125,1059.0826416015625,584523.3984375,-106483.474609375,584528.80859375,-106478.26281738281,1.3386983007709563,6.693491503854782
3276.625,1060.875,3275.57421875,1060.090576171875,584609.6484375,-106487.224609375,584604.39453125,-106483.30249023438,1.371952109724576,6.85976054862288
3742.375,1066.125,3743.19921875,1065.1298828125,586938.3984375,-106513.474609375,586942.51953125,-106508.4990234375,1.5859711840226705,7.9298559201133525
3754.375,1066.125,3755.29296875,1066.1378173828125,586998.3984375,-106513.474609375,587002.98828125,-106513.53869628906,1.2875085430270172,6.437542715135086
3695.125,1066.875,3693.81640625,1065.1298828125,586702.1484375,-106517.224609375,586695.60546875,-106508.4990234375,2.056865148590506,10.284325742952529
3797.875,1066.875,3797.62109375,1067.1456298828125,587215.8984375,-106517.224609375,587214.62890625,-106518.57775878906,0.2462733830043192,1.231366915021596
3734.875,1068.375,3735.13671875,1068.153564453125,586900.8984375,-106524.724609375,586902.20703125,-106523.61743164062,0.6648990065159117,3.3244950325795584
3821.875,1072.875,3821.80859375,1072.18505859375,587335.8984375,-106547.224609375,587335.56640625,-106543.77490234375,0.8516398251067419,4.258199125533709
3797.875,1073.625,3797.62109375,1074.2008056640625,587215.8984375,-106550.974609375,587214.62890625,-106553.85363769531,0.5180746462158736,2.590373231079368
3734.875,1074.375,3734.12890625,1077.224365234375,586900.8984375,-106554.724609375,586897.16796875,-106568.97143554688,2.826161084526535,14.130805422632676
3452.125,1075.125,3451.94140625,1075.2086181640625,585487.1484375,-106558.474609375,585486.23046875,-106558.89270019531,0.2065890574059883,1.0329452870299414
3464.125,1075.125,3463.02734375,1075.2086181640625,585547.1484375,-106558.474609375,585541.66015625,-106558.89270019531,1.0749055635178808,5.374527817589404
3699.625,1075.875,3698.85546875,1076.216552734375,586724.6484375,-106562.224609375,586720.80078125,-106563.93237304688,0.574170431114012,2.87085215557006
3808.375,1076.625,3807.69921875,1075.2086181640625,587268.3984375,-106565.974609375,587265.01953125,-106558.89270019531,1.519970917050482,7.599854585252411
3824.875,1079.625,3822.81640625,1079.2401123046875,587350.8984375,-106580.974609375,587340.60546875,-106579.05017089844,1.7203936482825115,8.601968241412557
3728.125,1081.125,3725.05859375,1082.2637939453125,586867.1484375,-106588.474609375,586851.81640625,-106594.16857910156,2.9798198814041137,14.899099407020568
3735.625,1081.875,3734.12890625,1082.2637939453125,586904.6484375,-106592.224609375,586897.16796875,-106594.16857910156,1.2439419958333808,6.219709979166904
3827.125,1083.375,3826.84765625,1084.279541015625,587362.1484375,-106599.724609375,587360.76171875,-106604.24731445312,0.8352173069538907,4.176086534769453
3452.125,1087.125,3451.94140625,1087.3031005859375,585487.1484375,-106618.474609375,585486.23046875,-106619.36511230469,0.30491122877953575,1.5245561438976787
3827.125,1100.625,3825.83984375,1101.413330078125,587362.1484375,-106685.974609375,587355.72265625,-106689.91625976562,1.1921655477388409,5.960827738694205
3819.625,1113.375,3820.80078125,1113.5078125,587324.6484375,-106749.724609375,587330.52734375,-106750.388671875,1.4703681536332234,7.351840768166117
3832.375,1113.375,3830.87890625,1113.5078125,587388.3984375,-106749.724609375,587380.91796875,-106750.388671875,1.1929425227413377,5.964712613706689
3483.625,1124.625,3483.18359375,1124.594482421875,585644.6484375,-106805.974609375,585642.44140625,-106805.82202148438,0.5459100926431996,2.7295504632159977
3473.125,1125.375,3472.09765625,1125.602294921875,585592.1484375,-106809.724609375,585587.01171875,-106810.86108398438,1.1831915278063676,5.915957639031838
3463.375,1127.625,3464.03515625,1127.6181640625,585543.3984375,-106820.974609375,585546.69921875,-106820.9404296875,0.5312251734413909,2.6561258672069545
3488.125,1135.125,3488.22265625,1134.6732177734375,585667.1484375,-106858.474609375,585667.63671875,-106856.21569824219,0.37459885841438306,1.8729942920719154
3462.625,1143.375,3463.02734375,1143.744140625,585539.6484375,-106899.724609375,585541.66015625,-106901.5703125,0.512419602948747,2.562098014743735
3488.125,1145.625,3488.22265625,1145.7598876953125,585667.1484375,-106910.974609375,585667.63671875,-106911.64904785156,0.23218816931681596,1.1609408465840798
3479.125,1147.875,3479.15234375,1148.783447265625,585622.1484375,-106922.224609375,585622.28515625,-106926.76684570312,1.012769172174175,5.063845860870875
3736.375,1152.375,3737.15234375,1150.7991943359375,586908.3984375,-106944.724609375,586912.28515625,-106936.84558105469,1.7836945758938767,8.918472879469384
3749.125,1152.375,3748.23828125,1151.80712890625,586972.1484375,-106944.724609375,586967.71484375,-106941.88525390625,0.9684823774542273,4.842411887271137
3734.875,1159.875,3734.12890625,1159.8701171875,586900.8984375,-106982.224609375,586897.16796875,-106982.2001953125,0.6888077231599369,3.4440386157996845
3681.625,1182.375,3681.72265625,1182.0433349609375,586634.6484375,-107094.724609375,586635.13671875,-107093.06628417969,0.275988702867848,1.37994351433924
3680.125,1198.875,3679.70703125,1198.1693115234375,586627.1484375,-107177.224609375,586625.05859375,-107173.69616699219,0.832361793591965,4.161808967959825
3694.375,1198.875,3693.81640625,1199.1771240234375,586698.3984375,-107177.224609375,586695.60546875,-107178.73522949219,0.7609972961468758,3.804986480734379
3632.125,1220.625,3631.33203125,1221.350341796875,586387.1484375,-107285.974609375,586383.18359375,-107289.60131835938,1.327035726058971,6.635178630294854
3620.125,1221.375,3620.24609375,1221.350341796875,586327.1484375,-107289.724609375,586327.75390625,-107289.60131835938,0.16029960659777978,0.8014980329888989
3803.125,1260.375,3802.66015625,1261.665283203125,587242.1484375,-107484.724609375,587239.82421875,-107491.17602539062,1.5200813962037745,7.600406981018873
3815.125,1260.375,3814.75390625,1260.657470703125,587302.1484375,-107484.724609375,587300.29296875,-107486.13696289062,0.6503025608869977,3.2515128044349884
3815.875,1270.125,3814.75390625,1269.728271484375,587305.8984375,-107533.474609375,587300.29296875,-107531.49096679688,1.352844013673733,6.764220068368665
3802.875,1054.875,3803.0,1054.0,587240.8984375,-106457.224609375,587241.5234375,-106452.849609375,1.1298501312541784,5.649250656270892
3865.125,1057.125,3865.0,1057.0,587552.1484375,-106468.474609375,587551.5234375,-106467.849609375,0.4567577016800958,2.283788508400479
3822.375,1057.875,3822.0,1059.0,587338.3984375,-106472.224609375,587336.5234375,-106477.849609375,1.0308385685738888,5.154192842869444
3838.125,1058.625,3837.0,1059.0,587417.1484375,-106475.974609375,587411.5234375,-106477.849609375,0.6988731110182786,3.4943655550913935
3771.375,1062.375,3769.0,1063.0,587083.3984375,-106494.724609375,587071.5234375,-106497.849609375,2.05121703615758,10.256085180787899
3882.375,1065.375,3883.0,1065.0,587638.3984375,-106509.724609375,587641.5234375,-106507.849609375,1.2328552676500655,6.164276338250327
3742.875,1066.125,3743.0,1066.0,586940.8984375,-106513.474609375,586941.5234375,-106512.849609375,0.5171851676799417,2.5859258383997084
3797.625,1066.125,3798.0,1067.0,587214.6484375,-106513.474609375,587216.5234375,-106517.849609375,1.1184878454233844,5.592439227116922
3735.375,1068.375,3735.0,1068.0,586903.3984375,-106524.724609375,586901.5234375,-106522.849609375,0.4369891277155677,2.1849456385778385
3933.375,1070.625,3933.0,1071.0,587893.3984375,-106535.974609375,587891.5234375,-106537.849609375,0.30458446588237753,1.5229223294118877
3833.625,1071.375,3835.0,1072.0,587394.6484375,-106539.724609375,587401.5234375,-106542.849609375,1.8893989492295378,9.44699474614769
3821.625,1072.125,3822.0,1072.0,587334.6484375,-106543.474609375,587336.5234375,-106542.849609375,0.8242208378570219,4.121104189285109
3841.875,1072.125,3841.0,1072.0,587435.8984375,-106543.474609375,587431.5234375,-106542.849609375,0.4829234164022774,2.414617082011387
3797.625,1073.625,3798.0,1074.0,587214.6484375,-106550.974609375,587216.5234375,-106552.849609375,0.8226449173932632,4.113224586966316
3808.125,1075.875,3808.0,1076.0,587267.1484375,-106562.224609375,587266.5234375,-106562.849609375,0.27490303045833914,1.3745151522916956
3954.375,1076.625,3955.0,1077.0,587998.3984375,-106565.974609375,588001.5234375,-106567.849609375,1.2017001702389571,6.0085008511947855
3792.375,1078.875,3791.0,1080.0,587188.3984375,-106577.224609375,587181.5234375,-106582.849609375,1.4573116440168745,7.286558220084372
3713.625,1079.625,3711.0,1080.0,586794.6484375,-106580.974609375,586781.5234375,-106582.849609375,2.3654587637522617,11.827293818761309
3824.625,1079.625,3825.0,1082.0,587349.6484375,-106580.974609375,587351.5234375,-106592.849609375,2.4230749913057243,12.115374956528623
3717.375,1080.375,3716.0,1081.0,586813.3984375,-106584.724609375,586806.5234375,-106587.849609375,1.2354498642873664,6.177249321436832
3932.625,1081.125,3932.0,1081.0,587889.6484375,-106588.474609375,587886.5234375,-106587.849609375,0.263651152927111,1.318255764635555
3735.375,1081.875,3735.0,1082.0,586903.3984375,-106592.224609375,586901.5234375,-106592.849609375,0.1074690644969003,0.5373453224845015
3971.625,1081.875,3971.0,1082.0,588084.6484375,-106592.224609375,588081.5234375,-106592.849609375,0.07237865608787754,0.3618932804393877
3975.375,1082.625,3976.0,1083.0,588103.3984375,-106595.974609375,588106.5234375,-106597.849609375,1.2052565375759883,6.026282687879942
3745.125,1084.125,3744.0,1084.0,586952.1484375,-106603.474609375,586946.5234375,-106602.849609375,0.8406847159773934,4.203423579886967
3755.625,1084.125,3756.0,1084.0,587004.6484375,-106603.474609375,587006.5234375,-106602.849609375,0.7117139485506453,3.5585697427532264
3828.375,1084.125,3827.0,1087.0,587368.3984375,-106603.474609375,587361.5234375,-106617.849609375,2.965534510218358,14.82767255109179
3865.875,1084.125,3866.0,1085.0,587555.8984375,-106603.474609375,587556.5234375,-106607.849609375,0.9632138313374597,4.816069156687298
3843.375,1086.375,3842.0,1086.0,587443.3984375,-106614.724609375,587436.5234375,-106612.849609375,1.0749109647572976,5.374554823786488
3870.375,1088.625,3871.0,1089.0,587578.3984375,-106625.974609375,587581.5234375,-106627.849609375,1.087037993627436,5.43518996813718
3995.625,1088.625,3995.0,1088.0,588204.6484375,-106625.974609375,588201.5234375,-106622.849609375,0.7556896300707385,3.7784481503536926
3959.625,1089.375,3961.0,1091.0,588024.6484375,-106629.724609375,588031.5234375,-106637.849609375,2.4201779711455518,12.10088985572776
3888.375,1090.125,3887.0,1090.0,587668.3984375,-106633.474609375,587661.5234375,-106632.849609375,0.9618404898395858,4.8092024491979295
4000.875,1090.125,4002.0,1090.0,588230.8984375,-106633.474609375,588236.5234375,-106632.849609375,1.7023961382127903,8.511980691063952
3844.125,1099.875,3844.0,1100.0,587447.1484375,-106682.224609375,587446.5234375,-106682.849609375,0.24191653859643442,1.209582692982172
3826.125,1100.625,3826.0,1101.0,587357.1484375,-106685.974609375,587356.5234375,-106687.849609375,0.3790319818929887,1.8951599094649434
3820.125,1102.125,3819.0,1103.0,587327.1484375,-106693.474609375,587321.5234375,-106697.849609375,1.1412819072005067,5.706409536002534
4044.375,1102.125,4045.0,1103.0,588448.3984375,-106693.474609375,588451.5234375,-106697.849609375,1.4056436405829544,7.028218202914772
4055.625,1105.125,4055.0,1105.0,588504.6484375,-106708.474609375,588501.5234375,-106707.849609375,0.2633428613771869,1.3167143068859344
3964.125,1107.375,3965.0,1107.0,588047.1484375,-106719.724609375,588051.5234375,-106717.849609375,1.42267405376187,7.1133702688093505
3976.875,1107.375,3977.0,1108.0,588110.8984375,-106719.724609375,588111.5234375,-106722.849609375,0.7972585572756501,3.9862927863782502
3921.375,1108.875,3922.0,1110.0,587833.3984375,-106727.224609375,587836.5234375,-106732.849609375,1.470476176735115,7.3523808836755755
3943.125,1108.875,3943.0,1112.0,587942.1484375,-106727.224609375,587941.5234375,-106742.849609375,3.048424768527981,15.242123842639906
3905.625,1111.125,3904.0,1110.0,587754.6484375,-106738.474609375,587746.5234375,-106732.849609375,1.723472374406819,8.617361872034095
3832.125,1112.625,3831.0,1113.0,587387.1484375,-106745.974609375,587381.5234375,-106747.849609375,0.8781626702063599,4.390813351031799
3923.625,1112.625,3924.0,1115.0,587844.6484375,-106745.974609375,587846.5234375,-106757.849609375,2.421337239917422,12.10668619958711
3820.125,1113.375,3820.0,1113.0,587327.1484375,-106749.724609375,587326.5234375,-106747.849609375,0.45568045591200734,2.2784022795600367
4077.375,1117.125,4076.0,1117.0,588613.3984375,-106768.474609375,588606.5234375,-106767.849609375,0.8565723063869524,4.282861531934762
4090.125,1117.875,4090.0,1118.0,588677.1484375,-106772.224609375,588676.5234375,-106772.849609375,0.44345118000963113,2.2172559000481558
4101.375,1117.875,4102.0,1118.0,588733.3984375,-106772.224609375,588736.5234375,-106772.849609375,1.2055041126547987,6.027520563273994
3964.125,1119.375,3964.0,1121.0,588047.1484375,-106779.724609375,588046.5234375,-106787.849609375,1.564391676272053,7.821958381360265
3886.875,1120.125,3887.0,1120.0,587660.8984375,-106783.474609375,587661.5234375,-106782.849609375,0.5053081554312426,2.526540777156213
4016.625,1120.125,4016.0,1119.0,588309.6484375,-106783.474609375,588306.5234375,-106777.849609375,1.2400061398074527,6.200030699037264
3930.375,1120.875,3931.0,1120.0,587878.3984375,-106787.224609375,587881.5234375,-106782.849609375,1.390666824665187,6.953334123325935
4001.625,1120.875,4003.0,1121.0,588234.6484375,-106787.224609375,588241.5234375,-106787.849609375,1.8393354956220587,9.196677478110294
4121.625,1124.625,4122.0,1124.0,588834.6484375,-106805.974609375,588836.5234375,-106802.849609375,1.222799171140926,6.11399585570463
3949.125,1125.375,3949.0,1126.0,587972.1484375,-106809.724609375,587971.5234375,-106812.849609375,0.6075863067757417,3.0379315338787083
3905.625,1126.125,3906.0,1126.0,587754.6484375,-106813.474609375,587756.5234375,-106812.849609375,0.7447143179509643,3.7235715897548216
3838.875,1126.875,3840.0,1129.0,587420.8984375,-106817.224609375,587426.5234375,-106827.849609375,2.5067907156231164,12.533953578115582
3922.125,1126.875,3922.0,1127.0,587837.1484375,-106817.224609375,587836.5234375,-106817.849609375,0.2416817216755227,1.2084086083776135
4132.875,1126.875,4134.0,1128.0,588890.8984375,-106817.224609375,588896.5234375,-106822.849609375,1.9752417456902485,9.876208728451243
3763.875,1128.375,3761.0,1127.0,587045.8984375,-106824.724609375,587031.5234375,-106817.849609375,3.028028751061682,15.140143755308411
3929.625,1132.875,3929.0,1132.0,587874.6484375,-106847.224609375,587871.5234375,-106842.849609375,0.9815854495053695,4.907927247526848
3936.375,1132.875,3936.0,1133.0,587908.3984375,-106847.224609375,587906.5234375,-106847.849609375,0.05838670283366207,0.29193351416831037
3937.875,1136.625,3936.0,1138.0,587915.8984375,-106865.974609375,587906.5234375,-106872.849609375,2.0115556428313623,10.057778214156812
3949.125,1136.625,3950.0,1137.0,587972.1484375,-106865.974609375,587976.5234375,-106867.849609375,1.2712200024195273,6.356100012097636
4140.375,1137.375,4140.0,1138.0,588928.3984375,-106869.724609375,588926.5234375,-106872.849609375,0.5273025862804693,2.6365129314023465
4021.875,1138.875,4019.0,1139.0,588335.8984375,-106877.224609375,588321.5234375,-106877.849609375,2.4449916920937476,12.224958460468738
4180.125,1140.375,4180.0,1141.0,589127.1484375,-106884.724609375,589126.5234375,-106887.849609375,0.673966879667393,3.369834398336965
4157.625,1144.875,4159.0,1145.0,589014.6484375,-106907.224609375,589021.5234375,-106907.849609375,1.9322852358991571,9.661426179495786
4199.625,1145.625,4200.0,1146.0,589224.6484375,-106910.974609375,589226.5234375,-106912.849609375,1.0019928840612657,5.0099644203063285
4126.125,1147.875,4127.0,1149.0,588857.1484375,-106922.224609375,588861.5234375,-106927.849609375,1.7157511131832281,8.57875556591614
4141.125,1148.625,4141.0,1149.0,588932.1484375,-106925.974609375,588931.5234375,-106927.849609375,0.4756547143212997,2.378273571606498
3871.875,1150.875,3870.0,1152.0,587585.8984375,-106937.224609375,587576.5234375,-106942.849609375,1.9728371642573683,9.864185821286842
3736.875,1152.375,3737.0,1151.0,586910.8984375,-106944.724609375,586911.5234375,-106937.849609375,1.378013054817485,6.890065274087425
3748.875,1152.375,3749.0,1152.0,586970.8984375,-106944.724609375,586971.5234375,-106942.849609375,0.42751732370889045,2.1375866185444523
3922.125,1152.375,3923.0,1153.0,587837.1484375,-106944.724609375,587841.5234375,-106947.849609375,1.2926014294046655,6.463007147023328
4177.125,1153.125,4176.0,1151.0,589112.1484375,-106948.474609375,589106.5234375,-106937.849609375,2.326573072887459,11.632865364437295
3748.875,1162.125,3749.0,1160.0,586970.8984375,-106993.474609375,586971.5234375,-106982.849609375,2.116182698594572,10.580913492972861
3935.625,1162.875,3935.0,1165.0,587904.6484375,-106997.224609375,587901.5234375,-107007.849609375,2.1133542637194953,10.566771318597477
4141.125,1163.625,4142.0,1164.0,588932.1484375,-107000.974609375,588936.5234375,-107002.849609375,1.3823992384839452,6.911996192419726
3922.125,1165.125,3923.0,1166.0,587837.1484375,-107008.474609375,587841.5234375,-107012.849609375,1.3967942755119167,6.983971377559584
3747.375,1168.875,3746.0,1169.0,586963.3984375,-107027.224609375,586956.5234375,-107027.849609375,1.3402663768761682,6.701331884380841
3952.125,1173.375,3950.0,1172.0,587987.1484375,-107049.724609375,587976.5234375,-107042.849609375,2.3493948112317256,11.746974056158628
4162.125,1173.375,4160.0,1174.0,589037.1484375,-107049.724609375,589026.5234375,-107052.849609375,1.730282425349631,8.651412126748156
4171.875,1173.375,4170.0,1173.0,589085.8984375,-107049.724609375,589076.5234375,-107047.849609375,1.4729196307014014,7.364598153507007
3753.375,1174.875,3754.0,1176.0,586993.3984375,-107057.224609375,586996.5234375,-107062.849609375,1.325774980535404,6.62887490267702
3920.625,1176.375,3918.0,1177.0,587829.6484375,-107064.724609375,587816.5234375,-107067.849609375,2.492391377362801,12.461956886814004
3681.375,1182.375,3681.0,1181.0,586633.3984375,-107094.724609375,586631.5234375,-107087.849609375,1.3907311519238454,6.953655759619227
4333.125,1183.875,4332.0,1183.0,589892.1484375,-107102.224609375,589886.5234375,-107097.849609375,1.1439775254379818,5.719887627189909
4167.375,1184.625,4166.0,1185.0,589063.3984375,-107105.974609375,589056.5234375,-107107.849609375,0.9702344078775245,4.851172039387622
3783.375,1188.375,3785.0,1188.0,587143.3984375,-107124.724609375,587151.5234375,-107122.849609375,1.6822384109818393,8.411192054909197
4178.625,1189.875,4179.0,1189.0,589119.6484375,-107132.224609375,589121.5234375,-107127.849609375,1.2698170338649222,6.349085169324611
4207.125,1189.875,4207.0,1188.0,589262.1484375,-107132.224609375,589261.5234375,-107122.849609375,2.012527329714303,10.062636648571514
4324.875,1190.625,4321.0,1191.0,589850.8984375,-107135.974609375,589831.5234375,-107137.849609375,3.2878704154966187,16.439352077483093
3679.875,1198.125,3680.0,1198.0,586625.8984375,-107173.474609375,586626.5234375,-107172.849609375,0.05368076764324118,0.2684038382162059
3694.125,1198.875,3694.0,1199.0,586697.1484375,-107177.224609375,586696.5234375,-107177.849609375,0.301421550173268,1.50710775086634
3946.125,1206.375,3944.0,1207.0,587957.1484375,-107214.724609375,587946.5234375,-107217.849609375,2.0784890742284823,10.392445371142411
4137.375,1207.125,4135.0,1209.0,588913.3984375,-107218.474609375,588901.5234375,-107227.849609375,2.718144256412128,13.59072128206064
3645.375,1211.625,3647.0,1210.0,586453.3984375,-107240.974609375,586461.5234375,-107232.849609375,2.092003216070229,10.460016080351144
3924.375,1214.625,3925.0,1213.0,587848.3984375,-107255.974609375,587851.5234375,-107247.849609375,1.7700466056353061,8.85023302817653
3936.375,1215.375,3936.0,1215.0,587908.3984375,-107259.724609375,587906.5234375,-107257.849609375,0.4613528432132415,2.3067642160662074
3892.875,1217.625,3895.0,1216.0,587690.8984375,-107270.974609375,587701.5234375,-107262.849609375,2.7021343801946673,13.510671900973337
3606.375,1218.375,3609.0,1219.0,586258.3984375,-107274.724609375,586271.5234375,-107277.849609375,2.4763266320622574,12.381633160311287
3619.875,1221.375,3620.0,1221.0,586325.8984375,-107289.724609375,586326.5234375,-107287.849609375,0.29424571347701073,1.4712285673850536
3874.875,1221.375,3875.0,1220.0,587600.8984375,-107289.724609375,587601.5234375,-107282.849609375,1.3540412830289683,6.770206415144841
3886.875,1221.375,3886.0,1221.0,587660.8984375,-107289.724609375,587656.5234375,-107287.849609375,0.9145341810504247,4.5726709052521235
3901.875,1224.375,3902.0,1224.0,587735.8984375,-107304.724609375,587736.5234375,-107302.849609375,0.3881539030191717,1.9407695150958584
3913.875,1224.375,3914.0,1224.0,587795.8984375,-107304.724609375,587796.5234375,-107302.849609375,0.3972096299370055,1.9860481496850273
4154.625,1228.875,4156.0,1228.0,588999.6484375,-107327.224609375,589006.5234375,-107322.849609375,1.9113849349164607,9.556924674582303
4242.375,1229.625,4239.0,1229.0,589438.3984375,-107330.974609375,589421.5234375,-107327.849609375,3.0718917514548743,15.359458757274371
3632.625,1232.625,3631.0,1233.0,586389.6484375,-107345.974609375,586381.5234375,-107347.849609375,1.9648992274482486,9.824496137241244
3887.625,1232.625,3888.0,1233.0,587664.6484375,-107345.974609375,587666.5234375,-107347.849609375,0.5525429785362069,2.7627148926810348
3619.875,1233.375,3620.0,1233.0,586325.8984375,-107349.724609375,586326.5234375,-107347.849609375,0.3037093097059092,1.518546548529546
3875.625,1233.375,3875.0,1232.0,587604.6484375,-107349.724609375,587601.5234375,-107342.849609375,1.483273484710537,7.4163674235526855
3901.875,1236.375,3902.0,1236.0,587735.8984375,-107364.724609375,587736.5234375,-107362.849609375,0.36424542381027436,1.8212271190513718
4133.625,1240.875,4133.0,1241.0,588894.6484375,-107387.224609375,588891.5234375,-107387.849609375,0.39980181991335423,1.999009099566771
4129.125,1250.625,4131.0,1252.0,588872.1484375,-107435.974609375,588881.5234375,-107442.849609375,2.4732064656049038,12.366032328024518
3802.875,1260.375,3803.0,1261.0,587240.8984375,-107484.724609375,587241.5234375,-107487.849609375,0.713399991050371,3.566999955251855
3837.375,1267.875,3837.0,1268.0,587413.3984375,-107522.224609375,587411.5234375,-107522.849609375,0.5796991702612673,2.898495851306336
3990.375,1271.625,3992.0,1270.0,588178.3984375,-107540.974609375,588186.5234375,-107532.849609375,2.263384102525096,11.31692051262548
3865.875,1273.125,3867.0,1271.0,587555.8984375,-107548.474609375,587561.5234375,-107537.849609375,2.2673207433399685,11.336603716699843
4201.875,1273.125,4201.0,1274.0,589235.8984375,-107548.474609375,589231.5234375,-107552.849609375,1.0744535332522953,5.372267666261477
4214.625,1273.875,4215.0,1273.0,589299.6484375,-107552.224609375,589301.5234375,-107547.849609375,1.0878492482861408,5.439246241430704
3800.625,1276.125,3802.0,1276.0,587229.6484375,-107563.474609375,587236.5234375,-107562.849609375,1.1436866520551168,5.718433260275583
3813.375,1276.125,3814.0,1275.0,587293.3984375,-107563.474609375,587296.5234375,-107557.849609375,1.10597774113371,5.52988870566855
3822.375,1276.875,3823.0,1277.0,587338.3984375,-107567.224609375,587341.5234375,-107567.849609375,0.46893279371080315,2.344663968554016
4062.375,1276.875,4063.0,1277.0,588538.3984375,-107567.224609375,588541.5234375,-107567.849609375,0.6865321221367076,3.432660610683538
3909.375,1278.375,3911.0,1278.0,587773.3984375,-107574.724609375,587781.5234375,-107572.849609375,1.5342727017202138,7.671363508601069
3836.625,1279.875,3838.0,1280.0,587409.6484375,-107582.224609375,587416.5234375,-107582.849609375,1.1904641817023385,5.952320908511693
3850.125,1279.875,3851.0,1279.0,587477.1484375,-107582.224609375,587481.5234375,-107577.849609375,1.0433103620843072,5.216551810421536
3984.375,1279.875,3984.0,1277.0,588148.3984375,-107582.224609375,588146.5234375,-107567.849609375,2.8619037743342757,14.30951887167138
4192.125,1279.875,4191.0,1281.0,589187.1484375,-107582.224609375,589181.5234375,-107587.849609375,1.4534657131538087,7.267328565769043
3878.625,1282.875,3879.0,1281.0,587619.6484375,-107597.224609375,587621.5234375,-107587.849609375,1.8054675617127116,9.027337808563558
3931.875,1282.875,3933.0,1283.0,587885.8984375,-107597.224609375,587891.5234375,-107597.849609375,1.0308037837524822,5.154018918762411
4214.625,1282.875,4216.0,1283.0,589299.6484375,-107597.224609375,589306.5234375,-107597.849609375,1.5695914416463224,7.847957208231612
3919.875,1283.625,3921.0,1282.0,587825.8984375,-107600.974609375,587831.5234375,-107592.849609375,1.8489935320096929,9.244967660048465
3874.875,1285.125,3875.0,1286.0,587600.8984375,-107608.474609375,587601.5234375,-107612.849609375,0.9611108926180374,4.805554463090187
4201.125,1289.625,4201.0,1290.0,589232.1484375,-107630.974609375,589231.5234375,-107632.849609375,0.35854245253050665,1.7927122626525334
4213.125,1289.625,4213.0,1290.0,589292.1484375,-107630.974609375,589291.5234375,-107632.849609375,0.3560113943435344,1.780056971717672
4249.125,1290.375,4249.0,1293.0,589472.1484375,-107634.724609375,589471.5234375,-107647.849609375,2.5934411858888695,12.967205929444347
3862.875,1291.875,3862.0,1292.0,587540.8984375,-107642.224609375,587536.5234375,-107642.849609375,1.110403690697455,5.552018453487275
3874.875,1291.875,3874.0,1292.0,587600.8984375,-107642.224609375,587596.5234375,-107642.849609375,1.0970145268833786,5.485072634416893
3921.375,1294.875,3921.0,1295.0,587833.3984375,-107657.224609375,587831.5234375,-107657.849609375,0.57225127435582,2.8612563717791
3937.875,1321.875,3938.0,1323.0,587915.8984375,-107792.224609375,587916.5234375,-107797.849609375,1.2255031800677718,6.127515900338859
3949.875,1321.875,3952.0,1323.0,587975.8984375,-107792.224609375,587986.5234375,-107797.849609375,2.2667053513968205,11.333526756984103
3794.625,1333.125,3794.0,1333.0,587199.6484375,-107848.474609375,587196.5234375,-107847.849609375,1.0396712113352953,5.198356056676476
3937.875,1333.875,3938.0,1334.0,587915.8984375,-107852.224609375,587916.5234375,-107852.849609375,0.2698412463252894,1.349206231626447
3748.125,1336.875,3749.0,1334.0,586967.1484375,-107867.224609375,586971.5234375,-107852.849609375,2.7329333718598092,13.664666859299047
3949.125,1342.875,3950.0,1342.0,587972.1484375,-107897.224609375,587976.5234375,-107892.849609375,0.9690148021478117,4.845074010739058
3936.375,1346.625,3936.0,1346.0,587908.3984375,-107915.974609375,587906.5234375,-107912.849609375,0.8470476925659239,4.23523846282962
3969.375,1348.125,3969.0,1346.0,588073.3984375,-107923.474609375,588071.5234375,-107912.849609375,2.117497874437493,10.587489372187465
3994.125,1354.875,3994.0,1356.0,588197.1484375,-107957.224609375,588196.5234375,-107962.849609375,1.29308009824891,6.46540049124455
3968.625,1358.625,3968.0,1359.0,588069.6484375,-107975.974609375,588066.5234375,-107977.849609375,1.05425401477285,5.27127007386425
3844.875,1362.375,3846.0,1362.0,587450.8984375,-107994.724609375,587456.5234375,-107992.849609375,0.706899231145827,3.534496155729135
3999.375,1362.375,3999.0,1363.0,588223.3984375,-107994.724609375,588221.5234375,-107997.849609375,0.9893770026988891,4.9468850134944455
3859.875,1363.875,3860.0,1363.0,587525.8984375,-108002.224609375,587526.5234375,-107997.849609375,0.782253574447296,3.91126787223648
3999.375,1373.625,3998.0,1374.0,588223.3984375,-108050.974609375,588216.5234375,-108052.849609375,1.7662613729191263,8.831306864595632
3980.625,1375.125,3981.0,1375.0,588129.6484375,-108058.474609375,588131.5234375,-108057.849609375,0.030601669699965434,0.15300834849982717
3751.125,1392.375,3754.0,1393.0,586982.1484375,-108144.724609375,586996.5234375,-108147.849609375,2.385199537563561,11.925997687817805
3775.125,1393.875,3777.0,1395.0,587102.1484375,-108152.224609375,587111.5234375,-108157.849609375,1.8321481011959428,9.160740505979714
3589.875,1420.875,3590.0,1421.0,586175.8984375,-108287.224609375,586176.5234375,-108287.849609375,0.8870367893901598,4.435183946950799
3601.125,1426.125,3603.0,1423.0,586232.1484375,-108313.474609375,586241.5234375,-108297.849609375,2.987517031919314,14.93758515959657
3682.875,1450.125,3687.0,1450.0,586640.8984375,-108433.474609375,586661.5234375,-108432.849609375,3.2333115537665296,16.166557768832647
4294.875,1466.625,4295.0,1467.0,589700.8984375,-108515.974609375,589701.5234375,-108517.849609375,0.5099799362312187,2.5498996811560937
4282.875,1467.375,4285.0,1467.0,589640.8984375,-108519.724609375,589651.5234375,-108517.849609375,1.8381024116473808,9.190512058236903
3889.125,1470.375,3889.0,1470.0,587672.1484375,-108534.724609375,587671.5234375,-108532.849609375,0.8724922132650889,4.362461066325444
3757.875,1478.625,3758.0,1478.0,587015.8984375,-108575.974609375,587016.5234375,-108572.849609375,0.8465774330548593,4.232887165274296
4255.875,1478.625,4255.0,1480.0,589505.8984375,-108575.974609375,589501.5234375,-108582.849609375,1.9534089261467473,9.767044630733736
4295.625,1478.625,4294.0,1479.0,589704.6484375,-108575.974609375,589696.5234375,-108577.849609375,2.0131521224504807,10.065760612252404
4283.625,1479.375,4283.0,1478.0,589644.6484375,-108579.724609375,589641.5234375,-108572.849609375,1.582661060864064,7.91330530432032
3889.125,1481.625,3889.0,1481.0,587672.1484375,-108590.974609375,587671.5234375,-108587.849609375,0.971373923045101,4.856869615225505
3757.875,1485.375,3760.0,1486.0,587015.8984375,-108609.724609375,587026.5234375,-108612.849609375,1.5147449778477342,7.573724889238671
3783.375,1492.125,3784.0,1493.0,587143.3984375,-108643.474609375,587146.5234375,-108647.849609375,1.2075865233731857,6.037932616865929
3792.375,1495.125,3794.0,1495.0,587188.3984375,-108658.474609375,587196.5234375,-108657.849609375,0.7276711789346654,3.6383558946733268
3796.125,1495.875,3799.0,1497.0,587207.1484375,-108662.224609375,587221.5234375,-108667.849609375,2.419843709233078,12.099218546165389
3838.125,1507.875,3841.0,1509.0,587417.1484375,-108722.224609375,587431.5234375,-108727.849609375,2.4244387466726556,12.122193733363279
3956.625,1519.875,3957.0,1519.0,588009.6484375,-108782.224609375,588011.5234375,-108777.849609375,0.7544342717621741,3.772171358810871
3968.625,1519.875,3969.0,1519.0,588069.6484375,-108782.224609375,588071.5234375,-108777.849609375,0.7501473762354257,3.7507368811771284
4090.125,1528.875,4090.0,1529.0,588677.1484375,-108827.224609375,588676.5234375,-108827.849609375,0.9002224838008228,4.501112419004114
4090.125,1540.125,4090.0,1540.0,588677.1484375,-108883.474609375,588676.5234375,-108882.849609375,0.8700316090944411,4.350158045472206
4078.875,1552.125,4079.0,1552.0,588620.8984375,-108943.474609375,588621.5234375,-108942.849609375,0.6740030934520697,3.370015467260348
4090.875,1552.125,4091.0,1552.0,588680.8984375,-108943.474609375,588681.5234375,-108942.849609375,0.6606252675326114,3.3031263376630573
4069.125,1573.125,4069.0,1573.0,588572.1484375,-109048.474609375,588571.5234375,-109047.849609375,0.9984258900172239,4.99212945008612
4084.125,1578.375,4084.0,1577.0,588647.1484375,-109074.724609375,588646.5234375,-109067.849609375,1.4785971064383625,7.392985532191813
4101.875,1117.875,4102.0,1118.0,588735.8984375,-106772.224609375,588736.5234375,-106772.849609375,0.7060811960108501,3.53040598005425
4125.125,1125.375,4122.0,1124.0,588852.1484375,-106809.724609375,588836.5234375,-106802.849609375,2.9581988286515584,14.790994143257791
4128.875,1126.125,4127.0,1125.0,588870.8984375,-106813.474609375,588861.5234375,-106807.849609375,1.805826681514635,9.029133407573175
4140.875,1129.125,4139.0,1129.0,588930.8984375,-106828.474609375,588921.5234375,-106827.849609375,1.3138520531173774,6.5692602655868875
4145.375,1131.375,4144.0,1132.0,588953.3984375,-106839.724609375,588946.5234375,-106842.849609375,0.9268335111052556,4.634167555526278
4140.875,1138.125,4140.0,1138.0,588930.8984375,-106873.474609375,588926.5234375,-106872.849609375,0.4060538458089427,2.0302692290447135
4179.875,1139.625,4180.0,1141.0,589125.8984375,-106880.974609375,589126.5234375,-106887.849609375,1.428291831990921,7.141459159954605
4158.125,1144.875,4159.0,1145.0,589017.1484375,-106907.224609375,589021.5234375,-106907.849609375,1.432825441997343,7.164127209986715
4276.625,1168.125,4275.0,1167.0,589609.6484375,-107023.474609375,589601.5234375,-107017.849609375,1.627270537823076,8.13635268911538
4317.875,1179.375,4317.0,1180.0,589815.8984375,-107079.724609375,589811.5234375,-107082.849609375,0.535439781977998,2.67719890988999
4333.625,1183.875,4332.0,1183.0,589894.6484375,-107102.224609375,589886.5234375,-107097.849609375,1.4345923129205034,7.172961564602517
4167.125,1185.375,4166.0,1185.0,589062.1484375,-107109.724609375,589056.5234375,-107107.849609375,0.8308811987130924,4.154405993565462
4342.625,1186.875,4342.0,1186.0,589939.6484375,-107117.224609375,589936.5234375,-107112.849609375,1.029329071683294,5.146645358416469
4179.125,1189.875,4179.0,1189.0,589122.1484375,-107132.224609375,589121.5234375,-107127.849609375,1.0234593175449314,5.117296587724657
4358.375,1190.625,4357.0,1191.0,590018.3984375,-107135.974609375,590011.5234375,-107137.849609375,0.7754220494631296,3.877110247315648
4377.125,1195.875,4374.0,1195.0,590112.1484375,-107162.224609375,590096.5234375,-107157.849609375,2.6956665253107275,13.478332626553637
4404.875,1204.125,4403.0,1203.0,590250.8984375,-107203.474609375,590241.5234375,-107197.849609375,1.7823983045779275,8.911991522889638
4137.125,1207.125,4135.0,1209.0,588912.1484375,-107218.474609375,588901.5234375,-107227.849609375,2.5369414053021004,12.684707026510502
4425.875,1210.125,4427.0,1210.0,590355.8984375,-107233.474609375,590361.5234375,-107232.849609375,1.7911686916894185,8.955843458447092
4450.625,1216.875,4449.0,1216.0,590479.6484375,-107267.224609375,590471.5234375,-107262.849609375,1.4249852201262594,7.124926100631297
4167.875,1217.625,4168.0,1218.0,589065.8984375,-107270.974609375,589066.5234375,-107272.849609375,0.5586594335034938,2.793297167517469
4454.375,1217.625,4455.0,1218.0,590498.3984375,-107270.974609375,590501.5234375,-107272.849609375,1.292942023344922,6.464710116724611
4461.875,1219.875,4462.0,1220.0,590535.8984375,-107282.224609375,590536.5234375,-107282.849609375,0.7776312579884836,3.888156289942418
4476.875,1224.375,4478.0,1225.0,590610.8984375,-107304.724609375,590616.5234375,-107307.849609375,1.8373072246336053,9.186536123168027
4486.625,1226.625,4484.0,1226.0,590659.6484375,-107315.974609375,590646.5234375,-107312.849609375,2.1208325888196646,10.604162944098324
4396.625,1228.875,4397.0,1229.0,590209.6484375,-107327.224609375,590211.5234375,-107327.849609375,0.9288769154252722,4.6443845771263605
4505.375,1232.625,4505.0,1234.0,590753.3984375,-107345.974609375,590751.5234375,-107352.849609375,1.2407836728141777,6.203918364070889
4518.125,1235.625,4517.0,1235.0,590817.1484375,-107360.974609375,590811.5234375,-107357.849609375,0.9181858378229434,4.590929189114717
4476.125,1237.875,4476.0,1238.0,590607.1484375,-107372.224609375,590606.5234375,-107372.849609375,0.48706150780652147,2.4353075390326073
4396.625,1242.375,4396.0,1242.0,590209.6484375,-107394.724609375,590206.5234375,-107392.849609375,0.5107454658570646,2.553727329285323
4382.375,1243.875,4383.0,1244.0,590138.3984375,-107402.224609375,590141.5234375,-107402.849609375,1.117174162557104,5.58587081278552
4504.625,1247.625,4505.0,1247.0,590749.6484375,-107420.974609375,590751.5234375,-107417.849609375,1.2569282855537125,6.2846414277685625
4555.625,1256.625,4556.0,1257.0,591004.6484375,-107465.974609375,591006.5234375,-107467.849609375,1.0355965246230918,5.177982623115459
4593.125,1256.625,4591.0,1256.0,591192.1484375,-107465.974609375,591181.5234375,-107462.849609375,1.6525713181191544,8.262856590595772
4476.125,1258.875,4474.0,1260.0,590607.1484375,-107477.224609375,590596.5234375,-107482.849609375,1.8636954076617338,9.31847703830867
4602.875,1258.875,4600.0,1259.0,591240.8984375,-107477.224609375,591226.5234375,-107477.849609375,2.193331566735046,10.966657833675232
4618.625,1264.125,4618.0,1264.0,591319.6484375,-107503.474609375,591316.5234375,-107502.849609375,0.3068381872038019,1.5341909360190096
4632.125,1267.875,4629.0,1267.0,591387.1484375,-107522.224609375,591371.5234375,-107517.849609375,2.656561936756911,13.282809683784556
4644.875,1270.875,4645.0,1271.0,591450.8984375,-107537.224609375,591451.5234375,-107537.849609375,0.816973808275189,4.084869041375945
4296.125,1271.625,4297.0,1271.0,589707.1484375,-107540.974609375,589711.5234375,-107537.849609375,1.3743521365780513,6.871760682890256
4201.625,1273.125,4201.0,1274.0,589234.6484375,-107548.474609375,589231.5234375,-107552.849609375,0.9401339442905916,4.700669721452958
4662.125,1276.125,4660.0,1276.0,591537.1484375,-107563.474609375,591526.5234375,-107562.849609375,1.464641294660494,7.32320647330247
4665.875,1276.875,4665.0,1277.0,591555.8984375,-107567.224609375,591551.5234375,-107567.849609375,0.18916850472444402,0.9458425236222201
4610.375,1278.375,4611.0,1279.0,591278.3984375,-107574.724609375,591281.5234375,-107577.849609375,1.3379860865134765,6.689930432567382
4215.125,1283.625,4216.0,1283.0,589302.1484375,-107600.974609375,589306.5234375,-107597.849609375,1.2489217199375648,6.244608599687824
4662.875,1285.125,4663.0,1286.0,591540.8984375,-107608.474609375,591541.5234375,-107612.849609375,1.057638322990715,5.288191614953575
4699.625,1288.125,4699.0,1287.0,591724.6484375,-107623.474609375,591721.5234375,-107617.849609375,1.3085133825991961,6.542566912995981
4560.125,1289.625,4559.0,1289.0,591027.1484375,-107630.974609375,591021.5234375,-107627.849609375,0.9581439592890836,4.790719796445418
4710.125,1289.625,4711.0,1290.0,591777.1484375,-107630.974609375,591781.5234375,-107632.849609375,1.5887438203928603,7.943719101964302
4249.625,1290.375,4249.0,1293.0,589474.6484375,-107634.724609375,589471.5234375,-107647.849609375,2.625687313089369,13.128436565446846
4716.125,1291.875,4717.0,1293.0,591807.1484375,-107642.224609375,591811.5234375,-107647.849609375,1.8362824277772143,9.18141213888607
4689.125,1296.375,4690.0,1297.0,591672.1484375,-107664.724609375,591676.5234375,-107667.849609375,1.5995865549663033,7.997932774831517
4698.875,1300.125,4699.0,1299.0,591720.8984375,-107683.474609375,591721.5234375,-107677.849609375,1.5138204218486935,7.569102109243468
4664.375,1302.375,4664.0,1301.0,591548.3984375,-107694.724609375,591546.5234375,-107687.849609375,1.551059620256118,7.75529810128059
4683.125,1302.375,4683.0,1303.0,591642.1484375,-107694.724609375,591641.5234375,-107697.849609375,0.6867834909495631,3.4339174547478155
4635.125,1305.375,4636.0,1305.0,591402.1484375,-107709.724609375,591406.5234375,-107707.849609375,1.5387079820104912,7.693539910052456
4769.375,1306.125,4770.0,1307.0,592073.3984375,-107713.474609375,592076.5234375,-107717.849609375,1.505350537250616,7.526752686253079
4600.625,1306.875,4599.0,1308.0,591229.6484375,-107717.224609375,591221.5234375,-107722.849609375,1.4766012956180292,7.383006478090146
4695.125,1306.875,4693.0,1306.0,591702.1484375,-107717.224609375,591691.5234375,-107712.849609375,1.8181342763026598,9.0906713815133
4658.375,1308.375,4657.0,1308.0,591518.3984375,-107724.724609375,591511.5234375,-107722.849609375,0.9456628123743376,4.7283140618716875
4718.375,1309.875,4717.0,1311.0,591818.3984375,-107732.224609375,591811.5234375,-107737.849609375,1.2011108278339335,6.005554139169668
4530.125,1312.125,4528.0,1313.0,590877.1484375,-107743.474609375,590866.5234375,-107747.849609375,1.8529184084994372,9.264592042497187
4737.125,1312.875,4738.0,1313.0,591912.1484375,-107747.224609375,591916.5234375,-107747.849609375,1.5349586306036567,7.674793153018284
4794.125,1312.875,4793.0,1313.0,592197.1484375,-107747.224609375,592191.5234375,-107747.849609375,0.4099149241167398,2.049574620583699
4756.625,1313.625,4755.0,1314.0,592009.6484375,-107750.974609375,592001.5234375,-107752.849609375,0.9674874133820555,4.837437066910278
4635.125,1315.875,4635.0,1315.0,591402.1484375,-107762.224609375,591401.5234375,-107757.849609375,1.0932352857163568,5.466176428581784
4663.625,1315.875,4664.0,1316.0,591544.6484375,-107762.224609375,591546.5234375,-107762.849609375,0.9463455371778886,4.731727685889443
4701.875,1318.125,4700.0,1317.0,591735.8984375,-107773.474609375,591726.5234375,-107767.849609375,1.803676873052218,9.01838436526109
4562.375,1318.875,4561.0,1317.0,591038.3984375,-107777.224609375,591031.5234375,-107767.849609375,2.188415915528871,10.942079577644355
4815.875,1318.875,4813.0,1318.0,592305.8984375,-107777.224609375,592291.5234375,-107772.849609375,2.400273959569837,12.001369797849184
4635.125,1319.625,4635.0,1320.0,591402.1484375,-107780.974609375,591401.5234375,-107782.849609375,0.4709621503758549,2.3548107518792745
4820.375,1320.375,4818.0,1320.0,592328.3984375,-107784.724609375,592316.5234375,-107782.849609375,1.7445811884766516,8.722905942383258
4824.125,1321.125,4823.0,1321.0,592347.1484375,-107788.474609375,592341.5234375,-107787.849609375,0.509508233339461,2.547541166697305
4635.875,1323.375,4635.0,1325.0,591405.8984375,-107799.724609375,591401.5234375,-107807.849609375,1.5371687080160639,7.685843540080319
4712.375,1324.875,4711.0,1325.0,591788.3984375,-107807.224609375,591781.5234375,-107807.849609375,0.779941735564473,3.899708677822365
4842.125,1326.375,4841.0,1326.0,592437.1484375,-107814.724609375,592431.5234375,-107812.849609375,0.6929376878473497,3.464688439236748
4851.125,1328.625,4852.0,1330.0,592482.1484375,-107825.974609375,592486.5234375,-107832.849609375,1.9941348308414595,9.970674154207298
4679.375,1332.375,4679.0,1331.0,591623.3984375,-107844.724609375,591621.5234375,-107837.849609375,1.5197398807499067,7.598699403749533
4834.625,1332.375,4834.0,1335.0,592399.6484375,-107844.724609375,592396.5234375,-107857.849609375,2.4395827995083335,12.197913997541667
4621.625,1333.875,4623.0,1334.0,591334.6484375,-107852.224609375,591341.5234375,-107852.849609375,1.8454271863836662,9.227135931918331
4688.375,1333.875,4688.0,1334.0,591668.3984375,-107852.224609375,591666.5234375,-107852.849609375,0.16748132861123843,0.8374066430561922
4714.625,1335.375,4715.0,1335.0,591799.6484375,-107859.724609375,591801.5234375,-107857.849609375,1.074661817265212,5.37330908632606
4727.375,1335.375,4727.0,1334.0,591863.3984375,-107859.724609375,591861.5234375,-107852.849609375,1.5377046053127559,7.68852302656378
4809.875,1336.875,4810.0,1336.0,592275.8984375,-107867.224609375,592276.5234375,-107862.849609375,1.31254791710797,6.56273958553985
4822.625,1336.875,4823.0,1337.0,592339.6484375,-107867.224609375,592341.5234375,-107867.849609375,1.0530899828997948,5.265449914498975
4590.875,1348.125,4589.0,1349.0,591180.8984375,-107923.474609375,591171.5234375,-107927.849609375,1.6751746717874714,8.375873358937357
4737.125,1348.875,4737.0,1349.0,591912.1484375,-107927.224609375,591911.5234375,-107927.849609375,0.4231748354895112,2.115874177447556
4824.125,1348.875,4823.0,1349.0,592347.1484375,-107927.224609375,592341.5234375,-107927.849609375,0.48576448383158877,2.4288224191579437
4809.875,1349.625,4810.0,1349.0,592275.8984375,-107930.974609375,592276.5234375,-107927.849609375,1.0872194605787284,5.436097302893642
4618.625,1355.625,4620.0,1356.0,591319.6484375,-107960.974609375,591326.5234375,-107962.849609375,1.7967386798734695,8.983693399367347
4629.125,1355.625,4629.0,1356.0,591372.1484375,-107960.974609375,591371.5234375,-107962.849609375,0.397411659945761,1.987058299728805
4634.375,1357.875,4634.0,1358.0,591398.3984375,-107972.224609375,591396.5234375,-107972.849609375,0.04349169309931533,0.21745846549657666
4633.625,1362.375,4634.0,1363.0,591394.6484375,-107994.724609375,591396.5234375,-107997.849609375,0.935004243547871,4.6750212177393555
4738.625,1362.375,4739.0,1362.0,591919.6484375,-107994.724609375,591921.5234375,-107992.849609375,1.0164968830528993,5.082484415264497
4618.625,1368.375,4619.0,1369.0,591319.6484375,-108024.724609375,591321.5234375,-108027.849609375,0.9126635467604055,4.563317733802028
4632.125,1368.375,4634.0,1368.0,591387.1484375,-108024.724609375,591396.5234375,-108022.849609375,2.2973129459947508,11.486564729973754
4752.125,1375.125,4752.0,1374.0,591987.1484375,-108058.474609375,591986.5234375,-108052.849609375,1.2974932821831988,6.487466410915994
4632.125,1378.125,4632.0,1378.0,591387.1484375,-108073.474609375,591386.5234375,-108072.849609375,0.3008653687169766,1.5043268435848831
4632.875,1389.375,4634.0,1389.0,591390.8984375,-108129.724609375,591396.5234375,-108127.849609375,1.50342914467092,7.5171457233546
4752.125,1389.375,4751.0,1390.0,591987.1484375,-108129.724609375,591981.5234375,-108132.849609375,0.8582317764784719,4.291158882392359
4630.625,1396.125,4631.0,1399.0,591379.6484375,-108163.474609375,591381.5234375,-108177.849609375,2.8879115881792243,14.439557940896123
4813.625,1396.875,4814.0,1398.0,592294.6484375,-108167.224609375,592296.5234375,-108172.849609375,1.318100941390571,6.5905047069528555
4759.625,1397.625,4761.0,1397.0,592024.6484375,-108170.974609375,592031.5234375,-108167.849609375,1.9388609493078108,9.694304746539053
4637.375,1407.375,4637.0,1409.0,591413.3984375,-108219.724609375,591411.5234375,-108227.849609375,1.5727961675200752,7.863980837600376
4826.375,1408.875,4826.0,1409.0,592358.3984375,-108227.224609375,592356.5234375,-108227.849609375,0.08346640050509374,0.4173320025254687
4841.375,1409.625,4842.0,1410.0,592433.3984375,-108230.974609375,592436.5234375,-108232.849609375,1.125864884675372,5.62932442337686
4365.125,1410.375,4365.0,1410.0,590052.1484375,-108234.724609375,590051.5234375,-108232.849609375,0.3785386509208261,1.8926932546041306
4826.375,1420.125,4825.0,1420.0,592358.3984375,-108283.474609375,592351.5234375,-108282.849609375,0.9795628623982533,4.897814311991267
4780.625,1422.375,4780.0,1422.0,592129.6484375,-108294.724609375,592126.5234375,-108292.849609375,0.5315871464106288,2.6579357320531436
4795.625,1422.375,4796.0,1422.0,592204.6484375,-108294.724609375,592206.5234375,-108292.849609375,0.8920498529955019,4.460249264977509
4365.875,1426.125,4366.0,1426.0,590055.8984375,-108313.474609375,590056.5234375,-108312.849609375,0.08439497522813622,0.4219748761406811
4831.625,1426.875,4833.0,1427.0,592384.6484375,-108317.224609375,592391.5234375,-108317.849609375,1.7831530970925253,8.915765485462627
4843.625,1426.875,4844.0,1427.0,592444.6484375,-108317.224609375,592446.5234375,-108317.849609375,0.7960983597105169,3.9804917985525847
4812.875,1431.375,4814.0,1433.0,592290.8984375,-108339.724609375,592296.5234375,-108347.849609375,2.143713134115296,10.718565670576481
4638.875,1432.125,4639.0,1433.0,591420.8984375,-108343.474609375,591421.5234375,-108347.849609375,0.895265817512229,4.476329087561145
4155.125,1433.625,4155.0,1434.0,589002.1484375,-108350.974609375,589001.5234375,-108352.849609375,0.6809168518970466,3.404584259485233
4762.625,1433.625,4763.0,1434.0,592039.6484375,-108350.974609375,592041.5234375,-108352.849609375,0.7510219309396994,3.755109654698497
4797.125,1433.625,4795.0,1434.0,592212.1484375,-108350.974609375,592201.5234375,-108352.849609375,1.7983418326736211,8.991709163368105
4143.125,1434.375,4143.0,1434.0,588942.1484375,-108354.724609375,588941.5234375,-108352.849609375,0.5384334142311384,2.6921670711556924
4295.375,1435.875,4297.0,1438.0,589703.3984375,-108362.224609375,589711.5234375,-108372.849609375,2.628206693869511,13.141033469347555
4779.875,1435.875,4780.0,1436.0,592125.8984375,-108362.224609375,592126.5234375,-108362.849609375,0.45214245532726466,2.2607122766363235
4358.375,1438.125,4360.0,1440.0,590018.3984375,-108373.474609375,590026.5234375,-108382.849609375,2.44381604737795,12.21908023688975
4370.375,1438.125,4371.0,1438.0,590078.3984375,-108373.474609375,590081.5234375,-108372.849609375,0.5079757754137144,2.5398788770685723
4377.875,1438.125,4377.0,1438.0,590115.8984375,-108373.474609375,590111.5234375,-108372.849609375,0.9909245466333136,4.954622733166568
4383.125,1438.125,4385.0,1439.0,590142.1484375,-108373.474609375,590151.5234375,-108377.849609375,1.996244094013746,9.981220470068731
4339.625,1438.875,4341.0,1441.0,589924.6484375,-108377.224609375,589931.5234375,-108387.849609375,2.508926448527091,12.544632242635455
4768.625,1440.375,4769.0,1440.0,592069.6484375,-108384.724609375,592071.5234375,-108382.849609375,0.8074788265532207,4.037394132766103
4677.125,1441.875,4678.0,1442.0,591612.1484375,-108392.224609375,591616.5234375,-108392.849609375,1.0743523623168008,5.371761811584004
4662.125,1443.375,4660.0,1442.0,591537.1484375,-108399.724609375,591526.5234375,-108392.849609375,2.404940661572672,12.02470330786336
4665.875,1443.375,4668.0,1444.0,591555.8984375,-108399.724609375,591566.5234375,-108402.849609375,2.37877718308708,11.893885915435401
4155.125,1445.625,4155.0,1447.0,589002.1484375,-108410.974609375,589001.5234375,-108417.849609375,1.5902458455538122,7.951229227769061
4383.125,1450.125,4382.0,1450.0,590142.1484375,-108433.474609375,590136.5234375,-108432.849609375,1.271408420061153,6.357042100305765
4692.875,1453.875,4692.0,1453.0,591690.8984375,-108452.224609375,591686.5234375,-108447.849609375,1.146555674580918,5.7327783729045905
4776.125,1454.625,4775.0,1456.0,592107.1484375,-108455.974609375,592101.5234375,-108462.849609375,1.5724742629795783,7.862371314897891
4637.375,1458.375,4640.0,1458.0,591413.3984375,-108474.724609375,591426.5234375,-108472.849609375,2.7544976793392806,13.772488396696403
4764.125,1459.875,4766.0,1460.0,592047.1484375,-108482.224609375,592056.5234375,-108482.849609375,2.1098287039273798,10.5491435196369
4402.625,1461.375,4401.0,1461.0,590239.6484375,-108489.724609375,590231.5234375,-108487.849609375,1.8101193559917557,9.050596779958779
4757.375,1461.375,4757.0,1461.0,592013.3984375,-108489.724609375,592011.5234375,-108487.849609375,0.44995189366922866,2.2497594683461433
4698.125,1462.125,4700.0,1461.0,591717.1484375,-108493.474609375,591726.5234375,-108487.849609375,2.3353108692104754,11.676554346052377
4273.625,1462.875,4274.0,1464.0,589594.6484375,-108497.224609375,589596.5234375,-108502.849609375,1.2381237907230147,6.190618953615074
4746.125,1464.375,4747.0,1464.0,591957.1484375,-108504.724609375,591961.5234375,-108502.849609375,1.1532459252361917,5.766229626180959
4712.375,1465.125,4713.0,1465.0,591788.3984375,-108508.474609375,591791.5234375,-108507.849609375,0.8019391448517075,4.009695724258537
4283.375,1467.375,4285.0,1467.0,589643.3984375,-108519.724609375,589651.5234375,-108517.849609375,1.3457137868293474,6.728568934146737
4294.625,1467.375,4295.0,1467.0,589699.6484375,-108519.724609375,589701.5234375,-108517.849609375,0.2791722335769837,1.3958611678849184
4797.125,1470.375,4797.0,1469.0,592212.1484375,-108534.724609375,592211.5234375,-108527.849609375,1.4324025081524627,7.162012540762314
4819.625,1471.125,4821.0,1470.0,592324.6484375,-108538.474609375,592331.5234375,-108532.849609375,2.017722266550873,10.088611332754365
4745.375,1475.625,4747.0,1476.0,591953.3984375,-108560.974609375,591961.5234375,-108562.849609375,1.822378162612931,9.111890813064655
4728.875,1476.375,4729.0,1478.0,591870.8984375,-108564.724609375,591871.5234375,-108572.849609375,1.6220437523252609,8.110218761626305
4672.625,1486.875,4673.0,1487.0,591589.6484375,-108617.224609375,591591.5234375,-108617.849609375,0.44540181758321423,2.227009087916071
4815.875,1486.875,4818.0,1488.0,592305.8984375,-108617.224609375,592316.5234375,-108622.849609375,2.5687747873694424,12.843873936847212
4293.125,1489.125,4295.0,1489.0,589692.1484375,-108628.474609375,589701.5234375,-108627.849609375,1.5129029384198593,7.564514692099297
4742.375,1494.375,4742.0,1497.0,591938.3984375,-108654.724609375,591936.5234375,-108667.849609375,2.6249746947455717,13.124873473727858
4716.125,1513.125,4718.0,1514.0,591807.1484375,-108748.474609375,591816.5234375,-108752.849609375,2.0894919177706806,10.447459588853402
4706.375,1513.875,4707.0,1514.0,591758.3984375,-108752.224609375,591761.5234375,-108752.849609375,0.6449261755148994,3.224630877574497
4727.375,1514.625,4728.0,1515.0,591863.3984375,-108755.974609375,591866.5234375,-108757.849609375,0.7545787460910196,3.772893730455098
4770.125,1516.875,4773.0,1517.0,592077.1484375,-108767.224609375,592091.5234375,-108767.849609375,2.9412098841562355,14.706049420781177
4671.125,1524.375,4674.0,1523.0,591582.1484375,-108804.724609375,591596.5234375,-108797.849609375,3.112308417518031,15.561542087590155
4707.875,1529.625,4708.0,1530.0,591765.8984375,-108830.974609375,591766.5234375,-108832.849609375,0.41150516115487606,2.05752580577438
4725.875,1531.875,4725.0,1532.0,591855.8984375,-108842.224609375,591851.5234375,-108842.849609375,0.9173855986030495,4.586927993015247
4695.875,1534.125,4694.0,1534.0,591705.8984375,-108853.474609375,591696.5234375,-108852.849609375,1.9463320140226834,9.731660070113417
4741.625,1534.875,4740.0,1534.0,591934.6484375,-108857.224609375,591926.5234375,-108852.849609375,1.855372935500144,9.27686467750072
4779.875,1536.375,4780.0,1536.0,592125.8984375,-108864.724609375,592126.5234375,-108862.849609375,0.3899311252517978,1.949655626258989
4792.625,1536.375,4792.0,1536.0,592189.6484375,-108864.724609375,592186.5234375,-108862.849609375,0.701998964253499,3.5099948212674947
4796.375,1537.125,4797.0,1539.0,592208.3984375,-108868.474609375,592211.5234375,-108877.849609375,1.9914344099349155,9.957172049674577
4722.125,1539.375,4722.0,1541.0,591837.1484375,-108879.724609375,591836.5234375,-108887.849609375,1.6670911890898539,8.335455945449269
4402.625,1542.375,4404.0,1542.0,590239.6484375,-108894.724609375,590246.5234375,-108892.849609375,0.9941089924875244,4.9705449624376215
4416.125,1548.375,4417.0,1548.0,590307.1484375,-108924.724609375,590311.5234375,-108922.849609375,0.5180772443324915,2.5903862216624574
4362.875,1549.875,4363.0,1551.0,590040.8984375,-108932.224609375,590041.5234375,-108937.849609375,1.330322095087801,6.651610475439005
4374.875,1549.875,4376.0,1549.0,590100.8984375,-108932.224609375,590106.5234375,-108927.849609375,0.9789225460412087,4.894612730206044
4771.625,1558.875,4773.0,1559.0,592084.6484375,-108977.224609375,592091.5234375,-108977.849609375,1.3199065295373074,6.599532647686537
4427.375,1559.625,4427.0,1559.0,590363.3984375,-108980.974609375,590361.5234375,-108977.849609375,0.9420420598816457,4.710210299408228
4439.375,1560.375,4439.0,1560.0,590423.3984375,-108984.724609375,590421.5234375,-108982.849609375,0.8336175808175504,4.168087904087752
4764.125,1561.125,4764.0,1563.0,592047.1484375,-108988.474609375,592046.5234375,-108997.849609375,1.9234431809015078,9.617215904507539
4374.875,1561.875,4375.0,1560.0,590100.8984375,-108992.224609375,590101.5234375,-108982.849609375,1.7504604432618343,8.752302216309172
4402.625,1561.875,4403.0,1562.0,590239.6484375,-108992.224609375,590241.5234375,-108992.849609375,0.2965221931257572,1.482610965628786
4410.125,1561.875,4410.0,1562.0,590277.1484375,-108992.224609375,590276.5234375,-108992.849609375,0.6493931417055993,3.246965708527996
4338.875,1564.125,4340.0,1565.0,589920.8984375,-109003.474609375,589926.5234375,-109007.849609375,1.202842076330687,6.014210381653435
4787.375,1566.375,4787.0,1566.0,592163.3984375,-109014.724609375,592161.5234375,-109012.849609375,0.5609980771392667,2.8049903856963336
4383.875,1567.125,4385.0,1565.0,590145.8984375,-109018.474609375,590151.5234375,-109007.849609375,2.0537641600145036,10.268820800072518
4416.875,1567.125,4420.0,1567.0,590310.8984375,-109018.474609375,590326.5234375,-109017.849609375,2.6545712820605716,13.272856410302857
4428.125,1571.625,4428.0,1572.0,590367.1484375,-109040.974609375,590366.5234375,-109042.849609375,0.7995073847964277,3.9975369239821386
4440.125,1571.625,4440.0,1572.0,590427.1484375,-109040.974609375,590426.5234375,-109042.849609375,0.7873104089951439,3.93655204497572
4383.125,1573.125,4383.0,1573.0,590142.1484375,-109048.474609375,590141.5234375,-109047.849609375,0.652080877130875,3.2604043856543754
4353.125,1576.125,4353.0,1576.0,589992.1484375,-109063.474609375,589991.5234375,-109062.849609375,0.6943909081324429,3.4719545406622143
4314.875,1580.625,4316.0,1580.0,589800.8984375,-109085.974609375,589806.5234375,-109082.849609375,0.6579776440576282,3.289888220288141
4364.375,1580.625,4364.0,1581.0,590048.3984375,-109085.974609375,590046.5234375,-109087.849609375,1.0973076892205538,5.486538446102768
4326.875,1581.375,4327.0,1581.0,589860.8984375,-109089.724609375,589861.5234375,-109087.849609375,0.5174807301664482,2.587403650832241
4403.375,1581.375,4403.0,1582.0,590243.3984375,-109089.724609375,590241.5234375,-109092.849609375,1.205894966508319,6.029474832541595
4764.875,1581.375,4765.0,1581.0,592050.8984375,-109089.724609375,592051.5234375,-109087.849609375,0.3203213614129217,1.6016068070646086
4392.125,1582.125,4393.0,1582.0,590187.1484375,-109093.474609375,590191.5234375,-109092.849609375,0.33554384009842647,1.6777192004921324
4772.375,1582.875,4774.0,1584.0,592088.3984375,-109097.224609375,592096.5234375,-109102.849609375,1.8976537237044155,9.488268618522078
4346.375,1588.875,4347.0,1589.0,589958.3984375,-109127.224609375,589961.5234375,-109127.849609375,0.32329781577662536,1.6164890788831268
4424.375,1590.375,4424.0,1590.0,590348.3984375,-109134.724609375,590346.5234375,-109132.849609375,0.931421972531591,4.657109862657955
4314.875,1592.625,4315.0,1592.0,589800.8984375,-109145.974609375,589801.5234375,-109142.849609375,0.675188042492022,3.37594021246011
4326.875,1592.625,4327.0,1592.0,589860.8984375,-109145.974609375,589861.5234375,-109142.849609375,0.6674952769062031,3.3374763845310156
4361.375,1594.875,4361.0,1595.0,590033.3984375,-109157.224609375,590031.5234375,-109157.849609375,1.0424251457078453,5.212125728539227
4437.875,1596.375,4438.0,1594.0,590415.8984375,-109164.724609375,590416.5234375,-109152.849609375,2.238659775606252,11.193298878031259
4426.625,1597.125,4428.0,1597.0,590359.6484375,-109168.474609375,590366.5234375,-109167.849609375,0.8238474994489576,4.1192374972447885
4448.375,1601.625,4448.0,1603.0,590468.3984375,-109190.974609375,590466.5234375,-109197.849609375,1.8026360233961722,9.01318011698086
4348.625,1606.875,4349.0,1606.0,589969.6484375,-109217.224609375,589971.5234375,-109212.849609375,0.7232609237507029,3.6163046187535146
4367.375,1609.125,4367.0,1610.0,590063.3984375,-109228.474609375,590061.5234375,-109232.849609375,1.494393905427613,7.471969527138064
4461.875,1615.125,4463.0,1615.0,590535.8984375,-109258.474609375,590541.5234375,-109257.849609375,0.5572836293225012,2.786418146612506
4447.625,1615.875,4447.0,1616.0,590464.6484375,-109262.224609375,590461.5234375,-109262.849609375,1.253334767999,6.266673839995
4342.625,1618.125,4343.0,1619.0,589939.6484375,-109273.474609375,589941.5234375,-109277.849609375,1.1493392277803864,5.746696138901932
4488.875,1621.125,4488.0,1619.0,590670.8984375,-109288.474609375,590666.5234375,-109277.849609375,2.4172937092019158,12.086468546009579
4453.625,1624.875,4453.0,1624.0,590494.6484375,-109307.224609375,590491.5234375,-109302.849609375,1.4097520983626721,7.04876049181336
4465.625,1624.875,4466.0,1624.0,590554.6484375,-109307.224609375,590556.5234375,-109302.849609375,0.7192013459396494,3.5960067296982468
4476.875,1624.875,4477.0,1625.0,590610.8984375,-109307.224609375,590611.5234375,-109307.849609375,0.5558463486910544,2.7792317434552722
4350.125,1629.375,4350.0,1629.0,589977.1484375,-109329.724609375,589976.5234375,-109327.849609375,0.8714629057540902,4.357314528770451
4341.875,1637.625,4343.0,1636.0,589935.8984375,-109370.974609375,589941.5234375,-109362.849609375,1.427628460456012,7.138142302280061
4476.875,1639.125,4477.0,1639.0,590610.8984375,-109378.474609375,590611.5234375,-109377.849609375,0.5094554725306646,2.5472773626533227
4463.375,1640.625,4463.0,1640.0,590543.3984375,-109385.974609375,590541.5234375,-109382.849609375,1.1057306306838437,5.528653153419219
4484.375,1643.625,4486.0,1642.0,590648.3984375,-109400.974609375,590656.5234375,-109392.849609375,1.7341990571679289,8.670995285839645
4352.375,1644.375,4352.0,1643.0,589988.3984375,-109404.724609375,589986.5234375,-109397.849609375,1.614942503241946,8.074712516209729
4788.875,1645.125,4791.0,1643.0,592170.8984375,-109408.474609375,592181.5234375,-109397.849609375,2.714941585806981,13.574707929034906
4362.125,1646.625,4362.0,1647.0,590037.1484375,-109415.974609375,590036.5234375,-109417.849609375,1.0923610497726812,5.461805248863406
4332.875,1647.375,4336.0,1648.0,589890.8984375,-109419.724609375,589906.5234375,-109422.849609375,2.477267488083535,12.386337440417673
4355.375,1653.375,4356.0,1654.0,590003.3984375,-109449.724609375,590006.5234375,-109452.849609375,0.894850498304236,4.47425249152118
4361.375,1654.875,4363.0,1655.0,590033.3984375,-109457.224609375,590041.5234375,-109457.849609375,0.9053572415500597,4.526786207750298
4368.125,1657.125,4368.0,1657.0,590067.1484375,-109468.474609375,590066.5234375,-109467.849609375,0.934789807617177,4.673949038085885
4471.625,1662.375,4472.0,1663.0,590584.6484375,-109494.724609375,590586.5234375,-109497.849609375,0.9094891114939464,4.547445557469732
4836.875,1662.375,4837.0,1662.0,592410.8984375,-109494.724609375,592411.5234375,-109492.849609375,0.3317185316715224,1.6585926583576118
4476.875,1672.875,4477.0,1673.0,590610.8984375,-109547.224609375,590611.5234375,-109547.849609375,0.7040569045133446,3.520284522566723
4836.875,1675.125,4837.0,1675.0,592410.8984375,-109558.474609375,592411.5234375,-109557.849609375,0.2294127646711627,1.1470638233558135
4491.125,1679.625,4493.0,1681.0,590682.1484375,-109580.974609375,590691.5234375,-109587.849609375,1.9670090461084566,9.835045230542283
4505.375,1680.375,4506.0,1681.0,590753.3984375,-109584.724609375,590756.5234375,-109587.849609375,0.8577276798676065,4.288638399338033
4518.125,1681.875,4519.0,1679.0,590817.1484375,-109592.224609375,590821.5234375,-109577.849609375,2.655778780980849,13.278893904904246
4842.875,1684.875,4843.0,1685.0,592440.8984375,-109607.224609375,592441.5234375,-109607.849609375,0.3526014885915526,1.763007442957763
4763.375,1687.125,4764.0,1687.0,592043.3984375,-109618.474609375,592046.5234375,-109617.849609375,0.1566878672115134,0.783439336057567
4776.125,1687.125,4776.0,1688.0,592107.1484375,-109618.474609375,592106.5234375,-109622.849609375,1.173610795350766,5.86805397675383
4491.125,1692.375,4491.0,1692.0,590682.1484375,-109644.724609375,590681.5234375,-109642.849609375,0.9130918110566412,4.565459055283206
4764.125,1699.875,4764.0,1700.0,592047.1484375,-109682.224609375,592046.5234375,-109682.849609375,0.6946995688496153,3.4734978442480764
4775.375,1699.875,4775.0,1700.0,592103.3984375,-109682.224609375,592101.5234375,-109682.849609375,0.9158156953768632,4.579078476884316
4526.375,1702.125,4527.0,1702.0,590858.3984375,-109693.474609375,590861.5234375,-109692.849609375,0.1850295219863497,0.9251476099317485
4533.125,1704.375,4533.0,1704.0,590892.1484375,-109704.724609375,590891.5234375,-109702.849609375,0.9057086158894357,4.528543079447179
4626.125,1704.375,4626.0,1704.0,591357.1484375,-109704.724609375,591356.5234375,-109702.849609375,0.8128939772192376,4.064469886096188
4639.625,1704.375,4639.0,1704.0,591424.6484375,-109704.724609375,591421.5234375,-109702.849609375,1.2925299447176601,6.462649723588301
4536.875,1705.125,4538.0,1705.0,590910.8984375,-109708.474609375,590916.5234375,-109707.849609375,0.37386073116463825,1.8693036558231912
4542.125,1706.625,4546.0,1708.0,590937.1484375,-109715.974609375,590956.5234375,-109722.849609375,3.5009389542183076,17.504694771091536
4561.625,1711.875,4563.0,1712.0,591034.6484375,-109742.224609375,591041.5234375,-109742.849609375,0.7105754114779798,3.5528770573898987
4566.875,1713.375,4569.0,1714.0,591060.8984375,-109749.724609375,591071.5234375,-109752.849609375,1.6119946185255098,8.05997309262755
4650.875,1714.875,4652.0,1713.0,591480.8984375,-109757.224609375,591486.5234375,-109747.849609375,1.7246177891690169,8.623088945845085
4626.125,1716.375,4626.0,1716.0,591357.1484375,-109764.724609375,591356.5234375,-109762.849609375,0.8472493306342035,4.236246653171017
4640.375,1717.125,4642.0,1716.0,591428.3984375,-109768.474609375,591436.5234375,-109762.849609375,1.3012179687437728,6.506089843718864
4740.875,1725.375,4741.0,1725.0,591930.8984375,-109809.724609375,591931.5234375,-109807.849609375,0.5215982950235548,2.607991475117774
4752.875,1725.375,4754.0,1726.0,591990.8984375,-109809.724609375,591996.5234375,-109812.849609375,0.9660195369726173,4.8300976848630865
4740.875,1736.625,4741.0,1736.0,591930.8984375,-109865.974609375,591931.5234375,-109862.849609375,0.6737077777189147,3.368538888594573
4662.125,1740.375,4663.0,1740.0,591537.1484375,-109884.724609375,591541.5234375,-109882.849609375,0.19696053354213938,0.9848026677106969
4667.375,1741.875,4668.0,1741.0,591563.3984375,-109892.224609375,591566.5234375,-109887.849609375,0.6574962227753302,3.287481113876651
4749.875,1745.625,4749.0,1745.0,591975.8984375,-109910.974609375,591971.5234375,-109907.849609375,1.596877246065471,7.984386230327355
4688.375,1747.875,4688.0,1748.0,591668.3984375,-109922.224609375,591666.5234375,-109922.849609375,1.1676018784809312,5.838009392404656
4731.125,1751.625,4731.0,1752.0,591882.1484375,-109940.974609375,591881.5234375,-109942.849609375,1.0181695620120688,5.090847810060344
4798.625,1751.625,4799.0,1750.0,592219.6484375,-109940.974609375,592221.5234375,-109932.849609375,1.453982924405287,7.269914622026436
4742.375,1752.375,4743.0,1752.0,591938.3984375,-109944.724609375,591941.5234375,-109942.849609375,0.17637816896922953,0.8818908448461477
4798.625,1762.875,4799.0,1762.0,592219.6484375,-109997.224609375,592221.5234375,-109992.849609375,0.7318259330227737,3.659129665113868
4821.875,1762.875,4822.0,1763.0,592335.8984375,-109997.224609375,592336.5234375,-109997.849609375,0.6083415623055071,3.0417078115275356
4833.875,1762.875,4834.0,1763.0,592395.8984375,-109997.224609375,592396.5234375,-109997.849609375,0.59535606091129,2.97678030455645
4847.375,1772.625,4847.0,1773.0,592463.3984375,-110045.974609375,592461.5234375,-110047.849609375,1.1686866420454605,5.843433210227302
4823.375,1775.625,4825.0,1777.0,592343.3984375,-110060.974609375,592351.5234375,-110067.849609375,1.842960369811151,9.214801849055755
4812.125,1783.125,4812.0,1782.0,592287.1484375,-110098.474609375,592286.5234375,-110092.849609375,1.2366381386506862,6.183190693253431
4825.625,1786.875,4826.0,1787.0,592354.6484375,-110117.224609375,592356.5234375,-110117.849609375,0.47937587905145984,2.396879395257299
4429.375,1210.125,4430.38671875,1210.772216796875,590373.3984375,-107233.474609375,590378.45703125,-107236.71069335938,1.7281328082099827,8.640664041049913
4460.125,1219.125,4460.40234375,1218.724853515625,590527.1484375,-107278.474609375,590528.53515625,-107276.47387695312,1.08737684801031,5.43688424005155
4468.375,1221.375,4468.34765625,1221.375732421875,590568.3984375,-107289.724609375,590568.26171875,-107289.72827148438,0.647796759319155,3.2389837965957753
4473.625,1222.875,4474.52734375,1224.026611328125,590594.6484375,-107297.224609375,590599.16015625,-107302.98266601562,1.8433463399817944,9.216731699908973
4484.875,1225.875,4484.23828125,1225.7939453125,590650.8984375,-107312.224609375,590647.71484375,-107311.8193359375,0.24832876296747095,1.2416438148373548
4379.125,1228.125,4379.18359375,1227.5611572265625,590122.1484375,-107323.474609375,590122.44140625,-107320.65539550781,0.9146069688684925,4.573034844342462
4396.375,1228.875,4396.83984375,1228.44482421875,590208.3984375,-107327.224609375,590210.72265625,-107325.07373046875,1.1646654367841296,5.823327183920648
4505.125,1232.625,4505.42578125,1232.8629150390625,590752.1484375,-107345.974609375,590753.65234375,-107347.16418457031,0.9619951177564645,4.809975588782322
4517.125,1235.625,4516.90234375,1235.5137939453125,590812.1484375,-107360.974609375,590811.03515625,-107360.41857910156,0.5208874120844355,2.6044370604221774
4475.875,1237.875,4475.41015625,1238.1646728515625,590605.8984375,-107372.224609375,590603.57421875,-107373.67297363281,0.20016912738309947,1.0008456369154974
4379.125,1239.375,4377.41796875,1238.1646728515625,590122.1484375,-107379.724609375,590113.61328125,-107373.67297363281,1.7945982293017078,8.972991146508539
4496.125,1241.625,4496.59765625,1241.69921875,590707.1484375,-107390.974609375,590709.51171875,-107391.345703125,1.0968347033668688,5.484173516834344
4541.875,1241.625,4540.73828125,1241.69921875,590935.8984375,-107390.974609375,590930.21484375,-107391.345703125,0.4764910656537386,2.382455328268693
4396.375,1242.375,4395.95703125,1242.582763671875,590208.3984375,-107394.724609375,590206.30859375,-107395.76342773438,0.1264345131906963,0.6321725659534815
4382.125,1243.875,4382.71484375,1245.233642578125,590137.1484375,-107402.224609375,590140.09765625,-107409.01782226562,1.6467097395603432,8.233548697801716
4464.625,1244.625,4460.40234375,1245.233642578125,590549.6484375,-107405.974609375,590528.53515625,-107409.01782226562,3.674198913181902,18.370994565909513
4504.375,1247.625,4505.42578125,1247.8846435546875,590748.3984375,-107420.974609375,590753.65234375,-107422.27282714844,1.665562971785896,8.32781485892948
4489.375,1249.875,4488.65234375,1251.419189453125,590673.3984375,-107432.224609375,590669.78515625,-107439.94555664062,1.4038931974743263,7.019465987371632
4466.875,1250.625,4463.93359375,1249.65185546875,590560.8984375,-107435.974609375,590546.19140625,-107431.10888671875,2.6264671206651036,13.132335603325519
4475.125,1250.625,4475.41015625,1249.65185546875,590602.1484375,-107435.974609375,590603.57421875,-107431.10888671875,1.4052956694889367,7.026478347444684
4555.375,1256.625,4556.62890625,1257.6044921875,591003.3984375,-107465.974609375,591009.66796875,-107470.8720703125,2.0610960027460457,10.305480013730229
4475.875,1258.875,4473.64453125,1259.371826171875,590605.8984375,-107477.224609375,590594.74609375,-107479.70874023438,1.7229743963373312,8.614871981686656
4599.625,1258.875,4599.00390625,1258.4881591796875,591224.6484375,-107477.224609375,591221.54296875,-107475.29040527344,0.5645444077000178,2.822722038500089
4631.875,1267.875,4629.90234375,1267.324462890625,591385.8984375,-107522.224609375,591376.03515625,-107519.47192382812,1.4786862639472127,7.393431319736063
4665.625,1276.875,4665.21484375,1277.04443359375,591554.6484375,-107567.224609375,591552.59765625,-107568.07177734375,0.2839466481989854,1.419733240994927
4675.375,1279.875,4675.80859375,1279.6953125,591603.3984375,-107582.224609375,591605.56640625,-107581.326171875,1.184883634771119,5.924418173855594
4529.125,1282.125,4525.73046875,1284.1134033203125,590872.1484375,-107593.474609375,590855.17578125,-107603.41662597656,3.4127940867343316,17.063970433671656
4662.625,1285.125,4662.56640625,1285.880615234375,591539.6484375,-107608.474609375,591539.35546875,-107612.25268554688,0.8416077789301503,4.208038894650751
4559.875,1290.375,4559.27734375,1289.4151611328125,591025.8984375,-107634.724609375,591022.91015625,-107629.92541503906,1.095509296995004,5.47754648497502
4698.625,1297.875,4698.76171875,1299.1351318359375,591719.6484375,-107672.224609375,591720.33203125,-107678.52526855469,1.350622901927851,6.753114509639255
4664.125,1302.375,4663.44921875,1300.90234375,591547.1484375,-107694.724609375,591543.76953125,-107687.361328125,1.6313523990703938,8.15676199535197
4634.875,1305.375,4635.19921875,1306.2041015625,591400.8984375,-107709.724609375,591402.51953125,-107713.8701171875,1.1278816115702217,5.639408057851108
4694.875,1306.125,4695.23046875,1306.2041015625,591700.8984375,-107713.474609375,591702.67578125,-107713.8701171875,0.993918177583727,4.969590887918635
4601.125,1306.875,4599.00390625,1307.971435546875,591232.1484375,-107717.224609375,591221.54296875,-107722.70678710938,1.8583986912634174,9.291993456317087
4775.875,1307.625,4775.56640625,1307.971435546875,592105.8984375,-107720.974609375,592104.35546875,-107722.70678710938,0.43762479067315935,2.1881239533657966
4657.375,1308.375,4657.26953125,1307.971435546875,591513.3984375,-107724.724609375,591512.87109375,-107722.70678710938,0.7341175238379464,3.6705876191897318
4718.125,1309.875,4717.30078125,1311.505859375,591817.1484375,-107732.224609375,591813.02734375,-107740.37890625,1.4729171642458398,7.364585821229199
4529.875,1312.875,4528.37890625,1313.273193359375,590875.8984375,-107747.224609375,590868.41796875,-107749.21557617188,1.0991101092973035,5.495550546486517
4756.375,1313.625,4755.26171875,1314.15673828125,592008.3984375,-107750.974609375,592002.83203125,-107753.63330078125,0.5614371537588146,2.8071857687940733
4727.875,1314.375,4726.12890625,1315.0404052734375,591865.8984375,-107754.724609375,591857.16796875,-107758.05163574219,1.208638288113415,6.043191440567075
4634.875,1315.875,4635.19921875,1316.8076171875,591400.8984375,-107762.224609375,591402.51953125,-107766.8876953125,1.175508330207956,5.87754165103978
4662.625,1315.875,4663.44921875,1315.0404052734375,591539.6484375,-107762.224609375,591543.76953125,-107758.05163574219,1.7040737431335942,8.52036871566797
4701.625,1318.125,4699.64453125,1317.6912841796875,591734.6484375,-107773.474609375,591724.74609375,-107771.30603027344,1.496574992226216,7.482874961131079
4562.125,1318.875,4561.04296875,1316.8076171875,591037.1484375,-107777.224609375,591031.73828125,-107766.8876953125,2.266184490144381,11.330922450721905
4815.625,1318.875,4812.64453125,1318.574951171875,592304.6484375,-107777.224609375,592289.74609375,-107775.72436523438,2.308714668946647,11.543573344733236
4819.375,1319.625,4817.05859375,1319.45849609375,592323.3984375,-107780.974609375,592311.81640625,-107780.14208984375,1.629950415503434,8.149752077517169
4823.125,1321.125,4821.47265625,1321.225830078125,592342.1484375,-107788.474609375,592333.88671875,-107788.97875976562,0.930938028136119,4.654690140680595
4636.375,1321.875,4635.19921875,1321.225830078125,591408.3984375,-107792.224609375,591402.51953125,-107788.97875976562,1.0172617191418472,5.0863085957092355
4616.875,1323.375,4614.89453125,1322.9930419921875,591310.8984375,-107799.724609375,591300.99609375,-107797.81481933594,1.5665153826508385,7.832576913254192
4532.875,1324.875,4529.26171875,1326.527587890625,590890.8984375,-107807.224609375,590872.83203125,-107815.48754882812,3.5681753251970454,17.840876625985228
4712.125,1324.875,4712.00390625,1324.7603759765625,591787.1484375,-107807.224609375,591786.54296875,-107806.65148925781,0.5446943635023671,2.7234718175118355
4839.625,1325.625,4838.24609375,1324.7603759765625,592424.6484375,-107810.974609375,592417.75390625,-107806.65148925781,1.2420241586538494,6.2101207932692475
4586.125,1327.875,4583.99609375,1330.0621337890625,591157.1484375,-107822.224609375,591146.50390625,-107833.16027832031,2.670523201252176,13.352616006260881
4850.125,1328.625,4850.60546875,1329.178466796875,592477.1484375,-107825.974609375,592479.55078125,-107828.74194335938,1.264077634561776,6.3203881728088795
4769.125,1330.875,4766.73828125,1330.94580078125,592072.1484375,-107837.224609375,592060.21484375,-107837.57861328125,1.7514551009938417,8.757275504969208
4867.375,1333.125,4866.49609375,1333.5966796875,592563.3984375,-107848.474609375,592559.00390625,-107850.8330078125,0.309758752890572,1.54879376445286
4688.125,1333.875,4688.16796875,1333.5966796875,591667.1484375,-107852.224609375,591667.36328125,-107850.8330078125,0.7175485709665018,3.587742854832509
4622.125,1334.625,4622.83984375,1334.480224609375,591337.1484375,-107855.974609375,591340.72265625,-107855.25073242188,1.211736204464131,6.0586810223206555
4727.875,1334.625,4727.01171875,1334.480224609375,591865.8984375,-107855.974609375,591861.58203125,-107855.25073242188,0.40734797191796385,2.036739859589819
4634.875,1336.875,4636.08203125,1338.0147705078125,591400.8984375,-107867.224609375,591406.93359375,-107872.92346191406,1.9685418883592898,9.84270944179645
4810.375,1336.875,4809.99609375,1336.24755859375,592278.3984375,-107867.224609375,592276.50390625,-107864.08740234375,0.8512680690785733,4.256340345392867
4876.375,1336.875,4876.20703125,1336.24755859375,592608.3984375,-107867.224609375,592607.55859375,-107864.08740234375,0.9997011368826741,4.998505684413371
4873.375,1341.375,4870.91015625,1344.2001953125,592593.3984375,-107889.724609375,592581.07421875,-107903.8505859375,3.1608658085755086,15.804329042877542
4727.875,1342.125,4727.89453125,1342.432861328125,591865.8984375,-107893.474609375,591865.99609375,-107895.01391601562,0.601333219582559,3.0066660979127953
4625.875,1345.875,4625.48828125,1345.9674072265625,591355.8984375,-107912.224609375,591353.96484375,-107912.68664550781,0.053109541153314496,0.2655477057665725
4871.875,1348.125,4870.91015625,1348.6182861328125,592585.8984375,-107923.474609375,592581.07421875,-107925.94104003906,0.4098968185208873,2.049484092604436
4916.125,1348.125,4915.05078125,1346.85107421875,592807.1484375,-107923.474609375,592801.77734375,-107917.10498046875,1.5102594708796448,7.5512973543982245
4823.875,1348.875,4823.23828125,1348.6182861328125,592345.8984375,-107927.224609375,592342.71484375,-107925.94104003906,0.42539659815107855,2.1269829907553928
4810.375,1349.625,4809.99609375,1349.501953125,592278.3984375,-107930.974609375,592276.50390625,-107930.359375,0.37723732806720023,1.886186640336001
4893.625,1351.875,4893.86328125,1352.15283203125,592694.6484375,-107942.224609375,592695.83984375,-107943.61376953125,0.9489458989559055,4.744729494779528
4754.125,1353.375,4754.37890625,1353.0364990234375,591997.1484375,-107949.724609375,591998.41796875,-107948.03210449219,0.9384443782507892,4.692221891253946
4852.375,1354.125,4849.72265625,1354.8037109375,592488.3984375,-107953.474609375,592475.13671875,-107956.8681640625,2.0600251912466203,10.300125956233101
4941.625,1354.875,4939.76953125,1353.920166015625,592934.6484375,-107957.224609375,592925.37109375,-107952.45043945312,1.600840823652539,8.004204118262695
4618.375,1355.625,4620.19140625,1355.6873779296875,591318.3984375,-107960.974609375,591327.48046875,-107961.28649902344,2.216307340123885,11.081536700619425
4630.375,1355.625,4629.01953125,1355.6873779296875,591378.3984375,-107960.974609375,591371.62109375,-107961.28649902344,0.9436846938865799,4.718423469432899
4946.125,1355.625,4944.18359375,1354.8037109375,592957.1484375,-107960.974609375,592947.44140625,-107956.8681640625,1.570001038489519,7.850005192447595
4871.125,1358.625,4870.91015625,1359.221923828125,592582.1484375,-107975.974609375,592581.07421875,-107978.95922851562,0.6140700450542218,3.070350225271109
4961.875,1360.125,4959.19140625,1359.221923828125,593035.8984375,-107983.474609375,593022.48046875,-107978.95922851562,2.224354172616655,11.121770863083276
4893.625,1360.875,4893.86328125,1360.9891357421875,592694.6484375,-107987.224609375,592695.83984375,-107987.79528808594,0.919343256850707,4.596716284253535
4965.625,1360.875,4964.48828125,1360.9891357421875,593054.6484375,-107987.224609375,593048.96484375,-107987.79528808594,0.39138236976348934,1.9569118488174466
4969.375,1361.625,4968.90234375,1361.872802734375,593073.3984375,-107990.974609375,593071.03515625,-107992.21362304688,0.2881280087467565,1.4406400437337825
4738.375,1362.375,4738.48828125,1361.872802734375,591918.3984375,-107994.724609375,591918.96484375,-107992.21362304688,0.8852437182676268,4.4262185913381344
4976.125,1363.875,4975.08203125,1363.6400146484375,593107.1484375,-108002.224609375,593101.93359375,-108001.04968261719,0.5243634988403981,2.6218174942019905
4983.625,1366.125,4980.37890625,1365.4072265625,593144.6484375,-108013.474609375,593128.41796875,-108009.8857421875,2.653016215110223,13.265081075551116
4619.125,1367.625,4619.30859375,1368.9417724609375,591322.1484375,-108020.974609375,591323.06640625,-108027.55847167969,1.3473402269707593,6.736701134853797
4631.125,1367.625,4632.55078125,1368.05810546875,591382.1484375,-108020.974609375,591389.27734375,-108023.14013671875,1.8344880272466417,9.17244013623321
4823.875,1369.125,4822.35546875,1369.825439453125,592345.8984375,-108028.474609375,592338.30078125,-108031.97680664062,1.0899297327407864,5.4496486637039325
4993.375,1369.125,4990.97265625,1368.05810546875,593193.3984375,-108028.474609375,593181.38671875,-108023.14013671875,2.0778385197637217,10.389192598818608
4632.625,1375.125,4633.43359375,1373.3599853515625,591389.6484375,-108058.474609375,591393.69140625,-108049.64953613281,2.1838300327747686,10.919150163873843
4742.125,1375.125,4742.01953125,1375.127197265625,591937.1484375,-108058.474609375,591936.62109375,-108058.48559570312,0.38473710636777364,1.9236855318388681
4752.625,1375.125,4751.73046875,1375.127197265625,591989.6484375,-108058.474609375,591985.17578125,-108058.48559570312,0.4283926895410898,2.1419634477054488
5018.875,1375.875,5018.33984375,1376.0108642578125,593320.8984375,-108062.224609375,593318.22265625,-108062.90393066406,0.24255019345931392,1.2127509672965695
4632.625,1378.875,4632.55078125,1377.778076171875,591389.6484375,-108077.224609375,591389.27734375,-108071.73999023438,1.2071718929626478,6.035859464813239
4948.375,1384.125,4945.94921875,1385.730712890625,592968.3984375,-108103.474609375,592956.26953125,-108111.50317382812,2.266376817298356,11.33188408649178
4633.375,1389.375,4633.43359375,1389.2652587890625,591393.3984375,-108129.724609375,591393.69140625,-108129.17590332031,0.41171638760321944,2.058581938016097
4751.875,1389.375,4751.73046875,1390.14892578125,591985.8984375,-108129.724609375,591985.17578125,-108133.59423828125,0.7264731310432226,3.6323656552161134
5024.125,1392.375,5023.63671875,1393.683349609375,593347.1484375,-108144.724609375,593344.70703125,-108151.26635742188,1.136805030404999,5.684025152024995
4814.125,1396.125,4812.64453125,1396.3343505859375,592297.1484375,-108163.474609375,592289.74609375,-108164.52136230469,0.9997789206997637,4.998894603498819
4630.375,1399.875,4629.90234375,1398.9852294921875,591378.3984375,-108182.224609375,591376.03515625,-108177.77575683594,0.9707016137432761,4.853508068716381
4450.375,1402.875,4451.57421875,1404.2869873046875,590478.3984375,-108197.224609375,590484.39453125,-108204.28454589844,1.9012308537154206,9.506154268577102
4631.875,1405.125,4632.55078125,1406.9378662109375,591385.8984375,-108208.474609375,591389.27734375,-108217.53894042969,1.9904987933010334,9.952493966505166
4637.125,1407.375,4636.96484375,1408.705078125,591412.1484375,-108219.724609375,591411.34765625,-108226.375,1.2776282323428994,6.388141161714497
4826.125,1408.875,4825.88671875,1408.705078125,592357.1484375,-108227.224609375,592355.95703125,-108226.375,0.3609478084911549,1.8047390424557743
4364.125,1410.375,4365.94140625,1410.472412109375,590047.1484375,-108234.724609375,590056.23046875,-108235.21166992188,1.7789762599032675,8.894881299516337
4841.875,1410.375,4841.77734375,1410.472412109375,592435.8984375,-108234.724609375,592435.41015625,-108235.21166992188,0.37309197937790395,1.8654598968895197
5018.125,1414.125,5017.45703125,1415.774169921875,593317.1484375,-108253.474609375,593313.80859375,-108261.72045898438,1.4747427736088874,7.373713868044437
4754.875,1416.375,4755.26171875,1414.8905029296875,592000.8984375,-108264.724609375,592002.83203125,-108257.30212402344,1.7389097701580818,8.694548850790408
4826.125,1420.125,4825.88671875,1420.1922607421875,592357.1484375,-108283.474609375,592355.95703125,-108283.81091308594,0.18887517163240428,0.9443758581620214
4780.375,1422.375,4780.86328125,1421.9595947265625,592128.3984375,-108294.724609375,592130.83984375,-108292.64758300781,0.9933259241270315,4.966629620635158
4636.375,1423.125,4636.08203125,1422.8431396484375,591408.3984375,-108298.474609375,591406.93359375,-108297.06530761719,0.33449918084970354,1.6724959042485177
4365.625,1426.125,4365.94140625,1427.2613525390625,590054.6484375,-108313.474609375,590056.23046875,-108319.15637207031,1.2065294981252197,6.032647490626099
4943.125,1426.125,4943.30078125,1428.14501953125,592942.1484375,-108313.474609375,592943.02734375,-108323.57470703125,2.008510053091937,10.042550265459685
4832.125,1426.875,4832.06640625,1427.2613525390625,592387.1484375,-108317.224609375,592386.85546875,-108319.15637207031,0.4504533176694462,2.252266588347231
4844.125,1426.875,4844.42578125,1426.377685546875,592447.1484375,-108317.224609375,592448.65234375,-108314.73803710938,0.9414560005224885,4.707280002612443
4813.375,1431.375,4813.52734375,1434.330322265625,592293.3984375,-108339.724609375,592294.16015625,-108354.50122070312,2.9107388109488856,14.553694054744428
4638.625,1432.125,4639.61328125,1432.5631103515625,591419.6484375,-108343.474609375,591424.58984375,-108345.66516113281,1.240363113032242,6.201815565161209
4796.875,1433.625,4794.98828125,1434.330322265625,592210.8984375,-108350.974609375,592201.46484375,-108354.50122070312,1.6572097164483564,8.286048582241781
4780.375,1435.125,4779.98046875,1436.09765625,592128.3984375,-108358.474609375,592126.42578125,-108363.337890625,0.8965541852101828,4.4827709260509145
4377.625,1437.375,4378.30078125,1437.8648681640625,590114.6484375,-108369.724609375,590118.02734375,-108372.17395019531,0.7842146233863632,3.921073116931816
4370.875,1438.125,4371.23828125,1437.8648681640625,590080.8984375,-108373.474609375,590082.71484375,-108372.17395019531,0.3158747459932243,1.5793737299661215
4382.875,1438.125,4384.48046875,1438.74853515625,590140.8984375,-108373.474609375,590148.92578125,-108376.59228515625,1.6433490299191922,8.216745149595962
4339.375,1438.875,4341.22265625,1440.5157470703125,589923.3984375,-108377.224609375,589932.63671875,-108385.42834472656,2.404017511151569,12.020087555757845
4906.375,1440.375,4902.69140625,1441.3994140625,592758.3984375,-108384.724609375,592739.98046875,-108389.8466796875,3.3624598938211108,16.812299469105554
4658.875,1441.875,4657.26953125,1441.3994140625,591520.8984375,-108392.224609375,591512.87109375,-108389.8466796875,1.5169593909788475,7.584796954894237
4814.125,1442.625,4813.52734375,1444.05029296875,592297.1484375,-108395.974609375,592294.16015625,-108403.10107421875,1.366687410924172,6.83343705462086
4662.625,1443.375,4661.68359375,1443.1666259765625,591539.6484375,-108399.724609375,591534.94140625,-108398.68273925781,0.8028280731404062,4.014140365702031
4666.375,1443.375,4666.09765625,1444.05029296875,591558.3984375,-108399.724609375,591557.01171875,-108403.10107421875,0.6484831768137546,3.2424158840687727
4370.875,1450.125,4370.35546875,1450.235595703125,590080.8984375,-108433.474609375,590078.30078125,-108434.02758789062,0.7007701084116422,3.503850542058211
5007.625,1450.125,5007.74609375,1451.119384765625,593264.6484375,-108433.474609375,593265.25390625,-108438.44653320312,1.0715148868179658,5.357574434089829
4692.625,1453.125,4691.69921875,1452.8865966796875,591689.6484375,-108448.474609375,591685.01953125,-108447.28259277344,0.7961592737677896,3.980796368838948
4775.875,1454.625,4774.68359375,1456.421142578125,592105.8984375,-108455.974609375,592099.94140625,-108464.95532226562,1.9690868879861687,9.845434439930843
5005.375,1456.875,5005.98046875,1456.421142578125,593253.3984375,-108467.224609375,593256.42578125,-108464.95532226562,1.2528953951883735,6.264476975941867
4764.625,1459.875,4764.08984375,1459.95556640625,592049.6484375,-108482.224609375,592046.97265625,-108482.62744140625,0.30245085108301545,1.5122542554150773
4928.875,1459.875,4927.41015625,1459.95556640625,592870.8984375,-108482.224609375,592863.57421875,-108482.62744140625,1.0548758221415122,5.274379110707561
5003.875,1460.625,5005.09765625,1460.8392333984375,593245.8984375,-108485.974609375,593252.01171875,-108487.04577636719,1.7131569082157172,8.565784541078585
4402.375,1461.375,4401.25390625,1460.8392333984375,590238.3984375,-108489.724609375,590232.79296875,-108487.04577636719,1.363080207999294,6.815401039996471
4757.125,1461.375,4757.02734375,1460.8392333984375,592012.1484375,-108489.724609375,592011.66015625,-108487.04577636719,0.5966789940102154,2.983394970051077
4274.875,1463.625,4273.24609375,1463.4901123046875,589600.8984375,-108500.974609375,589592.75390625,-108500.30017089844,1.9318579418692206,9.659289709346103
4950.625,1464.375,4951.24609375,1465.25732421875,592979.6484375,-108504.724609375,592982.75390625,-108509.13623046875,1.296995198736562,6.48497599368281
4745.875,1465.125,4746.43359375,1464.373779296875,591955.8984375,-108508.474609375,591958.69140625,-108504.71850585938,1.0952668596156507,5.476334298078253
4885.375,1465.875,4884.15234375,1467.908203125,592653.3984375,-108512.224609375,592647.28515625,-108522.390625,2.136039768556674,10.680198842783371
4294.375,1466.625,4295.31640625,1467.908203125,589698.3984375,-108515.974609375,589703.10546875,-108522.390625,1.535203909508604,7.676019547543021
5002.375,1468.125,5002.44921875,1467.024658203125,593238.3984375,-108523.474609375,593238.76953125,-108517.97290039062,1.3353557333269874,6.676778666634937
4820.125,1471.125,4821.47265625,1469.675537109375,592327.1484375,-108538.474609375,592333.88671875,-108531.22729492188,2.2042968469666966,11.021484234833483
4955.125,1471.875,4953.89453125,1471.44287109375,593002.1484375,-108542.224609375,592995.99609375,-108540.06396484375,0.9869842661408126,4.9349213307040625
5001.625,1471.875,5001.56640625,1471.44287109375,593234.6484375,-108542.224609375,593234.35546875,-108540.06396484375,0.6761563110409405,3.3807815552047025
4936.375,1474.875,4936.23828125,1474.977294921875,592908.3984375,-108557.224609375,592907.71484375,-108557.73608398438,0.23531909027239384,1.1765954513619692
4947.625,1475.625,4947.71484375,1474.977294921875,592964.6484375,-108560.974609375,592965.09765625,-108557.73608398438,0.881831707528326,4.40915853764163
4295.125,1478.625,4294.43359375,1480.279052734375,589702.1484375,-108575.974609375,589698.69140625,-108584.24487304688,2.0439223528155415,10.219611764077708
4283.125,1479.375,4282.95703125,1478.5118408203125,589642.1484375,-108579.724609375,589641.30859375,-108575.40881347656,0.8997264352031986,4.4986321760159935
4904.125,1480.125,4901.80859375,1480.279052734375,592747.1484375,-108583.474609375,592735.56640625,-108584.24487304688,1.9967238228677804,9.983619114338902
4357.375,1483.125,4359.76171875,1482.929931640625,590013.3984375,-108598.474609375,590025.33203125,-108597.49926757812,2.1141618743572015,10.570809371786007
4954.375,1484.625,4954.77734375,1484.697265625,592998.3984375,-108605.974609375,593000.41015625,-108606.3359375,0.7636522965210418,3.8182614826052093
4966.375,1484.625,4966.25390625,1484.697265625,593058.3984375,-108605.974609375,593057.79296875,-108606.3359375,0.2539187159570267,1.2695935797851334
4989.625,1485.375,4989.20703125,1485.580810546875,593174.6484375,-108609.724609375,593172.55859375,-108610.75366210938,0.10540854234754282,0.5270427117377141
4673.125,1486.875,4673.16015625,1488.231689453125,591592.1484375,-108617.224609375,591592.32421875,-108624.00805664062,1.361380389275955,6.806901946379775
4936.375,1486.875,4936.23828125,1486.4644775390625,592908.3984375,-108617.224609375,592907.71484375,-108615.17199707031,0.5326481727155618,2.663240863577809
4879.375,1491.375,4880.62109375,1490.882568359375,592623.3984375,-108639.724609375,592629.62890625,-108637.26245117188,1.6044480019867906,8.022240009933952
4916.125,1492.125,4915.93359375,1491.7662353515625,592807.1484375,-108643.474609375,592806.19140625,-108641.68078613281,0.4441676603081337,2.2208383015406685
4742.125,1494.375,4742.01953125,1497.068115234375,591937.1484375,-108654.724609375,591936.62109375,-108668.19018554688,2.679095883611229,13.395479418056144
4934.125,1495.875,4936.23828125,1495.30078125,592897.1484375,-108662.224609375,592907.71484375,-108659.353515625,2.5035432447531507,12.517716223765753
4893.625,1497.375,4893.86328125,1497.068115234375,592694.6484375,-108669.724609375,592695.83984375,-108668.19018554688,0.6163895509429144,3.0819477547145717
4674.625,1500.375,4675.80859375,1499.718994140625,591599.6484375,-108684.724609375,591605.56640625,-108681.44458007812,1.3576719794364238,6.788359897182119
4992.625,1503.375,4992.73828125,1502.369873046875,593189.6484375,-108699.724609375,593190.21484375,-108694.69897460938,1.1847196080639424,5.923598040319712
4919.125,1505.625,4919.46484375,1504.1370849609375,592822.1484375,-108710.974609375,592823.84765625,-108703.53503417969,1.6611521475917193,8.305760737958597
4961.125,1507.125,4962.72265625,1506.7879638671875,593032.1484375,-108718.474609375,593040.13671875,-108716.78942871094,1.9404392446012702,9.70219622300635
4965.625,1507.125,4967.13671875,1506.7879638671875,593054.6484375,-108718.474609375,593062.20703125,-108716.78942871094,1.8615745339550356,9.307872669775177
4976.875,1507.125,4975.96484375,1506.7879638671875,593110.8984375,-108718.474609375,593106.34765625,-108716.78942871094,0.7258368028139087,3.6291840140695437
4898.125,1507.875,4898.27734375,1509.4388427734375,592717.1484375,-108722.224609375,592717.91015625,-108730.04382324219,1.55819459569766,7.7909729784883
4919.125,1509.375,4919.46484375,1510.322509765625,592822.1484375,-108729.724609375,592823.84765625,-108734.46215820312,1.0650612537727202,5.325306268863601
4978.375,1510.875,4977.73046875,1511.2060546875,593118.3984375,-108737.224609375,593115.17578125,-108738.8798828125,0.4238651906430848,2.119325953215424
4880.875,1511.625,4880.62109375,1512.973388671875,592630.8984375,-108740.974609375,592629.62890625,-108747.71655273438,1.3054898309721326,6.527449154860663
4892.125,1512.375,4892.09765625,1512.0897216796875,592687.1484375,-108744.724609375,592687.01171875,-108743.29821777344,0.3784998437627539,1.8924992188137697
4706.875,1513.875,4707.58984375,1513.85693359375,591760.8984375,-108752.224609375,591764.47265625,-108752.13427734375,0.7199832034153828,3.599916017076914
4727.875,1514.625,4727.89453125,1514.7406005859375,591865.8984375,-108755.974609375,591865.99609375,-108756.55261230469,0.1319039583183715,0.6595197915918576
4756.375,1516.125,4756.14453125,1513.85693359375,592008.3984375,-108763.474609375,592007.24609375,-108752.13427734375,2.274667281278601,11.373336406393005
4844.125,1516.875,4845.30859375,1517.3914794921875,592447.1484375,-108767.224609375,592453.06640625,-108769.80700683594,1.413913186400153,7.069565932000765
4379.125,1525.125,4379.18359375,1524.46044921875,590122.1484375,-108808.474609375,590122.44140625,-108805.15185546875,0.6232102160231591,3.1160510801157955
4962.625,1525.875,4962.72265625,1525.34423828125,593039.6484375,-108812.224609375,593040.13671875,-108809.57080078125,0.6800252277528727,3.4001261387643633
4771.375,1526.625,4772.91796875,1527.1114501953125,592083.3984375,-108815.974609375,592091.11328125,-108818.40686035156,1.652557549216588,8.26278774608294
4973.875,1527.375,4974.19921875,1527.1114501953125,593095.8984375,-108819.724609375,593097.51953125,-108818.40686035156,0.6591420660541215,3.2957103302706074
4917.625,1528.125,4917.69921875,1527.9951171875,592814.6484375,-108823.474609375,592815.01953125,-108822.8251953125,0.31252374421205864,1.5626187210602933
4707.625,1529.625,4708.47265625,1529.7623291015625,591764.6484375,-108830.974609375,591768.88671875,-108831.66125488281,0.8217313056128728,4.108656528064364
4897.375,1531.125,4896.51171875,1532.4132080078125,592713.3984375,-108838.474609375,592709.08203125,-108844.91564941406,1.441329198526356,7.20664599263178
4725.625,1531.875,4726.12890625,1531.529541015625,591854.6484375,-108842.224609375,591857.16796875,-108840.49731445312,0.5720960376382437,2.8604801881912185
4741.375,1535.625,4739.37109375,1534.180419921875,591933.3984375,-108860.974609375,591923.37890625,-108853.75170898438,2.4777574016610067,12.388787008305034
4780.375,1535.625,4780.86328125,1535.94775390625,592128.3984375,-108860.974609375,592130.83984375,-108862.58837890625,0.604644967147578,3.02322483573789
4793.125,1536.375,4791.45703125,1535.94775390625,592192.1484375,-108864.724609375,592183.80859375,-108862.58837890625,1.6930792436187077,8.465396218093538
4722.625,1539.375,4722.59765625,1541.24951171875,591839.6484375,-108879.724609375,591839.51171875,-108889.09716796875,1.9082917038096538,9.54145851904827
4798.375,1540.875,4797.63671875,1540.3658447265625,592218.3984375,-108887.224609375,592214.70703125,-108884.67883300781,0.8757095142070306,4.378547571035153
4499.875,1542.375,4502.77734375,1543.0167236328125,590725.8984375,-108894.724609375,590740.41015625,-108897.93322753906,2.703113395987734,13.515566979938669
4416.625,1548.375,4416.26171875,1548.318603515625,590309.6484375,-108924.724609375,590307.83203125,-108924.44262695312,0.7806118080064045,3.9030590400320224
4363.375,1549.875,4363.29296875,1550.969482421875,590043.3984375,-108932.224609375,590042.98828125,-108937.69702148438,1.3708416321804502,6.854208160902251
4374.625,1549.875,4375.65234375,1549.2021484375,590099.6484375,-108932.224609375,590104.78515625,-108928.8603515625,0.7665328992152282,3.832664496076141
4798.375,1552.125,4796.75390625,1552.7366943359375,592218.3984375,-108943.474609375,592210.29296875,-108946.53308105469,1.7532770439421144,8.766385219710571
4898.875,1552.875,4900.04296875,1552.7366943359375,592720.8984375,-108947.224609375,592726.73828125,-108946.53308105469,1.2675544823674,6.337772411837
4909.375,1552.875,4908.87109375,1552.7366943359375,592773.3984375,-108947.224609375,592770.87890625,-108946.53308105469,0.43116645529610975,2.155832276480549
4424.875,1553.625,4425.08984375,1551.85302734375,590350.8984375,-108950.974609375,590351.97265625,-108942.11474609375,1.643364459551553,8.216822297757766
4964.875,1553.625,4964.48828125,1553.620361328125,593050.8984375,-108950.974609375,593048.96484375,-108950.95141601562,0.2311400301775985,1.1557001508879925
4965.625,1557.375,4967.13671875,1558.0384521484375,593054.6484375,-108969.724609375,593062.20703125,-108973.04187011719,1.7760939844058963,8.880469922029482
4772.125,1558.875,4772.03515625,1558.922119140625,592087.1484375,-108977.224609375,592086.69921875,-108977.46020507812,0.17348399621132501,0.8674199810566251
4427.125,1559.625,4427.73828125,1558.922119140625,590362.1484375,-108980.974609375,590365.21484375,-108977.46020507812,0.5842495374687674,2.921247687343837
4439.875,1560.375,4440.09765625,1559.8056640625,590425.8984375,-108984.724609375,590427.01171875,-108981.8779296875,0.47235202826124895,2.361760141306245
4402.375,1561.125,4403.01953125,1561.572998046875,590238.3984375,-108988.474609375,590241.62109375,-108990.71459960938,0.6288308104305892,3.144154052152946
4763.875,1561.125,4764.08984375,1562.45654296875,592045.8984375,-108988.474609375,592046.97265625,-108995.13232421875,1.3757918352240714,6.8789591761203575
4913.875,1561.125,4914.16796875,1561.572998046875,592795.8984375,-108988.474609375,592797.36328125,-108990.71459960938,0.5749719620626165,2.8748598103130822
4363.375,1561.875,4363.29296875,1560.6893310546875,590043.3984375,-108992.224609375,590042.98828125,-108986.29626464844,1.177541462798107,5.887707313990535
4375.375,1561.875,4374.76953125,1559.8056640625,590103.3984375,-108992.224609375,590100.37109375,-108981.8779296875,2.2014794952685635,11.007397476342817
4409.875,1561.875,4410.08203125,1561.572998046875,590275.8984375,-108992.224609375,590276.93359375,-108990.71459960938,0.29488585568641096,1.4744292784320547
4338.625,1564.125,4340.33984375,1563.3402099609375,589919.6484375,-109003.474609375,589928.22265625,-108999.55065917969,1.3172296851410281,6.58614842570514
4327.375,1564.875,4330.62890625,1564.223876953125,589863.3984375,-109007.224609375,589879.66796875,-109003.96899414062,2.7345959453463955,13.672979726731977
4881.625,1564.875,4881.50390625,1564.223876953125,592634.6484375,-109007.224609375,592634.04296875,-109003.96899414062,0.6543003069057943,3.2715015345289715
4966.375,1564.875,4967.13671875,1565.107421875,593058.3984375,-109007.224609375,593062.20703125,-109008.38671875,0.9113468576811569,4.556734288405784
4383.625,1566.375,4385.36328125,1565.9910888671875,590144.6484375,-109014.724609375,590153.33984375,-109012.80505371094,1.2533881966181761,6.266940983090881
4787.125,1566.375,4787.04296875,1565.9910888671875,592162.1484375,-109014.724609375,592161.73828125,-109012.80505371094,0.381381112571508,1.9069055628575398
4416.625,1567.125,4418.91015625,1566.874755859375,590309.6484375,-109018.474609375,590321.07421875,-109017.22338867188,1.816721412339189,9.083607061695945
4424.125,1570.125,4424.20703125,1571.29296875,590347.1484375,-109033.474609375,590347.55859375,-109039.314453125,1.3804857942130186,6.902428971065094
4439.875,1571.625,4439.21484375,1573.06005859375,590425.8984375,-109040.974609375,590422.59765625,-109048.14990234375,1.94283293534555,9.71416467672775
4352.875,1576.125,4353.58203125,1575.7109375,589990.8984375,-109063.474609375,589994.43359375,-109061.404296875,0.26863355718980075,1.3431677859490039
4919.875,1576.125,4920.34765625,1575.7109375,592825.8984375,-109063.474609375,592828.26171875,-109061.404296875,0.6598348603046045,3.2991743015230224
4787.125,1576.875,4787.04296875,1575.7109375,592162.1484375,-109067.224609375,592161.73828125,-109061.404296875,1.1354567278193344,5.677283639096672
4314.625,1580.625,4316.50390625,1581.0128173828125,589799.6484375,-109085.974609375,589809.04296875,-109087.91369628906,1.3880382382645509,6.9401911913227545
4326.625,1581.375,4327.09765625,1581.0128173828125,589859.6484375,-109089.724609375,589862.01171875,-109087.91369628906,0.21506040541141824,1.0753020270570912
4364.875,1581.375,4364.17578125,1581.0128173828125,590050.8984375,-109089.724609375,590047.40234375,-109087.91369628906,1.2819141579848976,6.409570789924488
4401.625,1581.375,4401.25390625,1581.0128173828125,590234.6484375,-109089.724609375,590232.79296875,-109087.91369628906,0.9216558207882244,4.608279103941122
4764.625,1581.375,4764.97265625,1581.0128173828125,592049.6484375,-109089.724609375,592051.38671875,-109087.91369628906,0.3696891544611999,1.8484457723059995
4392.625,1582.125,4392.42578125,1581.896484375,590189.6484375,-109093.474609375,590188.65234375,-109092.33203125,0.7440107977493057,3.7200539887465283
4414.375,1582.125,4413.61328125,1581.896484375,590298.3984375,-109093.474609375,590294.58984375,-109092.33203125,1.2827379875172011,6.413689937586006
4438.375,1582.875,4437.44921875,1582.780029296875,590418.3984375,-109097.224609375,590413.76953125,-109096.74975585938,1.4236608078878368,7.118304039439184
4346.125,1588.875,4346.51953125,1588.9654541015625,589957.1484375,-109127.224609375,589959.12109375,-109127.67687988281,0.3624490021815894,1.8122450109079469
4889.875,1589.625,4890.33203125,1590.732666015625,592675.8984375,-109130.974609375,592678.18359375,-109136.51293945312,1.2063151400824665,6.031575700412333
4901.875,1590.375,4901.80859375,1589.84912109375,592735.8984375,-109134.724609375,592735.56640625,-109132.09521484375,0.5152088945691214,2.576044472845607
4964.125,1591.875,4963.60546875,1591.6163330078125,593047.1484375,-109142.224609375,593044.55078125,-109140.93127441406,0.5453003647480468,2.726501823740234
4314.625,1592.625,4314.73828125,1591.6163330078125,589799.6484375,-109145.974609375,589800.21484375,-109140.93127441406,0.9659520382546228,4.829760191273114
4735.375,1593.375,4736.72265625,1593.383544921875,591903.3984375,-109149.724609375,591910.13671875,-109149.76733398438,1.1405591127036712,5.702795563518356
4942.375,1597.875,4942.41796875,1597.8017578125,592938.3984375,-109172.224609375,592938.61328125,-109171.8583984375,0.07383522609113834,0.3691761304556917
4901.875,1601.625,4902.69140625,1601.336181640625,592735.8984375,-109190.974609375,592739.98046875,-109189.53051757812,0.8027545669813918,4.013772834906959
4448.125,1602.375,4448.04296875,1602.219970703125,590467.1484375,-109194.724609375,590466.73828125,-109193.94946289062,0.628522726980218,3.1426136349010902
4889.875,1602.375,4890.33203125,1602.219970703125,592675.8984375,-109194.724609375,592678.18359375,-109193.94946289062,0.4036668854740348,2.0183344273701738
4464.625,1603.125,4463.93359375,1602.219970703125,590549.6484375,-109198.474609375,590546.19140625,-109193.94946289062,1.4250728983730652,7.125364491865326
4942.375,1606.125,4944.18359375,1605.75439453125,592938.3984375,-109213.474609375,592947.44140625,-109211.62158203125,1.815373112447293,9.076865562236465
4961.875,1608.375,4961.83984375,1608.4052734375,593035.8984375,-109224.724609375,593035.72265625,-109224.8759765625,0.06632081112660725,0.33160405563303624
4367.125,1609.125,4367.70703125,1609.2889404296875,590062.1484375,-109228.474609375,590065.05859375,-109229.29431152344,0.3799382515439893,1.8996912577199465
4496.125,1609.875,4496.59765625,1608.4052734375,590707.1484375,-109232.224609375,590709.51171875,-109224.8759765625,1.3027485759862096,6.513742879931048
4447.375,1616.625,4448.04296875,1615.474365234375,590463.3984375,-109265.974609375,590466.73828125,-109260.22143554688,0.9641249768995532,4.820624884497766
4959.625,1616.625,4960.07421875,1618.125244140625,593024.6484375,-109265.974609375,593026.89453125,-109273.47583007812,1.5765000683857513,7.882500341928757
4348.375,1617.375,4348.28515625,1615.474365234375,589968.3984375,-109269.724609375,589967.94921875,-109260.22143554688,1.8544945623346407,9.272472811673204
4343.875,1618.875,4343.87109375,1618.125244140625,589945.8984375,-109277.224609375,589945.87890625,-109273.47583007812,0.8850061580002188,4.4250307900010935
4453.375,1624.875,4453.33984375,1624.310546875,590493.3984375,-109307.224609375,590493.22265625,-109304.40234375,0.7435700278607568,3.717850139303784
4465.375,1624.875,4465.69921875,1624.310546875,590553.3984375,-109307.224609375,590555.01953125,-109304.40234375,0.46260385236197804,2.3130192618098904
4476.625,1624.875,4476.29296875,1625.1943359375,590609.6484375,-109307.224609375,590607.98828125,-109308.8212890625,1.0478002997965912,5.239001498982956
4343.875,1628.625,4343.87109375,1627.84521484375,589945.8984375,-109325.974609375,589945.87890625,-109322.07568359375,0.9220087630780834,4.6100438153904175
4349.875,1629.375,4350.05078125,1628.728759765625,589975.8984375,-109329.724609375,589976.77734375,-109326.49340820312,0.6955870272774911,3.4779351363874556
4366.375,1630.125,4366.82421875,1630.49609375,590058.3984375,-109333.474609375,590060.64453125,-109335.330078125,0.6571664289014804,3.2858321445074017
4495.375,1630.875,4498.36328125,1631.379638671875,590703.3984375,-109337.224609375,590718.33984375,-109339.74780273438,2.50204501108857,12.510225055442849
4455.625,1633.125,4455.98828125,1631.379638671875,590504.6484375,-109348.474609375,590506.46484375,-109339.74780273438,1.5673593334908036,7.836796667454018
4644.625,1633.125,4647.55859375,1634.030517578125,591449.6484375,-109348.474609375,591464.31640625,-109353.00219726562,2.7126395957291556,13.563197978645778
4283.875,1633.875,4283.83984375,1634.030517578125,589645.8984375,-109352.224609375,589645.72265625,-109353.00219726562,0.9496487211474409,4.748243605737205
4730.875,1633.875,4733.19140625,1634.9141845703125,591880.8984375,-109352.224609375,591892.48046875,-109357.42053222656,2.287180139488393,11.435900697441966
4477.375,1639.125,4477.17578125,1639.332275390625,590613.3984375,-109378.474609375,590612.40234375,-109379.51098632812,0.9222301396363598,4.611150698181799
4580.875,1640.625,4581.34765625,1640.2159423828125,591130.8984375,-109385.974609375,591133.26171875,-109383.92932128906,0.2468545874774962,1.234272937387481
4892.125,1642.125,4892.09765625,1640.2159423828125,592687.1484375,-109393.474609375,592687.01171875,-109383.92932128906,1.855099808132541,9.275499040662705
4625.875,1645.125,4627.25390625,1642.8668212890625,591355.8984375,-109408.474609375,591362.79296875,-109397.18371582031,2.282849420220208,11.41424710110104
4361.875,1646.625,4362.41015625,1647.284912109375,590035.8984375,-109415.974609375,590038.57421875,-109419.27416992188,0.9351645815559272,4.675822907779636
4919.125,1646.625,4918.58203125,1647.284912109375,592822.1484375,-109415.974609375,592819.43359375,-109419.27416992188,1.0202838188821295,5.101419094410647
4934.125,1646.625,4934.47265625,1648.168701171875,592897.1484375,-109415.974609375,592898.88671875,-109423.69311523438,1.6118043639505903,8.059021819752951
4367.125,1656.375,4367.70703125,1657.0048828125,590062.1484375,-109464.724609375,590065.05859375,-109467.8740234375,0.9071704323463506,4.5358521617317535
4915.375,1657.125,4915.93359375,1656.121337890625,592803.3984375,-109468.474609375,592806.19140625,-109463.45629882812,0.9926029570251698,4.963014785125849
4946.875,1660.125,4946.83203125,1659.65576171875,592960.8984375,-109483.474609375,592960.68359375,-109481.12841796875,0.4664015427328482,2.332007713664241
4836.625,1662.375,4837.36328125,1662.306640625,592409.6484375,-109494.724609375,592413.33984375,-109494.3828125,0.4247055822054195,2.1235279110270975
4848.625,1663.125,4848.83984375,1663.1903076171875,592469.6484375,-109498.474609375,592470.72265625,-109498.80114746094,0.18778040464068357,0.9389020232034179
4914.625,1667.625,4915.05078125,1668.4920654296875,592799.6484375,-109520.974609375,592801.77734375,-109525.30993652344,0.9658198764669571,4.829099382334785
4921.375,1670.625,4922.99609375,1671.14306640625,592833.3984375,-109535.974609375,592841.50390625,-109538.56494140625,1.4972628289203642,7.486314144601821
4929.625,1671.375,4931.82421875,1671.14306640625,592874.6484375,-109539.724609375,592885.64453125,-109538.56494140625,1.961990982075148,9.80995491037574
4943.125,1671.375,4943.30078125,1671.14306640625,592942.1484375,-109539.724609375,592943.02734375,-109538.56494140625,0.16446421065902075,0.8223210532951037
4836.625,1674.375,4837.36328125,1674.677490234375,592409.6484375,-109554.724609375,592413.33984375,-109556.23706054688,0.5676318416776475,2.8381592083882374
4849.375,1675.125,4848.83984375,1673.7939453125,592473.3984375,-109558.474609375,592470.72265625,-109551.8193359375,1.5026974103827888,7.513487051913944
4488.625,1678.125,4488.65234375,1679.095703125,590669.6484375,-109573.474609375,590669.78515625,-109578.328125,1.3949301166926034,6.974650583463017
4942.375,1678.125,4942.41796875,1675.56103515625,592938.3984375,-109573.474609375,592938.61328125,-109560.65478515625,2.4902463880716614,12.451231940358307
4492.375,1680.375,4493.06640625,1680.8629150390625,590688.3984375,-109584.724609375,590691.85546875,-109587.16418457031,0.7205514754117529,3.6027573770587646
4505.125,1680.375,4505.42578125,1679.979248046875,590752.1484375,-109584.724609375,590753.65234375,-109582.74584960938,0.45773961986119205,2.28869809930596
4517.875,1681.875,4518.66796875,1679.979248046875,590815.8984375,-109592.224609375,590819.86328125,-109582.74584960938,1.6734569999585427,8.367284999792714
4842.625,1684.875,4843.54296875,1681.74658203125,592439.6484375,-109607.224609375,592444.23828125,-109591.58251953125,3.0556695742115645,15.278347871057822
4904.875,1684.875,4905.33984375,1686.1646728515625,592750.8984375,-109607.224609375,592753.22265625,-109613.67297363281,1.3986404981211178,6.993202490605589
4916.875,1684.875,4917.69921875,1684.3974609375,592810.8984375,-109607.224609375,592815.01953125,-109604.8369140625,0.6492172003194635,3.2460860015973174
4775.875,1687.125,4775.56640625,1687.04833984375,592105.8984375,-109618.474609375,592104.35546875,-109618.09130859375,0.7682938888943707,3.841469444471853
4490.875,1692.375,4491.30078125,1692.35009765625,590680.8984375,-109644.724609375,590683.02734375,-109644.60009765625,0.4143011564381246,2.071505782190623
4930.375,1693.125,4930.05859375,1694.1173095703125,592878.3984375,-109648.474609375,592876.81640625,-109653.43615722656,1.2584864673424103,6.292432336712052
4517.875,1693.875,4518.66796875,1692.35009765625,590815.8984375,-109652.224609375,590819.86328125,-109644.60009765625,1.2909132836667858,6.454566418333929
4505.875,1694.625,4505.42578125,1693.233642578125,590755.8984375,-109655.974609375,590753.65234375,-109649.01782226562,1.6771555612411515,8.385777806205757
4874.125,1694.625,4874.44140625,1695.0009765625,592597.1484375,-109655.974609375,592598.73046875,-109657.8544921875,0.4984957320058786,2.492478660029393
4712.125,1695.375,4711.12109375,1695.0009765625,591787.1484375,-109659.724609375,591782.12890625,-109657.8544921875,1.5674921967875615,7.837460983937808
4936.375,1696.875,4936.23828125,1697.65185546875,592908.3984375,-109667.224609375,592907.71484375,-109671.10888671875,0.9869557031923148,4.9347785159615745
4904.875,1697.625,4903.57421875,1696.768310546875,592750.8984375,-109670.974609375,592744.39453125,-109666.69116210938,1.8118217117608346,9.059108558804173
4520.875,1700.625,4522.19921875,1701.186279296875,590830.8984375,-109685.974609375,590837.51953125,-109688.78100585938,0.9727734834064956,4.863867417032478
4625.875,1704.375,4625.48828125,1704.720947265625,591355.8984375,-109704.724609375,591353.96484375,-109706.45434570312,1.1942183833062132,5.971091916531066
4640.125,1704.375,4639.61328125,1704.720947265625,591427.1484375,-109704.724609375,591424.58984375,-109706.45434570312,1.2904060918039233,6.452030459019617
4918.375,1705.125,4921.23046875,1706.4881591796875,592818.3984375,-109708.474609375,592832.67578125,-109715.29040527344,2.900267384920874,14.50133692460437
4873.375,1708.125,4874.44140625,1708.25537109375,592593.3984375,-109723.474609375,592598.73046875,-109724.12646484375,0.7000575919283029,3.5002879596415144
4908.625,1708.125,4908.87109375,1708.25537109375,592769.6484375,-109723.474609375,592770.87890625,-109724.12646484375,0.2833647039115912,1.416823519557956
4883.125,1712.625,4883.26953125,1712.673583984375,592642.1484375,-109745.974609375,592642.87109375,-109746.21752929688,0.32983854373412524,1.6491927186706263
4897.375,1714.875,4897.39453125,1715.324462890625,592713.3984375,-109757.224609375,592713.49609375,-109759.47192382812,0.6994461937029139,3.49723096851457
4626.625,1716.375,4626.37109375,1715.324462890625,591359.6484375,-109764.724609375,591358.37890625,-109759.47192382812,1.270982476505682,6.35491238252841
4640.125,1717.125,4642.26171875,1716.2080078125,591427.1484375,-109768.474609375,591437.83203125,-109763.8896484375,1.6033892098657512,8.016946049328755
4931.125,1717.125,4930.94140625,1718.85888671875,592882.1484375,-109768.474609375,592881.23046875,-109777.14404296875,1.9388487362968958,9.69424368148448
4586.875,1718.625,4587.52734375,1718.85888671875,591160.8984375,-109775.974609375,591164.16015625,-109777.14404296875,0.479269640938706,2.39634820469353
4883.125,1722.375,4883.26953125,1721.509765625,592642.1484375,-109794.724609375,592642.87109375,-109790.3984375,0.7866539532673815,3.933269766336908
4928.875,1724.625,4929.17578125,1723.277099609375,592870.8984375,-109805.974609375,592872.40234375,-109799.23510742188,1.2249833156174186,6.124916578087093
4741.375,1725.375,4741.13671875,1725.04443359375,591933.3984375,-109809.724609375,591932.20703125,-109808.07177734375,0.8619140621051846,4.309570310525923
4753.375,1725.375,4753.49609375,1725.04443359375,591993.3984375,-109809.724609375,591994.00390625,-109808.07177734375,0.4995543049125705,2.4977715245628525
4899.625,1726.875,4900.04296875,1726.8115234375,592724.6484375,-109817.224609375,592726.73828125,-109816.9072265625,0.08104593368232739,0.40522966841163693
4909.375,1728.375,4908.87109375,1728.578857421875,592773.3984375,-109824.724609375,592770.87890625,-109825.74389648438,1.0046960756361096,5.023480378180548
4928.125,1729.125,4928.29296875,1727.6953125,592867.1484375,-109828.474609375,592867.98828125,-109821.326171875,1.32269293937414,6.6134646968707
4920.625,1729.875,4920.34765625,1729.4625244140625,592829.6484375,-109832.224609375,592828.26171875,-109830.16223144531,0.7632367829674976,3.816183914837488
4847.875,1733.625,4848.83984375,1734.7642822265625,592465.8984375,-109850.974609375,592470.72265625,-109856.67102050781,1.3741432462287764,6.870716231143882
4865.875,1735.125,4865.61328125,1734.7642822265625,592555.8984375,-109858.474609375,592554.58984375,-109856.67102050781,0.7967080284027958,3.983540142013979
4877.875,1735.125,4877.97265625,1735.64794921875,592615.8984375,-109858.474609375,592616.38671875,-109861.08935546875,0.7849192161615282,3.9245960808076408
4740.625,1736.625,4741.13671875,1735.64794921875,591929.6484375,-109865.974609375,591932.20703125,-109861.08935546875,0.7892568002555082,3.9462840012775406
4660.375,1739.625,4664.33203125,1740.0660400390625,591528.3984375,-109880.974609375,591548.18359375,-109883.17980957031,3.283050395027416,16.41525197513708
4907.875,1741.125,4907.98828125,1740.0660400390625,592765.8984375,-109888.474609375,592766.46484375,-109883.17980957031,0.9818472384997694,4.909236192498847
4922.875,1741.125,4922.99609375,1740.94970703125,592840.8984375,-109888.474609375,592841.50390625,-109887.59814453125,0.34634996423341996,1.7317498211670999
4667.125,1741.875,4668.74609375,1741.833251953125,591562.1484375,-109892.224609375,591570.25390625,-109892.01586914062,0.8979829081558514,4.489914540779257
4896.625,1743.375,4899.16015625,1740.94970703125,592709.6484375,-109899.724609375,592722.32421875,-109887.59814453125,3.048421890004448,15.242109450022241
4749.625,1745.625,4749.08203125,1745.3677978515625,591974.6484375,-109910.974609375,591971.93359375,-109909.68859863281,1.2098957705893443,6.049478852946722
4865.875,1748.625,4865.61328125,1748.90234375,592555.8984375,-109925.974609375,592554.58984375,-109927.361328125,0.9268205956073519,4.6341029780367595
4877.875,1749.375,4877.08984375,1748.90234375,592615.8984375,-109929.724609375,592611.97265625,-109927.361328125,1.35998735669122,6.7999367834561
4811.125,1750.875,4810.87890625,1750.669677734375,592282.1484375,-109937.224609375,592280.91796875,-109936.19799804688,0.862300991753627,4.311504958768134
4731.625,1751.625,4732.30859375,1751.55322265625,591884.6484375,-109940.974609375,591888.06640625,-109940.61572265625,0.1453202007310007,0.7266010036550035
4798.375,1751.625,4797.63671875,1749.785888671875,592218.3984375,-109940.974609375,592214.70703125,-109931.77905273438,2.1411107279460877,10.70555363973044
4742.875,1752.375,4742.90234375,1751.55322265625,591940.8984375,-109944.724609375,591941.03515625,-109940.61572265625,0.9029222889847982,4.514611444923991
4908.625,1753.125,4908.87109375,1754.2041015625,592769.6484375,-109948.474609375,592770.87890625,-109953.8701171875,1.2680338019748574,6.340169009874287
4920.625,1753.875,4921.23046875,1754.2041015625,592829.6484375,-109952.224609375,592832.67578125,-109953.8701171875,0.49490631434795146,2.474531571739757
4798.375,1762.875,4799.40234375,1762.15673828125,592218.3984375,-109997.224609375,592223.53515625,-109993.63330078125,0.628155549346718,3.14077774673359
4822.375,1762.875,4823.23828125,1763.0404052734375,592338.3984375,-109997.224609375,592342.71484375,-109998.05163574219,0.42426047366895614,2.1213023683447805
4834.375,1762.875,4833.83203125,1763.0404052734375,592398.3984375,-109997.224609375,592395.68359375,-109998.05163574219,1.2245542565319338,6.122771282659669
4743.625,1763.625,4743.78515625,1763.0404052734375,591944.6484375,-110000.974609375,591945.44921875,-109998.05163574219,0.6734524550042545,3.3672622750212726
4907.125,1763.625,4906.22265625,1763.924072265625,592762.1484375,-110000.974609375,592757.63671875,-110002.46997070312,1.528328201791448,7.641641008957239
4894.375,1764.375,4893.86328125,1764.8076171875,592698.3984375,-110004.724609375,592695.83984375,-110006.8876953125,1.2388499012238774,6.194249506119387
4916.875,1765.875,4916.81640625,1763.924072265625,592810.8984375,-110012.224609375,592810.60546875,-110002.46997070312,1.8837464339139738,9.41873216956987
4834.375,1774.125,4833.83203125,1773.64404296875,592398.3984375,-110053.474609375,592395.68359375,-110051.06982421875,1.2378343683939654,6.189171841969827
4823.125,1775.625,4825.00390625,1777.178466796875,592342.1484375,-110060.974609375,592351.54296875,-110068.74194335938,2.1300845237996615,10.650422618998308
4813.375,1776.375,4817.94140625,1776.294921875,592293.3984375,-110064.724609375,592316.23046875,-110064.32421875,3.876103009091216,19.38051504545608
4910.875,1778.625,4912.40234375,1777.178466796875,592780.8984375,-110075.974609375,592788.53515625,-110068.74194335938,1.571922375529574,7.85961187764787
4862.875,1780.875,4862.96484375,1780.7130126953125,592540.8984375,-110087.224609375,592541.34765625,-110086.41467285156,0.5646831945387596,2.823415972693798
4812.625,1783.125,4812.64453125,1782.480224609375,592289.6484375,-110098.474609375,592289.74609375,-110095.25073242188,0.8157981581037833,4.078990790518916
4830.625,1787.625,4832.94921875,1786.8984375,592379.6484375,-110120.974609375,592391.26953125,-110117.341796875,1.6944478491193202,8.472239245596601
4895.125,1794.375,4894.74609375,1793.9674072265625,592702.1484375,-110154.724609375,592700.25390625,-110152.68664550781,1.059925923369033,5.299629616845165
4861.375,1796.625,4862.08203125,1796.618408203125,592533.3984375,-110165.974609375,592536.93359375,-110165.94165039062,0.20644302498234784,1.0322151249117393
4895.875,1798.125,4895.62890625,1798.385498046875,592705.8984375,-110173.474609375,592704.66796875,-110174.77709960938,1.0278628926114417,5.139314463057208
4901.125,1800.375,4901.80859375,1801.036376953125,592732.1484375,-110184.724609375,592735.56640625,-110188.03149414062,0.8647976411866103,4.323988205933052
4895.875,1802.625,4896.51171875,1802.8037109375,592705.8984375,-110195.974609375,592709.08203125,-110196.8681640625,0.3887881111414513,1.9439405557072564
