source_x,source_y,reference_x,reference_y,confidence
78.01905,58.51429,90.565025,43.34192,0.594614
117.02858,58.51429,128.44563,43.449978,0.4958978
136.53334,58.51429,149.1384,43.107666,0.3582568
156.0381,58.51429,168.50488,42.71197,0.8492323
175.54286,58.51429,189.4146,42.27074,0.6811754
195.04762,58.51429,207.62141,43.61809,0.5153994
214.55238,58.51429,225.75206,43.112167,0.53216434
234.05716,58.51429,247.21973,42.564304,0.84513277
253.56192,58.51429,266.4367,43.26243,0.7944693
273.06668,58.51429,286.3379,43.369576,0.5317119
370.59048,58.51429,384.57043,44.25454,0.3173946
390.09525,58.51429,404.30142,44.277992,0.33250174
409.6,58.51429,423.82465,44.11782,0.661276
429.10477,58.51429,441.22192,43.89936,0.5771909
448.60953,58.51429,459.87827,42.692738,0.8339047
468.11432,58.51429,481.09875,43.615288,0.78602856
487.61908,58.51429,500.88568,43.291943,0.8977984
507.12384,58.51429,519.5651,43.78253,0.8559478
526.6286,58.51429,538.11835,44.359657,0.92221826
546.13336,58.51429,558.2604,44.06232,0.89412105
565.6381,58.51429,576.6946,44.439342,0.93583244
585.1429,58.51429,597.47186,43.834423,0.8799215
604.64764,58.51429,617.1864,44.10457,0.8692572
624.1524,58.51429,635.70337,43.94047,0.7491348
643.65717,58.51429,655.7907,43.697296,0.9208005
663.1619,58.51429,676.1959,44.25934,0.7010209
682.6667,58.51429,694.2063,44.721462,0.8339837
702.17145,58.51429,713.5366,44.603237,0.90291435
721.6762,58.51429,734.28796,43.877674,0.88633585
741.18097,58.51429,754.30426,44.39654,0.99347425
760.6857,58.51429,772.6445,44.172737,0.95251626
780.1905,58.51429,791.3202,44.416756,0.31627917
799.69525,58.51429,810.99567,44.34318,0.52185965
819.2,58.51429,830.5074,44.429134,0.7825348
838.7048,58.51429,850.5793,44.135284,0.66094947
858.20953,58.51429,870.78345,44.28049,0.9100245
877.7143,58.51429,890.8211,44.81102,0.98553866
897.21906,58.51429,908.68933,44.100075,0.99164045
916.7238,58.51429,928.52655,44.3709,0.9332861
936.22864,58.51429,948.3249,45.22131,0.9549461
955.7334,58.51429,967.4197,45.404198,0.95109236
975.23816,58.51429,987.28674,44.56824,0.94726646
994.7429,58.51429,1007.2393,45.262096,0.7571807
1014.2477,58.51429,1026.9053,45.585827,0.5131616
1033.7524,58.51429,1046.1287,44.036713,0.6387785
1053.2572,58.51429,1064.8944,46.79969,0.73612833
1072.762,58.51429,1085.022,45.437775,0.90268177
1092.2667,58.51429,1104.7903,44.57773,0.9755942
1111.7715,58.51429,1124.1423,45.91059,0.9285171
1131.2762,58.51429,1145.4393,45.253773,0.8618248
1150.781,58.51429,1163.0259,45.69011,0.9768213
1170.2858,58.51429,1182.684,45.923817,0.57615733
1189.7905,58.51429,1202.4115,45.620937,0.6998268
1209.2953,58.51429,1221.9574,45.433918,0.93712753
1228.8,58.51429,1240.5537,45.61873,0.78133225
1248.3048,58.51429,1260.7555,45.080837,0.94024354
1267.8096,58.51429,1281.3944,45.41474,0.7431922
1287.3143,58.51429,1300.2926,44.395756,0.73211175
1306.8191,58.51429,1320.7728,44.86164,0.50039667
1326.3239,58.51429,1339.0958,45.197037,0.7560268
1345.8286,58.51429,1358.2512,45.288677,0.74724823
1365.3334,58.51429,1378.7432,45.21906,0.40946946
1384.8381,58.51429,1398.1246,45.59646,0.93009454
1404.3429,58.51429,1416.9357,45.568798,0.968215
1423.8477,58.51429,1437.1254,44.49032,0.91667306
1443.3524,58.51429,1456.182,45.784237,0.83577806
1462.8572,58.51429,1474.3094,45.940205,0.914266
1482.3619,58.51429,1493.3735,47.15184,0.817344
1501.8667,58.51429,1514.2095,45.78613,0.72651875
1521.3715,58.51429,1532.9044,44.975372,0.8650084
1540.8762,58.51429,1554.353,45.417774,0.86545223
1560.381,58.51429,1574.0853,45.340385,0.8659756
1579.8857,58.51429,1592.8862,45.401344,0.8017484
1599.3905,58.51429,1612.6394,45.84776,0.75459254
1618.8953,58.51429,1631.7207,46.508106,0.5187519
1638.4,58.51429,1651.5093,46.89527,0.87999845
1657.9048,58.51429,1670.1914,46.039642,0.4894525
1677.4095,58.51429,1689.2726,45.6475,0.3894498
1696.9143,58.51429,1708.9182,46.60058,0.44568187
1716.4191,58.51429,1728.9016,45.398464,0.60278326
1735.9238,58.51429,1747.966,46.578632,0.58529675
1755.4286,58.51429,1766.74,45.316635,0.78588104
1774.9333,58.51429,1787.4744,45.9132,0.77172005
1794.4381,58.51429,1806.8904,46.14431,0.9637979
1813.9429,58.51429,1827.7512,46.367218,0.88848996
1833.4476,58.51429,1846.133,46.31858,0.76315016
1852.9524,58.51429,1865.9882,47.12023,0.3180302
1891.962,58.51429,1905.8549,47.177322,0.2897176
1930.9716,58.51429,1944.256,45.712284,0.81545144
1950.4763,58.51429,1964.3058,45.988464,0.92944753
1969.9811,58.51429,1982.97,46.116188,0.5406546
58.51429,78.01905,70.4195,62.41081,0.452984
78.01905,78.01905,90.73987,62.004868,0.84562695
97.52381,78.01905,109.82341,62.723095,0.5832386
117.02858,78.01905,128.96593,62.29096,0.6869101
136.53334,78.01905,149.68013,62.954792,0.7231012
156.0381,78.01905,169.03633,62.544228,0.6121062
175.54286,78.01905,188.3847,63.280376,0.855023
195.04762,78.01905,206.6815,61.698704,0.5916637
214.55238,78.01905,226.83168,62.97036,0.7824162
234.05716,78.01905,245.92761,62.899746,0.80293447
253.56192,78.01905,265.69513,63.340992,0.8618313
273.06668,78.01905,287.38663,62.710148,0.8202453
292.57144,78.01905,304.26852,62.481853,0.4877273
351.08572,78.01905,364.58975,63.779015,0.456645
370.59048,78.01905,384.65866,63.708424,0.8467376
390.09525,78.01905,404.57144,63.38179,0.5531203
409.6,78.01905,421.7102,63.44339,0.71419764
429.10477,78.01905,441.09424,63.306297,0.8695886
448.60953,78.01905,461.06558,63.375458,0.8480158
468.11432,78.01905,480.29633,63.256042,0.8207811
487.61908,78.01905,500.50055,63.609093,0.8800995
507.12384,78.01905,519.37616,62.926517,0.9715353
526.6286,78.01905,538.2199,63.163445,0.91486704
546.13336,78.01905,557.29767,63.82279,0.9487124
565.6381,78.01905,577.6576,63.353123,0.731111
585.1429,78.01905,598.61444,63.640656,0.73884267
604.64764,78.01905,616.93964,63.104294,0.76768136
624.1524,78.01905,636.7454,63.212864,0.8146292
643.65717,78.01905,654.8162,63.508545,0.769399
663.1619,78.01905,675.90717,63.27935,0.72278863
682.6667,78.01905,694.6267,63.550205,0.7813406
702.17145,78.01905,714.02496,63.77402,0.67467314
721.6762,78.01905,733.46216,63.490944,0.982668
741.18097,78.01905,752.94574,64.16068,0.97300875
760.6857,78.01905,773.3038,63.970825,0.8664786
780.1905,78.01905,791.25995,63.622105,0.78584087
799.69525,78.01905,811.10547,63.46611,0.55697477
819.2,78.01905,830.77704,64.06689,0.61967796
838.7048,78.01905,851.2092,63.83401,0.59000236
858.20953,78.01905,870.17944,64.23495,0.93243724
877.7143,78.01905,890.48425,63.748146,0.98670053
897.21906,78.01905,909.29004,63.829124,0.98035836
916.7238,78.01905,928.32324,64.475266,0.944893
936.22864,78.01905,948.3781,64.0993,0.94488055
955.7334,78.01905,967.14307,63.939632,0.8995128
975.23816,78.01905,986.34143,63.733665,0.88702506
994.7429,78.01905,1006.7346,64.33411,0.84873486
1014.2477,78.01905,1026.2744,64.671974,0.6677986
1033.7524,78.01905,1045.6056,63.763992,0.37365255
1053.2572,78.01905,1064.854,64.93149,0.6294422
1072.762,78.01905,1084.2638,64.28691,0.9471781
1092.2667,78.01905,1105.3325,64.37829,0.87796706
1111.7715,78.01905,1125.1187,64.45655,0.68506354
1131.2762,78.01905,1144.3807,64.81064,0.98300475
1150.781,78.01905,1163.6648,64.615105,0.8849392
1170.2858,78.01905,1182.3098,64.49327,0.8388323
1189.7905,78.01905,1202.395,64.845955,0.65983564
1209.2953,78.01905,1221.3392,64.46855,0.79800016
1228.8,78.01905,1240.4551,65.735306,0.6121514
1248.3048,78.01905,1261.1558,64.24513,0.8245289
1267.8096,78.01905,1280.8823,64.44275,0.8222751
1287.3143,78.01905,1298.8423,64.3383,0.7345745
1306.8191,78.01905,1319.0596,64.8583,0.7614914
1326.3239,78.01905,1340.0364,65.157875,0.8521745
1345.8286,78.01905,1358.3748,65.71784,0.61104494
1365.3334,78.01905,1377.8505,65.433426,0.42830154
1384.8381,78.01905,1399.5615,65.0504,0.91846544
1404.3429,78.01905,1419.5991,65.390686,0.9771092
1423.8477,78.01905,1438.0776,66.68767,0.797951
1443.3524,78.01905,1454.942,66.12726,0.44056782
1462.8572,78.01905,1476.754,66.21039,0.86689246
1482.3619,78.01905,1494.9725,65.78717,0.86901903
1501.8667,78.01905,1513.8358,64.581924,0.796044
1521.3715,78.01905,1533.6324,65.68251,0.7260008
1540.8762,78.01905,1553.6002,64.87466,0.8462818
1560.381,78.01905,1572.4307,63.98303,0.92038333
1579.8857,78.01905,1592.7816,64.715195,0.7502551
1599.3905,78.01905,1612.5465,64.44379,0.8271382
1618.8953,78.01905,1632.1321,65.19441,0.698904
1638.4,78.01905,1650.951,64.45616,0.82831717
1657.9048,78.01905,1671.9413,65.8464,0.6191999
1677.4095,78.01905,1690.7587,65.42329,0.60861504
1696.9143,78.01905,1711.5009,65.70872,0.855049
1716.4191,78.01905,1727.9866,66.27106,0.8209336
1735.9238,78.01905,1748.5731,64.92255,0.7088548
1755.4286,78.01905,1767.7552,64.76684,0.91008955
1774.9333,78.01905,1787.398,65.113785,0.8529191
1794.4381,78.01905,1807.3802,65.86094,0.8662743
1813.9429,78.01905,1827.2903,65.07433,0.76554143
1833.4476,78.01905,1847.0023,66.82828,0.8028849
1891.962,78.01905,1905.4194,66.13729,0.20474593
1911.4668,78.01905,1923.8258,65.62162,0.4170537
1930.9716,78.01905,1944.3542,65.155235,0.5854288
1950.4763,78.01905,1963.9323,66.38697,0.787773
1969.9811,78.01905,1984.2115,65.88932,0.6703536
58.51429,97.52381,71.28907,82.1235,0.845905
78.01905,97.52381,90.88144,82.23944,0.8451345
97.52381,97.52381,109.608505,81.80429,0.7403331
117.02858,97.52381,129.11446,82.161255,0.78029215
136.53334,97.52381,150.18668,82.89518,0.8809503
156.0381,97.52381,168.62787,81.12445,0.7364878
175.54286,97.52381,189.19067,82.30603,0.8843282
195.04762,97.52381,208.37141,82.26687,0.76278925
214.55238,97.52381,227.06973,82.388435,0.8751687
234.05716,97.52381,245.265,82.3498,0.5106138
253.56192,97.52381,265.72266,82.59494,0.75136936
273.06668,97.52381,285.5131,81.71558,0.86646587
292.57144,97.52381,303.8511,82.161545,0.8992187
312.0762,97.52381,323.77094,82.8565,0.46944183
331.58096,97.52381,344.44434,82.1586,0.26804703
351.08572,97.52381,362.20172,83.0857,0.61894834
370.59048,97.52381,382.58878,82.610596,0.82456654
390.09525,97.52381,402.796,82.46571,0.828078
409.6,97.52381,421.1103,82.51323,0.75303835
429.10477,97.52381,441.3723,82.59117,0.91134554
448.60953,97.52381,460.86914,83.20498,0.9137861
468.11432,97.52381,480.3819,82.60436,0.91644377
487.61908,97.52381,499.98904,82.276535,0.9853053
507.12384,97.52381,519.022,82.40937,0.9895643
526.6286,97.52381,539.992,82.77064,0.9414832
546.13336,97.52381,558.249,83.10541,0.94243574
565.6381,97.52381,578.8475,83.83776,0.9491515
585.1429,97.52381,598.3133,83.07003,0.87541395
604.64764,97.52381,617.7165,82.787994,0.90513897
624.1524,97.52381,636.6815,83.16599,0.87809914
643.65717,97.52381,656.00433,82.82358,0.88187605
663.1619,97.52381,675.081,82.74885,0.66097474
682.6667,97.52381,694.67084,83.197174,0.6392678
702.17145,97.52381,713.8046,83.02117,0.7026627
721.6762,97.52381,733.4982,83.34269,0.98180026
741.18097,97.52381,753.1779,83.53561,0.97754085
760.6857,97.52381,773.19073,83.051575,0.90644467
780.1905,97.52381,791.08466,83.08311,0.7287693
799.69525,97.52381,810.4444,82.95925,0.8310137
819.2,97.52381,831.1959,83.99563,0.38655573
838.7048,97.52381,851.2087,83.983,0.73471874
858.20953,97.52381,871.2233,84.17383,0.8989176
877.7143,97.52381,890.9446,83.31168,0.98436874
897.21906,97.52381,911.07513,83.480194,0.97620445
916.7238,97.52381,928.48157,83.59187,0.9717522
936.22864,97.52381,947.8274,83.86077,0.9585986
955.7334,97.52381,967.7447,83.38424,0.63229847
975.23816,97.52381,988.1894,83.24481,0.83039737
994.7429,97.52381,1006.60657,84.45458,0.8484047
1014.2477,97.52381,1026.2428,83.33009,0.54211646
1033.7524,97.52381,1047.057,83.33073,0.34882644
1053.2572,97.52381,1064.2136,83.78036,0.8577646
1072.762,97.52381,1083.8315,84.18004,0.7853069
1092.2667,97.52381,1104.0679,83.88192,0.80975664
1111.7715,97.52381,1124.5833,84.57722,0.49263135
1131.2762,97.52381,1143.3943,84.39609,0.8570514
1150.781,97.52381,1163.0936,84.21402,0.9171388
1170.2858,97.52381,1182.9271,85.35046,0.5299694
1189.7905,97.52381,1202.651,85.18756,0.92226595
1209.2953,97.52381,1221.9708,84.339966,0.8672649
1228.8,97.52381,1241.6943,84.91021,0.7982229
1248.3048,97.52381,1261.0907,83.70231,0.8981902
1267.8096,97.52381,1281.503,83.96053,0.91298664
1287.3143,97.52381,1300.204,84.96388,0.56137913
1306.8191,97.52381,1319.2527,85.44521,0.41100115
1326.3239,97.52381,1339.5416,85.45829,0.5763521
1345.8286,97.52381,1358.8392,86.05856,0.59740835
1365.3334,97.52381,1377.8086,84.485565,0.6936325
1384.8381,97.52381,1398.5254,84.33325,0.8801133
1404.3429,97.52381,1417.6687,84.04936,0.8893966
1423.8477,97.52381,1436.5739,84.44561,0.7522171
1443.3524,97.52381,1455.1089,85.11126,0.8803658
1462.8572,97.52381,1475.7512,84.402145,0.51221615
1482.3619,97.52381,1495.2336,84.42223,0.9389474
1501.8667,97.52381,1513.6636,84.07662,0.2953166
1521.3715,97.52381,1533.7506,85.75713,0.8374047
1540.8762,97.52381,1553.1576,85.253075,0.93535674
1560.381,97.52381,1574.217,85.76524,0.9218507
1579.8857,97.52381,1592.264,84.77804,0.9071824
1599.3905,97.52381,1612.752,84.895615,0.94012535
1618.8953,97.52381,1632.5586,84.41287,0.9257309
1638.4,97.52381,1651.0498,85.39532,0.49268124
1657.9048,97.52381,1669.8962,85.941864,0.5931356
1677.4095,97.52381,1691.035,84.907196,0.41663384
1696.9143,97.52381,1709.1431,85.03248,0.62760043
1716.4191,97.52381,1728.0723,86.017296,0.74497586
1735.9238,97.52381,1748.7496,85.71187,0.7886701
1755.4286,97.52381,1768.7627,85.402275,0.84313226
1774.9333,97.52381,1787.5919,85.08583,0.871105
1794.4381,97.52381,1807.5221,84.75843,0.84120053
1813.9429,97.52381,1827.1338,84.50071,0.8169242
1833.4476,97.52381,1845.6052,84.76348,0.4644395
1852.9524,97.52381,1866.6646,84.76826,0.45041713
1872.4573,97.52381,1884.3695,84.97329,0.51287717
1891.962,97.52381,1905.0051,84.98809,0.6880435
1911.4668,97.52381,1924.1625,85.73944,0.32616845
1950.4763,97.52381,1962.321,86.436165,0.627587
1969.9811,97.52381,1982.5392,86.37787,0.40900362
39.009525,117.02858,52.378487,102.44691,0.4846006
58.51429,117.02858,71.58839,102.16796,0.8189782
78.01905,117.02858,90.092575,101.571075,0.94220454
97.52381,117.02858,109.29802,101.84154,0.824274
117.02858,117.02858,129.04878,101.61301,0.8080088
136.53334,117.02858,149.00632,101.57318,0.9526304
156.0381,117.02858,167.93297,100.791306,0.88755125
175.54286,117.02858,189.3613,102.00615,0.7811261
214.55238,117.02858,226.57814,101.96046,0.92603165
234.05716,117.02858,246.39761,101.57321,0.79829955
253.56192,117.02858,265.77115,101.6953,0.8646088
273.06668,117.02858,284.3239,101.767654,0.94295174
292.57144,117.02858,304.6869,101.80201,0.86611134
312.0762,117.02858,324.5618,101.93896,0.69640905
331.58096,117.02858,343.23044,101.915565,0.6704069
351.08572,117.02858,362.2179,102.226494,0.5798457
370.59048,117.02858,382.60065,102.08214,0.9088466
390.09525,117.02858,401.41626,102.54631,0.8684013
409.6,117.02858,421.31134,101.93268,0.9053202
429.10477,117.02858,441.41107,102.67924,0.8702851
448.60953,117.02858,460.9956,102.21231,0.88901407
468.11432,117.02858,480.9087,102.48325,0.9872544
487.61908,117.02858,499.37067,102.19962,0.9831631
507.12384,117.02858,520.24335,100.75545,0.93987924
526.6286,117.02858,539.41144,102.363686,0.9854728
546.13336,117.02858,558.67126,101.98864,0.8830508
565.6381,117.02858,577.6418,102.27086,0.8388135
585.1429,117.02858,597.8135,101.69231,0.88921714
604.64764,117.02858,616.5874,102.31151,0.9335214
624.1524,117.02858,635.36304,102.14996,0.95045644
643.65717,117.02858,656.0064,102.06878,0.9754321
663.1619,117.02858,675.09467,102.35336,0.9368762
682.6667,117.02858,695.1282,102.60495,0.80088955
702.17145,117.02858,713.87195,102.117035,0.9084624
721.6762,117.02858,734.5705,102.191246,0.9688123
741.18097,117.02858,752.7017,103.42418,0.9590449
760.6857,117.02858,772.4391,103.36678,0.6650704
780.1905,117.02858,792.3394,101.98881,0.8060813
799.69525,117.02858,810.1877,102.45908,0.88074565
819.2,117.02858,830.8855,102.62903,0.675939
838.7048,117.02858,850.5465,102.620514,0.68282664
858.20953,117.02858,870.65125,103.28268,0.95529646
877.7143,117.02858,890.5094,103.032715,0.9934649
897.21906,117.02858,911.1813,103.35205,0.985284
916.7238,117.02858,929.2729,103.7143,0.9801027
936.22864,117.02858,948.99774,102.7301,0.85710996
955.7334,117.02858,967.49976,103.34676,0.6472937
975.23816,117.02858,987.0399,102.47893,0.89188737
994.7429,117.02858,1007.5464,102.77169,0.82402086
1014.2477,117.02858,1026.9329,103.40915,0.36017242
1053.2572,117.02858,1063.9592,102.92691,0.42149866
1072.762,117.02858,1083.6628,103.50441,0.47284552
1092.2667,117.02858,1104.9556,102.78056,0.55491203
1111.7715,117.02858,1123.4312,104.072075,0.75294846
1131.2762,117.02858,1143.4429,103.37941,0.7166418
1150.781,117.02858,1163.5917,103.3316,0.97921485
1170.2858,117.02858,1182.6904,103.412125,0.83206224
1189.7905,117.02858,1203.7172,103.505,0.5784547
1209.2953,117.02858,1221.5176,104.46631,0.5347517
1228.8,117.02858,1240.892,103.86459,0.91309255
1248.3048,117.02858,1259.609,104.65841,0.90424335
1267.8096,117.02858,1279.2966,104.78816,0.91175663
1287.3143,117.02858,1300.1892,104.02355,0.719317
1326.3239,117.02858,1338.6388,104.597984,0.56536496
1345.8286,117.02858,1357.4932,105.42264,0.27305898
1365.3334,117.02858,1376.989,104.47413,0.3927055
1384.8381,117.02858,1397.8246,104.28583,0.8578203
1404.3429,117.02858,1415.8862,104.884995,0.901524
1423.8477,117.02858,1436.4406,103.49548,0.84158856
1443.3524,117.02858,1454.9717,104.34834,0.74932307
1462.8572,117.02858,1475.9995,104.94254,0.89600325
1482.3619,117.02858,1496.1338,104.570175,0.60632205
1501.8667,117.02858,1513.6558,104.61598,0.3340393
1521.3715,117.02858,1533.0424,105.08354,0.7933217
1540.8762,117.02858,1554.4938,105.253586,0.88646525
1560.381,117.02858,1572.7513,104.545494,0.9638657
1579.8857,117.02858,1591.9214,104.65718,0.93721426
1599.3905,117.02858,1612.9182,103.97252,0.82932013
1618.8953,117.02858,1632.1155,104.66858,0.8568796
1638.4,117.02858,1651.4581,104.90867,0.8448607
1657.9048,117.02858,1670.9725,105.67564,0.694639
1677.4095,117.02858,1689.3019,104.46477,0.29264152
1696.9143,117.02858,1708.1418,104.19386,0.23607603
1716.4191,117.02858,1727.7991,105.06628,0.263597
1755.4286,117.02858,1768.0499,105.58824,0.65815586
1774.9333,117.02858,1788.5848,104.38765,0.65508455
1794.4381,117.02858,1807.6887,104.803635,0.8238472
1813.9429,117.02858,1826.7559,105.07314,0.7165138
1833.4476,117.02858,1845.6342,105.54243,0.72439134
1852.9524,117.02858,1865.8439,104.03341,0.5618198
1872.4573,117.02858,1884.6816,105.529884,0.33009183
1891.962,117.02858,1904.4196,105.0167,0.5920444
1911.4668,117.02858,1924.3115,104.56831,0.29326892
58.51429,136.53334,71.78717,121.46363,0.6752558
78.01905,136.53334,90.55416,120.768715,0.8866186
97.52381,136.53334,109.34824,121.166435,0.71985626
117.02858,136.53334,129.0212,121.37478,0.86550176
136.53334,136.53334,148.67114,121.07822,0.9662099
156.0381,136.53334,167.82826,121.583694,0.8812851
175.54286,136.53334,187.707,120.942055,0.95752436
195.04762,136.53334,207.46788,121.44559,0.9721205
214.55238,136.53334,226.18141,121.11293,0.93478024
234.05716,136.53334,245.51845,121.72642,0.7794297
253.56192,136.53334,265.7358,121.6366,0.6846433
273.06668,136.53334,284.50104,121.86433,0.6278537
292.57144,136.53334,304.6526,121.68981,0.89203787
312.0762,136.53334,323.78326,121.71371,0.7686456
331.58096,136.53334,342.87152,121.83965,0.8903706
351.08572,136.53334,363.19388,122.071144,0.8893605
370.59048,136.53334,383.39935,121.7171,0.7993733
390.09525,136.53334,402.68652,121.707855,0.9777267
409.6,136.53334,423.81467,121.012245,0.98839784
429.10477,136.53334,442.16284,121.60339,0.94563836
448.60953,136.53334,460.53546,121.70344,0.97304165
468.11432,136.53334,480.29904,121.66588,0.9172586
487.61908,136.53334,499.75375,121.33157,0.86435986
507.12384,136.53334,518.124,121.5835,0.9030698
526.6286,136.53334,537.3324,121.90793,0.9865708
546.13336,136.53334,557.7402,121.486336,0.8621186
565.6381,136.53334,579.1417,121.30776,0.75888824
585.1429,136.53334,598.526,121.8144,0.94868934
604.64764,136.53334,616.85175,122.01603,0.9751255
624.1524,136.53334,636.2255,122.12948,0.9623899
643.65717,136.53334,656.33716,121.919975,0.9862203
663.1619,136.53334,675.1507,122.356865,0.9133669
682.6667,136.53334,694.8552,122.212875,0.83477163
702.17145,136.53334,714.21094,121.89568,0.9497042
721.6762,136.53334,732.89056,121.57846,0.9354809
741.18097,136.53334,752.87994,122.41777,0.75810266
760.6857,136.53334,773.704,122.11278,0.7352156
780.1905,136.53334,793.0576,121.703316,0.76071846
799.69525,136.53334,811.6588,123.17266,0.8700832
819.2,136.53334,831.48956,122.15729,0.8842369
838.7048,136.53334,850.93756,121.95876,0.6953467
858.20953,136.53334,871.23615,122.30884,0.92563903
877.7143,136.53334,890.4772,122.53895,0.95452756
897.21906,136.53334,909.5426,122.90096,0.9655511
916.7238,136.53334,929.3069,122.52014,0.96220046
936.22864,136.53334,947.53217,121.63259,0.73803234
955.7334,136.53334,967.3194,122.931694,0.5677414
975.23816,136.53334,987.97345,122.19632,0.8519057
994.7429,136.53334,1008.9274,122.262054,0.93094945
1014.2477,136.53334,1026.474,122.356026,0.34781316
1033.7524,136.53334,1046.3247,122.74539,0.46916127
1072.762,136.53334,1085.0319,122.65579,0.83427733
1092.2667,136.53334,1104.9484,124.37294,0.7526475
1111.7715,136.53334,1123.2562,123.58965,0.49351743
1131.2762,136.53334,1143.6414,122.761215,0.78653413
1150.781,136.53334,1162.9636,122.47744,0.8298137
1170.2858,136.53334,1182.1564,122.29583,0.9427337
1189.7905,136.53334,1202.4153,122.8679,0.9275216
1209.2953,136.53334,1221.094,123.84106,0.4780931
1228.8,136.53334,1240.7333,123.26553,0.94184196
1248.3048,136.53334,1260.1276,124.42814,0.96969235
1267.8096,136.53334,1280.201,124.84614,0.88633215
1287.3143,136.53334,1300.0983,124.966705,0.438825
1326.3239,136.53334,1338.5602,125.53548,0.7634635
1345.8286,136.53334,1357.2648,124.42825,0.20543572
1365.3334,136.53334,1377.5372,124.43677,0.6744831
1384.8381,136.53334,1397.0692,124.22559,0.78992176
1404.3429,136.53334,1417.8267,124.27506,0.7449804
1423.8477,136.53334,1435.8171,123.06469,0.6350968
1443.3524,136.53334,1456.822,123.605545,0.8541916
1462.8572,136.53334,1474.9972,123.98057,0.2646901
1482.3619,136.53334,1495.0862,123.64144,0.8660351
1501.8667,136.53334,1514.0615,124.277664,0.7887054
1521.3715,136.53334,1534.5475,123.092316,0.8701581
1540.8762,136.53334,1554.2405,124.04225,0.8931581
1560.381,136.53334,1573.8693,123.701416,0.96625733
1579.8857,136.53334,1592.5172,123.45481,0.9079217
1599.3905,136.53334,1612.8475,124.45431,0.82696986
1618.8953,136.53334,1632.342,124.08298,0.4794088
1638.4,136.53334,1650.9832,123.83116,0.3973936
1657.9048,136.53334,1669.5521,124.31588,0.55742806
1677.4095,136.53334,1689.4738,123.78856,0.24159059
1696.9143,136.53334,1708.4642,124.82437,0.4498482
1774.9333,136.53334,1788.4318,124.51353,0.6038275
1794.4381,136.53334,1807.2689,124.70449,0.8649914
1813.9429,136.53334,1826.0732,124.906906,0.81549823
1833.4476,136.53334,1846.8873,125.162476,0.8408623
1852.9524,136.53334,1866.0026,125.113754,0.44447586
1872.4573,136.53334,1885.6594,124.65639,0.47799644
1891.962,136.53334,1905.3812,124.16229,0.45318636
1911.4668,136.53334,1925.5157,124.7126,0.27081442
78.01905,156.0381,91.25301,140.14087,0.9106896
97.52381,156.0381,110.6246,140.6575,0.91910285
117.02858,156.0381,128.77577,140.80103,0.976101
136.53334,156.0381,148.67542,140.73073,0.9836329
156.0381,156.0381,167.76567,141.05785,0.9585683
175.54286,156.0381,187.15895,141.17088,0.9869857
195.04762,156.0381,206.33937,141.01775,0.9792332
214.55238,156.0381,226.82457,140.36516,0.87053233
234.05716,156.0381,246.62125,142.20117,0.92851186
253.56192,156.0381,266.27036,141.72258,0.63391495
273.06668,156.0381,286.04306,140.53885,0.53289753
292.57144,156.0381,306.34625,139.97083,0.8141941
312.0762,156.0381,323.50522,141.15607,0.53183395
331.58096,156.0381,343.47818,141.64342,0.52390975
351.08572,156.0381,362.5994,141.3324,0.8577593
370.59048,156.0381,383.09775,141.19424,0.94364053
390.09525,156.0381,403.40085,141.06071,0.98601574
409.6,156.0381,422.23587,141.42952,0.9835421
429.10477,156.0381,440.59998,141.68785,0.94820154
448.60953,156.0381,459.17966,140.92343,0.9699192
468.11432,156.0381,479.25113,140.89183,0.9884616
487.61908,156.0381,500.15042,141.00803,0.9861972
507.12384,156.0381,519.2362,140.72011,0.9922783
526.6286,156.0381,539.209,141.21577,0.96855634
546.13336,156.0381,559.2488,141.3361,0.823347
565.6381,156.0381,578.7549,141.97235,0.67390066
585.1429,156.0381,598.2515,141.96146,0.9695017
604.64764,156.0381,618.8118,141.57751,0.9818141
624.1524,156.0381,634.80945,142.02057,0.969439
643.65717,156.0381,654.9102,141.40395,0.944677
663.1619,156.0381,674.4152,141.78256,0.8970886
682.6667,156.0381,695.2379,141.64133,0.72255564
702.17145,156.0381,714.49445,141.26086,0.9137739
721.6762,156.0381,733.5591,141.1387,0.9696306
741.18097,156.0381,752.43335,141.59258,0.63044935
760.6857,156.0381,772.4722,141.71051,0.7177322
780.1905,156.0381,792.0764,142.28835,0.6085243
799.69525,156.0381,811.66516,142.23352,0.7283076
819.2,156.0381,831.4204,141.73433,0.94072807
838.7048,156.0381,850.2747,141.8581,0.9375662
858.20953,156.0381,872.1055,141.95613,0.9113795
877.7143,156.0381,891.10547,141.87614,0.9911393
897.21906,156.0381,908.44745,141.585,0.9651441
916.7238,156.0381,929.3977,141.18686,0.8422445
936.22864,156.0381,947.3241,141.69798,0.5104401
955.7334,156.0381,967.9528,141.27835,0.4134114
975.23816,156.0381,987.5522,142.15477,0.6462171
994.7429,156.0381,1007.54846,142.02992,0.8245462
1014.2477,156.0381,1026.8131,141.98248,0.7152078
1033.7524,156.0381,1046.3926,141.86345,0.57363594
1053.2572,156.0381,1064.9939,142.56554,0.35799077
1072.762,156.0381,1085.1729,142.29564,0.7720646
1092.2667,156.0381,1105.0991,142.43146,0.5820426
1111.7715,156.0381,1125.878,143.60715,0.6466847
1131.2762,156.0381,1144.7296,142.20155,0.7748801
1150.781,156.0381,1163.7727,142.30069,0.8610305
1170.2858,156.0381,1181.9586,142.47054,0.9140405
1189.7905,156.0381,1201.0504,142.34174,0.9418917
1209.2953,156.0381,1220.3835,143.87181,0.9825165
1228.8,156.0381,1241.1138,143.37112,0.9250321
1248.3048,156.0381,1260.671,142.44154,0.9765175
1267.8096,156.0381,1280.0778,143.42102,0.98459893
1287.3143,156.0381,1298.9731,143.9952,0.81089693
1306.8191,156.0381,1318.3306,144.17314,0.7671089
1326.3239,156.0381,1336.8859,143.50673,0.79508984
1345.8286,156.0381,1358.1552,142.56465,0.9341063
1365.3334,156.0381,1377.5321,142.89236,0.9792963
1384.8381,156.0381,1397.0695,143.06595,0.96402615
1404.3429,156.0381,1418.0914,143.57468,0.97211254
1423.8477,156.0381,1436.5906,143.95732,0.9402579
1443.3524,156.0381,1455.8495,142.77449,0.7782969
1462.8572,156.0381,1474.644,143.21643,0.56966
1482.3619,156.0381,1495.5098,142.75156,0.7002684
1501.8667,156.0381,1514.7527,142.66585,0.9535461
1521.3715,156.0381,1534.7258,142.90926,0.8047123
1540.8762,156.0381,1553.2625,143.39061,0.72028553
1560.381,156.0381,1573.2117,143.84253,0.8730734
1579.8857,156.0381,1592.9519,143.47282,0.6045963
1599.3905,156.0381,1611.6385,144.22379,0.6857401
1618.8953,156.0381,1630.5541,144.393,0.7348832
1638.4,156.0381,1650.9506,143.48671,0.81619465
1677.4095,156.0381,1690.9733,144.54947,0.44017062
1696.9143,156.0381,1710.3529,143.7769,0.594861
1716.4191,156.0381,1728.8224,144.0262,0.325028
1774.9333,156.0381,1787.6122,144.37558,0.7179594
1794.4381,156.0381,1806.6409,143.63632,0.8807748
1813.9429,156.0381,1826.7352,144.08267,0.833599
1833.4476,156.0381,1846.406,144.19688,0.9611431
1852.9524,156.0381,1866.0656,144.31822,0.52631783
1872.4573,156.0381,1884.69,143.87035,0.490817
1891.962,156.0381,1905.3339,143.567,0.6971217
1911.4668,156.0381,1925.6783,144.14948,0.69159037
1930.9716,156.0381,1944.0586,144.29056,0.63143957
1950.4763,156.0381,1963.738,143.69197,0.73283374
39.009525,175.54286,50.274258,160.81288,0.6412061
58.51429,175.54286,70.88223,160.25075,0.49459282
78.01905,175.54286,90.7169,159.26968,0.48535877
97.52381,175.54286,110.31465,159.0737,0.7574213
117.02858,175.54286,128.92267,160.68108,0.89351225
136.53334,175.54286,150.34995,160.20532,0.9893719
156.0381,175.54286,169.46977,160.44272,0.97196466
175.54286,175.54286,187.1346,160.53447,0.95253193
195.04762,175.54286,207.6789,160.68784,0.97464705
214.55238,175.54286,226.939,160.96964,0.9205124
234.05716,175.54286,245.06032,161.20285,0.91383106
253.56192,175.54286,265.29456,160.66025,0.89419675
273.06668,175.54286,286.61014,159.70389,0.9189785
292.57144,175.54286,305.85123,159.75275,0.6223465
312.0762,175.54286,323.77994,161.77461,0.30593535
331.58096,175.54286,343.33487,160.48386,0.69632703
351.08572,175.54286,362.45065,160.15733,0.9376597
370.59048,175.54286,382.78845,161.04074,0.984425
390.09525,175.54286,401.80872,160.69391,0.95525974
409.6,175.54286,421.49564,160.2938,0.95932686
429.10477,175.54286,440.7047,160.79158,0.9900615
448.60953,175.54286,460.5181,160.15337,0.97726274
468.11432,175.54286,480.02765,160.01498,0.98564047
487.61908,175.54286,499.91946,160.55307,0.9948742
507.12384,175.54286,519.40375,160.10886,0.9916171
526.6286,175.54286,540.2352,160.82019,0.98407596
546.13336,175.54286,559.65015,160.94402,0.7638265
565.6381,175.54286,578.90857,161.06287,0.9124189
585.1429,175.54286,597.67664,160.41113,0.9742068
604.64764,175.54286,617.41724,160.21577,0.9816216
624.1524,175.54286,636.8633,160.8953,0.9797087
643.65717,175.54286,654.7964,160.89389,0.91960245
663.1619,175.54286,675.8979,160.71736,0.7761294
682.6667,175.54286,694.4252,160.62543,0.9314181
702.17145,175.54286,714.43445,160.7819,0.9551373
721.6762,175.54286,735.0243,161.40218,0.97703326
741.18097,175.54286,754.88934,161.57591,0.94895905
760.6857,175.54286,773.2723,161.00804,0.84865206
780.1905,175.54286,791.78546,161.32697,0.8485149
799.69525,175.54286,812.3074,161.73738,0.9427872
819.2,175.54286,833.2442,161.16823,0.95501375
838.7048,175.54286,852.1014,160.7418,0.922791
858.20953,175.54286,872.18225,160.96857,0.8983499
877.7143,175.54286,888.98334,160.92352,0.9872115
897.21906,175.54286,908.81744,161.13544,0.9237949
916.7238,175.54286,929.48895,161.00879,0.57632726
936.22864,175.54286,948.32153,161.20473,0.6204583
955.7334,175.54286,969.01843,161.49634,0.59233135
975.23816,175.54286,988.1202,161.32181,0.875023
994.7429,175.54286,1006.8895,162.49289,0.91915125
1014.2477,175.54286,1026.2538,161.33743,0.73458314
1033.7524,175.54286,1046.2133,162.56422,0.6742181
1053.2572,175.54286,1065.692,162.23857,0.84200585
1072.762,175.54286,1084.2069,162.12857,0.70520914
1092.2667,175.54286,1104.206,161.48492,0.6874573
1111.7715,175.54286,1124.0531,161.96935,0.6565174
1131.2762,175.54286,1143.585,162.93526,0.64002645
1150.781,175.54286,1163.3325,162.04747,0.7594109
1170.2858,175.54286,1182.9487,162.19943,0.80666906
1189.7905,175.54286,1201.2682,162.54323,0.94431186
1209.2953,175.54286,1221.7549,162.15341,0.98697346
1228.8,175.54286,1242.6362,162.44106,0.98715514
1248.3048,175.54286,1261.3701,161.82735,0.9490838
1267.8096,175.54286,1280.972,161.44858,0.97524476
1287.3143,175.54286,1299.7877,162.6418,0.70083207
1306.8191,175.54286,1318.1416,162.3514,0.7362136
1326.3239,175.54286,1339.0442,162.23767,0.80332726
1345.8286,175.54286,1358.4507,162.09805,0.9678035
1365.3334,175.54286,1378.1912,162.50026,0.9108795
1384.8381,175.54286,1396.629,163.76169,0.9421365
1404.3429,175.54286,1417.7307,163.04193,0.9868826
1423.8477,175.54286,1437.1166,161.75096,0.96232474
1443.3524,175.54286,1456.2474,162.46855,0.94524026
1462.8572,175.54286,1475.6163,163.42218,0.79689586
1482.3619,175.54286,1494.3896,163.04355,0.58986384
1501.8667,175.54286,1514.1075,163.42377,0.7669479
1521.3715,175.54286,1534.6669,163.52856,0.8963297
1540.8762,175.54286,1553.3124,162.48996,0.7648946
1560.381,175.54286,1573.4033,162.90775,0.89133865
1579.8857,175.54286,1593.1376,161.8519,0.7804592
1599.3905,175.54286,1611.179,163.1554,0.887966
1618.8953,175.54286,1631.525,164.00967,0.88237625
1638.4,175.54286,1651.6045,162.84575,0.93331087
1657.9048,175.54286,1670.2764,162.76968,0.9270142
1677.4095,175.54286,1690.0957,164.04912,0.90131825
1696.9143,175.54286,1709.026,163.76694,0.62135977
1716.4191,175.54286,1729.5907,163.87508,0.6734072
1755.4286,175.54286,1768.0206,163.22908,0.4187119
1774.9333,175.54286,1787.1709,164.30362,0.7063583
1794.4381,175.54286,1807.9852,164.42143,0.7813558
1813.9429,175.54286,1826.6625,163.31244,0.58852667
1833.4476,175.54286,1847.3712,163.5067,0.64911544
1852.9524,175.54286,1867.2291,163.41112,0.5564209
1872.4573,175.54286,1886.2639,162.6321,0.29127964
1891.962,175.54286,1905.0409,163.72754,0.6519844
1911.4668,175.54286,1924.6221,164.51416,0.8320383
1930.9716,175.54286,1944.33,164.64583,0.77751315
1950.4763,175.54286,1963.6907,163.11082,0.8664128
1969.9811,175.54286,1983.2705,163.19977,0.3957175
39.009525,195.04762,51.195583,180.41989,0.7351536
58.51429,195.04762,71.76051,178.432,0.954216
78.01905,195.04762,93.030815,180.2272,0.64456534
97.52381,195.04762,111.91438,179.57964,0.6252696
136.53334,195.04762,150.14879,180.21242,0.9921508
156.0381,195.04762,168.55338,180.3506,0.90863264
175.54286,195.04762,187.8671,179.75693,0.9470069
195.04762,195.04762,206.82141,179.85951,0.8981249
214.55238,195.04762,226.47116,179.6762,0.9329807
234.05716,195.04762,246.27759,179.67162,0.936045
253.56192,195.04762,265.6831,179.57872,0.89707243
273.06668,195.04762,285.50735,179.62303,0.702311
292.57144,195.04762,305.42545,180.1029,0.65139014
312.0762,195.04762,327.16254,180.06592,0.41268805
331.58096,195.04762,342.77438,180.16011,0.9322469
351.08572,195.04762,363.36566,180.55634,0.9752304
370.59048,195.04762,383.65573,179.77757,0.9466155
390.09525,195.04762,401.87155,179.73166,0.8869969
409.6,195.04762,420.60138,179.90205,0.8505136
429.10477,195.04762,441.16022,179.47116,0.94824064
448.60953,195.04762,461.16528,179.96098,0.9596918
468.11432,195.04762,480.31155,180.08386,0.94896895
487.61908,195.04762,500.101,180.45918,0.9894431
507.12384,195.04762,518.4458,180.44334,0.98877907
526.6286,195.04762,540.3689,180.41129,0.9439683
546.13336,195.04762,559.75323,180.05452,0.858073
565.6381,195.04762,578.61774,180.65205,0.9311898
585.1429,195.04762,598.59796,180.4845,0.98943794
604.64764,195.04762,617.06976,180.43443,0.97054994
624.1524,195.04762,636.53204,180.69641,0.97887474
643.65717,195.04762,655.813,180.75615,0.9620697
663.1619,195.04762,674.1798,180.40096,0.85895383
682.6667,195.04762,694.9134,180.78185,0.8285872
702.17145,195.04762,714.2291,180.64465,0.9008334
741.18097,195.04762,755.1863,180.02528,0.9848614
760.6857,195.04762,774.0502,180.95395,0.95139855
780.1905,195.04762,792.35095,181.34163,0.8489516
799.69525,195.04762,812.61237,181.03,0.75251526
819.2,195.04762,833.94867,181.73027,0.73984146
838.7048,195.04762,851.84924,181.31096,0.940865
858.20953,195.04762,870.79987,180.69588,0.95016295
877.7143,195.04762,891.2669,180.98653,0.9530424
897.21906,195.04762,909.13116,180.60121,0.961612
916.7238,195.04762,928.9101,180.90685,0.8786291
936.22864,195.04762,948.4605,180.69885,0.6395875
955.7334,195.04762,966.96893,181.0182,0.79596496
975.23816,195.04762,987.8056,180.70477,0.86978245
994.7429,195.04762,1009.3551,181.79265,0.8154214
1014.2477,195.04762,1026.444,181.42867,0.88433784
1033.7524,195.04762,1045.3563,181.46347,0.9700838
1053.2572,195.04762,1065.0923,182.04082,0.8459072
1072.762,195.04762,1084.2125,181.02368,0.9361341
1092.2667,195.04762,1103.5585,181.77202,0.9587678
1111.7715,195.04762,1123.3336,181.69452,0.87775725
1131.2762,195.04762,1143.608,182.05174,0.8800709
1150.781,195.04762,1164.3604,182.0956,0.6468317
1170.2858,195.04762,1182.5153,181.79373,0.6913974
1189.7905,195.04762,1201.8003,181.684,0.93389755
1209.2953,195.04762,1221.4574,181.34085,0.97514945
1228.8,195.04762,1240.6636,182.00027,0.8432809
1248.3048,195.04762,1260.7456,182.2891,0.9669196
1267.8096,195.04762,1279.4875,182.36148,0.87050945
1287.3143,195.04762,1299.2573,181.69542,0.83103275
1306.8191,195.04762,1318.5581,181.68533,0.94919413
1326.3239,195.04762,1340.2981,181.88625,0.9482776
1345.8286,195.04762,1358.8086,181.79895,0.96661973
1365.3334,195.04762,1378.4261,181.86395,0.9763866
1384.8381,195.04762,1396.9397,182.51695,0.9714586
1404.3429,195.04762,1416.6171,182.67616,0.95670027
1423.8477,195.04762,1436.5125,181.73538,0.8754839
1443.3524,195.04762,1455.7587,181.356,0.85447407
1462.8572,195.04762,1474.2704,181.72136,0.7822478
1482.3619,195.04762,1494.9796,183.07385,0.6879737
1501.8667,195.04762,1514.364,182.28615,0.80926013
1521.3715,195.04762,1534.4734,182.94868,0.8139441
1540.8762,195.04762,1552.9473,182.36203,0.77471185
1560.381,195.04762,1572.4683,182.79666,0.9646525
1579.8857,195.04762,1591.582,181.95578,0.92392033
1599.3905,195.04762,1611.1981,182.50012,0.70660305
1618.8953,195.04762,1631.3545,182.50325,0.83919924
1638.4,195.04762,1651.9877,182.30165,0.90377766
1657.9048,195.04762,1670.3217,183.17903,0.7621216
1677.4095,195.04762,1689.8656,183.93988,0.90424013
1696.9143,195.04762,1707.7737,184.36404,0.67709064
1716.4191,195.04762,1728.9631,183.6743,0.70097476
1735.9238,195.04762,1749.1746,182.87729,0.88220936
1755.4286,195.04762,1767.7987,183.28093,0.691035
1774.9333,195.04762,1787.9133,183.16013,0.8147709
1794.4381,195.04762,1807.4797,183.35043,0.892007
1813.9429,195.04762,1827.0771,182.97157,0.6703667
1833.4476,195.04762,1846.1451,182.86624,0.7414829
1852.9524,195.04762,1866.5701,182.38696,0.48337325
1872.4573,195.04762,1885.7252,183.05667,0.25352252
1891.962,195.04762,1905.1523,181.99043,0.561837
1911.4668,195.04762,1925.5392,183.93579,0.93871653
1930.9716,195.04762,1944.0038,183.90599,0.83635724
1950.4763,195.04762,1963.775,182.9828,0.7400747
1969.9811,195.04762,1983.7819,183.68279,0.7519229
39.009525,214.55238,52.049706,199.82776,0.88776124
58.51429,214.55238,73.02335,198.81941,0.8583878
78.01905,214.55238,91.64655,199.09995,0.5299231
136.53334,214.55238,149.80711,199.26308,0.988172
156.0381,214.55238,169.97244,199.28566,0.9906871
175.54286,214.55238,187.41316,199.46852,0.9706579
195.04762,214.55238,206.86026,199.2679,0.94189596
214.55238,214.55238,226.3243,199.2824,0.9758615
234.05716,214.55238,245.49059,199.12788,0.94327015
253.56192,214.55238,266.22766,199.70044,0.856776
273.06668,214.55238,285.5412,200.20605,0.7912931
292.57144,214.55238,305.09903,199.88159,0.8877626
312.0762,214.55238,325.56073,199.92021,0.74208474
331.58096,214.55238,344.12714,200.11208,0.9820647
351.08572,214.55238,363.06992,200.18811,0.97143805
370.59048,214.55238,384.07568,198.82147,0.79649514
390.09525,214.55238,401.96075,199.05357,0.58786166
409.6,214.55238,421.8029,198.94933,0.61603814
429.10477,214.55238,440.99026,199.56972,0.64829713
448.60953,214.55238,460.94177,199.73227,0.90341693
468.11432,214.55238,481.28983,198.9285,0.9358468
487.61908,214.55238,500.6507,200.68506,0.8453318
507.12384,214.55238,519.6096,199.896,0.9640046
526.6286,214.55238,540.6571,200.10406,0.9737502
546.13336,214.55238,560.0684,200.09706,0.9423539
565.6381,214.55238,576.9296,199.9474,0.91779435
585.1429,214.55238,599.0166,199.73402,0.97821444
604.64764,214.55238,616.6292,200.3505,0.9285886
624.1524,214.55238,637.1763,200.10655,0.97295344
643.65717,214.55238,657.01184,200.13977,0.94086045
663.1619,214.55238,674.9854,199.9819,0.87983227
682.6667,214.55238,694.21313,199.99849,0.5248963
702.17145,214.55238,714.1093,200.0342,0.818841
721.6762,214.55238,734.38635,200.06468,0.9118356
741.18097,214.55238,753.12585,200.16005,0.7476682
760.6857,214.55238,773.1832,199.20029,0.9511598
780.1905,214.55238,791.81854,200.51677,0.88382417
799.69525,214.55238,812.1616,200.96071,0.802755
819.2,214.55238,832.09454,201.1379,0.9455306
838.7048,214.55238,851.2631,200.10812,0.95186526
858.20953,214.55238,870.4472,200.2555,0.8523578
877.7143,214.55238,890.08374,200.43796,0.8347087
897.21906,214.55238,908.6477,200.99149,0.7483463
916.7238,214.55238,928.4408,200.43384,0.9119615
936.22864,214.55238,947.8106,200.57333,0.619526
955.7334,214.55238,967.99176,200.10146,0.49484527
975.23816,214.55238,987.1653,200.33914,0.90851676
994.7429,214.55238,1007.06696,200.1399,0.8661918
1014.2477,214.55238,1027.0236,200.95674,0.9486971
1033.7524,214.55238,1046.4897,200.69281,0.9160521
1053.2572,214.55238,1065.829,200.21883,0.9668801
1072.762,214.55238,1084.5271,200.78955,0.9380978
1092.2667,214.55238,1104.4915,200.49565,0.9550707
1111.7715,214.55238,1123.7664,201.11101,0.889132
1131.2762,214.55238,1143.9135,202.25484,0.7396844
1150.781,214.55238,1164.2915,201.68661,0.9411422
1170.2858,214.55238,1182.3069,201.92755,0.9170602
1189.7905,214.55238,1202.5465,202.22853,0.88071126
1209.2953,214.55238,1221.8485,200.3813,0.8193779
1228.8,214.55238,1240.8022,201.65921,0.80966234
1248.3048,214.55238,1260.2422,201.66437,0.96072215
1267.8096,214.55238,1280.2197,202.0514,0.95649487
1287.3143,214.55238,1299.8424,201.82564,0.795095
1306.8191,214.55238,1318.1816,202.45357,0.54947263
1326.3239,214.55238,1338.0181,202.95377,0.9024031
1345.8286,214.55238,1358.3865,201.75949,0.9624182
1365.3334,214.55238,1378.4304,200.69543,0.9521956
1384.8381,214.55238,1398.3284,202.07089,0.9832202
1404.3429,214.55238,1417.4122,201.76276,0.9469307
1423.8477,214.55238,1436.6561,202.92311,0.37897116
1443.3524,214.55238,1455.668,201.9872,0.52223116
1462.8572,214.55238,1475.5779,202.2306,0.38376713
1482.3619,214.55238,1494.2716,202.8098,0.82452846
1501.8667,214.55238,1513.8041,201.8363,0.92011666
1521.3715,214.55238,1534.5554,202.46118,0.6897935
1540.8762,214.55238,1553.8333,202.91808,0.31604627
1560.381,214.55238,1572.387,202.43112,0.28904215
1579.8857,214.55238,1592.8523,202.5527,0.49793822
1599.3905,214.55238,1611.4108,202.38806,0.67787033
1618.8953,214.55238,1631.2251,203.0375,0.3225324
1638.4,214.55238,1650.5396,203.01768,0.7232844
1657.9048,214.55238,1670.5049,203.46042,0.8150179
1677.4095,214.55238,1690.4198,203.37154,0.7696859
1696.9143,214.55238,1709.1396,201.9784,0.47594896
1716.4191,214.55238,1729.9011,201.97684,0.72013915
1735.9238,214.55238,1750.4128,202.0381,0.7220523
1755.4286,214.55238,1768.1295,202.66199,0.73076403
1774.9333,214.55238,1787.527,203.13228,0.63566136
1794.4381,214.55238,1807.4927,203.04863,0.73473084
1813.9429,214.55238,1826.9637,203.22098,0.8479035
1833.4476,214.55238,1846.0834,202.88322,0.8843148
1852.9524,214.55238,1865.1818,201.84799,0.5893549
1872.4573,214.55238,1884.9161,202.14337,0.87018734
1891.962,214.55238,1904.8545,202.99277,0.8863883
1911.4668,214.55238,1925.5449,202.88736,0.7412266
1930.9716,214.55238,1943.8053,203.31206,0.6910033
1950.4763,214.55238,1963.6985,202.7595,0.56367254
1969.9811,214.55238,1982.1605,202.96178,0.66721743
39.009525,234.05716,53.052647,219.0588,0.4201206
58.51429,234.05716,72.63004,218.4801,0.9257542
117.02858,234.05716,130.06784,219.40749,0.7854228
136.53334,234.05716,150.01439,219.10425,0.96604884
156.0381,234.05716,169.13013,218.84106,0.95135885
175.54286,234.05716,189.68059,218.6911,0.9845827
195.04762,234.05716,207.64392,219.30498,0.9612621
214.55238,234.05716,226.16171,218.71008,0.97485924
234.05716,234.05716,245.96805,218.44954,0.9443614
253.56192,234.05716,265.47247,218.76816,0.69807386
273.06668,234.05716,284.73807,218.72218,0.82756263
292.57144,234.05716,303.90417,219.55055,0.784594
312.0762,234.05716,323.56027,219.42871,0.91983557
331.58096,234.05716,343.6773,219.20047,0.98110914
351.08572,234.05716,363.64673,219.65407,0.9681279
370.59048,234.05716,381.96744,219.32863,0.99387383
390.09525,234.05716,401.4334,218.88295,0.9338211
409.6,234.05716,421.89627,218.98068,0.6958224
429.10477,234.05716,441.94705,219.23048,0.61600703
448.60953,234.05716,460.8314,219.6448,0.7634437
468.11432,234.05716,481.01746,219.49393,0.8669967
487.61908,234.05716,500.2836,219.23273,0.8845195
507.12384,234.05716,520.2101,220.18468,0.97276574
526.6286,234.05716,539.8719,219.66711,0.9486773
546.13336,234.05716,561.3339,218.98657,0.9520403
585.1429,234.05716,598.8517,219.48016,0.9463119
604.64764,234.05716,616.31366,219.76352,0.97547203
624.1524,234.05716,638.1739,219.7457,0.9678935
643.65717,234.05716,655.2984,219.74359,0.98299295
663.1619,234.05716,674.48627,219.47058,0.89638746
682.6667,234.05716,693.5685,219.2899,0.50933886
702.17145,234.05716,713.6479,219.91693,0.6547723
721.6762,234.05716,733.6708,219.95836,0.7923904
741.18097,234.05716,753.3341,219.98793,0.8771075
760.6857,234.05716,774.2386,219.90799,0.99047196
780.1905,234.05716,792.3293,219.58672,0.9622138
799.69525,234.05716,812.2067,219.83002,0.9502992
819.2,234.05716,831.5158,219.87328,0.92454326
838.7048,234.05716,851.3372,220.33574,0.86682975
858.20953,234.05716,869.66846,219.61514,0.8398948
877.7143,234.05716,890.4357,219.52248,0.6277947
897.21906,234.05716,909.58307,220.11035,0.550266
916.7238,234.05716,929.1465,219.53806,0.60111755
936.22864,234.05716,948.1597,220.31834,0.8557123
955.7334,234.05716,968.09924,220.16469,0.47165853
975.23816,234.05716,987.85925,220.42252,0.7751134
994.7429,234.05716,1007.1578,220.38423,0.85384715
1014.2477,234.05716,1025.9349,219.9996,0.9421628
1033.7524,234.05716,1046.8206,220.09326,0.6891104
1053.2572,234.05716,1065.7684,220.11581,0.6930325
1072.762,234.05716,1084.7592,220.69899,0.8734948
1092.2667,234.05716,1103.2086,220.05585,0.7443813
1111.7715,234.05716,1124.4437,220.60745,0.834402
1131.2762,234.05716,1143.539,220.30696,0.7567242
1150.781,234.05716,1162.7754,220.44255,0.6102982
1170.2858,234.05716,1181.9996,221.52475,0.8225327
1189.7905,234.05716,1201.0203,221.26547,0.93891025
1209.2953,234.05716,1220.2632,220.72626,0.9782405
1228.8,234.05716,1241.9642,221.42337,0.9104065
1248.3048,234.05716,1260.7201,221.28462,0.89220184
1267.8096,234.05716,1279.6934,221.41484,0.9439939
1287.3143,234.05716,1298.6888,220.73483,0.3822423
1306.8191,234.05716,1318.8641,221.82811,0.6923758
1326.3239,234.05716,1339.146,222.61052,0.79886025
1345.8286,234.05716,1357.6913,222.9954,0.8759007
1365.3334,234.05716,1377.5032,221.47273,0.98645324
1384.8381,234.05716,1398.3645,220.96184,0.96666586
1404.3429,234.05716,1415.5709,221.87706,0.8094558
1423.8477,234.05716,1436.5161,221.64607,0.6173444
1443.3524,234.05716,1455.2312,221.02885,0.40273172
1462.8572,234.05716,1474.3444,221.42482,0.63424355
1482.3619,234.05716,1495.4717,222.18817,0.5875996
1501.8667,234.05716,1514.2108,221.22531,0.88315594
1521.3715,234.05716,1534.1881,222.72449,0.8787989
1540.8762,234.05716,1553.819,221.77202,0.8313592
1560.381,234.05716,1572.3301,222.43108,0.7658806
1579.8857,234.05716,1591.1864,222.11833,0.8674549
1599.3905,234.05716,1611.9951,222.31247,0.60386133
1618.8953,234.05716,1631.0994,222.2499,0.7383067
1638.4,234.05716,1649.9146,222.02554,0.9136648
1657.9048,234.05716,1669.7556,222.33162,0.97777337
1677.4095,234.05716,1689.9281,221.65253,0.8514622
1696.9143,234.05716,1709.0865,222.58919,0.49549252
1716.4191,234.05716,1729.1749,222.13232,0.29726163
1735.9238,234.05716,1750.8962,222.7265,0.5858088
1774.9333,234.05716,1788.554,221.97041,0.3539684
1794.4381,234.05716,1807.0952,222.27094,0.44634822
1813.9429,234.05716,1826.9557,222.16527,0.51055706
1833.4476,234.05716,1846.7053,220.99492,0.9327707
1852.9524,234.05716,1865.4945,221.33032,0.9008626
1872.4573,234.05716,1884.5844,221.0786,0.93126905
1891.962,234.05716,1905.3828,221.9187,0.9792611
1911.4668,234.05716,1924.5862,222.29689,0.72687143
1930.9716,234.05716,1943.4333,222.17406,0.79328567
1950.4763,234.05716,1963.3965,222.1467,0.4952448
1969.9811,234.05716,1983.4277,222.44478,0.70006704
58.51429,253.56192,73.12545,237.9361,0.9174627
78.01905,253.56192,91.90136,238.49632,0.9384994
97.52381,253.56192,110.95594,238.40265,0.8231894
117.02858,253.56192,129.5868,238.14188,0.8314849
136.53334,253.56192,149.44296,239.12144,0.8206538
156.0381,253.56192,167.39651,238.77037,0.9285968
175.54286,253.56192,188.51837,238.06332,0.96407145
195.04762,253.56192,206.41481,238.45258,0.9195747
214.55238,253.56192,227.29202,238.53865,0.9864553
234.05716,253.56192,245.36954,237.73392,0.67368233
253.56192,253.56192,264.97742,237.35176,0.8048107
273.06668,253.56192,284.2405,237.71829,0.9109529
292.57144,253.56192,303.74396,238.23294,0.61515003
312.0762,253.56192,322.98587,238.73482,0.8165074
331.58096,253.56192,342.942,238.51591,0.99034745
351.08572,253.56192,363.83,238.83063,0.9965797
370.59048,253.56192,382.83926,237.77205,0.9861442
390.09525,253.56192,403.56754,238.13097,0.96152043
409.6,253.56192,421.24075,238.59996,0.8535487
429.10477,253.56192,443.3537,238.4053,0.56515574
448.60953,253.56192,461.4412,239.16943,0.65057147
468.11432,253.56192,479.8888,238.62946,0.94196147
487.61908,253.56192,500.1831,238.10721,0.9551547
507.12384,253.56192,519.75665,239.44397,0.7890003
526.6286,253.56192,537.2971,239.40196,0.7578079
546.13336,253.56192,559.93146,239.10347,0.72761464
565.6381,253.56192,579.9333,238.62378,0.8769727
585.1429,253.56192,597.82465,238.87668,0.97563016
604.64764,253.56192,617.6158,238.77733,0.98352593
624.1524,253.56192,637.2934,239.50587,0.9528912
643.65717,253.56192,655.7143,239.01492,0.9079183
663.1619,253.56192,675.8476,239.63521,0.81729287
682.6667,253.56192,693.6295,239.08694,0.615374
702.17145,253.56192,713.5068,238.93312,0.8355732
721.6762,253.56192,734.1032,239.75082,0.9417622
741.18097,253.56192,751.9619,239.17479,0.945541
760.6857,253.56192,774.75366,239.49399,0.9811315
780.1905,253.56192,792.4623,239.25188,0.97173667
799.69525,253.56192,812.9636,238.95538,0.9738244
819.2,253.56192,831.5507,239.31644,0.8588651
838.7048,253.56192,849.89526,239.34221,0.810975
858.20953,253.56192,870.0655,239.67497,0.6636025
877.7143,253.56192,888.6405,239.3714,0.5400832
897.21906,253.56192,908.7821,239.07831,0.8413759
916.7238,253.56192,928.70026,239.17743,0.4562216
936.22864,253.56192,948.6996,239.36427,0.47519773
955.7334,253.56192,967.4889,239.4546,0.4408261
975.23816,253.56192,988.69476,240.02171,0.44894147
994.7429,253.56192,1007.0579,240.01999,0.80315506
1014.2477,253.56192,1025.6467,239.53426,0.8756654
1033.7524,253.56192,1044.8213,240.2069,0.5348274
1072.762,253.56192,1083.1692,239.7093,0.56557554
1092.2667,253.56192,1103.8011,240.15714,0.76610833
1111.7715,253.56192,1124.0719,239.2755,0.45435044
1131.2762,253.56192,1142.6737,239.75082,0.4220824
1150.781,253.56192,1162.241,240.20294,0.6358665
1170.2858,253.56192,1181.6533,239.85672,0.6554769
1189.7905,253.56192,1202.7952,240.26833,0.9349268
1209.2953,253.56192,1220.467,242.18803,0.9609525
1228.8,253.56192,1241.2965,241.61739,0.9188394
1248.3048,253.56192,1261.8156,240.23723,0.91609687
1267.8096,253.56192,1280.1001,240.26535,0.88901865
1287.3143,253.56192,1299.3246,241.6126,0.69573057
1306.8191,253.56192,1319.0027,240.75174,0.8590027
1326.3239,253.56192,1338.5726,240.37708,0.7030683
1345.8286,253.56192,1358.94,241.62912,0.97680134
1365.3334,253.56192,1377.8746,239.79936,0.99427295
1384.8381,253.56192,1398.1499,241.60822,0.9814364
1404.3429,253.56192,1417.502,240.87213,0.65066403
1423.8477,253.56192,1437.0337,240.95667,0.3199973
1443.3524,253.56192,1457.4883,241.27283,0.77758086
1462.8572,253.56192,1474.8137,241.25607,0.91724396
1482.3619,253.56192,1495.2645,240.56952,0.84412444
1501.8667,253.56192,1515.0587,240.80763,0.80707747
1521.3715,253.56192,1534.24,241.34003,0.94446284
1540.8762,253.56192,1552.8176,240.74944,0.93518955
1560.381,253.56192,1572.3735,241.31721,0.7452495
1579.8857,253.56192,1593.3495,241.57565,0.9219108
1599.3905,253.56192,1613.0002,241.43788,0.91178596
1618.8953,253.56192,1632.3508,240.06108,0.9662544
1638.4,253.56192,1652.0563,241.11147,0.9675266
1657.9048,253.56192,1671.6062,240.41663,0.95059913
1677.4095,253.56192,1690.5792,241.4432,0.9680172
1696.9143,253.56192,1710.2465,240.66487,0.88441706
1716.4191,253.56192,1728.6099,241.48781,0.8772542
1735.9238,253.56192,1749.2352,241.52672,0.77386117
1774.9333,253.56192,1789.4231,242.33376,0.5904827
1794.4381,253.56192,1808.4012,242.0782,0.7011131
1813.9429,253.56192,1825.6931,241.86256,0.64157206
1833.4476,253.56192,1845.5957,241.49863,0.60752004
1852.9524,253.56192,1866.2015,241.62927,0.6925723
1872.4573,253.56192,1886.0118,241.90202,0.9401709
1891.962,253.56192,1905.3972,242.37439,0.7323883
1911.4668,253.56192,1924.7637,242.07925,0.7148454
1930.9716,253.56192,1944.5575,242.31906,0.94192475
1950.4763,253.56192,1963.4242,241.4892,0.81920606
1969.9811,253.56192,1983.3236,241.87184,0.81921476
39.009525,273.06668,51.127003,257.781,0.23642902
58.51429,273.06668,69.9678,257.2185,0.8235209
78.01905,273.06668,89.959816,258.14587,0.93791604
97.52381,273.06668,109.845985,258.4524,0.6677729
117.02858,273.06668,129.01714,257.50293,0.7454228
136.53334,273.06668,150.02013,257.25378,0.7918477
156.0381,273.06668,168.55196,257.90668,0.8688807
175.54286,273.06668,187.66255,257.4807,0.7037803
195.04762,273.06668,205.98233,257.87762,0.76442087
214.55238,273.06668,226.63286,258.5249,0.96659565
234.05716,273.06668,246.75275,257.36774,0.8269615
253.56192,273.06668,264.8584,257.99814,0.69845885
273.06668,273.06668,283.9185,257.82684,0.5803709
292.57144,273.06668,304.44736,258.18405,0.6652987
312.0762,273.06668,325.03928,257.8474,0.8363165
331.58096,273.06668,342.93085,258.03226,0.9386197
351.08572,273.06668,363.6448,258.2729,0.9939382
370.59048,273.06668,382.67136,258.31418,0.98219913
390.09525,273.06668,403.17996,257.82828,0.8792715
409.6,273.06668,422.0101,258.69836,0.77704954
429.10477,273.06668,440.45236,258.4037,0.80406207
448.60953,273.06668,460.25824,258.0057,0.9302914
468.11432,273.06668,481.33035,257.60538,0.9596514
487.61908,273.06668,499.7922,258.10663,0.7998947
507.12384,273.06668,518.2243,258.5574,0.4836528
526.6286,273.06668,538.98254,257.97885,0.64489394
546.13336,273.06668,559.90533,257.16782,0.52166045
565.6381,273.06668,578.28754,257.72385,0.67366356
585.1429,273.06668,597.08215,258.08044,0.91222084
604.64764,273.06668,617.7028,258.66614,0.9811009
624.1524,273.06668,637.25323,258.46768,0.6851382
643.65717,273.06668,657.6107,258.66656,0.7984858
663.1619,273.06668,676.7781,258.53262,0.72651035
682.6667,273.06668,695.0416,258.45642,0.68251413
702.17145,273.06668,713.8473,258.5699,0.6670586
721.6762,273.06668,733.4696,259.148,0.5670359
741.18097,273.06668,753.23834,258.35767,0.93538034
760.6857,273.06668,772.7913,258.58734,0.9712575
780.1905,273.06668,792.6398,258.53964,0.973875
799.69525,273.06668,812.8996,258.92834,0.990351
819.2,273.06668,830.7713,258.96356,0.932939
838.7048,273.06668,851.44604,259.6677,0.6826826
858.20953,273.06668,869.68494,258.76334,0.5673394
877.7143,273.06668,889.308,259.6094,0.8355534
897.21906,273.06668,909.0833,258.7556,0.9216608
916.7238,273.06668,930.0892,259.9123,0.66132927
936.22864,273.06668,949.78046,259.78036,0.71216094
955.7334,273.06668,967.9235,259.20166,0.7387048
975.23816,273.06668,987.5637,259.53293,0.88969606
994.7429,273.06668,1006.5783,259.50424,0.55997777
1014.2477,273.06668,1025.6589,259.0317,0.3156855
1033.7524,273.06668,1044.4069,259.26254,0.42702127
1072.762,273.06668,1084.5955,258.8487,0.7943038
1092.2667,273.06668,1104.5182,260.38074,0.782959
1111.7715,273.06668,1124.1335,259.71066,0.46987286
1131.2762,273.06668,1142.551,260.01013,0.627585
1150.781,273.06668,1162.3827,260.7656,0.79278845
1170.2858,273.06668,1183.3358,260.74026,0.9337436
1189.7905,273.06668,1201.2448,260.23328,0.9529289
1209.2953,273.06668,1221.3245,260.86465,0.90250784
1228.8,273.06668,1240.7097,260.11673,0.9155324
1248.3048,273.06668,1260.6351,260.55377,0.9283565
1267.8096,273.06668,1280.0203,260.35452,0.8911968
1287.3143,273.06668,1300.7302,259.0148,0.92281306
1306.8191,273.06668,1319.0741,259.61823,0.8709975
1326.3239,273.06668,1338.9484,260.3487,0.938624
1345.8286,273.06668,1358.3495,259.4245,0.989369
1365.3334,273.06668,1378.0299,259.1333,0.9931508
1384.8381,273.06668,1398.1084,261.08328,0.90268266
1404.3429,273.06668,1417.747,260.74512,0.70936346
1423.8477,273.06668,1435.5718,261.7124,0.27975208
1443.3524,273.06668,1457.7275,259.9864,0.59921163
1462.8572,273.06668,1476.4362,260.30493,0.9065037
1482.3619,273.06668,1494.3695,259.84314,0.90233207
1501.8667,273.06668,1514.3562,260.68344,0.9230925
1521.3715,273.06668,1534.0669,259.739,0.9739284
1540.8762,273.06668,1552.8447,261.09695,0.92335117
1560.381,273.06668,1573.6691,260.41733,0.9687928
1579.8857,273.06668,1593.3143,260.34848,0.98269373
1599.3905,273.06668,1611.6776,261.6569,0.9782733
1618.8953,273.06668,1632.7063,260.61615,0.952859
1638.4,273.06668,1652.7782,260.8692,0.93768716
1657.9048,273.06668,1672.0776,261.54126,0.9619334
1677.4095,273.06668,1691.6954,260.89954,0.91363513
1696.9143,273.06668,1709.7505,261.48013,0.80220103
1716.4191,273.06668,1729.8699,260.6651,0.8357273
1735.9238,273.06668,1748.9349,261.0688,0.4013295
1755.4286,273.06668,1770.0796,260.16235,0.4576114
1774.9333,273.06668,1788.6866,262.85287,0.3845454
1794.4381,273.06668,1807.131,261.30554,0.5607397
1813.9429,273.06668,1826.5538,261.71603,0.44253036
1833.4476,273.06668,1845.4639,262.11743,0.6717686
1852.9524,273.06668,1864.8987,262.00967,0.8285281
1872.4573,273.06668,1885.412,261.91986,0.47542712
1891.962,273.06668,1904.48,261.63367,0.7326551
1911.4668,273.06668,1924.4021,261.22562,0.6718533
1930.9716,273.06668,1944.2932,262.23962,0.8638622
1950.4763,273.06668,1963.745,262.45016,0.8526517
1969.9811,273.06668,1982.7427,262.22247,0.75809544
39.009525,292.57144,49.92925,277.10013,0.59354144
58.51429,292.57144,70.5789,277.33038,0.5229591
78.01905,292.57144,90.457726,276.9518,0.95382714
97.52381,292.57144,109.18654,277.54553,0.9000409
117.02858,292.57144,130.23701,276.62155,0.88342565
156.0381,292.57144,169.00488,277.27774,0.83436316
175.54286,292.57144,188.31857,278.05194,0.88427603
195.04762,292.57144,206.35793,276.6711,0.8715946
214.55238,292.57144,225.354,277.74194,0.9494541
234.05716,292.57144,245.67941,276.92728,0.7456612
253.56192,292.57144,264.69482,276.6171,0.6559746
273.06668,292.57144,284.62582,276.76367,0.82702136
292.57144,292.57144,303.37314,277.41776,0.8307637
312.0762,292.57144,323.45154,276.93698,0.8060171
331.58096,292.57144,343.6102,277.13525,0.9037959
351.08572,292.57144,364.3204,277.39417,0.9919053
370.59048,292.57144,383.51895,277.34927,0.98111254
390.09525,292.57144,403.85944,277.69073,0.95765233
409.6,292.57144,421.26273,277.82492,0.93173975
429.10477,292.57144,440.7226,277.63297,0.84134483
448.60953,292.57144,460.33728,277.21014,0.9876292
468.11432,292.57144,481.9296,277.8784,0.9788566
487.61908,292.57144,499.28375,278.15723,0.74802846
507.12384,292.57144,519.2883,278.12976,0.38800955
526.6286,292.57144,538.03046,278.03644,0.5555485
546.13336,292.57144,557.8652,277.97336,0.7349511
565.6381,292.57144,579.4351,278.47156,0.6484056
585.1429,292.57144,598.12775,277.1958,0.9644688
604.64764,292.57144,617.3812,277.7964,0.96530336
624.1524,292.57144,637.2325,278.4228,0.8295306
643.65717,292.57144,655.8451,277.9023,0.84536034
663.1619,292.57144,674.835,277.9468,0.7919969
682.6667,292.57144,695.602,278.1288,0.48415402
721.6762,292.57144,733.9006,278.01392,0.31201324
741.18097,292.57144,752.2221,278.7868,0.7083593
760.6857,292.57144,773.3461,277.8619,0.9714428
780.1905,292.57144,792.8594,278.46103,0.99299425
799.69525,292.57144,812.9444,278.27835,0.9447241
819.2,292.57144,831.5223,278.80795,0.97137356
838.7048,292.57144,851.0344,278.23288,0.7620122
858.20953,292.57144,868.9406,279.73596,0.60833776
877.7143,292.57144,890.2403,278.43253,0.8721494
897.21906,292.57144,910.33887,278.76376,0.7992032
916.7238,292.57144,930.1395,278.6272,0.72116274
936.22864,292.57144,949.06415,278.60165,0.89609504
955.7334,292.57144,967.4186,279.10376,0.875161
975.23816,292.57144,986.3245,278.55368,0.8771358
994.7429,292.57144,1008.02264,278.64197,0.6201244
1014.2477,292.57144,1026.4473,279.16516,0.55617094
1033.7524,292.57144,1045.5219,278.6031,0.6973567
1053.2572,292.57144,1065.9902,278.43265,0.7040086
1072.762,292.57144,1085.501,279.33508,0.7868461
1092.2667,292.57144,1104.6685,279.7077,0.3986562
1111.7715,292.57144,1122.9335,278.9998,0.68948984
1131.2762,292.57144,1143.8344,278.54437,0.7896064
1150.781,292.57144,1163.5223,278.93478,0.92233413
1170.2858,292.57144,1182.6531,280.44708,0.964514
1189.7905,292.57144,1200.9229,279.93936,0.92419463
1209.2953,292.57144,1220.4751,279.9217,0.8181989
1228.8,292.57144,1241.1449,279.0637,0.88313097
1248.3048,292.57144,1261.1368,279.59534,0.98660254
1267.8096,292.57144,1281.7455,280.42725,0.9837283
1287.3143,292.57144,1300.2621,280.15793,0.88675934
1306.8191,292.57144,1317.8213,280.06656,0.809516
1326.3239,292.57144,1337.839,279.81863,0.83702016
1345.8286,292.57144,1357.2838,280.02493,0.99270236
1365.3334,292.57144,1377.4727,279.85623,0.9675857
1384.8381,292.57144,1398.7438,279.42325,0.9155705
1404.3429,292.57144,1416.2646,280.8932,0.6615014
1423.8477,292.57144,1436.2028,280.03528,0.6952601
1443.3524,292.57144,1455.6935,281.01547,0.58196205
1462.8572,292.57144,1474.9596,281.06598,0.7285362
1482.3619,292.57144,1495.1304,280.0595,0.9780731
1501.8667,292.57144,1513.827,280.69473,0.9445691
1521.3715,292.57144,1533.3986,279.0181,0.7483142
1540.8762,292.57144,1553.8691,279.99332,0.7762639
1560.381,292.57144,1573.815,280.2098,0.8073817
1579.8857,292.57144,1593.1641,280.64682,0.9822188
1599.3905,292.57144,1612.845,280.2189,0.9638756
1618.8953,292.57144,1632.2513,280.38025,0.97127366
1638.4,292.57144,1651.4459,280.58405,0.91590714
1657.9048,292.57144,1671.1962,280.76157,0.81771034
1677.4095,292.57144,1690.1852,279.43115,0.8506442
1696.9143,292.57144,1710.5392,280.46228,0.768375
1716.4191,292.57144,1729.0685,280.15674,0.8472236
1735.9238,292.57144,1747.821,279.1914,0.7879156
1755.4286,292.57144,1770.2058,281.3026,0.5595646
1774.9333,292.57144,1788.3055,280.70294,0.23170774
1794.4381,292.57144,1807.3868,280.59393,0.32095358
1813.9429,292.57144,1827.5525,281.89655,0.5824886
1833.4476,292.57144,1845.9551,281.42194,0.3142518
1852.9524,292.57144,1866.0505,281.43903,0.70153165
1872.4573,292.57144,1885.4956,281.20306,0.93718475
1891.962,292.57144,1904.3314,281.5303,0.8744248
1911.4668,292.57144,1923.502,281.46317,0.42959473
1930.9716,292.57144,1943.8843,281.51425,0.82769316
1950.4763,292.57144,1964.224,281.16006,0.83349955
1969.9811,292.57144,1983.4012,281.48978,0.69757134
58.51429,312.0762,70.46687,296.72165,0.5122773
78.01905,312.0762,89.775246,296.85385,0.92728984
97.52381,312.0762,109.55633,296.2338,0.8962786
117.02858,312.0762,129.21764,296.37186,0.9453575
136.53334,312.0762,149.65347,296.9447,0.9433388
156.0381,312.0762,168.33473,296.70993,0.92979103
175.54286,312.0762,187.69765,296.6538,0.9778254
195.04762,312.0762,208.47328,295.89008,0.9840895
214.55238,312.0762,225.94093,297.134,0.9822228
234.05716,312.0762,245.63551,296.53708,0.9317893
253.56192,312.0762,264.88333,297.2206,0.85532004
273.06668,312.0762,284.8199,297.19342,0.6920016
292.57144,312.0762,304.01944,297.0467,0.7022503
312.0762,312.0762,324.3833,297.2821,0.7600375
331.58096,312.0762,344.5172,296.62265,0.96160334
351.08572,312.0762,363.85483,297.32736,0.9917078
370.59048,312.0762,384.1266,297.499,0.9719455
409.6,312.0762,422.4604,297.16412,0.94331294
429.10477,312.0762,442.6304,296.98428,0.9684548
448.60953,312.0762,461.7041,296.58246,0.9738914
468.11432,312.0762,481.24625,297.6575,0.89951396
487.61908,312.0762,501.01318,298.0363,0.9510064
507.12384,312.0762,519.67633,297.85248,0.9381316
526.6286,312.0762,539.1056,297.70322,0.4022999
546.13336,312.0762,558.399,297.42108,0.5926661
565.6381,312.0762,579.4644,296.72833,0.9650668
585.1429,312.0762,597.3157,297.82297,0.9270183
604.64764,312.0762,616.7752,297.31506,0.87086046
624.1524,312.0762,636.32434,298.14578,0.66207254
721.6762,312.0762,733.93036,298.1815,0.33792445
741.18097,312.0762,754.6031,298.2591,0.65056336
760.6857,312.0762,772.67944,297.20786,0.8543777
780.1905,312.0762,793.7831,297.66467,0.9743087
799.69525,312.0762,813.1309,297.51,0.9732781
819.2,312.0762,831.38416,297.8246,0.8795147
838.7048,312.0762,851.03925,297.85364,0.9653778
858.20953,312.0762,870.5994,298.66483,0.9805119
877.7143,312.0762,889.89307,296.97382,0.9560919
897.21906,312.0762,908.77136,297.64896,0.73936754
916.7238,312.0762,931.3135,297.7551,0.9194532
936.22864,312.0762,950.6419,297.15027,0.947273
955.7334,312.0762,968.3129,297.8425,0.9589783
975.23816,312.0762,986.517,298.06274,0.8431995
994.7429,312.0762,1006.5919,297.9444,0.7862805
1014.2477,312.0762,1025.6097,298.3337,0.49505305
1033.7524,312.0762,1045.1537,298.49866,0.70001346
1053.2572,312.0762,1065.2244,298.82507,0.82626086
1072.762,312.0762,1084.0536,297.86526,0.87889606
1092.2667,312.0762,1103.9492,297.6442,0.87499106
1111.7715,312.0762,1124.0281,298.69528,0.9405613
1131.2762,312.0762,1144.5525,298.64136,0.9242746
1150.781,312.0762,1163.7334,299.06885,0.9604453
1170.2858,312.0762,1182.8628,299.40192,0.9811991
1189.7905,312.0762,1200.9772,298.64386,0.2902033
1209.2953,312.0762,1220.9741,300.42474,0.42728227
1228.8,312.0762,1240.6511,299.0095,0.8729499
1248.3048,312.0762,1260.3271,299.36444,0.9638719
1267.8096,312.0762,1280.9309,299.38028,0.89482206
1287.3143,312.0762,1298.4656,299.5178,0.7257233
1306.8191,312.0762,1318.8892,299.78424,0.9244331
1326.3239,312.0762,1338.8693,299.72263,0.7873679
1345.8286,312.0762,1358.0187,300.00357,0.6980281
1365.3334,312.0762,1377.9282,299.39374,0.9754262
1384.8381,312.0762,1397.421,299.05347,0.86645585
1404.3429,312.0762,1416.1134,299.85815,0.75000435
1423.8477,312.0762,1437.2474,299.49338,0.89596575
1443.3524,312.0762,1456.747,299.3143,0.9244606
1462.8572,312.0762,1476.4667,300.83218,0.8928618
1482.3619,312.0762,1495.553,299.64203,0.96502453
1501.8667,312.0762,1514.7178,300.41306,0.9585046
1521.3715,312.0762,1533.6661,300.36392,0.84792376
1540.8762,312.0762,1552.9596,299.2248,0.72252625
1560.381,312.0762,1572.4147,299.0124,0.94575185
1579.8857,312.0762,1592.5642,299.98502,0.9606355
1599.3905,312.0762,1611.4187,300.16782,0.93353635
1618.8953,312.0762,1630.7776,300.5415,0.63605446
1638.4,312.0762,1650.3872,300.02438,0.6728117
1657.9048,312.0762,1670.3657,299.68878,0.8535079
1677.4095,312.0762,1690.2966,300.16312,0.98794967
1696.9143,312.0762,1710.9214,300.019,0.9888078
1716.4191,312.0762,1729.7448,299.28604,0.7804552
1735.9238,312.0762,1748.9697,299.917,0.48712355
1755.4286,312.0762,1768.8154,300.40924,0.56038743
1774.9333,312.0762,1787.207,300.462,0.65248835
1794.4381,312.0762,1808.1593,300.0029,0.35123625
1833.4476,312.0762,1847.5236,299.94687,0.24807268
1852.9524,312.0762,1866.6971,299.97122,0.6433487
1872.4573,312.0762,1886.0667,299.66687,0.7563263
1891.962,312.0762,1905.7943,299.5076,0.8206368
1911.4668,312.0762,1924.2455,300.92053,0.3007217
1930.9716,312.0762,1944.1755,300.97647,0.7353693
1950.4763,312.0762,1963.4166,300.60843,0.8681615
1969.9811,312.0762,1982.7897,299.299,0.42863277
58.51429,331.58096,70.796425,315.88068,0.5728591
78.01905,331.58096,89.75265,316.47662,0.9475429
97.52381,331.58096,110.95906,316.69122,0.89043695
117.02858,331.58096,128.98741,315.92404,0.7799963
136.53334,331.58096,148.72954,316.22266,0.90673715
156.0381,331.58096,168.70345,316.2296,0.9367923
175.54286,331.58096,186.99846,316.4429,0.9419192
195.04762,331.58096,207.26031,316.87714,0.9740069
214.55238,331.58096,228.23218,316.3084,0.9415578
234.05716,331.58096,246.56992,316.91135,0.94709957
253.56192,331.58096,266.0289,316.71457,0.9201756
273.06668,331.58096,285.42484,316.28223,0.9243806
292.57144,331.58096,304.13654,316.50635,0.78354686
312.0762,331.58096,323.91208,317.21765,0.9496098
331.58096,331.58096,343.83252,316.8529,0.9184286
351.08572,331.58096,362.77917,316.34662,0.97700197
370.59048,331.58096,382.62164,316.9872,0.9160838
390.09525,331.58096,403.77185,316.9939,0.96103114
409.6,331.58096,422.00455,316.93088,0.9795238
429.10477,331.58096,443.52432,316.723,0.98381466
448.60953,331.58096,460.68634,316.85535,0.95406127
468.11432,331.58096,479.85828,316.70032,0.865075
487.61908,331.58096,500.57175,317.23175,0.9260452
507.12384,331.58096,519.49243,316.79407,0.8466833
526.6286,331.58096,539.8599,316.95392,0.8795729
546.13336,331.58096,559.1476,316.89844,0.9272809
565.6381,331.58096,578.0614,316.015,0.9932634
585.1429,331.58096,596.6104,317.05905,0.9277567
604.64764,331.58096,616.8188,317.3512,0.94404876
624.1524,331.58096,636.80804,317.2542,0.6171693
643.65717,331.58096,657.41315,317.03525,0.7793233
663.1619,331.58096,676.40674,317.7731,0.49105778
760.6857,331.58096,772.99286,317.21655,0.65215045
780.1905,331.58096,792.14655,316.65353,0.8248592
799.69525,331.58096,811.7475,316.8829,0.94608796
819.2,331.58096,830.2303,317.09256,0.95480835
838.7048,331.58096,850.9824,317.31772,0.97990924
858.20953,331.58096,871.29944,316.80988,0.9937292
877.7143,331.58096,890.1045,317.01035,0.9830285
897.21906,331.58096,909.7245,317.1676,0.82467145
916.7238,331.58096,928.7751,318.00552,0.7270465
955.7334,331.58096,967.9542,317.782,0.92851144
975.23816,331.58096,987.66876,317.70642,0.98148966
994.7429,331.58096,1006.6482,317.0606,0.90501857
1014.2477,331.58096,1025.8119,317.40063,0.63282865
1033.7524,331.58096,1044.957,317.36954,0.46181744
1053.2572,331.58096,1065.97,318.22443,0.39688054
1072.762,331.58096,1084.7129,317.96783,0.87542516
1092.2667,331.58096,1104.6696,317.20413,0.9520616
1111.7715,331.58096,1124.5665,319.0407,0.8184992
1131.2762,331.58096,1144.9655,318.00372,0.93806845
1150.781,331.58096,1164.1427,317.53,0.6556237
1170.2858,331.58096,1183.3923,318.25522,0.9621752
1189.7905,331.58096,1201.2963,319.20908,0.82542247
1209.2953,331.58096,1220.7592,319.03488,0.5051758
1228.8,331.58096,1240.8379,319.38452,0.92756885
1248.3048,331.58096,1261.148,318.43478,0.90916073
1267.8096,331.58096,1281.7289,319.59348,0.9017406
1287.3143,331.58096,1299.3665,318.10443,0.79287505
1306.8191,331.58096,1319.3213,318.25046,0.7101109
1326.3239,331.58096,1338.2604,318.3694,0.23641987
1365.3334,331.58096,1378.2764,320.5073,0.8319841
1384.8381,331.58096,1396.957,318.41638,0.9013456
1404.3429,331.58096,1415.9688,317.90485,0.9041042
1423.8477,331.58096,1435.9794,318.3882,0.87467176
1443.3524,331.58096,1455.4012,319.17358,0.8072278
1462.8572,331.58096,1475.5056,320.2099,0.7149388
1482.3619,331.58096,1494.9663,319.20917,0.96031207
1501.8667,331.58096,1513.9762,319.8799,0.9244789
1521.3715,331.58096,1533.7131,319.72052,0.7978971
1540.8762,331.58096,1554.3882,319.2923,0.82706046
1560.381,331.58096,1574.065,318.9468,0.8652
1579.8857,331.58096,1592.3243,319.74704,0.84644526
1599.3905,331.58096,1611.9822,319.19748,0.520763
1618.8953,331.58096,1631.8025,319.22894,0.39049497
1638.4,331.58096,1652.238,319.1757,0.62025297
1657.9048,331.58096,1669.8192,318.80487,0.7212179
1677.4095,331.58096,1691.0175,319.18918,0.9324875
1696.9143,331.58096,1711.8031,317.64496,0.948589
1735.9238,331.58096,1748.0425,318.84003,0.5680945
1755.4286,331.58096,1768.7869,319.6326,0.82793206
1774.9333,331.58096,1789.4781,318.79663,0.65522015
1794.4381,331.58096,1808.134,318.64844,0.26409045
1833.4476,331.58096,1847.3868,320.06808,0.47641626
1852.9524,331.58096,1866.0142,320.73035,0.8452596
1872.4573,331.58096,1885.0682,319.33755,0.51111525
1891.962,331.58096,1905.5016,320.79727,0.37989032
1930.9716,331.58096,1944.0533,320.79086,0.5771801
1950.4763,331.58096,1963.5186,320.98572,0.7911844
1969.9811,331.58096,1983.4845,320.6936,0.3770927
39.009525,351.08572,53.44972,336.1355,0.35703036
58.51429,351.08572,71.4232,336.00864,0.59702164
78.01905,351.08572,90.561424,335.4098,0.93126965
97.52381,351.08572,110.3617,335.6063,0.9425527
117.02858,351.08572,128.43878,335.29218,0.9204709
136.53334,351.08572,147.98247,335.55753,0.9541192
156.0381,351.08572,167.45428,335.80994,0.82037926
175.54286,351.08572,186.53027,336.30847,0.89574796
195.04762,351.08572,207.25996,335.9435,0.9543095
214.55238,351.08572,229.41501,335.67993,0.99492174
234.05716,351.08572,246.86482,336.1163,0.91462743
253.56192,351.08572,265.44205,335.5881,0.8848669
273.06668,351.08572,284.55197,336.02933,0.63148254
292.57144,351.08572,305.4683,336.30978,0.5909891
312.0762,351.08572,324.38815,336.25525,0.8851705
331.58096,351.08572,344.2515,336.29514,0.8784076
351.08572,351.08572,363.62277,336.491,0.9616951
370.59048,351.08572,382.72226,336.27774,0.90314776
390.09525,351.08572,403.02014,336.06543,0.9413639
409.6,351.08572,423.9948,335.42587,0.9817773
429.10477,351.08572,441.46512,336.11597,0.9752421
448.60953,351.08572,460.74243,336.58194,0.9783353
468.11432,351.08572,479.8886,336.09543,0.90986466
487.61908,351.08572,498.916,336.69632,0.9094398
507.12384,351.08572,519.49146,336.6859,0.954476
526.6286,351.08572,538.4012,336.33005,0.9256985
546.13336,351.08572,557.3143,337.03003,0.94053096
565.6381,351.08572,577.2896,336.4972,0.963225
585.1429,351.08572,597.3282,337.0619,0.96643305
604.64764,351.08572,617.7471,336.7673,0.96094596
624.1524,351.08572,636.4608,336.9779,0.97429603
643.65717,351.08572,656.24243,337.19308,0.80591166
663.1619,351.08572,676.26105,337.77078,0.53516704
741.18097,351.08572,753.34186,336.83624,0.66602814
760.6857,351.08572,772.70605,336.47195,0.6719394
780.1905,351.08572,791.55817,336.48294,0.67799085
799.69525,351.08572,812.2598,336.8529,0.96399415
819.2,351.08572,832.97534,337.0575,0.99592274
838.7048,351.08572,852.52094,336.99072,0.9967893
858.20953,351.08572,871.7841,336.31845,0.9874509
877.7143,351.08572,889.5354,336.71735,0.9820581
897.21906,351.08572,910.6456,336.95905,0.93587536
916.7238,351.08572,928.92096,336.63956,0.6596544
936.22864,351.08572,947.6179,336.6552,0.6622366
955.7334,351.08572,967.9778,336.54416,0.9577297
975.23816,351.08572,986.6782,336.79614,0.97573966
994.7429,351.08572,1006.3058,337.35864,0.93652564
1014.2477,351.08572,1026.5734,337.47644,0.8489234
1033.7524,351.08572,1044.6746,337.7651,0.58025086
1053.2572,351.08572,1065.0323,337.7324,0.54508567
1072.762,351.08572,1085.74,337.4461,0.7621886
1092.2667,351.08572,1105.7715,337.22363,0.93485427
1111.7715,351.08572,1123.4551,338.00027,0.8698484
1131.2762,351.08572,1143.6514,337.2581,0.9564723
1150.781,351.08572,1162.42,336.88254,0.7332942
1170.2858,351.08572,1182.2643,337.87466,0.95474404
1189.7905,351.08572,1202.0459,338.41632,0.7072106
1209.2953,351.08572,1220.9894,337.87015,0.59437954
1228.8,351.08572,1241.1956,338.11118,0.90886205
1248.3048,351.08572,1260.1221,338.862,0.6266054
1267.8096,351.08572,1279.6437,338.75995,0.854154
1287.3143,351.08572,1300.627,338.42545,0.7854892
1306.8191,351.08572,1319.0433,337.2948,0.81074363
1326.3239,351.08572,1338.1667,338.36676,0.49836937
1345.8286,351.08572,1357.4574,337.86096,0.51595443
1365.3334,351.08572,1379.5542,339.3452,0.8783731
1384.8381,351.08572,1396.3585,337.99615,0.875973
1404.3429,351.08572,1415.8945,337.94406,0.6439004
1423.8477,351.08572,1436.4072,339.31985,0.8635066
1443.3524,351.08572,1455.5709,339.5313,0.68638104
1462.8572,351.08572,1474.8118,339.09308,0.50253403
1482.3619,351.08572,1493.8195,339.3705,0.66478693
1501.8667,351.08572,1514.2136,338.9111,0.70416033
1521.3715,351.08572,1534.1857,339.22644,0.7338507
1540.8762,351.08572,1553.1874,338.38647,0.7409787
1560.381,351.08572,1571.9904,337.24277,0.6688542
1579.8857,351.08572,1592.5614,339.34402,0.2547894
1599.3905,351.08572,1611.0459,338.0253,0.39376312
1618.8953,351.08572,1632.0009,338.7422,0.7401814
1638.4,351.08572,1652.3278,338.8116,0.84618425
1657.9048,351.08572,1670.4927,339.04916,0.9096943
1677.4095,351.08572,1690.8997,338.5692,0.9628982
1696.9143,351.08572,1710.5887,338.5753,0.9627864
1735.9238,351.08572,1750.1906,338.07443,0.674701
1755.4286,351.08572,1768.6929,338.65057,0.7158285
1774.9333,351.08572,1790.0485,340.31467,0.7419493
1794.4381,351.08572,1809.4572,339.97244,0.202229
1813.9429,351.08572,1827.4805,339.51862,0.25352386
1833.4476,351.08572,1847.766,339.5281,0.5731088
1852.9524,351.08572,1866.962,339.62408,0.87772375
1872.4573,351.08572,1885.8174,339.72003,0.8757015
1891.962,351.08572,1905.1459,339.81534,0.4043903
1911.4668,351.08572,1925.1832,340.30847,0.77115595
1930.9716,351.08572,1943.6445,339.40823,0.4556325
1950.4763,351.08572,1963.7924,339.98602,0.31931207
39.009525,370.59048,52.157066,354.83252,0.44529757
58.51429,370.59048,70.738,354.58475,0.88190204
78.01905,370.59048,89.93317,355.8529,0.9468114
97.52381,370.59048,109.69954,355.2121,0.92109185
117.02858,370.59048,128.9352,355.1755,0.82983875
136.53334,370.59048,148.2455,355.6134,0.7823402
156.0381,370.59048,168.14142,355.48273,0.77061
175.54286,370.59048,188.37683,354.55502,0.56943065
195.04762,370.59048,207.44896,355.90277,0.8791619
214.55238,370.59048,227.30264,355.1734,0.9682561
234.05716,370.59048,247.00584,356.129,0.9334109
253.56192,370.59048,265.58533,354.9794,0.6431966
273.06668,370.59048,284.63376,355.70984,0.6471448
292.57144,370.59048,304.53412,355.81738,0.9333117
312.0762,370.59048,326.10858,354.94577,0.9230703
331.58096,370.59048,345.27603,355.89832,0.90538853
351.08572,370.59048,365.45917,355.56033,0.9104142
370.59048,370.59048,383.14273,355.92908,0.9271893
390.09525,370.59048,403.28033,355.983,0.9819363
409.6,370.59048,424.1287,355.50983,0.97831976
429.10477,370.59048,440.7825,355.73114,0.9839036
448.60953,370.59048,461.52576,356.1163,0.9732644
468.11432,370.59048,480.7245,355.4848,0.94897985
487.61908,370.59048,499.12192,356.00476,0.7236083
507.12384,370.59048,519.734,356.3291,0.8843274
526.6286,370.59048,538.9917,355.77713,0.8600291
546.13336,370.59048,557.47925,355.8235,0.87075406
565.6381,370.59048,578.0099,355.47928,0.9770468
585.1429,370.59048,597.999,356.5539,0.9888595
604.64764,370.59048,616.7548,356.6783,0.9947445
624.1524,370.59048,637.01556,356.05856,0.99541974
643.65717,370.59048,656.78143,356.34958,0.9674893
663.1619,370.59048,675.9445,355.95337,0.6812599
682.6667,370.59048,694.8147,356.12082,0.7469526
702.17145,370.59048,714.79376,356.46277,0.6630831
721.6762,370.59048,733.3803,357.00317,0.6593478
741.18097,370.59048,753.0546,355.84705,0.7949589
760.6857,370.59048,772.25024,356.2668,0.948776
780.1905,370.59048,791.76086,355.98892,0.92857885
799.69525,370.59048,811.8571,356.02454,0.97082895
819.2,370.59048,833.4694,356.39346,0.9935737
838.7048,370.59048,851.87305,356.00293,0.99567026
858.20953,370.59048,871.044,356.3335,0.98867315
877.7143,370.59048,889.0203,356.49875,0.9235529
897.21906,370.59048,909.0084,356.2877,0.9633621
916.7238,370.59048,929.81433,356.33282,0.7424136
936.22864,370.59048,948.72845,357.50946,0.77414674
955.7334,370.59048,968.596,356.35834,0.9389188
975.23816,370.59048,986.5458,356.30093,0.9577665
994.7429,370.59048,1006.54193,356.81076,0.93666255
1014.2477,370.59048,1026.8818,356.66946,0.9807481
1033.7524,370.59048,1045.3375,357.2543,0.7499962
1053.2572,370.59048,1066.0966,356.75922,0.7985697
1072.762,370.59048,1085.0107,357.0022,0.94811875
1092.2667,370.59048,1105.4131,356.95447,0.90411645
1111.7715,370.59048,1123.1959,358.19522,0.94850165
1131.2762,370.59048,1142.461,358.81854,0.9330443
1150.781,370.59048,1163.5217,357.03406,0.88485426
1170.2858,370.59048,1183.1061,357.4294,0.7554781
1189.7905,370.59048,1201.7299,357.82602,0.21865831
1209.2953,370.59048,1220.6581,356.60303,0.34473482
1228.8,370.59048,1241.3445,356.99396,0.30469078
1248.3048,370.59048,1261.4719,358.2201,0.9215978
1267.8096,370.59048,1279.9413,358.70633,0.7720673
1287.3143,370.59048,1299.8606,357.8693,0.8489116
1306.8191,370.59048,1319.1692,357.52774,0.76772445
1326.3239,370.59048,1338.3737,358.27454,0.5651831
1345.8286,370.59048,1358.8243,357.87558,0.4650085
1365.3334,370.59048,1377.2239,359.09924,0.78775936
1384.8381,370.59048,1397.3665,357.56516,0.6696204
1404.3429,370.59048,1416.5983,357.53815,0.75399506
1423.8477,370.59048,1437.0006,358.10236,0.59041137
1443.3524,370.59048,1455.1008,359.2916,0.8125012
1462.8572,370.59048,1475.5901,358.9325,0.7022581
1482.3619,370.59048,1494.44,358.44626,0.3282546
1501.8667,370.59048,1513.9701,358.07394,0.36488858
1521.3715,370.59048,1532.7145,357.5013,0.520609
1540.8762,370.59048,1553.7225,357.58267,0.6307743
1560.381,370.59048,1573.1921,358.11218,0.42207292
1579.8857,370.59048,1591.9263,359.3006,0.23726477
1599.3905,370.59048,1612.0631,357.49963,0.27393213
1618.8953,370.59048,1630.5005,358.48,0.8165375
1638.4,370.59048,1650.3936,357.7634,0.8626769
1657.9048,370.59048,1671.359,358.27335,0.9256139
1677.4095,370.59048,1691.0645,358.53836,0.9535641
1696.9143,370.59048,1709.6112,357.952,0.9826453
1716.4191,370.59048,1727.9012,358.4512,0.8000139
1735.9238,370.59048,1749.2029,358.11032,0.8804218
1755.4286,370.59048,1768.0737,358.39935,0.78504676
1774.9333,370.59048,1790.0303,357.88446,0.65429
1833.4476,370.59048,1846.1609,359.83408,0.35010734
1852.9524,370.59048,1866.3878,358.12747,0.5586046
1872.4573,370.59048,1886.1127,359.50302,0.7773882
1891.962,370.59048,1905.0178,359.02948,0.7209024
1911.4668,370.59048,1925.1177,358.61,0.5059729
1930.9716,370.59048,1943.8833,359.2144,0.40197057
1950.4763,370.59048,1963.2327,359.06656,0.5599426
39.009525,390.09525,50.480072,375.1442,0.49238434
58.51429,390.09525,70.83921,374.28973,0.8580981
78.01905,390.09525,91.371,375.20117,0.9768799
97.52381,390.09525,109.97078,374.73087,0.94959587
117.02858,390.09525,128.94382,375.0157,0.9247051
136.53334,390.09525,147.70947,374.8416,0.7248665
156.0381,390.09525,168.79074,375.25296,0.5294019
175.54286,390.09525,188.35156,375.48825,0.74312496
195.04762,390.09525,207.03786,375.4014,0.8899844
214.55238,390.09525,227.53424,375.1553,0.8412934
234.05716,390.09525,246.83307,375.29526,0.8473918
253.56192,390.09525,266.75555,374.43512,0.81289876
273.06668,390.09525,285.8609,374.83762,0.8814308
292.57144,390.09525,305.63702,375.78003,0.9025452
312.0762,390.09525,324.1372,375.1708,0.9257056
331.58096,390.09525,344.57996,375.92148,0.96952534
351.08572,390.09525,364.50717,375.354,0.88571185
370.59048,390.09525,382.86676,374.8879,0.8909283
390.09525,390.09525,401.4809,375.3528,0.93906987
409.6,390.09525,422.38287,375.31088,0.9714492
429.10477,390.09525,442.4277,375.42487,0.98958856
448.60953,390.09525,461.36835,376.03064,0.9746593
468.11432,390.09525,481.13498,375.6224,0.9725815
487.61908,390.09525,499.16437,375.76318,0.8645997
507.12384,390.09525,518.8414,375.57584,0.86861783
526.6286,390.09525,538.25134,375.56848,0.8531493
546.13336,390.09525,558.1398,375.14786,0.9143971
565.6381,390.09525,578.748,374.82642,0.9480451
585.1429,390.09525,596.2641,375.9716,0.9911631
604.64764,390.09525,616.88947,375.7077,0.98692846
624.1524,390.09525,637.5084,375.9918,0.9799113
643.65717,390.09525,656.3857,376.3899,0.8921221
663.1619,390.09525,674.111,375.87918,0.8017741
682.6667,390.09525,695.4755,375.4345,0.8030184
702.17145,390.09525,715.24023,375.42227,0.77195144
721.6762,390.09525,733.7387,375.65256,0.7975289
741.18097,390.09525,753.054,375.5621,0.9639586
760.6857,390.09525,773.0664,375.777,0.98140264
780.1905,390.09525,791.9015,375.47372,0.9753234
799.69525,390.09525,812.0519,376.16275,0.87559915
819.2,390.09525,831.2665,375.8724,0.96972126
838.7048,390.09525,852.23804,374.97287,0.9783551
858.20953,390.09525,870.75604,376.13104,0.9479871
877.7143,390.09525,889.22424,376.19315,0.91871077
897.21906,390.09525,909.0874,376.07352,0.9498144
916.7238,390.09525,929.40063,376.1927,0.6236386
936.22864,390.09525,948.56537,376.24725,0.5713762
955.7334,390.09525,968.32855,376.15884,0.9727975
975.23816,390.09525,986.49854,375.98615,0.69619554
994.7429,390.09525,1005.83984,376.6142,0.7523826
1014.2477,390.09525,1028.2073,376.4146,0.9548879
1033.7524,390.09525,1045.7505,376.1412,0.97640365
1053.2572,390.09525,1065.3015,376.19803,0.86971205
1072.762,390.09525,1085.0826,375.78625,0.8356111
1092.2667,390.09525,1104.5627,376.92538,0.82881576
1111.7715,390.09525,1123.5865,376.40924,0.86797446
1131.2762,390.09525,1143.7368,377.0876,0.95986134
1150.781,390.09525,1163.6909,376.16296,0.94807845
1170.2858,390.09525,1182.8519,376.8922,0.887588
1189.7905,390.09525,1201.381,377.28305,0.70465976
1209.2953,390.09525,1220.3811,376.71304,0.7464582
1228.8,390.09525,1240.9517,376.9503,0.8389161
1248.3048,390.09525,1261.2899,377.72757,0.84413266
1267.8096,390.09525,1279.77,377.0414,0.6575086
1287.3143,390.09525,1298.7592,378.44165,0.59613454
1306.8191,390.09525,1318.5349,377.06238,0.62592447
1326.3239,390.09525,1337.9728,377.37555,0.75046796
1345.8286,390.09525,1358.0634,377.14005,0.989954
1365.3334,390.09525,1377.824,378.21463,0.97776204
1384.8381,390.09525,1398.1116,378.05615,0.8823549
1404.3429,390.09525,1417.4385,376.27405,0.96105766
1423.8477,390.09525,1436.3033,377.00824,0.9057743
1443.3524,390.09525,1455.451,378.3775,0.7343842
1462.8572,390.09525,1474.9062,378.4131,0.8560947
1482.3619,390.09525,1495.1478,378.8255,0.8894806
1501.8667,390.09525,1514.196,377.88443,0.63009936
1521.3715,390.09525,1532.8281,377.84335,0.6524325
1540.8762,390.09525,1554.0092,377.82736,0.52742904
1560.381,390.09525,1573.577,378.37225,0.49134302
1579.8857,390.09525,1592.3538,377.05893,0.686669
1599.3905,390.09525,1612.1072,377.83453,0.54252
1618.8953,390.09525,1631.4744,379.51236,0.48328307
1638.4,390.09525,1650.1945,377.57227,0.937986
1657.9048,390.09525,1670.615,376.68326,0.9469566
1677.4095,390.09525,1690.841,377.27814,0.8032148
1696.9143,390.09525,1709.7214,377.97824,0.8402266
1716.4191,390.09525,1727.6893,376.83954,0.799896
1735.9238,390.09525,1748.3392,377.08588,0.85907537
1755.4286,390.09525,1768.3296,377.38818,0.6989557
1774.9333,390.09525,1789.628,377.85355,0.6288002
1813.9429,390.09525,1829.0184,377.89816,0.41188857
1833.4476,390.09525,1845.7626,379.03714,0.31524438
1852.9524,390.09525,1865.8657,378.62766,0.7665305
1872.4573,390.09525,1886.3218,377.68994,0.9559888
1891.962,390.09525,1904.3708,377.37177,0.66158915
1911.4668,390.09525,1924.9093,377.80173,0.62196445
39.009525,409.6,52.265114,394.26126,0.81181884
58.51429,409.6,70.90586,394.1684,0.9589695
78.01905,409.6,91.35137,393.63226,0.9799891
97.52381,409.6,109.12813,393.71695,0.89245474
117.02858,409.6,129.03491,393.4454,0.8036576
136.53334,409.6,149.45125,394.71393,0.60611814
156.0381,409.6,168.56679,394.0782,0.6181142
175.54286,409.6,187.98047,394.66818,0.5713563
195.04762,409.6,206.99208,393.8073,0.9497438
214.55238,409.6,227.45934,393.80206,0.8769779
234.05716,409.6,246.01717,393.54987,0.49582878
253.56192,409.6,266.45065,393.98196,0.5335715
273.06668,409.6,285.6997,394.7656,0.9418234
292.57144,409.6,305.54694,394.4412,0.95934725
312.0762,409.6,324.01233,394.60693,0.8221083
331.58096,409.6,344.30032,394.86612,0.9408012
351.08572,409.6,364.09738,394.91104,0.97457373
370.59048,409.6,383.79474,394.38943,0.89052767
390.09525,409.6,402.6846,394.58304,0.59096324
409.6,409.6,421.57806,394.51193,0.72321755
429.10477,409.6,441.82977,394.11835,0.9624718
448.60953,409.6,461.07632,394.8092,0.9347506
468.11432,409.6,480.38547,394.89767,0.9628358
487.61908,409.6,501.24164,394.59534,0.9580647
507.12384,409.6,519.08453,395.00635,0.872326
526.6286,409.6,537.6005,394.93045,0.7484996
546.13336,409.6,557.88196,395.03232,0.6766322
565.6381,409.6,578.7095,395.12204,0.9116995
585.1429,409.6,596.7507,394.84164,0.9586969
604.64764,409.6,616.9457,394.56442,0.97516143
624.1524,409.6,636.5666,395.08228,0.93012077
643.65717,409.6,655.076,395.32162,0.90006214
663.1619,409.6,675.1379,395.3095,0.9331052
682.6667,409.6,694.4914,394.64566,0.94225556
702.17145,409.6,716.30005,394.9459,0.64548194
721.6762,409.6,733.9318,395.2115,0.9015436
741.18097,409.6,753.50476,395.09186,0.89463687
760.6857,409.6,771.7344,395.4306,0.9822098
780.1905,409.6,792.10864,396.1842,0.98761046
799.69525,409.6,811.77875,395.2499,0.9571952
819.2,409.6,831.60767,395.3595,0.9863514
838.7048,409.6,850.88074,395.03033,0.9727776
858.20953,409.6,870.3887,395.52637,0.9197694
877.7143,409.6,890.18695,395.6517,0.91587687
897.21906,409.6,910.2764,396.5037,0.9014318
916.7238,409.6,928.5597,395.34814,0.8827072
936.22864,409.6,947.7453,395.8059,0.80060756
955.7334,409.6,967.9261,396.6098,0.9039347
975.23816,409.6,986.26575,395.4755,0.93049073
994.7429,409.6,1006.4756,395.7764,0.934673
1014.2477,409.6,1026.4473,395.7729,0.9695683
1033.7524,409.6,1046.3539,396.59357,0.9797364
1053.2572,409.6,1065.15,395.58823,0.97437394
1072.762,409.6,1084.4508,395.70578,0.9386735
1092.2667,409.6,1103.9338,395.80127,0.5263263
1111.7715,409.6,1123.8003,395.76593,0.54939616
1131.2762,409.6,1143.5906,396.22546,0.89451903
1150.781,409.6,1164.201,396.0598,0.8597411
1170.2858,409.6,1183.2505,396.2659,0.96812826
1189.7905,409.6,1201.6343,395.81787,0.8164553
1209.2953,409.6,1220.342,396.15942,0.77125263
1228.8,409.6,1239.6005,397.18967,0.901296
1248.3048,409.6,1259.9606,396.96222,0.8358001
1267.8096,409.6,1280.0902,397.2392,0.8606342
1287.3143,409.6,1299.892,396.10187,0.69247127
1306.8191,409.6,1318.081,396.89734,0.5123441
1326.3239,409.6,1337.079,397.17142,0.8267518
1345.8286,409.6,1358.8335,397.94904,0.97261626
1365.3334,409.6,1377.9705,397.67178,0.9396486
1384.8381,409.6,1397.9285,397.6315,0.97484326
1404.3429,409.6,1417.5435,397.22568,0.95760113
1423.8477,409.6,1435.6805,397.38434,0.51263034
1462.8572,409.6,1476.1785,397.24927,0.6719825
1482.3619,409.6,1496.1519,396.52368,0.9801286
1501.8667,409.6,1514.0785,396.84442,0.98069215
1521.3715,409.6,1533.7897,396.98978,0.7656606
1540.8762,409.6,1554.5046,397.53522,0.68223363
1560.381,409.6,1573.5767,397.19672,0.7989204
1579.8857,409.6,1592.1473,397.62985,0.89926267
1599.3905,409.6,1612.3773,396.48825,0.49817383
1618.8953,409.6,1631.4875,397.66736,0.5520771
1638.4,409.6,1650.7805,397.9162,0.96474886
1657.9048,409.6,1669.9059,398.06805,0.93044555
1677.4095,409.6,1690.3046,397.4505,0.79400855
1696.9143,409.6,1709.6166,398.56018,0.87077165
1716.4191,409.6,1727.7264,397.12006,0.85343826
1735.9238,409.6,1748.9012,397.24133,0.92231154
1755.4286,409.6,1769.7334,396.39246,0.77181214
1813.9429,409.6,1829.3579,398.20193,0.34907892
1833.4476,409.6,1846.008,398.91592,0.58291054
1852.9524,409.6,1865.3795,397.32056,0.81545234
1872.4573,409.6,1885.3992,396.97174,0.95945317
1891.962,409.6,1905.5812,397.8528,0.7984952
1911.4668,409.6,1923.7484,398.27917,0.37118763
1930.9716,409.6,1944.7291,398.4115,0.38104054
1950.4763,409.6,1961.9564,398.42828,0.3966762
39.009525,429.10477,51.054195,413.88144,0.9133534
58.51429,429.10477,70.238,413.59085,0.8721656
78.01905,429.10477,90.31952,413.8274,0.97875816
97.52381,429.10477,108.76807,413.15674,0.8627925
117.02858,429.10477,128.74808,413.15747,0.7357887
136.53334,429.10477,149.56216,413.53275,0.80262166
156.0381,429.10477,168.37556,413.49097,0.7832615
175.54286,429.10477,188.54182,413.63007,0.78630203
195.04762,429.10477,208.39215,413.61935,0.966659
214.55238,429.10477,227.29837,413.36166,0.92003316
234.05716,429.10477,246.40639,414.12582,0.4721169
273.06668,429.10477,286.54767,413.7586,0.9779518
292.57144,429.10477,306.39984,413.17017,0.960349
312.0762,429.10477,325.96902,413.66904,0.93207777
331.58096,429.10477,343.13428,414.2296,0.6343336
351.08572,429.10477,364.638,414.5116,0.9031862
370.59048,429.10477,382.6303,413.9842,0.91886085
390.09525,429.10477,402.15594,413.1422,0.77836454
409.6,429.10477,422.45682,413.89944,0.79345274
429.10477,429.10477,440.89276,413.8211,0.9025431
448.60953,429.10477,461.4513,413.82608,0.92866886
468.11432,429.10477,480.11264,414.08655,0.9279633
487.61908,429.10477,500.19223,413.69275,0.9238273
507.12384,429.10477,519.3462,414.29474,0.87947
526.6286,429.10477,538.30096,413.73007,0.7672242
546.13336,429.10477,558.4736,414.82455,0.45160225
565.6381,429.10477,577.6386,414.81784,0.9159767
585.1429,429.10477,597.3438,414.36334,0.93890494
604.64764,429.10477,617.8786,414.5048,0.86548185
624.1524,429.10477,635.93005,414.52417,0.8995495
643.65717,429.10477,655.3834,414.9498,0.85487735
663.1619,429.10477,676.33545,414.85672,0.95481986
682.6667,429.10477,695.4177,414.73465,0.70925194
702.17145,429.10477,715.1384,414.2633,0.51309246
721.6762,429.10477,733.7184,414.7175,0.7705249
741.18097,429.10477,754.34863,415.0486,0.83596605
760.6857,429.10477,773.9161,414.4561,0.9393925
780.1905,429.10477,791.6364,415.46948,0.9706613
799.69525,429.10477,810.8923,415.60925,0.9439599
819.2,429.10477,831.4308,414.67807,0.95398146
838.7048,429.10477,851.14355,414.56628,0.9530672
858.20953,429.10477,870.66077,414.85132,0.8909693
877.7143,429.10477,890.97034,414.89935,0.96551114
897.21906,429.10477,909.1635,414.98224,0.8753677
916.7238,429.10477,928.4434,414.71667,0.9802197
936.22864,429.10477,948.8649,414.55872,0.94693
955.7334,429.10477,967.7995,415.30298,0.65795356
975.23816,429.10477,988.2977,414.79993,0.798993
994.7429,429.10477,1006.37555,414.9877,0.9433448
1014.2477,429.10477,1027.137,415.2843,0.80895275
1033.7524,429.10477,1046.4474,415.96262,0.90557176
1053.2572,429.10477,1065.0094,415.66617,0.8554619
1072.762,429.10477,1083.9048,416.95013,0.57492685
1092.2667,429.10477,1104.9712,415.06094,0.6525135
1111.7715,429.10477,1123.0472,415.7698,0.43417907
1131.2762,429.10477,1144.1034,416.0794,0.7537228
1150.781,429.10477,1164.6746,415.1101,0.9362621
1170.2858,429.10477,1183.5138,415.55322,0.9305779
1189.7905,429.10477,1200.9171,416.36935,0.56215096
1209.2953,429.10477,1220.6382,416.17523,0.32884845
1228.8,429.10477,1240.0693,415.42725,0.7644534
1248.3048,429.10477,1260.2037,416.6365,0.56681496
1267.8096,429.10477,1280.9966,416.82257,0.87668836
1287.3143,429.10477,1299.9209,416.8729,0.90958244
1306.8191,429.10477,1319.2948,416.45374,0.5533849
1326.3239,429.10477,1338.3522,416.11237,0.69007057
1345.8286,429.10477,1359.2532,417.0878,0.89412975
1365.3334,429.10477,1377.7688,415.72342,0.7441342
1384.8381,429.10477,1398.6439,416.9408,0.87699795
1404.3429,429.10477,1417.1467,417.15616,0.9142195
1423.8477,429.10477,1437.0502,415.09485,0.85272545
1443.3524,429.10477,1455.7872,416.29956,0.8350832
1462.8572,429.10477,1475.8036,415.35776,0.4999504
1482.3619,429.10477,1494.6912,417.59692,0.85430723
1501.8667,429.10477,1514.6697,417.21582,0.953911
1521.3715,429.10477,1534.1632,416.97516,0.8655198
1540.8762,429.10477,1553.5132,416.9816,0.6297786
1560.381,429.10477,1573.9684,417.3276,0.55662006
1579.8857,429.10477,1593.152,418.164,0.7299333
1599.3905,429.10477,1611.2709,416.8511,0.7583897
1618.8953,429.10477,1631.3678,416.64758,0.82829386
1638.4,429.10477,1651.7424,417.4573,0.91791445
1657.9048,429.10477,1671.1123,416.88498,0.6765399
1677.4095,429.10477,1690.9188,417.32153,0.9121624
1696.9143,429.10477,1711.0342,416.76013,0.87243944
1716.4191,429.10477,1730.6503,417.67288,0.8742954
1735.9238,429.10477,1749.0308,416.6833,0.59545374
1755.4286,429.10477,1768.9054,417.2515,0.49227452
1833.4476,429.10477,1847.2352,417.66617,0.87995243
1852.9524,429.10477,1865.5629,417.53308,0.8768929
1872.4573,429.10477,1884.9098,417.505,0.9579997
1891.962,429.10477,1904.7617,417.28946,0.9152371
1911.4668,429.10477,1924.8229,418.19354,0.7037213
1930.9716,429.10477,1944.7125,416.8484,0.28067973
1950.4763,429.10477,1963.4921,418.65823,0.51028705
39.009525,448.60953,51.810997,432.94818,0.8241367
58.51429,448.60953,71.78791,431.9935,0.9282585
78.01905,448.60953,89.80702,432.72916,0.9808453
97.52381,448.60953,108.56588,433.74496,0.8355084
117.02858,448.60953,129.39397,433.44574,0.6558626
136.53334,448.60953,150.06932,433.2402,0.9521315
156.0381,448.60953,168.18936,433.63464,0.86094004
175.54286,448.60953,189.49193,433.45746,0.89795035
195.04762,448.60953,207.42279,433.60168,0.93110293
214.55238,448.60953,227.97862,433.55328,0.95396984
234.05716,448.60953,246.76917,434.01385,0.78189754
253.56192,448.60953,266.48315,433.65732,0.91788983
273.06668,448.60953,285.99738,432.86795,0.9884403
292.57144,448.60953,305.7693,433.7493,0.9503722
312.0762,448.60953,324.60574,434.01233,0.94701356
331.58096,448.60953,344.68924,433.626,0.91632766
351.08572,448.60953,363.92807,433.79462,0.86652386
370.59048,448.60953,382.61163,433.05295,0.93891937
390.09525,448.60953,402.43143,433.91107,0.90339684
409.6,448.60953,420.68958,433.8798,0.9547828
429.10477,448.60953,441.63766,433.44794,0.853933
448.60953,448.60953,460.88126,434.31042,0.7547883
468.11432,448.60953,480.0597,432.97043,0.9676762
487.61908,448.60953,500.04642,433.8866,0.98447734
507.12384,448.60953,519.2556,434.07587,0.9415579
526.6286,448.60953,539.2376,434.03067,0.62889814
546.13336,448.60953,558.14667,433.85083,0.5924604
565.6381,448.60953,577.1713,434.2279,0.6333766
585.1429,448.60953,597.5166,434.33875,0.628177
604.64764,448.60953,617.47485,434.21948,0.54225796
624.1524,448.60953,636.6037,434.2224,0.61923045
643.65717,448.60953,657.21545,434.2414,0.6574654
663.1619,448.60953,674.6086,435.51315,0.9366056
682.6667,448.60953,695.2768,434.18765,0.9363445
702.17145,448.60953,714.36975,434.09,0.9291307
721.6762,448.60953,733.2909,434.58194,0.91870254
741.18097,448.60953,753.948,434.23758,0.7885675
760.6857,448.60953,773.2381,434.8644,0.38758737
780.1905,448.60953,791.3006,434.4705,0.9278079
799.69525,448.60953,810.85266,433.92892,0.86837626
819.2,448.60953,831.275,434.34677,0.8798773
838.7048,448.60953,849.993,433.91992,0.79175866
858.20953,448.60953,870.2418,434.19046,0.9054354
877.7143,448.60953,889.9635,434.28232,0.96207064
897.21906,448.60953,910.0923,434.39987,0.9612823
916.7238,448.60953,928.65155,433.86047,0.97373897
936.22864,448.60953,949.9815,433.88263,0.9750393
955.7334,448.60953,967.99194,434.59525,0.9264608
975.23816,448.60953,987.41156,435.56046,0.8061591
994.7429,448.60953,1006.41534,434.94348,0.9479425
1014.2477,448.60953,1026.3336,434.36343,0.93459594
1033.7524,448.60953,1045.0132,435.3056,0.9927602
1053.2572,448.60953,1066.9392,435.94247,0.9536001
1072.762,448.60953,1085.3188,436.39737,0.8929525
1092.2667,448.60953,1105.5654,434.987,0.65193427
1131.2762,448.60953,1142.7549,434.98312,0.61634773
1150.781,448.60953,1163.0367,435.0555,0.4397765
1170.2858,448.60953,1181.3285,434.56824,0.8188525
1189.7905,448.60953,1201.1481,435.76016,0.49415842
1209.2953,448.60953,1220.8114,435.1599,0.6227879
1228.8,448.60953,1240.3063,435.53183,0.6328141
1248.3048,448.60953,1260.7876,435.10593,0.84408617
1267.8096,448.60953,1281.5469,435.53098,0.5671768
1287.3143,448.60953,1299.2471,435.8972,0.7995549
1306.8191,448.60953,1319.2502,437.0527,0.842319
1326.3239,448.60953,1339.1392,436.81226,0.90558153
1345.8286,448.60953,1358.0991,436.23502,0.7932791
1365.3334,448.60953,1378.0662,436.3153,0.8095205
1384.8381,448.60953,1398.5546,436.3198,0.7803052
1404.3429,448.60953,1417.5337,435.20746,0.86506355
1423.8477,448.60953,1436.2736,435.64902,0.79322916
1443.3524,448.60953,1457.2773,435.86453,0.85115564
1462.8572,448.60953,1475.3822,436.09488,0.8501871
1482.3619,448.60953,1495.5662,436.7536,0.34858966
1501.8667,448.60953,1514.4254,435.18756,0.91442657
1521.3715,448.60953,1534.3059,436.65012,0.96115
1540.8762,448.60953,1553.9694,435.97055,0.763561
1560.381,448.60953,1572.845,435.94284,0.7537329
1579.8857,448.60953,1591.6816,435.3058,0.32292023
1599.3905,448.60953,1612.4154,436.4046,0.90142214
1618.8953,448.60953,1632.5297,436.87207,0.7938802
1638.4,448.60953,1652.5093,435.8028,0.859221
1657.9048,448.60953,1671.8259,436.94528,0.91765034
1677.4095,448.60953,1691.6582,435.9457,0.84737235
1696.9143,448.60953,1711.9102,435.37814,0.97019964
1735.9238,448.60953,1750.1272,434.82263,0.87295896
1755.4286,448.60953,1769.6252,437.79327,0.54047096
1794.4381,448.60953,1810.1188,435.07486,0.64782625
1813.9429,448.60953,1827.2699,437.08,0.3546647
1833.4476,448.60953,1846.1233,436.73746,0.72282785
1852.9524,448.60953,1866.9037,436.2172,0.86872655
1872.4573,448.60953,1885.2191,437.4434,0.8381113
1891.962,448.60953,1905.015,436.78204,0.73713505
1911.4668,448.60953,1924.3661,437.1653,0.9167501
1930.9716,448.60953,1944.2455,437.75842,0.61770815
1950.4763,448.60953,1963.7604,437.46964,0.22470444
1969.9811,448.60953,1982.722,436.966,0.61205816
39.009525,468.11432,50.342896,452.89615,0.95800287
58.51429,468.11432,71.16933,452.62103,0.7554383
78.01905,468.11432,90.82265,453.2664,0.89574164
97.52381,468.11432,109.45073,453.13608,0.87812245
117.02858,468.11432,130.06444,453.154,0.6584894
136.53334,468.11432,149.05867,452.44122,0.95948946
156.0381,468.11432,168.15154,452.15512,0.943903
175.54286,468.11432,188.39409,453.53632,0.84954095
195.04762,468.11432,207.33444,453.15707,0.8508525
214.55238,468.11432,226.32161,453.44046,0.8088911
234.05716,468.11432,247.17389,453.01828,0.7628126
253.56192,468.11432,265.37082,452.8495,0.97786856
273.06668,468.11432,286.36026,452.73962,0.90557104
292.57144,468.11432,304.86496,452.70358,0.9907046
312.0762,468.11432,325.68442,452.937,0.9857396
331.58096,468.11432,344.18182,452.99982,0.9294228
351.08572,468.11432,364.89883,452.7795,0.7872421
370.59048,468.11432,381.37747,453.25162,0.8031196
390.09525,468.11432,401.6858,453.28525,0.9646473
409.6,468.11432,420.6653,453.36935,0.9674093
429.10477,468.11432,439.66714,452.93475,0.9404981
448.60953,468.11432,460.45422,452.9266,0.9089818
468.11432,468.11432,480.73392,453.2982,0.9458187
487.61908,468.11432,500.50482,454.2605,0.950929
507.12384,468.11432,520.4509,453.29346,0.8965826
526.6286,468.11432,538.0418,453.1972,0.70433885
546.13336,468.11432,558.71295,453.58887,0.9684794
565.6381,468.11432,578.8292,453.3975,0.9480665
585.1429,468.11432,596.61383,453.77478,0.54863065
643.65717,468.11432,654.86584,453.86996,0.8251827
663.1619,468.11432,675.0669,453.53928,0.8175671
682.6667,468.11432,694.912,454.01718,0.89966786
702.17145,468.11432,715.23517,453.67838,0.8774926
721.6762,468.11432,733.0658,453.4977,0.73598087
741.18097,468.11432,753.8885,453.468,0.625294
760.6857,468.11432,772.22906,454.41727,0.87023515
780.1905,468.11432,792.2126,454.4793,0.860653
799.69525,468.11432,812.11053,453.89508,0.7405647
819.2,468.11432,831.9146,454.96652,0.8315169
838.7048,468.11432,850.40314,453.60583,0.8483404
858.20953,468.11432,869.38434,454.15012,0.9440952
877.7143,468.11432,889.8568,453.7271,0.96687037
897.21906,468.11432,909.5179,453.76956,0.93309706
916.7238,468.11432,929.2698,454.01025,0.9957329
936.22864,468.11432,949.5517,454.2054,0.95679057
955.7334,468.11432,968.8629,454.21762,0.92624414
975.23816,468.11432,989.2681,454.84723,0.89909256
994.7429,468.11432,1006.226,454.61188,0.9362484
1014.2477,468.11432,1026.6746,455.46582,0.64878625
1033.7524,468.11432,1047.379,454.04285,0.986617
1053.2572,468.11432,1066.4899,454.4957,0.9800771
1072.762,468.11432,1085.7281,453.96964,0.93365896
1092.2667,468.11432,1105.5458,454.51434,0.5469558
1150.781,468.11432,1164.3682,454.44418,0.527133
1170.2858,468.11432,1182.4287,453.59802,0.8347576
1189.7905,468.11432,1201.323,456.1585,0.7638298
1228.8,468.11432,1242.0277,455.19156,0.35272008
1248.3048,468.11432,1259.4691,455.575,0.81515074
1267.8096,468.11432,1280.9425,455.06696,0.9659421
1287.3143,468.11432,1300.7449,456.03918,0.93805414
1306.8191,468.11432,1318.7551,455.9954,0.7944697
1326.3239,468.11432,1338.0101,455.95004,0.7419213
1345.8286,468.11432,1357.3497,456.84225,0.37357712
1365.3334,468.11432,1379.0627,454.9239,0.26716226
1384.8381,468.11432,1397.2799,455.28677,0.563145
1404.3429,468.11432,1417.2627,455.01154,0.83039767
1423.8477,468.11432,1436.2006,455.67706,0.72872186
1443.3524,468.11432,1455.7458,454.71326,0.64002734
1462.8572,468.11432,1476.5896,455.41208,0.25451064
1501.8667,468.11432,1514.7606,455.06348,0.74445164
1521.3715,468.11432,1534.5673,454.37543,0.93521404
1540.8762,468.11432,1554.0391,454.7969,0.8560702
1560.381,468.11432,1572.526,455.36316,0.8026614
1599.3905,468.11432,1611.4218,455.4396,0.7888642
1618.8953,468.11432,1632.0867,455.8724,0.9391982
1638.4,468.11432,1651.4215,455.87863,0.9601324
1657.9048,468.11432,1671.4805,455.7785,0.93546146
1677.4095,468.11432,1690.7726,455.77008,0.91892457
1696.9143,468.11432,1710.414,455.3992,0.8637124
1735.9238,468.11432,1750.2931,455.35605,0.9023396
1755.4286,468.11432,1770.3978,455.6846,0.44309556
1774.9333,468.11432,1790.6118,456.21304,0.44732782
1794.4381,468.11432,1808.2972,455.85797,0.6102998
1813.9429,468.11432,1826.8802,455.76196,0.45938253
1833.4476,468.11432,1846.5195,455.4882,0.82241696
1852.9524,468.11432,1866.9166,456.6807,0.8990291
1872.4573,468.11432,1886.3527,456.96667,0.44361058
1891.962,468.11432,1904.1614,455.84567,0.40197974
1911.4668,468.11432,1924.6135,456.3349,0.47444478
1930.9716,468.11432,1944.0348,455.74564,0.7143039
1950.4763,468.11432,1963.4663,456.3427,0.34813055
1969.9811,468.11432,1983.2236,455.59158,0.70607036
39.009525,487.61908,50.66702,472.05652,0.87708616
58.51429,487.61908,70.7319,472.1876,0.8828022
78.01905,487.61908,91.373314,472.31158,0.92411345
97.52381,487.61908,109.3796,472.4824,0.9043711
117.02858,487.61908,128.22073,472.96155,0.6494261
136.53334,487.61908,148.27773,472.3911,0.8752703
156.0381,487.61908,168.83412,472.32968,0.9662822
175.54286,487.61908,188.42131,472.27945,0.97841126
195.04762,487.61908,207.22319,472.22217,0.73723036
214.55238,487.61908,227.72081,471.6681,0.82790506
234.05716,487.61908,247.18587,472.03827,0.9655084
253.56192,487.61908,266.0482,472.68646,0.9602952
273.06668,487.61908,286.4051,472.99054,0.9583238
292.57144,487.61908,305.30847,472.15347,0.96631676
312.0762,487.61908,324.8957,472.72647,0.93945956
331.58096,487.61908,344.6845,472.22726,0.9449248
351.08572,487.61908,364.29218,472.53757,0.84218
370.59048,487.61908,383.41888,473.43347,0.93055356
390.09525,487.61908,401.76093,472.92203,0.96970737
409.6,487.61908,422.29312,472.5806,0.96064305
429.10477,487.61908,440.45316,473.2071,0.92499954
448.60953,487.61908,459.7584,472.97983,0.85475403
468.11432,487.61908,481.37375,472.9166,0.9914958
487.61908,487.61908,499.55597,473.0297,0.9906602
507.12384,487.61908,519.62946,472.55347,0.981642
526.6286,487.61908,538.54944,473.0301,0.9923181
546.13336,487.61908,559.3166,472.63733,0.9911721
565.6381,487.61908,577.41406,473.3909,0.98468214
585.1429,487.61908,596.79425,472.91754,0.98628545
604.64764,487.61908,616.81177,472.62445,0.8537618
624.1524,487.61908,636.01276,473.2379,0.82051617
643.65717,487.61908,656.17377,473.04047,0.7717228
663.1619,487.61908,675.0889,473.19235,0.8261995
682.6667,487.61908,694.80994,472.97357,0.9178131
702.17145,487.61908,714.6802,473.02335,0.8969827
721.6762,487.61908,735.4248,472.97833,0.8640259
741.18097,487.61908,753.98895,473.5639,0.83957803
760.6857,487.61908,773.66046,473.02884,0.9625231
780.1905,487.61908,792.2206,473.3426,0.909029
799.69525,487.61908,811.8132,473.17282,0.9525624
819.2,487.61908,831.0719,473.69437,0.9691684
838.7048,487.61908,851.5552,473.62546,0.9061265
858.20953,487.61908,869.71985,474.0595,0.9216662
877.7143,487.61908,889.49756,473.201,0.9485439
897.21906,487.61908,909.9101,473.4523,0.9884998
916.7238,487.61908,930.4406,472.5987,0.9740049
936.22864,487.61908,949.4007,473.78836,0.91743344
955.7334,487.61908,968.28625,473.45944,0.8778606
975.23816,487.61908,986.2555,473.47665,0.73609674
994.7429,487.61908,1006.13727,473.68027,0.7916026
1014.2477,487.61908,1027.4722,473.6003,0.9362687
1033.7524,487.61908,1046.8468,472.95224,0.9146569
1053.2572,487.61908,1066.484,473.56293,0.975498
1072.762,487.61908,1084.8209,473.33133,0.94561076
1092.2667,487.61908,1104.8142,473.28104,0.59368753
1111.7715,487.61908,1123.9336,474.24817,0.27411374
1131.2762,487.61908,1144.0024,473.79355,0.42241067
1150.781,487.61908,1162.7113,474.06958,0.7852154
1170.2858,487.61908,1183.6488,473.7198,0.92930704
1189.7905,487.61908,1204.0502,474.50775,0.5704871
1248.3048,487.61908,1260.7893,473.68265,0.61140376
1267.8096,487.61908,1279.9585,474.0246,0.81936085
1287.3143,487.61908,1301.1274,474.281,0.8364077
1306.8191,487.61908,1319.2919,475.5539,0.77956766
1326.3239,487.61908,1339.5562,475.3844,0.6396527
1345.8286,487.61908,1358.4475,475.90698,0.82199126
1365.3334,487.61908,1378.1759,475.2056,0.42970836
1384.8381,487.61908,1397.7153,475.62497,0.55632615
1404.3429,487.61908,1417.1431,475.40067,0.5698322
1423.8477,487.61908,1437.0724,475.89407,0.61099464
1443.3524,487.61908,1456.3883,475.14926,0.92055345
1462.8572,487.61908,1476.0359,475.36127,0.74180245
1482.3619,487.61908,1494.7509,475.28943,0.8881565
1501.8667,487.61908,1513.9392,475.45782,0.9162179
1521.3715,487.61908,1534.2706,475.5184,0.8662385
1540.8762,487.61908,1553.728,474.31485,0.7244441
1560.381,487.61908,1573.1555,475.27924,0.75637984
1579.8857,487.61908,1591.5637,475.16138,0.79080904
1599.3905,487.61908,1610.347,474.97473,0.66306156
1618.8953,487.61908,1631.9126,475.0526,0.87985975
1638.4,487.61908,1650.8856,475.5036,0.85071063
1657.9048,487.61908,1670.7395,475.20972,0.83135414
1677.4095,487.61908,1690.2366,474.4007,0.62705296
1696.9143,487.61908,1708.3759,474.88608,0.83859736
1716.4191,487.61908,1728.0453,475.8352,0.6719526
1735.9238,487.61908,1750.2933,475.52078,0.94775826
1755.4286,487.61908,1770.163,475.5751,0.7549145
1774.9333,487.61908,1788.8345,475.13617,0.66685414
1794.4381,487.61908,1806.6018,475.6326,0.87657565
1813.9429,487.61908,1827.8175,475.93655,0.8488943
1833.4476,487.61908,1847.6484,475.46198,0.86113286
1852.9524,487.61908,1866.2877,476.72083,0.92733526
1872.4573,487.61908,1883.986,475.3825,0.8157611
1891.962,487.61908,1904.6193,476.26697,0.475958
1911.4668,487.61908,1924.7273,477.00375,0.83366185
1930.9716,487.61908,1942.4866,476.5486,0.90621954
1950.4763,487.61908,1963.3683,475.08246,0.60689497
1969.9811,487.61908,1984.4696,476.02695,0.4187228
39.009525,507.12384,51.458874,491.71786,0.7937511
58.51429,507.12384,72.04242,491.81952,0.8713552
78.01905,507.12384,91.24312,491.99384,0.9299027
97.52381,507.12384,109.9745,491.91602,0.8913557
156.0381,507.12384,169.03452,491.83673,0.6030314
175.54286,507.12384,187.77292,491.9125,0.9439409
195.04762,507.12384,207.77147,492.55188,0.9363059
214.55238,507.12384,226.72644,492.16922,0.89369166
234.05716,507.12384,247.63168,492.01077,0.94407016
253.56192,507.12384,267.43494,491.1286,0.9686119
273.06668,507.12384,286.85794,492.7902,0.8063502
292.57144,507.12384,305.05115,492.14612,0.94517016
312.0762,507.12384,326.0129,492.0723,0.93453
331.58096,507.12384,346.85013,492.12408,0.8361653
351.08572,507.12384,364.3125,491.75803,0.9425614
370.59048,507.12384,383.86578,492.36096,0.94367546
390.09525,507.12384,402.07718,492.25876,0.87151057
409.6,507.12384,422.0804,492.11472,0.9080683
429.10477,507.12384,441.3432,492.18018,0.83680964
448.60953,507.12384,462.2253,492.22632,0.9881948
468.11432,507.12384,480.77307,493.0248,0.9928969
487.61908,507.12384,499.41193,492.8152,0.97768235
507.12384,507.12384,519.36273,492.19894,0.9567869
526.6286,507.12384,538.6617,492.53452,0.9809184
546.13336,507.12384,557.7033,491.97018,0.98814327
565.6381,507.12384,578.0542,492.6786,0.9546241
585.1429,507.12384,597.3435,492.61136,0.9577729
604.64764,507.12384,616.7578,492.48584,0.96570003
624.1524,507.12384,636.5179,492.56494,0.92054033
643.65717,507.12384,655.88324,492.84808,0.9038503
663.1619,507.12384,675.8318,493.13565,0.8513714
682.6667,507.12384,694.83673,493.28763,0.96740115
702.17145,507.12384,715.9472,492.4399,0.98565674
721.6762,507.12384,734.9401,492.8815,0.963361
741.18097,507.12384,753.0623,492.72693,0.89219344
760.6857,507.12384,774.05554,492.63748,0.9571675
780.1905,507.12384,792.7183,492.94592,0.971227
799.69525,507.12384,812.1176,492.7908,0.94103426
819.2,507.12384,831.622,492.65717,0.9484099
838.7048,507.12384,850.2469,492.8099,0.92699355
858.20953,507.12384,870.95514,493.5312,0.8627244
877.7143,507.12384,890.7414,493.09882,0.7523092
897.21906,507.12384,909.8157,493.1196,0.7260735
916.7238,507.12384,931.8751,492.98804,0.9207363
936.22864,507.12384,950.7167,493.54443,0.9507905
955.7334,507.12384,968.0185,492.6881,0.8579267
975.23816,507.12384,987.91626,492.70105,0.58534867
994.7429,507.12384,1009.5586,493.26013,0.85527766
1014.2477,507.12384,1028.4877,493.6125,0.96855944
1033.7524,507.12384,1045.7625,492.84583,0.9342052
1053.2572,507.12384,1065.1808,493.4665,0.7467328
1072.762,507.12384,1084.6477,493.1998,0.8868476
1092.2667,507.12384,1103.6433,493.06006,0.8863723
1111.7715,507.12384,1124.4967,492.88123,0.59083194
1131.2762,507.12384,1144.64,493.51743,0.6182687
1150.781,507.12384,1163.3097,492.89868,0.89064395
1170.2858,507.12384,1182.5259,493.36615,0.9494283
1189.7905,507.12384,1202.6656,494.37015,0.3807987
1228.8,507.12384,1241.9568,494.16928,0.4208036
1248.3048,507.12384,1258.9194,493.21622,0.6768955
1267.8096,507.12384,1279.7988,494.30646,0.78943294
1287.3143,507.12384,1300.5046,494.81006,0.84483707
1345.8286,507.12384,1358.3518,494.04916,0.56738436
1365.3334,507.12384,1377.7007,494.3436,0.2716484
1384.8381,507.12384,1397.3665,494.4854,0.6249488
1404.3429,507.12384,1416.4214,494.09058,0.6378426
1423.8477,507.12384,1436.131,493.81763,0.738671
1443.3524,507.12384,1457.0822,493.54996,0.94518864
1462.8572,507.12384,1474.4242,495.56207,0.7081142
1482.3619,507.12384,1494.3972,495.21057,0.72878456
1501.8667,507.12384,1514.7275,494.74374,0.76212996
1521.3715,507.12384,1533.9196,496.16315,0.73717874
1540.8762,507.12384,1554.4966,494.6996,0.6225373
1560.381,507.12384,1574.9061,496.44504,0.8837805
1579.8857,507.12384,1592.754,495.32993,0.8291597
1599.3905,507.12384,1611.5724,493.95596,0.7579673
1618.8953,507.12384,1632.5975,494.98358,0.89997417
1638.4,507.12384,1651.4556,495.54898,0.94582677
1657.9048,507.12384,1670.9679,495.26843,0.88867265
1677.4095,507.12384,1690.4774,494.47253,0.86560935
1696.9143,507.12384,1708.1227,495.11523,0.8064287
1716.4191,507.12384,1729.099,495.42386,0.4881128
1735.9238,507.12384,1749.226,495.10187,0.84429765
1755.4286,507.12384,1768.7943,495.1966,0.8945214
1774.9333,507.12384,1787.5883,495.21848,0.83369076
1794.4381,507.12384,1807.3496,493.8775,0.8590177
1813.9429,507.12384,1827.0587,494.29443,0.9149003
1833.4476,507.12384,1845.6521,495.15283,0.95040613
1852.9524,507.12384,1866.4758,495.22693,0.9101633
1872.4573,507.12384,1885.4546,495.74686,0.8724086
1891.962,507.12384,1905.1241,495.4639,0.8057861
1911.4668,507.12384,1924.4108,495.7948,0.34335616
1930.9716,507.12384,1944.3175,496.31976,0.93936807
1950.4763,507.12384,1963.1775,495.47922,0.68404704
1969.9811,507.12384,1981.7559,495.5768,0.542191
39.009525,526.6286,51.73137,511.31735,0.8338566
58.51429,526.6286,70.60304,511.1755,0.8405972
78.01905,526.6286,90.671265,511.00552,0.9030766
97.52381,526.6286,109.61241,510.35687,0.580306
117.02858,526.6286,128.6856,511.33078,0.33758307
136.53334,526.6286,148.27525,511.14655,0.77317524
156.0381,526.6286,168.18143,511.36597,0.858478
175.54286,526.6286,187.04156,511.7995,0.92111546
195.04762,526.6286,206.35664,511.35696,0.87922704
214.55238,526.6286,228.48593,511.49637,0.85283524
234.05716,526.6286,247.26768,511.06293,0.9685717
253.56192,526.6286,267.79526,511.4293,0.960367
273.06668,526.6286,285.0474,511.44385,0.9185568
292.57144,526.6286,305.63553,511.66885,0.9293292
312.0762,526.6286,323.64362,511.8425,0.49559316
331.58096,526.6286,346.4419,511.73422,0.4175381
351.08572,526.6286,362.9273,511.51218,0.9030004
370.59048,526.6286,383.37387,511.8851,0.9705224
390.09525,526.6286,402.0646,511.54904,0.9570759
409.6,526.6286,422.11377,511.82596,0.95448774
429.10477,526.6286,441.22397,510.88153,0.92120254
448.60953,526.6286,461.72818,512.0421,0.9895553
468.11432,526.6286,480.82825,512.3608,0.9938939
487.61908,526.6286,499.4635,511.95288,0.9484296
507.12384,526.6286,520.3305,512.1025,0.90651685
526.6286,526.6286,539.4609,512.5717,0.91388977
546.13336,526.6286,557.8081,511.8491,0.9454786
565.6381,526.6286,577.4757,511.86996,0.9611252
585.1429,526.6286,597.2668,511.89862,0.91106516
604.64764,526.6286,615.9135,512.0966,0.8998398
624.1524,526.6286,636.3757,511.89032,0.47442088
643.65717,526.6286,655.02527,512.05096,0.37378362
663.1619,526.6286,674.87994,512.0652,0.592732
682.6667,526.6286,695.2376,512.7994,0.9897939
702.17145,526.6286,715.9648,511.57254,0.972733
721.6762,526.6286,732.9903,512.1133,0.87684757
741.18097,526.6286,753.8144,512.0871,0.4726587
760.6857,526.6286,772.6981,511.96103,0.9574256
780.1905,526.6286,793.15295,512.21313,0.9938453
799.69525,526.6286,810.7974,512.16724,0.99471396
819.2,526.6286,831.7474,512.58887,0.9854834
838.7048,526.6286,851.2768,512.3242,0.9283088
858.20953,526.6286,869.8589,512.82605,0.7404432
877.7143,526.6286,889.4042,513.3527,0.8978925
897.21906,526.6286,908.8649,512.5574,0.67183125
916.7238,526.6286,928.6972,512.9094,0.88082445
936.22864,526.6286,948.5936,512.8932,0.9135423
955.7334,526.6286,968.99854,512.1042,0.94146687
975.23816,526.6286,987.224,512.4756,0.94534546
994.7429,526.6286,1008.4216,512.6832,0.9679912
1014.2477,526.6286,1026.4279,513.0061,0.98782676
1033.7524,526.6286,1046.291,513.2615,0.734743
1053.2572,526.6286,1066.8569,512.1609,0.7482667
1072.762,526.6286,1086.0449,514.26434,0.9518217
1092.2667,526.6286,1103.4856,512.7772,0.90071046
1111.7715,526.6286,1123.7446,512.87024,0.9202762
1131.2762,526.6286,1144.5873,511.99054,0.95098627
1150.781,526.6286,1163.6252,513.44006,0.9751978
1170.2858,526.6286,1184.146,513.759,0.96642905
1189.7905,526.6286,1203.1967,513.2049,0.74958295
1209.2953,526.6286,1221.5981,513.3565,0.44280067
1228.8,526.6286,1240.7676,513.1314,0.37877843
1248.3048,526.6286,1261.2432,513.7134,0.674324
1267.8096,526.6286,1279.4579,515.2126,0.33032978
1287.3143,526.6286,1299.7473,514.0945,0.70143855
1306.8191,526.6286,1318.3912,514.5226,0.4981824
1326.3239,526.6286,1338.5193,514.3773,0.562979
1345.8286,526.6286,1356.9694,514.53735,0.412194
1365.3334,526.6286,1378.1212,514.32733,0.50988704
1384.8381,526.6286,1397.1504,514.0304,0.3018402
1404.3429,526.6286,1416.2917,513.2665,0.88869756
1423.8477,526.6286,1436.9592,514.84674,0.95952713
1443.3524,526.6286,1456.2343,514.679,0.6208743
1462.8572,526.6286,1473.4501,514.925,0.63425606
1482.3619,526.6286,1493.6158,515.0117,0.5775388
1501.8667,526.6286,1513.7885,513.8616,0.8297687
1521.3715,526.6286,1533.8372,513.5914,0.86749375
1540.8762,526.6286,1554.3495,514.64386,0.96740544
1560.381,526.6286,1574.775,515.3673,0.9085405
1579.8857,526.6286,1592.5902,512.9654,0.958994
1599.3905,526.6286,1612.6012,514.28595,0.6713121
1618.8953,526.6286,1631.1676,514.9949,0.9607168
1638.4,526.6286,1651.5623,514.771,0.9589678
1657.9048,526.6286,1670.7334,514.8786,0.8677417
1677.4095,526.6286,1690.6445,514.3306,0.93840796
1696.9143,526.6286,1708.228,514.9579,0.85932684
1716.4191,526.6286,1729.2013,513.9379,0.81292564
1735.9238,526.6286,1747.8658,514.7338,0.94448465
1755.4286,526.6286,1767.4288,515.34015,0.97296464
1774.9333,526.6286,1787.6874,514.36224,0.9345456
1794.4381,526.6286,1806.9077,514.75714,0.95232576
1813.9429,526.6286,1827.1504,514.7276,0.9824766
1833.4476,526.6286,1846.5817,515.5515,0.9377416
1852.9524,526.6286,1866.6095,514.90814,0.9749218
1872.4573,526.6286,1885.3477,514.5327,0.76203704
1891.962,526.6286,1904.4801,514.7896,0.6718316
1930.9716,526.6286,1944.6138,513.87555,0.38528702
1950.4763,526.6286,1963.486,515.29193,0.87724686
1969.9811,526.6286,1982.2794,515.5713,0.61897033
39.009525,546.13336,52.232174,529.5515,0.8832638
58.51429,546.13336,71.5216,530.7126,0.8090997
78.01905,546.13336,90.4643,530.3295,0.8011489
97.52381,546.13336,110.22921,530.4271,0.4380376
117.02858,546.13336,128.67068,529.5099,0.8499971
136.53334,546.13336,150.8268,530.9735,0.8917364
156.0381,546.13336,168.02177,530.9185,0.8639178
175.54286,546.13336,187.24522,530.6053,0.6566143
195.04762,546.13336,206.50775,531.182,0.93702036
214.55238,546.13336,228.29277,530.98944,0.9647042
234.05716,546.13336,247.64845,531.23474,0.9499628
253.56192,546.13336,266.81583,531.1683,0.9013969
273.06668,546.13336,286.00287,531.0586,0.924649
292.57144,546.13336,306.3396,530.8281,0.38900498
312.0762,546.13336,324.42932,531.02374,0.44852203
331.58096,546.13336,343.15088,531.43176,0.5496899
351.08572,546.13336,363.4342,531.5808,0.9326647
370.59048,546.13336,383.8209,531.33307,0.8926875
390.09525,546.13336,402.2099,531.16797,0.89666694
409.6,546.13336,421.65747,531.2886,0.9789524
429.10477,546.13336,442.66144,531.4496,0.97860456
448.60953,546.13336,462.2339,531.20197,0.98221004
468.11432,546.13336,480.54996,531.3356,0.992822
487.61908,546.13336,499.67062,531.2305,0.97921824
507.12384,546.13336,519.7367,531.10895,0.9166235
526.6286,546.13336,539.3883,531.1459,0.9104804
546.13336,546.13336,558.42834,531.1993,0.61840636
565.6381,546.13336,577.1307,531.4533,0.95292056
585.1429,546.13336,596.695,531.70154,0.94309056
604.64764,546.13336,617.0707,532.0496,0.8254905
643.65717,546.13336,655.56445,531.6572,0.41661283
663.1619,546.13336,674.4792,531.41394,0.76019806
682.6667,546.13336,695.49646,531.8617,0.93101186
702.17145,546.13336,715.1936,531.59766,0.878869
721.6762,546.13336,733.0498,531.58636,0.94083834
741.18097,546.13336,752.44543,531.92267,0.86062586
760.6857,546.13336,773.22156,531.9169,0.9762529
780.1905,546.13336,792.9425,531.83716,0.9766043
799.69525,546.13336,811.6594,531.8554,0.9533672
819.2,546.13336,830.5749,531.93756,0.97428805
838.7048,546.13336,850.9676,531.7576,0.95229226
858.20953,546.13336,870.0198,531.94464,0.7551049
877.7143,546.13336,890.65405,531.90784,0.783475
897.21906,546.13336,909.9435,532.69495,0.868958
916.7238,546.13336,930.01996,532.82043,0.94559056
936.22864,546.13336,948.7572,532.5549,0.9083427
955.7334,546.13336,967.1864,532.47217,0.97441757
975.23816,546.13336,988.14594,533.48157,0.9585573
994.7429,546.13336,1008.5563,532.07263,0.99481845
1014.2477,546.13336,1027.4863,531.8005,0.9568915
1033.7524,546.13336,1045.3367,532.15454,0.918847
1053.2572,546.13336,1064.7826,532.1707,0.90529186
1072.762,546.13336,1085.9056,532.1729,0.96532786
1092.2667,546.13336,1103.815,532.2913,0.90331894
1111.7715,546.13336,1124.7242,533.24066,0.85226214
1131.2762,546.13336,1144.1155,532.6143,0.8721015
1150.781,546.13336,1164.347,533.03973,0.846309
1170.2858,546.13336,1182.4017,533.6892,0.86008835
1189.7905,546.13336,1202.7954,532.1455,0.69709593
1209.2953,546.13336,1222.9268,532.3101,0.7356481
1248.3048,546.13336,1261.3497,533.6681,0.2799074
1267.8096,546.13336,1281.6716,533.36304,0.39157537
1287.3143,546.13336,1300.152,533.9783,0.30998543
1326.3239,546.13336,1339.0065,532.4107,0.686821
1345.8286,546.13336,1357.8383,533.12616,0.2867322
1365.3334,546.13336,1377.1929,533.37714,0.3273868
1384.8381,546.13336,1397.166,534.1476,0.5050544
1404.3429,546.13336,1417.6274,534.578,0.44381094
1423.8477,546.13336,1437.8158,533.8145,0.83439577
1443.3524,546.13336,1456.8386,533.54565,0.89468
1462.8572,546.13336,1474.579,534.7787,0.8603682
1482.3619,546.13336,1495.056,534.5954,0.3148266
1501.8667,546.13336,1513.9738,533.48645,0.76416785
1521.3715,546.13336,1533.5203,534.0358,0.87830245
1540.8762,546.13336,1553.724,533.741,0.9074545
1560.381,546.13336,1573.1385,534.0805,0.85417026
1579.8857,546.13336,1592.8065,533.92035,0.8517318
1599.3905,546.13336,1611.7191,534.78876,0.48492604
1618.8953,546.13336,1631.4529,533.7969,0.8364575
1638.4,546.13336,1651.5426,533.13666,0.8889213
1657.9048,546.13336,1670.646,534.2035,0.35080606
1677.4095,546.13336,1690.7196,534.06714,0.2785421
1696.9143,546.13336,1708.8175,533.5124,0.8058665
1716.4191,546.13336,1729.2816,533.97736,0.7506298
1735.9238,546.13336,1748.4471,533.89996,0.94342905
1755.4286,546.13336,1767.6389,534.69495,0.86107427
1774.9333,546.13336,1788.3094,533.9299,0.51850146
1794.4381,546.13336,1808.115,533.5725,0.83816487
1813.9429,546.13336,1826.727,534.05566,0.9544471
1833.4476,546.13336,1846.8468,534.8444,0.97086877
1852.9524,546.13336,1864.8423,534.8862,0.92353785
1872.4573,546.13336,1885.6306,534.1659,0.8491765
1891.962,546.13336,1903.8177,534.1553,0.30899832
1950.4763,546.13336,1962.7974,534.00824,0.56289893
1969.9811,546.13336,1982.0891,534.482,0.7053772
39.009525,565.6381,51.85055,550.5983,0.44662285
58.51429,565.6381,71.37849,550.6905,0.9137332
78.01905,565.6381,90.337036,550.5282,0.79588115
97.52381,565.6381,109.9973,550.2501,0.56613994
117.02858,565.6381,129.1457,549.37476,0.90128237
136.53334,565.6381,149.69926,550.1672,0.9576594
156.0381,565.6381,168.62155,550.8028,0.94360393
175.54286,565.6381,187.94519,550.0388,0.6072483
195.04762,565.6381,207.22752,550.9354,0.9710642
214.55238,565.6381,227.82393,550.95935,0.9654217
234.05716,565.6381,246.97285,550.544,0.869888
253.56192,565.6381,265.69827,550.6642,0.8843934
273.06668,565.6381,286.23837,551.14374,0.96861535
292.57144,565.6381,304.42807,550.436,0.9101855
312.0762,565.6381,325.3342,550.4833,0.8930583
331.58096,565.6381,344.48044,550.606,0.9607775
351.08572,565.6381,363.39944,550.8283,0.9165319
370.59048,565.6381,383.68857,550.7701,0.96021247
390.09525,565.6381,402.6575,550.83405,0.9343956
409.6,565.6381,422.4031,550.73206,0.9439099
429.10477,565.6381,442.05258,550.687,0.850441
448.60953,565.6381,461.21515,551.0261,0.9506846
468.11432,565.6381,480.94656,551.06934,0.8163869
487.61908,565.6381,500.4566,551.04736,0.9787819
507.12384,565.6381,520.3689,550.64746,0.97248113
526.6286,565.6381,539.25366,550.6454,0.75471824
546.13336,565.6381,559.2768,550.9869,0.4079252
565.6381,565.6381,579.4927,550.8391,0.92140913
585.1429,565.6381,598.12836,551.1983,0.8267035
604.64764,565.6381,617.14386,551.0901,0.5340261
624.1524,565.6381,637.34625,551.2839,0.74930173
643.65717,565.6381,656.4853,550.5619,0.7711599
663.1619,565.6381,676.37714,550.6803,0.6829309
682.6667,565.6381,695.1823,550.58875,0.8647057
702.17145,565.6381,714.4088,551.66595,0.5949448
721.6762,565.6381,733.431,551.35004,0.94860166
741.18097,565.6381,752.69073,551.00287,0.9508659
760.6857,565.6381,772.7676,551.3257,0.9847024
780.1905,565.6381,793.38336,551.28754,0.9948046
799.69525,565.6381,811.0821,550.98047,0.9918197
819.2,565.6381,830.9843,551.80975,0.9860782
838.7048,565.6381,851.0546,551.1851,0.9368494
858.20953,565.6381,870.28564,551.20935,0.97914225
877.7143,565.6381,891.09827,551.9726,0.9788763
897.21906,565.6381,910.5953,551.8791,0.9869106
916.7238,565.6381,928.9081,552.16364,0.96425676
936.22864,565.6381,950.40857,551.19403,0.9682018
955.7334,565.6381,969.39984,552.40137,0.9639593
975.23816,565.6381,989.08777,551.2964,0.9941215
994.7429,565.6381,1008.18335,552.98816,0.98750496
1014.2477,565.6381,1027.4863,551.1776,0.90297484
1033.7524,565.6381,1046.4833,552.1581,0.8937627
1053.2572,565.6381,1065.0333,551.9891,0.96502936
1072.762,565.6381,1085.5249,552.26404,0.98747003
1092.2667,565.6381,1106.0537,551.6379,0.98213565
1111.7715,565.6381,1124.8362,551.81494,0.7581855
1131.2762,565.6381,1143.6743,551.9965,0.44514257
1150.781,565.6381,1164.1318,552.54834,0.82782894
1170.2858,565.6381,1182.979,552.5654,0.9232622
1189.7905,565.6381,1203.0942,551.72925,0.61037946
1209.2953,565.6381,1222.8749,551.5332,0.37983176
1248.3048,565.6381,1261.3743,552.21326,0.40466547
1267.8096,565.6381,1280.9739,552.52277,0.7309879
1287.3143,565.6381,1298.2238,552.78564,0.77782214
1326.3239,565.6381,1338.9225,552.53534,0.8598345
1345.8286,565.6381,1357.3575,552.34375,0.4002924
1384.8381,565.6381,1396.8411,552.962,0.29149395
1404.3429,565.6381,1417.6473,553.17773,0.7885197
1423.8477,565.6381,1437.4637,553.1899,0.75001186
1443.3524,565.6381,1456.8925,553.0755,0.6345043
1462.8572,565.6381,1475.75,553.3218,0.6366045
1482.3619,565.6381,1493.599,552.93665,0.36855006
1501.8667,565.6381,1515.5067,553.4427,0.21441166
1521.3715,565.6381,1533.6565,554.1362,0.787013
1540.8762,565.6381,1554.0397,552.812,0.8528302
1560.381,565.6381,1572.794,553.476,0.82404023
1579.8857,565.6381,1591.8428,554.3816,0.5519109
1599.3905,565.6381,1611.0887,554.0021,0.8472042
1618.8953,565.6381,1632.1785,553.37317,0.8986157
1638.4,565.6381,1651.6498,553.39276,0.92651224
1657.9048,565.6381,1671.1906,552.1226,0.6043669
1677.4095,565.6381,1689.566,553.5165,0.57006913
1696.9143,565.6381,1709.3575,553.36,0.7841296
1716.4191,565.6381,1729.6643,552.8004,0.87251806
1735.9238,565.6381,1748.9412,554.05676,0.9004852
1755.4286,565.6381,1767.5593,553.36145,0.9558462
1774.9333,565.6381,1788.4855,553.72894,0.9354745
1794.4381,565.6381,1807.4288,553.4472,0.76033425
1813.9429,565.6381,1826.4465,554.5481,0.8547826
1833.4476,565.6381,1846.3932,553.56006,0.6141534
1852.9524,565.6381,1865.2135,553.1432,0.7839592
1872.4573,565.6381,1884.5555,553.45404,0.62585384
1891.962,565.6381,1904.3547,554.7957,0.4602192
1911.4668,565.6381,1925.0977,554.48096,0.5826475
1930.9716,565.6381,1944.0919,553.74725,0.39381218
1950.4763,565.6381,1964.3558,553.2738,0.68250656
1969.9811,565.6381,1983.4514,554.6009,0.8511736
39.009525,585.1429,51.801285,570.16504,0.67574817
58.51429,585.1429,71.1006,569.06287,0.86719257
78.01905,585.1429,89.45229,569.804,0.8680036
97.52381,585.1429,110.46562,570.0606,0.81975573
117.02858,585.1429,129.30652,569.7118,0.89706403
136.53334,585.1429,147.64389,570.22217,0.9289834
156.0381,585.1429,168.19225,570.1269,0.8574876
175.54286,585.1429,188.32208,569.7613,0.8496712
195.04762,585.1429,206.23943,570.3245,0.94834316
214.55238,585.1429,227.28645,569.4173,0.901601
234.05716,585.1429,246.59976,569.7982,0.8699939
253.56192,585.1429,264.83704,570.504,0.8074321
273.06668,585.1429,285.88086,570.2428,0.69056845
292.57144,585.1429,304.78506,569.71124,0.89287436
312.0762,585.1429,324.43716,570.4358,0.91430455
331.58096,585.1429,344.04886,570.23737,0.9270116
351.08572,585.1429,362.98434,569.725,0.96770644
370.59048,585.1429,383.28632,570.6306,0.96064997
390.09525,585.1429,403.4863,570.099,0.9499308
409.6,585.1429,423.74164,570.6861,0.85650194
429.10477,585.1429,442.2205,570.25366,0.86855966
448.60953,585.1429,461.21124,569.8971,0.86958843
468.11432,585.1429,479.93463,570.5005,0.5849356
487.61908,585.1429,498.4255,571.1407,0.77511936
507.12384,585.1429,520.5909,570.095,0.97618556
526.6286,585.1429,540.6815,570.4731,0.96016574
546.13336,585.1429,558.1474,570.27924,0.69343287
565.6381,585.1429,580.4594,570.45575,0.764701
585.1429,585.1429,598.3629,570.8996,0.79571176
604.64764,585.1429,615.9175,570.565,0.7128824
624.1524,585.1429,637.01587,570.57764,0.78138566
643.65717,585.1429,657.49347,571.2404,0.9351379
663.1619,585.1429,676.7965,570.8199,0.9621593
682.6667,585.1429,693.7231,571.06036,0.9381183
702.17145,585.1429,714.9135,570.7647,0.8892893
721.6762,585.1429,733.8745,570.8347,0.97293824
741.18097,585.1429,752.742,570.65094,0.8767589
760.6857,585.1429,773.3227,571.0472,0.98054814
780.1905,585.1429,792.77783,570.7863,0.9842713
799.69525,585.1429,813.4255,570.74725,0.98515004
819.2,585.1429,830.99585,570.83386,0.9941827
838.7048,585.1429,851.7903,570.6898,0.9771272
858.20953,585.1429,869.99304,570.37494,0.99089456
877.7143,585.1429,890.53375,571.2502,0.99594843
897.21906,585.1429,909.6479,570.7821,0.9946911
916.7238,585.1429,928.3069,570.9561,0.94438213
936.22864,585.1429,949.5318,571.64624,0.9684186
955.7334,585.1429,969.8823,571.77277,0.97872186
975.23816,585.1429,989.22437,572.98553,0.99160063
994.7429,585.1429,1007.568,571.0251,0.9573027
1014.2477,585.1429,1026.5819,570.99915,0.93630344
1033.7524,585.1429,1046.5055,571.6407,0.9585286
1053.2572,585.1429,1065.0891,570.9559,0.98000884
1072.762,585.1429,1086.1305,572.1392,0.9859086
1092.2667,585.1429,1105.8411,570.8124,0.9856002
1111.7715,585.1429,1124.3662,572.4838,0.9216289
1131.2762,585.1429,1144.5482,571.89825,0.6863842
1150.781,585.1429,1163.0762,572.1512,0.61835444
1170.2858,585.1429,1183.5037,571.59674,0.82407534
1189.7905,585.1429,1201.7797,572.50415,0.74112785
1209.2953,585.1429,1222.3234,572.32404,0.84728205
1228.8,585.1429,1240.8842,572.16315,0.4670909
1248.3048,585.1429,1260.1207,571.4761,0.7465211
1267.8096,585.1429,1279.5945,571.75385,0.5393158
1287.3143,585.1429,1299.5774,571.52405,0.5084278
1306.8191,585.1429,1319.088,573.11163,0.34313276
1326.3239,585.1429,1338.2708,572.49884,0.4271064
1345.8286,585.1429,1357.4078,572.7376,0.8696541
1365.3334,585.1429,1378.3204,572.8846,0.85529834
1384.8381,585.1429,1396.3788,572.213,0.78802484
1404.3429,585.1429,1415.9866,572.7105,0.5728006
1423.8477,585.1429,1436.1769,572.1338,0.76697755
1443.3524,585.1429,1455.8776,573.4849,0.7576746
1462.8572,585.1429,1476.3245,572.2493,0.6227384
1482.3619,585.1429,1495.0264,572.4104,0.72015715
1501.8667,585.1429,1514.7312,571.95764,0.902728
1521.3715,585.1429,1533.5297,573.00433,0.7871866
1540.8762,585.1429,1552.8856,572.33887,0.875424
1560.381,585.1429,1572.1166,573.7439,0.7012787
1579.8857,585.1429,1593.0856,572.08624,0.4925424
1599.3905,585.1429,1612.1425,573.5642,0.8711635
1618.8953,585.1429,1631.8263,572.62897,0.40270892
1638.4,585.1429,1652.4642,572.2944,0.7814772
1657.9048,585.1429,1671.3896,574.1357,0.65625685
1677.4095,585.1429,1689.5142,573.0899,0.7593877
1696.9143,585.1429,1709.9058,572.6983,0.53215975
1716.4191,585.1429,1729.9528,573.54803,0.9125664
1735.9238,585.1429,1748.4883,573.5757,0.9322277
1755.4286,585.1429,1768.2294,572.8432,0.869668
1774.9333,585.1429,1787.7349,572.84314,0.9641838
1794.4381,585.1429,1807.1924,573.60565,0.91191673
1813.9429,585.1429,1826.8206,574.0103,0.71555376
1833.4476,585.1429,1847.2264,574.23694,0.9184409
1852.9524,585.1429,1865.7632,573.82043,0.55578196
1872.4573,585.1429,1885.3593,573.7541,0.45596677
1891.962,585.1429,1905.028,574.46326,0.80921763
1911.4668,585.1429,1924.6075,573.2663,0.5398706
1930.9716,585.1429,1944.4281,573.73663,0.48094144
1950.4763,585.1429,1963.8074,573.2737,0.61300814
1969.9811,585.1429,1984.5282,573.4797,0.5680402
39.009525,604.64764,52.204144,588.07465,0.55469894
58.51429,604.64764,70.06666,589.347,0.8362704
78.01905,604.64764,90.31947,589.3834,0.9514021
97.52381,604.64764,110.19798,589.0337,0.93837494
117.02858,604.64764,128.91536,589.5084,0.9588311
136.53334,604.64764,148.70822,589.03436,0.9437465
156.0381,604.64764,168.70627,588.012,0.64264196
175.54286,604.64764,188.42822,589.2623,0.6786555
195.04762,604.64764,208.85306,589.85626,0.9201724
214.55238,604.64764,226.50287,589.5632,0.8716779
234.05716,604.64764,246.7982,589.9963,0.9248613
253.56192,604.64764,265.89807,589.9735,0.95519304
273.06668,604.64764,284.90848,589.84607,0.8357411
292.57144,604.64764,305.15738,589.8765,0.92754763
312.0762,604.64764,323.84967,589.96075,0.74583155
331.58096,604.64764,344.64798,589.5265,0.832394
351.08572,604.64764,363.31555,589.7477,0.9565936
370.59048,604.64764,384.5132,589.7867,0.87037116
390.09525,604.64764,403.014,589.94025,0.39839077
409.6,604.64764,422.59125,590.06573,0.5402351
429.10477,604.64764,440.86386,589.40784,0.86682785
448.60953,604.64764,460.18695,590.14526,0.9287355
468.11432,604.64764,480.37192,589.7242,0.8539362
487.61908,604.64764,500.67435,589.94305,0.8908286
507.12384,604.64764,520.1134,589.66724,0.96618855
526.6286,604.64764,540.1177,590.5178,0.9331947
546.13336,604.64764,558.42413,590.1486,0.43481776
565.6381,604.64764,578.1255,590.24506,0.69281596
624.1524,604.64764,636.9153,589.85657,0.7701926
643.65717,604.64764,657.50104,590.3588,0.9565875
663.1619,604.64764,676.35156,590.1659,0.94363207
682.6667,604.64764,695.6595,590.2669,0.8861299
702.17145,604.64764,714.2107,589.9447,0.92815363
721.6762,604.64764,734.082,590.436,0.95061815
741.18097,604.64764,754.1127,590.20996,0.97396636
760.6857,604.64764,773.7646,590.40466,0.9764527
780.1905,604.64764,793.43195,590.2925,0.9747861
799.69525,604.64764,812.40045,590.2999,0.97185093
819.2,604.64764,831.4975,590.87115,0.9885884
838.7048,604.64764,851.77045,590.52966,0.98361635
858.20953,604.64764,871.31866,590.3495,0.9853934
877.7143,604.64764,890.2418,590.25305,0.9909374
897.21906,604.64764,908.67944,590.9576,0.99323624
916.7238,604.64764,928.4996,590.41077,0.9719654
936.22864,604.64764,948.42267,590.63904,0.82279426
955.7334,604.64764,969.0671,590.8061,0.9807748
975.23816,604.64764,987.345,591.1906,0.9772858
994.7429,604.64764,1006.8121,590.9976,0.7836874
1014.2477,604.64764,1027.0974,590.608,0.838363
1033.7524,604.64764,1045.4899,590.521,0.9587239
1053.2572,604.64764,1065.6571,590.2821,0.9731009
1072.762,604.64764,1084.1675,590.3179,0.94146067
1092.2667,604.64764,1104.3652,590.63684,0.8793624
1111.7715,604.64764,1123.7181,590.712,0.974123
1131.2762,604.64764,1143.1793,590.49713,0.9126677
1150.781,604.64764,1163.4386,591.18774,0.747998
1170.2858,604.64764,1182.8735,591.3081,0.72306156
1189.7905,604.64764,1201.8124,592.0956,0.55829036
1209.2953,604.64764,1221.8877,590.6903,0.94819635
1228.8,604.64764,1241.2517,591.8693,0.95422554
1248.3048,604.64764,1260.2635,592.76544,0.8876103
1267.8096,604.64764,1279.0807,591.611,0.951352
1287.3143,604.64764,1298.6976,590.78394,0.8976476
1306.8191,604.64764,1318.8104,591.3684,0.63933545
1326.3239,604.64764,1339.1586,590.79333,0.92384577
1345.8286,604.64764,1358.2769,591.1926,0.93749595
1365.3334,604.64764,1377.9198,591.0867,0.95991266
1384.8381,604.64764,1397.6246,591.5154,0.96252394
1404.3429,604.64764,1418.1796,592.66907,0.91220486
1423.8477,604.64764,1438.0491,592.7173,0.4797647
1443.3524,604.64764,1455.8495,592.53625,0.7896333
1462.8572,604.64764,1475.1942,592.50226,0.8899224
1482.3619,604.64764,1495.2804,592.3267,0.8618598
1501.8667,604.64764,1513.339,593.1474,0.7538306
1521.3715,604.64764,1532.8564,591.85205,0.71601415
1540.8762,604.64764,1553.1064,591.2557,0.9019031
1560.381,604.64764,1572.7876,592.2304,0.47426257
1579.8857,604.64764,1591.5708,591.6955,0.80414474
1599.3905,604.64764,1610.9424,591.0837,0.826752
1618.8953,604.64764,1632.1609,593.1571,0.72751695
1638.4,604.64764,1652.1473,591.8556,0.36208358
1657.9048,604.64764,1671.1351,591.5058,0.8423318
1677.4095,604.64764,1689.3752,591.41345,0.6645117
1696.9143,604.64764,1710.5543,591.11865,0.80689126
1716.4191,604.64764,1730.0181,592.5278,0.7486945
1735.9238,604.64764,1748.9508,592.2159,0.8668148
1755.4286,604.64764,1767.7457,593.5383,0.8729904
1774.9333,604.64764,1787.1099,592.13696,0.713238
1794.4381,604.64764,1807.6245,592.51263,0.8631044
1813.9429,604.64764,1826.7726,593.0851,0.6789138
1833.4476,604.64764,1846.2279,593.1797,0.7010535
1852.9524,604.64764,1866.4734,593.60614,0.4987258
1872.4573,604.64764,1885.6945,592.58136,0.54808384
1891.962,604.64764,1904.3119,592.7987,0.53223395
1911.4668,604.64764,1924.9734,592.1744,0.29673994
1930.9716,604.64764,1944.0931,592.8084,0.43768814
1950.4763,604.64764,1963.1876,592.2239,0.46569777
58.51429,624.1524,70.924736,609.2302,0.68822825
78.01905,624.1524,89.54693,608.8093,0.8619385
97.52381,624.1524,109.850174,607.73914,0.94087327
117.02858,624.1524,128.3063,609.06433,0.97613883
136.53334,624.1524,148.76067,609.27826,0.88890636
156.0381,624.1524,169.53378,608.884,0.8694571
175.54286,624.1524,187.99495,608.9351,0.9412978
195.04762,624.1524,208.73581,608.6924,0.9425021
214.55238,624.1524,226.58058,608.4714,0.8449531
234.05716,624.1524,245.85277,609.3981,0.7739892
253.56192,624.1524,265.26578,609.9745,0.8638356
273.06668,624.1524,285.49402,609.3702,0.90509844
292.57144,624.1524,304.91568,609.2763,0.9286591
312.0762,624.1524,324.1007,608.4521,0.7575132
331.58096,624.1524,343.6919,609.465,0.7431972
351.08572,624.1524,363.5916,609.1858,0.79032785
370.59048,624.1524,382.2655,608.7929,0.7844272
390.09525,624.1524,403.64038,609.3712,0.5476255
409.6,624.1524,422.81903,609.7279,0.6604107
429.10477,624.1524,441.28973,609.2277,0.95085734
448.60953,624.1524,459.96902,609.12506,0.9470082
468.11432,624.1524,479.83997,609.5372,0.819948
487.61908,624.1524,500.97977,609.3205,0.96721584
507.12384,624.1524,519.80286,609.1122,0.9450068
526.6286,624.1524,539.66284,609.501,0.6085936
546.13336,624.1524,559.90656,609.29126,0.86675966
565.6381,624.1524,577.79785,609.5275,0.85500246
585.1429,624.1524,595.9915,609.10614,0.39621338
604.64764,624.1524,617.49835,609.44086,0.5574339
624.1524,624.1524,636.6508,610.0608,0.8791585
643.65717,624.1524,656.06506,609.5132,0.98094535
663.1619,624.1524,676.7058,609.61646,0.94093055
682.6667,624.1524,695.14264,609.2366,0.92881054
702.17145,624.1524,714.05804,609.7443,0.91440576
721.6762,624.1524,733.94824,610.5304,0.8965087
741.18097,624.1524,754.0903,609.76,0.93385553
760.6857,624.1524,774.3748,609.5887,0.9656858
780.1905,624.1524,793.37695,609.81494,0.9169116
799.69525,624.1524,811.4947,609.5356,0.9428939
819.2,624.1524,831.48004,610.0825,0.9173357
838.7048,624.1524,851.61115,611.6111,0.9587177
858.20953,624.1524,871.27734,610.33966,0.97322017
877.7143,624.1524,889.7492,609.92084,0.96888375
897.21906,624.1524,908.68085,609.5651,0.9472328
916.7238,624.1524,928.12006,610.5562,0.93033165
936.22864,624.1524,948.7926,610.5408,0.9635583
955.7334,624.1524,968.97473,609.95593,0.9861379
975.23816,624.1524,988.7992,611.4945,0.97528857
994.7429,624.1524,1009.6436,610.79095,0.95515084
1014.2477,624.1524,1027.574,609.8319,0.80056876
1033.7524,624.1524,1046.7538,609.86176,0.9109212
1053.2572,624.1524,1064.9727,610.2446,0.87706906
1072.762,624.1524,1084.588,610.663,0.9051058
1092.2667,624.1524,1104.2993,610.34174,0.87618726
1111.7715,624.1524,1123.2689,610.5086,0.9659515
1131.2762,624.1524,1142.0366,610.32416,0.88569546
1150.781,624.1524,1162.7568,610.1837,0.60105217
1170.2858,624.1524,1181.2693,610.2409,0.5223682
1189.7905,624.1524,1201.9695,610.1191,0.6514181
1209.2953,624.1524,1221.6055,610.276,0.9257394
1228.8,624.1524,1241.6349,610.1846,0.8587799
1248.3048,624.1524,1259.4801,610.1838,0.8884463
1267.8096,624.1524,1280.467,610.9485,0.97557825
1287.3143,624.1524,1299.434,610.93536,0.9574645
1306.8191,624.1524,1319.4052,611.6013,0.97100234
1326.3239,624.1524,1339.3639,611.2009,0.93920624
1345.8286,624.1524,1357.5569,610.75385,0.8542052
1365.3334,624.1524,1378.4982,610.8241,0.9363705
1384.8381,624.1524,1397.0548,611.7486,0.9304681
1404.3429,624.1524,1417.8722,612.6529,0.92582566
1423.8477,624.1524,1436.5223,611.17975,0.8334164
1443.3524,624.1524,1455.7255,611.4135,0.94896287
1462.8572,624.1524,1476.0612,611.6961,0.8135583
1482.3619,624.1524,1494.817,612.2001,0.73533887
1501.8667,624.1524,1513.8806,611.5745,0.73739547
1521.3715,624.1524,1533.6144,612.15405,0.634749
1540.8762,624.1524,1552.7122,612.8854,0.69468683
1560.381,624.1524,1572.9221,611.6552,0.78795725
1579.8857,624.1524,1592.7295,612.0168,0.7894874
1599.3905,624.1524,1611.0099,610.51,0.51453775
1618.8953,624.1524,1632.4193,611.75305,0.40656996
1638.4,624.1524,1652.6259,611.7263,0.35706446
1657.9048,624.1524,1670.5127,610.95715,0.8915602
1677.4095,624.1524,1691.0648,610.83545,0.9064109
1696.9143,624.1524,1709.5953,611.65967,0.8558855
1716.4191,624.1524,1729.7815,611.9633,0.83398336
1735.9238,624.1524,1748.5776,611.6902,0.6658976
1755.4286,624.1524,1768.1654,612.41437,0.80153793
1774.9333,624.1524,1787.6885,612.6755,0.7733283
1794.4381,624.1524,1806.673,612.0007,0.7563344
1813.9429,624.1524,1826.9652,612.88904,0.7364059
1833.4476,624.1524,1846.1008,612.78723,0.31076664
1852.9524,624.1524,1867.2333,612.859,0.3052395
1891.962,624.1524,1905.8685,611.77325,0.5573288
1911.4668,624.1524,1924.8856,611.46454,0.5205717
1930.9716,624.1524,1943.7085,612.5822,0.46038792
1950.4763,624.1524,1963.5004,612.6049,0.23390256
58.51429,643.65717,71.79726,628.38074,0.42996588
78.01905,643.65717,91.10434,628.9162,0.8482801
97.52381,643.65717,109.179886,628.9818,0.91253054
117.02858,643.65717,129.2141,627.4203,0.9269866
136.53334,643.65717,148.3721,628.8057,0.97297764
156.0381,643.65717,169.61978,628.10114,0.8992889
175.54286,643.65717,187.98341,629.0811,0.9741899
195.04762,643.65717,207.21008,628.15533,0.9720181
214.55238,643.65717,226.86824,628.69135,0.9196116
234.05716,643.65717,245.77339,628.9168,0.923349
253.56192,643.65717,266.7833,628.8835,0.8972823
273.06668,643.65717,286.07013,629.2081,0.95592195
292.57144,643.65717,307.16495,628.8943,0.96111107
312.0762,643.65717,325.148,628.616,0.8479292
331.58096,643.65717,343.63528,628.8693,0.91306585
351.08572,643.65717,364.21222,627.88336,0.8346438
370.59048,643.65717,383.34662,628.0592,0.86718434
390.09525,643.65717,402.1209,628.50134,0.8536695
409.6,643.65717,422.0984,628.3661,0.74580157
429.10477,643.65717,441.18015,628.23846,0.9030744
448.60953,643.65717,460.47687,629.44006,0.74717444
468.11432,643.65717,479.7103,629.5686,0.765819
487.61908,643.65717,501.33163,628.8742,0.5219551
507.12384,643.65717,520.0328,628.68286,0.8663648
526.6286,643.65717,539.5445,628.34576,0.92184174
546.13336,643.65717,560.041,628.16986,0.9740082
565.6381,643.65717,578.97394,628.9127,0.8108179
585.1429,643.65717,598.40857,628.8402,0.6320282
604.64764,643.65717,616.473,629.6054,0.684864
624.1524,643.65717,636.07385,629.1208,0.9009807
643.65717,643.65717,655.92584,629.335,0.9539035
663.1619,643.65717,674.9257,629.4876,0.9402947
682.6667,643.65717,694.4119,629.21735,0.97736925
702.17145,643.65717,715.45776,628.88403,0.9959115
721.6762,643.65717,734.9551,629.36334,0.9873493
741.18097,643.65717,755.70123,629.26544,0.9707936
760.6857,643.65717,773.0878,629.14844,0.9749791
780.1905,643.65717,791.81836,628.8959,0.867692
799.69525,643.65717,811.2749,629.4218,0.9508147
819.2,643.65717,830.4588,629.1236,0.9019125
838.7048,643.65717,852.2686,630.77954,0.95435995
858.20953,643.65717,869.9869,629.87463,0.96306133
877.7143,643.65717,889.9099,629.9863,0.88124347
897.21906,643.65717,908.8746,629.5185,0.7977273
916.7238,643.65717,927.9659,629.64557,0.8604534
936.22864,643.65717,948.2594,629.49365,0.6467465
955.7334,643.65717,970.223,630.1557,0.9889285
975.23816,643.65717,990.24713,629.8498,0.9627975
1014.2477,643.65717,1028.2164,630.78485,0.8587771
1033.7524,643.65717,1047.6924,630.3448,0.9518842
1053.2572,643.65717,1065.5295,629.79095,0.9608982
1072.762,643.65717,1085.1868,629.8373,0.9663714
1092.2667,643.65717,1104.4056,630.4983,0.872196
1111.7715,643.65717,1124.0468,630.6008,0.94287133
1131.2762,643.65717,1144.2761,630.1212,0.736402
1150.781,643.65717,1163.5314,629.7672,0.20041527
1170.2858,643.65717,1182.4404,629.6351,0.6576494
1189.7905,643.65717,1201.6094,630.535,0.8241733
1209.2953,643.65717,1222.2975,630.0508,0.884068
1228.8,643.65717,1240.5778,629.7801,0.81676203
1248.3048,643.65717,1260.1527,630.85004,0.8488917
1267.8096,643.65717,1279.8278,630.3494,0.92220914
1287.3143,643.65717,1299.9027,631.3111,0.95526063
1306.8191,643.65717,1318.8895,630.5387,0.9512351
1326.3239,643.65717,1339.9379,630.1552,0.8450186
1345.8286,643.65717,1357.0908,631.86584,0.61846435
1365.3334,643.65717,1377.2668,630.64594,0.7374516
1384.8381,643.65717,1397.8732,631.485,0.96970737
1404.3429,643.65717,1417.1697,631.8155,0.9703603
1423.8477,643.65717,1435.2919,630.9013,0.9418806
1443.3524,643.65717,1457.6714,631.54376,0.92950135
1462.8572,643.65717,1476.4563,629.9673,0.9701909
1482.3619,643.65717,1495.9861,630.7087,0.91775745
1501.8667,643.65717,1514.4663,630.97906,0.9481433
1521.3715,643.65717,1534.4974,631.9183,0.8714087
1540.8762,643.65717,1552.2035,632.3354,0.934045
1560.381,643.65717,1572.7512,631.21967,0.9412055
1579.8857,643.65717,1593.0647,631.2961,0.83224857
1599.3905,643.65717,1611.9908,630.4253,0.5056702
1618.8953,643.65717,1632.4955,630.5444,0.42132568
1638.4,643.65717,1652.1985,632.75055,0.60428715
1657.9048,643.65717,1671.254,632.1273,0.7092519
1677.4095,643.65717,1689.7953,631.4016,0.6621861
1696.9143,643.65717,1711.5154,632.8667,0.6111114
1716.4191,643.65717,1729.4882,631.38074,0.8320749
1735.9238,643.65717,1748.775,630.75476,0.5920907
1755.4286,643.65717,1769.7795,630.91077,0.49001065
1774.9333,643.65717,1787.8986,630.3335,0.3269758
1794.4381,643.65717,1807.2809,630.89355,0.8575608
1813.9429,643.65717,1827.3009,632.29175,0.29831845
1833.4476,643.65717,1846.6682,631.9986,0.5607564
1852.9524,643.65717,1866.8188,632.65674,0.426565
1872.4573,643.65717,1885.5214,631.74115,0.7691396
1891.962,643.65717,1904.7869,631.5119,0.32268256
1930.9716,643.65717,1945.3619,631.59906,0.75428516
1950.4763,643.65717,1964.8518,631.5246,0.78268796
1969.9811,643.65717,1982.7196,631.4914,0.47755072
39.009525,663.1619,51.38611,647.53217,0.29621184
58.51429,663.1619,70.08303,647.84796,0.6634947
78.01905,663.1619,90.27321,647.7323,0.8594663
97.52381,663.1619,109.006676,647.46704,0.8613681
117.02858,663.1619,128.5135,647.707,0.8573777
136.53334,663.1619,148.54285,647.1535,0.9438042
156.0381,663.1619,167.98288,648.1394,0.9477619
175.54286,663.1619,188.79228,647.02277,0.99390846
195.04762,663.1619,209.21225,647.75885,0.9952647
214.55238,663.1619,226.89719,647.63617,0.99022096
234.05716,663.1619,248.33733,648.06134,0.9695581
253.56192,663.1619,267.09848,648.21857,0.9582987
273.06668,663.1619,286.02368,648.6976,0.961791
292.57144,663.1619,305.97028,647.62274,0.9826141
312.0762,663.1619,325.04892,647.8133,0.91552746
331.58096,663.1619,342.82037,648.42596,0.85075396
351.08572,663.1619,364.25128,648.45306,0.9567915
370.59048,663.1619,383.58887,647.65234,0.8073387
390.09525,663.1619,402.75363,648.1763,0.90437675
409.6,663.1619,422.99905,647.61,0.929754
429.10477,663.1619,440.9475,648.0232,0.8242124
448.60953,663.1619,461.49347,648.52594,0.66206455
468.11432,663.1619,480.6788,647.5944,0.71668
487.61908,663.1619,501.0172,648.53204,0.7838942
507.12384,663.1619,520.61615,648.46295,0.9186157
526.6286,663.1619,539.72986,647.64215,0.988433
546.13336,663.1619,559.753,648.78455,0.9915176
565.6381,663.1619,580.05536,648.19086,0.9218134
585.1429,663.1619,599.5666,648.4239,0.83153564
604.64764,663.1619,618.9519,648.33203,0.9523769
624.1524,663.1619,636.1924,648.3959,0.82830644
643.65717,663.1619,655.536,648.6537,0.9558901
663.1619,663.1619,675.07184,649.0688,0.86641407
682.6667,663.1619,694.6232,649.12805,0.9796689
702.17145,663.1619,716.6114,649.12,0.9966038
721.6762,663.1619,735.20984,649.355,0.9859307
741.18097,663.1619,754.7967,649.14233,0.9870315
760.6857,663.1619,773.5738,648.8815,0.9710304
780.1905,663.1619,792.2731,649.0705,0.85500246
799.69525,663.1619,811.66095,648.8751,0.9420783
819.2,663.1619,831.04456,648.7527,0.9506809
838.7048,663.1619,851.7567,648.61597,0.93716794
858.20953,663.1619,869.9588,649.05756,0.95501155
877.7143,663.1619,890.26556,649.29205,0.9191442
897.21906,663.1619,909.4731,649.9754,0.81993145
916.7238,663.1619,929.126,649.4513,0.53813404
936.22864,663.1619,948.6988,649.2447,0.95301706
955.7334,663.1619,969.9903,649.3189,0.9429634
975.23816,663.1619,988.11395,649.11066,0.953624
994.7429,663.1619,1009.0087,650.00916,0.7925244
1014.2477,663.1619,1027.5825,649.37274,0.84996974
1033.7524,663.1619,1045.8862,650.1637,0.8319616
1053.2572,663.1619,1065.7504,649.0267,0.9057407
1072.762,663.1619,1085.1599,650.0491,0.9213046
1092.2667,663.1619,1104.8529,649.4017,0.9500746
1111.7715,663.1619,1123.2845,649.4541,0.8539345
1131.2762,663.1619,1143.4146,649.31616,0.7727354
1189.7905,663.1619,1202.2296,650.587,0.72352904
1209.2953,663.1619,1221.4352,650.0818,0.7631734
1228.8,663.1619,1241.1018,649.6799,0.79998773
1248.3048,663.1619,1260.8755,649.99884,0.82598454
1267.8096,663.1619,1279.9855,649.8461,0.8068269
1287.3143,663.1619,1299.5569,649.9078,0.9262888
1306.8191,663.1619,1319.3828,650.904,0.754938
1326.3239,663.1619,1338.429,651.2048,0.4658225
1345.8286,663.1619,1358.1681,649.7135,0.33868277
1365.3334,663.1619,1377.0896,649.8375,0.7629432
1384.8381,663.1619,1397.5513,652.1545,0.84515077
1404.3429,663.1619,1416.2075,649.8073,0.8473967
1423.8477,663.1619,1436.9568,649.83673,0.9284604
1443.3524,663.1619,1455.5887,649.9428,0.89751685
1462.8572,663.1619,1476.2355,651.1235,0.92249566
1482.3619,663.1619,1496.0869,650.1029,0.9685608
1501.8667,663.1619,1514.6764,649.7359,0.98970574
1521.3715,663.1619,1533.8546,649.9387,0.93500733
1540.8762,663.1619,1554.1584,650.74475,0.90797263
1560.381,663.1619,1573.5187,650.734,0.7723608
1579.8857,663.1619,1592.9385,651.69836,0.8183322
1599.3905,663.1619,1611.812,650.9214,0.570262
1618.8953,663.1619,1631.2416,650.4316,0.77261055
1638.4,663.1619,1651.6576,651.34894,0.5670444
1657.9048,663.1619,1672.2919,651.28125,0.588474
1677.4095,663.1619,1690.4135,651.0062,0.78161824
1696.9143,663.1619,1710.614,649.7152,0.8589597
1716.4191,663.1619,1730.2954,652.1786,0.27444193
1755.4286,663.1619,1768.2743,651.7989,0.5367539
1774.9333,663.1619,1787.9045,651.0376,0.5927426
1794.4381,663.1619,1807.1844,651.6495,0.8314757
1813.9429,663.1619,1826.4863,650.3403,0.80928034
1833.4476,663.1619,1846.402,651.68945,0.8019477
1852.9524,663.1619,1866.1252,651.40247,0.67482257
1872.4573,663.1619,1885.3208,651.6949,0.6247065
1891.962,663.1619,1904.777,650.777,0.60481876
1911.4668,663.1619,1923.816,651.3114,0.63554645
1930.9716,663.1619,1945.0472,650.7671,0.7108009
1950.4763,663.1619,1964.1877,650.1541,0.51572895
1969.9811,663.1619,1983.6425,649.3879,0.7791959
39.009525,682.6667,52.076115,666.5906,0.92694646
58.51429,682.6667,69.99183,666.11945,0.8350538
78.01905,682.6667,88.504135,667.79156,0.9123801
97.52381,682.6667,109.58222,667.40515,0.94466394
117.02858,682.6667,129.14073,667.0192,0.9523248
136.53334,682.6667,149.00204,667.22,0.9962667
156.0381,682.6667,167.4045,667.1168,0.9974433
175.54286,682.6667,188.76848,666.63025,0.99400187
195.04762,682.6667,207.4654,666.6443,0.993244
214.55238,682.6667,226.71983,667.16797,0.9803668
234.05716,682.6667,248.41699,667.17444,0.96626693
253.56192,682.6667,267.98685,667.7309,0.96117055
273.06668,682.6667,286.00012,667.2343,0.98584855
292.57144,682.6667,304.84714,667.3504,0.98566264
312.0762,682.6667,324.51645,667.6007,0.9767279
331.58096,682.6667,342.5372,667.72687,0.96156245
351.08572,682.6667,363.7399,668.1387,0.96392196
370.59048,682.6667,384.39215,667.89594,0.9255778
390.09525,682.6667,404.70285,667.6484,0.96177787
409.6,682.6667,423.0074,667.6356,0.9042584
429.10477,682.6667,441.60016,667.8603,0.9743733
448.60953,682.6667,461.76913,668.00726,0.85188866
468.11432,682.6667,479.4005,667.93085,0.7153193
487.61908,682.6667,499.3702,667.6982,0.88480246
507.12384,682.6667,518.88684,668.1216,0.9911739
526.6286,682.6667,539.6115,667.7259,0.98316765
546.13336,682.6667,559.7989,668.08624,0.97517496
565.6381,682.6667,579.3767,668.19965,0.7743325
585.1429,682.6667,596.66254,667.6812,0.54722404
604.64764,682.6667,617.0131,668.4016,0.72281134
624.1524,682.6667,636.93536,668.11005,0.9350345
643.65717,682.6667,655.87427,668.5012,0.80420667
663.1619,682.6667,675.2979,667.7666,0.74747694
682.6667,682.6667,695.7343,668.8113,0.9767533
702.17145,682.6667,715.9635,668.5467,0.98543805
721.6762,682.6667,734.5545,667.9899,0.9768726
741.18097,682.6667,754.7261,668.1941,0.9582864
760.6857,682.6667,773.9461,668.06757,0.9779043
780.1905,682.6667,792.7999,668.6075,0.96927124
799.69525,682.6667,812.28723,668.75226,0.98692626
819.2,682.6667,831.48517,668.38666,0.9606929
838.7048,682.6667,851.42365,668.3752,0.9024667
858.20953,682.6667,871.2815,668.5987,0.895079
877.7143,682.6667,889.60187,668.8588,0.8240712
897.21906,682.6667,908.954,668.5147,0.6706429
916.7238,682.6667,929.4548,669.08655,0.71940565
936.22864,682.6667,949.3397,669.4752,0.8780662
955.7334,682.6667,969.4272,668.9263,0.9682999
975.23816,682.6667,986.6429,668.48016,0.915823
994.7429,682.6667,1006.8217,668.33374,0.8645233
1014.2477,682.6667,1025.9253,668.4599,0.76766706
1033.7524,682.6667,1045.4482,669.1789,0.8529167
1053.2572,682.6667,1065.1854,668.5668,0.95629776
1072.762,682.6667,1085.0101,668.3815,0.88632447
1092.2667,682.6667,1103.9841,668.6551,0.8454254
1111.7715,682.6667,1124.6964,668.39825,0.7030506
1131.2762,682.6667,1143.5828,670.05426,0.70657605
1150.781,682.6667,1161.7836,668.92053,0.51325226
1170.2858,682.6667,1182.0482,668.5501,0.4640985
1189.7905,682.6667,1202.9849,669.00824,0.88472193
1209.2953,682.6667,1221.876,668.9745,0.74023384
1228.8,682.6667,1240.5754,669.3266,0.671673
1248.3048,682.6667,1259.6719,668.4982,0.7961731
1267.8096,682.6667,1280.3177,668.65625,0.7930461
1287.3143,682.6667,1299.3489,668.7027,0.8935716
1306.8191,682.6667,1319.1831,669.38715,0.8819219
1326.3239,682.6667,1337.6221,669.7848,0.63131726
1345.8286,682.6667,1356.8759,669.3653,0.5092532
1365.3334,682.6667,1378.8976,668.95337,0.7051407
1384.8381,682.6667,1398.4817,669.39636,0.48482347
1404.3429,682.6667,1415.0936,670.6239,0.91158736
1423.8477,682.6667,1436.6902,669.1233,0.95163506
1443.3524,682.6667,1456.8673,669.8648,0.8879744
1462.8572,682.6667,1476.2625,670.84625,0.9512533
1482.3619,682.6667,1494.8623,669.4999,0.78858095
1501.8667,682.6667,1514.8682,669.0623,0.94326687
1521.3715,682.6667,1533.7821,669.5628,0.959357
1540.8762,682.6667,1554.518,671.2349,0.9274399
1560.381,682.6667,1573.8267,670.0623,0.89622855
1579.8857,682.6667,1592.5795,670.8715,0.7712323
1599.3905,682.6667,1612.2114,670.3748,0.77534974
1618.8953,682.6667,1632.4156,670.1654,0.8579687
1638.4,682.6667,1650.6504,669.91925,0.5342309
1657.9048,682.6667,1670.315,670.1966,0.7490458
1677.4095,682.6667,1691.1929,671.5306,0.7906665
1696.9143,682.6667,1710.5181,670.71545,0.8798168
1716.4191,682.6667,1729.6768,669.5891,0.7495367
1755.4286,682.6667,1768.6073,671.95605,0.44044024
1774.9333,682.6667,1787.2462,671.99884,0.8527793
1794.4381,682.6667,1807.6588,672.13605,0.8847206
1813.9429,682.6667,1827.302,670.2553,0.8114336
1833.4476,682.6667,1846.2367,671.47437,0.8742879
1852.9524,682.6667,1865.9373,670.9367,0.6066884
1872.4573,682.6667,1885.4741,670.9872,0.91748565
1891.962,682.6667,1905.1816,669.73737,0.6806875
1911.4668,682.6667,1924.199,671.6017,0.2707176
1930.9716,682.6667,1944.9448,669.44794,0.32480493
1950.4763,682.6667,1963.94,671.17084,0.3741799
1969.9811,682.6667,1982.0396,669.8906,0.6189164
39.009525,702.17145,50.66658,686.8736,0.6552939
58.51429,702.17145,70.87812,685.4744,0.7996639
78.01905,702.17145,90.22941,686.29443,0.9310488
97.52381,702.17145,108.7325,687.02136,0.985104
117.02858,702.17145,129.32863,686.3901,0.99199355
136.53334,702.17145,149.92296,686.94867,0.9929229
156.0381,702.17145,167.98825,686.8315,0.992499
175.54286,702.17145,187.76627,686.64795,0.9744517
195.04762,702.17145,208.15332,686.9571,0.98157203
214.55238,702.17145,226.84431,687.33514,0.97308195
234.05716,702.17145,245.74623,686.812,0.87929493
253.56192,702.17145,266.74695,686.9854,0.82761747
273.06668,702.17145,285.53003,686.89703,0.96993905
292.57144,702.17145,304.39502,687.34595,0.8430216
312.0762,702.17145,324.381,687.15283,0.9877077
331.58096,702.17145,344.17892,687.32916,0.98457474
351.08572,702.17145,363.3186,687.467,0.96087027
370.59048,702.17145,385.37018,687.32025,0.9475967
390.09525,702.17145,404.72363,686.9908,0.98322517
409.6,702.17145,423.51016,687.8871,0.9894636
429.10477,702.17145,441.80313,687.6737,0.9850382
448.60953,702.17145,460.5166,687.395,0.9868323
468.11432,702.17145,480.00046,687.30536,0.97857964
487.61908,702.17145,501.45206,687.8165,0.9870122
507.12384,702.17145,519.4476,687.3925,0.92827004
526.6286,702.17145,538.9279,687.5161,0.97890604
546.13336,702.17145,560.06104,687.9025,0.9313099
565.6381,702.17145,579.2048,687.3694,0.830992
585.1429,702.17145,597.6791,687.64484,0.8455917
604.64764,702.17145,617.5642,688.092,0.8067641
624.1524,702.17145,637.5149,688.8297,0.97236097
643.65717,702.17145,657.0403,687.86285,0.9909446
663.1619,702.17145,675.6739,688.00885,0.95174736
682.6667,702.17145,694.1127,688.03784,0.8000777
702.17145,702.17145,714.69684,687.2252,0.8895689
721.6762,702.17145,734.4319,688.8245,0.9010533
741.18097,702.17145,753.9831,688.01685,0.93644184
760.6857,702.17145,774.05536,687.66034,0.9947108
780.1905,702.17145,791.97955,688.1185,0.95951784
799.69525,702.17145,812.9649,688.0966,0.9760968
819.2,702.17145,831.76117,687.88477,0.99303025
838.7048,702.17145,851.82556,687.6882,0.9680569
858.20953,702.17145,871.54785,688.0543,0.94912225
877.7143,702.17145,890.431,687.10724,0.7912037
897.21906,702.17145,909.183,688.2225,0.7901141
916.7238,702.17145,928.9,687.5891,0.7330938
936.22864,702.17145,948.23206,688.40204,0.94502056
955.7334,702.17145,967.83984,688.4675,0.9662583
975.23816,702.17145,987.454,687.89166,0.95297146
994.7429,702.17145,1006.57526,688.45374,0.97456115
1014.2477,702.17145,1027.0499,688.6937,0.9324196
1033.7524,702.17145,1046.1873,688.26276,0.9049498
1053.2572,702.17145,1065.7335,688.12067,0.7702283
1072.762,702.17145,1085.2983,687.7587,0.8132021
1092.2667,702.17145,1104.986,689.2313,0.8393123
1111.7715,702.17145,1124.5774,687.9119,0.90288186
1131.2762,702.17145,1145.3298,687.8084,0.9424971
1150.781,702.17145,1162.9857,688.45886,0.57146287
1170.2858,702.17145,1183.2327,687.78046,0.5187334
1189.7905,702.17145,1202.9111,687.47296,0.88215613
1209.2953,702.17145,1220.7784,688.328,0.81818616
1228.8,702.17145,1242.0236,688.16486,0.57014024
1248.3048,702.17145,1259.6465,689.2977,0.6421452
1267.8096,702.17145,1281.3634,689.2678,0.8582068
1287.3143,702.17145,1299.7655,689.5919,0.78632176
1306.8191,702.17145,1319.4758,688.5671,0.871093
1326.3239,702.17145,1337.7758,689.13306,0.8760645
1345.8286,702.17145,1357.4514,688.50146,0.54080266
1365.3334,702.17145,1376.9344,688.3419,0.6981994
1384.8381,702.17145,1397.2843,689.09827,0.8056181
1404.3429,702.17145,1416.9221,689.22205,0.9425459
1423.8477,702.17145,1436.3876,689.8202,0.9496634
1443.3524,702.17145,1456.7119,689.071,0.96617967
1462.8572,702.17145,1475.3607,690.1576,0.9665552
1501.8667,702.17145,1515.0514,689.1866,0.67107296
1521.3715,702.17145,1533.2952,689.6012,0.9781835
1540.8762,702.17145,1554.4596,690.4014,0.96837276
1560.381,702.17145,1573.6632,690.29565,0.8942367
1579.8857,702.17145,1591.6526,689.81616,0.8281649
1599.3905,702.17145,1610.9915,690.0787,0.87297606
1618.8953,702.17145,1631.1941,689.5405,0.7368298
1638.4,702.17145,1651.7043,689.5321,0.8510377
1657.9048,702.17145,1671.1117,688.6966,0.7640086
1677.4095,702.17145,1690.3013,689.2838,0.6479788
1696.9143,702.17145,1709.6177,689.7908,0.77977246
1716.4191,702.17145,1729.4141,689.69354,0.83827853
1735.9238,702.17145,1748.9814,691.0594,0.665802
1755.4286,702.17145,1767.5118,690.205,0.80753833
1794.4381,702.17145,1806.6455,690.7318,0.37505057
1813.9429,702.17145,1827.1592,690.63806,0.9547542
1833.4476,702.17145,1846.9609,689.3218,0.74586266
1852.9524,702.17145,1866.8217,690.66473,0.730499
1872.4573,702.17145,1885.6758,689.8819,0.94467735
1891.962,702.17145,1905.1252,690.1143,0.8238896
1911.4668,702.17145,1924.5001,690.3432,0.5093127
1930.9716,702.17145,1943.7502,690.46246,0.5435187
1950.4763,702.17145,1963.3202,690.3777,0.36559993
1969.9811,702.17145,1981.9043,690.7896,0.7310392
58.51429,721.6762,71.0769,706.5334,0.3979311
78.01905,721.6762,89.60754,706.5292,0.42663142
97.52381,721.6762,109.99044,706.7705,0.8631816
117.02858,721.6762,128.32602,706.5634,0.9113089
136.53334,721.6762,149.4437,706.60754,0.9861563
156.0381,721.6762,167.9407,705.86774,0.9827214
175.54286,721.6762,188.04308,706.78357,0.97943014
195.04762,721.6762,206.50174,706.0356,0.9144874
214.55238,721.6762,226.63574,706.66833,0.7369779
234.05716,721.6762,245.76344,706.252,0.9056906
253.56192,721.6762,266.2439,706.6801,0.928419
273.06668,721.6762,285.4124,706.2826,0.81171894
292.57144,721.6762,304.62344,706.728,0.90897894
312.0762,721.6762,323.9063,706.48755,0.90825504
331.58096,721.6762,343.79175,706.47394,0.94960046
351.08572,721.6762,364.1243,706.95233,0.9542674
370.59048,721.6762,382.21277,706.93463,0.9741567
390.09525,721.6762,404.62326,707.168,0.994343
409.6,721.6762,422.20444,706.6983,0.9938047
429.10477,721.6762,441.02206,707.12646,0.989805
448.60953,721.6762,462.30408,707.24554,0.98819274
468.11432,721.6762,481.3325,707.5983,0.96406513
487.61908,721.6762,500.76123,707.17786,0.94416076
507.12384,721.6762,519.2816,706.7428,0.98390925
526.6286,721.6762,538.7332,707.42303,0.992044
546.13336,721.6762,558.9733,707.4657,0.9596703
565.6381,721.6762,578.22345,706.9993,0.7603947
585.1429,721.6762,597.7681,706.97723,0.89019024
604.64764,721.6762,617.28345,706.4894,0.89835405
624.1524,721.6762,636.6171,707.45746,0.97329736
643.65717,721.6762,656.4904,707.3769,0.9770619
663.1619,721.6762,676.92645,707.8887,0.9729256
682.6667,721.6762,694.57654,708.4481,0.9069903
702.17145,721.6762,715.3148,707.34546,0.5787649
721.6762,721.6762,733.7376,707.36176,0.7477563
741.18097,721.6762,754.79065,707.7119,0.9577796
760.6857,721.6762,772.7859,707.97546,0.94551593
780.1905,721.6762,792.72833,706.566,0.9221515
799.69525,721.6762,812.4583,707.45667,0.91405547
819.2,721.6762,833.45935,707.77014,0.9767489
838.7048,721.6762,852.2527,707.6793,0.9721134
858.20953,721.6762,872.2708,706.9709,0.9772082
877.7143,721.6762,888.473,707.55054,0.7077686
897.21906,721.6762,908.49567,707.3453,0.5954301
916.7238,721.6762,928.52545,707.3364,0.5707028
936.22864,721.6762,947.37463,707.6771,0.93129987
955.7334,721.6762,967.1494,707.4826,0.9458384
975.23816,721.6762,988.71484,708.065,0.9909994
994.7429,721.6762,1007.49243,707.4993,0.9880924
1014.2477,721.6762,1027.7336,707.795,0.98416066
1033.7524,721.6762,1046.0211,707.7862,0.8577311
1053.2572,721.6762,1066.2974,708.1693,0.895073
1072.762,721.6762,1086.0251,707.6975,0.90800023
1092.2667,721.6762,1105.1718,708.1656,0.9577069
1111.7715,721.6762,1124.46,707.5424,0.98097676
1131.2762,721.6762,1145.504,707.3286,0.9729926
1150.781,721.6762,1163.8944,708.3697,0.7744608
1170.2858,721.6762,1183.6653,707.4777,0.92605954
1189.7905,721.6762,1203.5564,708.0636,0.8761484
1209.2953,721.6762,1222.3206,707.65857,0.8660477
1228.8,721.6762,1242.0752,708.5062,0.8346691
1248.3048,721.6762,1261.1453,708.40015,0.69203895
1267.8096,721.6762,1280.6682,709.4611,0.820276
1287.3143,721.6762,1300.2487,708.12976,0.7784574
1306.8191,721.6762,1319.1892,708.00165,0.8580905
1326.3239,721.6762,1338.8274,709.0752,0.8474336
1345.8286,721.6762,1358.3938,709.1584,0.6597866
1365.3334,721.6762,1378.135,708.32697,0.6866717
1384.8381,721.6762,1398.8663,708.1752,0.8724212
1404.3429,721.6762,1417.289,708.5668,0.94514
1423.8477,721.6762,1438.4915,707.62756,0.9821888
1443.3524,721.6762,1455.0155,709.1531,0.9662898
1462.8572,721.6762,1473.9534,708.5976,0.98770726
1482.3619,721.6762,1494.3481,708.5664,0.7893238
1501.8667,721.6762,1514.1987,708.71497,0.8247761
1521.3715,721.6762,1532.9609,709.7577,0.93376166
1540.8762,721.6762,1553.1565,708.4862,0.88258725
1560.381,721.6762,1573.8813,709.4768,0.8460439
1579.8857,721.6762,1592.1003,709.8477,0.6976125
1599.3905,721.6762,1611.7925,708.87354,0.6237866
1618.8953,721.6762,1631.6394,709.0232,0.41149592
1657.9048,721.6762,1670.5243,709.31586,0.3309591
1677.4095,721.6762,1690.0739,709.2789,0.76673025
1696.9143,721.6762,1709.9542,709.71826,0.71221113
1716.4191,721.6762,1730.1179,710.2801,0.90651906
1735.9238,721.6762,1749.7089,710.09863,0.93987197
1755.4286,721.6762,1767.4614,710.1774,0.71668696
1774.9333,721.6762,1787.393,709.6973,0.6009906
1794.4381,721.6762,1807.7667,710.2919,0.6770017
1813.9429,721.6762,1826.718,710.56647,0.9464496
1833.4476,721.6762,1846.0858,709.14496,0.78220975
1852.9524,721.6762,1864.6349,710.64276,0.86141837
1872.4573,721.6762,1885.7565,708.95905,0.9373169
1891.962,721.6762,1905.325,710.66327,0.97146887
1911.4668,721.6762,1924.8977,709.02814,0.85324275
1930.9716,721.6762,1944.4677,710.08875,0.7938642
1950.4763,721.6762,1963.4376,710.2741,0.54423237
1969.9811,721.6762,1982.9202,709.8857,0.7247602
39.009525,741.18097,50.928444,726.36523,0.38384393
58.51429,741.18097,72.33293,726.09454,0.74527305
78.01905,741.18097,91.883934,725.7809,0.7439317
97.52381,741.18097,110.53818,725.03253,0.7521917
117.02858,741.18097,128.66278,726.65,0.63517654
136.53334,741.18097,149.24448,726.5064,0.73419654
156.0381,741.18097,167.88022,725.99304,0.8138908
175.54286,741.18097,188.91635,726.5714,0.9606768
195.04762,741.18097,207.60042,725.4942,0.97802114
214.55238,741.18097,227.46106,725.7776,0.93176275
234.05716,741.18097,246.86488,725.50464,0.8840154
253.56192,741.18097,266.55026,725.777,0.78695554
273.06668,741.18097,286.29303,725.7809,0.3232637
292.57144,741.18097,303.6341,726.5893,0.6746624
312.0762,741.18097,323.80884,726.3751,0.7963602
331.58096,741.18097,343.9344,726.2339,0.8928613
351.08572,741.18097,363.62302,726.072,0.8972437
370.59048,741.18097,383.2342,726.3303,0.9568116
390.09525,741.18097,403.45633,726.12476,0.99670124
409.6,741.18097,422.02087,726.50977,0.99053454
429.10477,741.18097,442.56314,726.1568,0.9958682
448.60953,741.18097,461.23718,726.96796,0.9870263
468.11432,741.18097,481.74054,726.33575,0.908924
487.61908,741.18097,500.56982,726.484,0.8622833
507.12384,741.18097,520.00055,726.0898,0.98656183
526.6286,741.18097,538.4188,726.5886,0.97290933
546.13336,741.18097,560.0676,726.97174,0.9532004
565.6381,741.18097,578.54126,727.06415,0.98490816
585.1429,741.18097,598.622,726.5358,0.799102
604.64764,741.18097,616.5084,726.6474,0.9490008
624.1524,741.18097,638.03656,726.76624,0.95475954
643.65717,741.18097,656.84467,726.5857,0.96862847
663.1619,741.18097,674.87885,726.71796,0.9535643
682.6667,741.18097,695.16675,727.86475,0.8048131
702.17145,741.18097,713.8957,727.4045,0.75440145
721.6762,741.18097,734.70636,726.68524,0.9665255
741.18097,741.18097,753.5751,726.11334,0.8946768
760.6857,741.18097,773.5986,726.49774,0.93751574
780.1905,741.18097,792.5828,726.3409,0.9771885
799.69525,741.18097,812.9588,726.94055,0.95697045
819.2,741.18097,833.30286,727.0243,0.9781536
838.7048,741.18097,851.07404,727.196,0.9702321
858.20953,741.18097,870.44916,726.8925,0.928823
877.7143,741.18097,890.14795,726.4823,0.83875203
897.21906,741.18097,909.89453,727.1697,0.9645554
916.7238,741.18097,929.4728,727.7161,0.9760485
936.22864,741.18097,948.13513,727.44086,0.9459323
955.7334,741.18097,967.9262,727.9024,0.91759825
975.23816,741.18097,987.13904,727.07745,0.94031453
994.7429,741.18097,1007.7059,727.80585,0.9364697
1014.2477,741.18097,1026.7561,727.7382,0.9695684
1033.7524,741.18097,1047.1495,726.7962,0.94786155
1053.2572,741.18097,1066.8201,726.9588,0.972165
1072.762,741.18097,1086.7181,727.52167,0.9633216
1092.2667,741.18097,1105.0618,727.4488,0.89489865
1111.7715,741.18097,1124.7141,727.5675,0.94465244
1131.2762,741.18097,1144.9331,728.3358,0.6298754
1150.781,741.18097,1163.9651,727.6584,0.8098402
1170.2858,741.18097,1183.8158,727.09033,0.91684777
1189.7905,741.18097,1204.1993,727.2624,0.90867895
1209.2953,741.18097,1223.0114,727.4774,0.8176358
1228.8,741.18097,1242.7413,728.5631,0.829315
1248.3048,741.18097,1263.4983,728.1803,0.9022212
1267.8096,741.18097,1281.1522,727.56177,0.88441384
1287.3143,741.18097,1300.1843,727.993,0.90009934
1306.8191,741.18097,1318.8774,727.66284,0.9062866
1326.3239,741.18097,1338.1992,727.13495,0.8828269
1345.8286,741.18097,1359.3157,727.4037,0.79957724
1365.3334,741.18097,1376.9124,727.4914,0.5738612
1384.8381,741.18097,1397.9303,728.21136,0.68719184
1404.3429,741.18097,1416.3668,728.0866,0.94456744
1423.8477,741.18097,1438.1727,727.61597,0.9720739
1443.3524,741.18097,1457.8494,727.9178,0.9607692
1462.8572,741.18097,1474.3223,728.6826,0.98957163
1482.3619,741.18097,1495.0472,728.75146,0.73654336
1501.8667,741.18097,1513.7844,728.49097,0.84361845
1521.3715,741.18097,1534.0676,728.7234,0.88320994
1540.8762,741.18097,1552.707,729.3488,0.89933115
1560.381,741.18097,1572.7886,728.64294,0.8770984
1579.8857,741.18097,1591.9927,728.3485,0.8748589
1599.3905,741.18097,1611.8005,729.4193,0.8730064
1618.8953,741.18097,1631.3849,728.2382,0.36844993
1677.4095,741.18097,1690.1844,729.1232,0.4227351
1696.9143,741.18097,1710.5791,730.2613,0.5252097
1716.4191,741.18097,1729.6002,730.3427,0.8555268
1735.9238,741.18097,1748.8851,729.1799,0.88976514
1755.4286,741.18097,1767.932,729.5015,0.9198047
1774.9333,741.18097,1787.942,728.49554,0.78311485
1794.4381,741.18097,1805.7723,728.2132,0.6493926
1813.9429,741.18097,1827.258,728.5597,0.869429
1833.4476,741.18097,1846.5282,729.26825,0.6033261
1852.9524,741.18097,1866.5597,730.6766,0.90126634
1872.4573,741.18097,1885.3157,729.94305,0.8610383
1891.962,741.18097,1905.1047,730.1283,0.8144636
1911.4668,741.18097,1925.2213,729.6055,0.9530941
1930.9716,741.18097,1945.36,729.9641,0.97827363
1950.4763,741.18097,1963.7292,730.6094,0.6256751
1969.9811,741.18097,1982.4683,729.827,0.8613787
39.009525,760.6857,52.05929,745.70874,0.6304937
78.01905,760.6857,92.92654,744.741,0.9877406
97.52381,760.6857,108.84224,745.6394,0.48602495
136.53334,760.6857,150.55814,745.96826,0.49219367
156.0381,760.6857,170.78668,745.785,0.8211595
175.54286,760.6857,188.72083,744.79755,0.8514496
195.04762,760.6857,206.76219,745.6524,0.716752
214.55238,760.6857,225.94313,745.0508,0.7144482
234.05716,760.6857,245.68753,745.4032,0.4534586
273.06668,760.6857,287.39517,745.9631,0.26019457
292.57144,760.6857,304.83334,744.30084,0.7100509
312.0762,760.6857,325.67862,746.10016,0.95903033
331.58096,760.6857,344.7212,745.65735,0.83100086
351.08572,760.6857,363.65427,745.7519,0.92115116
370.59048,760.6857,383.56766,745.73596,0.95126235
390.09525,760.6857,402.52484,745.8751,0.98733205
409.6,760.6857,421.99506,745.8072,0.98639715
429.10477,760.6857,442.26575,745.7703,0.99391085
448.60953,760.6857,462.34082,745.92535,0.9761536
468.11432,760.6857,481.90375,745.82874,0.9506141
487.61908,760.6857,501.63104,746.5681,0.90047336
507.12384,760.6857,520.1058,745.6875,0.95246166
526.6286,760.6857,539.677,746.19763,0.9708206
546.13336,760.6857,559.5609,746.21716,0.7427956
565.6381,760.6857,578.58215,745.1989,0.8603878
585.1429,760.6857,596.7001,745.93524,0.85657877
604.64764,760.6857,617.3087,746.23114,0.94781137
624.1524,760.6857,636.57947,746.11884,0.936212
643.65717,760.6857,656.32996,746.0068,0.9322448
663.1619,760.6857,676.3875,746.78796,0.9219187
682.6667,760.6857,694.6272,746.5405,0.84096754
702.17145,760.6857,715.04974,746.4772,0.92506903
721.6762,760.6857,734.349,747.1133,0.983865
741.18097,760.6857,753.0539,745.954,0.9651715
760.6857,760.6857,772.9109,746.2608,0.7375847
780.1905,760.6857,791.9561,746.65283,0.8582368
799.69525,760.6857,811.8437,746.01575,0.89942044
819.2,760.6857,831.8531,746.3334,0.97275
838.7048,760.6857,852.4133,746.316,0.9455561
858.20953,760.6857,871.2315,746.21344,0.9617745
877.7143,760.6857,890.70795,746.53723,0.9664121
897.21906,760.6857,909.85376,746.2956,0.95184034
916.7238,760.6857,929.98206,747.0633,0.9731403
936.22864,760.6857,948.64307,746.55786,0.96735096
955.7334,760.6857,968.6269,746.65576,0.9620067
975.23816,760.6857,987.311,747.26624,0.9188777
994.7429,760.6857,1008.724,746.89075,0.9140005
1014.2477,760.6857,1027.8535,746.31024,0.9433821
1033.7524,760.6857,1046.2025,747.37756,0.97192276
1053.2572,760.6857,1065.9946,746.72577,0.9593179
1072.762,760.6857,1086.711,747.26105,0.9627521
1092.2667,760.6857,1105.017,746.5943,0.9620339
1111.7715,760.6857,1124.6808,747.2856,0.91829175
1131.2762,760.6857,1143.6667,746.7003,0.68810856
1150.781,760.6857,1163.1827,746.51697,0.77292126
1170.2858,760.6857,1183.0732,746.2561,0.92162204
1189.7905,760.6857,1203.06,747.2376,0.9219462
1209.2953,760.6857,1222.4613,747.09045,0.70290434
1228.8,760.6857,1241.6193,746.7333,0.768109
1248.3048,760.6857,1260.6436,747.6228,0.96039623
1267.8096,760.6857,1281.3909,746.7715,0.8866526
1287.3143,760.6857,1300.8402,746.2784,0.92479104
1306.8191,760.6857,1319.4421,747.15985,0.8329626
1326.3239,760.6857,1339.8997,746.5395,0.7966974
1345.8286,760.6857,1357.5792,746.67676,0.5321598
1365.3334,760.6857,1377.6351,747.6433,0.5175306
1384.8381,760.6857,1397.8424,747.17285,0.42982087
1404.3429,760.6857,1416.8514,747.3045,0.4354705
1423.8477,760.6857,1436.6946,746.9918,0.9394733
1443.3524,760.6857,1456.6415,747.03815,0.97785175
1462.8572,760.6857,1475.2443,747.57117,0.9766952
1482.3619,760.6857,1494.3661,747.554,0.956851
1501.8667,760.6857,1514.3346,747.8023,0.9120213
1521.3715,760.6857,1532.9349,747.8582,0.9174981
1540.8762,760.6857,1553.6343,747.75665,0.8709094
1560.381,760.6857,1573.2552,748.60986,0.92474294
1579.8857,760.6857,1592.861,747.8573,0.9550108
1599.3905,760.6857,1612.8203,747.9944,0.9259961
1657.9048,760.6857,1670.1198,747.60425,0.39483914
1677.4095,760.6857,1689.9995,747.89734,0.41738015
1696.9143,760.6857,1710.405,747.96466,0.522544
1716.4191,760.6857,1729.2678,749.0334,0.48312387
1735.9238,760.6857,1748.6327,749.27124,0.59963524
1755.4286,760.6857,1768.5742,748.17505,0.446994
1774.9333,760.6857,1788.148,749.00964,0.9543422
1794.4381,760.6857,1807.3593,749.17944,0.9166511
1813.9429,760.6857,1826.9325,748.6939,0.90957564
1833.4476,760.6857,1846.5308,749.4312,0.7441059
1852.9524,760.6857,1866.559,748.8949,0.6142757
1872.4573,760.6857,1885.0422,748.9298,0.7614763
1891.962,760.6857,1905.2872,749.5984,0.73366964
1911.4668,760.6857,1925.59,750.0669,0.91353345
1930.9716,760.6857,1944.149,748.71216,0.80265373
1950.4763,760.6857,1963.3461,748.77106,0.81196016
1969.9811,760.6857,1982.9094,749.34296,0.2883167
39.009525,780.1905,51.928833,764.7705,0.9126655
58.51429,780.1905,71.39489,765.04626,0.5645097
78.01905,780.1905,90.503555,764.74384,0.8901342
97.52381,780.1905,110.71991,764.79926,0.67469615
117.02858,780.1905,130.72691,765.0178,0.37154287
136.53334,780.1905,150.26447,765.7088,0.7079948
156.0381,780.1905,170.02835,764.76154,0.650762
175.54286,780.1905,187.72018,764.1694,0.9427295
195.04762,780.1905,206.23448,764.76544,0.613544
214.55238,780.1905,227.19585,764.6133,0.65669024
234.05716,780.1905,246.78851,764.49457,0.53521776
292.57144,780.1905,305.97272,765.3113,0.7728701
312.0762,780.1905,324.9624,765.5399,0.96404135
331.58096,780.1905,343.45786,765.37427,0.9894541
351.08572,780.1905,363.252,765.2717,0.92052996
370.59048,780.1905,384.02817,765.4964,0.9368261
390.09525,780.1905,403.4949,765.7989,0.9764674
409.6,780.1905,422.4487,765.2728,0.9947206
429.10477,780.1905,442.3753,764.7916,0.97728044
448.60953,780.1905,460.74454,764.969,0.9871618
468.11432,780.1905,482.06497,765.41736,0.968206
487.61908,780.1905,500.03833,765.5164,0.9450784
507.12384,780.1905,519.9465,766.72125,0.90841895
526.6286,780.1905,539.7466,764.8864,0.96158713
546.13336,780.1905,558.742,765.6131,0.9271181
565.6381,780.1905,578.20123,766.218,0.641902
585.1429,780.1905,597.95715,765.24744,0.71054584
604.64764,780.1905,616.76215,765.47614,0.89053214
624.1524,780.1905,637.7925,765.557,0.9006135
643.65717,780.1905,656.51184,765.7815,0.53973293
663.1619,780.1905,675.4579,765.56885,0.7898372
682.6667,780.1905,694.11847,766.53204,0.884455
702.17145,780.1905,716.5698,766.0151,0.9876176
721.6762,780.1905,734.5499,765.88367,0.9972466
741.18097,780.1905,753.89667,765.6326,0.97316325
760.6857,780.1905,773.8179,765.9982,0.71807927
780.1905,780.1905,793.7581,765.81384,0.8607671
799.69525,780.1905,811.1708,765.3507,0.7215827
819.2,780.1905,832.88477,765.48315,0.7354269
838.7048,780.1905,851.9761,765.6446,0.94038934
858.20953,780.1905,870.40533,765.3865,0.91665536
877.7143,780.1905,890.99097,766.60724,0.8461537
897.21906,780.1905,909.877,767.0278,0.7970096
916.7238,780.1905,929.4148,766.0961,0.9272833
936.22864,780.1905,949.74414,766.48425,0.9925505
955.7334,780.1905,969.6052,766.2434,0.95230645
975.23816,780.1905,988.0153,766.2567,0.95195055
994.7429,780.1905,1008.4875,767.2567,0.9008598
1014.2477,780.1905,1028.5625,766.64197,0.84159416
1033.7524,780.1905,1046.6133,766.4456,0.97018164
1053.2572,780.1905,1065.5846,767.53033,0.96925884
1072.762,780.1905,1085.321,766.47925,0.8521355
1092.2667,780.1905,1105.7092,766.1474,0.88588536
1111.7715,780.1905,1123.8329,767.26697,0.97114897
1131.2762,780.1905,1143.6842,766.06616,0.9108474
1150.781,780.1905,1163.4934,765.99133,0.78475094
1170.2858,780.1905,1183.5338,766.6045,0.9099029
1189.7905,780.1905,1203.0392,766.68463,0.77163166
1209.2953,780.1905,1222.7643,766.4954,0.768479
1228.8,780.1905,1242.0452,766.89844,0.9160192
1248.3048,780.1905,1261.182,766.4,0.94305956
1267.8096,780.1905,1280.4388,766.4171,0.9138212
1287.3143,780.1905,1300.606,767.0979,0.97857404
1306.8191,780.1905,1318.9783,766.227,0.900204
1326.3239,780.1905,1338.5121,766.61914,0.57578117
1345.8286,780.1905,1357.4,767.6214,0.52581215
1384.8381,780.1905,1396.9952,767.0835,0.71595633
1404.3429,780.1905,1417.1927,767.4028,0.7513771
1423.8477,780.1905,1435.7738,766.8542,0.9633788
1443.3524,780.1905,1456.6323,767.916,0.99350417
1462.8572,780.1905,1475.7476,768.1228,0.98612154
1482.3619,780.1905,1494.767,766.7132,0.9774828
1501.8667,780.1905,1514.1311,768.6476,0.9773974
1521.3715,780.1905,1533.7227,768.5914,0.9897409
1540.8762,780.1905,1553.214,768.039,0.8862214
1560.381,780.1905,1573.6451,767.69385,0.96408427
1579.8857,780.1905,1592.9475,767.5403,0.8372412
1599.3905,780.1905,1611.6346,767.37146,0.77938986
1638.4,780.1905,1650.8219,767.36194,0.6378773
1657.9048,780.1905,1670.3314,767.765,0.8638016
1677.4095,780.1905,1691.4469,767.95667,0.6028884
1696.9143,780.1905,1709.3441,767.11475,0.45976824
1716.4191,780.1905,1729.258,767.4235,0.22569174
1735.9238,780.1905,1749.4031,768.22614,0.46772859
1755.4286,780.1905,1768.2483,767.68207,0.5746794
1774.9333,780.1905,1786.6649,767.45306,0.9209382
1794.4381,780.1905,1808.4313,768.8069,0.9072557
1813.9429,780.1905,1826.9658,768.6381,0.8583513
1833.4476,780.1905,1846.8529,767.7478,0.4407335
1852.9524,780.1905,1866.148,767.71124,0.5871623
1872.4573,780.1905,1886.1204,768.4037,0.9268245
1891.962,780.1905,1905.9668,768.96466,0.96969867
1911.4668,780.1905,1925.2491,768.2067,0.5231297
1930.9716,780.1905,1943.5349,768.0515,0.9182315
1950.4763,780.1905,1963.6904,768.4728,0.9171815
1969.9811,780.1905,1982.7089,767.8945,0.62702614
39.009525,799.69525,51.873466,784.6398,0.90998757
58.51429,799.69525,72.18503,784.6589,0.84487665
78.01905,799.69525,90.25485,784.78345,0.3074804
97.52381,799.69525,108.91958,784.3711,0.6340825
117.02858,799.69525,129.54007,784.0687,0.77132773
136.53334,799.69525,149.70956,783.83453,0.5658587
156.0381,799.69525,170.57182,784.5516,0.6399152
175.54286,799.69525,187.99852,783.8896,0.42993346
195.04762,799.69525,206.87117,784.1571,0.621633
214.55238,799.69525,227.25787,784.6917,0.60587853
234.05716,799.69525,245.70023,784.6595,0.36529562
253.56192,799.69525,266.4425,784.7027,0.388654
273.06668,799.69525,284.78732,784.11066,0.6276495
292.57144,799.69525,305.9519,784.1309,0.654245
312.0762,799.69525,326.86087,784.4651,0.9905247
331.58096,799.69525,344.89212,784.02747,0.9926098
351.08572,799.69525,364.62497,784.7892,0.9489125
370.59048,799.69525,384.56842,784.9011,0.84724385
390.09525,799.69525,403.68893,784.74194,0.9677641
409.6,799.69525,422.79556,784.3571,0.94450015
429.10477,799.69525,441.86322,785.1579,0.9473321
448.60953,799.69525,461.21207,784.71075,0.99304736
468.11432,799.69525,481.0302,785.1048,0.9725699
487.61908,799.69525,500.5139,784.73895,0.9773605
507.12384,799.69525,520.0432,784.7638,0.93039274
526.6286,799.69525,538.849,784.69775,0.97351456
546.13336,799.69525,557.91296,784.7563,0.9743349
565.6381,799.69525,578.9677,784.75415,0.24878438
585.1429,799.69525,597.33026,784.9145,0.28905106
604.64764,799.69525,617.70105,785.1289,0.46639952
624.1524,799.69525,636.707,785.40924,0.59394646
643.65717,799.69525,656.50543,785.1875,0.2557224
663.1619,799.69525,676.11304,785.8561,0.46925846
682.6667,799.69525,695.6655,785.33594,0.6159942
702.17145,799.69525,715.0754,786.05994,0.9417445
721.6762,799.69525,735.25604,785.2264,0.9952702
741.18097,799.69525,755.51855,785.3734,0.9879813
760.6857,799.69525,774.5412,785.1821,0.94268876
780.1905,799.69525,794.4347,784.4629,0.90250236
799.69525,799.69525,811.86914,785.066,0.8123257
819.2,799.69525,831.75946,785.5979,0.87193656
838.7048,799.69525,851.1661,785.6222,0.7434996
858.20953,799.69525,869.1951,785.878,0.87463737
877.7143,799.69525,889.7573,785.51996,0.8524969
897.21906,799.69525,909.401,785.7212,0.74365956
916.7238,799.69525,928.09515,785.9417,0.92429686
936.22864,799.69525,949.47687,785.85065,0.9563529
955.7334,799.69525,969.63196,786.0356,0.93322694
975.23816,799.69525,988.4653,785.6755,0.95811135
994.7429,799.69525,1007.5816,785.73413,0.9622093
1014.2477,799.69525,1027.6102,785.80414,0.94232696
1033.7524,799.69525,1047.4059,785.33997,0.95864815
1053.2572,799.69525,1066.0182,785.4446,0.9424627
1072.762,799.69525,1085.5043,785.1536,0.90834206
1092.2667,799.69525,1104.873,784.8541,0.8131368
1111.7715,799.69525,1124.7092,786.00366,0.7313471
1131.2762,799.69525,1144.3994,786.40875,0.8024874
1150.781,799.69525,1162.141,786.515,0.5508925
1170.2858,799.69525,1183.2625,786.23755,0.8989438
1189.7905,799.69525,1203.0027,786.67865,0.7604176
1209.2953,799.69525,1222.0872,786.6212,0.32480544
1228.8,799.69525,1242.44,787.15405,0.8540566
1248.3048,799.69525,1261.8469,785.84216,0.9666403
1267.8096,799.69525,1281.4115,786.9917,0.96056455
1287.3143,799.69525,1299.8944,786.46857,0.8647559
1306.8191,799.69525,1317.7932,785.8636,0.7636766
1326.3239,799.69525,1338.5684,785.9625,0.76832044
1345.8286,799.69525,1357.3036,788.01776,0.75252634
1365.3334,799.69525,1378.217,786.097,0.42059094
1384.8381,799.69525,1396.9598,786.1086,0.7788831
1404.3429,799.69525,1416.6307,787.00806,0.8495334
1423.8477,799.69525,1435.1487,787.2025,0.9698109
1443.3524,799.69525,1456.4744,786.34796,0.99227095
1462.8572,799.69525,1476.0435,786.3333,0.9914269
1482.3619,799.69525,1494.5134,786.5701,0.9818816
1501.8667,799.69525,1514.6082,786.60156,0.9822554
1521.3715,799.69525,1534.9353,786.5388,0.9759243
1540.8762,799.69525,1553.1704,786.88947,0.9569875
1560.381,799.69525,1573.9055,787.77716,0.9312406
1579.8857,799.69525,1593.2842,787.3603,0.8635973
1599.3905,799.69525,1611.4855,786.3684,0.6571645
1618.8953,799.69525,1631.3563,786.70685,0.5689149
1638.4,799.69525,1651.0582,786.63165,0.95559716
1657.9048,799.69525,1670.4929,787.1443,0.9106731
1677.4095,799.69525,1690.486,786.081,0.8547346
1696.9143,799.69525,1709.092,786.81635,0.9063453
1716.4191,799.69525,1730.0475,787.1484,0.6359812
1735.9238,799.69525,1749.2308,787.3125,0.5583052
1755.4286,799.69525,1767.5634,787.0653,0.8117814
1774.9333,799.69525,1788.0765,787.49384,0.74794316
1794.4381,799.69525,1806.5797,787.2192,0.89653045
1813.9429,799.69525,1826.9506,787.21497,0.88660294
1833.4476,799.69525,1845.7129,786.5234,0.36227265
1852.9524,799.69525,1865.7115,787.50433,0.39903682
1872.4573,799.69525,1884.9689,787.33453,0.82270384
1891.962,799.69525,1905.2758,787.1422,0.839905
1911.4668,799.69525,1925.9257,787.1705,0.60314703
1930.9716,799.69525,1945.3055,788.07227,0.38174465
1950.4763,799.69525,1963.6724,787.75397,0.67865145
1969.9811,799.69525,1983.4237,788.5216,0.7624314
58.51429,819.2,73.40416,803.147,0.94678307
78.01905,819.2,91.0335,803.7122,0.73775804
97.52381,819.2,112.40507,803.12036,0.75043553
117.02858,819.2,129.45445,803.28,0.69758683
136.53334,819.2,147.66339,804.07965,0.4150346
156.0381,819.2,167.81525,804.1071,0.48163205
175.54286,819.2,187.73239,803.9848,0.92378247
195.04762,819.2,206.04428,803.3909,0.8810138
214.55238,819.2,226.93642,803.99646,0.95180064
234.05716,819.2,245.30496,804.48254,0.7528874
253.56192,819.2,266.58023,804.1348,0.7960062
273.06668,819.2,284.05368,804.2367,0.84612125
292.57144,819.2,304.53558,804.6784,0.7490804
312.0762,819.2,324.30136,804.1817,0.65396124
331.58096,819.2,344.29074,804.58484,0.98108476
351.08572,819.2,363.52908,804.2234,0.98772687
370.59048,819.2,383.25095,804.2832,0.9618477
390.09525,819.2,401.34506,804.32587,0.9641025
409.6,819.2,420.91022,804.027,0.9792204
429.10477,819.2,441.9393,804.3109,0.9838232
448.60953,819.2,462.00427,804.0951,0.99618113
468.11432,819.2,480.77924,803.96387,0.9974683
487.61908,819.2,501.48416,804.12354,0.97512704
507.12384,819.2,521.1832,804.37866,0.9421195
526.6286,819.2,540.2896,804.20636,0.9726888
546.13336,819.2,558.14154,804.49347,0.93224734
565.6381,819.2,577.2541,804.4374,0.37395954
585.1429,819.2,597.72363,804.1637,0.718205
604.64764,819.2,616.74347,805.0431,0.8696872
624.1524,819.2,637.64923,805.5648,0.8627609
643.65717,819.2,656.89087,805.34357,0.70508933
663.1619,819.2,676.95135,804.5963,0.43298694
682.6667,819.2,695.2638,804.4383,0.46351963
702.17145,819.2,716.2749,804.798,0.98832464
721.6762,819.2,734.6296,804.2591,0.99216795
741.18097,819.2,754.664,804.881,0.9909873
760.6857,819.2,773.73737,805.0832,0.98458534
780.1905,819.2,793.26514,805.71,0.88926345
799.69525,819.2,812.8599,804.8699,0.9046228
819.2,819.2,831.13806,804.6476,0.8752329
838.7048,819.2,849.7692,805.0456,0.55523914
858.20953,819.2,870.3818,804.82947,0.9557963
877.7143,819.2,889.32056,805.3847,0.5529828
897.21906,819.2,909.97015,805.4712,0.8286832
916.7238,819.2,928.34644,805.8765,0.63377047
936.22864,819.2,947.7803,804.7846,0.9169373
955.7334,819.2,967.95734,804.97235,0.9239843
975.23816,819.2,988.99365,804.7876,0.7972888
994.7429,819.2,1008.52423,805.5421,0.9077017
1014.2477,819.2,1026.448,805.3661,0.9725834
1033.7524,819.2,1045.4774,805.1758,0.93524104
1053.2572,819.2,1065.1244,805.01263,0.92274904
1072.762,819.2,1084.6913,805.2584,0.9712495
1092.2667,819.2,1105.457,805.4228,0.93001646
1111.7715,819.2,1123.3973,804.513,0.58789444
1131.2762,819.2,1142.8593,805.59155,0.49556488
1150.781,819.2,1163.7588,805.1052,0.76015764
1170.2858,819.2,1185.0658,805.26166,0.9025381
1189.7905,819.2,1203.5509,806.1312,0.81631625
1228.8,819.2,1241.2092,805.7598,0.32194695
1248.3048,819.2,1260.661,805.65076,0.8030051
1267.8096,819.2,1281.4847,805.49347,0.8694478
1287.3143,819.2,1299.5511,805.3667,0.51474583
1306.8191,819.2,1320.0853,805.7414,0.40951368
1326.3239,819.2,1338.0951,805.02185,0.71511626
1345.8286,819.2,1359.5093,806.09094,0.71223605
1365.3334,819.2,1378.865,805.87146,0.5245176
1384.8381,819.2,1396.7081,806.859,0.7628797
1404.3429,819.2,1416.628,805.31744,0.71264905
1423.8477,819.2,1436.4459,806.1425,0.9679203
1443.3524,819.2,1457.2207,805.6973,0.9136386
1462.8572,819.2,1476.2482,806.1829,0.9907553
1482.3619,819.2,1494.7606,806.2201,0.9850286
1501.8667,819.2,1514.8186,805.84894,0.97994816
1521.3715,819.2,1534.6014,806.8116,0.97805977
1540.8762,819.2,1553.1969,806.8721,0.9074643
1560.381,819.2,1574.0896,807.21497,0.9336869
1579.8857,819.2,1592.9918,807.5439,0.69952995
1599.3905,819.2,1612.3842,805.699,0.7919539
1618.8953,819.2,1631.9406,806.14075,0.8471632
1638.4,819.2,1650.7728,806.8864,0.8895995
1657.9048,819.2,1670.3773,806.6857,0.82178587
1677.4095,819.2,1690.0276,806.3174,0.906376
1696.9143,819.2,1711.0195,806.25836,0.96450055
1716.4191,819.2,1729.3829,806.4988,0.9021725
1735.9238,819.2,1749.1886,805.961,0.5582075
1755.4286,819.2,1767.6083,806.4213,0.71758056
1774.9333,819.2,1787.3894,806.8916,0.8355148
1794.4381,819.2,1806.8589,807.80927,0.92831755
1813.9429,819.2,1826.6785,806.23346,0.8617945
1833.4476,819.2,1845.5356,806.4581,0.46754894
1852.9524,819.2,1865.925,806.99036,0.79398775
1872.4573,819.2,1886.289,807.55853,0.7679654
1891.962,819.2,1906.7494,807.7488,0.9603824
1911.4668,819.2,1925.1847,807.9532,0.5953024
1930.9716,819.2,1943.8457,806.5612,0.60761744
1950.4763,819.2,1963.4615,807.41077,0.71465445
1969.9811,819.2,1982.668,807.7958,0.75833905
39.009525,838.7048,52.782284,823.26514,0.82158256
58.51429,838.7048,72.20211,823.0217,0.8413906
78.01905,838.7048,92.50839,822.35114,0.870178
97.52381,838.7048,109.63227,822.67883,0.72162753
117.02858,838.7048,130.61137,823.5738,0.7560047
136.53334,838.7048,149.24675,823.2213,0.3344678
156.0381,838.7048,168.74666,823.4766,0.97566825
175.54286,838.7048,187.87231,823.84033,0.9507674
195.04762,838.7048,208.60172,824.22375,0.9245566
214.55238,838.7048,227.92076,823.80316,0.9652887
234.05716,838.7048,247.1969,822.62463,0.9223116
253.56192,838.7048,266.65817,823.3945,0.89803445
273.06668,838.7048,286.94437,823.6093,0.9050547
292.57144,838.7048,306.29102,823.6039,0.851401
312.0762,838.7048,326.27667,823.6932,0.91850305
331.58096,838.7048,344.4508,823.93134,0.9463369
351.08572,838.7048,364.5475,823.2768,0.9615179
370.59048,838.7048,384.85757,823.6585,0.98229843
390.09525,838.7048,403.82996,823.9312,0.9981637
409.6,838.7048,421.31143,823.35345,0.9883656
429.10477,838.7048,441.85458,823.70056,0.9734172
448.60953,838.7048,461.76294,823.75793,0.97977364
468.11432,838.7048,481.74368,823.8693,0.9931076
487.61908,838.7048,501.2729,822.9546,0.98364365
507.12384,838.7048,520.69824,823.3856,0.9922654
526.6286,838.7048,540.0393,823.84564,0.96660286
546.13336,838.7048,558.2541,824.0273,0.8538679
565.6381,838.7048,576.83844,824.0081,0.30241242
585.1429,838.7048,597.46454,824.02747,0.8600731
604.64764,838.7048,617.99304,824.90485,0.8496691
624.1524,838.7048,636.5723,824.4244,0.8287153
643.65717,838.7048,655.8086,824.3495,0.78210187
663.1619,838.7048,676.1623,824.2658,0.9046563
682.6667,838.7048,698.25433,824.6022,0.9640074
702.17145,838.7048,715.8201,824.1983,0.8239124
721.6762,838.7048,734.08136,824.1259,0.91775143
741.18097,838.7048,753.69476,824.0974,0.9791162
760.6857,838.7048,774.57697,824.684,0.9850572
780.1905,838.7048,792.9431,824.0152,0.9093575
799.69525,838.7048,813.1466,824.56445,0.96334666
819.2,838.7048,831.3342,824.26685,0.9749735
838.7048,838.7048,849.88074,824.39453,0.9406147
858.20953,838.7048,870.4322,824.3354,0.8608766
877.7143,838.7048,890.0011,824.3684,0.9410802
897.21906,838.7048,909.09424,824.6173,0.71312237
916.7238,838.7048,928.2475,824.30444,0.433056
936.22864,838.7048,949.0711,824.46466,0.9143316
955.7334,838.7048,969.6453,825.1216,0.7659786
975.23816,838.7048,988.6045,825.20685,0.82726365
994.7429,838.7048,1007.89886,825.628,0.91180784
1014.2477,838.7048,1027.157,825.3347,0.9451954
1033.7524,838.7048,1046.0244,825.4387,0.8909912
1053.2572,838.7048,1065.9258,825.16956,0.85991734
1072.762,838.7048,1085.831,825.6478,0.9400446
1092.2667,838.7048,1105.9287,824.779,0.9707754
1111.7715,838.7048,1123.8809,825.08295,0.7684666
1131.2762,838.7048,1142.7976,825.19916,0.6111374
1150.781,838.7048,1163.6849,825.42035,0.7849655
1170.2858,838.7048,1183.1918,825.0491,0.8119817
1189.7905,838.7048,1202.3444,826.1388,0.51519936
1209.2953,838.7048,1221.7904,824.2425,0.58917904
1228.8,838.7048,1241.7274,824.1163,0.40679854
1248.3048,838.7048,1259.7241,826.01276,0.3853553
1267.8096,838.7048,1280.8063,825.2522,0.86885947
1287.3143,838.7048,1301.4042,825.8155,0.5285072
1306.8191,838.7048,1319.1748,824.76,0.56621647
1326.3239,838.7048,1338.0763,825.7911,0.6192514
1345.8286,838.7048,1359.0029,825.13916,0.43347263
1365.3334,838.7048,1378.0339,825.44086,0.74494374
1384.8381,838.7048,1397.2593,825.71655,0.6997485
1404.3429,838.7048,1418.0414,825.44086,0.8496725
1423.8477,838.7048,1436.5284,826.2306,0.90861773
1443.3524,838.7048,1456.4049,826.022,0.62500215
1462.8572,838.7048,1475.4827,825.4994,0.8283483
1482.3619,838.7048,1494.7688,825.9232,0.94942135
1501.8667,838.7048,1514.6938,826.5363,0.86129856
1521.3715,838.7048,1534.2124,825.4806,0.9179226
1540.8762,838.7048,1553.9678,825.9731,0.78654456
1560.381,838.7048,1573.7921,827.0118,0.9030742
1579.8857,838.7048,1591.828,825.50354,0.8039689
1599.3905,838.7048,1612.203,825.44916,0.740677
1618.8953,838.7048,1631.9211,826.7063,0.8569521
1638.4,838.7048,1650.9507,826.35504,0.56238127
1657.9048,838.7048,1671.2758,825.2837,0.8729659
1677.4095,838.7048,1689.825,826.0314,0.92890215
1696.9143,838.7048,1710.9196,825.73334,0.90803665
1716.4191,838.7048,1729.8899,825.8213,0.8654142
1735.9238,838.7048,1749.9395,826.1904,0.6432872
1755.4286,838.7048,1768.2241,826.4266,0.29218516
1774.9333,838.7048,1787.5782,826.9979,0.79374427
1794.4381,838.7048,1807.6759,826.62634,0.7434803
1813.9429,838.7048,1826.9727,827.4343,0.76020753
1833.4476,838.7048,1846.0975,827.1375,0.7762121
1852.9524,838.7048,1865.9631,826.455,0.77077335
1872.4573,838.7048,1885.9084,826.46686,0.9518526
1891.962,838.7048,1906.2975,827.7635,0.8696055
1911.4668,838.7048,1925.0131,827.8443,0.8881054
1930.9716,838.7048,1943.5669,827.26385,0.6781103
1950.4763,838.7048,1964.4532,827.5668,0.6871612
1969.9811,838.7048,1982.0721,825.98737,0.88202435
39.009525,858.20953,51.52934,842.60254,0.73288256
58.51429,858.20953,71.983,842.96625,0.9485796
78.01905,858.20953,90.66726,842.2678,0.94778836
97.52381,858.20953,109.46976,843.41156,0.6515337
117.02858,858.20953,129.49791,843.3223,0.39453298
136.53334,858.20953,149.26778,843.4583,0.89364606
156.0381,858.20953,169.49327,843.24536,0.91776776
175.54286,858.20953,187.91528,842.26764,0.89208937
195.04762,858.20953,207.4102,843.16095,0.9268133
214.55238,858.20953,226.73308,842.334,0.9900605
234.05716,858.20953,245.91374,842.8865,0.98156434
253.56192,858.20953,267.3016,843.15,0.9899734
273.06668,858.20953,286.53577,843.5775,0.9882015
292.57144,858.20953,304.79764,843.75323,0.96546155
312.0762,858.20953,325.33142,842.77893,0.96012115
331.58096,858.20953,345.13992,842.99286,0.9228325
351.08572,858.20953,363.9157,843.0432,0.88018394
370.59048,858.20953,384.68866,844.0665,0.98325855
390.09525,858.20953,403.52646,843.53033,0.9936618
409.6,858.20953,422.69977,843.5636,0.9911416
429.10477,858.20953,441.52405,842.42084,0.9600883
448.60953,858.20953,460.787,843.1547,0.8362716
468.11432,858.20953,480.0337,843.12415,0.61762875
487.61908,858.20953,499.827,844.0391,0.92973906
507.12384,858.20953,521.9086,844.26624,0.9854787
526.6286,858.20953,539.47284,843.3267,0.98709196
546.13336,858.20953,559.5873,843.3926,0.9779389
565.6381,858.20953,578.1334,843.4692,0.93451715
585.1429,858.20953,596.90717,843.55585,0.82330954
604.64764,858.20953,618.22455,843.7243,0.9411121
624.1524,858.20953,636.2044,843.408,0.945032
643.65717,858.20953,656.76697,843.69006,0.96382284
663.1619,858.20953,675.33746,843.97595,0.87585986
682.6667,858.20953,697.366,843.5861,0.8556086
702.17145,858.20953,714.6825,843.6256,0.8838751
721.6762,858.20953,733.07465,843.533,0.85217893
741.18097,858.20953,754.0386,843.5743,0.92747045
760.6857,858.20953,775.0957,844.0192,0.99856955
780.1905,858.20953,793.4672,844.43536,0.98479086
799.69525,858.20953,813.2381,843.743,0.9549115
819.2,858.20953,830.7848,843.8314,0.9872188
838.7048,858.20953,851.5122,843.57324,0.9592119
858.20953,858.20953,870.79877,843.72736,0.9570173
877.7143,858.20953,889.7961,843.91754,0.70397353
897.21906,858.20953,910.9055,843.7868,0.7147741
916.7238,858.20953,930.4757,844.2486,0.86647886
936.22864,858.20953,950.7883,844.7144,0.958246
955.7334,858.20953,968.00824,844.1237,0.59463304
975.23816,858.20953,987.8301,844.12384,0.42561632
994.7429,858.20953,1007.6672,843.2741,0.83559453
1014.2477,858.20953,1027.4313,844.64056,0.89102197
1033.7524,858.20953,1047.2192,844.0054,0.93904966
1053.2572,858.20953,1065.726,844.73584,0.8982604
1072.762,858.20953,1086.0876,844.2788,0.97345126
1092.2667,858.20953,1104.9926,844.16595,0.9185449
1111.7715,858.20953,1123.4976,844.25726,0.7016909
1131.2762,858.20953,1143.4762,844.99274,0.6822456
1150.781,858.20953,1164.1162,844.17285,0.76434386
1170.2858,858.20953,1183.2792,844.40326,0.82947487
1189.7905,858.20953,1202.414,844.82056,0.86513615
1209.2953,858.20953,1222.3959,843.4604,0.5422086
1228.8,858.20953,1242.2046,845.44946,0.48891085
1248.3048,858.20953,1260.9497,844.8663,0.63809663
1267.8096,858.20953,1280.0485,846.92334,0.8955245
1287.3143,858.20953,1300.2635,844.9024,0.8326967
1306.8191,858.20953,1318.8011,844.3451,0.59363616
1326.3239,858.20953,1339.1508,844.26984,0.8256913
1345.8286,858.20953,1358.9774,845.66345,0.6535895
1365.3334,858.20953,1378.7993,845.1379,0.7702534
1384.8381,858.20953,1396.2751,845.63025,0.8103381
1404.3429,858.20953,1415.7346,845.37427,0.8540653
1423.8477,858.20953,1436.1816,846.1114,0.5930303
1443.3524,858.20953,1456.3176,845.62994,0.53330773
1462.8572,858.20953,1475.6157,846.0542,0.59420407
1482.3619,858.20953,1495.2832,845.7451,0.94547987
1501.8667,858.20953,1515.1776,845.6839,0.8887663
1521.3715,858.20953,1533.231,844.316,0.9378008
1540.8762,858.20953,1552.3542,845.05444,0.8158621
1560.381,858.20953,1572.9414,845.3721,0.88845354
1579.8857,858.20953,1592.8209,846.0886,0.76728904
1599.3905,858.20953,1612.091,845.342,0.8879731
1618.8953,858.20953,1630.868,845.4296,0.6261547
1638.4,858.20953,1651.3462,846.10034,0.32918692
1657.9048,858.20953,1671.4473,845.38696,0.60020465
1677.4095,858.20953,1690.6577,846.1615,0.9329517
1696.9143,858.20953,1709.6017,845.5043,0.83617264
1716.4191,858.20953,1730.3898,845.4632,0.69561934
1735.9238,858.20953,1749.8052,845.4959,0.603075
1755.4286,858.20953,1768.8475,846.6155,0.560507
1774.9333,858.20953,1787.8365,846.16754,0.723492
1794.4381,858.20953,1806.5364,845.5674,0.7008558
1813.9429,858.20953,1827.2468,846.3651,0.81130785
1833.4476,858.20953,1846.8008,846.6092,0.88231504
1852.9524,858.20953,1866.2512,847.2526,0.9172537
1872.4573,858.20953,1885.9224,847.0346,0.8833732
1891.962,858.20953,1905.8352,846.1304,0.9318592
1911.4668,858.20953,1925.2836,846.22156,0.9312333
1930.9716,858.20953,1944.4943,846.81036,0.9394316
1950.4763,858.20953,1963.7367,846.0365,0.9552813
1969.9811,858.20953,1983.5657,846.29126,0.8490596
39.009525,877.7143,51.68924,861.8041,0.3234764
58.51429,877.7143,71.50946,862.33386,0.8993062
78.01905,877.7143,90.28523,862.2967,0.69890577
97.52381,877.7143,110.13483,862.4709,0.6373071
117.02858,877.7143,130.0852,863.25397,0.4652712
136.53334,877.7143,148.96867,862.5291,0.91470635
175.54286,877.7143,188.61848,862.55115,0.9277734
195.04762,877.7143,208.43584,862.8694,0.9137656
214.55238,877.7143,228.08643,862.905,0.975372
234.05716,877.7143,247.58768,862.1956,0.93308955
253.56192,877.7143,268.69766,863.26886,0.9884713
273.06668,877.7143,285.59033,863.23785,0.9241897
292.57144,877.7143,304.6965,862.69183,0.84663653
312.0762,877.7143,325.06735,863.1193,0.97102976
331.58096,877.7143,345.02173,862.9279,0.9229696
351.08572,877.7143,364.1846,863.19946,0.93158054
370.59048,877.7143,382.93045,863.11084,0.9418195
390.09525,877.7143,403.40393,862.87994,0.99286425
409.6,877.7143,422.78918,862.5385,0.98739946
429.10477,877.7143,442.5531,862.5856,0.9746832
448.60953,877.7143,460.51807,862.9603,0.89328396
468.11432,877.7143,480.29205,862.69,0.8215017
487.61908,877.7143,499.62357,862.31744,0.82301915
507.12384,877.7143,520.064,862.96796,0.9516315
526.6286,877.7143,539.04504,863.024,0.9842983
546.13336,877.7143,558.90076,862.93115,0.93925595
565.6381,877.7143,576.6901,862.9405,0.8927076
585.1429,877.7143,597.5648,862.90405,0.94365966
604.64764,877.7143,617.71936,863.2265,0.98733056
624.1524,877.7143,635.9347,862.5853,0.9888034
643.65717,877.7143,656.8971,863.60516,0.96027625
663.1619,877.7143,675.42615,863.0458,0.96742046
682.6667,877.7143,694.92725,862.8695,0.9520864
702.17145,877.7143,715.1138,862.95355,0.8985177
721.6762,877.7143,733.77716,863.29675,0.9780235
741.18097,877.7143,753.5003,863.3702,0.95183134
760.6857,877.7143,774.3113,862.8129,0.95153093
780.1905,877.7143,793.7947,863.6249,0.9582431
799.69525,877.7143,813.18286,863.6559,0.9682513
819.2,877.7143,832.3318,863.0583,0.9019948
838.7048,877.7143,851.4178,863.3022,0.8100316
858.20953,877.7143,870.6764,863.23596,0.9130526
877.7143,877.7143,891.17865,863.91077,0.9165154
897.21906,877.7143,909.6095,863.45526,0.91803265
916.7238,877.7143,929.88947,863.5073,0.9571485
936.22864,877.7143,948.6161,863.7956,0.95167345
955.7334,877.7143,967.8867,863.55304,0.8257109
975.23816,877.7143,988.51953,863.6187,0.87683725
994.7429,877.7143,1008.67633,863.245,0.967886
1014.2477,877.7143,1027.1133,863.53204,0.82692087
1033.7524,877.7143,1046.4429,863.40314,0.9649031
1053.2572,877.7143,1065.5424,863.43835,0.97668517
1072.762,877.7143,1086.5879,863.5347,0.9902693
1092.2667,877.7143,1104.3472,864.08673,0.8548762
1111.7715,877.7143,1124.3984,863.9254,0.68058413
1131.2762,877.7143,1142.8374,864.11536,0.6092444
1150.781,877.7143,1165.1189,862.9071,0.80361664
1189.7905,877.7143,1202.8944,863.63885,0.88452893
1209.2953,877.7143,1221.1923,864.3484,0.59356767
1228.8,877.7143,1240.47,863.52527,0.5649782
1248.3048,877.7143,1260.232,863.94934,0.92297775
1267.8096,877.7143,1279.5371,864.29205,0.9455264
1287.3143,877.7143,1300.7355,863.9496,0.97734797
1306.8191,877.7143,1320.2278,865.2266,0.90264237
1326.3239,877.7143,1338.7252,864.81305,0.49418005
1345.8286,877.7143,1357.904,864.1045,0.50382906
1365.3334,877.7143,1378.8358,863.98566,0.9174695
1384.8381,877.7143,1396.1172,863.7785,0.9550933
1404.3429,877.7143,1417.6241,864.92346,0.9594173
1423.8477,877.7143,1437.4626,864.558,0.96411526
1443.3524,877.7143,1455.1813,864.7264,0.92735237
1462.8572,877.7143,1474.3328,865.1224,0.74249977
1482.3619,877.7143,1494.6902,865.74194,0.6983952
1501.8667,877.7143,1514.7267,865.0492,0.83490324
1521.3715,877.7143,1534.17,865.55524,0.85271794
1540.8762,877.7143,1552.6184,864.60406,0.7056517
1560.381,877.7143,1573.181,865.7013,0.73273027
1579.8857,877.7143,1592.1268,865.0108,0.80127156
1599.3905,877.7143,1612.1117,864.2466,0.75382984
1618.8953,877.7143,1631.308,863.7878,0.4965964
1638.4,877.7143,1651.076,864.7814,0.57072705
1657.9048,877.7143,1671.1188,864.84863,0.8384576
1677.4095,877.7143,1689.9955,865.47375,0.9607212
1696.9143,877.7143,1709.4084,865.57263,0.85343003
1716.4191,877.7143,1729.771,864.7393,0.89628625
1735.9238,877.7143,1748.913,865.2536,0.86123973
1755.4286,877.7143,1768.7708,865.6341,0.71531063
1774.9333,877.7143,1788.1918,865.77997,0.8011707
1794.4381,877.7143,1807.0275,865.5658,0.85554004
1813.9429,877.7143,1826.9078,865.512,0.882414
1833.4476,877.7143,1846.1516,865.14056,0.92363524
1852.9524,877.7143,1866.0172,866.55426,0.89242566
1872.4573,877.7143,1885.8568,866.7703,0.9402076
1891.962,877.7143,1905.1758,865.82086,0.9275804
1911.4668,877.7143,1925.153,866.57275,0.5798434
1930.9716,877.7143,1944.2352,865.51624,0.6922904
1950.4763,877.7143,1964.7238,866.09863,0.9135575
1969.9811,877.7143,1984.2992,866.6487,0.77741086
58.51429,897.21906,71.62251,881.1578,0.7158823
78.01905,897.21906,91.1559,882.4719,0.92967826
136.53334,897.21906,149.01472,882.95264,0.8913791
156.0381,897.21906,170.41489,881.88666,0.9890313
175.54286,897.21906,190.36583,881.54596,0.99059695
195.04762,897.21906,208.99762,881.08307,0.99496055
214.55238,897.21906,228.31783,881.931,0.99502766
234.05716,897.21906,247.27397,882.1205,0.98575544
253.56192,897.21906,266.23083,882.251,0.95227724
273.06668,897.21906,287.12344,882.36285,0.90585566
292.57144,897.21906,306.12796,882.11676,0.90704113
312.0762,897.21906,325.43604,882.23175,0.79470336
331.58096,897.21906,345.34222,882.8192,0.6446572
351.08572,897.21906,363.6343,881.7866,0.6920954
370.59048,897.21906,383.7236,882.7862,0.82079667
390.09525,897.21906,401.4993,881.9293,0.98271143
409.6,897.21906,421.4651,882.4304,0.95912987
429.10477,897.21906,441.65604,882.1057,0.94263744
448.60953,897.21906,462.40036,881.55194,0.8705562
507.12384,897.21906,520.0268,882.48566,0.90953845
526.6286,897.21906,539.172,882.5535,0.98825574
546.13336,897.21906,559.4057,882.1947,0.7450687
565.6381,897.21906,578.1013,881.81647,0.5920307
585.1429,897.21906,598.2111,882.8395,0.93139696
604.64764,897.21906,619.9378,882.6133,0.98045033
624.1524,897.21906,637.36053,882.8232,0.986068
643.65717,897.21906,655.35394,882.3772,0.92644656
663.1619,897.21906,675.22754,881.87744,0.9904565
682.6667,897.21906,693.6291,882.5296,0.9536258
702.17145,897.21906,714.549,882.29834,0.92738974
721.6762,897.21906,733.99,882.5767,0.9718118
741.18097,897.21906,754.0295,883.42004,0.8938253
760.6857,897.21906,772.6846,882.76263,0.4007742
780.1905,897.21906,791.30493,882.818,0.8463886
799.69525,897.21906,811.71533,883.61255,0.83932805
819.2,897.21906,831.405,882.7115,0.84607273
838.7048,897.21906,851.2389,883.2065,0.6477078
858.20953,897.21906,871.15314,882.8358,0.6659755
877.7143,897.21906,890.3663,883.37494,0.8155688
897.21906,897.21906,910.5792,883.225,0.8925319
916.7238,897.21906,930.4413,882.94934,0.9152685
936.22864,897.21906,948.11847,882.7868,0.97919554
955.7334,897.21906,969.57477,883.13544,0.9439043
975.23816,897.21906,988.1692,882.9581,0.9706914
994.7429,897.21906,1008.80145,883.2431,0.95958894
1014.2477,897.21906,1027.1232,882.7051,0.8122661
1033.7524,897.21906,1045.676,883.4469,0.67658603
1053.2572,897.21906,1065.0037,883.04834,0.9498986
1072.762,897.21906,1084.7458,883.5762,0.9614107
1092.2667,897.21906,1104.0902,883.6923,0.81604147
1111.7715,897.21906,1123.9972,882.81824,0.84729767
1131.2762,897.21906,1142.826,883.6578,0.5347517
1150.781,897.21906,1164.2445,881.3265,0.4186046
1170.2858,897.21906,1184.0038,881.34424,0.7242277
1189.7905,897.21906,1201.8954,883.57263,0.6366934
1209.2953,897.21906,1221.667,885.1538,0.247083
1228.8,897.21906,1242.1827,883.9764,0.78382707
1248.3048,897.21906,1261.3204,882.9187,0.96589243
1267.8096,897.21906,1280.5562,884.24036,0.9854306
1287.3143,897.21906,1300.6039,883.7016,0.930047
1306.8191,897.21906,1321.2325,884.00195,0.96403414
1326.3239,897.21906,1338.9188,883.522,0.84034765
1345.8286,897.21906,1357.3042,884.49347,0.6651651
1365.3334,897.21906,1377.9688,884.0481,0.47886845
1384.8381,897.21906,1397.7289,884.032,0.9680058
1404.3429,897.21906,1417.2192,884.1185,0.9413048
1423.8477,897.21906,1435.8922,883.68054,0.9926269
1443.3524,897.21906,1456.2722,883.7858,0.9780938
1462.8572,897.21906,1474.8722,883.8522,0.9250469
1482.3619,897.21906,1493.7192,884.0762,0.8283429
1501.8667,897.21906,1514.152,884.412,0.71901965
1521.3715,897.21906,1533.9337,883.6302,0.6956129
1540.8762,897.21906,1553.4985,884.7411,0.9028223
1560.381,897.21906,1573.0366,884.19073,0.80149174
1579.8857,897.21906,1592.1771,884.085,0.9522456
1599.3905,897.21906,1611.6952,884.3113,0.9634375
1618.8953,897.21906,1630.5178,884.33655,0.9359363
1638.4,897.21906,1651.0195,884.53546,0.83834785
1657.9048,897.21906,1670.3273,884.7528,0.9356886
1677.4095,897.21906,1689.9465,885.0648,0.94073737
1696.9143,897.21906,1710.7118,883.36554,0.9398847
1716.4191,897.21906,1728.9236,884.798,0.88584536
1735.9238,897.21906,1748.8441,884.31134,0.90715814
1755.4286,897.21906,1767.7037,884.9751,0.79445034
1774.9333,897.21906,1788.5913,884.174,0.95605487
1794.4381,897.21906,1807.7308,885.1795,0.9185059
1813.9429,897.21906,1826.8441,884.68164,0.91107374
1833.4476,897.21906,1847.3346,885.5273,0.93330735
1852.9524,897.21906,1865.2706,886.37897,0.8571427
1872.4573,897.21906,1885.7122,885.39685,0.9750935
1891.962,897.21906,1905.3053,885.18726,0.95077366
1911.4668,897.21906,1924.9279,886.0198,0.87244505
1930.9716,897.21906,1944.2151,884.97577,0.75377846
1950.4763,897.21906,1965.7358,884.2024,0.7780717
1969.9811,897.21906,1984.2056,884.1387,0.48045373
58.51429,916.7238,72.96609,900.90753,0.77427477
78.01905,916.7238,91.16469,901.50256,0.9367077
97.52381,916.7238,112.27916,901.23334,0.38709074
117.02858,916.7238,130.63667,901.27234,0.27877858
136.53334,916.7238,150.14923,901.6733,0.8061782
156.0381,916.7238,169.32796,901.5287,0.96391606
175.54286,916.7238,188.95137,900.5382,0.9878877
195.04762,916.7238,208.00627,901.4347,0.9877724
214.55238,916.7238,228.53166,901.7384,0.9974098
234.05716,916.7238,247.78053,901.2613,0.99813455
253.56192,916.7238,266.93976,901.34076,0.9982152
273.06668,916.7238,286.3142,901.0681,0.9777168
292.57144,916.7238,306.49884,902.08734,0.8387351
312.0762,916.7238,325.23114,902.5701,0.8100875
331.58096,916.7238,346.09604,901.32935,0.8172981
390.09525,916.7238,404.45786,901.5508,0.72417194
409.6,916.7238,423.2431,901.7646,0.68468624
429.10477,916.7238,442.3328,902.0349,0.8116999
448.60953,916.7238,462.80032,900.9282,0.57512707
468.11432,916.7238,481.8875,901.5671,0.32263055
487.61908,916.7238,500.4274,901.54034,0.39883977
507.12384,916.7238,519.44666,901.36237,0.6334961
526.6286,916.7238,539.0672,901.77356,0.94959795
546.13336,916.7238,558.17395,902.1541,0.9504757
565.6381,916.7238,577.41,902.787,0.92513686
585.1429,916.7238,598.17444,901.6398,0.975558
604.64764,916.7238,616.3449,902.3908,0.9788413
624.1524,916.7238,636.4803,902.37354,0.951083
643.65717,916.7238,655.4716,902.0803,0.9280654
663.1619,916.7238,675.3481,902.18256,0.92285615
682.6667,916.7238,694.8043,901.78815,0.8718676
702.17145,916.7238,714.4113,901.9961,0.95418614
721.6762,916.7238,735.343,901.9673,0.98398006
741.18097,916.7238,753.30884,902.0194,0.92945176
760.6857,916.7238,772.4437,901.89655,0.33354583
780.1905,916.7238,792.95935,902.86884,0.8928651
799.69525,916.7238,812.73254,902.48706,0.8142288
819.2,916.7238,833.1153,902.46216,0.87181866
838.7048,916.7238,851.2941,902.11725,0.7407537
858.20953,916.7238,869.72986,902.09064,0.75791574
877.7143,916.7238,890.7776,902.58923,0.78917974
897.21906,916.7238,910.01166,903.2017,0.92938477
916.7238,916.7238,928.00665,902.24963,0.9368919
936.22864,916.7238,948.6461,902.56586,0.81039023
955.7334,916.7238,968.9333,902.48944,0.9872108
975.23816,916.7238,988.3642,902.98083,0.959073
994.7429,916.7238,1007.38617,902.9074,0.9295331
1014.2477,916.7238,1025.8278,903.01117,0.7655617
1033.7524,916.7238,1045.9569,902.5491,0.41598678
1053.2572,916.7238,1065.3672,902.81647,0.8025528
1072.762,916.7238,1085.0367,903.5602,0.9333367
1092.2667,916.7238,1104.955,902.5256,0.6385035
1111.7715,916.7238,1124.0254,902.8565,0.6834065
1131.2762,916.7238,1143.495,902.99384,0.70208335
1150.781,916.7238,1163.2207,901.4727,0.76058865
1170.2858,916.7238,1184.7686,903.6295,0.71291447
1189.7905,916.7238,1204.399,903.7316,0.74290663
1248.3048,916.7238,1262.799,903.6513,0.76274407
1267.8096,916.7238,1282.3632,902.86115,0.79903895
1287.3143,916.7238,1301.5305,903.54205,0.8823204
1306.8191,916.7238,1321.9081,902.9636,0.6429722
1326.3239,916.7238,1338.8918,903.60406,0.8320541
1345.8286,916.7238,1358.1907,903.42755,0.20723882
1365.3334,916.7238,1376.8141,902.79626,0.45517147
1384.8381,916.7238,1397.6649,903.1294,0.91540337
1404.3429,916.7238,1416.3274,904.3512,0.94917995
1423.8477,916.7238,1435.4623,903.8228,0.99382526
1443.3524,916.7238,1455.9596,903.45166,0.9881693
1462.8572,916.7238,1475.4188,903.0825,0.9320529
1482.3619,916.7238,1494.0923,903.2061,0.9303266
1501.8667,916.7238,1514.1527,903.173,0.84926367
1521.3715,916.7238,1532.8767,903.6293,0.8421418
1540.8762,916.7238,1553.1973,903.6428,0.8716085
1560.381,916.7238,1573.3075,904.6263,0.9410185
1579.8857,916.7238,1591.76,903.60657,0.94929355
1599.3905,916.7238,1611.9042,903.1354,0.9097419
1618.8953,916.7238,1630.4313,904.4486,0.8597875
1638.4,916.7238,1650.9098,904.1591,0.71420735
1657.9048,916.7238,1670.4651,903.2797,0.8916076
1677.4095,916.7238,1689.7916,905.2487,0.83419335
1696.9143,916.7238,1709.8734,903.969,0.8614129
1716.4191,916.7238,1729.0078,903.97437,0.6822085
1735.9238,916.7238,1747.6392,904.51556,0.6446906
1755.4286,916.7238,1767.3145,904.4676,0.87662065
1774.9333,916.7238,1788.6471,903.4913,0.9319115
1794.4381,916.7238,1807.4906,904.99585,0.9690258
1813.9429,916.7238,1829.0115,905.4352,0.9591739
1833.4476,916.7238,1847.9473,905.2954,0.88959026
1852.9524,916.7238,1864.8248,905.2734,0.8799517
1872.4573,916.7238,1886.0892,905.06024,0.89102674
1891.962,916.7238,1905.5139,905.2088,0.99136454
1911.4668,916.7238,1926.309,904.9321,0.9405007
1930.9716,916.7238,1945.7816,904.6203,0.63687766
1950.4763,916.7238,1964.3945,904.9149,0.75436133
1969.9811,916.7238,1983.7112,904.1202,0.76767874
78.01905,936.22864,92.13964,920.654,0.8064387
97.52381,936.22864,112.0784,920.8559,0.51534
136.53334,936.22864,150.58824,920.22375,0.76097786
156.0381,936.22864,169.1725,920.8557,0.9287224
175.54286,936.22864,187.05086,921.4183,0.9337912
195.04762,936.22864,207.73952,920.23157,0.97718847
214.55238,936.22864,228.78296,921.27386,0.99343634
234.05716,936.22864,248.30067,920.83075,0.9837992
253.56192,936.22864,267.0636,920.89734,0.9976314
273.06668,936.22864,285.14624,921.30347,0.98925096
292.57144,936.22864,307.37976,921.3511,0.83484155
312.0762,936.22864,324.34946,920.99176,0.75755703
331.58096,936.22864,343.23038,921.0463,0.27404493
351.08572,936.22864,364.1657,920.88324,0.5395167
370.59048,936.22864,384.71942,920.6,0.38151646
390.09525,936.22864,404.16092,920.9411,0.8075518
429.10477,936.22864,442.34076,921.3635,0.42342612
487.61908,936.22864,500.8454,919.57086,0.52226806
507.12384,936.22864,518.3849,921.1742,0.8382868
526.6286,936.22864,540.3615,921.67773,0.98625135
546.13336,936.22864,560.1276,921.2479,0.9960784
565.6381,936.22864,577.67554,921.7949,0.9953141
585.1429,936.22864,598.8026,921.6296,0.9968365
604.64764,936.22864,618.54816,921.6742,0.9970066
624.1524,936.22864,636.3344,921.16705,0.9949203
643.65717,936.22864,656.03424,921.9425,0.9751392
663.1619,936.22864,674.26904,921.488,0.8824011
682.6667,936.22864,695.74365,920.8936,0.94436747
702.17145,936.22864,713.9412,921.46735,0.9615179
721.6762,936.22864,733.8969,921.39374,0.90443623
741.18097,936.22864,754.5946,921.1917,0.94759846
760.6857,936.22864,773.421,921.8442,0.88615423
780.1905,936.22864,792.62964,922.2835,0.90547335
799.69525,936.22864,812.26776,922.3148,0.95467424
819.2,936.22864,831.8762,921.2743,0.98173857
838.7048,936.22864,851.91486,921.3036,0.9652622
858.20953,936.22864,870.0287,921.61707,0.7622761
877.7143,936.22864,889.17004,922.301,0.9692683
897.21906,936.22864,910.1391,922.0489,0.9821233
916.7238,936.22864,930.95953,922.7264,0.9609905
936.22864,936.22864,950.2668,923.0264,0.8371555
955.7334,936.22864,969.29816,922.66296,0.9693142
975.23816,936.22864,988.62103,923.8425,0.97274595
994.7429,936.22864,1008.1764,922.55206,0.90455407
1014.2477,936.22864,1026.1436,922.3191,0.7684558
1033.7524,936.22864,1046.4481,922.93475,0.7530601
1053.2572,936.22864,1066.0082,922.247,0.75819045
1072.762,936.22864,1084.6257,922.16345,0.933142
1092.2667,936.22864,1105.4545,922.25684,0.49302346
1111.7715,936.22864,1124.165,921.88226,0.51391864
1131.2762,936.22864,1143.9863,922.61884,0.7737491
1150.781,936.22864,1163.7167,921.7698,0.87898827
1267.8096,936.22864,1281.9456,922.23425,0.29910508
1287.3143,936.22864,1302.4283,921.80914,0.64284515
1326.3239,936.22864,1339.5325,922.8523,0.21707381
1365.3334,936.22864,1376.7958,922.56714,0.74635816
1384.8381,936.22864,1396.9432,923.0953,0.9392994
1404.3429,936.22864,1416.627,923.78516,0.9810944
1423.8477,936.22864,1436.843,923.4383,0.9852547
1443.3524,936.22864,1456.8206,923.7285,0.97144306
1462.8572,936.22864,1475.9163,923.9108,0.91051245
1482.3619,936.22864,1495.2067,923.39343,0.53989047
1501.8667,936.22864,1514.4124,922.7655,0.88526607
1521.3715,936.22864,1533.9325,923.02325,0.9066762
1540.8762,936.22864,1553.1268,923.54675,0.89916646
1560.381,936.22864,1572.7965,922.8867,0.97633934
1579.8857,936.22864,1591.7543,922.90106,0.9714409
1599.3905,936.22864,1611.0795,923.1463,0.9140047
1618.8953,936.22864,1630.9703,922.93134,0.94874346
1638.4,936.22864,1651.2477,924.07477,0.7302647
1657.9048,936.22864,1670.1031,923.41095,0.66154647
1677.4095,936.22864,1689.8076,923.9366,0.7728813
1696.9143,936.22864,1710.3672,923.3778,0.9426187
1716.4191,936.22864,1728.9904,922.68726,0.72296333
1735.9238,936.22864,1748.2106,923.22296,0.5123399
1755.4286,936.22864,1767.563,923.2511,0.6231306
1774.9333,936.22864,1788.2892,924.1978,0.9925819
1794.4381,936.22864,1808.3235,924.01483,0.9796466
1813.9429,936.22864,1826.6995,924.99097,0.9860185
1833.4476,936.22864,1847.242,924.9115,0.8197573
1852.9524,936.22864,1866.3558,925.1988,0.9265923
1872.4573,936.22864,1886.0106,923.69244,0.95297384
1891.962,936.22864,1905.0233,924.5345,0.9091772
1911.4668,936.22864,1924.8807,923.7779,0.70035595
1930.9716,936.22864,1944.4186,924.0441,0.6791188
1950.4763,936.22864,1964.0614,924.314,0.40788868
1969.9811,936.22864,1983.1024,924.5459,0.7660561
78.01905,955.7334,92.36255,939.68774,0.82261485
97.52381,955.7334,112.58818,940.1836,0.49788198
117.02858,955.7334,131.69547,940.81696,0.71574956
136.53334,955.7334,149.66296,940.2601,0.7422468
156.0381,955.7334,168.62802,939.9153,0.95260733
175.54286,955.7334,188.73245,940.73755,0.9181221
195.04762,955.7334,209.02075,940.5801,0.92313975
214.55238,955.7334,228.08514,940.4092,0.99406886
234.05716,955.7334,248.31323,941.06946,0.94926995
253.56192,955.7334,268.37253,940.9972,0.9810089
273.06668,955.7334,285.32446,941.00256,0.9967601
292.57144,955.7334,306.5192,940.45776,0.73971057
312.0762,955.7334,324.0934,940.8061,0.4761274
331.58096,955.7334,345.01346,940.77655,0.5552824
351.08572,955.7334,366.00644,941.15814,0.43834245
370.59048,955.7334,385.70676,940.2233,0.4102111
390.09525,955.7334,404.14432,940.88245,0.7907001
487.61908,955.7334,501.22253,940.2397,0.66855866
507.12384,955.7334,520.2026,941.06244,0.9519217
526.6286,955.7334,539.9577,941.6686,0.9913456
546.13336,955.7334,559.49384,940.5997,0.9972544
565.6381,955.7334,579.2058,940.8532,0.9972166
585.1429,955.7334,598.82294,940.297,0.9944756
604.64764,955.7334,616.62537,940.89905,0.97805643
624.1524,955.7334,637.344,940.5705,0.98464334
643.65717,955.7334,657.1333,941.4074,0.9872228
663.1619,955.7334,675.7149,940.83295,0.981147
682.6667,955.7334,695.44336,940.7801,0.99274576
702.17145,955.7334,713.991,941.2975,0.9883487
721.6762,955.7334,733.6294,941.12915,0.9648292
741.18097,955.7334,754.1774,940.0279,0.9595136
760.6857,955.7334,773.9451,941.20404,0.6547885
780.1905,955.7334,793.11865,940.99225,0.97323674
799.69525,955.7334,812.79877,941.87067,0.9755896
819.2,955.7334,831.41565,941.14655,0.932908
838.7048,955.7334,851.7091,941.5117,0.9536693
858.20953,955.7334,870.32605,940.8813,0.84880745
877.7143,955.7334,890.89954,941.31415,0.9803731
897.21906,955.7334,910.3843,941.5374,0.95158315
916.7238,955.7334,930.67505,942.06177,0.9674668
936.22864,955.7334,948.72174,941.5848,0.98470414
955.7334,955.7334,970.1728,941.0476,0.9617796
975.23816,955.7334,988.21844,941.7464,0.89517206
994.7429,955.7334,1006.6894,941.16656,0.7055631
1014.2477,955.7334,1026.894,941.95807,0.87673795
1033.7524,955.7334,1046.4199,941.82465,0.6332421
1053.2572,955.7334,1066.9368,941.50696,0.6107504
1072.762,955.7334,1085.0242,941.42194,0.6900259
1092.2667,955.7334,1106.204,941.35754,0.95275486
1111.7715,955.7334,1123.6781,941.93933,0.9430563
1131.2762,955.7334,1143.749,941.02295,0.7915763
1150.781,955.7334,1164.2996,940.7046,0.79599977
1170.2858,955.7334,1184.1841,941.2049,0.6641405
1287.3143,955.7334,1300.759,941.4548,0.2768146
1306.8191,955.7334,1319.6309,941.9908,0.53615415
1326.3239,955.7334,1338.9028,942.876,0.5925879
1345.8286,955.7334,1358.8594,942.3388,0.4416029
1365.3334,955.7334,1378.127,942.9415,0.64746463
1384.8381,955.7334,1397.3953,942.5531,0.87214863
1404.3429,955.7334,1417.0027,942.2482,0.8688199
1423.8477,955.7334,1435.7408,942.35925,0.9715051
1443.3524,955.7334,1456.2655,942.7478,0.9580632
1462.8572,955.7334,1475.9277,942.3925,0.9155231
1482.3619,955.7334,1495.7496,942.55835,0.8982166
1501.8667,955.7334,1514.2734,943.2949,0.90808743
1521.3715,955.7334,1534.0753,943.20374,0.8848843
1540.8762,955.7334,1554.4789,942.7852,0.8954926
1560.381,955.7334,1572.5906,943.90137,0.8880793
1579.8857,955.7334,1592.4896,943.29425,0.91754764
1599.3905,955.7334,1611.5721,943.4078,0.91075426
1618.8953,955.7334,1631.7427,943.18164,0.8469818
1638.4,955.7334,1651.4806,942.9768,0.60273236
1657.9048,955.7334,1670.9541,942.4237,0.6914512
1677.4095,955.7334,1690.275,943.6504,0.93101114
1696.9143,955.7334,1709.8867,942.68915,0.978627
1716.4191,955.7334,1729.3385,943.8754,0.8874446
1735.9238,955.7334,1748.8417,943.5508,0.6990981
1755.4286,955.7334,1768.5126,943.7043,0.40793934
1774.9333,955.7334,1788.0583,943.0969,0.9823514
1794.4381,955.7334,1806.5847,943.3823,0.9900007
1813.9429,955.7334,1827.3252,943.83826,0.93690664
1833.4476,955.7334,1846.72,944.29614,0.9325662
1852.9524,955.7334,1866.3231,943.57214,0.9484103
1872.4573,955.7334,1885.2612,943.7972,0.9826508
1891.962,955.7334,1904.9233,943.60614,0.98426616
1911.4668,955.7334,1925.6154,943.46405,0.8980805
1950.4763,955.7334,1963.3536,943.73157,0.20550783
1969.9811,955.7334,1983.2589,944.04474,0.70994544
39.009525,975.23816,53.078175,959.61,0.4977136
58.51429,975.23816,71.816986,960.09705,0.58835673
78.01905,975.23816,92.087395,959.8467,0.8556375
97.52381,975.23816,110.86312,960.06104,0.6473164
117.02858,975.23816,131.30865,959.7064,0.65936893
136.53334,975.23816,148.93024,959.7152,0.6391626
156.0381,975.23816,169.50107,958.9432,0.9171248
175.54286,975.23816,189.4602,959.7844,0.7353199
195.04762,975.23816,208.73584,960.15,0.8961087
253.56192,975.23816,267.92618,960.3581,0.9932095
273.06668,975.23816,286.68008,959.7703,0.99432576
292.57144,975.23816,307.42297,959.9438,0.92465305
312.0762,975.23816,325.00555,960.12286,0.73684293
331.58096,975.23816,344.56946,960.6064,0.62987137
351.08572,975.23816,365.19815,960.3984,0.86867625
390.09525,975.23816,403.37827,960.7103,0.42548555
448.60953,975.23816,461.8207,960.3189,0.45683274
487.61908,975.23816,500.68466,960.5254,0.89453864
507.12384,975.23816,521.10016,960.69086,0.97275543
526.6286,975.23816,540.3806,960.39856,0.96150917
546.13336,975.23816,559.3162,960.5711,0.9880336
565.6381,975.23816,579.1126,960.4011,0.996801
585.1429,975.23816,596.8799,960.45953,0.97544205
604.64764,975.23816,617.2019,960.18726,0.90186894
624.1524,975.23816,638.5308,960.5651,0.9285901
643.65717,975.23816,655.9948,960.33746,0.97179145
663.1619,975.23816,675.48016,960.3898,0.9879919
682.6667,975.23816,695.68976,960.0228,0.99753976
702.17145,975.23816,713.9021,959.7539,0.9803455
721.6762,975.23816,734.668,960.8503,0.9841335
741.18097,975.23816,753.25757,960.53723,0.6831774
760.6857,975.23816,775.2682,960.7926,0.8638628
780.1905,975.23816,794.0295,960.95715,0.7391189
799.69525,975.23816,811.36237,960.6898,0.978925
819.2,975.23816,832.28625,960.51245,0.9834132
838.7048,975.23816,852.44574,960.6322,0.9718656
858.20953,975.23816,870.88605,960.7139,0.93682414
877.7143,975.23816,891.56573,960.66956,0.98657936
897.21906,975.23816,911.0009,961.05035,0.9941816
916.7238,975.23816,931.56195,961.05493,0.9981917
936.22864,975.23816,948.6227,961.2263,0.99189806
955.7334,975.23816,968.36896,961.10785,0.96191955
975.23816,975.23816,986.9814,961.25415,0.97519916
994.7429,975.23816,1007.40265,961.0389,0.92221916
1014.2477,975.23816,1027.4573,961.2183,0.9624785
1033.7524,975.23816,1046.5853,961.6456,0.95155275
1053.2572,975.23816,1067.0607,961.41455,0.96865857
1072.762,975.23816,1085.5084,960.7756,0.93951666
1092.2667,975.23816,1104.8569,961.3449,0.950585
1111.7715,975.23816,1123.903,961.0999,0.812997
1131.2762,975.23816,1143.4629,961.14465,0.7458137
1150.781,975.23816,1162.4915,960.4284,0.44972524
1170.2858,975.23816,1183.3997,960.3966,0.5299266
1189.7905,975.23816,1203.2487,960.64795,0.45506257
1209.2953,975.23816,1222.2377,960.40643,0.5305427
1248.3048,975.23816,1262.3367,960.64905,0.28236914
1287.3143,975.23816,1300.0079,962.3516,0.4665868
1306.8191,975.23816,1320.3019,961.3755,0.9048946
1326.3239,975.23816,1339.0261,961.2289,0.63203025
1345.8286,975.23816,1358.9277,962.0558,0.6292896
1365.3334,975.23816,1377.9364,962.1465,0.34255636
1384.8381,975.23816,1397.004,961.74744,0.45769495
1404.3429,975.23816,1417.0148,962.35675,0.9167959
1423.8477,975.23816,1436.9963,962.28644,0.88748693
1443.3524,975.23816,1455.7819,962.757,0.9057893
1462.8572,975.23816,1475.4371,962.2455,0.88910204
1482.3619,975.23816,1495.4696,962.402,0.97980714
1501.8667,975.23816,1515.3999,962.9901,0.8354034
1521.3715,975.23816,1534.7628,962.80493,0.90780365
1540.8762,975.23816,1553.6769,962.845,0.9467821
1560.381,975.23816,1574.2837,962.9085,0.724977
1579.8857,975.23816,1592.978,962.3469,0.8975342
1599.3905,975.23816,1611.1221,963.2349,0.68387264
1618.8953,975.23816,1632.6737,963.38885,0.7220776
1638.4,975.23816,1651.7723,963.07,0.8835727
1657.9048,975.23816,1670.5276,962.2808,0.9303621
1677.4095,975.23816,1691.0172,962.30237,0.97446233
1696.9143,975.23816,1710.236,963.07855,0.9690427
1716.4191,975.23816,1729.5514,962.61835,0.966274
1735.9238,975.23816,1749.0093,962.97876,0.826995
1755.4286,975.23816,1769.2782,963.0279,0.77071905
1774.9333,975.23816,1788.8856,962.44305,0.9717524
1794.4381,975.23816,1807.8589,962.0042,0.9850421
1813.9429,975.23816,1827.7261,963.8076,0.9582809
1833.4476,975.23816,1848.1415,963.52606,0.90941054
1852.9524,975.23816,1867.404,962.3115,0.92844623
1872.4573,975.23816,1886.0316,963.39276,0.9180722
1891.962,975.23816,1904.7343,963.189,0.92159635
1911.4668,975.23816,1925.4207,963.1269,0.7569237
1930.9716,975.23816,1944.8582,963.5575,0.27888396
1950.4763,975.23816,1964.119,963.5227,0.48437726
1969.9811,975.23816,1983.0221,962.79645,0.31988165
39.009525,994.7429,51.327072,979.37866,0.87749404
58.51429,994.7429,71.5112,978.1059,0.807742
78.01905,994.7429,90.166855,978.8615,0.9046967
97.52381,994.7429,110.96453,978.6126,0.89109117
117.02858,994.7429,129.7057,979.6254,0.9584431
136.53334,994.7429,150.79752,979.15985,0.95409465
156.0381,994.7429,169.64821,979.2243,0.92884713
195.04762,994.7429,210.05922,979.39856,0.4889995
234.05716,994.7429,248.36194,979.2959,0.8281569
253.56192,994.7429,268.89127,979.72205,0.96030784
273.06668,994.7429,285.67133,979.00366,0.94013864
292.57144,994.7429,305.4793,980.03064,0.957519
312.0762,994.7429,324.09067,979.1949,0.6019655
331.58096,994.7429,344.11877,979.1322,0.7114849
351.08572,994.7429,365.19525,979.584,0.79423857
370.59048,994.7429,385.19812,979.65485,0.8818919
390.09525,994.7429,404.18375,980.28156,0.433035
448.60953,994.7429,460.46155,979.6903,0.5642019
468.11432,994.7429,480.84406,980.57294,0.58228624
487.61908,994.7429,500.99332,980.0308,0.9521614
507.12384,994.7429,521.2659,980.09607,0.9882312
526.6286,994.7429,540.8178,979.1076,0.976901
546.13336,994.7429,559.4477,979.93365,0.9884395
565.6381,994.7429,580.25714,979.704,0.9759129
585.1429,994.7429,598.33795,980.6694,0.8827763
604.64764,994.7429,616.62195,979.9954,0.77174056
624.1524,994.7429,637.31433,980.41974,0.83902687
643.65717,994.7429,656.37195,980.08405,0.78206575
663.1619,994.7429,676.02295,979.6174,0.9404321
682.6667,994.7429,694.78735,980.231,0.99633497
702.17145,994.7429,715.2581,980.35895,0.9578308
721.6762,994.7429,735.4608,979.95154,0.96309143
741.18097,994.7429,754.3705,980.4103,0.9413886
760.6857,994.7429,774.0857,980.4756,0.8232502
780.1905,994.7429,793.24713,979.97437,0.872793
799.69525,994.7429,812.93695,980.16486,0.8436204
819.2,994.7429,830.4536,980.4027,0.9916476
838.7048,994.7429,850.9642,980.62415,0.9354087
858.20953,994.7429,871.63367,980.44336,0.9632186
877.7143,994.7429,891.2862,980.94977,0.9714654
897.21906,994.7429,911.8217,981.3371,0.9955548
916.7238,994.7429,932.2926,980.6752,0.9914223
936.22864,994.7429,949.80786,981.02325,0.9246681
955.7334,994.7429,970.6568,981.7362,0.9699058
975.23816,994.7429,988.63525,980.43536,0.9876901
994.7429,994.7429,1008.71765,980.401,0.94582474
1014.2477,994.7429,1026.6235,980.39685,0.75705415
1033.7524,994.7429,1046.3851,980.44574,0.8986791
1053.2572,994.7429,1064.824,980.6986,0.5467963
1072.762,994.7429,1084.5546,980.8859,0.7125818
1092.2667,994.7429,1103.999,980.881,0.8286461
1111.7715,994.7429,1123.3461,980.37427,0.8290307
1131.2762,994.7429,1141.855,980.3102,0.7107127
1150.781,994.7429,1163.3524,980.96045,0.73190045
1170.2858,994.7429,1182.9299,980.756,0.7330902
1189.7905,994.7429,1203.3336,980.8454,0.774952
1209.2953,994.7429,1223.4779,979.5753,0.6548263
1228.8,994.7429,1243.6744,981.4063,0.29889342
1248.3048,994.7429,1263.299,980.9969,0.21590751
1287.3143,994.7429,1300.5778,981.084,0.39399666
1306.8191,994.7429,1320.516,982.2652,0.5947226
1326.3239,994.7429,1338.432,980.7291,0.55350584
1345.8286,994.7429,1358.5084,981.4809,0.63454586
1365.3334,994.7429,1377.9563,980.8644,0.35087636
1384.8381,994.7429,1396.601,981.15784,0.24414244
1443.3524,994.7429,1456.0553,981.4744,0.5718324
1462.8572,994.7429,1474.4658,982.2348,0.8665091
1482.3619,994.7429,1495.9237,982.7773,0.9420125
1501.8667,994.7429,1516.4137,981.8877,0.95511043
1521.3715,994.7429,1535.1914,982.2719,0.95768255
1540.8762,994.7429,1554.9374,982.18396,0.9683013
1560.381,994.7429,1574.3947,981.52734,0.96394986
1579.8857,994.7429,1592.7972,981.2523,0.6464061
1599.3905,994.7429,1610.8627,982.77167,0.6668572
1618.8953,994.7429,1630.843,983.2677,0.70962936
1638.4,994.7429,1651.1068,981.2627,0.9598856
1657.9048,994.7429,1671.0269,982.27856,0.9498952
1677.4095,994.7429,1689.7802,981.7609,0.93122166
1696.9143,994.7429,1711.359,982.0442,0.8770907
1716.4191,994.7429,1730.5066,982.4751,0.95617205
1735.9238,994.7429,1748.7308,982.1853,0.74334925
1755.4286,994.7429,1769.17,982.41095,0.7558326
1774.9333,994.7429,1787.8599,982.9689,0.9746274
1794.4381,994.7429,1807.6317,982.74493,0.95153606
1813.9429,994.7429,1828.5974,983.63916,0.9855748
1833.4476,994.7429,1846.7026,983.5429,0.9688666
1852.9524,994.7429,1866.5305,983.12244,0.9301303
1872.4573,994.7429,1885.9901,982.43,0.9445278
1891.962,994.7429,1905.4596,982.59265,0.8411025
1911.4668,994.7429,1925.0803,981.74176,0.81856275
1930.9716,994.7429,1943.8456,983.1176,0.62973815
1950.4763,994.7429,1964.9834,982.1411,0.35310996
1969.9811,994.7429,1982.168,982.99225,0.224339
58.51429,1014.2477,72.03792,998.3989,0.9530206
78.01905,1014.2477,92.053314,998.01636,0.98568016
97.52381,1014.2477,110.50605,998.60284,0.99302906
117.02858,1014.2477,128.66606,999.30396,0.96390533
136.53334,1014.2477,150.83983,999.0906,0.97047305
175.54286,1014.2477,189.7697,999.451,0.81482553
214.55238,1014.2477,228.439,999.1048,0.67404604
234.05716,1014.2477,247.7869,999.0107,0.8050793
253.56192,1014.2477,265.9705,998.9829,0.691873
273.06668,1014.2477,286.63776,998.18304,0.7692588
292.57144,1014.2477,305.87106,998.6728,0.6483212
312.0762,1014.2477,323.9867,999.2566,0.8454998
331.58096,1014.2477,345.7794,998.80383,0.611118
351.08572,1014.2477,365.18704,999.4527,0.34752935
370.59048,1014.2477,385.5536,998.52936,0.913286
390.09525,1014.2477,401.8653,999.0317,0.82753915
409.6,1014.2477,422.42538,999.9714,0.77597374
429.10477,1014.2477,441.1207,998.67505,0.83545876
448.60953,1014.2477,462.52112,999.1011,0.9313429
468.11432,1014.2477,480.8099,999.439,0.68457115
487.61908,1014.2477,499.61218,999.4292,0.7402169
507.12384,1014.2477,520.0839,998.7192,0.94850034
526.6286,1014.2477,539.6081,998.8928,0.98871803
546.13336,1014.2477,560.5161,999.2065,0.99611783
565.6381,1014.2477,579.4509,1000.28546,0.98517436
585.1429,1014.2477,597.2375,1000.28625,0.8345069
604.64764,1014.2477,615.91315,999.7574,0.88410664
624.1524,1014.2477,636.6146,999.4727,0.81554115
643.65717,1014.2477,656.5059,999.74,0.9304047
663.1619,1014.2477,675.8129,999.4835,0.98280597
682.6667,1014.2477,695.51843,999.77625,0.98061603
702.17145,1014.2477,716.3002,998.8508,0.99206156
721.6762,1014.2477,734.4537,999.4474,0.9791559
741.18097,1014.2477,754.3314,999.72437,0.9569183
760.6857,1014.2477,773.3058,999.6636,0.9210121
780.1905,1014.2477,792.6428,1000.0198,0.86121285
799.69525,1014.2477,812.6947,999.68994,0.9187169
819.2,1014.2477,831.54474,999.637,0.98824185
838.7048,1014.2477,852.39685,1000.0546,0.9825205
858.20953,1014.2477,871.6252,999.76215,0.96741027
877.7143,1014.2477,891.45917,999.92706,0.9277854
897.21906,1014.2477,910.8494,1000.236,0.9568558
916.7238,1014.2477,931.4675,1000.81775,0.972648
936.22864,1014.2477,949.5819,999.66125,0.8579301
955.7334,1014.2477,968.0998,999.87836,0.7942242
975.23816,1014.2477,988.1394,1000.2858,0.85316265
994.7429,1014.2477,1007.7191,999.6872,0.8979136
1014.2477,1014.2477,1027.181,1000.31323,0.7854747
1033.7524,1014.2477,1047.1794,1000.3725,0.8829095
1053.2572,1014.2477,1066.3916,1000.2932,0.6124238
1072.762,1014.2477,1084.4303,1000.0936,0.5871892
1092.2667,1014.2477,1104.2584,1000.6079,0.7777558
1111.7715,1014.2477,1124.0997,1000.13165,0.76340187
1131.2762,1014.2477,1143.345,1001.86755,0.9607564
1150.781,1014.2477,1163.593,1000.6371,0.90379566
1170.2858,1014.2477,1181.9083,999.72156,0.5794219
1189.7905,1014.2477,1204.5624,1001.03064,0.73779035
1209.2953,1014.2477,1221.4832,1000.403,0.78191406
1248.3048,1014.2477,1261.1454,1000.61096,0.49981704
1287.3143,1014.2477,1300.9796,1000.0487,0.29659072
1306.8191,1014.2477,1320.1675,1001.7372,0.7709065
1326.3239,1014.2477,1339.548,1001.1951,0.74251974
1345.8286,1014.2477,1358.8613,1000.33514,0.78672993
1365.3334,1014.2477,1379.4799,1000.8691,0.6434316
1384.8381,1014.2477,1397.7908,1000.58997,0.3621248
1404.3429,1014.2477,1416.1041,1001.2949,0.32406312
1443.3524,1014.2477,1457.4023,1000.8564,0.60277694
1462.8572,1014.2477,1476.0555,1000.6771,0.86656576
1482.3619,1014.2477,1495.2794,1001.6241,0.9011291
1501.8667,1014.2477,1514.5289,1000.79083,0.9732859
1521.3715,1014.2477,1536.1667,1001.0835,0.9456913
1540.8762,1014.2477,1555.6681,1002.35516,0.94229186
1560.381,1014.2477,1573.6508,1001.7865,0.76732486
1579.8857,1014.2477,1592.035,1001.6938,0.73432255
1599.3905,1014.2477,1611.7546,1001.21814,0.6846233
1618.8953,1014.2477,1631.7098,1001.62866,0.7938118
1638.4,1014.2477,1651.6086,1001.30646,0.8943016
1657.9048,1014.2477,1670.1316,1001.60693,0.91651267
1677.4095,1014.2477,1689.9304,1001.78516,0.86909115
1696.9143,1014.2477,1710.1171,1000.9868,0.88408864
1716.4191,1014.2477,1732.05,1001.854,0.93965334
1735.9238,1014.2477,1750.2539,1001.14294,0.90203947
1755.4286,1014.2477,1768.9045,1001.4556,0.96255714
1774.9333,1014.2477,1790.2322,1001.5773,0.9855494
1794.4381,1014.2477,1807.6116,1002.3556,0.96765447
1813.9429,1014.2477,1827.3511,1002.4996,0.9650143
1833.4476,1014.2477,1847.0352,1002.80005,0.97344613
1852.9524,1014.2477,1866.8198,1001.8839,0.87892014
1872.4573,1014.2477,1886.5115,1002.57434,0.9549847
1891.962,1014.2477,1906.6437,1003.13055,0.95221096
1911.4668,1014.2477,1925.9529,1001.4211,0.912037
1930.9716,1014.2477,1944.6776,1002.3983,0.675789
1950.4763,1014.2477,1962.9321,1002.18774,0.53952384
1969.9811,1014.2477,1981.9668,1002.10016,0.4283782
39.009525,1033.7524,51.61207,1017.753,0.8903644
58.51429,1033.7524,71.02215,1017.5583,0.981401
78.01905,1033.7524,91.162,1017.85315,0.9518727
97.52381,1033.7524,109.34618,1018.3817,0.90050274
117.02858,1033.7524,130.3837,1018.47266,0.98941946
136.53334,1033.7524,151.67853,1019.1031,0.9899097
214.55238,1033.7524,228.43503,1019.1772,0.77318496
234.05716,1033.7524,247.01451,1018.9053,0.6989997
253.56192,1033.7524,265.685,1018.7172,0.83593416
273.06668,1033.7524,285.63983,1018.64105,0.70257366
292.57144,1033.7524,305.5849,1018.7322,0.8549771
312.0762,1033.7524,325.7311,1018.6726,0.7473004
331.58096,1033.7524,344.29755,1018.83234,0.56749195
351.08572,1033.7524,364.00317,1018.676,0.3456408
370.59048,1033.7524,382.55032,1018.22455,0.8236259
390.09525,1033.7524,403.09595,1019.2305,0.8402711
409.6,1033.7524,422.30627,1018.77997,0.66093314
429.10477,1033.7524,441.7633,1018.34863,0.5902067
448.60953,1033.7524,461.58392,1019.15234,0.96556246
468.11432,1033.7524,479.20035,1018.5071,0.7819552
487.61908,1033.7524,499.02386,1019.1239,0.8475027
507.12384,1033.7524,519.968,1018.43604,0.675717
526.6286,1033.7524,538.5739,1018.7477,0.8597596
546.13336,1033.7524,560.26434,1019.1682,0.9981985
565.6381,1033.7524,579.17017,1019.0364,0.99145937
585.1429,1033.7524,598.48865,1018.85724,0.94421726
604.64764,1033.7524,615.7755,1019.0888,0.8936997
624.1524,1033.7524,637.07043,1019.1669,0.8370176
643.65717,1033.7524,655.1783,1018.97406,0.9340247
663.1619,1033.7524,676.50397,1018.99445,0.9458352
682.6667,1033.7524,696.35406,1019.39935,0.9828399
702.17145,1033.7524,714.2023,1019.3892,0.992126
721.6762,1033.7524,734.86694,1019.09674,0.9958638
741.18097,1033.7524,754.18524,1019.6924,0.9916645
760.6857,1033.7524,773.7233,1019.2596,0.9550322
780.1905,1033.7524,791.579,1019.04626,0.76330674
799.69525,1033.7524,811.7821,1019.09454,0.9605418
819.2,1033.7524,832.3137,1018.8253,0.9913156
838.7048,1033.7524,851.33386,1019.01685,0.9896631
858.20953,1033.7524,871.168,1019.06305,0.95683396
877.7143,1033.7524,890.22235,1019.1305,0.9783495
897.21906,1033.7524,911.38947,1019.5839,0.9649361
916.7238,1033.7524,930.31433,1019.3194,0.9376448
936.22864,1033.7524,948.8917,1019.441,0.78383696
955.7334,1033.7524,968.83325,1019.19275,0.9665575
975.23816,1033.7524,989.38165,1019.2951,0.7862595
994.7429,1033.7524,1007.2294,1019.7515,0.8378181
1014.2477,1033.7524,1027.6678,1019.6468,0.7966094
1033.7524,1033.7524,1047.8071,1020.2128,0.7533731
1053.2572,1033.7524,1065.35,1019.92395,0.7806979
1072.762,1033.7524,1084.4336,1019.30066,0.8352694
1092.2667,1033.7524,1104.2362,1019.586,0.8219327
1111.7715,1033.7524,1125.2455,1019.37384,0.9448891
1131.2762,1033.7524,1144.6696,1020.14594,0.96170175
1150.781,1033.7524,1164.2891,1019.7289,0.83367836
1170.2858,1033.7524,1181.6848,1019.30084,0.7436094
1189.7905,1033.7524,1202.7001,1020.3739,0.56008315
1209.2953,1033.7524,1221.1825,1020.326,0.24541432
1228.8,1033.7524,1241.1913,1020.1402,0.33898255
1287.3143,1033.7524,1301.2052,1019.3549,0.44699797
1306.8191,1033.7524,1319.8987,1020.22766,0.829917
1326.3239,1033.7524,1338.7795,1020.6925,0.8131841
1345.8286,1033.7524,1358.7122,1019.7332,0.86141455
1365.3334,1033.7524,1378.1359,1020.4584,0.9034938
1384.8381,1033.7524,1396.4264,1020.2804,0.55163544
1404.3429,1033.7524,1416.0061,1019.8762,0.4099251
1423.8477,1033.7524,1436.7435,1020.10657,0.50263333
1443.3524,1033.7524,1456.1411,1020.79193,0.5448431
1462.8572,1033.7524,1475.7198,1019.86066,0.8003243
1482.3619,1033.7524,1494.2498,1020.50037,0.8166151
1501.8667,1033.7524,1514.098,1021.0052,0.8980625
1521.3715,1033.7524,1534.8926,1020.12146,0.868333
1540.8762,1033.7524,1554.1484,1021.2035,0.5192983
1560.381,1033.7524,1573.7172,1020.5913,0.520849
1579.8857,1033.7524,1591.789,1021.0364,0.5892225
1599.3905,1033.7524,1612.163,1020.23755,0.63571537
1618.8953,1033.7524,1632.3809,1020.7556,0.8973253
1638.4,1033.7524,1651.695,1020.873,0.89307237
1657.9048,1033.7524,1670.6764,1021.7367,0.9411556
1677.4095,1033.7524,1690.4888,1021.09235,0.5361539
1696.9143,1033.7524,1710.369,1021.2917,0.89306545
1716.4191,1033.7524,1729.9766,1021.47577,0.8621342
1735.9238,1033.7524,1749.6447,1021.7102,0.88819134
1755.4286,1033.7524,1769.0135,1020.92584,0.8943257
1774.9333,1033.7524,1788.8582,1020.74036,0.9815251
1794.4381,1033.7524,1807.3062,1020.82227,0.97784525
1813.9429,1033.7524,1827.1049,1021.45544,0.8946968
1833.4476,1033.7524,1846.5327,1021.49817,0.8643143
1852.9524,1033.7524,1865.4917,1022.5671,0.66553545
1872.4573,1033.7524,1886.9933,1022.18286,0.7727385
1891.962,1033.7524,1906.4045,1021.3754,0.7898586
1911.4668,1033.7524,1925.5254,1021.82855,0.89900476
1930.9716,1033.7524,1945.5487,1020.9717,0.5878922
1950.4763,1033.7524,1963.7372,1021.88135,0.28487125
1969.9811,1033.7524,1982.6725,1022.69244,0.30637854
39.009525,1053.2572,52.153275,1037.4509,0.89376336
78.01905,1053.2572,91.38676,1038.2214,0.770446
97.52381,1053.2572,110.52415,1037.576,0.91363287
117.02858,1053.2572,127.80071,1038.4481,0.96198994
136.53334,1053.2572,148.11841,1037.745,0.9779701
156.0381,1053.2572,169.6972,1037.7697,0.97540563
175.54286,1053.2572,190.74821,1038.3197,0.9336885
195.04762,1053.2572,209.60417,1038.3772,0.88397586
214.55238,1053.2572,228.0504,1038.3792,0.856022
234.05716,1053.2572,246.84709,1038.142,0.517384
253.56192,1053.2572,265.44125,1037.6057,0.38783294
273.06668,1053.2572,285.18518,1037.7946,0.45636934
292.57144,1053.2572,306.74567,1037.957,0.917334
312.0762,1053.2572,325.6305,1038.2498,0.95065427
351.08572,1053.2572,363.59958,1037.9069,0.4277297
370.59048,1053.2572,384.6416,1038.1233,0.7870645
390.09525,1053.2572,403.9094,1038.4808,0.9110991
409.6,1053.2572,423.63858,1038.4725,0.9326758
429.10477,1053.2572,442.00775,1038.4214,0.5471277
448.60953,1053.2572,462.21304,1038.087,0.93566597
468.11432,1053.2572,481.51364,1038.1675,0.95247376
487.61908,1053.2572,499.3937,1038.1884,0.60010505
507.12384,1053.2572,520.5063,1038.7096,0.7038109
526.6286,1053.2572,540.60016,1037.8308,0.9953565
546.13336,1053.2572,561.51953,1038.2498,0.9988069
565.6381,1053.2572,579.11163,1038.3142,0.9807293
585.1429,1053.2572,598.0714,1038.4365,0.96625954
604.64764,1053.2572,616.5441,1037.966,0.68351734
624.1524,1053.2572,636.5241,1038.4604,0.8482203
643.65717,1053.2572,655.9272,1038.7402,0.87561345
663.1619,1053.2572,676.4649,1039.0776,0.83201003
682.6667,1053.2572,695.884,1038.2533,0.9561645
702.17145,1053.2572,715.29,1038.682,0.9691527
721.6762,1053.2572,734.33655,1038.5323,0.98960793
741.18097,1053.2572,752.88025,1038.9551,0.97606707
760.6857,1053.2572,773.902,1038.7047,0.982305
780.1905,1053.2572,793.0,1038.7488,0.9435444
799.69525,1053.2572,812.7452,1038.8748,0.9258833
819.2,1053.2572,831.85266,1038.9681,0.954472
838.7048,1053.2572,851.76105,1038.8959,0.9755282
858.20953,1053.2572,871.047,1038.7595,0.96883965
877.7143,1053.2572,890.4222,1039.624,0.9766982
897.21906,1053.2572,910.8219,1039.4888,0.9371345
916.7238,1053.2572,929.5934,1038.7125,0.9402001
936.22864,1053.2572,951.0276,1038.9607,0.9626154
955.7334,1053.2572,970.0076,1039.1542,0.93277067
975.23816,1053.2572,988.01196,1038.8953,0.7803806
994.7429,1053.2572,1008.80457,1038.7955,0.50662905
1014.2477,1053.2572,1027.7578,1038.8998,0.7864708
1033.7524,1053.2572,1046.2933,1038.8009,0.6503832
1053.2572,1053.2572,1064.3251,1038.8312,0.79639995
1072.762,1053.2572,1086.0477,1038.7046,0.9397304
1092.2667,1053.2572,1104.5817,1039.2976,0.85340625
1111.7715,1053.2572,1124.5198,1039.3512,0.77920324
1131.2762,1053.2572,1144.7422,1039.3525,0.90882206
1150.781,1053.2572,1163.1904,1039.2234,0.8782034
1170.2858,1053.2572,1181.5846,1040.485,0.5555868
1189.7905,1053.2572,1200.8702,1039.1416,0.8067047
1209.2953,1053.2572,1220.2687,1039.1934,0.4894772
1228.8,1053.2572,1243.2352,1039.206,0.44526172
1248.3048,1053.2572,1262.0474,1039.972,0.48921317
1287.3143,1053.2572,1301.1024,1040.1976,0.7596012
1306.8191,1053.2572,1321.0344,1039.8461,0.96052146
1326.3239,1053.2572,1339.1771,1039.414,0.9412172
1345.8286,1053.2572,1358.8176,1039.7035,0.92755353
1365.3334,1053.2572,1378.8097,1039.4854,0.9299527
1384.8381,1053.2572,1397.4626,1039.9823,0.9146933
1404.3429,1053.2572,1417.2733,1039.7177,0.79507273
1423.8477,1053.2572,1436.4622,1039.9794,0.52076
1443.3524,1053.2572,1455.2843,1040.2927,0.7644282
1462.8572,1053.2572,1474.7251,1039.4521,0.6518875
1482.3619,1053.2572,1493.5247,1039.6783,0.73422664
1501.8667,1053.2572,1513.114,1039.4056,0.68525606
1521.3715,1053.2572,1532.8986,1039.4744,0.8752701
1540.8762,1053.2572,1554.8607,1041.2073,0.9143932
1560.381,1053.2572,1572.4218,1040.258,0.75344986
1579.8857,1053.2572,1592.487,1040.2125,0.22689945
1599.3905,1053.2572,1611.6619,1039.752,0.86259055
1618.8953,1053.2572,1632.704,1039.5295,0.87859565
1638.4,1053.2572,1650.7885,1040.5128,0.8778384
1657.9048,1053.2572,1671.0157,1040.3916,0.8202234
1677.4095,1053.2572,1690.5906,1040.3212,0.72918916
1696.9143,1053.2572,1710.2517,1040.5869,0.63973117
1716.4191,1053.2572,1729.6307,1041.178,0.9076219
1735.9238,1053.2572,1748.8596,1040.7379,0.7708413
1755.4286,1053.2572,1767.6676,1040.6128,0.91524297
1774.9333,1053.2572,1786.5991,1040.4313,0.9790949
1794.4381,1053.2572,1807.9224,1039.9786,0.97862643
1813.9429,1053.2572,1826.7584,1041.348,0.712816
1833.4476,1053.2572,1846.3251,1041.8252,0.54271555
1852.9524,1053.2572,1866.2367,1041.2667,0.34185076
1872.4573,1053.2572,1886.2877,1040.8492,0.7103922
1891.962,1053.2572,1905.0837,1040.8524,0.7610605
1911.4668,1053.2572,1926.9675,1041.4203,0.82927734
1930.9716,1053.2572,1946.1742,1041.6465,0.65127295
1950.4763,1053.2572,1964.5079,1041.0614,0.4574464
1969.9811,1053.2572,1982.8362,1042.0189,0.7615605
39.009525,1072.762,52.74243,1057.6705,0.9299474
78.01905,1072.762,90.975555,1057.1394,0.95595616
97.52381,1072.762,109.46399,1056.2472,0.4646256
117.02858,1072.762,128.84016,1057.3102,0.9098533
136.53334,1072.762,149.22057,1057.3832,0.903396
156.0381,1072.762,169.34016,1057.0739,0.98525876
175.54286,1072.762,189.45049,1057.7013,0.91167575
195.04762,1072.762,208.57518,1057.4751,0.9074424
214.55238,1072.762,229.63591,1057.1398,0.9743693
234.05716,1072.762,248.55641,1056.9202,0.7980504
253.56192,1072.762,265.83218,1056.7256,0.60510266
273.06668,1072.762,286.8925,1058.3695,0.26576012
292.57144,1072.762,305.28104,1057.4723,0.86133116
312.0762,1072.762,325.9322,1057.8134,0.9530046
331.58096,1072.762,344.9691,1057.7882,0.7875539
351.08572,1072.762,362.8298,1057.225,0.835241
370.59048,1072.762,384.8309,1057.5851,0.8820084
390.09525,1072.762,402.72446,1058.0468,0.39972073
409.6,1072.762,422.79785,1058.0676,0.7869075
429.10477,1072.762,443.0824,1058.1958,0.92236507
448.60953,1072.762,462.52115,1057.8313,0.96141243
468.11432,1072.762,481.94687,1056.3,0.94091624
487.61908,1072.762,499.9626,1056.9813,0.8405444
507.12384,1072.762,520.4305,1057.8856,0.8789425
526.6286,1072.762,540.3613,1058.6132,0.9844459
546.13336,1072.762,560.82544,1056.407,0.9825802
565.6381,1072.762,578.6236,1058.1917,0.9851212
585.1429,1072.762,598.0531,1056.7678,0.8329179
604.64764,1072.762,616.93304,1057.1195,0.922027
624.1524,1072.762,636.8101,1058.0494,0.8975377
643.65717,1072.762,655.5611,1058.2021,0.82494074
663.1619,1072.762,675.2435,1058.1777,0.92830217
682.6667,1072.762,694.1031,1058.2588,0.9045214
702.17145,1072.762,715.0613,1057.7407,0.95394367
721.6762,1072.762,734.36304,1058.0371,0.9715346
741.18097,1072.762,753.9305,1058.1394,0.9768805
760.6857,1072.762,774.044,1058.2085,0.99133265
780.1905,1072.762,793.00555,1058.4012,0.96744263
799.69525,1072.762,812.9089,1058.543,0.6795763
819.2,1072.762,832.03735,1058.43,0.8455243
838.7048,1072.762,851.7225,1058.1526,0.91164875
858.20953,1072.762,869.7655,1059.0729,0.9828643
877.7143,1072.762,890.6503,1059.1068,0.8189478
897.21906,1072.762,910.1221,1058.5259,0.94642735
916.7238,1072.762,931.5358,1059.1378,0.96199465
936.22864,1072.762,950.3809,1058.2164,0.9808146
955.7334,1072.762,968.13684,1058.0536,0.7238699
975.23816,1072.762,988.0386,1058.1387,0.4093471
994.7429,1072.762,1007.8385,1058.8651,0.67678326
1014.2477,1072.762,1027.3516,1058.7863,0.69728637
1033.7524,1072.762,1046.6774,1058.2874,0.69983834
1053.2572,1072.762,1064.7041,1058.8301,0.43821728
1072.762,1072.762,1085.5343,1058.5839,0.9054684
1092.2667,1072.762,1104.2167,1059.8604,0.6817191
1111.7715,1072.762,1124.5206,1058.4225,0.80540365
1131.2762,1072.762,1143.6519,1059.6067,0.7283765
1150.781,1072.762,1162.5629,1058.6001,0.87032324
1170.2858,1072.762,1182.4176,1058.6799,0.54061353
1189.7905,1072.762,1200.7069,1058.7745,0.3541151
1209.2953,1072.762,1221.4209,1058.4694,0.4634482
1228.8,1072.762,1243.0275,1058.3064,0.56682056
1267.8096,1072.762,1281.4884,1059.4083,0.66065276
1287.3143,1072.762,1300.1957,1058.7925,0.42928863
1306.8191,1072.762,1320.3049,1059.3989,0.9773576
1326.3239,1072.762,1339.545,1059.1603,0.9702728
1345.8286,1072.762,1360.304,1060.982,0.92135274
1365.3334,1072.762,1380.0742,1059.0468,0.7453242
1384.8381,1072.762,1397.2231,1059.9104,0.95027006
1404.3429,1072.762,1417.8511,1058.6237,0.94076943
1423.8477,1072.762,1436.6388,1059.1232,0.8545164
1443.3524,1072.762,1454.9601,1059.2755,0.8286121
1462.8572,1072.762,1474.4805,1058.6644,0.9146293
1482.3619,1072.762,1493.9958,1060.7831,0.68897766
1521.3715,1072.762,1533.7733,1059.7561,0.6533639
1540.8762,1072.762,1553.6799,1059.2574,0.69868535
1560.381,1072.762,1572.567,1059.4796,0.7459849
1579.8857,1072.762,1592.3368,1059.2434,0.88948035
1599.3905,1072.762,1612.004,1060.2732,0.9386097
1618.8953,1072.762,1631.3607,1060.0215,0.9156858
1638.4,1072.762,1651.8025,1060.9526,0.78526914
1657.9048,1072.762,1671.6096,1060.5406,0.87118644
1677.4095,1072.762,1690.4774,1059.8397,0.7460486
1696.9143,1072.762,1708.44,1060.0334,0.5241926
1716.4191,1072.762,1729.508,1059.2018,0.8119883
1735.9238,1072.762,1748.6895,1060.4929,0.84357
1755.4286,1072.762,1768.7413,1059.0742,0.93296015
1774.9333,1072.762,1788.7975,1058.91,0.9710436
1794.4381,1072.762,1808.2849,1060.4149,0.8879058
1813.9429,1072.762,1827.8187,1059.3533,0.64330775
1891.962,1072.762,1905.5446,1061.1249,0.6785514
1911.4668,1072.762,1924.4324,1060.4928,0.76196283
1930.9716,1072.762,1943.992,1060.8022,0.91684175
1950.4763,1072.762,1963.5682,1061.0714,0.85204613
1969.9811,1072.762,1983.1423,1060.7054,0.77760535
39.009525,1092.2667,51.37301,1077.199,0.73498976
58.51429,1092.2667,70.420364,1075.98,0.9457885
78.01905,1092.2667,90.51139,1076.6461,0.85311425
97.52381,1092.2667,109.82684,1077.1344,0.8809571
117.02858,1092.2667,130.96985,1076.5834,0.954818
136.53334,1092.2667,150.7541,1077.9552,0.9251398
156.0381,1092.2667,169.20013,1076.9777,0.9631515
175.54286,1092.2667,189.06035,1076.9851,0.9103388
195.04762,1092.2667,207.46059,1076.6133,0.92829657
214.55238,1092.2667,227.64696,1076.3406,0.93028396
234.05716,1092.2667,247.03296,1076.9813,0.88530344
253.56192,1092.2667,266.2266,1077.5525,0.90727544
273.06668,1092.2667,285.27414,1076.8956,0.9233604
292.57144,1092.2667,304.82224,1077.5945,0.89477086
312.0762,1092.2667,324.44598,1076.6241,0.8887886
331.58096,1092.2667,344.6793,1076.2229,0.8224624
351.08572,1092.2667,364.1898,1077.5785,0.914484
370.59048,1092.2667,382.5715,1077.2489,0.957016
390.09525,1092.2667,403.02563,1076.6262,0.87091583
409.6,1092.2667,422.79736,1076.4142,0.78381735
429.10477,1092.2667,442.81223,1076.3796,0.7606227
448.60953,1092.2667,462.97757,1076.0503,0.85249203
468.11432,1092.2667,482.32544,1076.953,0.930244
487.61908,1092.2667,500.56363,1077.9032,0.8729139
507.12384,1092.2667,519.4244,1077.3798,0.96927804
526.6286,1092.2667,541.2956,1076.8348,0.9133621
565.6381,1092.2667,579.3306,1077.2992,0.8380303
585.1429,1092.2667,596.7651,1077.6941,0.82517815
604.64764,1092.2667,617.5485,1076.8112,0.77640784
624.1524,1092.2667,637.48456,1077.5404,0.932561
643.65717,1092.2667,656.7533,1077.2283,0.9731011
663.1619,1092.2667,675.83,1077.1345,0.9848619
682.6667,1092.2667,694.90314,1077.7266,0.984781
702.17145,1092.2667,714.9442,1077.9109,0.95632964
721.6762,1092.2667,734.5739,1077.5214,0.96139705
741.18097,1092.2667,753.2652,1078.2585,0.93863195
760.6857,1092.2667,774.37695,1077.893,0.9083327
780.1905,1092.2667,792.6367,1077.782,0.92031354
799.69525,1092.2667,811.98486,1077.858,0.75019705
819.2,1092.2667,831.80646,1078.1318,0.94150764
838.7048,1092.2667,851.69,1077.3752,0.92404693
858.20953,1092.2667,870.45874,1078.3253,0.9216556
877.7143,1092.2667,889.5524,1077.9423,0.8709979
897.21906,1092.2667,910.14886,1077.7626,0.45904434
916.7238,1092.2667,929.56445,1078.4226,0.8378003
936.22864,1092.2667,950.349,1077.9303,0.7908192
955.7334,1092.2667,968.25757,1077.6576,0.65940845
994.7429,1092.2667,1007.5524,1079.0717,0.3166542
1014.2477,1092.2667,1026.9884,1077.9769,0.5544101
1033.7524,1092.2667,1046.3495,1078.1147,0.39747825
1053.2572,1092.2667,1065.5092,1077.8597,0.3937003
1072.762,1092.2667,1085.3204,1077.4167,0.6573232
1092.2667,1092.2667,1103.6736,1077.6998,0.8889548
1111.7715,1092.2667,1123.7345,1079.0905,0.83693
1131.2762,1092.2667,1145.8461,1078.5328,0.7897696
1150.781,1092.2667,1164.0872,1078.9158,0.6795293
1170.2858,1092.2667,1183.004,1078.5299,0.6478055
1189.7905,1092.2667,1202.5801,1078.2391,0.7063823
1209.2953,1092.2667,1221.9617,1078.433,0.6878942
1228.8,1092.2667,1242.8274,1078.2642,0.51411164
1248.3048,1092.2667,1261.6643,1079.4473,0.26941088
1267.8096,1092.2667,1280.2313,1078.9391,0.5408736
1287.3143,1092.2667,1299.8369,1079.149,0.93234044
1306.8191,1092.2667,1319.8795,1078.7843,0.97447145
1326.3239,1092.2667,1338.8652,1078.2173,0.9744769
1345.8286,1092.2667,1359.002,1079.9779,0.9131965
1365.3334,1092.2667,1378.6613,1080.3536,0.7454359
1384.8381,1092.2667,1397.4377,1079.4219,0.8665507
1404.3429,1092.2667,1418.2435,1078.7928,0.9505942
1423.8477,1092.2667,1436.447,1078.6837,0.8238595
1443.3524,1092.2667,1455.0292,1079.7048,0.75190777
1462.8572,1092.2667,1475.5032,1079.3126,0.8085055
1482.3619,1092.2667,1494.6283,1080.1364,0.627095
1501.8667,1092.2667,1515.1547,1079.5328,0.41030768
1521.3715,1092.2667,1533.6958,1079.7981,0.37153065
1540.8762,1092.2667,1554.2266,1079.4161,0.6408431
1560.381,1092.2667,1572.5732,1080.0023,0.8041966
1579.8857,1092.2667,1591.965,1079.609,0.9313857
1599.3905,1092.2667,1611.7196,1079.7092,0.8922637
1618.8953,1092.2667,1633.5543,1080.0582,0.92302376
1638.4,1092.2667,1651.5005,1079.4402,0.9777363
1657.9048,1092.2667,1670.6333,1079.1403,0.87504107
1677.4095,1092.2667,1690.0485,1079.325,0.8068417
1696.9143,1092.2667,1709.6571,1080.1947,0.42669943
1716.4191,1092.2667,1729.1132,1079.9885,0.7468846
1735.9238,1092.2667,1748.7574,1078.9695,0.88023823
1755.4286,1092.2667,1768.0883,1079.8345,0.89566535
1774.9333,1092.2667,1787.7594,1079.7592,0.71075743
1794.4381,1092.2667,1809.0944,1080.5496,0.7080759
1813.9429,1092.2667,1827.6927,1079.4089,0.48279122
1833.4476,1092.2667,1848.6177,1079.7836,0.8232143
1852.9524,1092.2667,1866.5525,1081.008,0.44920936
1891.962,1092.2667,1905.3447,1079.9326,0.7867673
1911.4668,1092.2667,1924.5941,1080.5896,0.88115746
1930.9716,1092.2667,1944.6554,1081.2502,0.8607328
1950.4763,1092.2667,1963.8251,1080.6553,0.9177715
1969.9811,1092.2667,1983.3496,1079.535,0.7073789
39.009525,1111.7715,52.535896,1096.0956,0.9890223
58.51429,1111.7715,70.90151,1095.1117,0.6964913
78.01905,1111.7715,91.1955,1095.7874,0.9196183
97.52381,1111.7715,109.49027,1096.3212,0.9502328
117.02858,1111.7715,129.35994,1095.2705,0.5709072
136.53334,1111.7715,149.84679,1096.2068,0.8795247
156.0381,1111.7715,168.82553,1096.4507,0.9845234
175.54286,1111.7715,188.01656,1096.336,0.9285361
195.04762,1111.7715,207.55188,1096.1028,0.87138796
214.55238,1111.7715,227.16869,1096.083,0.9432941
234.05716,1111.7715,246.56497,1096.1184,0.9024871
253.56192,1111.7715,266.7076,1096.5875,0.9613242
273.06668,1111.7715,285.6946,1095.948,0.9797212
292.57144,1111.7715,304.57578,1096.7024,0.85707295
312.0762,1111.7715,324.54312,1096.3724,0.7323556
331.58096,1111.7715,344.73935,1096.6987,0.31024528
351.08572,1111.7715,365.81534,1096.5905,0.46913582
370.59048,1111.7715,382.38303,1096.765,0.72729427
390.09525,1111.7715,404.39392,1096.4398,0.218643
409.6,1111.7715,422.45047,1096.1406,0.7624065
429.10477,1111.7715,442.25415,1097.459,0.49897555
448.60953,1111.7715,461.94052,1096.928,0.90276676
468.11432,1111.7715,481.03128,1097.4507,0.91845274
487.61908,1111.7715,501.45178,1096.8607,0.68122846
507.12384,1111.7715,520.73083,1096.1969,0.89172566
565.6381,1111.7715,580.00745,1097.1453,0.68308294
585.1429,1111.7715,598.90344,1097.6304,0.46171135
604.64764,1111.7715,616.31226,1097.267,0.8130387
624.1524,1111.7715,636.48596,1096.164,0.80448794
643.65717,1111.7715,655.396,1097.0221,0.934566
663.1619,1111.7715,675.5722,1096.985,0.94886154
682.6667,1111.7715,695.5271,1097.3257,0.95398134
702.17145,1111.7715,715.0505,1097.2655,0.84022796
721.6762,1111.7715,734.2146,1097.7711,0.9017513
741.18097,1111.7715,754.8338,1097.3125,0.92771053
760.6857,1111.7715,773.1477,1097.2832,0.9244152
780.1905,1111.7715,791.5534,1097.1648,0.91332805
799.69525,1111.7715,812.9839,1097.0502,0.93715286
819.2,1111.7715,832.02136,1096.8392,0.87914014
838.7048,1111.7715,851.3286,1097.2692,0.90858823
858.20953,1111.7715,870.9938,1097.2738,0.9208399
877.7143,1111.7715,890.8693,1097.16,0.95571506
897.21906,1111.7715,909.7291,1097.3254,0.80899745
916.7238,1111.7715,930.959,1097.4343,0.9044015
936.22864,1111.7715,950.20575,1098.0173,0.7940627
955.7334,1111.7715,967.8184,1097.8125,0.44326597
975.23816,1111.7715,989.3445,1097.3832,0.22484241
1014.2477,1111.7715,1027.9802,1097.4805,0.6712265
1033.7524,1111.7715,1047.7822,1097.2646,0.6278791
1053.2572,1111.7715,1067.8367,1096.8845,0.20319612
1072.762,1111.7715,1086.4391,1096.6185,0.70200884
1092.2667,1111.7715,1106.8638,1097.234,0.7747164
1111.7715,1111.7715,1124.4854,1097.5001,0.95607513
1131.2762,1111.7715,1145.8518,1098.7867,0.82933354
1150.781,1111.7715,1162.3303,1097.628,0.79091036
1170.2858,1111.7715,1182.3138,1097.7466,0.8673063
1189.7905,1111.7715,1202.7863,1098.366,0.8239264
1209.2953,1111.7715,1222.5328,1098.7296,0.5780623
1228.8,1111.7715,1240.1216,1097.9233,0.25731832
1248.3048,1111.7715,1261.4631,1097.7823,0.57525575
1267.8096,1111.7715,1281.209,1098.997,0.5793097
1287.3143,1111.7715,1301.6096,1098.0261,0.9259476
1326.3239,1111.7715,1339.8602,1098.804,0.935705
1345.8286,1111.7715,1359.0911,1098.2643,0.95185965
1365.3334,1111.7715,1378.5254,1099.9161,0.92887396
1384.8381,1111.7715,1397.8815,1097.7115,0.92322934
1404.3429,1111.7715,1417.3698,1097.9292,0.9315357
1423.8477,1111.7715,1437.0739,1098.6287,0.9285809
1443.3524,1111.7715,1456.3491,1098.8214,0.67268586
1462.8572,1111.7715,1475.5052,1098.8877,0.7968129
1482.3619,1111.7715,1494.202,1098.6877,0.7170461
1501.8667,1111.7715,1514.8103,1099.458,0.5573372
1521.3715,1111.7715,1534.7291,1098.5387,0.4545289
1540.8762,1111.7715,1553.618,1099.7638,0.4020038
1560.381,1111.7715,1572.9232,1098.5214,0.9390175
1579.8857,1111.7715,1593.0269,1098.4192,0.9187208
1599.3905,1111.7715,1612.0276,1099.8752,0.9285915
1618.8953,1111.7715,1632.7347,1099.2106,0.98649096
1638.4,1111.7715,1650.3992,1098.6478,0.97208303
1657.9048,1111.7715,1670.8185,1099.7432,0.92475736
1677.4095,1111.7715,1690.0917,1099.4552,0.9472078
1696.9143,1111.7715,1709.5382,1099.7958,0.81827426
1716.4191,1111.7715,1729.0773,1099.1362,0.43341258
1735.9238,1111.7715,1747.936,1100.1953,0.7406595
1755.4286,1111.7715,1768.413,1098.6365,0.77563524
1774.9333,1111.7715,1787.776,1099.61,0.71036243
1794.4381,1111.7715,1807.0846,1099.5406,0.83158
1813.9429,1111.7715,1828.5568,1100.5167,0.57592475
1833.4476,1111.7715,1846.6034,1100.165,0.840247
1852.9524,1111.7715,1866.2762,1099.1913,0.6905324
1872.4573,1111.7715,1885.2177,1099.2228,0.31387395
1891.962,1111.7715,1905.5137,1100.9786,0.7509982
1911.4668,1111.7715,1926.2097,1100.8267,0.90793777
1930.9716,1111.7715,1944.6044,1099.0455,0.8982039
1950.4763,1111.7715,1962.4136,1100.079,0.71692145
1969.9811,1111.7715,1982.2988,1100.0425,0.8696786
39.009525,1131.2762,51.21118,1115.8857,0.91854703
58.51429,1131.2762,70.67599,1114.9586,0.9045025
78.01905,1131.2762,89.26058,1116.4375,0.92080474
97.52381,1131.2762,109.14549,1115.4631,0.97079027
117.02858,1131.2762,130.35402,1116.1226,0.9415125
136.53334,1131.2762,149.66937,1115.8315,0.986281
156.0381,1131.2762,168.75835,1114.546,0.9586231
175.54286,1131.2762,187.31177,1115.4803,0.9753538
195.04762,1131.2762,206.91673,1115.6296,0.96181715
214.55238,1131.2762,227.4294,1116.4658,0.9814758
234.05716,1131.2762,248.18378,1116.0276,0.9393056
253.56192,1131.2762,266.6258,1115.7499,0.8864122
273.06668,1131.2762,285.90445,1115.697,0.9592179
292.57144,1131.2762,306.7234,1114.6349,0.9819133
312.0762,1131.2762,325.25305,1116.6486,0.6269005
331.58096,1131.2762,343.40433,1115.4418,0.44380558
351.08572,1131.2762,363.40054,1116.0953,0.36304995
370.59048,1131.2762,385.45844,1116.021,0.40457794
390.09525,1131.2762,402.1517,1116.2538,0.59033144
409.6,1131.2762,422.76672,1116.3644,0.8151474
429.10477,1131.2762,441.04306,1116.8108,0.83005786
448.60953,1131.2762,461.05362,1116.1881,0.7598796
468.11432,1131.2762,479.844,1116.4777,0.91667545
487.61908,1131.2762,500.29166,1116.6501,0.6181008
507.12384,1131.2762,520.20776,1116.7932,0.6154226
526.6286,1131.2762,540.1754,1116.8274,0.21478361
565.6381,1131.2762,579.73145,1116.6022,0.9422311
585.1429,1131.2762,597.5643,1116.8967,0.9836738
604.64764,1131.2762,617.8468,1116.5582,0.94547194
624.1524,1131.2762,636.6225,1116.3584,0.8352835
643.65717,1131.2762,655.3631,1116.4382,0.9333455
663.1619,1131.2762,675.6524,1116.8436,0.94845843
682.6667,1131.2762,695.9309,1116.7561,0.9863065
702.17145,1131.2762,715.4024,1116.5051,0.9184264
721.6762,1131.2762,733.7399,1116.8988,0.82324874
741.18097,1131.2762,754.6187,1116.707,0.95703036
760.6857,1131.2762,773.38934,1116.9595,0.7479295
780.1905,1131.2762,792.3479,1116.3756,0.92239696
799.69525,1131.2762,812.5412,1116.6566,0.96294
819.2,1131.2762,831.9798,1117.2094,0.92446846
838.7048,1131.2762,850.26587,1117.3146,0.90580475
858.20953,1131.2762,870.89703,1117.2415,0.86211663
877.7143,1131.2762,891.08575,1117.0968,0.47944686
897.21906,1131.2762,908.7083,1117.0901,0.6355587
916.7238,1131.2762,930.58264,1116.9648,0.64067304
936.22864,1131.2762,949.0945,1117.465,0.8627021
955.7334,1131.2762,969.4387,1117.2788,0.7488828
975.23816,1131.2762,990.47845,1117.6874,0.27622002
994.7429,1131.2762,1006.9013,1117.5427,0.26620758
1014.2477,1131.2762,1026.068,1116.9236,0.76798165
1033.7524,1131.2762,1045.699,1116.9346,0.7384
1053.2572,1131.2762,1066.6768,1116.837,0.53580475
1072.762,1131.2762,1088.1307,1115.9911,0.88915104
1111.7715,1131.2762,1124.0675,1118.306,0.77720743
1131.2762,1131.2762,1143.3091,1117.7047,0.7022731
1150.781,1131.2762,1162.7158,1117.2147,0.92373025
1170.2858,1131.2762,1183.7399,1119.3555,0.6766048
1189.7905,1131.2762,1204.0092,1117.9735,0.9320854
1209.2953,1131.2762,1222.1646,1118.5883,0.4484183
1228.8,1131.2762,1241.6317,1117.0558,0.5964818
1248.3048,1131.2762,1260.7357,1117.5447,0.79215175
1267.8096,1131.2762,1281.3815,1117.3893,0.7874065
1326.3239,1131.2762,1340.9142,1118.0292,0.97506005
1345.8286,1131.2762,1358.5958,1118.2078,0.9693864
1365.3334,1131.2762,1376.5919,1118.1898,0.87816554
1384.8381,1131.2762,1397.997,1117.7762,0.9320199
1404.3429,1131.2762,1416.4764,1118.2842,0.97189283
1423.8477,1131.2762,1435.9694,1117.633,0.6874313
1443.3524,1131.2762,1456.4054,1118.0416,0.7905799
1462.8572,1131.2762,1475.682,1118.6892,0.84256434
1482.3619,1131.2762,1494.108,1118.1877,0.9097034
1501.8667,1131.2762,1514.198,1116.9359,0.8157306
1540.8762,1131.2762,1553.357,1119.0276,0.6592164
1560.381,1131.2762,1573.0316,1118.8917,0.962102
1579.8857,1131.2762,1592.5469,1118.9142,0.8281565
1599.3905,1131.2762,1612.7217,1117.153,0.9068375
1618.8953,1131.2762,1632.0117,1120.114,0.87437886
1638.4,1131.2762,1651.6045,1118.2054,0.791825
1657.9048,1131.2762,1670.6804,1118.9131,0.6991497
1677.4095,1131.2762,1690.6104,1118.525,0.9592477
1696.9143,1131.2762,1710.3568,1118.25,0.8342522
1716.4191,1131.2762,1729.3812,1118.8729,0.58647513
1735.9238,1131.2762,1748.972,1119.1976,0.33795395
1755.4286,1131.2762,1767.2937,1118.8105,0.348741
1774.9333,1131.2762,1788.6028,1118.7942,0.89234835
1794.4381,1131.2762,1807.2341,1119.3173,0.51659745
1813.9429,1131.2762,1827.671,1120.3243,0.7712003
1833.4476,1131.2762,1846.393,1117.9587,0.7859175
1852.9524,1131.2762,1865.6599,1118.7029,0.87836987
1872.4573,1131.2762,1886.0402,1118.2561,0.83684176
1891.962,1131.2762,1907.4833,1119.2048,0.88935876
1911.4668,1131.2762,1926.2366,1119.7145,0.91100365
1930.9716,1131.2762,1945.449,1119.381,0.4984191
1950.4763,1131.2762,1963.3145,1119.4354,0.55027807
1969.9811,1131.2762,1981.7742,1119.8462,0.7193413
39.009525,1150.781,53.488,1136.0026,0.88451767
58.51429,1150.781,71.390884,1134.8641,0.9746851
78.01905,1150.781,89.68036,1134.6519,0.9803179
97.52381,1150.781,110.51404,1135.4125,0.9691362
117.02858,1150.781,130.37436,1135.5485,0.9077871
136.53334,1150.781,150.47112,1135.6266,0.99152553
156.0381,1150.781,169.77173,1135.045,0.9324216
175.54286,1150.781,187.64409,1134.3651,0.97376466
195.04762,1150.781,206.90114,1135.2292,0.9252806
214.55238,1150.781,227.3668,1134.464,0.89167255
234.05716,1150.781,247.06966,1136.5618,0.7129335
253.56192,1150.781,266.08765,1135.3625,0.8820889
273.06668,1150.781,285.24115,1134.7961,0.9754217
292.57144,1150.781,306.46115,1135.3857,0.9853968
312.0762,1150.781,325.44882,1135.5109,0.9679774
331.58096,1150.781,344.9708,1135.1309,0.87062746
390.09525,1150.781,404.6786,1135.6403,0.77891827
409.6,1150.781,422.95016,1136.3777,0.9474106
429.10477,1150.781,441.26318,1135.9464,0.9052163
448.60953,1150.781,461.22906,1136.0643,0.7944873
468.11432,1150.781,479.87918,1136.7793,0.9624588
546.13336,1150.781,558.5988,1135.9333,0.8024172
565.6381,1150.781,579.5329,1136.0789,0.88201207
585.1429,1150.781,598.63947,1136.5349,0.9655905
604.64764,1150.781,618.67267,1135.1798,0.9794244
624.1524,1150.781,638.2088,1135.5356,0.973767
643.65717,1150.781,656.02563,1136.0233,0.97262627
663.1619,1150.781,675.19635,1136.14,0.9774904
682.6667,1150.781,696.55316,1136.203,0.9773502
702.17145,1150.781,715.45355,1135.3865,0.99213314
721.6762,1150.781,734.15234,1136.0271,0.9354451
741.18097,1150.781,754.62225,1136.5393,0.8652221
760.6857,1150.781,773.1643,1136.3824,0.89238256
780.1905,1150.781,792.5779,1136.2656,0.86178654
799.69525,1150.781,811.8137,1135.9287,0.8182247
819.2,1150.781,832.4111,1135.5713,0.9302918
838.7048,1150.781,851.4945,1136.1462,0.86878175
858.20953,1150.781,871.73926,1137.2854,0.8081588
877.7143,1150.781,891.09796,1136.8701,0.57408977
897.21906,1150.781,910.5644,1136.1835,0.93577653
916.7238,1150.781,929.67145,1136.4032,0.77170336
936.22864,1150.781,948.9122,1136.5656,0.8728954
955.7334,1150.781,969.62683,1136.6012,0.6371213
975.23816,1150.781,988.95795,1137.8558,0.27572253
994.7429,1150.781,1006.49603,1136.685,0.44699273
1014.2477,1150.781,1026.6835,1136.5679,0.90865916
1033.7524,1150.781,1046.9612,1136.7345,0.76937866
1092.2667,1150.781,1107.9181,1136.5763,0.86195546
1111.7715,1150.781,1124.394,1138.3583,0.861207
1131.2762,1150.781,1144.5071,1136.61,0.7850239
1150.781,1150.781,1161.9153,1136.4446,0.8811482
1170.2858,1150.781,1181.5388,1136.6674,0.890431
1189.7905,1150.781,1202.3701,1135.6165,0.90176386
1209.2953,1150.781,1221.4607,1136.9524,0.7946507
1228.8,1150.781,1241.2047,1138.1978,0.9200456
1248.3048,1150.781,1260.312,1138.0565,0.78727496
1267.8096,1150.781,1280.4346,1136.29,0.7810359
1287.3143,1150.781,1299.8353,1137.2961,0.4669522
1306.8191,1150.781,1320.3578,1136.9043,0.8374906
1326.3239,1150.781,1338.754,1136.893,0.83194596
1345.8286,1150.781,1358.6372,1138.1483,0.9702659
1365.3334,1150.781,1379.6134,1138.448,0.7333458
1384.8381,1150.781,1397.6515,1137.1663,0.8452954
1404.3429,1150.781,1416.238,1137.5839,0.9476893
1423.8477,1150.781,1435.8472,1137.7119,0.75317
1443.3524,1150.781,1455.508,1137.8942,0.84538585
1462.8572,1150.781,1475.9033,1137.8809,0.873986
1482.3619,1150.781,1495.0115,1137.5054,0.9312158
1501.8667,1150.781,1515.8584,1136.335,0.89321
1521.3715,1150.781,1533.6997,1137.3359,0.596176
1540.8762,1150.781,1552.6538,1137.3044,0.46411195
1560.381,1150.781,1573.2145,1137.3197,0.933788
1579.8857,1150.781,1591.7505,1138.1627,0.82236415
1599.3905,1150.781,1612.9246,1136.8529,0.7883012
1618.8953,1150.781,1631.3342,1138.0631,0.82754236
1638.4,1150.781,1651.879,1137.5969,0.8909007
1657.9048,1150.781,1670.3417,1138.4878,0.5460726
1677.4095,1150.781,1689.5676,1137.3475,0.8385461
1696.9143,1150.781,1710.1511,1137.8774,0.9053579
1716.4191,1150.781,1729.855,1138.325,0.922636
1735.9238,1150.781,1748.5499,1139.2537,0.8220394
1755.4286,1150.781,1768.3604,1138.9751,0.76015127
1774.9333,1150.781,1787.3505,1137.966,0.58399403
1833.4476,1150.781,1846.9447,1138.0385,0.73098797
1852.9524,1150.781,1865.872,1137.6475,0.9512965
1872.4573,1150.781,1885.9717,1138.6385,0.9696271
1891.962,1150.781,1906.3828,1138.7573,0.87848556
1911.4668,1150.781,1925.9827,1138.3696,0.8492689
1930.9716,1150.781,1943.6154,1138.1339,0.88287616
1950.4763,1150.781,1963.9054,1137.7037,0.9245158
1969.9811,1150.781,1982.7476,1139.1227,0.94177127
39.009525,1170.2858,52.54349,1155.5737,0.96858007
58.51429,1170.2858,71.24923,1154.7649,0.99599576
78.01905,1170.2858,90.75737,1154.3162,0.9211641
97.52381,1170.2858,110.02175,1154.6519,0.96225804
117.02858,1170.2858,130.67867,1155.1393,0.9940052
175.54286,1170.2858,188.58627,1154.8037,0.95327413
195.04762,1170.2858,207.50037,1154.6852,0.95041555
214.55238,1170.2858,227.17433,1156.3577,0.8887588
234.05716,1170.2858,246.20529,1154.844,0.8428778
253.56192,1170.2858,265.47653,1155.122,0.97090465
273.06668,1170.2858,285.23047,1153.831,0.96759
292.57144,1170.2858,305.19867,1155.6636,0.95575273
312.0762,1170.2858,324.91275,1156.4443,0.9502956
331.58096,1170.2858,345.11066,1155.2657,0.9489045
351.08572,1170.2858,364.65997,1155.7048,0.95117474
390.09525,1170.2858,404.19775,1155.6118,0.9805237
409.6,1170.2858,421.18323,1154.8752,0.7403537
429.10477,1170.2858,441.12665,1155.9055,0.89843094
448.60953,1170.2858,460.20187,1155.5934,0.91734016
468.11432,1170.2858,480.20966,1154.688,0.6865548
526.6286,1170.2858,539.56946,1155.7802,0.43135348
546.13336,1170.2858,558.2766,1155.009,0.66831887
565.6381,1170.2858,578.87054,1156.0574,0.81948906
604.64764,1170.2858,617.84595,1155.2676,0.89702064
624.1524,1170.2858,637.22473,1155.8811,0.9763414
643.65717,1170.2858,656.60156,1155.7169,0.967656
663.1619,1170.2858,677.258,1155.5431,0.9823506
682.6667,1170.2858,696.10474,1155.7153,0.9783607
702.17145,1170.2858,716.27405,1155.5869,0.9857309
721.6762,1170.2858,735.2216,1155.7274,0.9711451
741.18097,1170.2858,753.76,1155.7179,0.9502878
760.6857,1170.2858,772.2461,1155.9865,0.916419
780.1905,1170.2858,793.2016,1155.6729,0.9479343
799.69525,1170.2858,812.74146,1156.2441,0.90182966
819.2,1170.2858,832.93335,1155.8206,0.8092372
838.7048,1170.2858,851.45123,1156.2876,0.91705424
858.20953,1170.2858,869.865,1155.5541,0.96548533
877.7143,1170.2858,891.0412,1155.6273,0.80341977
897.21906,1170.2858,909.86487,1155.7405,0.90682673
916.7238,1170.2858,929.4328,1155.931,0.97598815
936.22864,1170.2858,949.4274,1156.1862,0.91563994
955.7334,1170.2858,969.21216,1155.9763,0.82803434
975.23816,1170.2858,987.51746,1155.9603,0.7494584
994.7429,1170.2858,1007.17676,1156.2827,0.5166061
1014.2477,1170.2858,1026.5602,1156.054,0.700378
1033.7524,1170.2858,1046.6681,1156.59,0.67221755
1092.2667,1170.2858,1104.8259,1157.012,0.88962144
1111.7715,1170.2858,1125.0115,1155.8163,0.927513
1131.2762,1170.2858,1144.4694,1156.4417,0.8263902
1150.781,1170.2858,1163.9457,1155.9667,0.9075639
1170.2858,1170.2858,1183.9183,1156.2032,0.8668605
1189.7905,1170.2858,1203.5502,1156.5754,0.93331105
1209.2953,1170.2858,1222.5208,1156.8986,0.9658396
1228.8,1170.2858,1242.3867,1156.7845,0.9560423
1248.3048,1170.2858,1260.9672,1156.4991,0.8881676
1267.8096,1170.2858,1280.629,1156.1243,0.83418006
1287.3143,1170.2858,1301.1301,1156.357,0.6370803
1306.8191,1170.2858,1319.339,1156.6813,0.6914297
1326.3239,1170.2858,1339.7594,1157.2981,0.4635046
1345.8286,1170.2858,1358.4257,1156.2441,0.91965115
1365.3334,1170.2858,1379.3121,1156.0027,0.8884469
1384.8381,1170.2858,1398.6879,1156.4447,0.82092893
1404.3429,1170.2858,1416.3702,1157.0813,0.9353941
1423.8477,1170.2858,1437.6255,1156.8315,0.8417792
1443.3524,1170.2858,1456.446,1157.2001,0.9617969
1462.8572,1170.2858,1476.0995,1157.17,0.9777587
1482.3619,1170.2858,1495.6348,1157.3522,0.9390809
1501.8667,1170.2858,1514.4773,1157.2231,0.92495567
1521.3715,1170.2858,1533.215,1158.7773,0.9101303
1540.8762,1170.2858,1554.2635,1157.368,0.95434827
1560.381,1170.2858,1571.5056,1156.497,0.90699035
1579.8857,1170.2858,1592.5138,1157.804,0.83485526
1599.3905,1170.2858,1613.1941,1157.3619,0.50467074
1618.8953,1170.2858,1631.307,1158.581,0.7517151
1638.4,1170.2858,1651.5651,1157.1877,0.83298516
1657.9048,1170.2858,1671.2734,1157.3729,0.6277894
1677.4095,1170.2858,1691.4548,1158.0737,0.6117546
1696.9143,1170.2858,1710.1177,1157.7128,0.7483876
1716.4191,1170.2858,1730.0487,1157.8992,0.9268673
1735.9238,1170.2858,1749.3483,1157.7263,0.9508048
1755.4286,1170.2858,1767.7373,1157.9148,0.8557667
1774.9333,1170.2858,1786.5261,1158.386,0.8944015
1794.4381,1170.2858,1807.3136,1158.6542,0.76414657
1813.9429,1170.2858,1826.7943,1158.4253,0.63918364
1833.4476,1170.2858,1847.0054,1157.554,0.91236436
1852.9524,1170.2858,1866.7793,1158.4095,0.96991444
1872.4573,1170.2858,1887.3787,1158.6165,0.9709902
1891.962,1170.2858,1905.16,1157.8392,0.97688204
1911.4668,1170.2858,1925.3837,1159.4766,0.9403171
1930.9716,1170.2858,1944.1145,1158.2506,0.7865471
1950.4763,1170.2858,1963.2562,1157.0509,0.8371928
1969.9811,1170.2858,1983.2435,1157.8094,0.85495806
39.009525,1189.7905,54.101093,1174.6796,0.995875
58.51429,1189.7905,73.39244,1174.5544,0.98061293
78.01905,1189.7905,90.607864,1174.195,0.94766843
97.52381,1189.7905,109.422844,1174.4022,0.82175535
117.02858,1189.7905,130.86884,1173.2979,0.98187727
136.53334,1189.7905,151.3884,1174.15,0.99288535
156.0381,1189.7905,169.6225,1174.4003,0.9825321
175.54286,1189.7905,188.555,1174.8188,0.94292736
195.04762,1189.7905,206.99144,1172.5046,0.97551626
214.55238,1189.7905,228.88104,1175.4689,0.88907987
234.05716,1189.7905,246.57474,1174.2822,0.9830449
253.56192,1189.7905,266.72018,1174.6815,0.97369677
273.06668,1189.7905,285.92044,1174.7592,0.9935456
292.57144,1189.7905,305.92328,1175.3132,0.9644728
312.0762,1189.7905,325.14655,1175.483,0.9245943
331.58096,1189.7905,345.16275,1175.018,0.9785283
351.08572,1189.7905,363.74622,1174.5126,0.95950997
370.59048,1189.7905,384.0127,1174.8267,0.98226506
390.09525,1189.7905,403.1497,1175.0142,0.98710686
409.6,1189.7905,421.1969,1174.3678,0.96487087
429.10477,1189.7905,441.02014,1174.7822,0.8919651
448.60953,1189.7905,460.37378,1174.8457,0.7834063
526.6286,1189.7905,538.91547,1174.7212,0.4220515
546.13336,1189.7905,558.86926,1174.9124,0.79377025
565.6381,1189.7905,579.8937,1174.6962,0.7930352
585.1429,1189.7905,598.01337,1174.4327,0.78688514
604.64764,1189.7905,617.2578,1175.1647,0.8836038
624.1524,1189.7905,637.3874,1174.764,0.88175493
643.65717,1189.7905,656.82587,1175.2324,0.9659149
663.1619,1189.7905,676.51715,1175.6622,0.9549452
682.6667,1189.7905,695.58527,1175.8862,0.9137589
702.17145,1189.7905,714.10645,1174.9602,0.9377976
721.6762,1189.7905,735.37665,1175.078,0.9910682
741.18097,1189.7905,755.2002,1174.9933,0.9507313
760.6857,1189.7905,772.9299,1175.3885,0.9681909
780.1905,1189.7905,792.6898,1174.9219,0.97791463
799.69525,1189.7905,813.21185,1175.349,0.92571926
819.2,1189.7905,832.04675,1174.9785,0.9155829
838.7048,1189.7905,852.2125,1175.92,0.9626006
858.20953,1189.7905,870.2674,1175.3158,0.9119832
877.7143,1189.7905,890.6904,1175.2404,0.9658029
897.21906,1189.7905,909.7776,1175.4082,0.92963606
916.7238,1189.7905,929.7109,1175.0955,0.95756125
936.22864,1189.7905,948.53455,1175.214,0.9651557
955.7334,1189.7905,968.63074,1175.2076,0.95379955
975.23816,1189.7905,986.9491,1175.6597,0.8047141
994.7429,1189.7905,1006.6443,1175.398,0.8913399
1014.2477,1189.7905,1026.681,1175.8228,0.7846643
1033.7524,1189.7905,1046.1578,1176.3501,0.66461676
1053.2572,1189.7905,1066.2212,1175.4078,0.9746299
1072.762,1189.7905,1085.8827,1175.3284,0.8288532
1092.2667,1189.7905,1105.7213,1175.4316,0.9856811
1111.7715,1189.7905,1125.7944,1175.4401,0.9632746
1131.2762,1189.7905,1144.5105,1175.814,0.9514321
1150.781,1189.7905,1163.3236,1175.0284,0.9424448
1170.2858,1189.7905,1182.9188,1175.9469,0.9198675
1189.7905,1189.7905,1203.0964,1175.6831,0.87882584
1209.2953,1189.7905,1221.5172,1175.3251,0.9476937
1228.8,1189.7905,1242.3579,1176.828,0.88046896
1248.3048,1189.7905,1261.5398,1176.4475,0.80650556
1267.8096,1189.7905,1280.6769,1175.9755,0.37935385
1287.3143,1189.7905,1299.75,1175.907,0.5188196
1306.8191,1189.7905,1319.7191,1175.9673,0.72849524
1326.3239,1189.7905,1339.8533,1176.6196,0.6970748
1345.8286,1189.7905,1358.9757,1175.9972,0.91254884
1365.3334,1189.7905,1377.9905,1176.6644,0.93935424
1384.8381,1189.7905,1398.6663,1176.729,0.9565471
1404.3429,1189.7905,1415.6716,1177.7958,0.7989359
1423.8477,1189.7905,1437.3766,1175.9418,0.8303311
1443.3524,1189.7905,1456.7405,1176.4908,0.913639
1462.8572,1189.7905,1475.1401,1177.6096,0.97697085
1482.3619,1189.7905,1495.8033,1176.6228,0.8373152
1501.8667,1189.7905,1514.8815,1176.4209,0.43637893
1521.3715,1189.7905,1533.6401,1176.9751,0.75611514
1540.8762,1189.7905,1553.5059,1177.2598,0.8619303
1560.381,1189.7905,1572.7853,1178.0269,0.93888205
1579.8857,1189.7905,1592.5087,1176.786,0.9045979
1599.3905,1189.7905,1610.995,1176.2954,0.8496248
1618.8953,1189.7905,1630.3243,1177.4174,0.32973635
1638.4,1189.7905,1651.1976,1177.7883,0.38247493
1657.9048,1189.7905,1670.6962,1176.6758,0.7079991
1677.4095,1189.7905,1690.1759,1177.0481,0.8034828
1696.9143,1189.7905,1710.5813,1177.108,0.66588056
1716.4191,1189.7905,1728.5724,1177.6956,0.9533515
1735.9238,1189.7905,1749.4102,1177.3253,0.92001057
1755.4286,1189.7905,1768.6426,1177.2676,0.94209176
1774.9333,1189.7905,1786.4917,1177.0482,0.95807076
1794.4381,1189.7905,1806.7577,1177.4156,0.9623291
1813.9429,1189.7905,1827.2904,1177.7338,0.91840416
1833.4476,1189.7905,1846.3076,1177.2003,0.97093296
1852.9524,1189.7905,1866.3374,1177.7009,0.96217966
1872.4573,1189.7905,1885.7573,1178.6681,0.9262136
1891.962,1189.7905,1905.0518,1178.3444,0.97045714
1911.4668,1189.7905,1924.5779,1177.9446,0.9736344
1930.9716,1189.7905,1944.015,1178.2456,0.8820259
1950.4763,1189.7905,1964.7097,1178.703,0.49688014
1969.9811,1189.7905,1984.2028,1178.1687,0.46683368
39.009525,1209.2953,52.569542,1193.3373,0.9963951
58.51429,1209.2953,72.082695,1192.5657,0.9900245
78.01905,1209.2953,91.159546,1193.5026,0.92771226
97.52381,1209.2953,110.08252,1193.0228,0.8826206
117.02858,1209.2953,131.04861,1193.012,0.9921052
136.53334,1209.2953,151.39177,1192.8885,0.9914601
156.0381,1209.2953,170.42607,1193.8058,0.9902467
175.54286,1209.2953,187.89711,1194.018,0.96799606
195.04762,1209.2953,208.58574,1192.6957,0.993026
214.55238,1209.2953,229.387,1193.9854,0.98837286
234.05716,1209.2953,247.85219,1194.3312,0.99636126
253.56192,1209.2953,265.21182,1194.2942,0.9601282
273.06668,1209.2953,285.97772,1194.1917,0.988552
292.57144,1209.2953,306.76025,1194.7325,0.98120743
312.0762,1209.2953,325.9028,1193.839,0.97584146
331.58096,1209.2953,343.91016,1193.8458,0.949703
351.08572,1209.2953,363.60187,1194.7346,0.97406656
370.59048,1209.2953,383.2386,1194.2612,0.97570455
390.09525,1209.2953,402.04306,1194.7938,0.83931553
409.6,1209.2953,422.06613,1194.4215,0.9422583
429.10477,1209.2953,442.2081,1194.792,0.9732757
448.60953,1209.2953,460.22992,1194.6686,0.90721184
468.11432,1209.2953,479.948,1194.0347,0.7973725
507.12384,1209.2953,518.9554,1194.633,0.31513914
526.6286,1209.2953,538.537,1194.522,0.7253441
565.6381,1209.2953,579.7605,1194.3397,0.7549281
585.1429,1209.2953,599.1835,1193.9646,0.94043666
604.64764,1209.2953,616.35596,1194.5824,0.9882381
624.1524,1209.2953,636.24316,1194.6946,0.97206265
643.65717,1209.2953,656.67816,1194.593,0.9756268
663.1619,1209.2953,675.6174,1194.5975,0.9388144
682.6667,1209.2953,695.7641,1195.1283,0.87391776
702.17145,1209.2953,715.6693,1195.234,0.8953903
721.6762,1209.2953,735.5062,1194.8861,0.9762326
741.18097,1209.2953,754.6194,1195.3401,0.9802193
760.6857,1209.2953,773.82513,1194.89,0.98147196
780.1905,1209.2953,792.8841,1194.5768,0.94175714
799.69525,1209.2953,812.33105,1195.4073,0.8773652
819.2,1209.2953,833.4071,1194.9333,0.6921125
838.7048,1209.2953,852.07825,1194.7904,0.912395
858.20953,1209.2953,871.2963,1194.6494,0.88981795
877.7143,1209.2953,890.7147,1195.1244,0.93268794
897.21906,1209.2953,909.92096,1194.5121,0.9373293
916.7238,1209.2953,929.142,1194.6333,0.9052846
936.22864,1209.2953,948.84875,1194.3887,0.8472314
955.7334,1209.2953,967.72815,1194.855,0.9435753
975.23816,1209.2953,987.9189,1195.0417,0.9627903
994.7429,1209.2953,1006.84143,1194.9584,0.90589774
1014.2477,1209.2953,1026.9775,1194.8517,0.78371197
1033.7524,1209.2953,1045.9725,1194.7001,0.6634174
1053.2572,1209.2953,1065.6102,1194.8718,0.76658475
1072.762,1209.2953,1086.1642,1195.2003,0.9786411
1092.2667,1209.2953,1105.9553,1195.341,0.9944375
1111.7715,1209.2953,1125.4574,1194.7915,0.9767001
1131.2762,1209.2953,1143.7476,1195.4164,0.98815036
1150.781,1209.2953,1163.1305,1195.1067,0.91619134
1170.2858,1209.2953,1182.555,1195.2925,0.9541259
1189.7905,1209.2953,1202.5775,1195.2091,0.8570173
1209.2953,1209.2953,1221.6868,1195.7365,0.97991747
1228.8,1209.2953,1241.0234,1195.2136,0.86997986
1248.3048,1209.2953,1261.3633,1195.488,0.8884423
1267.8096,1209.2953,1280.7764,1195.7544,0.77165747
1287.3143,1209.2953,1300.2296,1195.3545,0.68292487
1306.8191,1209.2953,1320.9135,1195.2572,0.55604976
1326.3239,1209.2953,1339.3455,1195.8217,0.6630197
1345.8286,1209.2953,1359.9922,1195.9816,0.8382016
1365.3334,1209.2953,1378.2837,1195.3856,0.9468598
1423.8477,1209.2953,1437.5737,1195.5142,0.6094778
1443.3524,1209.2953,1456.6063,1195.4314,0.9230446
1462.8572,1209.2953,1475.9666,1196.0758,0.9647673
1482.3619,1209.2953,1495.1202,1196.6649,0.8969769
1501.8667,1209.2953,1514.1505,1195.9025,0.5641191
1521.3715,1209.2953,1535.2391,1196.79,0.4447196
1540.8762,1209.2953,1554.1489,1197.3357,0.817403
1560.381,1209.2953,1574.3789,1196.8226,0.91505647
1579.8857,1209.2953,1591.8483,1195.3438,0.96352166
1599.3905,1209.2953,1612.2998,1197.1006,0.96520144
1618.8953,1209.2953,1630.724,1198.049,0.7739544
1638.4,1209.2953,1650.4003,1195.4075,0.7131802
1657.9048,1209.2953,1671.4069,1196.4438,0.72699946
1677.4095,1209.2953,1689.4078,1197.0967,0.9300753
1696.9143,1209.2953,1711.0742,1197.4695,0.8944711
1716.4191,1209.2953,1729.3237,1196.0555,0.8502823
1735.9238,1209.2953,1748.6561,1196.5873,0.92279893
1755.4286,1209.2953,1767.4166,1196.7893,0.9019907
1774.9333,1209.2953,1788.4508,1196.6923,0.95748365
1794.4381,1209.2953,1806.0713,1198.1357,0.94018745
1813.9429,1209.2953,1827.4932,1197.236,0.99669987
1833.4476,1209.2953,1846.0735,1197.8217,0.9885634
1852.9524,1209.2953,1867.1799,1196.6912,0.9794344
1872.4573,1209.2953,1886.3348,1198.2073,0.8563382
1891.962,1209.2953,1905.4225,1196.5988,0.62048465
1911.4668,1209.2953,1925.4275,1196.6646,0.61174613
1930.9716,1209.2953,1944.9454,1197.8945,0.47830114
1950.4763,1209.2953,1964.9187,1197.2177,0.3949521
39.009525,1228.8,52.515396,1213.7417,0.8316635
58.51429,1228.8,71.08264,1212.8481,0.97501665
78.01905,1228.8,91.35358,1213.777,0.79636973
97.52381,1228.8,111.06587,1212.9136,0.9362616
136.53334,1228.8,150.97438,1213.518,0.94204396
156.0381,1228.8,169.30934,1212.6572,0.98521775
175.54286,1228.8,188.25424,1212.3125,0.99599177
195.04762,1228.8,208.28368,1213.4777,0.9923007
214.55238,1228.8,229.50703,1213.557,0.998621
234.05716,1228.8,246.99101,1213.6097,0.95853525
253.56192,1228.8,265.43253,1213.9296,0.90648425
273.06668,1228.8,286.12167,1213.6531,0.91125995
292.57144,1228.8,306.25473,1213.0892,0.9535918
312.0762,1228.8,324.50436,1213.3893,0.9064852
331.58096,1228.8,343.37665,1212.5103,0.79137737
351.08572,1228.8,362.5817,1213.6138,0.9844544
370.59048,1228.8,383.53745,1214.1964,0.99633765
390.09525,1228.8,401.7925,1213.5789,0.8414088
409.6,1228.8,423.00693,1213.6252,0.85932225
429.10477,1228.8,441.98962,1213.7885,0.9286557
448.60953,1228.8,461.02725,1214.0026,0.81328803
468.11432,1228.8,481.16635,1214.092,0.7258607
487.61908,1228.8,500.2864,1214.0282,0.6135109
507.12384,1228.8,519.28894,1214.8771,0.2729478
526.6286,1228.8,537.89734,1214.0662,0.48911452
565.6381,1228.8,578.22943,1214.4237,0.864728
585.1429,1228.8,597.9823,1213.7303,0.97575825
604.64764,1228.8,617.84503,1214.062,0.9922276
624.1524,1228.8,637.21906,1214.43,0.9950653
643.65717,1228.8,656.28784,1214.0472,0.9836125
663.1619,1228.8,674.9731,1214.3132,0.97923404
682.6667,1228.8,696.36774,1214.0779,0.95582265
702.17145,1228.8,716.3134,1213.581,0.9061774
721.6762,1228.8,734.9197,1214.9286,0.9693108
741.18097,1228.8,753.43054,1214.4578,0.9930765
760.6857,1228.8,774.6065,1214.3243,0.9880078
780.1905,1228.8,793.0705,1213.823,0.9717546
799.69525,1228.8,812.22815,1213.947,0.9296833
819.2,1228.8,830.30237,1214.1553,0.6875385
838.7048,1228.8,852.7709,1214.1447,0.8946483
858.20953,1228.8,870.8977,1214.3102,0.8893499
877.7143,1228.8,890.23663,1214.1833,0.87216073
897.21906,1228.8,910.1326,1214.5054,0.98619074
916.7238,1228.8,928.16876,1214.5128,0.98548716
936.22864,1228.8,949.50836,1214.5802,0.9355308
955.7334,1228.8,968.59534,1214.5095,0.9447243
975.23816,1228.8,987.69354,1214.589,0.88055974
994.7429,1228.8,1007.2732,1214.4388,0.78885645
1014.2477,1228.8,1026.5859,1214.7339,0.87461865
1033.7524,1228.8,1047.2229,1214.9131,0.8974763
1053.2572,1228.8,1065.3632,1214.8552,0.93770593
1072.762,1228.8,1085.8071,1214.7408,0.9638522
1092.2667,1228.8,1105.6886,1214.7373,0.9733841
1111.7715,1228.8,1124.7479,1215.032,0.9548997
1131.2762,1228.8,1143.754,1214.244,0.98065406
1150.781,1228.8,1163.9999,1214.54,0.98090845
1170.2858,1228.8,1183.2,1214.4285,0.928194
1189.7905,1228.8,1202.4497,1214.8364,0.8204702
1209.2953,1228.8,1222.6658,1214.6484,0.94049895
1228.8,1228.8,1242.7062,1215.0482,0.9874825
1248.3048,1228.8,1261.9862,1214.9429,0.7221736
1267.8096,1228.8,1281.0426,1214.9867,0.9220161
1287.3143,1228.8,1302.9255,1215.381,0.88433844
1306.8191,1228.8,1320.2709,1214.8573,0.56647575
1326.3239,1228.8,1339.7773,1214.9291,0.4301168
1345.8286,1228.8,1360.1212,1214.96,0.91926205
1365.3334,1228.8,1378.6641,1216.997,0.81360227
1384.8381,1228.8,1399.1976,1214.5985,0.75443584
1404.3429,1228.8,1418.9993,1215.2656,0.42704716
1443.3524,1228.8,1457.1547,1215.0027,0.9022197
1462.8572,1228.8,1476.5923,1215.2405,0.97631377
1482.3619,1228.8,1494.5435,1215.5397,0.90195996
1501.8667,1228.8,1515.2722,1216.0262,0.45233324
1521.3715,1228.8,1534.7347,1214.9628,0.49081743
1540.8762,1228.8,1554.045,1215.5906,0.7961487
1560.381,1228.8,1573.2668,1216.573,0.9843702
1579.8857,1228.8,1592.3903,1216.3152,0.9955699
1599.3905,1228.8,1612.9064,1216.4374,0.99406475
1618.8953,1228.8,1632.1986,1215.4385,0.85495144
1638.4,1228.8,1650.8256,1215.4564,0.83935857
1657.9048,1228.8,1671.5051,1215.7771,0.9219915
1677.4095,1228.8,1690.6139,1216.1652,0.83091706
1696.9143,1228.8,1709.9551,1215.5695,0.90145075
1716.4191,1228.8,1728.5483,1216.3219,0.91411877
1735.9238,1228.8,1748.4147,1216.1346,0.8172669
1755.4286,1228.8,1768.1819,1215.5441,0.9661503
1774.9333,1228.8,1790.3605,1215.7349,0.9810689
1794.4381,1228.8,1808.1396,1216.8491,0.9744884
1813.9429,1228.8,1828.1975,1216.1572,0.99113464
1833.4476,1228.8,1845.2747,1217.1409,0.97950906
1852.9524,1228.8,1867.7692,1217.5557,0.9792299
1872.4573,1228.8,1886.2823,1216.1876,0.9192918
1891.962,1228.8,1905.5006,1216.6783,0.880887
1911.4668,1228.8,1925.0411,1216.4812,0.7533383
1930.9716,1228.8,1943.3549,1215.5093,0.49098277
39.009525,1248.3048,52.701828,1231.8243,0.7400084
58.51429,1248.3048,71.48803,1232.5918,0.96419036
78.01905,1248.3048,90.65415,1233.3972,0.78119135
97.52381,1248.3048,111.289185,1232.4391,0.9163569
117.02858,1248.3048,130.84361,1232.5934,0.94389427
136.53334,1248.3048,149.2219,1232.3639,0.98318696
156.0381,1248.3048,169.22711,1230.8488,0.9946853
175.54286,1248.3048,189.19128,1231.6989,0.99608546
195.04762,1248.3048,208.28659,1232.8652,0.9992045
214.55238,1248.3048,227.94792,1232.715,0.9994266
234.05716,1248.3048,246.92981,1233.3961,0.99239564
253.56192,1248.3048,265.44528,1233.4252,0.8356817
273.06668,1248.3048,285.85358,1233.0337,0.8639707
292.57144,1248.3048,304.19388,1233.1525,0.7864575
312.0762,1248.3048,323.96115,1233.2308,0.5010991
331.58096,1248.3048,344.48557,1233.4315,0.6463191
351.08572,1248.3048,363.83432,1233.6946,0.93743885
370.59048,1248.3048,382.29416,1233.2974,0.9806164
390.09525,1248.3048,403.3464,1232.8334,0.9446105
409.6,1248.3048,421.5151,1233.6141,0.8532585
429.10477,1248.3048,442.20038,1233.3507,0.8510809
448.60953,1248.3048,460.48547,1233.1772,0.6969798
468.11432,1248.3048,481.05365,1233.0778,0.9212778
487.61908,1248.3048,499.25717,1233.5166,0.61454564
507.12384,1248.3048,520.44385,1233.8495,0.47020295
526.6286,1248.3048,539.32153,1233.7426,0.70226336
546.13336,1248.3048,558.3834,1233.7589,0.7766193
565.6381,1248.3048,577.81525,1233.7299,0.9553546
585.1429,1248.3048,597.70184,1234.0465,0.9968689
604.64764,1248.3048,619.1849,1234.009,0.99333936
624.1524,1248.3048,636.0468,1233.4263,0.97037375
643.65717,1248.3048,656.0413,1233.8671,0.9250131
663.1619,1248.3048,675.7844,1233.8296,0.9722732
682.6667,1248.3048,694.44867,1233.6128,0.97363085
702.17145,1248.3048,715.8099,1233.472,0.96682197
721.6762,1248.3048,733.5139,1233.8334,0.9848773
741.18097,1248.3048,752.7943,1233.7736,0.98442096
760.6857,1248.3048,773.13934,1233.8005,0.99010354
780.1905,1248.3048,793.1226,1233.1683,0.97156954
799.69525,1248.3048,812.216,1233.6451,0.92675596
819.2,1248.3048,830.98315,1233.8127,0.90203726
838.7048,1248.3048,851.2807,1233.7605,0.9445788
858.20953,1248.3048,871.5828,1233.644,0.9259465
877.7143,1248.3048,890.1562,1233.8092,0.91578805
897.21906,1248.3048,910.2667,1234.2113,0.99472207
916.7238,1248.3048,929.6482,1234.7207,0.99782956
936.22864,1248.3048,948.3269,1233.5566,0.94654036
955.7334,1248.3048,968.41907,1234.0067,0.89674836
975.23816,1248.3048,987.8198,1234.1796,0.94248545
994.7429,1248.3048,1007.77124,1234.0197,0.9221455
1014.2477,1248.3048,1026.4243,1234.132,0.9446088
1033.7524,1248.3048,1047.1321,1234.6134,0.91314214
1053.2572,1248.3048,1065.7572,1234.202,0.92221594
1072.762,1248.3048,1086.5862,1234.3561,0.87192947
1092.2667,1248.3048,1107.1654,1234.69,0.9277322
1111.7715,1248.3048,1125.9249,1234.4028,0.94136626
1131.2762,1248.3048,1143.8431,1234.7202,0.96744543
1150.781,1248.3048,1163.9529,1233.6537,0.99089736
1170.2858,1248.3048,1183.0984,1233.9027,0.96476066
1189.7905,1248.3048,1202.6611,1234.4028,0.9263953
1209.2953,1248.3048,1221.0483,1235.1522,0.6412722
1228.8,1248.3048,1240.7615,1234.9023,0.9253706
1248.3048,1248.3048,1262.291,1234.7007,0.9289869
1267.8096,1248.3048,1283.1028,1234.9263,0.87388486
1287.3143,1248.3048,1299.8749,1234.7736,0.83087915
1306.8191,1248.3048,1319.9031,1234.3907,0.6250977
1326.3239,1248.3048,1339.8844,1234.7906,0.85429436
1345.8286,1248.3048,1359.4341,1234.6038,0.9175993
1365.3334,1248.3048,1379.3054,1235.94,0.9343788
1384.8381,1248.3048,1399.7826,1235.459,0.96024024
1443.3524,1248.3048,1455.8036,1234.7479,0.61151165
1462.8572,1248.3048,1476.4346,1234.7568,0.9645621
1482.3619,1248.3048,1496.645,1235.2441,0.7877184
1501.8667,1248.3048,1515.177,1236.1476,0.36854705
1521.3715,1248.3048,1534.6321,1235.3035,0.74753875
1540.8762,1248.3048,1553.2432,1235.1437,0.77874064
1560.381,1248.3048,1573.7393,1235.1711,0.98887855
1579.8857,1248.3048,1592.4825,1235.7142,0.9892933
1599.3905,1248.3048,1612.7291,1235.9955,0.92950827
1618.8953,1248.3048,1632.1616,1236.1454,0.98261523
1638.4,1248.3048,1652.1069,1235.8927,0.9925978
1657.9048,1248.3048,1670.4421,1235.1561,0.9783617
1677.4095,1248.3048,1689.749,1235.1172,0.8923678
1696.9143,1248.3048,1710.1171,1235.6559,0.95862997
1716.4191,1248.3048,1727.7037,1236.9628,0.7246139
1735.9238,1248.3048,1748.2389,1235.7578,0.5580881
1755.4286,1248.3048,1769.0101,1235.1932,0.88738537
1774.9333,1248.3048,1787.3938,1236.7637,0.94727045
1794.4381,1248.3048,1808.3,1235.9883,0.97793585
1813.9429,1248.3048,1826.8348,1236.6901,0.98126733
1833.4476,1248.3048,1845.9268,1235.523,0.9673732
1852.9524,1248.3048,1867.2345,1235.8461,0.9890264
1872.4573,1248.3048,1886.3854,1235.4365,0.8481554
1891.962,1248.3048,1906.0328,1236.2096,0.6468803
1911.4668,1248.3048,1925.4514,1235.802,0.4851909
1930.9716,1248.3048,1944.5464,1235.6102,0.31614068
1969.9811,1248.3048,1985.0636,1236.8073,0.36991748
39.009525,1267.8096,53.076965,1252.1289,0.8129161
58.51429,1267.8096,71.90064,1252.3367,0.97898763
78.01905,1267.8096,90.218864,1252.4244,0.9280158
97.52381,1267.8096,110.08932,1252.3408,0.96139693
117.02858,1267.8096,129.46443,1252.7526,0.9618139
136.53334,1267.8096,150.22707,1252.1044,0.9786596
156.0381,1267.8096,170.1972,1251.4758,0.9930755
175.54286,1267.8096,189.76892,1252.1099,0.9949206
195.04762,1267.8096,209.2366,1252.2378,0.9960457
214.55238,1267.8096,227.974,1252.1583,0.99846566
234.05716,1267.8096,246.20425,1252.3959,0.98193705
253.56192,1267.8096,266.51364,1252.7478,0.9733866
273.06668,1267.8096,285.52695,1252.8533,0.9595873
292.57144,1267.8096,306.70282,1252.7642,0.96256196
312.0762,1267.8096,325.37726,1252.4591,0.86762935
331.58096,1267.8096,343.01282,1252.6492,0.8219403
351.08572,1267.8096,364.6151,1252.4719,0.6777266
370.59048,1267.8096,385.39902,1252.8733,0.7287338
390.09525,1267.8096,401.49625,1251.7365,0.71621686
409.6,1267.8096,420.79666,1252.4749,0.72743386
429.10477,1267.8096,441.79187,1253.0248,0.5123986
448.60953,1267.8096,461.69662,1253.1401,0.46277156
468.11432,1267.8096,481.28302,1252.2742,0.8833963
487.61908,1267.8096,500.05075,1253.1267,0.633453
507.12384,1267.8096,518.7475,1253.4331,0.65053236
526.6286,1267.8096,538.9908,1252.6636,0.7683364
546.13336,1267.8096,559.05194,1252.8024,0.8311533
565.6381,1267.8096,578.0491,1252.7036,0.9434177
585.1429,1267.8096,598.39905,1252.6382,0.9919841
604.64764,1267.8096,619.42096,1252.3209,0.982285
624.1524,1267.8096,635.61786,1252.5471,0.9431
643.65717,1267.8096,655.59375,1253.0332,0.961053
663.1619,1267.8096,675.402,1253.1892,0.9366112
682.6667,1267.8096,694.72473,1253.3066,0.9889111
702.17145,1267.8096,714.5057,1253.0813,0.98247653
721.6762,1267.8096,734.13885,1253.067,0.9886988
741.18097,1267.8096,754.4611,1253.1586,0.97644186
760.6857,1267.8096,773.0477,1253.311,0.9764711
780.1905,1267.8096,792.56165,1253.0787,0.99396443
799.69525,1267.8096,812.9886,1253.4198,0.9775858
819.2,1267.8096,830.94446,1253.4807,0.952361
838.7048,1267.8096,850.60596,1252.9592,0.9401653
858.20953,1267.8096,871.3449,1253.3173,0.9065565
877.7143,1267.8096,890.3331,1253.0051,0.94627756
897.21906,1267.8096,909.754,1252.9772,0.984583
916.7238,1267.8096,929.73987,1253.2607,0.9944799
936.22864,1267.8096,949.21204,1253.5679,0.61798614
955.7334,1267.8096,968.0307,1253.6521,0.6872276
975.23816,1267.8096,988.5378,1253.6688,0.91656566
994.7429,1267.8096,1007.90955,1253.8107,0.96674645
1014.2477,1267.8096,1027.8281,1253.1305,0.8234995
1033.7524,1267.8096,1047.3193,1253.2502,0.89187056
1053.2572,1267.8096,1066.4834,1253.2998,0.9695457
1072.762,1267.8096,1085.4249,1253.4314,0.9450442
1092.2667,1267.8096,1105.3438,1253.8264,0.8861562
1111.7715,1267.8096,1124.1562,1253.5862,0.974418
1131.2762,1267.8096,1144.2697,1253.4963,0.9773951
1150.781,1267.8096,1162.69,1253.5981,0.98110914
1170.2858,1267.8096,1183.1489,1254.139,0.9401925
1189.7905,1267.8096,1202.4608,1254.1064,0.86001414
1209.2953,1267.8096,1221.4261,1254.6871,0.6794832
1228.8,1267.8096,1241.4785,1254.6342,0.54792
1248.3048,1267.8096,1261.6089,1254.4823,0.7926383
1267.8096,1267.8096,1280.8108,1254.1677,0.51678574
1287.3143,1267.8096,1299.8893,1253.465,0.52693313
1306.8191,1267.8096,1320.7153,1253.7689,0.5771822
1326.3239,1267.8096,1339.3436,1254.1293,0.91093105
1345.8286,1267.8096,1359.1073,1253.9214,0.9143557
1365.3334,1267.8096,1380.2954,1254.6678,0.9089097
1384.8381,1267.8096,1400.6154,1254.4977,0.936831
1404.3429,1267.8096,1418.1432,1253.8916,0.42407885
1423.8477,1267.8096,1436.8881,1255.1575,0.5099075
1443.3524,1267.8096,1457.0753,1254.6256,0.9671324
1462.8572,1267.8096,1477.0181,1254.9229,0.9610057
1482.3619,1267.8096,1494.8864,1254.2632,0.8783223
1501.8667,1267.8096,1515.2235,1254.621,0.40623468
1521.3715,1267.8096,1534.7926,1254.2761,0.77756214
1540.8762,1267.8096,1554.3152,1254.5953,0.9727131
1560.381,1267.8096,1572.6299,1256.016,0.9306096
1579.8857,1267.8096,1594.0841,1255.9509,0.9567523
1599.3905,1267.8096,1613.728,1256.2086,0.96349776
1618.8953,1267.8096,1632.3392,1254.7292,0.991407
1638.4,1267.8096,1652.0033,1255.8362,0.9958513
1657.9048,1267.8096,1670.9143,1257.1653,0.9677158
1677.4095,1267.8096,1690.797,1255.1471,0.95946276
1696.9143,1267.8096,1709.7141,1254.9054,0.9648816
1716.4191,1267.8096,1729.8987,1255.8796,0.88226306
1735.9238,1267.8096,1749.435,1254.871,0.8207029
1755.4286,1267.8096,1768.9542,1257.2601,0.52117586
1774.9333,1267.8096,1788.1217,1256.2853,0.76303035
1794.4381,1267.8096,1808.0663,1256.3293,0.90728503
1813.9429,1267.8096,1826.4893,1256.8654,0.8846266
1833.4476,1267.8096,1847.5302,1255.081,0.8948176
1852.9524,1267.8096,1867.5475,1254.8413,0.7845919
1872.4573,1267.8096,1887.2407,1255.5134,0.8322675
1891.962,1267.8096,1904.9727,1255.532,0.877092
1911.4668,1267.8096,1924.9231,1255.5228,0.8106905
1930.9716,1267.8096,1944.0234,1253.9423,0.71358126
1950.4763,1267.8096,1963.0096,1256.1239,0.7437108
1969.9811,1267.8096,1983.202,1255.746,0.7016794
39.009525,1287.3143,51.65272,1272.1593,0.5482139
58.51429,1287.3143,71.0721,1271.4176,0.98170817
78.01905,1287.3143,90.6752,1271.3342,0.97567725
97.52381,1287.3143,109.068306,1272.0377,0.9639949
117.02858,1287.3143,130.10979,1271.8975,0.9849293
136.53334,1287.3143,149.66345,1271.6908,0.98648816
156.0381,1287.3143,169.47307,1271.2706,0.9654844
175.54286,1287.3143,188.77518,1272.3062,0.95814663
195.04762,1287.3143,209.19508,1272.2761,0.98246455
214.55238,1287.3143,227.24956,1272.7666,0.9882514
234.05716,1287.3143,248.12766,1272.7124,0.9893231
253.56192,1287.3143,267.8502,1271.9528,0.990735
273.06668,1287.3143,286.30225,1272.3444,0.9423513
292.57144,1287.3143,305.62738,1272.3308,0.95258
312.0762,1287.3143,324.21524,1271.9244,0.94755554
331.58096,1287.3143,342.8843,1272.4769,0.7366396
351.08572,1287.3143,363.56665,1271.9591,0.4506749
370.59048,1287.3143,382.38852,1272.5696,0.6733846
390.09525,1287.3143,402.32193,1272.6663,0.6722007
409.6,1287.3143,421.4756,1272.1433,0.6269878
429.10477,1287.3143,441.11017,1272.5336,0.50885767
448.60953,1287.3143,461.5979,1271.6079,0.8043868
468.11432,1287.3143,480.80188,1272.2871,0.84416044
487.61908,1287.3143,499.50333,1272.535,0.57381696
507.12384,1287.3143,518.68713,1272.5468,0.3200461
526.6286,1287.3143,539.733,1272.4352,0.8046028
546.13336,1287.3143,560.96277,1272.5906,0.5770953
565.6381,1287.3143,578.4246,1272.3716,0.5852023
585.1429,1287.3143,599.0191,1272.437,0.8586558
604.64764,1287.3143,617.88055,1272.5349,0.8931712
624.1524,1287.3143,637.665,1272.4491,0.9734675
643.65717,1287.3143,656.295,1272.3943,0.9837599
663.1619,1287.3143,675.27094,1272.3783,0.9701577
682.6667,1287.3143,695.49304,1272.6635,0.9811702
702.17145,1287.3143,715.4811,1272.545,0.9811329
721.6762,1287.3143,734.74854,1272.7096,0.97285193
741.18097,1287.3143,754.25336,1272.6993,0.9743629
760.6857,1287.3143,774.06604,1272.9406,0.9955813
780.1905,1287.3143,792.06616,1272.9585,0.9957553
799.69525,1287.3143,812.54816,1272.5834,0.98548514
819.2,1287.3143,830.06805,1272.9523,0.8821768
838.7048,1287.3143,851.62006,1272.4894,0.96011966
858.20953,1287.3143,870.6245,1272.8755,0.9741311
877.7143,1287.3143,890.0406,1272.6975,0.848289
897.21906,1287.3143,910.407,1272.787,0.95933217
916.7238,1287.3143,928.4864,1272.8502,0.9896577
936.22864,1287.3143,947.7097,1273.2742,0.9184319
955.7334,1287.3143,968.8033,1272.9922,0.70420974
975.23816,1287.3143,987.57086,1273.1858,0.92215806
994.7429,1287.3143,1008.3564,1272.7974,0.7410655
1014.2477,1287.3143,1025.6774,1273.4393,0.66316867
1033.7524,1287.3143,1046.4935,1273.1289,0.9663899
1053.2572,1287.3143,1066.7662,1272.915,0.99419427
1072.762,1287.3143,1085.41,1273.2632,0.8533181
1092.2667,1287.3143,1105.8274,1273.1245,0.6856181
1111.7715,1287.3143,1123.8586,1273.0203,0.9193509
1131.2762,1287.3143,1143.4229,1272.7946,0.9918493
1150.781,1287.3143,1163.4266,1273.1654,0.9964593
1170.2858,1287.3143,1182.2125,1273.2316,0.9146822
1189.7905,1287.3143,1202.5345,1273.5044,0.5446402
1209.2953,1287.3143,1221.647,1274.1317,0.6566169
1228.8,1287.3143,1242.305,1273.133,0.76470464
1248.3048,1287.3143,1261.6627,1274.2563,0.88174736
1267.8096,1287.3143,1280.6324,1273.5685,0.6736467
1287.3143,1287.3143,1300.8933,1273.4701,0.3556571
1306.8191,1287.3143,1319.7585,1274.0468,0.5254186
1326.3239,1287.3143,1340.2471,1273.5892,0.971189
1345.8286,1287.3143,1359.5792,1273.8341,0.9902537
1384.8381,1287.3143,1399.5502,1273.2559,0.9886983
1404.3429,1287.3143,1418.8009,1275.0726,0.98377246
1423.8477,1287.3143,1437.6206,1273.6569,0.8804682
1443.3524,1287.3143,1457.6365,1273.8875,0.94425786
1462.8572,1287.3143,1475.989,1273.7833,0.9255492
1482.3619,1287.3143,1496.2224,1275.0139,0.90037525
1540.8762,1287.3143,1552.663,1274.5876,0.9606697
1560.381,1287.3143,1573.9719,1273.4684,0.9262671
1579.8857,1287.3143,1594.3652,1274.9835,0.9819833
1599.3905,1287.3143,1613.441,1274.7552,0.99343795
1618.8953,1287.3143,1631.9297,1274.5638,0.9901344
1638.4,1287.3143,1650.8195,1274.3184,0.9892152
1657.9048,1287.3143,1671.3446,1274.8854,0.9871616
1677.4095,1287.3143,1690.7941,1274.9406,0.99004024
1696.9143,1287.3143,1710.244,1275.1248,0.97705966
1716.4191,1287.3143,1729.9702,1275.5026,0.93744576
1755.4286,1287.3143,1770.298,1274.4126,0.5170654
1774.9333,1287.3143,1789.355,1274.6361,0.8586595
1794.4381,1287.3143,1808.699,1275.0153,0.9127854
1813.9429,1287.3143,1827.0696,1276.3889,0.79280996
1833.4476,1287.3143,1846.5771,1275.4587,0.8701703
1852.9524,1287.3143,1867.4005,1274.0385,0.9361731
1872.4573,1287.3143,1886.3462,1275.084,0.83050823
1891.962,1287.3143,1904.8502,1276.7593,0.94417435
1911.4668,1287.3143,1924.4637,1275.5557,0.7819079
1930.9716,1287.3143,1944.0875,1275.2502,0.7549185
1950.4763,1287.3143,1963.4249,1274.9191,0.64689755
1969.9811,1287.3143,1983.643,1274.2919,0.67367786
39.009525,1306.8191,52.86178,1292.1749,0.62110734
58.51429,1306.8191,71.27341,1291.3837,0.993441
78.01905,1306.8191,91.634636,1291.6028,0.96448845
97.52381,1306.8191,111.22666,1291.5175,0.9677014
117.02858,1306.8191,130.20827,1291.3923,0.91112435
136.53334,1306.8191,150.47789,1290.9618,0.9407258
156.0381,1306.8191,169.07817,1290.9327,0.93037546
175.54286,1306.8191,189.16298,1291.7069,0.8887349
195.04762,1306.8191,209.16028,1290.7261,0.9587434
214.55238,1306.8191,226.78941,1290.657,0.9912296
234.05716,1306.8191,247.034,1291.5271,0.99543244
273.06668,1306.8191,286.8935,1291.5566,0.9806701
292.57144,1306.8191,306.4505,1291.1216,0.9478332
312.0762,1306.8191,325.05463,1291.273,0.96365774
331.58096,1306.8191,346.19598,1291.9543,0.88419414
351.08572,1306.8191,365.80835,1291.6593,0.86521727
370.59048,1306.8191,382.4807,1292.1124,0.8668539
390.09525,1306.8191,402.44113,1291.9479,0.903698
409.6,1306.8191,422.77405,1290.7208,0.8998163
429.10477,1306.8191,441.91656,1291.3617,0.72155607
448.60953,1306.8191,460.25266,1291.5719,0.84423673
468.11432,1306.8191,480.03174,1291.7843,0.85934556
487.61908,1306.8191,500.5429,1292.0961,0.89193636
507.12384,1306.8191,519.9396,1291.5968,0.7378354
526.6286,1306.8191,539.1214,1291.6886,0.92469245
546.13336,1306.8191,560.1116,1291.8706,0.87786907
565.6381,1306.8191,579.2498,1292.2173,0.9025332
585.1429,1306.8191,598.7109,1291.9176,0.6898835
604.64764,1306.8191,618.1887,1291.0637,0.93462795
624.1524,1306.8191,636.8022,1292.0677,0.9791016
643.65717,1306.8191,656.61035,1291.8253,0.98318076
663.1619,1306.8191,676.0902,1292.2395,0.9660163
682.6667,1306.8191,694.58344,1292.8817,0.95321435
702.17145,1306.8191,714.6456,1292.3229,0.9724791
721.6762,1306.8191,734.33875,1292.2465,0.9920095
741.18097,1306.8191,754.27124,1292.0581,0.9930131
760.6857,1306.8191,772.2757,1292.0819,0.9975587
780.1905,1306.8191,793.5986,1292.5874,0.9687771
799.69525,1306.8191,811.7932,1291.8998,0.98071694
819.2,1306.8191,831.6885,1292.5021,0.98614496
838.7048,1306.8191,851.65936,1292.3068,0.98916006
858.20953,1306.8191,871.4081,1292.2037,0.97628415
877.7143,1306.8191,890.8897,1292.1816,0.85199714
897.21906,1306.8191,909.6404,1292.2369,0.8590281
916.7238,1306.8191,929.3634,1292.5548,0.9789065
936.22864,1306.8191,949.53925,1292.5085,0.8784113
955.7334,1306.8191,968.8696,1292.896,0.9095341
975.23816,1306.8191,988.84436,1292.388,0.84148204
994.7429,1306.8191,1006.8385,1292.0537,0.9098958
1014.2477,1306.8191,1025.9895,1292.135,0.91559356
1033.7524,1306.8191,1047.2346,1292.4366,0.9192208
1053.2572,1306.8191,1065.3549,1292.2885,0.8925246
1072.762,1306.8191,1085.6443,1292.6545,0.80371326
1092.2667,1306.8191,1104.0754,1292.2423,0.84115225
1111.7715,1306.8191,1124.5238,1292.2897,0.97814775
1131.2762,1306.8191,1144.5265,1292.3673,0.9568016
1150.781,1306.8191,1164.4109,1292.3356,0.99451494
1170.2858,1306.8191,1182.2445,1292.4741,0.8962983
1189.7905,1306.8191,1201.939,1292.97,0.6278483
1209.2953,1306.8191,1222.0562,1293.6216,0.45443025
1228.8,1306.8191,1241.788,1292.9524,0.8518179
1248.3048,1306.8191,1262.3499,1292.538,0.73717916
1267.8096,1306.8191,1282.3009,1293.7803,0.79337
1306.8191,1306.8191,1319.2584,1293.2817,0.48177898
1326.3239,1306.8191,1340.0773,1292.4775,0.91151863
1345.8286,1306.8191,1360.541,1292.7253,0.97109324
1365.3334,1306.8191,1378.1055,1292.7045,0.9820679
1384.8381,1306.8191,1398.7388,1292.3136,0.99405396
1404.3429,1306.8191,1417.0443,1292.8903,0.97180974
1423.8477,1306.8191,1435.7781,1293.164,0.91040623
1443.3524,1306.8191,1456.3624,1293.8925,0.80066276
1462.8572,1306.8191,1474.9829,1293.0242,0.80741066
1482.3619,1306.8191,1495.5264,1295.0258,0.98113954
1501.8667,1306.8191,1514.5969,1293.8397,0.8226553
1521.3715,1306.8191,1534.7948,1292.8512,0.8658257
1540.8762,1306.8191,1553.9095,1293.9276,0.8795212
1560.381,1306.8191,1573.7356,1294.5148,0.95807934
1579.8857,1306.8191,1593.1619,1293.611,0.97122216
1618.8953,1306.8191,1632.4506,1293.9266,0.99537206
1638.4,1306.8191,1651.7421,1293.8875,0.99330986
1657.9048,1306.8191,1671.36,1293.4459,0.9890725
1677.4095,1306.8191,1690.3123,1294.5201,0.9939769
1696.9143,1306.8191,1709.8345,1294.3407,0.97291154
1716.4191,1306.8191,1729.2599,1294.6172,0.88304335
1735.9238,1306.8191,1749.8148,1294.6185,0.8914579
1755.4286,1306.8191,1769.761,1293.5583,0.7867183
1774.9333,1306.8191,1788.3257,1294.9518,0.949395
1794.4381,1306.8191,1807.1765,1294.9889,0.9888949
1813.9429,1306.8191,1826.6492,1294.4958,0.93761796
1833.4476,1306.8191,1847.0271,1294.513,0.9618222
1852.9524,1306.8191,1867.2428,1294.01,0.99137586
1872.4573,1306.8191,1886.4358,1295.1609,0.9845593
1891.962,1306.8191,1905.5171,1294.6517,0.8888261
1911.4668,1306.8191,1925.4928,1294.5155,0.88925445
1930.9716,1306.8191,1943.9407,1296.0684,0.8514051
1950.4763,1306.8191,1963.865,1294.9795,0.90327936
1969.9811,1306.8191,1983.2441,1294.9733,0.8504646
39.009525,1326.3239,51.52746,1310.7231,0.77270406
58.51429,1326.3239,72.64608,1311.4087,0.7639051
78.01905,1326.3239,90.95855,1311.2937,0.84430194
97.52381,1326.3239,111.64522,1310.8835,0.86686265
117.02858,1326.3239,129.96199,1311.1372,0.95310485
136.53334,1326.3239,150.82207,1310.6511,0.97982013
156.0381,1326.3239,169.9598,1310.7911,0.94333416
175.54286,1326.3239,189.1799,1311.8342,0.97204375
195.04762,1326.3239,208.67903,1310.3937,0.97875166
214.55238,1326.3239,227.00325,1310.6669,0.99081075
234.05716,1326.3239,247.68791,1311.2998,0.9940097
253.56192,1326.3239,266.62946,1310.8999,0.9962178
273.06668,1326.3239,285.89313,1310.8727,0.97433615
292.57144,1326.3239,305.75436,1310.7292,0.99313533
312.0762,1326.3239,325.14325,1310.7804,0.97549546
331.58096,1326.3239,343.45203,1311.789,0.38081545
351.08572,1326.3239,362.5608,1311.3748,0.6948176
370.59048,1326.3239,382.23953,1311.4297,0.8146681
390.09525,1326.3239,402.83112,1311.0729,0.8948255
409.6,1326.3239,421.93872,1311.1216,0.8401397
429.10477,1326.3239,441.7646,1310.9177,0.57372135
448.60953,1326.3239,461.5042,1311.1182,0.7053344
468.11432,1326.3239,481.17023,1311.5261,0.6276209
487.61908,1326.3239,500.29385,1310.2986,0.66336787
507.12384,1326.3239,519.6904,1311.1528,0.9247939
526.6286,1326.3239,539.6551,1311.681,0.7833206
546.13336,1326.3239,558.2479,1311.1991,0.691253
565.6381,1326.3239,577.7957,1312.57,0.416122
585.1429,1326.3239,598.42,1311.1943,0.85820824
604.64764,1326.3239,616.5662,1311.4303,0.9458798
624.1524,1326.3239,637.02844,1311.5623,0.96119237
643.65717,1326.3239,655.6671,1311.8097,0.9511481
663.1619,1326.3239,675.54956,1312.1586,0.88362825
682.6667,1326.3239,695.12036,1311.7754,0.97948194
702.17145,1326.3239,714.678,1311.8333,0.98687387
721.6762,1326.3239,733.84485,1311.5435,0.99054843
741.18097,1326.3239,753.9094,1311.5863,0.9695567
760.6857,1326.3239,772.48737,1311.6233,0.99450326
780.1905,1326.3239,792.6466,1311.2642,0.9725009
799.69525,1326.3239,812.17694,1311.7198,0.9650067
819.2,1326.3239,831.2771,1311.5752,0.98628336
838.7048,1326.3239,852.57184,1311.8232,0.9884785
858.20953,1326.3239,870.3633,1311.4865,0.87809044
877.7143,1326.3239,890.276,1312.2809,0.8948196
897.21906,1326.3239,909.27893,1312.021,0.42809355
916.7238,1326.3239,929.9418,1312.3109,0.9235002
936.22864,1326.3239,949.2822,1311.9353,0.96134186
955.7334,1326.3239,967.7399,1311.2177,0.8402107
975.23816,1326.3239,987.54626,1312.0706,0.58783025
994.7429,1326.3239,1006.781,1311.6046,0.9159233
1014.2477,1326.3239,1027.5999,1311.5688,0.9543759
1033.7524,1326.3239,1045.9493,1311.7601,0.88874865
1053.2572,1326.3239,1066.0028,1312.2626,0.78745705
1072.762,1326.3239,1085.0885,1311.4982,0.82745457
1092.2667,1326.3239,1104.9124,1311.966,0.84591657
1111.7715,1326.3239,1124.2205,1312.5645,0.94300187
1131.2762,1326.3239,1142.9801,1313.4991,0.98747194
1150.781,1326.3239,1163.9956,1312.2639,0.984072
1170.2858,1326.3239,1182.7639,1312.0187,0.5508455
1189.7905,1326.3239,1202.1891,1311.9202,0.65618706
1209.2953,1326.3239,1222.4315,1312.7058,0.7934899
1228.8,1326.3239,1240.9504,1312.56,0.9178983
1248.3048,1326.3239,1260.6344,1312.0662,0.90748245
1267.8096,1326.3239,1282.8461,1312.3215,0.91867244
1306.8191,1326.3239,1320.294,1312.4066,0.29836664
1326.3239,1326.3239,1339.0498,1312.6696,0.95778334
1345.8286,1326.3239,1360.072,1312.9131,0.987191
1365.3334,1326.3239,1379.0454,1313.327,0.9896144
1384.8381,1326.3239,1397.2126,1313.1356,0.9965595
1404.3429,1326.3239,1417.202,1313.2026,0.9882252
1423.8477,1326.3239,1436.1044,1312.9966,0.9313631
1443.3524,1326.3239,1455.7405,1313.5685,0.9183952
1462.8572,1326.3239,1475.6411,1314.179,0.9490367
1482.3619,1326.3239,1494.7437,1313.046,0.96189976
1501.8667,1326.3239,1515.6731,1314.0515,0.87845767
1521.3715,1326.3239,1535.5573,1313.4952,0.76340365
1540.8762,1326.3239,1555.017,1313.315,0.57016414
1560.381,1326.3239,1573.6709,1313.1151,0.8459931
1579.8857,1326.3239,1592.6816,1313.9048,0.91466284
1599.3905,1326.3239,1614.6471,1313.9939,0.983236
1618.8953,1326.3239,1633.1459,1313.8529,0.99746835
1638.4,1326.3239,1653.0706,1312.9534,0.9925779
1657.9048,1326.3239,1671.4712,1313.5321,0.9945967
1677.4095,1326.3239,1689.533,1314.1649,0.98808974
1696.9143,1326.3239,1709.5468,1314.631,0.9652935
1716.4191,1326.3239,1729.9862,1314.2411,0.84582144
1735.9238,1326.3239,1750.493,1313.115,0.8387966
1755.4286,1326.3239,1769.5532,1313.9785,0.9235499
1774.9333,1326.3239,1788.5233,1312.8395,0.9716507
1794.4381,1326.3239,1808.2631,1314.3784,0.97260845
1813.9429,1326.3239,1827.9938,1314.0247,0.9877186
1833.4476,1326.3239,1846.6768,1313.9873,0.94979155
1852.9524,1326.3239,1867.3331,1313.6053,0.9899328
1872.4573,1326.3239,1887.2539,1314.0385,0.9963401
1891.962,1326.3239,1906.5159,1313.8206,0.98369366
1911.4668,1326.3239,1925.8087,1315.072,0.96570337
1930.9716,1326.3239,1945.0277,1314.5957,0.9274796
1950.4763,1326.3239,1964.4213,1314.8401,0.93545854
1969.9811,1326.3239,1984.5388,1314.9796,0.89227444
39.009525,1345.8286,52.861256,1330.0453,0.35308722
58.51429,1345.8286,70.576515,1330.166,0.57340074
78.01905,1345.8286,91.276085,1330.9011,0.59995896
97.52381,1345.8286,111.51376,1331.4149,0.5932594
117.02858,1345.8286,129.97963,1330.7546,0.9145935
136.53334,1345.8286,150.25984,1330.8088,0.9635845
156.0381,1345.8286,168.75185,1329.8057,0.9795048
175.54286,1345.8286,189.05225,1330.0797,0.95036256
195.04762,1345.8286,208.38304,1329.1893,0.9342148
214.55238,1345.8286,227.67017,1329.3666,0.9784387
234.05716,1345.8286,245.838,1330.6735,0.9778057
253.56192,1345.8286,266.50656,1330.3341,0.96269697
273.06668,1345.8286,285.79932,1330.3903,0.99329424
292.57144,1345.8286,305.3716,1331.3348,0.98677045
312.0762,1345.8286,324.6324,1330.6796,0.9946444
331.58096,1345.8286,343.6772,1330.7283,0.95408285
351.08572,1345.8286,362.82175,1330.2211,0.8876435
370.59048,1345.8286,382.46512,1330.2688,0.90073
390.09525,1345.8286,403.33615,1330.447,0.94438195
409.6,1345.8286,422.0965,1330.3152,0.8543349
429.10477,1345.8286,441.51572,1330.445,0.9246264
448.60953,1345.8286,461.6307,1330.9377,0.8410107
468.11432,1345.8286,481.2521,1331.3693,0.625507
487.61908,1345.8286,500.7392,1330.2423,0.7827786
507.12384,1345.8286,520.62103,1330.2599,0.7638883
526.6286,1345.8286,538.8119,1330.2626,0.93653524
546.13336,1345.8286,559.5341,1330.7565,0.8636009
565.6381,1345.8286,578.5868,1330.3705,0.91286016
585.1429,1345.8286,597.259,1331.0304,0.84424543
604.64764,1345.8286,617.5689,1330.9341,0.8791883
624.1524,1345.8286,636.7719,1331.1497,0.89195436
643.65717,1345.8286,656.63617,1331.3591,0.9197817
663.1619,1345.8286,675.2394,1331.0543,0.9475825
682.6667,1345.8286,695.5334,1331.0963,0.98211455
702.17145,1345.8286,714.4251,1331.5243,0.9885598
721.6762,1345.8286,733.94324,1331.6716,0.9637131
741.18097,1345.8286,753.98773,1331.5114,0.97548544
760.6857,1345.8286,773.5117,1331.2269,0.980922
780.1905,1345.8286,791.3242,1331.1858,0.9542989
799.69525,1345.8286,812.38043,1330.7262,0.9095084
819.2,1345.8286,831.8406,1332.0841,0.7780091
838.7048,1345.8286,851.8818,1331.3035,0.9303288
858.20953,1345.8286,871.28375,1330.8773,0.9393075
877.7143,1345.8286,889.5328,1331.62,0.9062086
897.21906,1345.8286,909.74554,1331.5582,0.45957232
916.7238,1345.8286,929.63947,1331.847,0.760175
936.22864,1345.8286,949.5556,1331.4102,0.78120905
955.7334,1345.8286,968.26385,1331.8638,0.83185637
975.23816,1345.8286,988.65643,1331.6827,0.8770392
994.7429,1345.8286,1007.0928,1331.4882,0.7305376
1014.2477,1345.8286,1026.5548,1331.8912,0.9230988
1033.7524,1345.8286,1047.7643,1331.456,0.57477725
1053.2572,1345.8286,1066.0875,1331.7001,0.55421424
1072.762,1345.8286,1086.5364,1331.2482,0.7979317
1092.2667,1345.8286,1106.0754,1331.362,0.8951309
1111.7715,1345.8286,1125.9266,1331.302,0.9918913
1131.2762,1345.8286,1142.9635,1331.799,0.9736218
1150.781,1345.8286,1163.1313,1331.4362,0.9879389
1170.2858,1345.8286,1183.0315,1331.5281,0.62871015
1189.7905,1345.8286,1202.8601,1331.1045,0.33244643
1209.2953,1345.8286,1221.4508,1331.5736,0.7043151
1228.8,1345.8286,1243.0088,1332.0358,0.88909066
1248.3048,1345.8286,1262.2925,1332.1388,0.9544358
1267.8096,1345.8286,1281.6321,1331.7213,0.95284104
1287.3143,1345.8286,1301.0828,1331.8523,0.7799159
1306.8191,1345.8286,1320.1198,1332.2072,0.5062672
1326.3239,1345.8286,1338.286,1332.4631,0.65879786
1345.8286,1345.8286,1358.3816,1331.9463,0.9481177
1365.3334,1345.8286,1377.7472,1332.783,0.71921587
1384.8381,1345.8286,1398.148,1332.8525,0.96993005
1404.3429,1345.8286,1417.934,1333.9775,0.9003919
1423.8477,1345.8286,1436.6301,1332.7952,0.94188064
1443.3524,1345.8286,1455.5776,1332.5142,0.92628074
1462.8572,1345.8286,1476.7659,1332.7839,0.94517136
1482.3619,1345.8286,1496.4855,1333.7919,0.91349185
1501.8667,1345.8286,1516.4988,1332.8429,0.8075459
1521.3715,1345.8286,1535.9113,1333.3088,0.8025388
1540.8762,1345.8286,1553.4891,1332.201,0.809983
1560.381,1345.8286,1572.9598,1333.6852,0.65561056
1579.8857,1345.8286,1593.7087,1332.5173,0.46524417
1599.3905,1345.8286,1613.3191,1333.9242,0.8665654
1618.8953,1345.8286,1632.2003,1334.1011,0.992662
1638.4,1345.8286,1651.5864,1334.0385,0.9977548
1677.4095,1345.8286,1690.8896,1332.8087,0.9579011
1696.9143,1345.8286,1708.9625,1332.4739,0.95866245
1716.4191,1345.8286,1729.2057,1334.4617,0.7468892
1735.9238,1345.8286,1750.7225,1333.8098,0.9198304
1755.4286,1345.8286,1769.2144,1332.291,0.979541
1774.9333,1345.8286,1788.4938,1333.0548,0.9896254
1794.4381,1345.8286,1807.8298,1333.0542,0.9731736
1813.9429,1345.8286,1827.3768,1333.9227,0.99102706
1833.4476,1345.8286,1847.1327,1333.1819,0.98716664
1852.9524,1345.8286,1865.885,1334.255,0.9765415
1872.4573,1345.8286,1886.313,1333.63,0.9761021
1891.962,1345.8286,1905.8875,1333.625,0.97106045
1911.4668,1345.8286,1926.4601,1332.4965,0.96051735
1930.9716,1345.8286,1944.0743,1333.4441,0.98177314
1950.4763,1345.8286,1963.0077,1333.8711,0.9154546
1969.9811,1345.8286,1983.8158,1333.9951,0.7969453
58.51429,1365.3334,72.54009,1349.463,0.32760903
78.01905,1365.3334,91.81485,1349.5206,0.78502
97.52381,1365.3334,110.65274,1350.4149,0.58018225
117.02858,1365.3334,129.05197,1349.575,0.97832817
136.53334,1365.3334,150.33228,1349.8573,0.917513
156.0381,1365.3334,170.00853,1349.5996,0.9555793
175.54286,1365.3334,189.47206,1349.1228,0.98324746
195.04762,1365.3334,208.78021,1350.0431,0.9825127
214.55238,1365.3334,227.67192,1350.0739,0.99240476
234.05716,1365.3334,247.67381,1349.4214,0.9924095
253.56192,1365.3334,266.39304,1349.433,0.99097717
273.06668,1365.3334,285.0769,1349.6613,0.9906443
292.57144,1365.3334,305.22058,1350.4753,0.9912635
312.0762,1365.3334,325.8442,1349.7985,0.9966076
331.58096,1365.3334,343.36255,1350.0927,0.9776006
351.08572,1365.3334,363.08575,1349.9991,0.67933995
370.59048,1365.3334,383.77795,1349.616,0.8420237
390.09525,1365.3334,402.41592,1348.9979,0.9795652
409.6,1365.3334,421.3405,1350.397,0.841917
429.10477,1365.3334,442.0533,1349.7301,0.9074137
448.60953,1365.3334,460.5254,1350.7551,0.9270489
468.11432,1365.3334,481.4235,1350.9636,0.8795215
487.61908,1365.3334,500.19034,1350.8407,0.8243032
507.12384,1365.3334,518.6887,1350.3806,0.80211836
526.6286,1365.3334,538.68756,1350.2872,0.9517962
546.13336,1365.3334,560.3762,1351.089,0.9892383
565.6381,1365.3334,579.9465,1350.1499,0.94097155
585.1429,1365.3334,598.6751,1350.5791,0.8552477
604.64764,1365.3334,617.3728,1350.8184,0.96258265
624.1524,1365.3334,636.9445,1350.3398,0.9506142
643.65717,1365.3334,656.30096,1350.5802,0.98408437
663.1619,1365.3334,675.6744,1350.3848,0.9413241
682.6667,1365.3334,694.3088,1351.3971,0.9162303
702.17145,1365.3334,714.0596,1350.681,0.990238
721.6762,1365.3334,733.52014,1351.0016,0.98607606
741.18097,1365.3334,753.6661,1350.6212,0.96394974
760.6857,1365.3334,772.2613,1350.8363,0.9524255
780.1905,1365.3334,792.6048,1351.1104,0.9741598
799.69525,1365.3334,811.49225,1350.4867,0.95551676
819.2,1365.3334,830.80615,1350.845,0.9503985
838.7048,1365.3334,851.20636,1350.4286,0.9432276
858.20953,1365.3334,871.6845,1350.9697,0.8972505
877.7143,1365.3334,890.9369,1351.017,0.88637996
897.21906,1365.3334,910.51855,1351.0243,0.81520385
916.7238,1365.3334,930.90784,1351.7087,0.73451734
936.22864,1365.3334,948.7336,1351.4227,0.8228258
955.7334,1365.3334,968.93835,1351.3646,0.93507653
975.23816,1365.3334,988.3423,1350.9968,0.9419041
994.7429,1365.3334,1008.65704,1351.2112,0.85804754
1014.2477,1365.3334,1028.0526,1350.9092,0.91460204
1033.7524,1365.3334,1048.0784,1350.841,0.9735568
1053.2572,1365.3334,1066.861,1350.7946,0.8002626
1072.762,1365.3334,1086.8827,1350.8264,0.8772341
1092.2667,1365.3334,1105.9409,1351.344,0.9501731
1111.7715,1365.3334,1124.5172,1350.8862,0.99102736
1131.2762,1365.3334,1144.0048,1350.8447,0.9873375
1150.781,1365.3334,1164.4072,1350.9362,0.9902114
1170.2858,1365.3334,1183.8315,1351.323,0.76853025
1209.2953,1365.3334,1222.0896,1351.2874,0.48945954
1228.8,1365.3334,1242.7482,1351.0405,0.9596027
1248.3048,1365.3334,1261.3402,1352.5425,0.8890567
1267.8096,1365.3334,1281.5411,1352.1173,0.9603748
1287.3143,1365.3334,1301.3553,1351.4923,0.6222726
1306.8191,1365.3334,1319.3665,1351.1301,0.40097016
1326.3239,1365.3334,1338.4846,1352.2192,0.8451557
1345.8286,1365.3334,1357.9379,1352.4722,0.94405264
1365.3334,1365.3334,1378.084,1352.0413,0.8909076
1384.8381,1365.3334,1397.795,1351.6675,0.94602025
1404.3429,1365.3334,1417.2808,1352.0145,0.93081146
1423.8477,1365.3334,1436.6982,1351.4622,0.9775976
1443.3524,1365.3334,1456.5267,1351.398,0.9409507
1462.8572,1365.3334,1477.9567,1352.5802,0.89824885
1482.3619,1365.3334,1494.3682,1352.8446,0.8758039
1501.8667,1365.3334,1514.2808,1353.3611,0.90646315
1521.3715,1365.3334,1535.8448,1351.1533,0.9408328
1540.8762,1365.3334,1554.0526,1352.2262,0.840072
1560.381,1365.3334,1574.0814,1351.7876,0.952462
1579.8857,1365.3334,1593.6582,1352.5692,0.90993583
1599.3905,1365.3334,1614.2871,1352.4161,0.9941071
1618.8953,1365.3334,1633.5074,1352.2432,0.99809104
1638.4,1365.3334,1652.7189,1351.9865,0.9941523
1677.4095,1365.3334,1690.3325,1353.3313,0.9748491
1696.9143,1365.3334,1709.1676,1352.41,0.96960336
1716.4191,1365.3334,1729.0724,1353.6647,0.8480463
1735.9238,1365.3334,1749.179,1353.36,0.90222096
1755.4286,1365.3334,1768.6698,1351.8112,0.9526693
1774.9333,1365.3334,1788.3319,1353.338,0.9539155
1794.4381,1365.3334,1808.7047,1353.2577,0.9393461
1813.9429,1365.3334,1827.3345,1351.8141,0.7781865
1833.4476,1365.3334,1845.7831,1352.6296,0.9147211
1852.9524,1365.3334,1866.5898,1351.7013,0.80556613
1872.4573,1365.3334,1886.2186,1352.4476,0.9482854
1891.962,1365.3334,1906.5762,1353.5311,0.94477487
1911.4668,1365.3334,1925.756,1353.0112,0.9519815
1930.9716,1365.3334,1944.1418,1352.9515,0.9341204
1950.4763,1365.3334,1962.4862,1353.6077,0.8771108
1969.9811,1365.3334,1983.2883,1353.6094,0.7228402
78.01905,1384.8381,92.57284,1367.7784,0.79485136
97.52381,1384.8381,111.8375,1369.0621,0.9194836
117.02858,1384.8381,130.88612,1369.3602,0.9603239
136.53334,1384.8381,148.94153,1369.8141,0.95823514
156.0381,1384.8381,168.73538,1369.0481,0.9695349
175.54286,1384.8381,188.83028,1367.93,0.9906456
195.04762,1384.8381,207.91573,1369.0078,0.97383434
214.55238,1384.8381,228.14992,1369.6171,0.9938489
234.05716,1384.8381,247.89142,1368.4324,0.9922145
253.56192,1384.8381,265.8681,1369.0881,0.99510306
273.06668,1384.8381,286.10233,1370.0092,0.9967228
292.57144,1384.8381,304.57486,1369.3083,0.9886943
312.0762,1384.8381,325.9135,1368.945,0.9975918
331.58096,1384.8381,344.17728,1369.2767,0.9843452
351.08572,1384.8381,363.422,1369.3446,0.9115871
370.59048,1384.8381,382.51544,1369.5044,0.9336293
390.09525,1384.8381,403.28867,1369.52,0.97393084
409.6,1384.8381,422.04327,1369.9673,0.9549191
429.10477,1384.8381,441.82578,1369.7571,0.64921176
448.60953,1384.8381,460.6045,1369.8652,0.82520396
468.11432,1384.8381,480.1215,1370.0574,0.73901004
487.61908,1384.8381,500.62094,1370.3279,0.7158587
507.12384,1384.8381,519.82306,1369.911,0.8621894
526.6286,1384.8381,538.8247,1370.0648,0.9535863
546.13336,1384.8381,560.12897,1369.9725,0.99278927
565.6381,1384.8381,579.3741,1369.9475,0.98148924
585.1429,1384.8381,597.56494,1369.8875,0.9031318
604.64764,1384.8381,616.8131,1370.3457,0.95879
624.1524,1384.8381,637.5568,1370.4404,0.97535384
643.65717,1384.8381,657.2405,1370.5702,0.9886834
663.1619,1384.8381,676.85834,1370.0754,0.60670733
682.6667,1384.8381,696.2221,1370.1859,0.9669164
702.17145,1384.8381,714.7766,1370.1904,0.98292017
721.6762,1384.8381,733.24536,1369.828,0.9229452
741.18097,1384.8381,753.5552,1369.9618,0.8935712
760.6857,1384.8381,773.02734,1370.4714,0.9192162
780.1905,1384.8381,792.2121,1370.4398,0.9331306
799.69525,1384.8381,812.83057,1370.6256,0.9309221
819.2,1384.8381,831.4072,1370.5797,0.96575
838.7048,1384.8381,851.02985,1370.6697,0.8789421
858.20953,1384.8381,870.7735,1370.3518,0.7278825
877.7143,1384.8381,889.45667,1370.4592,0.9154638
897.21906,1384.8381,909.67755,1370.2314,0.9594812
916.7238,1384.8381,929.6282,1370.4973,0.93050146
936.22864,1384.8381,949.0376,1370.5831,0.9439859
955.7334,1384.8381,969.1823,1370.6167,0.97370964
975.23816,1384.8381,988.09393,1370.5563,0.7266771
994.7429,1384.8381,1007.7451,1370.7665,0.45156813
1014.2477,1384.8381,1027.051,1370.3033,0.8305183
1033.7524,1384.8381,1048.9099,1371.1486,0.97853243
1053.2572,1384.8381,1065.3606,1370.5753,0.9182171
1072.762,1384.8381,1087.0519,1370.4484,0.7729237
1092.2667,1384.8381,1106.5322,1370.4155,0.88437057
1111.7715,1384.8381,1125.4011,1370.4069,0.9753567
1131.2762,1384.8381,1144.0325,1370.6062,0.9235645
1150.781,1384.8381,1164.6025,1370.9889,0.97429574
1170.2858,1384.8381,1184.5326,1372.2272,0.8582399
1189.7905,1384.8381,1202.2513,1371.2572,0.68369466
1209.2953,1384.8381,1222.1067,1371.4456,0.8555992
1228.8,1384.8381,1241.6573,1371.0493,0.8440793
1248.3048,1384.8381,1262.2802,1370.5204,0.9237178
1267.8096,1384.8381,1281.734,1370.9764,0.6531413
1287.3143,1384.8381,1300.9844,1371.7268,0.7443499
1306.8191,1384.8381,1320.3217,1371.6165,0.7172719
1326.3239,1384.8381,1339.0742,1372.41,0.9743648
1345.8286,1384.8381,1359.0118,1371.3546,0.95601964
1365.3334,1384.8381,1378.6425,1370.9414,0.9575814
1384.8381,1384.8381,1397.5006,1371.1853,0.92775756
1404.3429,1384.8381,1415.9963,1371.4032,0.99546456
1423.8477,1384.8381,1436.7251,1371.5934,0.98222107
1443.3524,1384.8381,1456.6438,1371.3134,0.9720991
1462.8572,1384.8381,1477.281,1371.8417,0.946525
1482.3619,1384.8381,1495.2653,1371.6716,0.9306566
1501.8667,1384.8381,1515.7999,1370.8229,0.9895572
1521.3715,1384.8381,1535.3712,1371.3083,0.99114835
1540.8762,1384.8381,1554.7708,1372.2252,0.9660154
1560.381,1384.8381,1573.4427,1371.7076,0.94344443
1579.8857,1384.8381,1594.1497,1371.7198,0.8653685
1599.3905,1384.8381,1613.1178,1372.6498,0.972175
1618.8953,1384.8381,1632.6057,1372.128,0.99573046
1638.4,1384.8381,1650.0563,1371.5424,0.9759044
1657.9048,1384.8381,1670.6533,1373.0669,0.98412216
1677.4095,1384.8381,1690.9395,1373.0258,0.987776
1696.9143,1384.8381,1709.7212,1371.9153,0.9932828
1716.4191,1384.8381,1729.1443,1372.374,0.9712151
1735.9238,1384.8381,1748.6117,1372.0724,0.96245813
1755.4286,1384.8381,1769.0873,1372.0173,0.9628942
1774.9333,1384.8381,1789.3909,1373.2672,0.82907677
1794.4381,1384.8381,1808.1193,1373.6198,0.747256
1813.9429,1384.8381,1827.0934,1372.9713,0.55593747
1833.4476,1384.8381,1847.0533,1372.6072,0.47711757
1852.9524,1384.8381,1866.0739,1372.7065,0.6427682
1872.4573,1384.8381,1886.6493,1373.3541,0.9285088
1891.962,1384.8381,1905.4159,1373.1956,0.87044394
1911.4668,1384.8381,1925.2368,1373.1547,0.54509
1930.9716,1384.8381,1945.0072,1373.2703,0.8862794
1950.4763,1384.8381,1964.1761,1372.2843,0.94519824
1969.9811,1384.8381,1984.3313,1372.9135,0.9016416
39.009525,1404.3429,52.84452,1388.6294,0.6270577
58.51429,1404.3429,73.02113,1388.1051,0.90644073
78.01905,1404.3429,92.075226,1387.4348,0.9460882
97.52381,1404.3429,112.03735,1387.8855,0.9344172
117.02858,1404.3429,130.32535,1389.1362,0.9932089
136.53334,1404.3429,149.84933,1389.1644,0.9800772
156.0381,1404.3429,168.89885,1388.739,0.9705411
175.54286,1404.3429,188.2153,1388.7585,0.9941257
195.04762,1404.3429,208.25024,1388.7137,0.9881592
214.55238,1404.3429,227.7271,1387.7587,0.9920904
234.05716,1404.3429,246.67427,1388.7319,0.99474984
253.56192,1404.3429,267.4299,1389.0321,0.98813397
273.06668,1404.3429,286.6084,1389.3171,0.9954319
292.57144,1404.3429,305.46548,1388.9579,0.99641114
312.0762,1404.3429,323.74564,1389.1248,0.9932414
331.58096,1404.3429,344.4807,1389.5299,0.97910005
351.08572,1404.3429,363.97916,1388.4574,0.98497194
370.59048,1404.3429,382.1503,1389.2782,0.9166049
390.09525,1404.3429,402.7968,1389.4834,0.986546
409.6,1404.3429,421.93677,1389.812,0.9738571
429.10477,1404.3429,441.7473,1389.3901,0.5164366
448.60953,1404.3429,460.8713,1389.3455,0.87199676
468.11432,1404.3429,480.6463,1389.0337,0.9536495
487.61908,1404.3429,500.7496,1390.0143,0.9676455
507.12384,1404.3429,520.05725,1389.6962,0.85006905
526.6286,1404.3429,538.5953,1389.7003,0.92176306
546.13336,1404.3429,559.53705,1389.0642,0.9838106
565.6381,1404.3429,579.3839,1388.9669,0.98354226
585.1429,1404.3429,597.5253,1389.7266,0.9049017
604.64764,1404.3429,617.45166,1389.4941,0.7989108
624.1524,1404.3429,637.4395,1389.7667,0.88067555
643.65717,1404.3429,655.6843,1389.726,0.93072236
663.1619,1404.3429,675.6592,1390.3046,0.95449615
682.6667,1404.3429,696.07294,1390.0345,0.9497609
702.17145,1404.3429,716.58167,1390.046,0.98561513
721.6762,1404.3429,735.37286,1389.558,0.9514832
741.18097,1404.3429,752.64923,1390.3156,0.96227264
760.6857,1404.3429,772.64886,1390.3198,0.9812826
780.1905,1404.3429,792.82855,1389.5077,0.9304084
799.69525,1404.3429,812.3651,1389.6252,0.9133962
819.2,1404.3429,831.581,1389.8461,0.91862166
838.7048,1404.3429,852.1388,1389.605,0.583764
858.20953,1404.3429,868.9635,1389.6359,0.5035911
877.7143,1404.3429,890.7356,1390.2145,0.870717
897.21906,1404.3429,909.59283,1389.7898,0.96754146
916.7238,1404.3429,930.52484,1390.4873,0.98398495
936.22864,1404.3429,950.01685,1389.9977,0.9472693
955.7334,1404.3429,968.6706,1389.8188,0.9170887
975.23816,1404.3429,986.655,1389.9692,0.9058111
994.7429,1404.3429,1006.54767,1390.1592,0.4974435
1014.2477,1404.3429,1026.6036,1389.9558,0.85206467
1033.7524,1404.3429,1046.2402,1390.1302,0.9716566
1053.2572,1404.3429,1066.3899,1390.0378,0.9244999
1072.762,1404.3429,1086.1821,1390.7384,0.49413452
1092.2667,1404.3429,1106.985,1390.7299,0.6702918
1111.7715,1404.3429,1127.3624,1390.0453,0.9322852
1131.2762,1404.3429,1145.6344,1390.4863,0.576014
1150.781,1404.3429,1165.576,1390.3933,0.81473315
1170.2858,1404.3429,1185.2833,1391.3213,0.5994662
1189.7905,1404.3429,1203.1263,1390.3376,0.57141095
1209.2953,1404.3429,1222.9221,1390.5978,0.9569199
1228.8,1404.3429,1241.9858,1390.4441,0.9119513
1248.3048,1404.3429,1260.27,1390.2185,0.9426877
1267.8096,1404.3429,1281.7616,1389.8667,0.7362729
1287.3143,1404.3429,1300.9718,1390.0281,0.67480576
1306.8191,1404.3429,1318.982,1391.1118,0.51897174
1326.3239,1404.3429,1339.1936,1391.2456,0.8861456
1345.8286,1404.3429,1358.0889,1390.5271,0.8450416
1365.3334,1404.3429,1378.4536,1391.7968,0.8772896
1384.8381,1404.3429,1398.3676,1390.6957,0.9884976
1404.3429,1404.3429,1417.0433,1390.4775,0.97669077
1423.8477,1404.3429,1436.082,1391.8639,0.9602243
1443.3524,1404.3429,1456.6814,1391.8657,0.96139354
1462.8572,1404.3429,1475.856,1391.7775,0.9646942
1482.3619,1404.3429,1495.6962,1390.8837,0.96642536
1501.8667,1404.3429,1516.2578,1390.5071,0.9871266
1521.3715,1404.3429,1536.2544,1390.8756,0.980953
1540.8762,1404.3429,1555.15,1390.8668,0.94818014
1560.381,1404.3429,1574.1416,1391.472,0.8012488
1579.8857,1404.3429,1594.3203,1391.2845,0.6574288
1599.3905,1404.3429,1612.2109,1391.4122,0.89811665
1618.8953,1404.3429,1632.4012,1391.8042,0.9423173
1638.4,1404.3429,1650.9038,1391.7184,0.94732285
1657.9048,1404.3429,1671.2787,1392.3986,0.9697976
1677.4095,1404.3429,1689.7488,1392.0502,0.834994
1696.9143,1404.3429,1709.6647,1391.319,0.96060133
1716.4191,1404.3429,1730.0409,1391.6984,0.98618996
1735.9238,1404.3429,1749.42,1392.1862,0.9886248
1755.4286,1404.3429,1768.1892,1391.595,0.96247315
1774.9333,1404.3429,1788.1005,1392.4565,0.79944843
1794.4381,1404.3429,1807.1222,1392.1328,0.5938986
1813.9429,1404.3429,1826.5648,1391.8988,0.49486485
1833.4476,1404.3429,1847.1567,1391.4751,0.8448597
1852.9524,1404.3429,1866.4983,1392.5448,0.43803433
1872.4573,1404.3429,1885.2444,1392.8672,0.3342672
1891.962,1404.3429,1904.9913,1392.8064,0.76035535
1911.4668,1404.3429,1925.4666,1392.3702,0.47484013
1930.9716,1404.3429,1946.1519,1392.809,0.6205643
1950.4763,1404.3429,1964.526,1391.7,0.8900706
1969.9811,1404.3429,1984.9819,1391.6521,0.8794026
39.009525,1423.8477,51.854088,1408.6466,0.6465822
58.51429,1423.8477,72.55512,1407.4241,0.89655894
78.01905,1423.8477,91.35363,1406.7693,0.95522124
97.52381,1423.8477,109.83812,1408.5242,0.8860923
117.02858,1423.8477,130.5932,1409.198,0.97941303
136.53334,1423.8477,149.66055,1409.217,0.99461013
156.0381,1423.8477,169.13654,1408.6885,0.99410677
175.54286,1423.8477,187.74979,1409.0084,0.991102
195.04762,1423.8477,207.86342,1408.0111,0.9943213
214.55238,1423.8477,228.38861,1408.3575,0.99492913
234.05716,1423.8477,246.76631,1408.4019,0.97750366
253.56192,1423.8477,266.31274,1408.5016,0.99328834
273.06668,1423.8477,286.64493,1409.4913,0.9944936
292.57144,1423.8477,306.15054,1409.2375,0.9948432
312.0762,1423.8477,324.25693,1408.6976,0.9906344
331.58096,1423.8477,344.32437,1408.5654,0.98779225
351.08572,1423.8477,363.78088,1408.487,0.95434487
370.59048,1423.8477,384.13223,1408.3293,0.9367392
390.09525,1423.8477,404.46594,1409.5448,0.9841839
409.6,1423.8477,423.18826,1409.2788,0.9886747
429.10477,1423.8477,442.43033,1408.9796,0.89213735
448.60953,1423.8477,462.29538,1408.9642,0.9465271
468.11432,1423.8477,481.83163,1409.0947,0.9869455
487.61908,1423.8477,500.0604,1409.4054,0.99275935
507.12384,1423.8477,519.6126,1409.5602,0.9488642
526.6286,1423.8477,539.2765,1409.3834,0.7382373
546.13336,1423.8477,559.2089,1409.1304,0.8782132
565.6381,1423.8477,579.8223,1409.3197,0.96185696
585.1429,1423.8477,599.3642,1409.0343,0.67983186
604.64764,1423.8477,616.31946,1409.1833,0.6152336
643.65717,1423.8477,655.4183,1408.874,0.8239427
663.1619,1423.8477,678.42114,1408.8625,0.96981263
682.6667,1423.8477,698.046,1408.7421,0.8689477
702.17145,1423.8477,714.75824,1409.546,0.77892596
721.6762,1423.8477,734.558,1409.396,0.7250251
741.18097,1423.8477,753.8196,1409.1997,0.59053075
760.6857,1423.8477,773.2275,1408.8352,0.9649703
780.1905,1423.8477,792.9493,1409.182,0.7665677
799.69525,1423.8477,811.97473,1408.7672,0.8895358
819.2,1423.8477,830.404,1409.4431,0.9150077
838.7048,1423.8477,851.45325,1409.3135,0.920371
858.20953,1423.8477,870.8912,1409.6691,0.9665486
877.7143,1423.8477,890.30865,1409.3008,0.98362917
897.21906,1423.8477,911.1313,1409.0947,0.9962041
916.7238,1423.8477,929.805,1409.4924,0.98133737
936.22864,1423.8477,948.2794,1409.4722,0.9849279
955.7334,1423.8477,969.2495,1409.6621,0.97791135
975.23816,1423.8477,988.0793,1409.2776,0.89591277
994.7429,1423.8477,1006.3119,1409.8596,0.35730982
1014.2477,1423.8477,1026.6677,1409.7053,0.83262515
1033.7524,1423.8477,1046.0851,1409.485,0.9546172
1053.2572,1423.8477,1066.8041,1409.9142,0.9564855
1072.762,1423.8477,1085.746,1410.1091,0.8203329
1092.2667,1423.8477,1105.3257,1409.6049,0.4955403
1111.7715,1423.8477,1125.9287,1409.7217,0.6367583
1131.2762,1423.8477,1145.2745,1410.5642,0.65860945
1150.781,1423.8477,1164.5709,1410.1483,0.8011131
1170.2858,1423.8477,1183.731,1410.026,0.67372656
1189.7905,1423.8477,1202.4183,1409.8068,0.61029273
1209.2953,1423.8477,1221.8645,1410.0352,0.80737805
1228.8,1423.8477,1241.2529,1409.3453,0.86866
1248.3048,1423.8477,1260.8363,1410.4629,0.9103787
1267.8096,1423.8477,1280.5404,1410.5264,0.78544676
1287.3143,1423.8477,1301.3589,1409.8,0.75745213
1306.8191,1423.8477,1320.3075,1409.7578,0.7844082
1326.3239,1423.8477,1338.843,1410.7201,0.80470294
1345.8286,1423.8477,1358.2965,1410.1614,0.55353916
1365.3334,1423.8477,1378.3401,1410.3005,0.83409953
1384.8381,1423.8477,1397.2349,1409.7809,0.96728754
1404.3429,1423.8477,1415.6907,1410.1532,0.96282554
1423.8477,1423.8477,1435.6849,1411.1042,0.98895234
1443.3524,1423.8477,1455.3759,1411.0978,0.95042914
1462.8572,1423.8477,1476.1587,1410.9551,0.9523322
1482.3619,1423.8477,1497.1698,1410.3538,0.9868987
1501.8667,1423.8477,1515.5444,1411.2516,0.772693
1521.3715,1423.8477,1535.7968,1410.6925,0.6822772
1540.8762,1423.8477,1554.327,1410.4198,0.79597723
1560.381,1423.8477,1573.9745,1411.7231,0.9203866
1579.8857,1423.8477,1592.9459,1411.8151,0.97613204
1599.3905,1423.8477,1611.4413,1410.4004,0.97846437
1618.8953,1423.8477,1631.4468,1411.8896,0.77200246
1638.4,1423.8477,1651.7156,1411.0963,0.8930586
1657.9048,1423.8477,1671.1619,1411.4601,0.8660437
1677.4095,1423.8477,1690.9016,1412.0398,0.78482366
1696.9143,1423.8477,1710.7524,1411.8427,0.90148556
1716.4191,1423.8477,1730.5121,1411.4325,0.9549139
1735.9238,1423.8477,1750.4073,1411.3124,0.98218405
1755.4286,1423.8477,1769.2744,1412.0752,0.9696595
1774.9333,1423.8477,1787.2292,1411.649,0.8512195
1794.4381,1423.8477,1807.4902,1411.899,0.5523116
1813.9429,1423.8477,1827.0388,1411.4413,0.64547336
1833.4476,1423.8477,1847.438,1411.5448,0.73535156
1852.9524,1423.8477,1866.7322,1411.9404,0.2330541
1872.4573,1423.8477,1886.0544,1411.758,0.3605662
1891.962,1423.8477,1904.802,1411.1912,0.7623443
1911.4668,1423.8477,1925.0823,1411.4414,0.7535328
1930.9716,1423.8477,1943.6565,1412.9048,0.5238358
1950.4763,1423.8477,1964.1135,1411.3297,0.6548362
58.51429,1443.3524,72.73029,1427.3376,0.7286344
78.01905,1443.3524,91.0267,1427.236,0.64536744
117.02858,1443.3524,129.74263,1427.735,0.48833182
136.53334,1443.3524,150.12318,1427.6825,0.8447951
156.0381,1443.3524,169.59813,1428.4667,0.9150082
195.04762,1443.3524,209.07722,1428.7443,0.97442144
234.05716,1443.3524,248.68861,1429.4894,0.97306067
253.56192,1443.3524,266.55673,1428.1785,0.9837751
273.06668,1443.3524,286.63278,1428.3491,0.99547535
292.57144,1443.3524,305.5249,1428.126,0.9938525
312.0762,1443.3524,326.26758,1428.0502,0.9743237
331.58096,1443.3524,343.46115,1427.5912,0.97575593
351.08572,1443.3524,363.65918,1427.8562,0.98216933
370.59048,1443.3524,383.66464,1427.8202,0.96547085
390.09525,1443.3524,402.4121,1428.8134,0.9885946
409.6,1443.3524,422.20978,1428.2803,0.99119925
429.10477,1443.3524,442.1002,1428.1649,0.97367156
448.60953,1443.3524,461.5002,1428.8231,0.96103746
468.11432,1443.3524,482.26608,1428.9438,0.99319917
487.61908,1443.3524,502.0452,1429.0461,0.98373264
507.12384,1443.3524,520.0256,1428.3306,0.9347122
526.6286,1443.3524,538.608,1428.2905,0.7934673
546.13336,1443.3524,557.38776,1429.7106,0.9534424
565.6381,1443.3524,579.5945,1429.0087,0.98391956
585.1429,1443.3524,597.4389,1428.3148,0.9663632
604.64764,1443.3524,616.5972,1428.2816,0.68167055
624.1524,1443.3524,636.1456,1429.0155,0.5849085
643.65717,1443.3524,655.9526,1429.063,0.26578066
663.1619,1443.3524,677.4859,1428.5494,0.86787915
682.6667,1443.3524,694.6575,1428.6527,0.8746112
702.17145,1443.3524,715.7133,1428.3469,0.5011627
721.6762,1443.3524,735.3075,1428.6378,0.809693
741.18097,1443.3524,753.3942,1429.1351,0.84195536
760.6857,1443.3524,771.4308,1428.5573,0.9119167
780.1905,1443.3524,793.9322,1428.4384,0.78686625
799.69525,1443.3524,812.61304,1427.8754,0.8303664
819.2,1443.3524,831.60724,1428.695,0.9781526
838.7048,1443.3524,851.65063,1428.6682,0.94190127
858.20953,1443.3524,873.28485,1429.3835,0.9718408
897.21906,1443.3524,909.22394,1429.1626,0.9771591
916.7238,1443.3524,930.4337,1428.5652,0.95595175
936.22864,1443.3524,949.24567,1429.1676,0.99123156
955.7334,1443.3524,971.0534,1428.8448,0.99113107
975.23816,1443.3524,987.41626,1428.8175,0.8137157
994.7429,1443.3524,1007.4493,1429.2856,0.55686307
1014.2477,1443.3524,1026.8239,1430.0654,0.8119753
1033.7524,1443.3524,1046.1572,1428.7426,0.94277835
1053.2572,1443.3524,1067.1946,1429.3617,0.98559564
1072.762,1443.3524,1086.0076,1429.0122,0.9532725
1092.2667,1443.3524,1106.0558,1429.2946,0.6717163
1131.2762,1443.3524,1145.0267,1429.7413,0.96027637
1150.781,1443.3524,1163.25,1430.3743,0.9425158
1170.2858,1443.3524,1183.6802,1430.5806,0.969529
1189.7905,1443.3524,1203.3636,1429.6132,0.87065035
1209.2953,1443.3524,1223.2325,1429.134,0.877588
1228.8,1443.3524,1242.6418,1428.8796,0.8970218
1248.3048,1443.3524,1261.016,1429.6151,0.88059807
1267.8096,1443.3524,1280.8423,1429.7618,0.7549472
1287.3143,1443.3524,1299.7863,1430.0829,0.8196637
1306.8191,1443.3524,1319.4463,1430.2926,0.87951034
1326.3239,1443.3524,1338.3684,1430.2855,0.5509056
1345.8286,1443.3524,1358.7941,1430.4604,0.49545893
1365.3334,1443.3524,1377.4421,1429.6221,0.887938
1384.8381,1443.3524,1396.8247,1429.9326,0.94771147
1404.3429,1443.3524,1416.1428,1429.7812,0.9751307
1423.8477,1443.3524,1436.3073,1430.4011,0.9807233
1443.3524,1443.3524,1456.2999,1430.67,0.9904883
1462.8572,1443.3524,1477.4242,1430.2604,0.96647054
1482.3619,1443.3524,1496.4757,1429.735,0.98837566
1501.8667,1443.3524,1515.3989,1430.5074,0.8189153
1521.3715,1443.3524,1535.6102,1431.6769,0.52336085
1540.8762,1443.3524,1554.706,1432.0419,0.85580516
1560.381,1443.3524,1574.463,1430.9827,0.8852627
1579.8857,1443.3524,1593.5763,1430.074,0.91588867
1599.3905,1443.3524,1611.9503,1430.2831,0.9606823
1618.8953,1443.3524,1630.7535,1430.9304,0.76577336
1638.4,1443.3524,1651.3436,1430.6506,0.85165167
1657.9048,1443.3524,1671.773,1430.2062,0.85265106
1677.4095,1443.3524,1691.0798,1430.0431,0.67097247
1696.9143,1443.3524,1711.345,1431.3672,0.33298174
1716.4191,1443.3524,1730.3269,1431.2471,0.64742696
1735.9238,1443.3524,1750.8822,1430.7267,0.8805453
1755.4286,1443.3524,1769.991,1432.0181,0.910563
1774.9333,1443.3524,1788.7897,1431.9852,0.70316684
1813.9429,1443.3524,1828.1398,1430.7383,0.25447068
1833.4476,1443.3524,1848.2661,1431.4167,0.8804212
1852.9524,1443.3524,1866.9655,1431.0848,0.40603387
1872.4573,1443.3524,1885.9087,1431.3412,0.54113525
1891.962,1443.3524,1904.4331,1430.8531,0.9175578
1911.4668,1443.3524,1925.114,1430.4182,0.30713683
1950.4763,1443.3524,1965.5513,1430.1343,0.31107903
1969.9811,1443.3524,1984.6674,1428.9575,0.57180065
39.009525,1462.8572,52.6076,1447.9327,0.64741933
117.02858,1462.8572,129.87604,1448.1478,0.33780396
136.53334,1462.8572,148.95749,1447.3014,0.4490272
156.0381,1462.8572,169.22319,1447.6276,0.9740141
214.55238,1462.8572,229.83426,1448.6614,0.99389094
253.56192,1462.8572,266.6484,1447.6523,0.9740218
273.06668,1462.8572,287.86215,1448.2211,0.9920254
292.57144,1462.8572,305.524,1447.7078,0.99234337
312.0762,1462.8572,325.56284,1447.093,0.990943
331.58096,1462.8572,344.504,1446.9941,0.99059314
351.08572,1462.8572,363.3425,1447.6895,0.9572098
370.59048,1462.8572,383.35645,1448.2246,0.9921922
390.09525,1462.8572,402.37238,1448.287,0.9988939
409.6,1462.8572,422.01236,1448.1093,0.99402094
429.10477,1462.8572,442.7623,1447.3875,0.99205303
448.60953,1462.8572,462.49042,1448.2279,0.9929099
468.11432,1462.8572,481.5909,1448.3556,0.9969477
487.61908,1462.8572,500.9897,1447.8933,0.98390657
507.12384,1462.8572,519.9263,1448.2539,0.98925376
526.6286,1462.8572,538.547,1448.3716,0.84297484
546.13336,1462.8572,558.8426,1448.1952,0.9390484
565.6381,1462.8572,577.585,1448.0634,0.91566104
585.1429,1462.8572,598.3026,1447.148,0.907174
604.64764,1462.8572,617.1017,1447.7021,0.855075
624.1524,1462.8572,636.56775,1448.8821,0.47199997
663.1619,1462.8572,675.4595,1448.0172,0.66722155
682.6667,1462.8572,696.57764,1447.4359,0.6409872
702.17145,1462.8572,716.6989,1448.2587,0.35072798
721.6762,1462.8572,736.0376,1448.1425,0.5642327
741.18097,1462.8572,752.9909,1448.1001,0.9794479
760.6857,1462.8572,773.39026,1449.2207,0.908301
780.1905,1462.8572,793.31616,1448.825,0.7363223
799.69525,1462.8572,812.4415,1449.0864,0.20826598
819.2,1462.8572,831.99176,1447.7139,0.74946207
838.7048,1462.8572,851.16144,1447.8518,0.9768165
858.20953,1462.8572,872.8847,1448.2996,0.97490007
877.7143,1462.8572,892.5504,1448.9542,0.97893155
897.21906,1462.8572,909.58136,1448.9297,0.97494626
916.7238,1462.8572,930.1336,1449.0573,0.9833801
936.22864,1462.8572,949.2881,1448.5742,0.9867446
955.7334,1462.8572,969.25446,1449.206,0.9112255
975.23816,1462.8572,988.16833,1448.368,0.80411583
994.7429,1462.8572,1007.4644,1448.6307,0.9304677
1014.2477,1462.8572,1027.8165,1449.3999,0.9226471
1033.7524,1462.8572,1046.2866,1448.7574,0.9307072
1053.2572,1462.8572,1065.3815,1448.8433,0.96871066
1072.762,1462.8572,1085.491,1449.2008,0.9778118
1092.2667,1462.8572,1105.932,1448.598,0.93959576
1111.7715,1462.8572,1125.7126,1449.3737,0.73659116
1131.2762,1462.8572,1145.195,1449.2706,0.85008794
1150.781,1462.8572,1164.5824,1449.2251,0.94272023
1170.2858,1462.8572,1183.7373,1449.5092,0.944686
1189.7905,1462.8572,1202.8386,1449.2361,0.83357865
1209.2953,1462.8572,1221.8783,1449.8951,0.947185
1228.8,1462.8572,1240.8567,1449.3042,0.9124554
1248.3048,1462.8572,1260.9425,1449.6942,0.8804006
1267.8096,1462.8572,1280.6301,1448.7695,0.47651234
1306.8191,1462.8572,1319.7588,1448.9558,0.734813
1326.3239,1462.8572,1337.7816,1449.0206,0.6865407
1345.8286,1462.8572,1358.2007,1449.3469,0.7083593
1365.3334,1462.8572,1378.1368,1449.4978,0.7875176
1384.8381,1462.8572,1397.7197,1449.7654,0.934611
1404.3429,1462.8572,1417.591,1450.0498,0.97605973
1423.8477,1462.8572,1436.731,1450.2056,0.9875002
1443.3524,1462.8572,1456.8965,1450.8159,0.9793843
1462.8572,1462.8572,1476.1241,1450.1252,0.9476278
1482.3619,1462.8572,1495.6188,1449.6714,0.9506902
1501.8667,1462.8572,1514.7244,1449.6881,0.6309279
1521.3715,1462.8572,1534.5239,1448.9398,0.519917
1540.8762,1462.8572,1553.1066,1450.3896,0.81270254
1560.381,1462.8572,1572.3644,1449.4,0.9079104
1579.8857,1462.8572,1593.0885,1450.0934,0.8861886
1599.3905,1462.8572,1612.1895,1450.0479,0.4427742
1638.4,1462.8572,1651.6746,1450.1935,0.6707468
1657.9048,1462.8572,1671.9302,1450.0355,0.7349579
1696.9143,1462.8572,1711.2228,1451.6588,0.2907443
1716.4191,1462.8572,1730.2057,1451.0736,0.25811303
1735.9238,1462.8572,1750.51,1450.2068,0.71732235
1774.9333,1462.8572,1790.0504,1451.1163,0.68239045
1872.4573,1462.8572,1886.4377,1451.3743,0.28432572
1911.4668,1462.8572,1923.3018,1450.2072,0.26366803
1969.9811,1462.8572,1982.7549,1449.5294,0.5838475
39.009525,1482.3619,52.790077,1466.9292,0.78704137
58.51429,1482.3619,72.27406,1467.5083,0.41177988
78.01905,1482.3619,91.29983,1466.61,0.34341586
156.0381,1482.3619,168.86029,1466.812,0.7721242
175.54286,1482.3619,189.3701,1467.0189,0.98096716
195.04762,1482.3619,209.02399,1466.5143,0.9768425
214.55238,1482.3619,229.38632,1467.5502,0.96411675
234.05716,1482.3619,248.367,1467.3441,0.96858793
253.56192,1482.3619,267.18878,1467.5935,0.9848267
273.06668,1482.3619,287.07822,1467.5852,0.97633994
292.57144,1482.3619,304.70514,1466.813,0.974285
312.0762,1482.3619,324.82925,1467.0856,0.96811956
331.58096,1482.3619,344.4278,1467.0458,0.9834457
351.08572,1482.3619,363.2745,1467.9346,0.9338226
370.59048,1482.3619,383.7066,1467.7357,0.97855467
390.09525,1482.3619,403.0325,1467.4381,0.9989987
409.6,1482.3619,421.74887,1467.404,0.9916545
429.10477,1482.3619,440.97153,1467.9414,0.99367094
448.60953,1482.3619,461.58313,1468.1042,0.99567586
468.11432,1482.3619,481.31567,1467.8636,0.9952779
507.12384,1482.3619,519.32336,1467.1404,0.9783236
526.6286,1482.3619,539.556,1467.1907,0.8463804
546.13336,1482.3619,557.8444,1467.8063,0.92543834
565.6381,1482.3619,579.53516,1467.7062,0.9707475
585.1429,1482.3619,598.8638,1467.7018,0.9244273
604.64764,1482.3619,619.00995,1467.5265,0.958192
624.1524,1482.3619,636.4197,1467.8099,0.71870977
643.65717,1482.3619,656.7067,1467.981,0.5512233
663.1619,1482.3619,676.895,1468.0101,0.6023187
682.6667,1482.3619,696.808,1466.8947,0.6065955
721.6762,1482.3619,735.38776,1468.4794,0.7461645
741.18097,1482.3619,754.0029,1468.2648,0.9525453
760.6857,1482.3619,772.7216,1467.7551,0.88421214
780.1905,1482.3619,792.98157,1467.8402,0.8745424
799.69525,1482.3619,810.6181,1467.5413,0.22646277
819.2,1482.3619,831.8112,1467.4436,0.67438364
838.7048,1482.3619,850.8271,1467.6716,0.9654925
858.20953,1482.3619,871.56433,1467.418,0.94964117
877.7143,1482.3619,890.8686,1467.4796,0.8710887
897.21906,1482.3619,911.0611,1468.3606,0.97994477
916.7238,1482.3619,930.3164,1467.7712,0.9753515
936.22864,1482.3619,949.54706,1468.9255,0.9757919
955.7334,1482.3619,968.8464,1468.3154,0.97685957
975.23816,1482.3619,988.88715,1468.452,0.98079854
994.7429,1482.3619,1009.0519,1468.6255,0.9783027
1014.2477,1482.3619,1027.9802,1468.1676,0.93569684
1033.7524,1482.3619,1047.2251,1468.6396,0.50227684
1053.2572,1482.3619,1067.5853,1469.3252,0.9497893
1072.762,1482.3619,1085.4989,1468.2424,0.94574434
1092.2667,1482.3619,1105.0148,1467.9835,0.80460256
1111.7715,1482.3619,1126.196,1468.5359,0.89590144
1131.2762,1482.3619,1143.7146,1468.0159,0.8869423
1150.781,1482.3619,1165.1586,1468.6931,0.9476802
1170.2858,1482.3619,1184.9808,1468.7974,0.9760952
1189.7905,1482.3619,1202.9117,1468.7849,0.6936968
1209.2953,1482.3619,1221.7445,1468.565,0.9495193
1228.8,1482.3619,1242.802,1468.6261,0.99572116
1248.3048,1482.3619,1261.2974,1469.0498,0.6653675
1326.3239,1482.3619,1339.9468,1468.6293,0.64100367
1345.8286,1482.3619,1358.8755,1469.217,0.62726647
1365.3334,1482.3619,1378.4739,1468.5621,0.47571808
1384.8381,1482.3619,1397.3867,1468.8008,0.8488689
1404.3429,1482.3619,1417.2292,1469.0577,0.8841995
1423.8477,1482.3619,1437.0323,1470.5287,0.9795266
1443.3524,1482.3619,1456.7091,1469.227,0.9234293
1462.8572,1482.3619,1476.364,1469.9896,0.91802573
1482.3619,1482.3619,1495.9847,1470.5696,0.35288468
1501.8667,1482.3619,1513.7219,1469.2563,0.2322936
1521.3715,1482.3619,1534.287,1468.9366,0.6898183
1540.8762,1482.3619,1553.3983,1469.4739,0.35245198
1560.381,1482.3619,1572.3313,1468.9738,0.890334
1579.8857,1482.3619,1592.8287,1468.9792,0.9416265
1599.3905,1482.3619,1612.7578,1469.7683,0.8199756
1638.4,1482.3619,1651.7084,1470.6393,0.64880204
1657.9048,1482.3619,1671.8134,1470.2239,0.27329633
1696.9143,1482.3619,1711.5807,1469.8978,0.49405575
1716.4191,1482.3619,1730.1893,1470.49,0.32402954
1774.9333,1482.3619,1790.6116,1469.3376,0.7762916
1813.9429,1482.3619,1829.156,1470.2156,0.41685677
1872.4573,1482.3619,1885.7903,1470.0972,0.2555894
1950.4763,1482.3619,1962.9835,1470.269,0.20773728
1969.9811,1482.3619,1983.6267,1470.209,0.6176509
39.009525,1501.8667,50.73942,1486.1118,0.9246949
58.51429,1501.8667,73.42414,1486.7838,0.9340419
97.52381,1501.8667,110.604645,1486.6791,0.37397927
117.02858,1501.8667,129.30766,1485.4414,0.2714702
136.53334,1501.8667,148.74141,1485.9075,0.4341235
156.0381,1501.8667,168.75085,1486.8286,0.41637054
175.54286,1501.8667,187.32985,1487.0507,0.7999036
195.04762,1501.8667,208.3786,1486.6472,0.8283629
214.55238,1501.8667,229.27501,1486.9653,0.9222118
234.05716,1501.8667,247.68008,1487.0054,0.94160277
253.56192,1501.8667,266.59216,1486.581,0.952667
273.06668,1501.8667,285.27744,1487.2057,0.9167834
292.57144,1501.8667,305.13403,1485.4128,0.9102985
312.0762,1501.8667,325.50372,1487.6832,0.8894979
331.58096,1501.8667,344.3444,1486.669,0.9307524
351.08572,1501.8667,364.1662,1486.548,0.9885782
370.59048,1501.8667,384.66263,1486.3666,0.9739093
390.09525,1501.8667,404.42004,1487.0864,0.99621236
409.6,1501.8667,423.17453,1487.151,0.9908943
429.10477,1501.8667,440.89703,1486.6382,0.9858237
448.60953,1501.8667,461.0289,1487.296,0.9946498
468.11432,1501.8667,481.918,1487.6241,0.9947905
487.61908,1501.8667,500.9806,1487.0264,0.9914861
507.12384,1501.8667,520.10706,1486.7925,0.97289336
526.6286,1501.8667,539.4254,1486.8787,0.84968716
546.13336,1501.8667,559.1719,1487.9231,0.97016937
565.6381,1501.8667,579.30817,1486.7788,0.948526
585.1429,1501.8667,599.40576,1487.1222,0.89941853
604.64764,1501.8667,617.60077,1487.1458,0.9903725
624.1524,1501.8667,636.1627,1487.0793,0.9161845
643.65717,1501.8667,654.85394,1487.2551,0.82164794
663.1619,1501.8667,675.44574,1487.1759,0.5201366
682.6667,1501.8667,696.09674,1487.1168,0.354049
702.17145,1501.8667,715.6968,1487.4922,0.54413694
721.6762,1501.8667,734.93915,1488.989,0.8222884
741.18097,1501.8667,754.2434,1487.7777,0.90330094
760.6857,1501.8667,772.3182,1487.2926,0.783415
780.1905,1501.8667,793.21735,1487.3035,0.7862004
799.69525,1501.8667,813.3119,1487.0691,0.21160209
819.2,1501.8667,830.9104,1487.5071,0.75747114
838.7048,1501.8667,850.0702,1487.1245,0.89071125
858.20953,1501.8667,871.0878,1487.1881,0.9613699
877.7143,1501.8667,890.775,1487.6167,0.98437464
897.21906,1501.8667,911.6526,1487.6986,0.98857486
916.7238,1501.8667,930.2387,1487.6168,0.91147244
936.22864,1501.8667,950.36774,1487.8152,0.94003046
955.7334,1501.8667,969.5271,1487.5482,0.9108211
975.23816,1501.8667,988.37885,1488.1637,0.99375236
1014.2477,1501.8667,1027.8555,1488.2036,0.9433404
1033.7524,1501.8667,1047.2051,1487.8252,0.7896973
1053.2572,1501.8667,1066.8496,1487.493,0.8775525
1072.762,1501.8667,1085.8092,1487.4696,0.96256095
1092.2667,1501.8667,1105.7766,1487.3647,0.9400555
1111.7715,1501.8667,1125.951,1487.2246,0.9818209
1131.2762,1501.8667,1143.6771,1487.6298,0.95427704
1150.781,1501.8667,1165.1599,1487.7056,0.9019976
1170.2858,1501.8667,1183.1835,1487.7299,0.9487072
1189.7905,1501.8667,1201.5186,1487.256,0.9041672
1209.2953,1501.8667,1221.3583,1487.7054,0.93256253
1228.8,1501.8667,1241.654,1487.6102,0.9682945
1248.3048,1501.8667,1260.7269,1488.5094,0.8972876
1267.8096,1501.8667,1280.0138,1488.5612,0.43282554
1287.3143,1501.8667,1300.4639,1488.3773,0.30000404
1306.8191,1501.8667,1319.2913,1488.0371,0.2780058
1326.3239,1501.8667,1339.0778,1488.1174,0.49777058
1345.8286,1501.8667,1357.5634,1488.0747,0.6218241
1365.3334,1501.8667,1378.2095,1488.8661,0.7185928
1384.8381,1501.8667,1398.9584,1487.9365,0.76377946
1404.3429,1501.8667,1417.0604,1488.395,0.8990875
1423.8477,1501.8667,1438.272,1488.1776,0.7556326
1443.3524,1501.8667,1457.2285,1488.8538,0.8722757
1462.8572,1501.8667,1475.8063,1488.9812,0.8963264
1540.8762,1501.8667,1553.2802,1488.4197,0.29011753
1560.381,1501.8667,1573.5481,1488.1975,0.23630005
1579.8857,1501.8667,1593.5607,1488.7445,0.5783204
1599.3905,1501.8667,1614.5226,1489.1395,0.9306579
1618.8953,1501.8667,1633.2747,1489.6079,0.22920397
1657.9048,1501.8667,1671.1458,1490.3925,0.6302188
1677.4095,1501.8667,1690.074,1489.6383,0.583488
1696.9143,1501.8667,1710.9352,1488.8945,0.544469
1755.4286,1501.8667,1770.5454,1489.7537,0.2635999
1774.9333,1501.8667,1790.6553,1488.834,0.4309637
1852.9524,1501.8667,1866.9177,1488.9814,0.41049975
1872.4573,1501.8667,1885.7173,1490.1033,0.5242928
1891.962,1501.8667,1905.3789,1490.2437,0.80156326
1911.4668,1501.8667,1924.8083,1489.3881,0.39769003
1930.9716,1501.8667,1945.3109,1489.9509,0.5891028
1950.4763,1501.8667,1964.0929,1490.1471,0.50981694
1969.9811,1501.8667,1982.9625,1489.4492,0.84059405
39.009525,1521.3715,52.29264,1507.1426,0.89824295
58.51429,1521.3715,72.35704,1506.8661,0.9513926
78.01905,1521.3715,91.47731,1506.0345,0.7021148
97.52381,1521.3715,109.581,1505.7458,0.86632985
117.02858,1521.3715,130.0405,1505.8147,0.46251628
136.53334,1521.3715,150.04428,1506.2767,0.74754286
156.0381,1521.3715,167.92445,1506.4978,0.8428684
175.54286,1521.3715,187.68398,1506.382,0.68465155
195.04762,1521.3715,206.96487,1506.8053,0.895555
214.55238,1521.3715,228.33423,1505.7667,0.91643596
234.05716,1521.3715,247.11935,1505.9932,0.8348913
253.56192,1521.3715,268.0917,1506.6412,0.95817775
273.06668,1521.3715,286.39587,1506.6058,0.9642252
292.57144,1521.3715,305.81802,1505.2755,0.94526213
312.0762,1521.3715,326.0387,1506.3398,0.94000256
331.58096,1521.3715,343.9691,1505.2855,0.9055372
351.08572,1521.3715,362.52536,1506.1498,0.8967553
370.59048,1521.3715,385.5547,1506.4285,0.9907773
390.09525,1521.3715,402.78964,1506.2974,0.9967161
409.6,1521.3715,421.55835,1506.7839,0.99510014
429.10477,1521.3715,441.57037,1506.7062,0.9868019
448.60953,1521.3715,460.73618,1506.7577,0.9955723
468.11432,1521.3715,481.12503,1506.6558,0.98406714
487.61908,1521.3715,500.19458,1506.503,0.9870733
507.12384,1521.3715,519.7967,1506.6558,0.9009911
526.6286,1521.3715,540.4927,1506.379,0.95714563
546.13336,1521.3715,558.9396,1506.1266,0.9421215
565.6381,1521.3715,576.85516,1506.5135,0.9548516
585.1429,1521.3715,598.4252,1506.0359,0.89771765
604.64764,1521.3715,616.2775,1506.421,0.8323215
624.1524,1521.3715,637.0573,1506.673,0.80801105
643.65717,1521.3715,655.04395,1506.6799,0.775089
663.1619,1521.3715,674.8454,1506.52,0.7222397
682.6667,1521.3715,695.45026,1506.552,0.8748877
702.17145,1521.3715,714.0526,1506.7174,0.92913556
721.6762,1521.3715,734.8734,1506.8657,0.93909496
741.18097,1521.3715,754.27496,1507.2538,0.9103229
760.6857,1521.3715,772.11835,1506.4847,0.90554965
780.1905,1521.3715,793.18976,1506.5573,0.78965825
799.69525,1521.3715,813.19916,1506.2498,0.72917116
819.2,1521.3715,830.8976,1507.1401,0.8018732
838.7048,1521.3715,850.6513,1506.605,0.8403329
858.20953,1521.3715,870.2121,1505.9088,0.9775152
877.7143,1521.3715,891.5378,1507.319,0.9845436
897.21906,1521.3715,911.41583,1507.3171,0.98413074
916.7238,1521.3715,929.9773,1507.8148,0.84307754
936.22864,1521.3715,948.2787,1507.0702,0.9600021
955.7334,1521.3715,969.8885,1507.0955,0.9659251
975.23816,1521.3715,989.0708,1507.829,0.99348813
994.7429,1521.3715,1008.7321,1507.1302,0.97959405
1014.2477,1521.3715,1027.3264,1507.0458,0.988309
1033.7524,1521.3715,1047.6289,1507.2102,0.9706544
1053.2572,1521.3715,1067.7151,1507.7028,0.9259886
1072.762,1521.3715,1087.3987,1506.9839,0.97136027
1092.2667,1521.3715,1105.8691,1506.728,0.95125747
1111.7715,1521.3715,1125.8705,1507.2389,0.93412983
1131.2762,1521.3715,1144.8923,1507.9755,0.96343136
1150.781,1521.3715,1164.8293,1507.3809,0.9453962
1170.2858,1521.3715,1182.3087,1507.7737,0.7694555
1189.7905,1521.3715,1200.992,1507.1274,0.93021566
1209.2953,1521.3715,1221.8651,1508.1748,0.9493642
1228.8,1521.3715,1241.6515,1507.1438,0.9298642
1248.3048,1521.3715,1261.0405,1507.5283,0.9411038
1267.8096,1521.3715,1279.9465,1507.5095,0.69042444
1287.3143,1521.3715,1301.5054,1508.1069,0.4486145
1306.8191,1521.3715,1320.7081,1507.4672,0.4339072
1326.3239,1521.3715,1339.2855,1508.2561,0.67739016
1345.8286,1521.3715,1360.127,1507.991,0.7123535
1365.3334,1521.3715,1376.925,1507.2368,0.5567017
1384.8381,1521.3715,1397.2076,1507.9934,0.8584789
1404.3429,1521.3715,1418.3905,1508.9801,0.97849953
1423.8477,1521.3715,1438.1736,1509.0083,0.902847
1443.3524,1521.3715,1455.985,1508.1357,0.8115723
1462.8572,1521.3715,1475.999,1508.2339,0.74489254
1521.3715,1521.3715,1534.2007,1508.2804,0.29907596
1540.8762,1521.3715,1553.9855,1506.7726,0.40334076
1618.8953,1521.3715,1631.1083,1507.2932,0.38422847
1677.4095,1521.3715,1689.577,1509.4524,0.25806457
1872.4573,1521.3715,1886.3801,1509.0928,0.61997
1891.962,1521.3715,1905.4,1509.647,0.8603571
1911.4668,1521.3715,1924.0902,1508.9762,0.32329237
1930.9716,1521.3715,1944.58,1508.4092,0.80823404
1950.4763,1521.3715,1963.018,1509.6279,0.7059345
1969.9811,1521.3715,1982.2985,1509.8075,0.7044476
39.009525,1540.8762,51.592613,1525.537,0.59939706
58.51429,1540.8762,71.31679,1525.4896,0.8391515
78.01905,1540.8762,89.788734,1525.5145,0.92407084
97.52381,1540.8762,110.99617,1525.4536,0.850735
117.02858,1540.8762,130.5203,1525.0071,0.8107486
136.53334,1540.8762,148.40594,1525.3367,0.94715303
156.0381,1540.8762,168.49167,1525.855,0.970721
175.54286,1540.8762,188.19298,1525.5321,0.9603615
195.04762,1540.8762,207.3481,1525.4094,0.9332335
214.55238,1540.8762,228.5719,1526.2635,0.88957876
234.05716,1540.8762,245.70062,1526.3234,0.8335918
253.56192,1540.8762,266.8087,1524.8947,0.9628871
273.06668,1540.8762,286.33548,1525.2169,0.96672994
292.57144,1540.8762,305.19388,1525.5795,0.9816518
312.0762,1540.8762,326.11996,1525.6765,0.98351496
331.58096,1540.8762,345.20526,1525.5481,0.9869016
351.08572,1540.8762,363.625,1525.5951,0.9804646
370.59048,1540.8762,383.59277,1525.6107,0.9902843
390.09525,1540.8762,403.90042,1524.7097,0.99788725
409.6,1540.8762,422.81036,1525.7781,0.99418324
429.10477,1540.8762,441.14465,1526.4746,0.9880061
448.60953,1540.8762,460.688,1526.2572,0.9946756
468.11432,1540.8762,480.15512,1525.7281,0.99504334
487.61908,1540.8762,501.174,1526.7384,0.95235425
507.12384,1540.8762,521.16266,1526.3842,0.98450685
526.6286,1540.8762,540.20685,1526.1788,0.93868107
546.13336,1540.8762,559.3602,1526.4998,0.9377627
565.6381,1540.8762,579.0039,1526.2244,0.9804731
585.1429,1540.8762,598.4231,1526.6603,0.9905379
604.64764,1540.8762,616.2653,1525.9569,0.9289409
624.1524,1540.8762,637.86,1525.8501,0.92904824
643.65717,1540.8762,654.4737,1526.1888,0.95605415
663.1619,1540.8762,675.28424,1526.097,0.9044246
682.6667,1540.8762,694.7541,1526.6403,0.9503851
702.17145,1540.8762,715.5727,1526.6282,0.97372556
721.6762,1540.8762,736.03613,1526.4346,0.9554532
741.18097,1540.8762,754.14685,1526.459,0.8925834
760.6857,1540.8762,772.88934,1526.2273,0.9014336
780.1905,1540.8762,792.0895,1526.2693,0.93532664
799.69525,1540.8762,812.6715,1526.4208,0.8640897
819.2,1540.8762,833.53766,1526.2306,0.7932971
838.7048,1540.8762,850.86,1527.408,0.31952098
858.20953,1540.8762,870.59247,1526.4976,0.875631
877.7143,1540.8762,891.3926,1526.7434,0.96702296
897.21906,1540.8762,910.9265,1526.7678,0.97631806
916.7238,1540.8762,929.289,1525.9603,0.96226764
936.22864,1540.8762,948.3882,1526.6576,0.97352785
955.7334,1540.8762,968.91156,1526.5624,0.9768502
975.23816,1540.8762,987.9912,1526.2233,0.9905316
994.7429,1540.8762,1006.2484,1526.3894,0.98998034
1014.2477,1540.8762,1027.8132,1526.6766,0.9863067
1033.7524,1540.8762,1047.5321,1526.589,0.98518187
1053.2572,1540.8762,1067.3923,1526.5231,0.97283787
1072.762,1540.8762,1087.1273,1527.3586,0.99119806
1092.2667,1540.8762,1106.764,1527.2474,0.9482594
1111.7715,1540.8762,1126.8663,1527.639,0.918999
1131.2762,1540.8762,1145.8226,1526.9237,0.95092314
1150.781,1540.8762,1163.7131,1527.0223,0.9017776
1170.2858,1540.8762,1182.7047,1526.61,0.41417164
1189.7905,1540.8762,1202.2689,1527.2908,0.8285191
1209.2953,1540.8762,1222.2883,1526.9397,0.9318311
1228.8,1540.8762,1241.2112,1527.4644,0.9450968
1248.3048,1540.8762,1260.3845,1527.9039,0.89934236
1267.8096,1540.8762,1279.6586,1527.1112,0.93297535
1287.3143,1540.8762,1299.0718,1527.0017,0.79067767
1306.8191,1540.8762,1319.7122,1527.815,0.3456139
1326.3239,1540.8762,1338.7804,1526.821,0.27589476
1345.8286,1540.8762,1359.279,1527.5842,0.6728733
1365.3334,1540.8762,1378.9187,1527.9608,0.6054278
1384.8381,1540.8762,1398.8278,1527.204,0.9730385
1404.3429,1540.8762,1418.076,1527.415,0.933138
1423.8477,1540.8762,1438.4783,1527.1698,0.84689546
1443.3524,1540.8762,1456.7721,1527.3899,0.9647757
1462.8572,1540.8762,1476.8748,1526.9651,0.79637676
1677.4095,1540.8762,1691.3909,1529.4148,0.25104666
1696.9143,1540.8762,1711.2817,1529.1912,0.5162103
1716.4191,1540.8762,1731.0107,1527.4895,0.2212129
1755.4286,1540.8762,1769.2305,1528.3795,0.23527119
1833.4476,1540.8762,1847.3518,1529.1958,0.22271843
1872.4573,1540.8762,1886.235,1528.3046,0.8941718
1891.962,1540.8762,1904.6201,1527.8356,0.7677939
1911.4668,1540.8762,1925.3671,1529.5753,0.46335945
1930.9716,1540.8762,1944.7544,1528.9204,0.5054443
1950.4763,1540.8762,1963.4805,1529.0825,0.35946697
1969.9811,1540.8762,1982.5536,1527.3135,0.4255709
39.009525,1560.381,52.651104,1544.7461,0.85704654
58.51429,1560.381,71.40871,1544.6664,0.9275207
78.01905,1560.381,90.73889,1545.2899,0.9437549
97.52381,1560.381,109.90959,1543.9425,0.9267071
117.02858,1560.381,130.08154,1543.9203,0.7605013
136.53334,1560.381,149.31996,1544.8088,0.98260075
156.0381,1560.381,168.5712,1545.3555,0.9898903
175.54286,1560.381,187.63661,1545.292,0.98080873
195.04762,1560.381,206.4597,1544.5916,0.87089485
214.55238,1560.381,225.90762,1545.3695,0.75022554
234.05716,1560.381,245.71288,1545.7219,0.8903057
253.56192,1560.381,266.30273,1545.2465,0.96582985
273.06668,1560.381,286.81952,1544.3425,0.9771815
292.57144,1560.381,304.89587,1545.5262,0.9800564
312.0762,1560.381,324.95523,1544.9303,0.86868215
331.58096,1560.381,344.30978,1545.3794,0.9061013
351.08572,1560.381,364.71268,1545.7188,0.97739357
370.59048,1560.381,382.80014,1545.6342,0.9815478
390.09525,1560.381,402.56976,1545.2279,0.9730264
409.6,1560.381,423.07706,1545.6849,0.99447227
429.10477,1560.381,441.7703,1545.2692,0.9777289
448.60953,1560.381,461.39255,1545.3007,0.97255564
468.11432,1560.381,481.06107,1545.141,0.9846247
487.61908,1560.381,501.30118,1545.5331,0.96621466
507.12384,1560.381,521.42816,1545.7977,0.99452955
526.6286,1560.381,540.6393,1545.6506,0.97229636
546.13336,1560.381,559.52594,1545.6008,0.9888847
565.6381,1560.381,578.6275,1545.3993,0.9792242
585.1429,1560.381,597.6272,1545.3555,0.99606574
604.64764,1560.381,616.13794,1545.6007,0.97933465
624.1524,1560.381,636.7612,1545.6995,0.9748211
643.65717,1560.381,657.348,1545.4625,0.9511897
663.1619,1560.381,677.42255,1545.8695,0.8193758
682.6667,1560.381,697.7829,1547.1417,0.8737439
702.17145,1560.381,715.23096,1546.3219,0.85209996
721.6762,1560.381,735.02057,1545.7158,0.9828045
741.18097,1560.381,754.984,1545.7566,0.9789381
760.6857,1560.381,774.8116,1546.0073,0.9759946
780.1905,1560.381,793.8551,1545.9957,0.98906076
799.69525,1560.381,812.3804,1546.1846,0.97180915
819.2,1560.381,832.58386,1545.7701,0.61939985
838.7048,1560.381,851.5835,1546.3822,0.52667063
858.20953,1560.381,870.4639,1546.4883,0.86408514
877.7143,1560.381,891.45276,1545.5477,0.8975246
897.21906,1560.381,909.0412,1546.1011,0.8638609
916.7238,1560.381,929.3428,1546.2634,0.9743811
936.22864,1560.381,949.3737,1546.1445,0.9741733
955.7334,1560.381,969.0324,1546.3586,0.9175524
975.23816,1560.381,988.1534,1546.4429,0.9488572
994.7429,1560.381,1007.298,1545.9471,0.9780512
1014.2477,1560.381,1027.7799,1545.9999,0.9879529
1033.7524,1560.381,1046.6721,1546.4503,0.94750476
1053.2572,1560.381,1066.9977,1546.4426,0.9394166
1072.762,1560.381,1087.423,1547.0925,0.97220105
1092.2667,1560.381,1105.1959,1546.723,0.9188046
1111.7715,1560.381,1126.6982,1546.5562,0.9635982
1131.2762,1560.381,1145.243,1547.2506,0.9691841
1150.781,1560.381,1164.7571,1546.4601,0.94205195
1170.2858,1560.381,1184.1407,1546.8203,0.81402737
1189.7905,1560.381,1202.7241,1547.2367,0.847009
1209.2953,1560.381,1224.1824,1546.093,0.934143
1228.8,1560.381,1240.9203,1546.6432,0.81426704
1248.3048,1560.381,1259.7491,1547.0325,0.88321257
1267.8096,1560.381,1279.8628,1546.7091,0.5297793
1287.3143,1560.381,1300.3369,1546.7391,0.90002775
1306.8191,1560.381,1318.6881,1546.8999,0.74090123
1326.3239,1560.381,1339.4392,1547.4507,0.4663147
1345.8286,1560.381,1358.4054,1546.6041,0.7971748
1365.3334,1560.381,1377.2185,1546.2042,0.8152742
1384.8381,1560.381,1397.6858,1547.3192,0.662766
1404.3429,1560.381,1418.3395,1547.4271,0.9752831
1423.8477,1560.381,1437.4829,1547.8014,0.93626124
1443.3524,1560.381,1456.3871,1546.7905,0.7974201
1540.8762,1560.381,1554.154,1546.7253,0.48339552
1677.4095,1560.381,1691.4038,1547.2295,0.648775
1716.4191,1560.381,1730.9854,1548.4243,0.33511013
1735.9238,1560.381,1750.4069,1548.7231,0.3431243
1755.4286,1560.381,1770.3385,1547.4164,0.4935058
1852.9524,1560.381,1866.3969,1547.4572,0.59692746
1872.4573,1560.381,1885.4244,1548.1727,0.86815906
1891.962,1560.381,1905.0703,1547.8743,0.8304661
1911.4668,1560.381,1925.4269,1549.2931,0.78552425
1930.9716,1560.381,1944.9808,1549.0416,0.23634619
1950.4763,1560.381,1963.5742,1549.1248,0.5694207
1969.9811,1560.381,1983.3141,1548.7136,0.49703565
39.009525,1579.8857,53.30067,1564.4121,0.9666409
58.51429,1579.8857,73.024536,1564.7024,0.98297215
78.01905,1579.8857,91.32148,1564.1959,0.95784384
97.52381,1579.8857,109.78014,1564.2941,0.95092267
117.02858,1579.8857,131.18822,1563.9563,0.99052745
136.53334,1579.8857,149.77852,1563.9248,0.99759346
156.0381,1579.8857,169.83401,1564.6063,0.9881126
175.54286,1579.8857,187.9067,1563.6807,0.9772569
195.04762,1579.8857,207.20085,1564.2502,0.858849
214.55238,1579.8857,227.27707,1564.5599,0.745802
234.05716,1579.8857,248.01779,1564.8091,0.6846062
253.56192,1579.8857,267.71603,1564.595,0.8660429
273.06668,1579.8857,287.4934,1563.497,0.6689364
292.57144,1579.8857,305.03827,1565.0343,0.90050256
312.0762,1579.8857,324.83252,1565.1528,0.8008896
331.58096,1579.8857,344.27914,1565.1587,0.96383953
351.08572,1579.8857,364.76312,1565.4406,0.9433913
370.59048,1579.8857,383.39996,1564.9966,0.9388007
390.09525,1579.8857,402.76468,1564.5284,0.9540013
409.6,1579.8857,423.32483,1565.2577,0.98347634
429.10477,1579.8857,442.1027,1565.102,0.9935912
448.60953,1579.8857,463.49872,1565.004,0.9897439
468.11432,1579.8857,480.8402,1565.0985,0.9963802
487.61908,1579.8857,500.88983,1565.3555,0.98562366
507.12384,1579.8857,520.3837,1565.5343,0.99620193
526.6286,1579.8857,540.72565,1565.4503,0.9959715
546.13336,1579.8857,560.0036,1565.1266,0.9893273
565.6381,1579.8857,579.4342,1565.1942,0.9762736
585.1429,1579.8857,598.0759,1564.4703,0.9793186
604.64764,1579.8857,617.75665,1565.11,0.98060745
624.1524,1579.8857,637.16815,1565.7257,0.89968306
643.65717,1579.8857,657.6776,1565.5244,0.949934
663.1619,1579.8857,677.04333,1565.3021,0.9745276
682.6667,1579.8857,697.035,1565.1959,0.9721137
702.17145,1579.8857,714.18195,1565.2998,0.73982596
721.6762,1579.8857,734.5512,1565.2517,0.8288592
741.18097,1579.8857,753.1603,1565.844,0.42322698
760.6857,1579.8857,775.33356,1565.1945,0.9071102
780.1905,1579.8857,793.12933,1565.7026,0.96793634
799.69525,1579.8857,813.41504,1566.0258,0.97558373
819.2,1579.8857,833.40643,1565.4856,0.9399084
838.7048,1579.8857,851.4254,1565.8749,0.9198138
858.20953,1579.8857,870.96124,1565.218,0.9074166
877.7143,1579.8857,890.3793,1566.1261,0.9192837
897.21906,1579.8857,910.45233,1565.5316,0.834008
916.7238,1579.8857,930.1316,1565.1438,0.8877632
936.22864,1579.8857,949.283,1565.3414,0.74769086
955.7334,1579.8857,969.25616,1565.5759,0.8502502
975.23816,1579.8857,987.29236,1565.8679,0.64989096
994.7429,1579.8857,1007.273,1565.313,0.9568465
1014.2477,1579.8857,1028.4507,1566.1871,0.96866375
1053.2572,1579.8857,1068.8998,1565.6836,0.81791806
1072.762,1579.8857,1087.3705,1565.7898,0.7383146
1092.2667,1579.8857,1104.642,1565.6859,0.92820746
1111.7715,1579.8857,1125.1018,1565.6888,0.98088324
1131.2762,1579.8857,1144.9967,1565.2142,0.9696071
1150.781,1579.8857,1164.1028,1565.5486,0.935865
1170.2858,1579.8857,1183.1072,1566.1102,0.7798877
1189.7905,1579.8857,1201.6787,1565.8135,0.81854075
1209.2953,1579.8857,1221.7683,1565.7865,0.9600119
1228.8,1579.8857,1241.5989,1566.7153,0.8252374
1248.3048,1579.8857,1260.0057,1565.5549,0.88101304
1267.8096,1579.8857,1280.5146,1566.526,0.9591418
1287.3143,1579.8857,1299.919,1565.8478,0.9593983
1306.8191,1579.8857,1320.1399,1565.6968,0.9621749
1326.3239,1579.8857,1339.7695,1566.2961,0.80387783
1345.8286,1579.8857,1359.767,1566.431,0.8881295
1365.3334,1579.8857,1378.0087,1567.2379,0.8769969
1384.8381,1579.8857,1398.3783,1565.5856,0.75127834
1404.3429,1579.8857,1417.6648,1566.8855,0.47140747
1423.8477,1579.8857,1437.8505,1567.6311,0.85159874
1443.3524,1579.8857,1458.023,1565.2723,0.6530275
1540.8762,1579.8857,1553.9215,1565.9814,0.23916835
1618.8953,1579.8857,1633.4204,1567.1016,0.50606906
1657.9048,1579.8857,1671.2461,1567.654,0.5177267
1677.4095,1579.8857,1691.3754,1566.594,0.6037953
1716.4191,1579.8857,1731.5618,1567.9397,0.40408868
1735.9238,1579.8857,1749.2668,1568.2493,0.7890124
1755.4286,1579.8857,1768.2407,1568.6346,0.63424325
1774.9333,1579.8857,1788.4047,1566.8046,0.4084091
1833.4476,1579.8857,1845.5822,1567.3994,0.32893828
1852.9524,1579.8857,1866.4431,1568.9923,0.5423019
1872.4573,1579.8857,1885.4199,1569.1097,0.4526681
1891.962,1579.8857,1904.97,1568.071,0.3860393
1911.4668,1579.8857,1924.901,1567.7096,0.3799961
1930.9716,1579.8857,1943.539,1568.3212,0.49630535
1950.4763,1579.8857,1964.6782,1567.3568,0.92363924
1969.9811,1579.8857,1984.2029,1567.2177,0.9176588
39.009525,1599.3905,51.437576,1584.4241,0.96444106
58.51429,1599.3905,70.831375,1582.8129,0.9921259
78.01905,1599.3905,90.56583,1584.1158,0.9362873
97.52381,1599.3905,109.384865,1582.9354,0.86127025
117.02858,1599.3905,129.93712,1584.247,0.9607722
136.53334,1599.3905,149.23796,1583.581,0.9929981
156.0381,1599.3905,169.03954,1583.6902,0.9444145
175.54286,1599.3905,188.25533,1583.9993,0.9461822
195.04762,1599.3905,207.66574,1584.17,0.6038257
214.55238,1599.3905,228.79651,1584.456,0.8266127
234.05716,1599.3905,249.43184,1583.5111,0.4855721
273.06668,1599.3905,288.35947,1583.452,0.47302216
292.57144,1599.3905,306.16724,1583.6646,0.8330024
312.0762,1599.3905,325.50125,1584.5446,0.74213094
331.58096,1599.3905,343.85425,1584.4829,0.8200817
351.08572,1599.3905,363.11633,1583.8989,0.78754824
370.59048,1599.3905,381.59875,1583.8237,0.98196626
390.09525,1599.3905,404.21863,1584.2228,0.94614255
409.6,1599.3905,423.7559,1585.1364,0.96198523
429.10477,1599.3905,444.04938,1584.847,0.9840454
448.60953,1599.3905,462.51587,1583.9974,0.98541147
468.11432,1599.3905,482.45135,1584.3989,0.98653996
487.61908,1599.3905,500.57956,1584.7041,0.9855269
507.12384,1599.3905,521.1001,1584.3987,0.99448204
526.6286,1599.3905,540.7657,1583.3279,0.9930161
546.13336,1599.3905,560.3072,1584.3951,0.9954405
565.6381,1599.3905,579.21295,1584.9021,0.9914704
585.1429,1599.3905,598.5163,1584.4949,0.98370796
604.64764,1599.3905,618.10803,1584.8881,0.96653754
624.1524,1599.3905,636.57635,1584.9015,0.87349373
643.65717,1599.3905,655.8024,1585.1082,0.92425066
663.1619,1599.3905,677.23193,1585.3636,0.962332
682.6667,1599.3905,695.56366,1584.7891,0.9618604
702.17145,1599.3905,714.61163,1585.014,0.6474862
721.6762,1599.3905,734.2885,1584.6304,0.645401
760.6857,1599.3905,771.8648,1584.7124,0.3581347
780.1905,1599.3905,792.82574,1585.9108,0.8324816
819.2,1599.3905,834.6812,1584.9849,0.97097796
838.7048,1599.3905,851.0817,1584.7491,0.9608764
858.20953,1599.3905,871.8647,1584.508,0.92740077
877.7143,1599.3905,891.0444,1585.0446,0.8605116
897.21906,1599.3905,910.352,1585.7314,0.91133374
916.7238,1599.3905,930.04535,1585.2026,0.8925722
936.22864,1599.3905,948.1045,1585.7532,0.679227
955.7334,1599.3905,968.1098,1585.3097,0.6866118
975.23816,1599.3905,988.0117,1585.156,0.81048465
994.7429,1599.3905,1007.25867,1585.5427,0.60522085
1014.2477,1599.3905,1026.5938,1585.1602,0.7248521
1033.7524,1599.3905,1047.7689,1585.8009,0.5642893
1053.2572,1599.3905,1067.7188,1585.518,0.8605457
1072.762,1599.3905,1085.8046,1584.8652,0.53843814
1092.2667,1599.3905,1104.3601,1584.9698,0.9263413
1111.7715,1599.3905,1125.4707,1585.0562,0.96760863
1131.2762,1599.3905,1143.9429,1585.0125,0.94754636
1150.781,1599.3905,1165.5603,1586.1344,0.9673385
1170.2858,1599.3905,1183.4365,1585.6458,0.911256
1189.7905,1599.3905,1201.6069,1585.2736,0.93696076
1209.2953,1599.3905,1221.5416,1585.5625,0.97764
1228.8,1599.3905,1241.6868,1586.3234,0.86077476
1248.3048,1599.3905,1259.9822,1585.6154,0.41993615
1267.8096,1599.3905,1280.0349,1585.9493,0.6088167
1287.3143,1599.3905,1300.1727,1586.831,0.978064
1306.8191,1599.3905,1319.8842,1585.7162,0.97842133
1326.3239,1599.3905,1341.7074,1585.7241,0.9725421
1345.8286,1599.3905,1360.3784,1586.8691,0.9771606
1365.3334,1599.3905,1378.493,1586.6489,0.7875553
1423.8477,1599.3905,1437.4521,1585.7937,0.483588
1443.3524,1599.3905,1457.5906,1585.2853,0.28786764
1579.8857,1599.3905,1594.5588,1586.3695,0.32963806
1599.3905,1599.3905,1611.431,1586.7625,0.23058811
1618.8953,1599.3905,1632.091,1586.6455,0.6829679
1638.4,1599.3905,1652.2898,1587.6742,0.8270822
1657.9048,1599.3905,1672.0337,1587.4889,0.7826539
1677.4095,1599.3905,1691.2496,1587.1243,0.58585626
1716.4191,1599.3905,1730.9827,1586.9471,0.7859714
1735.9238,1599.3905,1750.6802,1587.3711,0.86349976
1755.4286,1599.3905,1769.4064,1587.7069,0.42937124
1774.9333,1599.3905,1788.4805,1586.1527,0.62271845
1794.4381,1599.3905,1808.9373,1587.6359,0.88916385
1813.9429,1599.3905,1827.35,1586.4354,0.8281957
1833.4476,1599.3905,1846.6952,1586.8021,0.48058504
1852.9524,1599.3905,1865.9976,1586.6487,0.6022874
1872.4573,1599.3905,1885.5233,1586.7166,0.54426223
1891.962,1599.3905,1904.1869,1588.3331,0.44986457
1911.4668,1599.3905,1924.0616,1588.1232,0.39855087
1930.9716,1599.3905,1943.5479,1588.0316,0.3230306
1950.4763,1599.3905,1962.9199,1588.0518,0.50482714
1969.9811,1599.3905,1983.2253,1588.622,0.6550407
39.009525,1618.8953,52.485443,1602.9425,0.9878678
58.51429,1618.8953,71.69813,1603.6564,0.9546912
78.01905,1618.8953,90.51207,1604.0281,0.9702474
97.52381,1618.8953,109.3711,1603.0588,0.8805337
117.02858,1618.8953,129.98781,1603.0851,0.9649863
136.53334,1618.8953,150.11664,1603.419,0.9724535
156.0381,1618.8953,170.02487,1603.5162,0.9393151
175.54286,1618.8953,188.29791,1603.8481,0.93840927
195.04762,1618.8953,207.74106,1603.7957,0.6705821
234.05716,1618.8953,248.25684,1603.5101,0.3663439
292.57144,1618.8953,307.67938,1603.571,0.3224443
312.0762,1618.8953,324.92435,1605.4774,0.6581527
331.58096,1618.8953,346.89273,1604.0192,0.880452
351.08572,1618.8953,364.36438,1603.9445,0.86588275
370.59048,1618.8953,382.59668,1603.7509,0.97304916
390.09525,1618.8953,403.45203,1603.7877,0.952501
429.10477,1618.8953,442.8033,1604.6854,0.9726246
448.60953,1618.8953,463.18515,1604.2289,0.9874842
468.11432,1618.8953,481.66833,1604.4379,0.98257804
487.61908,1618.8953,500.95218,1604.1444,0.993661
507.12384,1618.8953,520.03613,1604.0719,0.98092127
526.6286,1618.8953,540.7857,1604.2621,0.97424346
546.13336,1618.8953,559.8056,1603.9069,0.9831167
565.6381,1618.8953,579.4035,1604.8237,0.97963935
585.1429,1618.8953,598.34717,1604.4944,0.97080487
604.64764,1618.8953,618.1647,1604.3809,0.9579022
624.1524,1618.8953,636.73193,1604.6997,0.94573444
643.65717,1618.8953,657.688,1604.8162,0.98746586
663.1619,1618.8953,677.0869,1604.1246,0.99448925
682.6667,1618.8953,696.0219,1604.5573,0.9922672
702.17145,1618.8953,715.27545,1604.0315,0.80419725
721.6762,1618.8953,733.6637,1604.2434,0.5181706
760.6857,1618.8953,772.9446,1604.3475,0.3726037
780.1905,1618.8953,792.0489,1604.7654,0.8018772
799.69525,1618.8953,814.2574,1604.9581,0.9804503
819.2,1618.8953,834.2791,1604.303,0.9889999
838.7048,1618.8953,850.98114,1603.8348,0.96248895
858.20953,1618.8953,870.6841,1604.5248,0.9520811
877.7143,1618.8953,890.5165,1604.6816,0.950268
897.21906,1618.8953,911.40173,1604.4689,0.97854996
916.7238,1618.8953,930.5036,1605.3555,0.935376
936.22864,1618.8953,949.38306,1605.2988,0.8522579
955.7334,1618.8953,968.1459,1605.6866,0.64200056
975.23816,1618.8953,989.1441,1604.3324,0.6541026
994.7429,1618.8953,1008.067,1605.2157,0.8150848
1014.2477,1618.8953,1027.6616,1604.4427,0.6307082
1033.7524,1618.8953,1047.231,1604.6873,0.6928235
1053.2572,1618.8953,1065.9634,1605.0049,0.6993668
1072.762,1618.8953,1086.569,1604.5732,0.69341296
1092.2667,1618.8953,1105.5112,1604.4888,0.84169555
1111.7715,1618.8953,1125.0038,1604.4854,0.936659
1131.2762,1618.8953,1145.3978,1604.7238,0.9478427
1150.781,1618.8953,1165.0452,1605.8663,0.8939693
1170.2858,1618.8953,1183.6272,1605.3896,0.9229437
1189.7905,1618.8953,1203.3816,1604.231,0.7625824
1209.2953,1618.8953,1221.9021,1605.1068,0.7505377
1228.8,1618.8953,1242.5673,1604.6663,0.9170272
1248.3048,1618.8953,1261.0676,1606.027,0.93321115
1267.8096,1618.8953,1282.2004,1605.1743,0.967591
1287.3143,1618.8953,1300.5452,1604.7207,0.98322636
1306.8191,1618.8953,1319.9253,1605.3749,0.9645187
1326.3239,1618.8953,1339.6152,1604.5361,0.85744834
1345.8286,1618.8953,1358.8376,1604.7714,0.9582183
1365.3334,1618.8953,1379.3292,1604.7275,0.93687886
1384.8381,1618.8953,1398.2755,1604.5101,0.5495322
1404.3429,1618.8953,1416.4691,1604.87,0.2097572
1423.8477,1618.8953,1437.9418,1605.6161,0.762141
1443.3524,1618.8953,1457.7368,1606.1746,0.7885818
1521.3715,1618.8953,1533.7246,1605.755,0.22273104
1560.381,1618.8953,1574.9404,1606.1929,0.25354767
1618.8953,1618.8953,1632.3712,1605.2996,0.9193048
1638.4,1618.8953,1652.7068,1606.3865,0.8232236
1657.9048,1618.8953,1672.4976,1605.8435,0.92853284
1677.4095,1618.8953,1691.2987,1605.9989,0.9139558
1696.9143,1618.8953,1710.4965,1605.8732,0.85686404
1716.4191,1618.8953,1730.1456,1607.0027,0.81923664
1735.9238,1618.8953,1749.3099,1606.8822,0.62104654
1755.4286,1618.8953,1769.8888,1607.4304,0.8983598
1774.9333,1618.8953,1788.8898,1607.0679,0.9352182
1794.4381,1618.8953,1808.9874,1606.4861,0.8838652
1813.9429,1618.8953,1827.6879,1607.4397,0.82076603
1833.4476,1618.8953,1846.4657,1607.2445,0.933174
1852.9524,1618.8953,1866.5848,1606.3213,0.60888
1872.4573,1618.8953,1885.9502,1606.0521,0.6751236
1891.962,1618.8953,1905.6022,1606.2231,0.44386417
1911.4668,1618.8953,1924.8704,1606.482,0.3117279
1930.9716,1618.8953,1943.6423,1606.7484,0.80778754
1950.4763,1618.8953,1964.0316,1606.6703,0.7115075
39.009525,1638.4,52.647804,1622.5939,0.9931476
58.51429,1638.4,71.133675,1623.2836,0.98229045
78.01905,1638.4,89.936516,1623.4492,0.9141112
97.52381,1638.4,109.24133,1623.3102,0.9736746
117.02858,1638.4,129.71362,1622.4391,0.9569451
136.53334,1638.4,149.07805,1622.7457,0.9756417
156.0381,1638.4,169.7737,1622.4325,0.9852486
195.04762,1638.4,208.17444,1622.7249,0.93634766
214.55238,1638.4,225.95654,1622.6962,0.47031623
234.05716,1638.4,246.26263,1623.098,0.47503737
331.58096,1638.4,346.04422,1622.8801,0.8595344
351.08572,1638.4,364.56122,1623.3191,0.79756486
370.59048,1638.4,382.63904,1622.8462,0.7967606
390.09525,1638.4,403.80383,1623.0399,0.58732504
409.6,1638.4,424.3586,1623.6792,0.7106248
429.10477,1638.4,442.8749,1623.4602,0.9695899
448.60953,1638.4,462.09372,1623.7689,0.94844764
468.11432,1638.4,481.19482,1623.4834,0.98079205
487.61908,1638.4,500.2729,1623.4581,0.9887649
507.12384,1638.4,520.1303,1623.7388,0.96919537
526.6286,1638.4,539.0507,1623.7662,0.9828498
546.13336,1638.4,560.7765,1623.8785,0.9690531
565.6381,1638.4,579.57336,1624.1458,0.9680584
585.1429,1638.4,598.1375,1623.6252,0.9771436
604.64764,1638.4,617.6652,1623.7437,0.97804385
624.1524,1638.4,637.00183,1623.6924,0.95380926
643.65717,1638.4,656.3938,1623.728,0.9388152
663.1619,1638.4,677.3393,1623.7526,0.9963303
682.6667,1638.4,695.99677,1624.2858,0.9841495
702.17145,1638.4,715.52606,1624.4193,0.96214855
721.6762,1638.4,734.6241,1624.0465,0.79680943
760.6857,1638.4,773.58,1624.2262,0.5653025
780.1905,1638.4,794.8737,1624.8595,0.9210947
799.69525,1638.4,814.4689,1623.9473,0.9133519
819.2,1638.4,832.71515,1623.9315,0.97841096
838.7048,1638.4,851.70435,1624.0695,0.75247985
858.20953,1638.4,871.603,1623.9126,0.9232688
877.7143,1638.4,890.5988,1623.8168,0.9711129
897.21906,1638.4,911.64,1624.4141,0.93824035
916.7238,1638.4,931.1248,1623.8627,0.96558136
936.22864,1638.4,951.1747,1624.0603,0.9543637
955.7334,1638.4,968.76794,1624.3904,0.92048687
975.23816,1638.4,988.11456,1624.2661,0.70840687
994.7429,1638.4,1007.0111,1624.3236,0.80749893
1014.2477,1638.4,1027.9794,1624.325,0.8908389
1033.7524,1638.4,1048.103,1624.3729,0.8251288
1053.2572,1638.4,1066.4064,1624.3591,0.66341686
1072.762,1638.4,1085.3094,1624.3713,0.48189086
1092.2667,1638.4,1105.847,1624.0518,0.62535584
1111.7715,1638.4,1124.5327,1623.9718,0.94216037
1131.2762,1638.4,1144.6807,1623.8712,0.96212417
1170.2858,1638.4,1183.6874,1624.3672,0.7667694
1189.7905,1638.4,1201.9703,1624.0033,0.60144466
1209.2953,1638.4,1221.0172,1624.3269,0.6844989
1228.8,1638.4,1240.6453,1624.5145,0.88177836
1248.3048,1638.4,1260.9446,1624.9098,0.9940627
1267.8096,1638.4,1281.7245,1624.5359,0.99080634
1287.3143,1638.4,1300.0337,1624.3741,0.91859895
1306.8191,1638.4,1320.1627,1624.7635,0.8773855
1326.3239,1638.4,1339.7455,1624.988,0.89707285
1345.8286,1638.4,1359.5249,1624.8807,0.9431254
1365.3334,1638.4,1378.2479,1624.6724,0.93719965
1384.8381,1638.4,1398.2279,1624.9053,0.7659662
1404.3429,1638.4,1415.9563,1624.9381,0.812379
1423.8477,1638.4,1435.7708,1624.8848,0.8671289
1443.3524,1638.4,1456.6152,1625.1675,0.91150445
1462.8572,1638.4,1477.2103,1624.7532,0.66530514
1482.3619,1638.4,1496.9092,1625.2808,0.28247002
1521.3715,1638.4,1533.9796,1625.4738,0.46646878
1540.8762,1638.4,1555.1357,1626.681,0.39093393
1560.381,1638.4,1574.1218,1626.7565,0.6523939
1579.8857,1638.4,1593.5737,1625.4312,0.8244604
1599.3905,1638.4,1612.6263,1625.4323,0.8435069
1618.8953,1638.4,1633.3577,1625.2333,0.86106104
1657.9048,1638.4,1673.1685,1624.8871,0.67367595
1677.4095,1638.4,1691.5681,1625.7683,0.84092903
1696.9143,1638.4,1710.3087,1626.2418,0.6208014
1716.4191,1638.4,1730.7893,1626.3955,0.79381937
1735.9238,1638.4,1748.8743,1626.4832,0.8940634
1755.4286,1638.4,1769.2842,1626.3793,0.85361594
1774.9333,1638.4,1788.9927,1624.8595,0.72971547
1794.4381,1638.4,1809.5618,1625.7006,0.9111179
1813.9429,1638.4,1828.42,1625.7887,0.93749356
1833.4476,1638.4,1847.0898,1626.2335,0.75487894
1852.9524,1638.4,1867.3507,1626.0682,0.63142496
1891.962,1638.4,1906.0049,1627.2805,0.61216694
1911.4668,1638.4,1925.579,1626.3999,0.6336127
1930.9716,1638.4,1942.8284,1626.0166,0.42389017
1950.4763,1638.4,1963.3242,1626.97,0.47552782
39.009525,1657.9048,52.02254,1642.1527,0.9757404
58.51429,1657.9048,70.97075,1642.2618,0.9606459
78.01905,1657.9048,90.04164,1642.3685,0.94711894
97.52381,1657.9048,109.58472,1642.9749,0.99291277
117.02858,1657.9048,130.2489,1642.612,0.96113265
136.53334,1657.9048,149.49881,1642.2615,0.9538344
156.0381,1657.9048,170.69247,1642.8967,0.9793317
195.04762,1657.9048,209.39622,1643.1833,0.99232876
214.55238,1657.9048,228.02756,1643.0575,0.9731952
234.05716,1657.9048,246.70111,1642.3728,0.8287895
331.58096,1657.9048,345.34366,1642.9269,0.3934847
351.08572,1657.9048,364.2638,1643.2266,0.7885588
370.59048,1657.9048,383.55557,1642.9938,0.71024513
390.09525,1657.9048,403.47473,1642.7192,0.4844948
409.6,1657.9048,423.45816,1643.0344,0.81294453
429.10477,1657.9048,443.7389,1643.4879,0.8722681
448.60953,1657.9048,461.1829,1643.5854,0.97213227
468.11432,1657.9048,480.88953,1643.0532,0.9617998
487.61908,1657.9048,500.60086,1642.6299,0.9891319
507.12384,1657.9048,521.097,1643.2416,0.9864339
526.6286,1657.9048,541.00366,1643.6201,0.9833992
546.13336,1657.9048,559.65106,1643.2339,0.9668874
565.6381,1657.9048,578.86664,1643.5261,0.98179203
585.1429,1657.9048,598.3961,1642.7015,0.9079443
604.64764,1657.9048,617.5423,1642.8191,0.9623201
624.1524,1657.9048,637.74725,1643.2136,0.9364848
643.65717,1657.9048,657.95526,1643.5864,0.9868981
663.1619,1657.9048,677.1588,1643.3905,0.99381214
682.6667,1657.9048,695.9103,1643.4453,0.9372452
702.17145,1657.9048,715.63715,1644.3304,0.85151947
721.6762,1657.9048,735.1304,1643.6155,0.8679396
741.18097,1657.9048,754.132,1643.5242,0.62912595
760.6857,1657.9048,774.0519,1643.8746,0.5890607
780.1905,1657.9048,794.9321,1643.6069,0.9567877
799.69525,1657.9048,812.05695,1643.7146,0.93161136
819.2,1657.9048,832.467,1643.6455,0.9726082
838.7048,1657.9048,852.7209,1643.9431,0.8263614
858.20953,1657.9048,871.13666,1643.3097,0.9323384
877.7143,1657.9048,891.19586,1643.4135,0.96237385
897.21906,1657.9048,911.27747,1643.3755,0.9797583
916.7238,1657.9048,931.60645,1643.491,0.98681927
936.22864,1657.9048,950.4639,1643.5604,0.98801655
955.7334,1657.9048,969.54956,1643.8544,0.95987076
975.23816,1657.9048,986.74445,1643.1467,0.97509336
994.7429,1657.9048,1008.6021,1643.1816,0.9505687
1014.2477,1657.9048,1027.5638,1644.1268,0.9388939
1033.7524,1657.9048,1047.1909,1643.7156,0.7980286
1053.2572,1657.9048,1065.9052,1644.3547,0.5942074
1072.762,1657.9048,1085.9518,1644.1588,0.5280056
1092.2667,1657.9048,1103.887,1644.0016,0.759829
1111.7715,1657.9048,1123.9762,1643.9675,0.90574044
1131.2762,1657.9048,1143.727,1643.3496,0.8571988
1150.781,1657.9048,1162.9056,1643.7284,0.75352514
1170.2858,1657.9048,1182.7113,1644.1477,0.86974233
1189.7905,1657.9048,1201.2734,1643.5814,0.80777687
1209.2953,1657.9048,1222.1902,1643.7782,0.7197526
1228.8,1657.9048,1241.2786,1644.5468,0.93298334
1248.3048,1657.9048,1260.5574,1644.3868,0.9931135
1267.8096,1657.9048,1281.3824,1644.0641,0.9799983
1287.3143,1657.9048,1300.4772,1644.3962,0.868481
1306.8191,1657.9048,1320.5537,1644.5302,0.89370185
1326.3239,1657.9048,1338.9984,1644.0338,0.72667855
1345.8286,1657.9048,1358.399,1644.8522,0.7175371
1365.3334,1657.9048,1378.3577,1643.9662,0.6002355
1384.8381,1657.9048,1396.8127,1643.5543,0.5937954
1404.3429,1657.9048,1416.9487,1644.7733,0.79350436
1423.8477,1657.9048,1436.2567,1645.1158,0.5915548
1443.3524,1657.9048,1456.7198,1645.1682,0.7507903
1462.8572,1657.9048,1476.6857,1644.1727,0.6932342
1482.3619,1657.9048,1496.5269,1645.1403,0.87105596
1501.8667,1657.9048,1514.8766,1644.0073,0.3533977
1521.3715,1657.9048,1533.6584,1645.1005,0.41594464
1540.8762,1657.9048,1554.7622,1645.211,0.81170183
1560.381,1657.9048,1573.7496,1644.1757,0.51393723
1579.8857,1657.9048,1592.5787,1645.0721,0.5693931
1599.3905,1657.9048,1612.3252,1645.9463,0.5836052
1618.8953,1657.9048,1632.2295,1645.4475,0.808436
1638.4,1657.9048,1651.788,1645.423,0.6618834
1657.9048,1657.9048,1671.3776,1644.8827,0.49055466
1677.4095,1657.9048,1690.7708,1644.2313,0.87584996
1696.9143,1657.9048,1711.3154,1645.737,0.94682676
1716.4191,1657.9048,1730.0023,1646.1301,0.7417832
1735.9238,1657.9048,1749.6847,1645.435,0.82317847
1755.4286,1657.9048,1770.1245,1645.9543,0.91430557
1774.9333,1657.9048,1788.6234,1644.355,0.92485523
1794.4381,1657.9048,1809.4065,1644.5355,0.70622706
1813.9429,1657.9048,1828.4594,1644.3617,0.9543139
1833.4476,1657.9048,1847.7721,1644.7203,0.8261438
1852.9524,1657.9048,1865.4728,1644.4315,0.8972075
1872.4573,1657.9048,1886.2528,1646.8219,0.6830363
1891.962,1657.9048,1905.2709,1645.8582,0.7553677
1911.4668,1657.9048,1924.3303,1646.5684,0.48490632
1930.9716,1657.9048,1943.0737,1645.8673,0.38552192
39.009525,1677.4095,51.46984,1662.2373,0.9224167
58.51429,1677.4095,71.37111,1662.1892,0.8949298
78.01905,1677.4095,89.25146,1662.3035,0.97426957
97.52381,1677.4095,109.792564,1661.7965,0.9920512
117.02858,1677.4095,129.88498,1661.4142,0.9589923
136.53334,1677.4095,149.85635,1661.8066,0.9715832
156.0381,1677.4095,170.1134,1662.1418,0.9856078
175.54286,1677.4095,188.2222,1662.3636,0.9893911
195.04762,1677.4095,208.94127,1662.432,0.9841431
214.55238,1677.4095,227.47171,1662.011,0.9890578
234.05716,1677.4095,246.96788,1661.7434,0.9658288
253.56192,1677.4095,266.1864,1661.8212,0.53021353
331.58096,1677.4095,346.33316,1662.0088,0.60565156
351.08572,1677.4095,363.8732,1662.2377,0.929453
370.59048,1677.4095,383.8389,1662.4513,0.9636796
390.09525,1677.4095,403.58417,1662.599,0.7011004
429.10477,1677.4095,443.71182,1662.7332,0.9835203
448.60953,1677.4095,462.1589,1662.6887,0.9672218
468.11432,1677.4095,480.77338,1662.165,0.77964354
487.61908,1677.4095,501.08496,1662.2875,0.9510415
507.12384,1677.4095,520.3583,1663.1503,0.9842454
526.6286,1677.4095,538.8585,1662.7177,0.9709256
546.13336,1677.4095,559.3168,1662.4039,0.927881
565.6381,1677.4095,579.3905,1662.8464,0.7885413
585.1429,1677.4095,599.11414,1662.3875,0.7076883
604.64764,1677.4095,617.9057,1662.4786,0.84832865
624.1524,1677.4095,637.0202,1662.6947,0.90159935
643.65717,1677.4095,658.7099,1662.9507,0.95360756
663.1619,1677.4095,677.0748,1662.7979,0.986314
682.6667,1677.4095,696.2425,1662.701,0.9590816
702.17145,1677.4095,715.254,1663.0443,0.92985684
721.6762,1677.4095,735.36865,1662.7579,0.9863148
741.18097,1677.4095,755.8271,1662.4254,0.95363307
760.6857,1677.4095,773.58307,1661.9551,0.86670905
780.1905,1677.4095,793.34534,1662.637,0.9230096
799.69525,1677.4095,813.1579,1663.3187,0.9572393
819.2,1677.4095,832.0788,1662.7574,0.94334507
838.7048,1677.4095,851.9945,1663.499,0.72892284
858.20953,1677.4095,872.70087,1663.3364,0.9208918
877.7143,1677.4095,891.84937,1663.2703,0.9472307
897.21906,1677.4095,911.35004,1663.1443,0.9852546
916.7238,1677.4095,931.25757,1663.5092,0.9899645
936.22864,1677.4095,950.171,1663.115,0.9942426
955.7334,1677.4095,968.30054,1662.9128,0.9733186
975.23816,1677.4095,988.4427,1663.3115,0.9751317
994.7429,1677.4095,1007.6411,1663.3658,0.9876958
1014.2477,1677.4095,1028.1046,1664.2194,0.98357266
1033.7524,1677.4095,1045.5293,1663.281,0.8375694
1053.2572,1677.4095,1065.9696,1663.794,0.87794334
1072.762,1677.4095,1084.9232,1663.3486,0.73935294
1092.2667,1677.4095,1105.0942,1663.2379,0.6532516
1111.7715,1677.4095,1123.2484,1663.441,0.9763751
1131.2762,1677.4095,1143.0612,1662.8654,0.9660184
1150.781,1677.4095,1163.5383,1663.0925,0.9749972
1170.2858,1677.4095,1181.896,1664.4818,0.92482513
1189.7905,1677.4095,1204.0677,1663.3325,0.8832166
1209.2953,1677.4095,1222.2421,1663.3341,0.47771552
1228.8,1677.4095,1240.6288,1663.0736,0.92016613
1248.3048,1677.4095,1261.0662,1663.67,0.9819291
1267.8096,1677.4095,1281.4874,1663.1915,0.9879256
1287.3143,1677.4095,1299.9277,1663.6477,0.9867194
1306.8191,1677.4095,1319.0929,1664.9723,0.9756306
1326.3239,1677.4095,1339.1086,1663.8047,0.6562778
1345.8286,1677.4095,1358.7693,1663.7919,0.8766857
1365.3334,1677.4095,1378.9725,1664.8584,0.9016974
1384.8381,1677.4095,1398.108,1664.2986,0.9064668
1404.3429,1677.4095,1418.5099,1664.8444,0.8422294
1423.8477,1677.4095,1437.7137,1663.7893,0.700389
1443.3524,1677.4095,1455.4875,1664.1648,0.69574916
1462.8572,1677.4095,1475.9746,1663.8613,0.8777994
1482.3619,1677.4095,1495.7441,1664.0662,0.7286223
1501.8667,1677.4095,1514.9916,1663.7045,0.41913578
1521.3715,1677.4095,1535.6857,1664.1312,0.70769817
1540.8762,1677.4095,1555.5725,1663.7427,0.74063414
1579.8857,1677.4095,1593.5452,1663.8419,0.42234826
1599.3905,1677.4095,1611.8618,1664.7345,0.6953313
1618.8953,1677.4095,1632.1655,1664.4675,0.92242885
1638.4,1677.4095,1651.2239,1664.377,0.8020182
1677.4095,1677.4095,1692.1016,1665.1207,0.89872175
1696.9143,1677.4095,1711.4202,1665.071,0.8937525
1716.4191,1677.4095,1730.7346,1665.9059,0.829972
1735.9238,1677.4095,1749.9441,1664.7611,0.98137486
1755.4286,1677.4095,1768.67,1665.2882,0.9568361
1774.9333,1677.4095,1788.4768,1664.6729,0.76731676
1794.4381,1677.4095,1808.316,1664.1411,0.33491883
1813.9429,1677.4095,1828.7087,1665.116,0.77308506
1833.4476,1677.4095,1847.3135,1665.2573,0.6928302
1852.9524,1677.4095,1866.1038,1664.334,0.8166627
1872.4573,1677.4095,1885.4556,1664.1195,0.7223878
1891.962,1677.4095,1905.7592,1666.1362,0.42682818
1911.4668,1677.4095,1924.6897,1666.2782,0.35119972
1930.9716,1677.4095,1944.4031,1666.1582,0.21273112
39.009525,1696.9143,51.806816,1680.92,0.88037914
58.51429,1696.9143,71.33776,1681.4309,0.97434425
78.01905,1696.9143,90.18306,1681.8654,0.9603245
97.52381,1696.9143,109.95364,1681.3972,0.97600335
117.02858,1696.9143,129.61942,1681.999,0.9794215
136.53334,1696.9143,150.05986,1681.1627,0.9924635
156.0381,1696.9143,168.25397,1681.615,0.9872737
175.54286,1696.9143,188.8907,1681.7094,0.9920744
195.04762,1696.9143,207.73431,1681.7227,0.98689914
214.55238,1696.9143,227.24353,1681.2186,0.9795326
234.05716,1696.9143,247.29796,1681.5215,0.98929226
253.56192,1696.9143,267.0889,1680.8047,0.80421764
331.58096,1696.9143,346.972,1681.9354,0.9307296
351.08572,1696.9143,363.57483,1681.452,0.95734125
370.59048,1696.9143,383.0186,1681.7502,0.8903601
390.09525,1696.9143,403.0073,1681.1357,0.9074659
409.6,1696.9143,423.70764,1682.2421,0.9734857
429.10477,1696.9143,443.42685,1681.6879,0.99399155
448.60953,1696.9143,461.74106,1682.0175,0.9940518
468.11432,1696.9143,481.63556,1682.5289,0.9484685
487.61908,1696.9143,500.57016,1682.3638,0.9700402
507.12384,1696.9143,520.0365,1681.8047,0.9788963
526.6286,1696.9143,540.6112,1682.4974,0.983194
546.13336,1696.9143,559.21985,1682.302,0.9504115
565.6381,1696.9143,579.21436,1682.3875,0.6912578
585.1429,1696.9143,600.03705,1682.6572,0.8363668
604.64764,1696.9143,617.1738,1682.2661,0.8543801
624.1524,1696.9143,637.5166,1682.2295,0.98822576
643.65717,1696.9143,658.2445,1682.5603,0.9838448
663.1619,1696.9143,675.7087,1681.9622,0.99449617
682.6667,1696.9143,695.23663,1682.2819,0.98517275
702.17145,1696.9143,715.4121,1682.6083,0.9911307
741.18097,1696.9143,755.0514,1682.6129,0.9670109
760.6857,1696.9143,771.9847,1683.2668,0.769066
780.1905,1696.9143,794.0725,1682.5792,0.9661246
799.69525,1696.9143,813.6992,1682.7115,0.9768044
819.2,1696.9143,831.5628,1682.3419,0.92196363
838.7048,1696.9143,852.48157,1683.622,0.94544226
858.20953,1696.9143,870.851,1682.9896,0.91094476
877.7143,1696.9143,892.10834,1682.9985,0.87983835
897.21906,1696.9143,911.7367,1682.524,0.961414
916.7238,1696.9143,930.51514,1683.2563,0.98020095
936.22864,1696.9143,949.47156,1682.4486,0.99414223
955.7334,1696.9143,967.7671,1682.2518,0.9958739
975.23816,1696.9143,987.4308,1682.7167,0.9886342
994.7429,1696.9143,1007.80444,1682.878,0.984615
1014.2477,1696.9143,1028.9529,1682.4521,0.982011
1033.7524,1696.9143,1046.1526,1683.3505,0.9738682
1053.2572,1696.9143,1066.626,1683.0691,0.9498188
1072.762,1696.9143,1085.896,1682.7797,0.89424795
1092.2667,1696.9143,1105.7368,1682.852,0.7695964
1111.7715,1696.9143,1125.0343,1682.405,0.9433766
1131.2762,1696.9143,1145.2426,1682.5624,0.92359
1150.781,1696.9143,1161.864,1682.3754,0.78950256
1170.2858,1696.9143,1182.2615,1683.056,0.3020882
1189.7905,1696.9143,1204.5981,1682.8142,0.80570894
1209.2953,1696.9143,1222.5173,1682.2343,0.5585255
1228.8,1696.9143,1242.7898,1683.518,0.8801778
1248.3048,1696.9143,1261.1534,1683.2505,0.9680588
1267.8096,1696.9143,1281.4813,1682.2966,0.9769427
1287.3143,1696.9143,1299.8746,1682.7401,0.98541903
1306.8191,1696.9143,1320.5461,1682.8735,0.9785975
1326.3239,1696.9143,1339.5651,1683.3163,0.871531
1345.8286,1696.9143,1358.1233,1683.5654,0.9787847
1365.3334,1696.9143,1379.2537,1684.0195,0.87795734
1384.8381,1696.9143,1398.7678,1683.9048,0.9496997
1404.3429,1696.9143,1417.3368,1683.6375,0.96888405
1423.8477,1696.9143,1436.575,1684.6918,0.88535845
1443.3524,1696.9143,1455.5303,1684.6519,0.9555783
1462.8572,1696.9143,1475.4542,1683.5791,0.761311
1482.3619,1696.9143,1494.1708,1685.404,0.698127
1501.8667,1696.9143,1514.7162,1683.9181,0.54030627
1521.3715,1696.9143,1534.7734,1684.3434,0.6378489
1540.8762,1696.9143,1554.4484,1684.3612,0.5241776
1560.381,1696.9143,1574.3943,1684.0422,0.5410914
1579.8857,1696.9143,1592.6309,1684.4733,0.26484606
1599.3905,1696.9143,1611.9331,1683.7352,0.58981067
1618.8953,1696.9143,1631.6226,1684.4225,0.967992
1638.4,1696.9143,1652.7743,1683.4429,0.97396857
1657.9048,1696.9143,1672.2635,1683.2288,0.94333524
1677.4095,1696.9143,1692.19,1684.2612,0.879924
1696.9143,1696.9143,1710.8164,1684.8918,0.83678514
1716.4191,1696.9143,1730.7057,1685.6005,0.89269793
1735.9238,1696.9143,1750.3759,1684.196,0.9519453
1755.4286,1696.9143,1768.643,1683.377,0.92701006
1774.9333,1696.9143,1787.8564,1684.8041,0.8438936
1794.4381,1696.9143,1807.7755,1684.6498,0.51199055
1813.9429,1696.9143,1827.3286,1684.7037,0.84791124
1833.4476,1696.9143,1847.7931,1685.2109,0.7655905
1852.9524,1696.9143,1867.47,1684.8966,0.7072297
1872.4573,1696.9143,1884.6301,1683.738,0.8067587
1950.4763,1696.9143,1965.268,1685.6299,0.30657193
1969.9811,1696.9143,1984.3547,1685.5906,0.4419241
39.009525,1716.4191,52.64078,1700.9961,0.98446935
58.51429,1716.4191,70.98808,1699.9703,0.979776
78.01905,1716.4191,90.89321,1700.9227,0.9746353
97.52381,1716.4191,112.404816,1700.8018,0.9570657
117.02858,1716.4191,131.02252,1701.4055,0.9670667
136.53334,1716.4191,149.57535,1700.7068,0.99407655
156.0381,1716.4191,169.33708,1700.9961,0.9852303
175.54286,1716.4191,188.17949,1701.187,0.9914076
195.04762,1716.4191,206.87701,1701.2926,0.9875117
214.55238,1716.4191,228.07135,1701.0073,0.9620776
234.05716,1716.4191,247.1151,1701.0559,0.8354166
253.56192,1716.4191,266.56116,1701.6881,0.7190561
331.58096,1716.4191,346.48517,1701.3226,0.90010935
351.08572,1716.4191,365.01654,1701.405,0.80328393
370.59048,1716.4191,383.92007,1701.5532,0.57787126
390.09525,1716.4191,403.31094,1701.2119,0.72005314
409.6,1716.4191,422.223,1701.0352,0.9790782
429.10477,1716.4191,442.4774,1701.3749,0.9444223
448.60953,1716.4191,461.86127,1701.5345,0.9886577
468.11432,1716.4191,482.1243,1701.355,0.9534855
487.61908,1716.4191,499.5262,1701.287,0.92185426
507.12384,1716.4191,518.79,1701.9479,0.9860453
526.6286,1716.4191,539.4871,1701.6039,0.9917967
546.13336,1716.4191,558.936,1701.6871,0.9505144
565.6381,1716.4191,577.9324,1702.1743,0.51809
585.1429,1716.4191,598.1111,1701.6793,0.5684038
604.64764,1716.4191,616.38824,1701.7245,0.81108016
624.1524,1716.4191,637.06506,1702.4596,0.9151973
643.65717,1716.4191,657.0236,1701.7157,0.98634326
663.1619,1716.4191,674.5604,1701.3082,0.98864156
682.6667,1716.4191,696.6949,1701.65,0.98472065
702.17145,1716.4191,716.3583,1702.525,0.98475194
721.6762,1716.4191,735.0011,1702.0167,0.9896
741.18097,1716.4191,754.43506,1702.2922,0.9746037
760.6857,1716.4191,773.00354,1702.2117,0.84040797
780.1905,1716.4191,792.4944,1701.8895,0.92926484
799.69525,1716.4191,815.1902,1702.1077,0.96481705
819.2,1716.4191,831.07275,1702.1588,0.8037214
838.7048,1716.4191,851.05835,1702.2885,0.9575174
858.20953,1716.4191,871.58844,1702.566,0.7937496
877.7143,1716.4191,890.5637,1702.2096,0.93996036
897.21906,1716.4191,910.2882,1702.0222,0.9892747
916.7238,1716.4191,930.0441,1701.7855,0.98802006
936.22864,1716.4191,949.2815,1702.1659,0.9931023
955.7334,1716.4191,968.18506,1702.5277,0.9957271
975.23816,1716.4191,988.03076,1702.2423,0.9852235
994.7429,1716.4191,1008.2151,1702.1995,0.99227464
1014.2477,1716.4191,1027.6042,1703.1782,0.9679799
1033.7524,1716.4191,1046.3229,1702.971,0.8635251
1053.2572,1716.4191,1066.4259,1702.0747,0.876146
1072.762,1716.4191,1086.997,1701.9059,0.64974797
1092.2667,1716.4191,1104.8148,1701.8943,0.84488946
1111.7715,1716.4191,1124.3956,1702.7788,0.82977486
1131.2762,1716.4191,1144.4592,1702.2842,0.7672486
1150.781,1716.4191,1163.4404,1702.8674,0.815355
1170.2858,1716.4191,1183.1626,1703.0697,0.6803652
1189.7905,1716.4191,1203.8582,1702.4493,0.27461895
1209.2953,1716.4191,1221.856,1701.9962,0.65432197
1228.8,1716.4191,1242.1871,1702.7646,0.8927947
1248.3048,1716.4191,1259.718,1702.3701,0.93321884
1267.8096,1716.4191,1280.7831,1702.5692,0.93461055
1287.3143,1716.4191,1299.07,1702.614,0.93167436
1306.8191,1716.4191,1319.4243,1702.8137,0.99439025
1326.3239,1716.4191,1338.8815,1703.1316,0.98522836
1345.8286,1716.4191,1357.7721,1702.6918,0.96837014
1365.3334,1716.4191,1377.5438,1702.2472,0.9356434
1384.8381,1716.4191,1398.3817,1701.4697,0.954381
1404.3429,1716.4191,1417.759,1702.8303,0.8913921
1423.8477,1716.4191,1437.093,1703.2539,0.75521874
1443.3524,1716.4191,1457.1165,1703.3966,0.96438175
1462.8572,1716.4191,1476.2396,1703.7393,0.47669643
1482.3619,1716.4191,1494.9698,1703.3549,0.2936952
1501.8667,1716.4191,1515.1188,1703.0474,0.7517048
1521.3715,1716.4191,1535.6603,1703.5844,0.73077244
1540.8762,1716.4191,1554.605,1703.4413,0.5719318
1560.381,1716.4191,1573.4945,1703.3055,0.4628253
1579.8857,1716.4191,1592.6572,1703.2618,0.73523897
1599.3905,1716.4191,1612.3829,1702.8031,0.43158647
1618.8953,1716.4191,1632.4153,1703.3073,0.94274867
1638.4,1716.4191,1652.4388,1703.6194,0.9852533
1657.9048,1716.4191,1673.2905,1702.8383,0.9430856
1696.9143,1716.4191,1710.1317,1703.2319,0.51245475
1716.4191,1716.4191,1730.2491,1704.3633,0.8381045
1735.9238,1716.4191,1749.6057,1703.4465,0.80569786
1755.4286,1716.4191,1769.378,1703.933,0.42461148
1774.9333,1716.4191,1789.9583,1703.3195,0.45846975
1794.4381,1716.4191,1808.1733,1704.0671,0.40095466
1813.9429,1716.4191,1826.3734,1703.6947,0.61749923
1833.4476,1716.4191,1846.1443,1704.0552,0.85163635
1852.9524,1716.4191,1867.2604,1705.0848,0.8271841
1872.4573,1716.4191,1885.2817,1703.7687,0.8076254
1891.962,1716.4191,1906.0803,1704.6296,0.57585496
1969.9811,1716.4191,1984.1276,1704.6871,0.315302
39.009525,1735.9238,52.19384,1719.9977,0.9707598
58.51429,1735.9238,70.3426,1720.5092,0.9855194
78.01905,1735.9238,92.7957,1720.2938,0.9821308
117.02858,1735.9238,131.79466,1720.3746,0.98484665
136.53334,1735.9238,150.75952,1720.7651,0.99519235
156.0381,1735.9238,168.5353,1721.0908,0.99220604
175.54286,1735.9238,188.21675,1720.6497,0.96125555
195.04762,1735.9238,207.73895,1720.6447,0.97891456
214.55238,1735.9238,228.03535,1720.3052,0.94412726
234.05716,1735.9238,246.19312,1720.22,0.93801975
253.56192,1735.9238,266.37512,1720.6403,0.7174199
273.06668,1735.9238,284.71048,1720.9122,0.3459699
292.57144,1735.9238,306.24414,1721.2764,0.5593588
312.0762,1735.9238,325.24,1721.7792,0.5109036
331.58096,1735.9238,345.3361,1721.816,0.90629965
390.09525,1735.9238,404.2353,1721.0527,0.6396785
409.6,1735.9238,423.07828,1720.8398,0.9428573
429.10477,1735.9238,442.60443,1721.152,0.75999266
448.60953,1735.9238,461.35797,1721.0854,0.9722169
468.11432,1735.9238,482.8678,1721.4902,0.79836804
487.61908,1735.9238,500.71408,1721.0454,0.98687273
507.12384,1735.9238,520.7996,1720.7667,0.98123443
526.6286,1735.9238,539.70245,1721.2996,0.99574035
546.13336,1735.9238,559.98413,1720.7975,0.99259263
565.6381,1735.9238,578.5397,1721.2467,0.9266881
585.1429,1735.9238,596.9249,1721.711,0.8166534
604.64764,1735.9238,616.9747,1721.2515,0.9448844
624.1524,1735.9238,635.97455,1721.0936,0.84981257
643.65717,1735.9238,656.2901,1720.798,0.9094254
663.1619,1735.9238,676.06824,1721.2501,0.9950539
682.6667,1735.9238,696.34576,1721.1465,0.99240685
702.17145,1735.9238,715.2574,1721.531,0.9967415
721.6762,1735.9238,735.9762,1722.0807,0.8855692
741.18097,1735.9238,754.3956,1721.0165,0.705852
760.6857,1735.9238,772.3288,1720.5253,0.8448019
780.1905,1735.9238,792.3313,1721.1118,0.81651485
799.69525,1735.9238,813.20337,1721.3618,0.9120847
819.2,1735.9238,831.85486,1721.1654,0.9054668
838.7048,1735.9238,853.31714,1721.8022,0.9752453
858.20953,1735.9238,870.9938,1721.6084,0.93147904
877.7143,1735.9238,891.6102,1721.9344,0.8852781
897.21906,1735.9238,911.4218,1721.97,0.9365387
916.7238,1735.9238,929.85864,1721.726,0.9889023
936.22864,1735.9238,949.0553,1721.636,0.9383088
955.7334,1735.9238,968.5281,1721.5941,0.9186498
975.23816,1735.9238,988.8559,1722.4849,0.9480867
994.7429,1735.9238,1006.95197,1722.1738,0.94293576
1014.2477,1735.9238,1027.091,1722.4882,0.9604807
1033.7524,1735.9238,1047.4559,1723.1133,0.8530401
1053.2572,1735.9238,1066.9746,1722.1561,0.8134601
1072.762,1735.9238,1085.3658,1721.7585,0.8512785
1092.2667,1735.9238,1106.8993,1721.471,0.814554
1111.7715,1735.9238,1124.0126,1722.2379,0.862444
1131.2762,1735.9238,1143.5532,1722.4042,0.9423198
1150.781,1735.9238,1163.8046,1721.8994,0.88757193
1170.2858,1735.9238,1184.0409,1721.0819,0.5288057
1189.7905,1735.9238,1202.5519,1721.0444,0.58042127
1209.2953,1735.9238,1223.133,1721.2252,0.5273346
1228.8,1735.9238,1241.8267,1721.662,0.93042713
1248.3048,1735.9238,1261.5839,1722.8322,0.9265642
1267.8096,1735.9238,1281.7566,1721.8331,0.8458757
1287.3143,1735.9238,1299.1288,1723.0764,0.8889123
1306.8191,1735.9238,1318.9724,1723.5991,0.983384
1326.3239,1735.9238,1338.5625,1721.8755,0.96104336
1345.8286,1735.9238,1356.9215,1721.639,0.9820474
1365.3334,1735.9238,1377.5691,1722.9313,0.9896808
1384.8381,1735.9238,1398.7499,1721.9929,0.9902704
1404.3429,1735.9238,1417.5938,1723.325,0.9502167
1423.8477,1735.9238,1437.3265,1723.4557,0.9709717
1443.3524,1735.9238,1456.6865,1723.1337,0.97694457
1462.8572,1735.9238,1475.2617,1722.2917,0.8884389
1482.3619,1735.9238,1494.5944,1722.6816,0.7861251
1501.8667,1735.9238,1516.0574,1722.0461,0.7349128
1521.3715,1735.9238,1534.4768,1722.6129,0.894968
1540.8762,1735.9238,1553.4934,1722.3782,0.95402205
1560.381,1735.9238,1575.1068,1723.8395,0.5989107
1579.8857,1735.9238,1593.3163,1724.2299,0.40387416
1599.3905,1735.9238,1613.1401,1723.9778,0.81194085
1618.8953,1735.9238,1632.1337,1722.67,0.9193647
1638.4,1735.9238,1651.2258,1722.0531,0.9538595
1657.9048,1735.9238,1672.4758,1721.9564,0.98279625
1677.4095,1735.9238,1691.3661,1721.7739,0.9383572
1696.9143,1735.9238,1710.8634,1722.063,0.589753
1716.4191,1735.9238,1730.2845,1724.4927,0.8806991
1735.9238,1735.9238,1749.6113,1724.4509,0.66318095
1755.4286,1735.9238,1769.2274,1723.216,0.92932767
1774.9333,1735.9238,1788.6449,1723.4968,0.76108915
1794.4381,1735.9238,1807.9459,1723.8076,0.50850147
1813.9429,1735.9238,1827.5172,1724.7748,0.8512653
1833.4476,1735.9238,1847.0581,1722.9976,0.948924
1852.9524,1735.9238,1866.2054,1724.2258,0.8752428
1872.4573,1735.9238,1886.1079,1724.6525,0.28432825
1891.962,1735.9238,1906.4879,1724.4259,0.6064897
1969.9811,1735.9238,1984.1641,1724.023,0.41640997
39.009525,1755.4286,51.8371,1739.4745,0.9515938
58.51429,1755.4286,71.757195,1740.235,0.97609216
78.01905,1755.4286,90.96163,1740.4799,0.9832979
97.52381,1755.4286,111.51412,1740.4819,0.98673636
117.02858,1755.4286,131.40013,1739.4861,0.9965402
136.53334,1755.4286,150.94397,1740.183,0.99583626
156.0381,1755.4286,169.21547,1740.0962,0.9900882
175.54286,1755.4286,187.68105,1740.182,0.983564
195.04762,1755.4286,208.48776,1740.6198,0.97466016
214.55238,1755.4286,229.44756,1739.618,0.99044245
234.05716,1755.4286,247.27316,1739.5647,0.9903492
253.56192,1755.4286,266.7226,1738.1394,0.9203601
273.06668,1755.4286,285.37988,1740.1056,0.5766619
292.57144,1755.4286,304.55676,1740.4019,0.61959106
312.0762,1755.4286,324.68942,1739.0096,0.6831261
331.58096,1755.4286,345.0026,1740.895,0.6069635
351.08572,1755.4286,364.23654,1740.2294,0.34405762
370.59048,1755.4286,383.16223,1740.216,0.2546607
409.6,1755.4286,424.32452,1740.141,0.5071206
429.10477,1755.4286,441.50772,1739.9055,0.8822654
448.60953,1755.4286,461.75665,1740.4257,0.90361893
468.11432,1755.4286,481.1179,1740.7628,0.9457868
487.61908,1755.4286,500.41788,1740.6854,0.98550946
507.12384,1755.4286,521.0929,1740.5986,0.99570155
526.6286,1755.4286,540.4383,1740.4889,0.9843119
546.13336,1755.4286,559.2864,1740.7817,0.99497193
565.6381,1755.4286,577.6352,1740.6683,0.9754098
585.1429,1755.4286,597.02106,1740.4556,0.84498584
604.64764,1755.4286,616.4879,1740.415,0.9434694
624.1524,1755.4286,636.7676,1740.5474,0.89561945
643.65717,1755.4286,656.20276,1740.6669,0.9475121
663.1619,1755.4286,677.7501,1740.6478,0.9941302
682.6667,1755.4286,697.0553,1740.8884,0.99504656
702.17145,1755.4286,714.6361,1740.7441,0.99524504
721.6762,1755.4286,736.036,1740.986,0.9563813
741.18097,1755.4286,754.32007,1742.0223,0.9281596
760.6857,1755.4286,773.3196,1741.7219,0.5560507
780.1905,1755.4286,793.7272,1740.9684,0.60906315
799.69525,1755.4286,812.40717,1740.9753,0.9208219
819.2,1755.4286,832.7246,1741.0027,0.97974366
838.7048,1755.4286,851.28687,1741.1259,0.97658944
858.20953,1755.4286,871.80493,1740.2695,0.98893434
877.7143,1755.4286,890.82196,1739.3113,0.68819106
897.21906,1755.4286,910.6713,1741.1254,0.8394359
936.22864,1755.4286,950.3661,1741.2458,0.982823
955.7334,1755.4286,970.7247,1741.7583,0.9105915
975.23816,1755.4286,988.4377,1741.8008,0.88417417
994.7429,1755.4286,1008.4687,1741.5627,0.9252187
1014.2477,1755.4286,1028.9102,1740.9087,0.95077235
1033.7524,1755.4286,1048.1255,1740.5424,0.8239764
1053.2572,1755.4286,1065.6084,1740.7319,0.88843745
1072.762,1755.4286,1085.2062,1740.9331,0.778378
1092.2667,1755.4286,1104.9523,1741.3046,0.6162141
1111.7715,1755.4286,1123.7079,1741.3333,0.84216356
1131.2762,1755.4286,1143.149,1741.2482,0.83990395
1150.781,1755.4286,1165.1667,1741.3871,0.6567081
1189.7905,1755.4286,1202.4368,1741.1744,0.31770498
1209.2953,1755.4286,1223.29,1740.9689,0.8391987
1228.8,1755.4286,1242.1033,1741.06,0.6805756
1248.3048,1755.4286,1262.3737,1741.7289,0.9174047
1267.8096,1755.4286,1280.2946,1741.4585,0.73770237
1287.3143,1755.4286,1299.6676,1741.6771,0.9734412
1306.8191,1755.4286,1319.6089,1742.1049,0.9574058
1326.3239,1755.4286,1339.8896,1741.5529,0.95619845
1345.8286,1755.4286,1358.8389,1741.9115,0.95352733
1365.3334,1755.4286,1378.5597,1742.2866,0.9158102
1384.8381,1755.4286,1397.454,1742.1588,0.9757854
1404.3429,1755.4286,1416.5009,1741.2767,0.8649412
1423.8477,1755.4286,1437.5686,1741.1249,0.9360027
1443.3524,1755.4286,1457.3552,1742.0791,0.92424273
1462.8572,1755.4286,1475.5396,1741.384,0.9567422
1482.3619,1755.4286,1496.2628,1741.4026,0.82676274
1501.8667,1755.4286,1515.1643,1741.5244,0.6703136
1521.3715,1755.4286,1533.7665,1742.7715,0.63787884
1540.8762,1755.4286,1554.0148,1742.7454,0.8865342
1560.381,1755.4286,1573.6396,1743.5518,0.750745
1579.8857,1755.4286,1593.5403,1743.5719,0.91147155
1599.3905,1755.4286,1612.8666,1741.8307,0.5114777
1618.8953,1755.4286,1631.5908,1742.012,0.9850059
1638.4,1755.4286,1650.9521,1742.597,0.9892628
1657.9048,1755.4286,1671.2778,1742.445,0.9484458
1677.4095,1755.4286,1691.4719,1742.1145,0.9277614
1696.9143,1755.4286,1710.3448,1743.2404,0.8623909
1716.4191,1755.4286,1730.0668,1743.8269,0.8699679
1735.9238,1755.4286,1749.258,1743.501,0.91118824
1755.4286,1755.4286,1769.3291,1742.6315,0.6880643
1774.9333,1755.4286,1789.6796,1743.8308,0.8607825
1794.4381,1755.4286,1808.6198,1743.1045,0.9405925
1813.9429,1755.4286,1827.1084,1742.6099,0.9412855
1833.4476,1755.4286,1845.6849,1743.379,0.9742052
1852.9524,1755.4286,1866.3448,1743.4291,0.91291475
1872.4573,1755.4286,1885.5916,1744.3978,0.68221635
1911.4668,1755.4286,1925.4894,1742.457,0.20667964
1969.9811,1755.4286,1982.9663,1743.216,0.816824
39.009525,1774.9333,50.756905,1758.171,0.8302541
58.51429,1774.9333,70.78667,1758.9492,0.9720362
78.01905,1774.9333,90.049614,1759.4238,0.9532258
97.52381,1774.9333,110.13853,1759.4413,0.988818
117.02858,1774.9333,130.88388,1759.3666,0.9944653
136.53334,1774.9333,150.08444,1758.9229,0.98985434
156.0381,1774.9333,169.57599,1758.9397,0.9886121
175.54286,1774.9333,188.2894,1759.485,0.97865486
195.04762,1774.9333,208.38976,1759.5934,0.9633122
214.55238,1774.9333,227.29735,1760.0936,0.978335
234.05716,1774.9333,248.00864,1759.5709,0.98413837
253.56192,1774.9333,268.95798,1759.5552,0.9889103
273.06668,1774.9333,285.1244,1759.2904,0.92801034
292.57144,1774.9333,304.92856,1759.9437,0.84541166
312.0762,1774.9333,325.58084,1759.9486,0.6827681
331.58096,1774.9333,344.46066,1760.1926,0.73525804
409.6,1774.9333,424.08112,1759.298,0.43164828
448.60953,1774.9333,462.35114,1759.9105,0.9532506
468.11432,1774.9333,481.17197,1759.7263,0.92337406
487.61908,1774.9333,500.1973,1760.2546,0.9860223
507.12384,1774.9333,519.4037,1760.1476,0.96892995
526.6286,1774.9333,540.2374,1760.1976,0.8967158
546.13336,1774.9333,559.37695,1760.0833,0.95423603
565.6381,1774.9333,577.30505,1760.4916,0.8975233
585.1429,1774.9333,597.4217,1759.8182,0.96415275
604.64764,1774.9333,616.7029,1760.1,0.9768217
624.1524,1774.9333,635.39923,1759.9078,0.8434729
643.65717,1774.9333,655.2193,1759.9636,0.9257932
682.6667,1774.9333,696.93335,1759.9608,0.99220264
702.17145,1774.9333,714.3795,1760.1193,0.9955799
721.6762,1774.9333,734.59485,1761.1127,0.94119066
741.18097,1774.9333,754.1363,1760.7098,0.7249969
760.6857,1774.9333,773.7549,1761.1832,0.6840893
780.1905,1774.9333,793.3464,1760.9895,0.92546725
799.69525,1774.9333,812.21454,1760.4302,0.8650381
819.2,1774.9333,831.41,1760.8346,0.9118377
838.7048,1774.9333,849.5502,1760.4685,0.83432585
858.20953,1774.9333,871.2796,1759.9849,0.90593785
877.7143,1774.9333,891.84906,1759.9105,0.7606274
897.21906,1774.9333,912.5115,1760.0094,0.75868696
936.22864,1774.9333,951.1445,1760.495,0.91954917
955.7334,1774.9333,969.37524,1760.5542,0.9617325
975.23816,1774.9333,988.719,1760.6389,0.8770828
994.7429,1774.9333,1008.9907,1760.9514,0.9701385
1014.2477,1774.9333,1028.6163,1760.1526,0.9705372
1033.7524,1774.9333,1046.2285,1760.2657,0.9705081
1053.2572,1774.9333,1066.8607,1760.1151,0.8839054
1072.762,1774.9333,1086.402,1761.1459,0.5176699
1092.2667,1774.9333,1106.8275,1761.3086,0.5897588
1111.7715,1774.9333,1125.4882,1761.0563,0.68183243
1131.2762,1774.9333,1145.0419,1760.7794,0.528627
1150.781,1774.9333,1164.9807,1761.3562,0.6539505
1248.3048,1774.9333,1262.4563,1762.0248,0.83829254
1267.8096,1774.9333,1280.8783,1760.9996,0.82746166
1287.3143,1774.9333,1300.6478,1760.6422,0.9732678
1306.8191,1774.9333,1319.438,1760.9767,0.98141795
1326.3239,1774.9333,1339.5515,1760.9707,0.9733014
1345.8286,1774.9333,1360.4313,1762.2063,0.9665455
1365.3334,1774.9333,1378.6803,1761.1039,0.8828426
1384.8381,1774.9333,1398.5399,1760.9397,0.92461747
1404.3429,1774.9333,1416.436,1761.0386,0.9129033
1423.8477,1774.9333,1436.529,1761.4332,0.8786298
1443.3524,1774.9333,1457.8694,1761.3263,0.8373171
1462.8572,1774.9333,1476.8843,1761.448,0.7233827
1482.3619,1774.9333,1496.5813,1761.2335,0.8537361
1501.8667,1774.9333,1515.4288,1761.1024,0.76798373
1521.3715,1774.9333,1533.4296,1761.296,0.38861984
1540.8762,1774.9333,1554.1553,1761.7943,0.8275699
1560.381,1774.9333,1572.3002,1762.7944,0.9605191
1579.8857,1774.9333,1593.0475,1762.8938,0.959121
1599.3905,1774.9333,1612.3048,1761.1321,0.9416792
1618.8953,1774.9333,1632.5868,1762.5227,0.9200258
1638.4,1774.9333,1652.0604,1763.0154,0.98555267
1657.9048,1774.9333,1671.23,1762.6044,0.99169916
1677.4095,1774.9333,1690.5336,1762.3823,0.9541807
1696.9143,1774.9333,1709.9971,1762.5929,0.9088464
1716.4191,1774.9333,1729.0991,1761.7135,0.8493886
1735.9238,1774.9333,1748.2384,1762.2667,0.92755294
1755.4286,1774.9333,1768.8916,1762.1649,0.9783962
1774.9333,1774.9333,1788.3705,1762.8257,0.99249697
1794.4381,1774.9333,1808.5736,1762.5219,0.9876179
1813.9429,1774.9333,1828.3531,1763.0094,0.9911473
1833.4476,1774.9333,1847.4043,1762.4291,0.99108535
1852.9524,1774.9333,1866.135,1762.3632,0.89222944
1872.4573,1774.9333,1886.834,1763.2355,0.46074516
1891.962,1774.9333,1905.0691,1763.0162,0.5130757
1911.4668,1774.9333,1925.5302,1763.4993,0.39161265
1930.9716,1774.9333,1945.1069,1762.207,0.5462165
1950.4763,1774.9333,1964.5779,1763.0889,0.64034516
1969.9811,1774.9333,1984.4312,1763.4514,0.48242968
39.009525,1794.4381,51.189808,1778.9578,0.9539419
58.51429,1794.4381,70.556786,1778.278,0.7782825
78.01905,1794.4381,90.90717,1779.1653,0.84140164
97.52381,1794.4381,110.066635,1779.1956,0.9839999
117.02858,1794.4381,128.45811,1779.0062,0.9594593
136.53334,1794.4381,150.39354,1778.5029,0.9348322
156.0381,1794.4381,169.83789,1778.0441,0.8929677
175.54286,1794.4381,186.69952,1778.7653,0.8918059
195.04762,1794.4381,207.05676,1778.713,0.92365706
214.55238,1794.4381,226.87213,1779.3795,0.9101855
234.05716,1794.4381,248.69035,1779.2604,0.9795685
253.56192,1794.4381,267.12805,1779.5975,0.9710356
273.06668,1794.4381,285.18005,1779.4023,0.8899663
292.57144,1794.4381,305.39053,1779.7067,0.8779349
312.0762,1794.4381,324.34424,1779.6948,0.8057856
331.58096,1794.4381,342.575,1779.4836,0.4181991
351.08572,1794.4381,364.60455,1779.5883,0.53110725
448.60953,1794.4381,461.5431,1780.0151,0.9372543
468.11432,1794.4381,481.0862,1779.423,0.8888819
487.61908,1794.4381,500.43808,1779.5481,0.94447243
507.12384,1794.4381,519.4248,1779.9943,0.7941625
526.6286,1794.4381,540.7471,1779.942,0.85305756
546.13336,1794.4381,559.14246,1779.3982,0.7483753
565.6381,1794.4381,576.7848,1779.7911,0.8287156
585.1429,1794.4381,596.90753,1779.5886,0.9521143
604.64764,1794.4381,616.4838,1779.5287,0.9717711
624.1524,1794.4381,635.8576,1779.6051,0.9246558
643.65717,1794.4381,657.2017,1779.8087,0.9628367
663.1619,1794.4381,678.651,1779.4541,0.93689114
682.6667,1794.4381,696.8134,1779.8011,0.9788217
702.17145,1794.4381,714.6459,1780.3052,0.96929085
721.6762,1794.4381,733.56464,1779.7535,0.8037171
741.18097,1794.4381,752.5627,1779.6484,0.27042407
760.6857,1794.4381,773.7905,1780.2587,0.36557114
780.1905,1794.4381,793.4315,1780.451,0.7346434
799.69525,1794.4381,812.0974,1779.8834,0.6472908
819.2,1794.4381,831.9697,1780.9359,0.8085788
838.7048,1794.4381,850.58813,1780.3053,0.68626964
858.20953,1794.4381,871.57587,1780.3877,0.82217544
877.7143,1794.4381,891.89966,1779.3076,0.2565992
955.7334,1794.4381,967.8532,1780.2859,0.9264053
975.23816,1794.4381,989.44946,1779.706,0.9458752
1033.7524,1794.4381,1047.6489,1780.2937,0.97281504
1053.2572,1794.4381,1068.4376,1780.5818,0.94583297
1092.2667,1794.4381,1105.7772,1780.6163,0.42899594
1111.7715,1794.4381,1125.142,1780.1381,0.51136035
1131.2762,1794.4381,1144.5917,1781.2194,0.8437664
1228.8,1794.4381,1243.6636,1780.6908,0.21257557
1248.3048,1794.4381,1262.3458,1779.669,0.8705101
1267.8096,1794.4381,1281.5419,1779.9052,0.95347023
1287.3143,1794.4381,1300.8353,1780.3787,0.9876573
1306.8191,1794.4381,1320.5087,1780.9296,0.9910264
1326.3239,1794.4381,1340.3014,1781.3823,0.8827871
1345.8286,1794.4381,1359.8326,1780.7172,0.9026958
1365.3334,1794.4381,1377.5505,1780.2913,0.9857166
1384.8381,1794.4381,1397.3306,1781.086,0.97868675
1404.3429,1794.4381,1417.4948,1781.0504,0.7723469
1443.3524,1794.4381,1457.6351,1781.6807,0.35775703
1462.8572,1794.4381,1475.8016,1780.3412,0.6979668
1482.3619,1794.4381,1495.4388,1782.7877,0.39326862
1501.8667,1794.4381,1515.6521,1780.8212,0.38564306
1521.3715,1794.4381,1534.1716,1781.5414,0.78891903
1540.8762,1794.4381,1554.1548,1781.0464,0.87597835
1560.381,1794.4381,1571.842,1781.3622,0.947121
1579.8857,1794.4381,1592.3264,1781.3966,0.7785923
1599.3905,1794.4381,1612.6982,1781.8257,0.652982
1618.8953,1794.4381,1630.2313,1781.2148,0.8454103
1638.4,1794.4381,1652.2858,1781.6438,0.9255416
1657.9048,1794.4381,1672.3187,1782.8076,0.9797203
1677.4095,1794.4381,1690.8444,1781.334,0.9696113
1696.9143,1794.4381,1710.5505,1781.4412,0.95734984
1716.4191,1794.4381,1729.3933,1781.9897,0.9171545
1735.9238,1794.4381,1749.2621,1781.8599,0.94869536
1755.4286,1794.4381,1768.5879,1782.5519,0.98574704
1774.9333,1794.4381,1789.2689,1781.357,0.9827147
1813.9429,1794.4381,1827.999,1782.0107,0.8585255
1852.9524,1794.4381,1867.9324,1782.5607,0.92036384
1891.962,1794.4381,1906.5032,1781.5431,0.74306315
1911.4668,1794.4381,1926.1743,1781.7948,0.3016812
1930.9716,1794.4381,1945.8328,1782.2444,0.40948224
1950.4763,1794.4381,1964.6135,1782.24,0.7341211
39.009525,1813.9429,52.116776,1797.5319,0.98279357
58.51429,1813.9429,71.571526,1797.771,0.97640145
78.01905,1813.9429,89.722046,1798.3878,0.9637207
97.52381,1813.9429,109.42652,1798.4812,0.9823038
117.02858,1813.9429,127.74735,1798.0452,0.8593294
136.53334,1813.9429,149.11877,1798.4795,0.9073709
156.0381,1813.9429,168.45363,1798.5784,0.8687241
175.54286,1813.9429,187.51889,1798.5896,0.72281605
195.04762,1813.9429,207.38857,1799.3313,0.7103354
214.55238,1813.9429,227.72176,1799.1921,0.9240403
234.05716,1813.9429,249.14574,1797.6947,0.9818282
253.56192,1813.9429,266.12167,1798.2719,0.77860767
273.06668,1813.9429,284.80942,1799.2177,0.6734769
292.57144,1813.9429,304.87357,1798.7682,0.7551278
331.58096,1813.9429,343.45923,1798.8038,0.79730624
351.08572,1813.9429,363.81754,1798.4719,0.49638852
429.10477,1813.9429,443.33572,1799.6688,0.5938673
448.60953,1813.9429,461.6444,1798.9303,0.9067306
468.11432,1813.9429,480.96573,1798.4258,0.88953745
487.61908,1813.9429,500.34946,1798.8701,0.94776154
507.12384,1813.9429,519.6278,1799.4208,0.8214615
526.6286,1813.9429,540.9089,1799.3291,0.7716779
546.13336,1813.9429,559.6353,1799.602,0.7135574
565.6381,1813.9429,577.54987,1799.143,0.6180873
585.1429,1813.9429,596.8943,1799.1516,0.8365459
604.64764,1813.9429,616.8505,1799.1893,0.98121077
624.1524,1813.9429,636.2703,1799.5184,0.93947774
643.65717,1813.9429,656.1697,1798.6663,0.9936482
663.1619,1813.9429,676.78186,1799.1072,0.96909255
682.6667,1813.9429,696.2159,1799.2207,0.9961967
702.17145,1813.9429,714.2911,1799.4114,0.9584359
721.6762,1813.9429,734.58673,1798.8964,0.6160696
741.18097,1813.9429,754.5039,1799.6211,0.5034795
760.6857,1813.9429,773.73975,1799.3469,0.48332855
780.1905,1813.9429,794.19385,1800.5751,0.7019763
799.69525,1813.9429,811.4812,1798.9773,0.87958646
819.2,1813.9429,832.2021,1799.7864,0.8863219
838.7048,1813.9429,854.13245,1799.0262,0.9908859
877.7143,1813.9429,892.71716,1798.7926,0.662933
936.22864,1813.9429,949.312,1799.2878,0.56140554
955.7334,1813.9429,969.4636,1799.3751,0.9711623
975.23816,1813.9429,989.9586,1799.8309,0.97131795
1014.2477,1813.9429,1029.4344,1800.0939,0.9401609
1033.7524,1813.9429,1047.2639,1800.3945,0.8223209
1053.2572,1813.9429,1067.7025,1799.4739,0.8070185
1092.2667,1813.9429,1104.5087,1800.3894,0.5789021
1111.7715,1813.9429,1124.6088,1800.8221,0.90330476
1131.2762,1813.9429,1146.3539,1800.1262,0.67903996
1150.781,1813.9429,1165.542,1799.566,0.5287316
1228.8,1813.9429,1243.6519,1799.5514,0.6722387
1248.3048,1813.9429,1261.7354,1799.0126,0.8067871
1267.8096,1813.9429,1281.0387,1800.6329,0.9243939
1287.3143,1813.9429,1300.4869,1799.8088,0.93009144
1306.8191,1813.9429,1320.0082,1800.6399,0.99287075
1326.3239,1813.9429,1340.6558,1800.5668,0.9195779
1345.8286,1813.9429,1358.1837,1800.9044,0.99070686
1365.3334,1813.9429,1378.6857,1800.6836,0.9870364
1384.8381,1813.9429,1397.4962,1800.0549,0.9731105
1404.3429,1813.9429,1417.3251,1800.5426,0.69473493
1423.8477,1813.9429,1437.3041,1800.5011,0.58924276
1443.3524,1813.9429,1456.789,1800.6842,0.5674094
1462.8572,1813.9429,1474.6227,1799.6656,0.580939
1482.3619,1813.9429,1494.6798,1801.0507,0.5501633
1501.8667,1813.9429,1514.8993,1801.5364,0.6645604
1521.3715,1813.9429,1534.775,1799.9017,0.8035231
1540.8762,1813.9429,1553.7805,1801.0197,0.81311685
1560.381,1813.9429,1576.0797,1800.08,0.6359235
1579.8857,1813.9429,1592.8712,1800.9069,0.9536442
1599.3905,1813.9429,1611.981,1801.0553,0.8928441
1618.8953,1813.9429,1632.177,1802.2346,0.92404383
1638.4,1813.9429,1651.4574,1801.7279,0.96845746
1677.4095,1813.9429,1691.2435,1801.7511,0.9795822
1696.9143,1813.9429,1710.636,1800.2253,0.9863677
1716.4191,1813.9429,1729.3889,1799.9758,0.93876946
1735.9238,1813.9429,1749.5168,1800.6266,0.9587903
1755.4286,1813.9429,1768.9305,1802.4259,0.96052045
1774.9333,1813.9429,1788.5139,1802.3179,0.9099927
1794.4381,1813.9429,1809.0989,1802.1025,0.9585561
1813.9429,1813.9429,1827.2302,1802.1174,0.8638326
1833.4476,1813.9429,1847.6014,1801.4993,0.8470819
1891.962,1813.9429,1905.9481,1802.1992,0.65043247
1911.4668,1813.9429,1925.367,1802.5472,0.41240066
1930.9716,1813.9429,1944.9474,1802.0944,0.5111932
1969.9811,1813.9429,1984.0887,1802.1411,0.53607863
39.009525,1833.4476,51.864326,1816.6897,0.95162034
58.51429,1833.4476,70.8102,1818.1616,0.9833347
78.01905,1833.4476,89.46159,1817.4965,0.9802151
97.52381,1833.4476,109.175735,1818.2046,0.9783134
117.02858,1833.4476,129.54236,1817.5605,0.97975194
136.53334,1833.4476,149.20619,1817.9949,0.93199205
156.0381,1833.4476,168.91502,1818.0774,0.9431
175.54286,1833.4476,188.30923,1817.7899,0.9537162
195.04762,1833.4476,207.42055,1818.7769,0.8589716
214.55238,1833.4476,227.99084,1817.9585,0.8471917
234.05716,1833.4476,248.03687,1818.4066,0.9718072
253.56192,1833.4476,266.34457,1818.7274,0.8781842
273.06668,1833.4476,285.32043,1817.6278,0.6996358
292.57144,1833.4476,305.44846,1818.4052,0.87481487
312.0762,1833.4476,324.49637,1818.5955,0.8566646
331.58096,1833.4476,344.03793,1819.0127,0.86396235
351.08572,1833.4476,362.9196,1818.4846,0.62585104
370.59048,1833.4476,384.63397,1817.6718,0.36140326
390.09525,1833.4476,405.53574,1818.4305,0.21343522
429.10477,1833.4476,441.80783,1818.4802,0.7007109
448.60953,1833.4476,461.33533,1818.3678,0.93628454
468.11432,1833.4476,481.26788,1817.8038,0.9694909
487.61908,1833.4476,500.7159,1817.4418,0.97755337
507.12384,1833.4476,521.4521,1818.8685,0.96569735
526.6286,1833.4476,540.35004,1818.8213,0.9346335
546.13336,1833.4476,558.2148,1819.1246,0.72934747
565.6381,1833.4476,578.2411,1819.4426,0.8701257
585.1429,1833.4476,597.1306,1818.5485,0.82489145
604.64764,1833.4476,616.93964,1818.7311,0.98273736
624.1524,1833.4476,636.94965,1818.9261,0.976655
643.65717,1833.4476,656.8783,1818.8502,0.9969592
663.1619,1833.4476,676.0709,1818.842,0.9839965
682.6667,1833.4476,695.48676,1818.3151,0.9824995
702.17145,1833.4476,713.2576,1818.6881,0.9906582
721.6762,1833.4476,735.70667,1819.0137,0.9507465
741.18097,1833.4476,755.7121,1819.6398,0.86114836
760.6857,1833.4476,772.1942,1818.8093,0.5409638
780.1905,1833.4476,792.81903,1819.4343,0.9649093
799.69525,1833.4476,811.9035,1818.3073,0.9691688
819.2,1833.4476,832.44696,1818.5514,0.9299637
838.7048,1833.4476,852.7588,1818.8174,0.9907213
936.22864,1833.4476,950.71344,1819.5731,0.8766173
955.7334,1833.4476,968.6325,1819.7489,0.803741
975.23816,1833.4476,989.043,1819.6974,0.982965
994.7429,1833.4476,1009.48956,1819.5695,0.9750427
1014.2477,1833.4476,1028.495,1819.9543,0.69235814
1033.7524,1833.4476,1045.1953,1818.92,0.6641464
1053.2572,1833.4476,1066.9844,1819.4446,0.5782185
1072.762,1833.4476,1086.2542,1819.5948,0.53734434
1111.7715,1833.4476,1125.4629,1818.885,0.84040266
1131.2762,1833.4476,1145.4935,1819.1188,0.6808897
1150.781,1833.4476,1164.7181,1819.9517,0.77476466
1189.7905,1833.4476,1203.6553,1818.965,0.6359134
1209.2953,1833.4476,1222.8528,1819.49,0.8331547
1228.8,1833.4476,1241.9095,1819.1136,0.8708347
1248.3048,1833.4476,1261.4629,1819.1664,0.3527666
1267.8096,1833.4476,1279.8131,1819.5702,0.9045347
1287.3143,1833.4476,1299.7207,1819.706,0.92734754
1306.8191,1833.4476,1320.1191,1819.3232,0.97637856
1326.3239,1833.4476,1338.306,1819.7721,0.8450592
1345.8286,1833.4476,1358.3612,1819.9102,0.908788
1365.3334,1833.4476,1377.2241,1819.4768,0.95086366
1384.8381,1833.4476,1397.0432,1820.5413,0.8743595
1404.3429,1833.4476,1417.8424,1820.9554,0.95187426
1423.8477,1833.4476,1437.7017,1821.014,0.97040397
1443.3524,1833.4476,1457.3602,1820.0729,0.9445176
1462.8572,1833.4476,1476.7646,1820.9988,0.62596583
1501.8667,1833.4476,1514.8617,1821.128,0.5884274
1521.3715,1833.4476,1535.2363,1819.4689,0.46285233
1540.8762,1833.4476,1554.8925,1820.0865,0.8586492
1560.381,1833.4476,1574.7103,1821.0159,0.44391418
1638.4,1833.4476,1652.3182,1821.9668,0.9821644
1657.9048,1833.4476,1671.946,1820.541,0.93815446
1677.4095,1833.4476,1690.6506,1820.8054,0.9820032
1696.9143,1833.4476,1711.6715,1819.6245,0.99330103
1716.4191,1833.4476,1731.757,1820.8245,0.9468095
1794.4381,1833.4476,1808.758,1822.1439,0.9461767
1813.9429,1833.4476,1826.0809,1821.1956,0.73746073
1891.962,1833.4476,1906.611,1820.7032,0.758208
1911.4668,1833.4476,1925.5961,1821.3666,0.513248
1930.9716,1833.4476,1944.8154,1822.236,0.4026807
1950.4763,1833.4476,1965.2125,1821.2297,0.6597186
1969.9811,1833.4476,1984.6617,1821.1659,0.61591214
39.009525,1852.9524,51.925663,1836.5763,0.975121
58.51429,1852.9524,71.42353,1835.7434,0.99229014
78.01905,1852.9524,90.34659,1836.7723,0.9745085
97.52381,1852.9524,109.71511,1837.7632,0.97866654
117.02858,1852.9524,129.78383,1837.3293,0.9189462
136.53334,1852.9524,149.39185,1837.3248,0.98443174
156.0381,1852.9524,169.13634,1837.3878,0.9716934
175.54286,1852.9524,187.89583,1837.8483,0.7214539
195.04762,1852.9524,208.22856,1837.1105,0.7675389
214.55238,1852.9524,227.31422,1837.1796,0.97693974
234.05716,1852.9524,245.81573,1838.2628,0.9477475
253.56192,1852.9524,266.16132,1837.4425,0.9004912
273.06668,1852.9524,286.40762,1836.2059,0.7022286
292.57144,1852.9524,306.2222,1837.3007,0.9412077
312.0762,1852.9524,324.91757,1837.2516,0.95074445
331.58096,1852.9524,342.83896,1837.9757,0.8603256
351.08572,1852.9524,365.03217,1837.709,0.80967313
429.10477,1852.9524,443.01285,1836.6013,0.88050675
448.60953,1852.9524,463.99182,1838.1082,0.9858581
468.11432,1852.9524,481.92416,1837.9705,0.97986937
487.61908,1852.9524,501.01877,1837.6029,0.97641814
507.12384,1852.9524,519.9657,1837.8344,0.9841087
526.6286,1852.9524,539.69293,1838.654,0.9397807
546.13336,1852.9524,557.546,1838.2871,0.8404819
565.6381,1852.9524,577.24146,1838.2557,0.928155
585.1429,1852.9524,597.48584,1838.4568,0.94009423
604.64764,1852.9524,617.8821,1838.1575,0.9587587
624.1524,1852.9524,637.46545,1838.688,0.9838086
643.65717,1852.9524,656.2332,1837.795,0.99530774
663.1619,1852.9524,675.76416,1838.2125,0.9940101
682.6667,1852.9524,695.9792,1837.9052,0.9946773
702.17145,1852.9524,714.6783,1837.8048,0.9953881
721.6762,1852.9524,735.5997,1837.9662,0.9980281
741.18097,1852.9524,754.70294,1838.4453,0.9357571
760.6857,1852.9524,773.22955,1838.9458,0.71647537
780.1905,1852.9524,792.7543,1839.8262,0.99192166
799.69525,1852.9524,813.8089,1838.4757,0.97922504
819.2,1852.9524,832.7197,1837.7261,0.9037249
838.7048,1852.9524,852.9288,1838.294,0.9488468
858.20953,1852.9524,873.3445,1838.5499,0.958601
936.22864,1852.9524,950.74615,1839.1017,0.95301723
955.7334,1852.9524,968.1067,1839.7367,0.84265804
975.23816,1852.9524,989.3916,1838.6897,0.9767252
994.7429,1852.9524,1007.6638,1838.8135,0.972943
1014.2477,1852.9524,1028.6707,1838.4027,0.94112355
1033.7524,1852.9524,1047.9202,1838.0736,0.9087683
1053.2572,1852.9524,1066.5441,1838.5039,0.6210464
1072.762,1852.9524,1086.8787,1838.9052,0.20748954
1092.2667,1852.9524,1104.9783,1839.2349,0.6493414
1111.7715,1852.9524,1125.5494,1838.1663,0.7887506
1131.2762,1852.9524,1145.7169,1838.502,0.9065045
1150.781,1852.9524,1164.2743,1839.1816,0.8798126
1170.2858,1852.9524,1182.1049,1839.2084,0.91940737
1189.7905,1852.9524,1204.3542,1838.6992,0.80037016
1209.2953,1852.9524,1222.6082,1838.706,0.9278348
1228.8,1852.9524,1241.8914,1838.7793,0.9328834
1248.3048,1852.9524,1261.0719,1839.0043,0.8432558
1267.8096,1852.9524,1280.8499,1838.7275,0.97688955
1287.3143,1852.9524,1300.7214,1838.9282,0.9615944
1306.8191,1852.9524,1319.0308,1840.2225,0.7638222
1326.3239,1852.9524,1338.2758,1839.7523,0.7002554
1345.8286,1852.9524,1357.9406,1839.2012,0.97850907
1365.3334,1852.9524,1378.067,1839.3619,0.74110985
1384.8381,1852.9524,1397.7668,1839.0511,0.60432994
1404.3429,1852.9524,1418.7742,1839.7688,0.8944327
1423.8477,1852.9524,1439.1005,1839.0835,0.9630741
1443.3524,1852.9524,1459.056,1839.0552,0.93877923
1462.8572,1852.9524,1475.4103,1839.3599,0.83207494
1482.3619,1852.9524,1494.8441,1839.047,0.50077164
1501.8667,1852.9524,1515.3677,1841.11,0.5795976
1521.3715,1852.9524,1535.2498,1840.6633,0.6651566
1540.8762,1852.9524,1553.8474,1840.152,0.670006
1560.381,1852.9524,1573.2676,1839.4772,0.7896476
1579.8857,1852.9524,1594.606,1839.7345,0.9569946
1599.3905,1852.9524,1613.1263,1839.9033,0.9798646
1618.8953,1852.9524,1632.973,1840.9142,0.9736575
1638.4,1852.9524,1652.2236,1841.3387,0.95002574
1657.9048,1852.9524,1672.2739,1839.597,0.9654573
1677.4095,1852.9524,1690.4155,1840.5376,0.9414834
1696.9143,1852.9524,1712.1256,1840.2998,0.95352316
1735.9238,1852.9524,1749.7512,1840.0905,0.84653115
1774.9333,1852.9524,1789.2024,1840.2543,0.8214997
1794.4381,1852.9524,1808.0332,1840.4247,0.94256246
1813.9429,1852.9524,1827.1868,1840.742,0.92407084
1833.4476,1852.9524,1847.2665,1840.5159,0.8816559
1872.4573,1852.9524,1888.1465,1840.0167,0.92648137
1891.962,1852.9524,1905.8995,1841.3602,0.85840386
1911.4668,1852.9524,1924.1948,1841.594,0.65188295
1930.9716,1852.9524,1945.015,1841.0773,0.9140324
1969.9811,1852.9524,1983.3392,1840.4067,0.718695
39.009525,1872.4573,50.97255,1856.323,0.8751854
58.51429,1872.4573,70.55202,1855.8379,0.97562474
78.01905,1872.4573,90.47658,1856.2821,0.9792066
97.52381,1872.4573,109.79707,1855.789,0.99069047
117.02858,1872.4573,130.11414,1856.3674,0.91653085
136.53334,1872.4573,148.61592,1856.4479,0.82786685
156.0381,1872.4573,168.43822,1857.1606,0.9273372
175.54286,1872.4573,187.40848,1857.4147,0.8255015
195.04762,1872.4573,207.7773,1857.2107,0.8048754
214.55238,1872.4573,227.35382,1857.0035,0.72101027
234.05716,1872.4573,246.37785,1857.413,0.96219593
253.56192,1872.4573,266.0252,1857.9672,0.88580006
292.57144,1872.4573,307.23138,1857.5621,0.92024267
312.0762,1872.4573,325.15692,1857.3639,0.978707
331.58096,1872.4573,344.53326,1857.4703,0.7401121
351.08572,1872.4573,363.31635,1856.8612,0.5552651
409.6,1872.4573,423.82214,1857.4203,0.44134313
468.11432,1872.4573,483.5699,1856.828,0.98400015
487.61908,1872.4573,500.23956,1857.0419,0.98492014
507.12384,1872.4573,519.2898,1857.1901,0.9814904
526.6286,1872.4573,539.7649,1857.84,0.98095876
546.13336,1872.4573,558.8854,1857.774,0.91676605
565.6381,1872.4573,577.7475,1857.3677,0.90379703
585.1429,1872.4573,598.47284,1857.5261,0.9323707
604.64764,1872.4573,617.91266,1857.6879,0.935731
624.1524,1872.4573,638.4228,1857.4003,0.9902992
643.65717,1872.4573,655.9632,1857.2192,0.980367
663.1619,1872.4573,675.6394,1857.4554,0.9913985
682.6667,1872.4573,695.18805,1857.8848,0.9983787
702.17145,1872.4573,716.7087,1858.4379,0.9961271
721.6762,1872.4573,735.7705,1857.2958,0.99216706
741.18097,1872.4573,754.265,1857.6863,0.97039294
760.6857,1872.4573,774.133,1858.0527,0.9411219
780.1905,1872.4573,793.8719,1858.2865,0.96222705
799.69525,1872.4573,813.6083,1858.2238,0.9758305
819.2,1872.4573,833.9782,1857.895,0.9518385
838.7048,1872.4573,852.13354,1857.2329,0.97009146
858.20953,1872.4573,872.87756,1857.4988,0.9197147
877.7143,1872.4573,892.83905,1858.1261,0.97137713
897.21906,1872.4573,911.8959,1858.1039,0.9497003
916.7238,1872.4573,930.93774,1858.956,0.9250304
936.22864,1872.4573,949.72943,1858.0371,0.9279212
955.7334,1872.4573,969.2406,1858.3857,0.7293256
975.23816,1872.4573,988.80804,1858.087,0.8848972
994.7429,1872.4573,1009.418,1859.1744,0.9555833
1014.2477,1872.4573,1028.5396,1858.5682,0.9344027
1033.7524,1872.4573,1047.0084,1857.3881,0.9417421
1053.2572,1872.4573,1065.9325,1857.8986,0.64601153
1072.762,1872.4573,1086.622,1858.1561,0.803154
1092.2667,1872.4573,1105.5602,1858.1794,0.71819323
1111.7715,1872.4573,1126.5171,1858.0729,0.8343524
1131.2762,1872.4573,1144.3406,1858.097,0.75250643
1150.781,1872.4573,1163.0985,1858.2184,0.8797761
1170.2858,1872.4573,1183.6062,1858.018,0.9679849
1189.7905,1872.4573,1203.1465,1859.2131,0.96171623
1209.2953,1872.4573,1222.6693,1859.075,0.95177734
1228.8,1872.4573,1242.6119,1858.6846,0.9904725
1248.3048,1872.4573,1261.915,1858.6287,0.98777837
1267.8096,1872.4573,1280.2551,1859.4716,0.94973904
1287.3143,1872.4573,1300.0826,1859.2389,0.8905348
1306.8191,1872.4573,1318.4584,1859.1078,0.51061857
1326.3239,1872.4573,1338.7185,1859.6093,0.6888267
1345.8286,1872.4573,1359.3856,1859.2401,0.9467414
1365.3334,1872.4573,1377.5933,1859.6234,0.62429816
1384.8381,1872.4573,1397.4918,1858.7522,0.8755882
1404.3429,1872.4573,1417.7559,1859.4302,0.7932913
1423.8477,1872.4573,1437.26,1858.7255,0.93026173
1443.3524,1872.4573,1457.944,1858.2355,0.8780722
1462.8572,1872.4573,1475.3784,1859.4763,0.91988164
1482.3619,1872.4573,1495.7346,1859.4678,0.92112184
1501.8667,1872.4573,1514.9414,1859.2865,0.9422551
1521.3715,1872.4573,1534.7543,1859.2708,0.8894807
1540.8762,1872.4573,1553.17,1859.4255,0.9726027
1560.381,1872.4573,1574.168,1858.7737,0.86406815
1579.8857,1872.4573,1592.9741,1858.9542,0.9256868
1599.3905,1872.4573,1613.0421,1858.938,0.594249
1618.8953,1872.4573,1632.37,1859.9485,0.908208
1638.4,1872.4573,1651.5555,1858.9583,0.88891774
1657.9048,1872.4573,1671.8123,1860.6707,0.95756805
1677.4095,1872.4573,1691.4965,1860.4601,0.9819494
1696.9143,1872.4573,1710.2673,1859.9038,0.9559649
1716.4191,1872.4573,1729.5215,1859.2026,0.9601771
1735.9238,1872.4573,1749.3663,1860.7137,0.78814554
1755.4286,1872.4573,1769.1417,1859.3474,0.7761577
1774.9333,1872.4573,1789.47,1859.5719,0.889807
1794.4381,1872.4573,1807.5087,1859.614,0.9270596
1813.9429,1872.4573,1827.7665,1860.2115,0.8932243
1891.962,1872.4573,1905.3508,1860.9376,0.5502542
1911.4668,1872.4573,1925.2225,1861.3007,0.85849386
1930.9716,1872.4573,1944.5895,1860.9559,0.9303766
1969.9811,1872.4573,1984.1211,1860.6575,0.91119736
39.009525,1891.962,52.932945,1875.5342,0.7604497
58.51429,1891.962,70.627396,1876.5123,0.96883
78.01905,1891.962,89.31167,1876.8192,0.95960885
97.52381,1891.962,109.74647,1877.0417,0.9767549
117.02858,1891.962,128.7852,1876.3694,0.9008672
136.53334,1891.962,148.83405,1876.2185,0.8907742
156.0381,1891.962,167.72957,1875.8162,0.78625935
175.54286,1891.962,187.99744,1876.2782,0.6551203
195.04762,1891.962,207.5509,1875.9122,0.5366139
214.55238,1891.962,227.48856,1876.6245,0.614599
234.05716,1891.962,245.6596,1877.342,0.703087
253.56192,1891.962,267.14957,1877.7462,0.939239
273.06668,1891.962,286.95215,1876.9877,0.9737982
292.57144,1891.962,305.6905,1876.1764,0.9672008
312.0762,1891.962,325.9162,1876.3776,0.960077
331.58096,1891.962,343.24945,1876.921,0.8143694
351.08572,1891.962,363.78156,1876.9087,0.52275306
409.6,1891.962,423.67157,1876.8652,0.24156156
429.10477,1891.962,444.54376,1876.3048,0.2452049
468.11432,1891.962,482.73053,1876.6825,0.9600731
487.61908,1891.962,499.36816,1876.86,0.9904251
507.12384,1891.962,521.1,1877.673,0.9711221
526.6286,1891.962,540.73694,1877.5867,0.92012227
546.13336,1891.962,557.733,1877.3754,0.94029117
565.6381,1891.962,578.2543,1877.1686,0.958981
585.1429,1891.962,598.39417,1877.4791,0.9902579
604.64764,1891.962,618.2591,1876.8795,0.9948389
624.1524,1891.962,638.02527,1877.5352,0.9813719
643.65717,1891.962,658.3166,1877.3896,0.92793417
663.1619,1891.962,678.1423,1877.3903,0.93369055
682.6667,1891.962,696.5691,1877.458,0.9813969
702.17145,1891.962,716.2156,1877.6564,0.9766935
721.6762,1891.962,734.8281,1877.8987,0.98152316
741.18097,1891.962,753.545,1877.7542,0.9851746
760.6857,1891.962,773.67084,1876.8495,0.9811109
780.1905,1891.962,792.88837,1876.8973,0.95654845
799.69525,1891.962,812.824,1877.4055,0.93840045
819.2,1891.962,832.13605,1877.4569,0.8016696
838.7048,1891.962,853.01556,1877.7352,0.9744431
858.20953,1891.962,871.56573,1877.064,0.97081363
877.7143,1891.962,889.989,1877.349,0.9555483
897.21906,1891.962,909.7829,1877.0282,0.9729384
916.7238,1891.962,929.98956,1877.0294,0.9829411
936.22864,1891.962,949.07294,1877.6191,0.84536976
994.7429,1891.962,1006.90564,1877.2329,0.9882811
1014.2477,1891.962,1025.8024,1877.6892,0.968071
1033.7524,1891.962,1045.457,1877.6565,0.9201189
1053.2572,1891.962,1066.1447,1877.7653,0.83754885
1072.762,1891.962,1086.6345,1877.824,0.80508804
1092.2667,1891.962,1106.176,1877.8795,0.73136777
1111.7715,1891.962,1124.31,1878.1594,0.89415544
1131.2762,1891.962,1144.0741,1877.4855,0.66940707
1150.781,1891.962,1164.1996,1877.0336,0.9563227
1170.2858,1891.962,1182.7728,1877.5714,0.99034035
1189.7905,1891.962,1202.5289,1878.3325,0.9838202
1209.2953,1891.962,1224.4806,1877.7771,0.9798046
1228.8,1891.962,1242.5577,1877.8643,0.98612946
1248.3048,1891.962,1262.0669,1879.0142,0.9822719
1267.8096,1891.962,1281.5312,1878.7845,0.91756827
1287.3143,1891.962,1301.359,1878.6097,0.77443945
1306.8191,1891.962,1319.5516,1879.2467,0.8784351
1326.3239,1891.962,1339.8793,1879.5294,0.9115859
1345.8286,1891.962,1358.2712,1878.3613,0.9178649
1365.3334,1891.962,1377.8606,1878.7166,0.6658151
1384.8381,1891.962,1398.3604,1877.7972,0.7975346
1404.3429,1891.962,1417.5839,1877.8412,0.9220087
1423.8477,1891.962,1436.8988,1878.3468,0.8488569
1443.3524,1891.962,1456.7675,1877.8687,0.8792243
1462.8572,1891.962,1474.2122,1877.573,0.92861426
1482.3619,1891.962,1496.8785,1878.4305,0.9313132
1501.8667,1891.962,1514.5851,1879.3314,0.54906505
1521.3715,1891.962,1534.6545,1879.2319,0.54181653
1540.8762,1891.962,1554.4714,1879.4791,0.94533926
1560.381,1891.962,1573.0533,1878.5096,0.90091544
1579.8857,1891.962,1592.4514,1879.2169,0.49328345
1599.3905,1891.962,1612.6884,1878.1663,0.47008762
1618.8953,1891.962,1632.4744,1878.6561,0.35107753
1638.4,1891.962,1652.1611,1879.562,0.68510574
1657.9048,1891.962,1671.8383,1879.5927,0.9428832
1677.4095,1891.962,1690.904,1878.1351,0.9407546
1696.9143,1891.962,1709.7128,1878.92,0.9802713
1716.4191,1891.962,1729.9589,1880.6526,0.9576729
1755.4286,1891.962,1769.3273,1880.1163,0.77863055
1774.9333,1891.962,1788.955,1879.7937,0.65941733
1794.4381,1891.962,1808.2972,1879.4587,0.9079313
1813.9429,1891.962,1827.8875,1880.1343,0.9059522
1833.4476,1891.962,1847.8983,1880.007,0.8445873
1891.962,1891.962,1905.4956,1880.295,0.77153957
1911.4668,1891.962,1924.3345,1880.5505,0.497587
1950.4763,1891.962,1963.7612,1880.686,0.7861186
1969.9811,1891.962,1984.8232,1879.7024,0.7564533
39.009525,1911.4668,52.60611,1896.3724,0.7457677
58.51429,1911.4668,70.853386,1895.7057,0.97534955
78.01905,1911.4668,90.11946,1896.308,0.96748054
97.52381,1911.4668,109.88997,1896.0468,0.9615997
117.02858,1911.4668,129.49149,1895.1581,0.9814556
136.53334,1911.4668,148.83452,1895.9235,0.88724506
156.0381,1911.4668,169.23312,1896.2198,0.9423066
175.54286,1911.4668,188.08177,1895.559,0.9117984
195.04762,1911.4668,208.2824,1896.0364,0.51071924
214.55238,1911.4668,227.67148,1895.9221,0.5015875
234.05716,1911.4668,247.26762,1896.4104,0.80339813
253.56192,1911.4668,266.84747,1896.0458,0.92790914
273.06668,1911.4668,286.1555,1896.1248,0.9471367
292.57144,1911.4668,305.4418,1896.6849,0.90925866
312.0762,1911.4668,325.4792,1896.1941,0.95652086
331.58096,1911.4668,343.71072,1896.4128,0.7929883
351.08572,1911.4668,364.37445,1896.6868,0.5302205
409.6,1911.4668,424.16727,1896.655,0.3028585
429.10477,1911.4668,441.27914,1896.3806,0.3858346
448.60953,1911.4668,461.99765,1897.168,0.809575
468.11432,1911.4668,481.2593,1896.1394,0.98226416
487.61908,1911.4668,501.13647,1896.5378,0.9842194
507.12384,1911.4668,520.8422,1896.1042,0.9505978
526.6286,1911.4668,540.5312,1896.7864,0.9470923
546.13336,1911.4668,558.8197,1896.0885,0.9642035
565.6381,1911.4668,577.8687,1896.6565,0.92313755
585.1429,1911.4668,598.46954,1897.0481,0.99299276
604.64764,1911.4668,618.1462,1896.5146,0.9948907
624.1524,1911.4668,638.0781,1897.4943,0.98294646
643.65717,1911.4668,658.19714,1896.7443,0.9406422
663.1619,1911.4668,677.6423,1895.6086,0.9419069
682.6667,1911.4668,696.6658,1896.5615,0.9048573
702.17145,1911.4668,715.70074,1896.2755,0.8214115
721.6762,1911.4668,734.88745,1896.8171,0.9630904
741.18097,1911.4668,753.7272,1896.9668,0.97548145
760.6857,1911.4668,775.50745,1896.7145,0.919693
780.1905,1911.4668,794.0984,1896.639,0.70474726
799.69525,1911.4668,810.976,1896.6184,0.47758394
819.2,1911.4668,832.1806,1896.784,0.6249914
838.7048,1911.4668,853.1639,1895.9398,0.7429012
858.20953,1911.4668,870.2601,1896.8259,0.6830541
877.7143,1911.4668,890.2525,1897.152,0.77583003
897.21906,1911.4668,910.741,1896.716,0.9893037
916.7238,1911.4668,930.3512,1896.7755,0.973852
936.22864,1911.4668,949.59076,1896.9574,0.79641
975.23816,1911.4668,989.63196,1897.5942,0.912773
994.7429,1911.4668,1008.25867,1897.7274,0.98019797
1014.2477,1911.4668,1029.0581,1897.2577,0.9466711
1033.7524,1911.4668,1047.2566,1896.801,0.21072724
1053.2572,1911.4668,1067.0789,1897.9408,0.7160048
1111.7715,1911.4668,1126.722,1897.3578,0.75876176
1131.2762,1911.4668,1144.5786,1897.6136,0.89519256
1150.781,1911.4668,1163.7668,1897.0679,0.9797532
1170.2858,1911.4668,1184.3368,1897.1166,0.9767073
1189.7905,1911.4668,1204.0652,1897.7488,0.9880674
1209.2953,1911.4668,1224.0765,1897.1112,0.99280643
1228.8,1911.4668,1243.2148,1896.8538,0.98306507
1248.3048,1911.4668,1261.9196,1897.5223,0.9889906
1267.8096,1911.4668,1280.5111,1897.6377,0.99017614
1287.3143,1911.4668,1301.1462,1897.9319,0.866807
1306.8191,1911.4668,1320.6967,1898.542,0.9366248
1326.3239,1911.4668,1339.5021,1898.6383,0.5443696
1345.8286,1911.4668,1359.039,1897.6711,0.8326808
1365.3334,1911.4668,1378.6476,1897.7177,0.91504496
1384.8381,1911.4668,1398.3287,1898.7891,0.81104046
1404.3429,1911.4668,1417.9017,1898.7028,0.90075654
1423.8477,1911.4668,1436.6858,1898.245,0.92064446
1443.3524,1911.4668,1455.8828,1898.2435,0.88776726
1462.8572,1911.4668,1475.7853,1898.3456,0.86377716
1482.3619,1911.4668,1493.9044,1897.8583,0.8646184
1501.8667,1911.4668,1514.9524,1898.6299,0.92214847
1521.3715,1911.4668,1534.4789,1899.2422,0.8553759
1540.8762,1911.4668,1553.9744,1898.2858,0.68919855
1560.381,1911.4668,1574.024,1898.681,0.9021642
1579.8857,1911.4668,1593.4905,1898.8539,0.88901484
1599.3905,1911.4668,1613.044,1898.8362,0.5344522
1618.8953,1911.4668,1632.9541,1898.891,0.39573073
1638.4,1911.4668,1652.4529,1897.958,0.57348615
1657.9048,1911.4668,1671.1451,1899.5308,0.8011556
1677.4095,1911.4668,1690.5609,1898.917,0.70009345
1696.9143,1911.4668,1710.5499,1899.4084,0.8422796
1716.4191,1911.4668,1729.8121,1899.7859,0.94854987
1735.9238,1911.4668,1749.918,1899.1533,0.94024813
1755.4286,1911.4668,1769.6702,1898.6289,0.91463983
1774.9333,1911.4668,1789.2726,1898.4977,0.6967717
1794.4381,1911.4668,1808.8466,1899.1455,0.417411
1852.9524,1911.4668,1867.6001,1899.1598,0.74717426
1872.4573,1911.4668,1886.3556,1898.1809,0.9278985
1911.4668,1911.4668,1925.4907,1899.333,0.84461373
1930.9716,1911.4668,1943.7817,1900.4133,0.23990549
1950.4763,1911.4668,1964.6329,1900.0138,0.767472
1969.9811,1911.4668,1984.007,1900.0083,0.54303795
39.009525,1930.9716,50.978725,1915.9535,0.7843051
58.51429,1930.9716,71.78473,1915.0247,0.93326753
78.01905,1930.9716,90.83215,1915.8644,0.97596437
97.52381,1930.9716,109.55764,1915.9434,0.972598
117.02858,1930.9716,129.5182,1914.5011,0.9114608
136.53334,1930.9716,150.56984,1915.7885,0.8758546
156.0381,1930.9716,169.53595,1916.0764,0.57955533
175.54286,1930.9716,187.96973,1915.5498,0.54238474
234.05716,1930.9716,247.4913,1915.5195,0.49163708
253.56192,1930.9716,265.58212,1915.634,0.8355124
273.06668,1930.9716,285.67264,1915.535,0.78823555
292.57144,1930.9716,305.75098,1915.4948,0.807816
312.0762,1930.9716,324.49655,1915.6805,0.8357086
331.58096,1930.9716,344.33832,1915.8029,0.33906567
351.08572,1930.9716,364.65082,1915.815,0.73742706
370.59048,1930.9716,383.5229,1916.2224,0.73483723
390.09525,1930.9716,402.77353,1915.6951,0.44695318
409.6,1930.9716,422.9307,1916.351,0.5404417
429.10477,1930.9716,442.4581,1915.7776,0.4843087
448.60953,1930.9716,461.34955,1915.8226,0.82221216
468.11432,1930.9716,481.49658,1916.295,0.96385074
487.61908,1930.9716,500.73926,1916.1763,0.9933425
507.12384,1930.9716,520.3829,1916.0813,0.8051498
526.6286,1930.9716,539.5707,1916.0994,0.94994575
546.13336,1930.9716,559.57,1916.0126,0.96039546
565.6381,1930.9716,578.162,1916.0684,0.9185124
585.1429,1930.9716,598.2181,1916.347,0.9965815
604.64764,1930.9716,617.7195,1916.6058,0.99188405
624.1524,1930.9716,637.6976,1916.3556,0.92301446
643.65717,1930.9716,656.6501,1916.4242,0.7812982
663.1619,1930.9716,675.82855,1914.889,0.86509925
682.6667,1930.9716,696.57654,1916.3901,0.85457927
702.17145,1930.9716,716.78784,1916.3795,0.9402745
721.6762,1930.9716,734.0368,1916.4342,0.9490749
741.18097,1930.9716,753.58606,1916.4829,0.94796383
760.6857,1930.9716,772.759,1915.8292,0.4992471
780.1905,1930.9716,793.21484,1916.312,0.80853754
799.69525,1930.9716,812.1135,1916.6901,0.68674904
819.2,1930.9716,833.3513,1916.6383,0.8680723
858.20953,1930.9716,871.9129,1915.7642,0.68645203
877.7143,1930.9716,891.86096,1916.1388,0.9529981
897.21906,1930.9716,910.6468,1917.0243,0.88311076
916.7238,1930.9716,931.56915,1916.4424,0.97160506
975.23816,1930.9716,989.98694,1917.0276,0.9356846
994.7429,1930.9716,1008.74005,1917.4077,0.9725458
1072.762,1930.9716,1087.4432,1917.8722,0.58939713
1092.2667,1930.9716,1106.5002,1916.6852,0.903749
1111.7715,1930.9716,1126.0497,1916.7665,0.81719726
1131.2762,1930.9716,1143.0756,1917.0043,0.9873479
1150.781,1930.9716,1164.9552,1916.876,0.9750966
1170.2858,1930.9716,1183.7755,1916.8262,0.962949
1189.7905,1930.9716,1203.7771,1917.6813,0.9085932
1209.2953,1930.9716,1221.7795,1917.9601,0.9692583
1228.8,1930.9716,1242.7712,1917.2623,0.97352254
1248.3048,1930.9716,1261.5084,1917.2268,0.98885846
1267.8096,1930.9716,1281.3306,1916.5902,0.97921747
1287.3143,1930.9716,1300.0172,1917.605,0.9892226
1306.8191,1930.9716,1320.0764,1918.1204,0.9712666
1326.3239,1930.9716,1340.58,1917.0004,0.94220436
1345.8286,1930.9716,1357.7993,1917.2272,0.7858385
1365.3334,1930.9716,1378.931,1917.0173,0.93622327
1384.8381,1930.9716,1398.1383,1916.9067,0.8938327
1404.3429,1930.9716,1417.3022,1918.739,0.90555745
1423.8477,1930.9716,1436.5156,1916.9827,0.96177894
1443.3524,1930.9716,1455.5533,1917.0303,0.7409795
1462.8572,1930.9716,1476.0013,1917.5178,0.6841696
1482.3619,1930.9716,1494.3041,1917.2875,0.5248013
1501.8667,1930.9716,1515.1687,1917.8087,0.73366207
1521.3715,1930.9716,1535.464,1918.7798,0.75829947
1540.8762,1930.9716,1553.0977,1918.1249,0.740829
1560.381,1930.9716,1574.116,1917.5232,0.9290521
1579.8857,1930.9716,1592.669,1919.2599,0.9590131
1599.3905,1930.9716,1614.2152,1917.5682,0.6958842
1618.8953,1930.9716,1633.4895,1917.3107,0.43339393
1638.4,1930.9716,1652.2517,1917.6401,0.51168746
1657.9048,1930.9716,1670.8005,1917.764,0.77102554
1677.4095,1930.9716,1690.2184,1918.914,0.56960124
1696.9143,1930.9716,1710.0444,1918.8505,0.92031705
1716.4191,1930.9716,1730.1113,1919.4224,0.939902
1735.9238,1930.9716,1750.216,1919.1151,0.93612623
1755.4286,1930.9716,1769.7742,1918.571,0.9614408
1774.9333,1930.9716,1788.8898,1917.6752,0.7248827
1794.4381,1930.9716,1808.3583,1918.6285,0.52948695
1852.9524,1930.9716,1867.1976,1919.2137,0.57642055
1872.4573,1930.9716,1886.0654,1919.8466,0.8095413
1891.962,1930.9716,1906.0988,1919.6643,0.39466512
1911.4668,1930.9716,1926.0522,1918.5782,0.8076234
1930.9716,1930.9716,1944.4269,1919.4624,0.84049344
1969.9811,1930.9716,1983.8612,1919.0376,0.54496664
39.009525,1950.4763,51.3006,1934.8593,0.7433584
58.51429,1950.4763,70.23554,1934.3867,0.9075905
78.01905,1950.4763,90.82894,1934.6282,0.9743914
97.52381,1950.4763,110.20631,1934.5623,0.96623445
117.02858,1950.4763,130.3902,1934.9794,0.8377518
136.53334,1950.4763,149.67365,1935.4459,0.76259905
156.0381,1950.4763,169.88583,1935.5405,0.7260395
234.05716,1950.4763,248.53879,1934.097,0.3448597
253.56192,1950.4763,265.74786,1935.0962,0.6053593
273.06668,1950.4763,284.96606,1934.8059,0.8829529
292.57144,1950.4763,305.44354,1934.7053,0.93926144
312.0762,1950.4763,325.13498,1935.842,0.7399903
351.08572,1950.4763,364.0018,1935.6754,0.56534785
370.59048,1950.4763,383.68393,1935.0737,0.47857797
390.09525,1950.4763,402.52585,1935.8595,0.24696502
409.6,1950.4763,422.03867,1935.9128,0.54605585
429.10477,1950.4763,442.39197,1935.8256,0.86437184
448.60953,1950.4763,460.24112,1936.0737,0.8518894
468.11432,1950.4763,481.01328,1935.9109,0.96849024
487.61908,1950.4763,500.9925,1935.641,0.9800446
507.12384,1950.4763,520.9176,1935.1392,0.9471983
526.6286,1950.4763,539.27094,1935.6063,0.9630491
546.13336,1950.4763,558.29926,1935.3727,0.9472763
565.6381,1950.4763,579.0083,1935.7421,0.9836567
585.1429,1950.4763,598.7115,1935.3894,0.9910421
604.64764,1950.4763,617.31146,1935.8708,0.90134925
624.1524,1950.4763,637.723,1935.7229,0.7615992
643.65717,1950.4763,656.93976,1935.6632,0.54797906
663.1619,1950.4763,677.3249,1934.994,0.9351283
702.17145,1950.4763,716.7781,1936.6105,0.8826582
721.6762,1950.4763,735.45874,1936.0399,0.8761849
741.18097,1950.4763,754.70184,1935.579,0.6854127
760.6857,1950.4763,775.22156,1936.0547,0.95683235
780.1905,1950.4763,793.8795,1936.3044,0.93460697
799.69525,1950.4763,812.95294,1936.3502,0.96749246
819.2,1950.4763,834.0039,1936.346,0.9609864
838.7048,1950.4763,853.6202,1935.6547,0.9598239
858.20953,1950.4763,873.1458,1936.1857,0.98509353
877.7143,1950.4763,892.546,1935.6895,0.95815986
897.21906,1950.4763,910.7554,1935.4646,0.98152095
916.7238,1950.4763,930.8307,1935.5916,0.9717367
955.7334,1950.4763,970.6629,1935.3187,0.90739274
975.23816,1950.4763,988.4928,1936.0043,0.9670533
994.7429,1950.4763,1007.9303,1936.1108,0.9737933
1092.2667,1950.4763,1105.005,1937.2274,0.7315136
1111.7715,1950.4763,1125.2277,1936.4135,0.97212434
1131.2762,1950.4763,1143.8436,1935.9238,0.962078
1150.781,1950.4763,1164.7197,1936.2681,0.9626713
1170.2858,1950.4763,1182.6362,1935.6172,0.81143564
1189.7905,1950.4763,1203.6052,1936.773,0.8250771
1209.2953,1950.4763,1221.6104,1936.8884,0.9460938
1228.8,1950.4763,1240.2932,1936.383,0.98036456
1248.3048,1950.4763,1261.7595,1936.4801,0.95183265
1267.8096,1950.4763,1282.129,1936.6578,0.9860636
1287.3143,1950.4763,1300.465,1936.2313,0.95781994
1306.8191,1950.4763,1319.7852,1936.5134,0.7788769
1326.3239,1950.4763,1339.3322,1936.3745,0.7224474
1345.8286,1950.4763,1358.007,1937.1395,0.84777564
1365.3334,1950.4763,1377.7269,1936.5825,0.81897813
1384.8381,1950.4763,1398.4843,1936.3304,0.88587004
1404.3429,1950.4763,1417.7212,1936.7457,0.80223346
1423.8477,1950.4763,1436.8284,1936.8821,0.8866702
1443.3524,1950.4763,1457.1051,1936.5372,0.7285848
1462.8572,1950.4763,1475.8667,1937.0221,0.5982074
1482.3619,1950.4763,1495.0859,1936.9283,0.7621248
1501.8667,1950.4763,1515.0386,1938.2087,0.9332641
1521.3715,1950.4763,1535.5847,1937.02,0.9067183
1540.8762,1950.4763,1554.4265,1936.477,0.9206924
1560.381,1950.4763,1574.0525,1937.8291,0.8914937
1579.8857,1950.4763,1593.9725,1937.9446,0.9080583
1599.3905,1950.4763,1612.2587,1937.3955,0.93272376
1618.8953,1950.4763,1633.6119,1938.1208,0.78642124
1638.4,1950.4763,1652.2328,1937.5162,0.79262984
1657.9048,1950.4763,1671.7755,1938.0359,0.87654394
1677.4095,1950.4763,1691.1748,1938.7177,0.7044844
1696.9143,1950.4763,1710.152,1938.3184,0.95354915
1716.4191,1950.4763,1730.3274,1938.2668,0.96631145
1735.9238,1950.4763,1749.9353,1938.8555,0.9467433
1755.4286,1950.4763,1769.1464,1939.0369,0.9790454
1774.9333,1950.4763,1789.0758,1938.6201,0.7785882
1794.4381,1950.4763,1807.8224,1937.8768,0.56081
1813.9429,1950.4763,1827.3752,1938.8191,0.7143224
1833.4476,1950.4763,1846.3608,1939.1378,0.6927295
1852.9524,1950.4763,1865.8197,1938.4269,0.48626304
1872.4573,1950.4763,1885.8237,1939.271,0.80761766
1891.962,1950.4763,1906.6974,1938.6832,0.45272985
1911.4668,1950.4763,1925.5922,1938.414,0.77181894
1930.9716,1950.4763,1944.8903,1938.8197,0.91708755
1950.4763,1950.4763,1963.476,1938.9535,0.6053664
1969.9811,1950.4763,1983.5452,1938.6947,0.52131265
39.009525,1969.9811,51.880703,1954.1544,0.5787625
58.51429,1969.9811,69.702324,1954.2766,0.5019652
78.01905,1969.9811,90.09607,1955.1697,0.9014234
97.52381,1969.9811,110.77674,1954.1718,0.9811069
117.02858,1969.9811,130.50781,1954.1964,0.8466741
136.53334,1969.9811,149.51332,1954.27,0.78861064
156.0381,1969.9811,170.22878,1954.7611,0.47622576
175.54286,1969.9811,188.3759,1955.8486,0.42018688
273.06668,1969.9811,285.39822,1954.8169,0.85769004
292.57144,1969.9811,304.9494,1955.0505,0.9823946
312.0762,1969.9811,324.67313,1954.8114,0.88668305
331.58096,1969.9811,343.49677,1955.3263,0.6675747
351.08572,1969.9811,364.7114,1954.0172,0.6351699
370.59048,1969.9811,383.79794,1954.7931,0.6972191
409.6,1969.9811,421.9318,1955.0259,0.8700217
429.10477,1969.9811,442.08966,1955.1808,0.9540434
448.60953,1969.9811,461.42026,1955.2538,0.94327396
468.11432,1969.9811,481.37097,1954.7053,0.92264813
487.61908,1969.9811,500.43454,1955.0042,0.9247371
507.12384,1969.9811,520.124,1955.3248,0.9593009
526.6286,1969.9811,539.1922,1954.5721,0.9320417
546.13336,1969.9811,558.92426,1955.0175,0.90919065
565.6381,1969.9811,578.10547,1954.9369,0.58113253
585.1429,1969.9811,599.4119,1955.0337,0.92768294
604.64764,1969.9811,617.65735,1955.5956,0.80393195
624.1524,1969.9811,637.47754,1954.9873,0.85613614
643.65717,1969.9811,656.7668,1955.5011,0.8366765
663.1619,1969.9811,678.2003,1955.5352,0.94458765
721.6762,1969.9811,734.8276,1955.9364,0.9281597
741.18097,1969.9811,754.598,1955.0913,0.9331753
760.6857,1969.9811,775.5856,1955.0908,0.9712155
780.1905,1969.9811,794.5608,1955.6045,0.9717298
799.69525,1969.9811,814.7287,1955.5356,0.9396073
838.7048,1969.9811,852.50256,1955.3671,0.9944335
858.20953,1969.9811,872.9461,1955.2859,0.9764613
877.7143,1969.9811,890.10114,1955.2036,0.98562217
897.21906,1969.9811,911.6886,1955.5886,0.77619785
916.7238,1969.9811,930.1446,1955.5419,0.8177544
936.22864,1969.9811,948.6505,1955.6095,0.67943937
955.7334,1969.9811,969.0904,1955.3245,0.7741163
975.23816,1969.9811,988.356,1955.4655,0.8217992
994.7429,1969.9811,1009.03284,1955.4581,0.8948891
1014.2477,1969.9811,1028.6667,1955.1907,0.8411383
1072.762,1969.9811,1086.4626,1956.3647,0.8122191
1092.2667,1969.9811,1104.5168,1955.6151,0.6905691
1111.7715,1969.9811,1123.3855,1955.8229,0.8168166
1131.2762,1969.9811,1145.0825,1955.4778,0.64885056
1150.781,1969.9811,1165.0643,1955.4346,0.89896053
1189.7905,1969.9811,1204.889,1955.2406,0.9183411
1209.2953,1969.9811,1222.7584,1955.9292,0.92212653
1228.8,1969.9811,1241.0126,1955.272,0.9416573
1248.3048,1969.9811,1260.523,1955.9114,0.98260015
1267.8096,1969.9811,1281.8077,1956.316,0.9953695
1287.3143,1969.9811,1299.8131,1956.1228,0.9592447
1306.8191,1969.9811,1320.4979,1955.882,0.9400135
1326.3239,1969.9811,1339.6874,1955.739,0.8784245
1345.8286,1969.9811,1358.0455,1956.2576,0.6629646
1365.3334,1969.9811,1377.6105,1957.2151,0.7298337
1384.8381,1969.9811,1397.6404,1957.0076,0.78462803
1404.3429,1969.9811,1417.631,1955.8181,0.840836
1423.8477,1969.9811,1437.4318,1957.141,0.6773725
1443.3524,1969.9811,1455.7621,1956.6696,0.6615562
1462.8572,1969.9811,1477.0118,1957.0083,0.90333146
1482.3619,1969.9811,1495.7343,1956.2626,0.93010503
1501.8667,1969.9811,1515.3898,1956.7311,0.9798668
1521.3715,1969.9811,1533.7947,1958.3105,0.78061575
1540.8762,1969.9811,1552.5651,1957.4053,0.80096036
1560.381,1969.9811,1575.0234,1956.1599,0.76355314
1579.8857,1969.9811,1591.9031,1956.0256,0.5645086
1599.3905,1969.9811,1611.6368,1956.5956,0.74834794
1618.8953,1969.9811,1631.9951,1957.3468,0.75987554
1657.9048,1969.9811,1672.0192,1957.1495,0.8092095
1677.4095,1969.9811,1691.5223,1957.2971,0.9165464
1696.9143,1969.9811,1709.182,1958.2424,0.86208004
1716.4191,1969.9811,1729.3922,1957.9299,0.981861
1735.9238,1969.9811,1749.8816,1957.3384,0.8977893
1755.4286,1969.9811,1768.9005,1958.4462,0.96644795
1774.9333,1969.9811,1788.9951,1958.3145,0.87289757
1794.4381,1969.9811,1808.5509,1958.1643,0.91109157
1813.9429,1969.9811,1827.4662,1957.9861,0.8310353
1833.4476,1969.9811,1846.5969,1957.4473,0.7997771
1852.9524,1969.9811,1865.9744,1958.0771,0.3546658
1872.4573,1969.9811,1884.3656,1958.604,0.48833638
1911.4668,1969.9811,1925.472,1958.2316,0.8987177
1930.9716,1969.9811,1944.8767,1957.919,0.5252805
1950.4763,1969.9811,1964.6869,1958.7946,0.77763015
1969.9811,1969.9811,1984.2762,1958.7032,0.6158184
39.009525,1989.4858,52.726685,1974.1228,0.46003085
58.51429,1989.4858,71.10778,1974.3423,0.7721783
78.01905,1989.4858,89.90546,1974.4742,0.677955
97.52381,1989.4858,109.61562,1973.4204,0.93761784
117.02858,1989.4858,129.17552,1973.5115,0.8371237
136.53334,1989.4858,149.7081,1972.3895,0.53650934
156.0381,1989.4858,170.16045,1973.7911,0.6572836
175.54286,1989.4858,188.7306,1974.1459,0.72323006
195.04762,1989.4858,209.6595,1974.0444,0.40343168
273.06668,1989.4858,286.9931,1974.1396,0.93859017
292.57144,1989.4858,306.17462,1974.6194,0.9751098
312.0762,1989.4858,323.85248,1974.4031,0.9769709
331.58096,1989.4858,345.7212,1974.3136,0.95876694
351.08572,1989.4858,364.47357,1974.6931,0.83148557
370.59048,1989.4858,381.97528,1974.1436,0.8513086
390.09525,1989.4858,403.1192,1974.5317,0.90257716
409.6,1989.4858,422.2818,1974.1837,0.96055615
429.10477,1989.4858,441.30923,1974.4922,0.9783689
448.60953,1989.4858,462.35986,1974.6594,0.9484087
468.11432,1989.4858,480.46457,1973.9387,0.9299506
487.61908,1989.4858,499.8667,1974.4503,0.85799134
507.12384,1989.4858,519.27545,1974.5277,0.9682897
526.6286,1989.4858,538.95953,1974.7949,0.88149947
546.13336,1989.4858,558.17834,1974.8151,0.8706015
565.6381,1989.4858,578.6447,1975.1078,0.7169327
585.1429,1989.4858,599.5797,1975.2645,0.90578187
604.64764,1989.4858,618.38635,1974.636,0.84469783
624.1524,1989.4858,637.52783,1974.8708,0.85693556
643.65717,1989.4858,656.4788,1974.9866,0.85967267
663.1619,1989.4858,677.11346,1974.7573,0.28982377
682.6667,1989.4858,697.0122,1974.1296,0.51445943
702.17145,1989.4858,716.5091,1974.943,0.75672925
721.6762,1989.4858,734.61334,1974.9437,0.89373344
741.18097,1989.4858,754.0341,1975.405,0.969568
760.6857,1989.4858,774.09625,1974.7626,0.97068936
780.1905,1989.4858,794.2726,1974.7642,0.96130455
799.69525,1989.4858,813.96387,1974.8433,0.9835971
819.2,1989.4858,833.2194,1973.4832,0.989379
838.7048,1989.4858,851.84296,1975.0361,0.9223269
858.20953,1989.4858,871.2058,1974.3833,0.97031045
877.7143,1989.4858,891.166,1974.7642,0.8897534
936.22864,1989.4858,948.9631,1974.9082,0.5119596
955.7334,1989.4858,969.30383,1975.7759,0.51316667
975.23816,1989.4858,989.48926,1975.7422,0.80410165
994.7429,1989.4858,1008.4272,1975.2389,0.74924743
1014.2477,1989.4858,1027.0316,1975.074,0.6687189
1033.7524,1989.4858,1046.7814,1975.5261,0.38242617
1053.2572,1989.4858,1066.2549,1975.194,0.52899843
1072.762,1989.4858,1084.2527,1974.9127,0.5043238
1092.2667,1989.4858,1104.7303,1975.1764,0.8477002
1111.7715,1989.4858,1126.7245,1975.6954,0.5295199
1150.781,1989.4858,1165.3718,1975.5914,0.77277416
1170.2858,1989.4858,1185.3967,1975.0153,0.83496183
1189.7905,1989.4858,1203.8856,1974.2057,0.9577573
1209.2953,1989.4858,1222.8652,1975.7067,0.9025147
1228.8,1989.4858,1241.7784,1976.1782,0.88837147
1248.3048,1989.4858,1262.3872,1975.3712,0.8448326
1267.8096,1989.4858,1281.8617,1975.8049,0.9765901
1287.3143,1989.4858,1301.224,1976.4927,0.97191995
1306.8191,1989.4858,1321.2733,1975.9839,0.9626943
1326.3239,1989.4858,1338.8152,1975.777,0.84149057
1345.8286,1989.4858,1358.4766,1975.7424,0.8455488
1365.3334,1989.4858,1377.5729,1976.5819,0.7329669
1384.8381,1989.4858,1397.8512,1975.7646,0.8301785
1404.3429,1989.4858,1416.2429,1975.4238,0.86233413
1423.8477,1989.4858,1437.2798,1976.6127,0.8426519
1443.3524,1989.4858,1456.7085,1975.5371,0.7510669
1462.8572,1989.4858,1476.0199,1975.7838,0.96486986
1482.3619,1989.4858,1495.9454,1975.5194,0.8485142
1501.8667,1989.4858,1513.6746,1975.8787,0.728942
1521.3715,1989.4858,1533.969,1977.1815,0.43839395
1540.8762,1989.4858,1553.7761,1977.1674,0.7738739
1560.381,1989.4858,1572.5756,1976.5648,0.813091
1579.8857,1989.4858,1592.4862,1975.6525,0.65333635
1599.3905,1989.4858,1612.8018,1976.6677,0.37196818
1618.8953,1989.4858,1631.9794,1975.8925,0.83337903
1638.4,1989.4858,1651.488,1977.2307,0.81739205
1657.9048,1989.4858,1670.9288,1976.9474,0.79228336
1677.4095,1989.4858,1690.4653,1977.0677,0.88685644
1696.9143,1989.4858,1709.6097,1976.3625,0.9385648
1716.4191,1989.4858,1728.9575,1977.273,0.7618402
1735.9238,1989.4858,1748.5371,1977.1821,0.92871845
1755.4286,1989.4858,1767.9349,1976.6608,0.9377648
1774.9333,1989.4858,1788.963,1977.8285,0.9619909
1794.4381,1989.4858,1807.3916,1976.825,0.9582184
1813.9429,1989.4858,1827.4767,1977.4316,0.93736297
1852.9524,1989.4858,1865.5424,1976.9011,0.8723092
1872.4573,1989.4858,1885.7623,1977.0807,0.577637
1891.962,1989.4858,1906.1106,1977.0488,0.28177255
1950.4763,1989.4858,1964.8605,1978.1736,0.66031307
