source_x,source_y,reference_x,reference_y,confidence,ground_truth_error_px
567.7348,877.81335,529.79944,864.08154,1.0,0.051357012
1700.7759,1633.4312,1592.6763,1715.5968,1.0,0.032285925
1925.2612,1366.2164,1839.5549,1469.0016,1.0,0.027796136
1083.9991,1023.9329,1031.3429,1054.6482,1.0,0.043388743
1643.8054,199.83432,1660.8589,282.52948,1.0,0.012583349
1084.1948,1619.9587,979.62494,1648.4775,1.0,0.027569046
1643.8054,199.83432,1660.8589,282.52948,1.0,0.012583349
796.68713,421.68344,797.6199,429.68323,1.0,0.009251005
5.6871257,453.932,6.7948585,392.83328,1.0,0.052150905
1319.1315,233.35173,1334.46,287.52203,1.0,0.09501087
1084.1948,1619.9587,979.62494,1648.4775,1.0,0.027569046
796.68713,421.68344,797.6199,429.68323,1.0,0.009251005
6.9684744,225.66092,27.974743,165.56456,1.0,0.029400444
7.1822777,389.0437,14.054078,328.2837,1.0,0.11997025
1272.1046,199.81107,1290.5922,250.05986,1.0,0.04563928
393.6423,1677.1586,286.77893,1645.2952,1.0,0.09486741
1005.9638,212.55315,1024.5762,239.529,1.0,0.2550949
1643.8054,199.83432,1660.8589,282.52948,1.0,0.012583349
326.45587,957.498,282.48962,922.4437,1.0,0.041142087
326.45587,957.498,282.48962,922.4437,1.0,0.041142087
1005.77264,10.531122,1041.7623,38.37551,1.0,0.050701655
8.514947,410.31738,13.485971,349.66412,1.0,0.046613492
8.514947,410.31738,13.485971,349.66412,1.0,0.046613492
1272.1046,199.81107,1290.5922,250.05986,1.0,0.04563928
1319.111,321.23944,1326.8099,375.16763,1.0,0.006289361
1318.9603,1379.4567,1234.382,1429.3042,1.0,0.06250477
9.840739,198.97266,33.152676,139.24117,1.0,0.030157125
1005.4333,574.8289,992.1501,600.4189,1.0,0.08263037
1005.1528,569.1169,992.5436,594.74634,1.0,0.098646864
1005.1528,569.1169,992.5436,594.74634,1.0,0.098646864
796.50854,1103.0562,738.1265,1108.4473,1.0,0.06750168
796.50854,1103.0562,738.1265,1108.4473,1.0,0.06750168
393.44592,753.5964,367.0153,725.1505,1.0,0.053828023
1318.899,1697.5894,1206.7063,1746.215,1.0,0.07374108
12.026818,140.03696,40.454247,80.728615,1.0,0.041493792
12.880243,100.393715,44.77966,41.287884,1.0,0.031846173
393.08044,703.5753,370.98688,675.3312,1.0,0.0045105144
392.73126,468.4047,391.13144,441.02676,1.0,0.0017794654
796.3245,1375.8329,714.1084,1380.1534,1.0,0.026232623
392.73126,468.4047,391.13144,441.02676,1.0,0.0017794654
1004.91345,66.67478,1036.043,94.14955,1.0,0.05555394
392.73126,468.4047,391.13144,441.02676,1.0,0.0017794654
1272.4888,282.6198,1283.7545,332.5462,1.0,0.08260193
748.1694,407.54977,750.53534,411.36496,1.0,0.022877032
1272.608,55.95468,1303.606,106.825676,1.0,0.0086995745
392.4611,212.14076,413.28864,185.81165,1.0,0.13175815
1699.2275,1608.4515,1593.3007,1690.5756,1.0,0.030484602
1699.2137,458.82825,1693.2935,545.1236,1.0,0.29655415
327.25702,1129.6107,268.27893,1093.969,1.0,0.04284881
748.1694,407.54977,750.53534,411.36496,1.0,0.022877032
1644.7726,1568.5385,1542.5243,1646.0516,1.0,0.046798963
1644.7726,1568.5385,1542.5243,1646.0516,1.0,0.046798963
1318.0662,214.78926,1335.1357,269.0101,1.0,0.08706952
1318.0662,214.78926,1335.1357,269.0101,1.0,0.08706952
1645.3956,1447.3641,1553.7294,1525.4197,1.0,0.029110378
391.8613,1051.6135,339.48785,1021.89874,1.0,0.06773072
1272.8655,1322.9772,1193.4545,1369.0281,1.0,0.03456401
391.838,1118.6426,333.63916,1088.6676,1.0,0.082839355
1318.0049,64.64499,1348.0631,119.46491,1.0,0.020804597
1317.9053,411.27023,1317.7765,464.71054,1.0,0.036636755
1317.8416,1538.0618,1219.5996,1587.1022,1.0,0.17559402
1272.8655,1322.9772,1193.4545,1369.0281,1.0,0.03456401
1317.6571,1864.8137,1190.8275,1912.6964,1.0,0.040260263
1317.4327,422.136,1316.3634,475.46603,1.0,0.06457162
1273.1156,1389.1259,1187.9318,1434.9768,1.0,0.011358445
1922.554,132.88867,1944.4905,240.05714,1.0,0.13160719
1922.3286,495.63007,1912.4791,601.4224,1.0,0.07028505
1273.1156,1389.1259,1187.9318,1434.9768,1.0,0.011358445
1922.2422,244.69472,1934.2954,351.46277,1.0,0.028183194
391.1162,1095.5503,334.94858,1065.6351,1.0,0.08526496
1085.2781,371.08698,1089.5981,404.37555,1.0,0.097238146
1646.3397,1121.8195,1583.1366,1201.3237,1.0,0.15760487
1922.1648,1078.7338,1861.541,1182.24,1.0,0.09455605
18.41408,99.916275,50.3695,41.25827,1.0,0.06152379
18.41408,99.916275,50.3695,41.25827,1.0,0.06152379
18.58711,368.4453,27.130173,308.8119,1.0,0.02923217
1922.1648,1078.7338,1861.541,1182.24,1.0,0.09455605
1317.0162,1375.5116,1232.8073,1425.1877,1.0,0.062072486
328.0275,1241.3966,259.35107,1205.4728,1.0,0.057588417
390.79196,1213.9182,324.19434,1183.4764,1.0,0.06683526
795.5295,1693.9056,685.6041,1696.9365,1.0,0.038856342
795.5295,1693.9056,685.6041,1696.9365,1.0,0.038856342
390.79196,1213.9182,324.19434,1183.4764,1.0,0.06683526
20.46673,198.29068,43.839905,139.43394,1.0,0.06461754
1921.9146,1784.2749,1799.7832,1885.198,1.0,0.0406758
1921.9146,1784.2749,1799.7832,1885.198,1.0,0.0406758
1085.4281,554.52545,1073.6592,587.1796,1.0,0.031581372
1921.6323,766.49524,1888.1918,871.3149,1.0,0.08918487
1646.3397,1121.8195,1583.1366,1201.3237,1.0,0.15760487
1085.4281,554.52545,1073.6592,587.1796,1.0,0.031581372
1273.326,127.65126,1298.1097,178.29245,1.0,0.04461979
1273.3274,295.0218,1283.504,345.01254,1.0,0.04429269
328.23428,1587.1532,229.37592,1549.8855,1.0,0.012947548
328.23428,1587.1532,229.37592,1549.8855,1.0,0.012947548
1697.964,1767.9862,1578.1793,1849.3303,1.0,0.103998244
328.304,244.62126,346.4154,212.45044,1.0,0.049519792
328.304,244.62126,346.4154,212.45044,1.0,0.049519792
1003.5121,636.92334,984.82635,662.23804,1.0,0.12459873
1646.3733,1717.6614,1531.1652,1794.7458,1.0,0.0628265
749.6977,1721.0734,637.55133,1720.063,1.0,0.024241101
1085.866,458.13104,1082.6003,491.15897,1.0,0.08805222
1697.964,1767.9862,1578.1793,1849.3303,1.0,0.103998244
328.43518,188.84914,351.48145,156.89595,1.0,0.051213633
1085.866,458.13104,1082.6003,491.15897,1.0,0.08805222
328.59695,1346.9381,250.6925,1310.5631,1.0,0.0687854
1646.4956,1575.3555,1543.6057,1653.0585,1.0,0.04690106
794.96326,1413.2244,709.4792,1417.2867,1.0,0.024227574
794.96326,1413.2244,709.4792,1417.2867,1.0,0.024227574
794.96326,1413.2244,709.4792,1417.2867,1.0,0.024227574
794.8838,1868.1576,669.79175,1870.4542,1.0,0.060636517
1697.6575,1327.0809,1616.4285,1410.1396,1.0,0.1765002
1086.1254,1033.9366,1032.3589,1064.8524,1.0,0.23987018
1920.8918,610.3404,1901.1105,715.56915,1.0,0.042781465
749.6977,1721.0734,637.55133,1720.063,1.0,0.024241101
1086.1254,1033.9366,1032.3589,1064.8524,1.0,0.23987018
1920.5364,143.70726,1941.4557,250.69685,1.0,0.042132873
1920.5364,143.70726,1941.4557,250.69685,1.0,0.042132873
1003.0008,1635.7277,897.31744,1657.0603,1.0,0.04413648
329.1461,933.3236,287.22845,898.60876,1.0,0.04874647
27.437258,385.99036,34.46663,327.02844,1.0,0.08284884
1086.1351,1189.3179,1019.09393,1219.574,1.0,0.06483661
28.344828,585.5149,17.920568,525.9425,1.0,0.009543474
1002.35205,1743.1533,887.3543,1764.0414,1.0,0.028101105
1316.2537,683.3783,1292.4253,735.67694,1.0,0.021070216
1316.0995,514.4989,1306.9686,567.41614,1.0,0.0077984207
1697.4344,398.81787,1696.9744,485.3738,1.0,0.05924439
1001.79913,1612.8492,898.20215,1634.1549,1.0,0.07967379
1920.081,428.42365,1916.1149,534.2602,1.0,0.06914346
1315.9355,144.17543,1339.0472,198.49242,1.0,0.035034817
1315.9319,1292.2295,1238.9961,1342.1561,1.0,0.033423424
329.54532,1231.5945,261.71967,1195.7903,1.0,0.051930346
1697.3419,1911.4679,1564.9973,1992.302,1.0,0.010363762
389.27762,1012.4352,340.2873,982.82965,1.0,0.14250225
750.9003,1609.8302,648.4775,1609.3087,1.0,0.02759464
1087.0011,1016.9276,1034.9832,1047.956,1.0,0.03452346
1087.0011,1016.9276,1034.9832,1047.956,1.0,0.03452346
1647.2697,508.73352,1637.3518,590.41284,1.0,0.13443445
1919.5593,694.4605,1892.4559,799.279,1.0,0.018356469
1001.4511,1784.3896,882.83716,1805.0325,1.0,0.026664471
1697.2101,1601.0461,1591.9539,1683.0292,1.0,0.032716893
1087.0756,277.69882,1099.413,311.5488,1.0,0.045408845
794.18225,708.7709,770.13214,715.52374,1.0,0.060921095
1647.2697,508.73352,1637.3518,590.41284,1.0,0.13443445
32.662273,529.80286,27.117252,470.77142,1.0,0.052559823
389.0904,602.36505,375.8403,574.11884,1.0,0.04390719
794.04224,48.578075,827.5756,57.830215,1.0,0.08796215
794.04224,48.578075,827.5756,57.830215,1.0,0.08796215
329.91177,1734.6014,218.26703,1696.9573,1.0,0.07586044
793.9974,337.36542,802.38275,345.46362,1.0,0.09039326
1315.3707,1230.2958,1243.8761,1280.4236,1.0,0.020809676
1918.9293,573.4522,1902.3622,678.6227,1.0,0.07050815
1087.2797,1721.9966,973.8275,1750.3254,1.0,0.07522988
793.9444,806.10406,761.4107,812.3574,1.0,0.05852966
1918.5956,487.55447,1909.5367,593.1244,1.0,0.034939628
1274.7251,959.9064,1226.8745,1007.4345,1.0,0.11223335
1918.4794,1012.48773,1863.6624,1115.9529,1.0,0.06624381
1647.7363,1464.5488,1554.7216,1542.762,1.0,0.17944485
388.53827,1058.0475,335.56534,1028.0433,1.0,0.018693605
1087.3328,1039.7755,1033.2993,1070.7355,1.0,0.0287778
388.499,857.65497,353.00705,828.4475,1.0,0.025024414
1918.4794,1012.48773,1863.6624,1115.9529,1.0,0.06624381
388.499,857.65497,353.00705,828.4475,1.0,0.025024414
751.15656,146.8267,776.25415,151.88109,1.0,0.04577886
751.16254,401.94165,754.0284,406.03442,1.0,0.042818893
1087.4912,587.56274,1072.7794,620.32587,1.0,0.093194745
1000.6434,370.08255,1005.29785,396.06473,1.0,0.0030303202
1000.62726,151.70825,1024.3274,178.52563,1.0,0.012552791
330.15387,276.28027,345.49814,244.17763,1.0,0.03984247
1315.3322,1804.7123,1193.7112,1852.6892,1.0,0.052691408
388.24084,439.0233,389.2951,411.35028,1.0,0.07722518
388.24084,439.0233,389.2951,411.35028,1.0,0.07722518
751.2527,1756.3253,636.059,1755.2957,1.0,0.019171258
751.2815,412.17545,753.25397,416.24542,1.0,0.039074335
751.2815,412.17545,753.25397,416.24542,1.0,0.039074335
793.7097,901.3784,752.8361,907.25055,1.0,0.05295112
1696.4116,182.79263,1714.9406,270.13028,1.0,0.19596301
751.28253,996.9818,702.2314,998.84283,1.0,0.019372774
1918.0067,230.16913,1931.3936,336.57294,1.0,0.06809648
1917.9318,1696.6083,1803.4601,1797.534,1.0,0.051708557
793.3635,999.8561,743.9757,1005.4796,1.0,0.11828837
37.66404,508.29016,33.925552,449.74893,1.0,0.068439856
1087.9993,1765.1852,970.8554,1793.486,1.0,0.1234898
387.73618,1588.2543,288.56647,1556.1768,1.0,0.012359921
387.50864,1320.9272,311.76456,1289.8431,1.0,0.13746531
751.8306,541.77454,742.53815,545.4619,1.0,0.08130655
751.8306,541.77454,742.53815,545.4619,1.0,0.08130655
751.9151,1567.438,653.08484,1567.1049,1.0,0.11101193
1087.9993,1765.1852,970.8554,1793.486,1.0,0.1234898
386.91183,905.4817,347.26205,875.9537,1.0,0.02802333
1087.9993,1765.1852,970.8554,1793.486,1.0,0.1234898
999.41473,843.6832,962.8138,867.7209,1.0,0.036682334
999.35254,697.00653,975.4666,721.5298,1.0,0.114842236
1696.0957,1033.1113,1640.385,1117.1748,1.0,0.06567723
1917.6755,1426.5702,1826.73,1528.4506,1.0,0.034647547
1275.5425,635.05414,1256.0516,683.96094,1.0,0.02597919
1088.0841,1151.2157,1023.9067,1181.781,1.0,0.4263949
1088.0841,1151.2157,1023.9067,1181.781,1.0,0.4263949
386.886,1402.1903,303.98206,1370.7358,1.0,0.059546363
751.97565,924.89276,709.2688,927.0377,1.0,0.068333894
792.99036,615.00146,777.07825,621.8816,1.0,0.071691684
999.06824,651.52997,979.1961,676.3097,1.0,0.009106519
1917.2057,1915.2234,1783.7928,2015.1675,1.0,0.09489819
1088.3365,219.89848,1105.8679,254.0696,1.0,0.120957285
751.97565,924.89276,709.2688,927.0377,1.0,0.068333894
41.407906,732.6192,18.14972,673.61194,1.0,0.032134186
41.407906,732.6192,18.14972,673.61194,1.0,0.032134186
41.407906,732.6192,18.14972,673.61194,1.0,0.032134186
792.99036,615.00146,777.07825,621.8816,1.0,0.071691684
792.94855,1499.2595,699.9464,1502.7501,1.0,0.0981585
751.97565,924.89276,709.2688,927.0377,1.0,0.068333894
751.97565,924.89276,709.2688,927.0377,1.0,0.068333894
1648.9393,1768.9685,1529.1815,1846.0509,1.0,0.082576305
331.3287,1734.9203,219.70267,1697.3657,1.0,0.12353166
1648.9393,1768.9685,1529.1815,1846.0509,1.0,0.082576305
1314.5983,559.65576,1301.5065,612.2634,1.0,0.03506649
998.719,1366.2722,916.58014,1388.2892,1.0,0.02099157
752.1108,1440.7634,664.4626,1440.9795,1.0,0.07123859
386.27286,245.68767,404.1186,218.5886,1.0,0.011576877
1916.4183,382.88348,1916.4675,488.63818,1.0,0.010724877
1916.396,120.6829,1939.4177,227.34738,1.0,0.1372721
42.47529,672.2813,24.456165,613.5335,1.0,0.070558906
386.24484,1813.9266,267.34915,1780.836,1.0,0.059021976
1916.3038,69.15589,1943.7003,176.09134,1.0,0.005892343
1314.493,1364.0583,1231.3789,1413.6273,1.0,0.056137748
1649.4633,461.0695,1643.782,543.22974,1.0,0.06452836
1649.7319,1789.2091,1528.306,1866.33,1.0,0.07849463
1694.6489,1341.1774,1611.9774,1423.9115,1.0,0.06379514
752.63684,226.08684,771.6081,230.88153,1.0,0.8288732
752.63684,226.08684,771.6081,230.88153,1.0,0.8288732
385.66074,103.16152,415.93784,76.51775,1.0,0.044006348
385.66074,103.16152,415.93784,76.51775,1.0,0.044006348
1694.2668,794.9788,1659.2657,879.79767,1.0,0.013414967
1650.249,204.59148,1667.0543,287.8591,1.0,0.200613
43.740437,791.50586,15.279613,732.4701,1.0,0.032636825
43.740437,791.50586,15.279613,732.4701,1.0,0.032636825
43.801804,517.97174,39.205444,459.9673,1.0,0.028698782
1088.8533,1950.2866,955.4698,1977.9257,1.0,0.025171656
792.3708,676.142,771.14105,682.7949,1.0,0.011958219
792.3587,58.81833,824.97046,67.81162,1.0,0.038372945
1089.1335,928.59033,1044.8428,960.1573,1.0,0.065924324
1313.8306,1416.8254,1226.1461,1466.0621,1.0,0.098169126
1916.0416,1785.3912,1793.9109,1885.7178,1.0,0.06960748
332.1545,1911.9471,204.95348,1873.8347,1.0,0.041539863
332.1545,1911.9471,204.95348,1873.8347,1.0,0.041539863
1694.2668,794.9788,1659.2657,879.79767,1.0,0.013414967
44.383854,585.8317,33.814026,527.5867,1.0,0.08720045
385.162,1301.86,310.9656,1270.6289,1.0,0.02736719
997.4927,1597.817,895.19336,1618.8259,1.0,0.043713488
45.37635,776.32574,18.313545,717.5395,1.0,0.06269499
1693.988,616.50085,1674.4839,701.92377,1.0,0.06748703
1915.943,1870.1437,1786.4958,1970.2118,1.0,0.11956723
997.3863,961.98566,950.6056,985.4377,1.0,0.13772032
1693.9606,1785.598,1572.6266,1866.6136,1.0,0.018263694
1693.9606,1785.598,1572.6266,1866.6136,1.0,0.018263694
385.162,1301.86,310.9656,1270.6289,1.0,0.02736719
385.162,1301.86,310.9656,1270.6289,1.0,0.02736719
997.36383,127.837906,1023.242,154.44096,1.0,0.09643307
385.162,1301.86,310.9656,1270.6289,1.0,0.02736719
385.0803,2033.5624,247.10484,1999.544,1.0,0.020457622
997.31946,1145.2228,934.4259,1167.9846,1.0,0.021097073
792.17816,122.97586,819.18134,131.66617,1.0,0.06384833
997.22235,425.26547,997.1208,450.63467,1.0,0.110108696
997.1264,1563.9565,897.89886,1585.0602,1.0,0.15734465
791.94025,570.45447,779.9709,577.45325,1.0,0.052217174
996.9608,334.67554,1004.673,360.48242,1.0,0.046641923
1693.6653,784.8187,1659.5016,869.6175,1.0,0.037398167
1693.616,197.32104,1710.7266,284.32965,1.0,0.042247616
791.9191,1588.6814,691.218,1591.8094,1.0,0.060356487
1089.8417,1163.0135,1025.1554,1193.824,1.0,0.1272252
1089.9023,1305.4253,1012.7399,1335.5627,1.0,0.07531095
1313.8141,1572.4054,1212.5466,1621.1448,1.0,0.068603516
996.2927,1542.5365,898.7137,1563.7538,1.0,0.10195173
1693.3967,770.55475,1660.4637,855.3528,1.0,0.062161032
1313.7975,41.574055,1345.8158,96.057625,1.0,0.08839957
47.80851,321.54575,60.287357,264.65042,1.0,0.037809502
1914.225,1390.8438,1826.4127,1492.5565,1.0,0.028842712
1276.5709,1675.4908,1166.4349,1720.5247,1.0,0.04164047
1276.5709,1675.4908,1166.4349,1720.5247,1.0,0.04164047
1090.1058,1802.8561,969.54895,1831.1544,1.0,0.027601121
1090.1058,1802.8561,969.54895,1831.1544,1.0,0.027601121
1914.0265,720.72064,1884.7284,824.96655,1.0,0.080882266
1913.8668,1295.179,1834.462,1397.212,1.0,0.045365836
1913.8668,1295.179,1834.462,1397.212,1.0,0.045365836
1650.9614,116.08549,1675.1777,199.68929,1.0,0.1059244
49.148907,352.21033,59.011234,295.2553,1.0,0.08017542
791.2071,825.39294,757.0126,831.3741,1.0,0.036779493
791.2071,825.39294,757.0126,831.3741,1.0,0.036779493
1913.7286,181.56708,1931.396,287.81732,1.0,0.06145343
49.351414,850.3302,15.800652,791.5362,1.0,0.046495724
49.351414,850.3302,15.800652,791.5362,1.0,0.046495724
384.2562,1923.895,255.65189,1890.3235,1.0,0.2008358
1913.4072,204.8267,1929.0527,310.93002,1.0,0.08308015
1913.4072,204.8267,1929.0527,310.93002,1.0,0.08308015
1651.2028,1456.3228,1558.5991,1534.6427,1.0,0.25401473
1651.2028,1456.3228,1558.5991,1534.6427,1.0,0.25401473
1913.2418,1208.4275,1841.3623,1310.7288,1.0,0.027706735
49.58209,895.0713,12.180833,836.1226,1.0,0.0884954
1651.2028,1456.3228,1558.5991,1534.6427,1.0,0.25401473
1693.0233,664.00653,1669.453,749.202,1.0,0.026944447
1913.2325,1109.4138,1849.9926,1212.0736,1.0,0.046733163
50.48782,65.58333,85.33667,9.898043,1.0,0.039512623
790.72595,932.478,747.17053,937.9026,1.0,0.12069231
1651.4154,1767.3042,1531.8883,1844.6631,1.0,0.07195918
790.57635,972.5013,743.52234,977.88574,1.0,0.007776655
1693.0233,664.00653,1669.453,749.202,1.0,0.026944447
790.57635,972.5013,743.52234,977.88574,1.0,0.007776655
1090.3672,980.9533,1041.4261,1012.3565,1.0,0.074703045
1090.3672,980.9533,1041.4261,1012.3565,1.0,0.074703045
51.195976,780.4976,23.740656,722.0493,1.0,0.12568767
51.195976,780.4976,23.740656,722.0493,1.0,0.12568767
790.3878,41.266197,824.4737,50.141644,1.0,0.04331964
790.3878,41.266197,824.4737,50.141644,1.0,0.04331964
1651.466,317.92505,1658.1362,400.80264,1.0,0.06127893
1313.346,1762.1858,1195.4702,1810.1095,1.0,0.018992823
1651.5098,449.46204,1646.8036,531.7899,1.0,0.083817095
333.78564,1049.7932,281.78806,1015.0274,1.0,0.062481645
333.78564,1049.7932,281.78806,1015.0274,1.0,0.062481645
333.83005,1714.8829,223.804,1677.6534,1.0,0.027276438
51.931683,507.05588,48.264946,449.8236,1.0,0.007325971
51.931683,507.05588,48.264946,449.8236,1.0,0.007325971
790.2902,1056.4152,735.97833,1061.4008,1.0,0.069539405
1090.9885,1191.6793,1023.6291,1222.3977,1.0,0.066752404
994.81805,103.165,1022.7975,129.58116,1.0,0.08131482
790.2489,1159.6266,726.88336,1164.255,1.0,0.014772525
1091.0074,1180.8926,1024.5071,1211.6243,1.0,0.15205169
1651.9629,1684.8928,1539.5885,1762.7153,1.0,0.08838649
1312.9695,1658.9374,1204.1118,1707.203,1.0,0.03209335
1652.0708,818.5106,1615.189,899.52405,1.0,0.04316601
994.29834,1083.7401,936.1321,1104.9514,1.0,1.6348693
383.03552,1063.9983,329.58493,1033.1318,1.0,0.37923366
1277.6688,423.4077,1276.61,473.32883,1.0,0.014202712
1277.7102,1820.6241,1154.9448,1865.1729,1.0,0.08148932
994.1577,48.285294,1026.9807,74.950836,1.0,0.097988196
1912.1583,621.4583,1891.4393,725.9041,1.0,0.022189364
994.0638,1949.3564,861.11664,1968.6268,1.0,0.12803186
1091.7195,164.50343,1113.8715,199.20772,1.0,0.076126575
1091.7195,164.50343,1113.8715,199.20772,1.0,0.076126575
1911.9917,400.3357,1910.569,505.51514,1.0,0.118077524
1312.7943,240.35881,1327.6504,294.04843,1.0,0.08111995
1652.1084,1612.4886,1546.0344,1690.5083,1.0,0.033027183
1692.5483,1326.0458,1611.2831,1408.6842,1.0,0.029326614
1652.1084,1612.4886,1546.0344,1690.5083,1.0,0.033027183
993.50116,320.4127,1002.49945,345.86685,1.0,0.09432172
54.824547,417.1831,58.987213,360.4957,1.0,0.05656857
1312.587,341.4108,1318.7144,394.76312,1.0,0.1749814
54.95032,189.80946,78.95049,133.99467,1.0,0.06733707
54.95032,189.80946,78.95049,133.99467,1.0,0.06733707
54.95032,189.80946,78.95049,133.99467,1.0,0.06733707
382.6316,231.45152,401.74692,204.04561,1.0,0.0562718
1092.4095,447.83255,1089.9137,481.501,1.0,0.031013789
1092.5164,452.87277,1089.5162,486.50604,1.0,0.10023925
789.42615,9.601139,826.3154,18.577192,1.0,0.033962466
1092.771,947.8002,1046.704,979.64734,1.0,0.04174274
382.6316,231.45152,401.74692,204.04561,1.0,0.0562718
335.03812,1997.7816,200.36635,1959.5382,1.0,0.018986061
992.90967,802.5809,959.804,826.20886,1.0,0.102952465
55.905106,719.7072,33.727306,662.0074,1.0,0.04320769
754.06445,313.37634,766.1992,318.39352,1.0,1.6271222
754.06445,313.37634,766.1992,318.39352,1.0,1.6271222
1692.166,1835.9033,1566.2191,1916.3873,1.0,0.2885001
1692.0923,1412.3602,1603.3539,1494.6393,1.0,0.076052256
754.0754,1932.3187,623.60156,1930.7883,1.0,0.11713245
382.3246,1137.2212,322.53513,1106.2969,1.0,0.113731675
1278.0487,714.1584,1251.6604,762.9913,1.0,0.016082272
1092.986,1109.4248,1032.9309,1140.6475,1.0,0.07735107
754.2875,1961.6683,621.1827,1960.081,1.0,0.0435006
1093.3538,1184.1927,1026.5271,1215.1504,1.0,0.17672114
789.1956,78.20143,820.1147,86.845604,1.0,0.025814716
1278.0487,714.1584,1251.6604,762.9913,1.0,0.016082272
1278.0487,714.1584,1251.6604,762.9913,1.0,0.016082272
1911.1335,893.4282,1866.7494,996.7669,1.0,0.03623597
56.92784,728.9949,33.923115,671.3214,1.0,0.047538918
1093.6757,1611.0165,989.8888,1640.3944,1.0,0.06544293
1093.6757,1611.0165,989.8888,1640.3944,1.0,0.06544293
1094.0083,365.60623,1098.7756,399.7474,1.0,0.07544261
1094.1056,201.90756,1113.0818,236.64502,1.0,0.03372912
1312.0149,1116.0559,1250.5302,1166.2836,1.0,0.07859518
1278.1227,1128.0818,1215.7075,1175.3477,1.0,0.04973882
754.64966,68.369835,786.46265,74.101776,1.0,0.0875095
991.40356,489.21463,985.7249,513.89764,1.0,0.04088918
1311.9065,1809.1704,1189.9487,1856.7424,1.0,0.061304215
1311.9065,1809.1704,1189.9487,1856.7424,1.0,0.061304215
991.3151,842.576,955.0217,866.05505,1.0,0.22307725
991.24133,327.4826,999.69135,352.7398,1.0,0.079672165
1311.8326,466.56357,1306.9342,519.24774,1.0,0.06360437
991.1801,169.57915,1013.29083,195.45465,1.0,0.07206161
1094.6283,1188.2057,1027.6411,1219.2439,1.0,0.027117474
1311.5676,609.99347,1294.2212,662.1336,1.0,0.09298251
1094.6283,1188.2057,1027.6411,1219.2439,1.0,0.027117474
1311.4583,1771.1096,1192.8076,1818.8354,1.0,0.021728858
58.527325,861.01324,23.925915,802.99347,1.0,0.060162246
788.62054,1267.5787,715.9526,1271.6538,1.0,0.09069463
788.43304,1615.3589,685.3524,1618.0468,1.0,0.060235236
1311.1431,1072.0035,1253.3936,1122.3848,1.0,0.049628
336.28253,507.9783,331.51242,475.51788,1.0,0.06452511
788.43304,1615.3589,685.3524,1618.0468,1.0,0.060235236
1310.6759,409.5175,1310.7031,462.35004,1.0,0.023337169
755.3705,1421.9602,669.256,1422.5894,1.0,0.039533447
1310.6759,409.5175,1310.7031,462.35004,1.0,0.023337169
59.88009,547.45276,52.716537,490.7027,1.0,0.085776925
380.68295,864.25775,344.66077,834.3015,1.0,0.03944256
380.68295,864.25775,344.66077,834.3015,1.0,0.03944256
380.68295,864.25775,344.66077,834.3015,1.0,0.03944256
788.1895,124.68068,815.0403,133.05762,1.0,0.021292223
60.289024,869.56915,25.025837,811.6814,1.0,0.036036447
380.68295,864.25775,344.66077,834.3015,1.0,0.03944256
1310.6481,1273.8512,1235.4353,1323.3335,1.0,0.110572055
1909.3291,455.98425,1903.0237,560.8357,1.0,0.017949421
1278.8041,101.061,1305.8273,152.35158,1.0,0.04823702
336.64246,1359.8717,257.5536,1324.1809,1.0,0.034396235
1909.1587,1815.0806,1784.3367,1914.7681,1.0,0.0852985
1310.2379,603.41614,1293.3597,655.4472,1.0,0.04936884
1095.168,955.03986,1048.4313,986.9912,1.0,0.06653473
62.067974,817.0614,31.35034,759.4442,1.0,0.09542177
1278.8041,101.061,1305.8273,152.35158,1.0,0.04823702
380.51382,1310.991,305.52536,1279.3494,1.0,0.0058622356
990.17065,1712.5438,877.8583,1732.5092,1.0,0.0084660845
990.17065,1712.5438,877.8583,1732.5092,1.0,0.0084660845
1095.3691,59.67484,1126.8508,94.99112,1.0,0.16592768
1095.3691,59.67484,1126.8508,94.99112,1.0,0.16592768
1690.3508,289.5207,1699.3845,375.80737,1.0,0.1144402
379.9088,547.22894,371.68594,518.46735,1.0,0.19987026
1654.818,604.3725,1636.6666,686.46027,1.0,0.10180649
62.537113,282.2913,78.43038,226.8237,1.0,0.025777375
62.56773,458.65485,63.042355,402.53766,1.0,0.032665014
1655.0095,1130.9532,1590.9429,1211.0366,1.0,0.08730929
1908.7272,1050.9008,1850.5925,1153.4684,1.0,0.03284803
989.8852,139.91042,1014.6411,165.81187,1.0,0.017780935
1655.0095,1130.9532,1590.9429,1211.0366,1.0,0.08730929
379.22012,1257.5142,308.93768,1225.9197,1.0,0.05540328
379.22012,1257.5142,308.93768,1225.9197,1.0,0.05540328
337.10898,1664.3848,231.42226,1627.6136,1.0,0.06304874
1655.0955,1158.1,1588.5771,1238.0846,1.0,0.037187193
989.4293,1002.6674,939.01514,1025.0955,1.0,0.16932894
337.3375,1267.3881,266.3237,1232.0868,1.0,0.0575722
1689.9705,511.35144,1679.6815,596.85583,1.0,0.02053722
989.2894,800.45184,956.535,823.75165,1.0,0.07639154
989.17816,1936.821,857.3209,1955.8074,1.0,0.034228697
989.14185,160.87762,1012.28876,186.69531,1.0,0.21694517
378.9884,1512.1862,286.3021,1479.7703,1.0,0.21259776
988.7399,546.3924,978.12177,570.5794,1.0,0.096884556
988.5947,344.6558,995.5569,369.6761,1.0,0.043673556
378.96274,535.58276,371.61945,506.7134,1.0,0.06909466
1689.8469,1159.9904,1623.0544,1243.0056,1.0,0.03311527
756.7375,434.7346,756.7211,439.14426,1.0,0.0749827
64.47268,305.03143,78.382965,249.70175,1.0,0.040630512
337.72092,1161.275,275.96487,1126.3588,1.0,0.11092734
756.7375,434.7346,756.7211,439.14426,1.0,0.0749827
1096.0413,1670.1041,987.07794,1699.4464,1.0,0.04731563
1096.3193,132.9295,1121.3333,168.10345,1.0,0.07038227
1096.3193,132.9295,1121.3333,168.10345,1.0,0.07038227
1096.4229,1154.9995,1032.3422,1186.3414,1.0,0.036743976
756.7604,482.51938,752.5895,486.7724,1.0,0.061869517
65.54198,159.18422,92.1225,104.39285,1.0,0.07685561
1908.2028,1678.853,1795.3569,1778.9019,1.0,0.05354269
1308.3661,136.64412,1332.2028,190.30396,1.0,0.029435564
1908.2028,1678.853,1795.3569,1778.9019,1.0,0.05354269
1688.5162,1130.4366,1624.3531,1213.4637,1.0,0.06768345
1655.3186,1740.3085,1538.1383,1818.083,1.0,0.09212306
1655.5476,1034.0925,1599.8344,1114.5605,1.0,0.06498453
1308.1144,1574.8611,1206.6467,1623.0009,1.0,0.07287802
1688.5162,1130.4366,1624.3531,1213.4637,1.0,0.06768345
378.47375,468.15002,377.0173,439.5471,1.0,0.0677228
1307.616,1051.1915,1251.7782,1101.3577,1.0,0.042430278
757.8209,1237.3153,687.8131,1238.829,1.0,0.0059580444
787.12396,1964.2327,653.6978,1965.5043,1.0,0.0549611
757.8209,1237.3153,687.8131,1238.829,1.0,0.0059580444
338.2391,745.6835,312.6729,712.5048,1.0,0.008468724
1907.8983,303.82657,1914.9396,409.0852,1.0,0.07754555
787.088,1912.3712,658.1762,1913.825,1.0,0.059220713
1907.8457,313.7756,1913.9789,418.99628,1.0,0.047032736
66.84594,407.59503,71.81464,352.0325,1.0,0.03129219
787.088,1912.3712,658.1762,1913.825,1.0,0.059220713
1907.7639,48.85623,1936.9648,155.12622,1.0,0.0062393523
1907.7639,48.85623,1936.9648,155.12622,1.0,0.0062393523
988.1174,529.3237,978.93304,553.5728,1.0,0.03554474
1656.091,361.35178,1659.0488,444.46924,1.0,0.040745996
988.0144,1649.8002,881.12756,1669.7737,1.0,0.068196125
758.3109,843.3635,722.6015,846.4095,1.0,0.041728858
1279.639,386.32452,1281.8005,436.4672,1.0,0.09419776
377.8963,702.6907,355.95667,673.04987,1.0,0.0829183
67.51826,1050.6149,16.444345,992.6767,1.0,0.030506227
67.641,374.3381,75.4672,318.9908,1.0,0.011392063
67.73685,287.01938,83.13017,231.99356,1.0,0.05516476
1688.1113,874.38855,1646.216,958.3363,1.0,0.034955617
1096.6285,495.6239,1089.9524,529.4876,1.0,0.026946658
377.8749,782.59485,348.98694,752.69183,1.0,0.0524082
1687.9684,1335.1044,1605.9906,1417.2898,1.0,0.091965705
1096.8182,1562.8142,997.1086,1592.6191,1.0,0.051242385
1687.9684,1335.1044,1605.9906,1417.2898,1.0,0.091965705
1279.697,1164.9943,1214.0547,1212.233,1.0,0.057945736
1306.6079,533.1799,1295.8916,585.1445,1.0,0.062398113
68.422066,554.96063,60.5705,498.94565,1.0,0.07198315
68.422066,554.96063,60.5705,498.94565,1.0,0.07198315
1279.964,1876.7034,1152.1669,1921.3151,1.0,0.083166085
68.75969,915.127,29.472292,857.83563,1.0,0.02470887
68.75969,915.127,29.472292,857.83563,1.0,0.02470887
377.43134,280.99487,392.25632,252.99638,1.0,0.03187733
377.43134,280.99487,392.25632,252.99638,1.0,0.03187733
68.93642,364.15622,77.69601,308.99442,1.0,0.055876154
377.08646,545.4938,368.8596,516.4403,1.0,0.037178576
377.08646,545.4938,368.8596,516.4403,1.0,0.037178576
1280.4843,437.23752,1278.2537,487.31326,1.0,0.049367897
986.86725,43.448833,1020.05927,69.4189,1.0,0.054872345
1657.503,311.91757,1664.6936,395.36755,1.0,0.03651943
1280.4843,437.23752,1278.2537,487.31326,1.0,0.049367897
1657.7192,1457.0266,1565.1914,1536.1198,1.0,0.05254429
1687.2009,1862.3293,1559.2495,1942.4661,1.0,0.061970975
1687.2009,1862.3293,1559.2495,1942.4661,1.0,0.061970975
759.5512,1218.901,691.192,1220.5984,1.0,0.061209712
986.5714,1225.1674,916.7781,1246.5886,1.0,0.082085095
986.5714,1225.1674,916.7781,1246.5886,1.0,0.082085095
70.09912,626.7939,55.966637,570.7047,1.0,0.04421835
986.448,1475.6307,894.8373,1496.1135,1.0,0.063121215
339.86414,1309.9346,265.10168,1274.7623,1.0,0.024902718
986.448,1475.6307,894.8373,1496.1135,1.0,0.063121215
1657.8254,1090.8751,1597.1677,1171.3896,1.0,0.0071063377
986.01794,1122.0209,925.24146,1143.8517,1.0,0.04848762
1281.0115,1768.0311,1162.7788,1813.0696,1.0,0.06059903
785.8235,1777.5895,668.52325,1779.4773,1.0,0.10351217
785.8235,1777.5895,668.52325,1779.4773,1.0,0.10351217
1281.0115,1768.0311,1162.7788,1813.0696,1.0,0.06059903
1305.4476,200.0565,1323.769,253.25072,1.0,0.0054703983
1097.4293,1617.0253,993.0316,1646.6897,1.0,0.010800464
1097.4293,1617.0253,993.0316,1646.6897,1.0,0.010800464
1305.4476,200.0565,1323.769,253.25072,1.0,0.0054703983
1097.5626,1740.8424,982.43054,1770.0154,1.0,0.06261746
71.88919,329.76413,83.59371,274.98962,1.0,0.037575357
71.88919,329.76413,83.59371,274.98962,1.0,0.037575357
1905.458,433.80283,1901.1014,538.40295,1.0,0.017215377
340.3449,458.43082,339.88312,426.49612,1.0,0.074989
1905.3967,1321.5763,1823.6499,1422.682,1.0,0.113765605
1905.2699,343.93848,1908.7656,448.8717,1.0,0.00982955
1658.4526,940.0979,1610.9589,1021.2207,1.0,0.038399845
785.60583,570.6732,773.56146,577.1252,1.0,0.04412483
1658.5072,1779.324,1537.9218,1857.2913,1.0,0.08502309
760.1619,754.5663,732.281,758.0704,1.0,0.07852502
1281.7881,1031.1265,1227.7797,1079.0696,1.0,0.03129122
1905.1388,731.3044,1874.8811,834.73193,1.0,0.014300083
785.06384,188.06363,806.2216,195.75987,1.0,0.26300365
375.44067,988.9474,328.56268,958.0111,1.0,0.07572966
985.15063,57.855232,1017.11957,83.69007,1.0,0.043553606
375.44067,988.9474,328.56268,958.0111,1.0,0.07572966
784.9821,698.3673,761.8481,704.29803,1.0,0.004699707
784.87946,592.596,771.0016,598.90247,1.0,0.043481883
1304.3209,777.38196,1272.3091,828.2709,1.0,0.017617606
1904.7869,1394.8878,1816.7007,1495.7532,1.0,0.022668296
761.09143,1360.1033,680.3822,1361.4177,1.0,0.02226102
1685.7161,1636.1271,1577.4419,1716.9999,1.0,0.018754784
1685.7161,1636.1271,1577.4419,1716.9999,1.0,0.018754784
73.942726,1089.922,19.365234,1032.2809,1.0,0.11771899
73.942726,1089.922,19.365234,1032.2809,1.0,0.11771899
1659.5973,1135.8264,1595.1737,1216.2786,1.0,0.17202167
1904.5822,1558.6848,1802.2656,1658.9072,1.0,0.062466137
1282.1323,1537.2198,1184.056,1583.2545,1.0,0.07149132
1904.5768,913.99664,1858.4232,1016.68994,1.0,0.03418628
1685.57,395.25336,1685.4583,480.82224,1.0,0.033248197
1282.1323,1537.2198,1184.056,1583.2545,1.0,0.07149132
74.84631,1154.5173,14.699825,1096.7919,1.0,0.052796368
374.71365,2013.5321,238.58904,1978.6838,1.0,0.07568671
984.7284,1868.528,858.7567,1887.3772,1.0,0.10065141
75.02722,830.54144,43.09872,774.01514,1.0,0.08545994
75.16728,925.6603,34.96675,868.87683,1.0,0.04369176
75.180885,771.5652,48.360943,715.2786,1.0,0.08046385
984.626,1616.611,880.71246,1636.4148,1.0,0.039019417
75.397484,612.44586,62.459557,556.81256,1.0,0.05186895
984.60095,1619.937,880.4063,1639.7682,1.0,0.019718418
1685.3615,633.0729,1664.4857,717.6812,1.0,0.04916286
1098.1533,1338.9629,1018.0075,1369.7356,1.0,0.022924857
761.09143,1360.1033,680.3822,1361.4177,1.0,0.02226102
1098.1533,1338.9629,1018.0075,1369.7356,1.0,0.022924857
1098.1533,1338.9629,1018.0075,1369.7356,1.0,0.022924857
1098.1533,1338.9629,1018.0075,1369.7356,1.0,0.022924857
75.662285,149.62943,103.12965,95.8741,1.0,0.08760861
784.35767,936.4548,740.4686,941.3945,1.0,0.03590014
1685.0276,747.73236,1654.2307,831.88763,1.0,0.07411639
374.43082,1940.6135,244.69191,1905.9419,1.0,0.14142153
374.39236,1490.7457,283.63327,1458.0803,1.0,0.2366057
76.23777,941.2851,34.61951,884.4164,1.0,0.108991906
1098.1533,1338.9629,1018.0075,1369.7356,1.0,0.022924857
1904.149,274.45523,1913.738,379.5102,1.0,0.050085295
1282.3086,1716.4901,1168.5411,1761.8186,1.0,0.07784842
1685.0276,747.73236,1654.2307,831.88763,1.0,0.07411639
1282.4364,331.66373,1289.268,382.0011,1.0,0.3639844
374.10294,529.1937,367.29395,499.91754,1.0,0.048056077
76.97196,356.2916,86.32617,301.8024,1.0,0.027511043
1660.1389,1563.5142,1558.2856,1642.406,1.0,0.029753622
1660.1389,1563.5142,1558.2856,1642.406,1.0,0.029753622
341.8971,1544.1863,246.7483,1508.2709,1.0,0.022772009
77.479385,810.5365,47.23953,754.4337,1.0,0.0559991
77.479385,810.5365,47.23953,754.4337,1.0,0.0559991
77.504616,563.42596,68.82118,508.18976,1.0,0.024500946
784.031,766.62537,754.98303,772.19745,1.0,0.037733845
341.96088,492.95425,338.42673,461.04016,1.0,0.022344891
341.96088,492.95425,338.42673,461.04016,1.0,0.022344891
341.97192,693.6846,320.9747,660.9953,1.0,0.05334696
784.031,766.62537,754.98303,772.19745,1.0,0.037733845
373.8959,1359.7523,294.6686,1327.3959,1.0,0.055145424
1282.8981,218.63057,1299.728,269.78433,1.0,0.047121197
373.8959,1359.7523,294.6686,1327.3959,1.0,0.055145424
342.32605,1752.7965,228.89308,1716.1888,1.0,0.09719615
342.32605,1752.7965,228.89308,1716.1888,1.0,0.09719615
342.38922,1860.5576,219.67928,1823.4794,1.0,0.03567243
342.38922,1860.5576,219.67928,1823.4794,1.0,0.03567243
1903.6348,1123.87,1839.1115,1225.6443,1.0,0.06139348
982.8733,555.3878,971.33514,579.0307,1.0,0.14043011
1283.098,516.18945,1273.9943,566.2269,1.0,0.04821534
78.66082,467.00558,78.43636,412.1857,1.0,0.09502521
1660.5538,1706.0007,1546.2974,1784.4863,1.0,0.079411596
982.8093,1389.5906,898.6839,1410.1495,1.0,0.013274831
373.34488,1196.8823,308.3831,1165.0077,1.0,0.06556326
1903.6101,1060.0629,1844.7251,1162.0758,1.0,0.05061798
1903.6101,1060.0629,1844.7251,1162.0758,1.0,0.05061798
1903.1095,1315.8016,1821.9493,1416.827,1.0,0.043277327
1660.9146,284.4088,1670.5262,367.99057,1.0,0.27145386
79.44392,1062.5345,27.273895,1005.5923,1.0,0.01857085
1099.233,364.36383,1104.0157,398.94678,1.0,0.012433245
1099.3535,999.02515,1048.7802,1031.0654,1.0,0.15535024
1902.9867,199.7388,1919.0708,304.9596,1.0,0.054455068
1099.3535,999.02515,1048.7802,1031.0654,1.0,0.15535024
982.24384,1136.6942,920.2085,1158.1694,1.0,0.05431155
982.24384,1136.6942,920.2085,1158.1694,1.0,0.05431155
1099.4404,1429.189,1011.43695,1459.7468,1.0,0.022779854
1099.6163,1149.9531,1035.9187,1181.5626,1.0,0.030823901
982.1283,729.184,955.5537,752.14087,1.0,0.043994665
1661.235,702.5396,1634.4072,784.8117,1.0,0.018445952
343.15002,833.92566,309.90475,800.8491,1.0,0.025320176
982.0866,841.51794,945.7251,864.1003,1.0,0.012915391
982.0866,841.51794,945.7251,864.1003,1.0,0.012915391
783.27484,95.1179,812.79785,103.1804,1.0,0.07653885
1901.5688,896.24194,1856.9607,998.70404,1.0,0.04262422
372.7684,1339.9412,295.3436,1307.5187,1.0,0.058462407
982.0631,1801.9297,861.99695,1820.8376,1.0,0.004896526
1283.3721,760.58124,1252.9589,809.70154,1.0,0.042751674
1099.9829,967.97504,1052.1024,1000.2557,1.0,0.09680291
1099.9829,967.97504,1052.1024,1000.2557,1.0,0.09680291
1684.015,1118.9005,1620.8263,1201.6182,1.0,0.032201815
82.24577,943.36475,40.40762,887.0122,1.0,0.11105907
981.7412,1537.839,884.6596,1557.765,1.0,0.049831755
783.0531,1724.9193,670.4035,1726.7582,1.0,0.05740122
1901.1106,421.3457,1897.5754,525.48505,1.0,0.32398677
1901.1106,421.3457,1897.5754,525.48505,1.0,0.32398677
981.7412,1537.839,884.6596,1557.765,1.0,0.049831755
372.55124,728.7756,348.34637,698.6538,1.0,0.010939605
762.1427,739.05865,735.5885,742.85785,1.0,0.040491525
82.76267,611.40674,69.86874,556.4439,1.0,0.028890172
82.76267,611.40674,69.86874,556.4439,1.0,0.028890172
82.77717,1028.4886,33.45531,972.05084,1.0,0.121725895
1900.8525,679.10114,1875.1439,782.2974,1.0,0.06736835
1661.4517,1119.4548,1598.2877,1200.198,1.0,0.021466682
1661.4517,1119.4548,1598.2877,1200.198,1.0,0.021466682
372.3229,1946.8387,242.01047,1911.9823,1.0,0.0981611
83.26337,1042.3531,32.853916,985.829,1.0,0.035711654
783.0531,1724.9193,670.4035,1726.7582,1.0,0.05740122
83.35435,1053.4866,31.93918,996.8649,1.0,0.05481029
83.35435,1053.4866,31.93918,996.8649,1.0,0.05481029
1900.4858,667.95197,1875.8301,771.13745,1.0,0.11402114
1283.3885,226.15892,1299.6138,277.2338,1.0,0.13908201
1283.4094,1110.2563,1222.462,1158.0692,1.0,0.018510062
762.4651,87.08216,792.66846,93.321335,1.0,0.06497497
782.8474,54.550343,815.865,62.711353,1.0,0.049368728
1283.4501,233.0043,1299.0549,284.12363,1.0,0.08280797
762.6572,1977.5566,628.1422,1976.6456,1.0,0.04015784
1283.6409,742.4068,1254.7753,791.57074,1.0,0.06495999
344.6096,1473.3439,255.60092,1437.9213,1.0,0.028853623
371.74915,1913.6902,244.29185,1878.9268,1.0,0.06439787
980.90375,1843.773,857.3499,1862.2513,1.0,0.23282553
782.258,208.23578,801.9102,215.81187,1.0,0.05954207
1100.883,938.15063,1055.7411,970.7166,1.0,0.09336552
84.63803,1267.2928,14.588059,1210.0701,1.0,0.045851737
1283.748,9.190765,1318.8029,61.175316,1.0,0.048532832
1100.883,938.15063,1055.7411,970.7166,1.0,0.09336552
1899.62,1137.6807,1833.9764,1239.042,1.0,0.053617224
1100.924,1096.2869,1041.8673,1128.2838,1.0,0.055674367
85.08766,398.7839,90.76987,344.83386,1.0,0.0497296
85.08766,398.7839,90.76987,344.83386,1.0,0.0497296
85.08766,398.7839,90.76987,344.83386,1.0,0.0497296
1283.748,9.190765,1318.8029,61.175316,1.0,0.048532832
762.74603,1920.0049,633.1764,1919.2651,1.0,0.10040662
1283.9578,246.87991,1298.295,297.92947,1.0,0.094718546
1284.0222,204.56743,1302.1886,256.06732,1.0,0.25059998
1662.0173,394.55872,1662.0374,478.09058,1.0,0.012926815
371.48428,1177.6466,308.1682,1145.7129,1.0,0.017777294
371.48428,1177.6466,308.1682,1145.7129,1.0,0.017777294
371.4475,48.818962,406.52106,21.110758,1.0,0.076689705
345.38904,317.8934,357.13028,286.93896,1.0,0.048744865
345.39438,476.3576,343.29413,444.94165,1.0,0.117009796
371.4475,48.818962,406.52106,21.110758,1.0,0.076689705
781.32245,1654.9287,674.87067,1656.8989,1.0,0.03867149
781.30084,742.00055,754.4313,747.35516,1.0,0.10800065
345.6596,769.14844,318.08148,736.4818,1.0,0.068556584
1899.1776,1913.6631,1765.9557,2012.0524,1.0,0.07807816
1899.1776,1913.6631,1765.9557,2012.0524,1.0,0.07807816
86.616714,359.88696,95.67032,306.19858,1.0,0.05414164
1285.085,1297.6726,1207.8795,1344.8014,1.0,0.13018197
1899.1776,1913.6631,1765.9557,2012.0524,1.0,0.07807816
1662.0786,1911.3262,1529.5228,1989.1724,1.0,0.37688792
1662.0786,1911.3262,1529.5228,1989.1724,1.0,0.37688792
371.1855,1036.0409,320.22745,1004.60944,1.0,0.03602451
371.14886,1674.2074,264.35107,1640.2904,1.0,0.20137937
86.94614,466.11017,86.744965,412.0966,1.0,0.03453351
86.94614,466.11017,86.744965,412.0966,1.0,0.03453351
86.9893,1206.1544,22.096455,1149.274,1.0,0.16583174
1302.1348,1972.0521,1166.1145,2018.169,1.0,0.10110399
979.7106,235.00975,996.27814,259.58148,1.0,0.11457351
763.1091,399.10315,766.2071,404.2412,1.0,0.07266875
1898.5271,1682.3245,1785.0441,1781.0826,1.0,0.6003425
1285.7389,1429.8839,1196.9506,1476.6508,1.0,0.029665848
87.904625,934.0267,46.97751,878.20374,1.0,0.1422596
1898.3552,706.0587,1870.3248,808.9832,1.0,0.021387141
370.64084,1134.7322,311.09512,1102.8873,1.0,0.044081084
1681.7201,1821.7925,1557.3097,1901.5693,1.0,0.0629316
88.09568,541.7567,81.19422,487.52444,1.0,0.07347964
370.6319,215.60376,391.1823,187.27696,1.0,0.035002545
1898.2759,1182.7701,1828.7405,1283.8677,1.0,0.058989774
88.551674,1304.91,15.159529,1247.8193,1.0,0.04882202
763.4599,1736.3635,649.95276,1736.4424,1.0,0.0333672
1662.9065,1653.6267,1553.0415,1732.2906,1.0,0.20302671
763.84015,672.4747,743.0847,676.61176,1.0,0.06826514
1101.8422,1190.3708,1034.6906,1222.0784,1.0,0.07469157
1681.6979,165.89217,1701.5302,251.99797,1.0,0.03121972
1898.1987,1401.0822,1809.6226,1501.3203,1.0,0.06105188
1681.6979,165.89217,1701.5302,251.99797,1.0,0.03121972
1898.0513,849.7694,1857.4716,952.06433,1.0,0.07616613
1285.9374,1669.904,1176.2065,1715.8097,1.0,0.016661145
1898.0513,849.7694,1857.4716,952.06433,1.0,0.07616613
763.9766,1316.8612,687.0272,1318.5928,1.0,0.022083342
763.9766,1316.8612,687.0272,1318.5928,1.0,0.022083342
1897.9884,170.98291,1916.5686,275.9036,1.0,0.030448653
978.6886,1323.638,900.3669,1344.0554,1.0,0.050132126
763.9766,1316.8612,687.0272,1318.5928,1.0,0.022083342
978.5993,1083.0822,921.2394,1104.4147,1.0,0.04327302
764.0161,78.71486,794.9814,85.165184,1.0,0.020609966
369.71014,1317.7803,294.1712,1285.1432,1.0,0.022219334
978.5447,1164.8984,914.0191,1185.9172,1.0,0.012911929
978.5447,1164.8984,914.0191,1185.9172,1.0,0.012911929
1286.0175,1475.1162,1193.2311,1521.7512,1.0,0.049302656
780.1779,351.26047,787.31024,358.06723,1.0,0.0310789
369.70953,224.24069,389.5752,195.7853,1.0,0.096692964
1663.4507,442.51746,1659.2343,525.8942,1.0,0.10316162
1663.4507,442.51746,1659.2343,525.8942,1.0,0.10316162
1897.9309,1249.541,1822.5554,1350.4119,1.0,0.04567143
1102.4336,1103.01,1042.9734,1134.9807,1.0,0.17529067
1102.4336,1103.01,1042.9734,1134.9807,1.0,0.17529067
347.67447,923.0806,306.58395,890.0436,1.0,0.035601303
90.29526,924.15717,50.19291,868.68085,1.0,0.067476675
347.67447,923.0806,306.58395,890.0436,1.0,0.035601303
1663.7883,1685.5005,1551.2488,1764.2997,1.0,0.038324635
1301.3729,463.40164,1296.6754,515.16925,1.0,0.102985755
1681.115,97.32886,1707.0079,183.60037,1.0,0.07584371
978.2174,1737.7855,863.7795,1756.6327,1.0,0.03419347
978.2174,1737.7855,863.7795,1756.6327,1.0,0.03419347
369.22656,434.36023,370.65414,405.10016,1.0,0.046457436
369.22656,434.36023,370.65414,405.10016,1.0,0.046457436
1897.4166,878.89185,1854.3308,981.0298,1.0,0.067336164
764.6152,1928.8114,634.4587,1928.2905,1.0,0.14032322
764.69006,1193.1089,698.5725,1195.3883,1.0,0.05903018
1102.8718,1051.6646,1047.7941,1083.967,1.0,0.05824302
1102.875,1025.4491,1049.9961,1057.8181,1.0,0.039705705
764.69006,1193.1089,698.5725,1195.3883,1.0,0.05903018
1286.4117,1054.5365,1230.5938,1103.1111,1.0,0.39522868
779.73914,1865.6824,654.9043,1866.6888,1.0,0.034734312
368.99545,587.5626,357.14682,557.57,1.0,0.10439055
1102.875,1025.4491,1049.9961,1057.8181,1.0,0.039705705
91.41209,705.505,70.27202,650.8154,1.0,0.15100968
91.41209,705.505,70.27202,650.8154,1.0,0.15100968
368.96994,1001.4234,321.02902,969.82074,1.0,0.12917444
368.96994,1001.4234,321.02902,969.82074,1.0,0.12917444
779.6438,1387.5018,696.48785,1390.3452,1.0,0.020344127
779.58856,1851.4214,656.0117,1852.4519,1.0,0.05694812
1896.8577,1752.4458,1777.5767,1851.3243,1.0,0.067070834
764.84375,1302.0131,689.18384,1303.8882,1.0,0.011961178
368.92294,1021.95215,319.2887,990.41437,1.0,0.12060022
779.35474,1518.8671,684.7605,1521.116,1.0,0.07970032
1664.8612,1056.5875,1607.1858,1137.8733,1.0,0.03867337
1896.3772,1683.8354,1783.1598,1782.8849,1.0,0.03503758
1680.2311,600.15936,1662.2936,684.4524,1.0,0.060909323
765.1128,1810.4531,645.1267,1810.421,1.0,0.0050171493
765.1128,1810.4531,645.1267,1810.421,1.0,0.0050171493
368.30704,672.939,348.97272,642.654,1.0,0.002540302
1286.7386,1440.0371,1197.0679,1486.873,1.0,0.015786292
1680.1556,691.40076,1654.2208,775.3388,1.0,0.043364007
92.848274,1265.7039,22.905996,1209.1249,1.0,0.03244638
349.11548,596.93225,336.51306,565.198,1.0,0.07478508
1680.1232,380.5058,1681.2917,465.5773,1.0,0.09030879
1665.1432,89.74288,1691.7617,174.71043,1.0,0.056986954
1665.1432,89.74288,1691.7617,174.71043,1.0,0.056986954
977.23224,1701.0804,866.00104,1719.9808,1.0,0.036445707
1300.4781,1523.1224,1203.6053,1570.8383,1.0,0.10554403
1665.6909,1906.3357,1533.9395,1984.4114,1.0,0.02675123
976.8333,116.30537,1003.69165,141.15027,1.0,0.027434137
1300.32,231.8841,1315.8424,284.56058,1.0,0.064479254
1895.5415,469.09534,1888.2104,572.7167,1.0,0.051496457
1103.8279,1634.3218,997.9507,1664.4142,1.0,0.08333031
1103.8279,1634.3218,997.9507,1664.4142,1.0,0.08333031
1665.9939,1921.0135,1532.9812,1999.0586,1.0,0.041609507
1103.8411,68.871506,1134.4105,104.965996,1.0,0.059120055
1665.9939,1921.0135,1532.9812,1999.0586,1.0,0.041609507
1104.0094,1155.3134,1039.8779,1187.3016,1.0,0.044240344
349.49973,1908.0452,222.43732,1871.2606,1.0,0.22432788
93.92001,667.9551,76.055824,613.7423,1.0,0.035430238
766.06396,1483.8237,674.63055,1485.0419,1.0,0.116997264
778.8505,58.954857,811.50775,66.986946,1.0,0.20183033
1104.3042,1652.0502,996.8277,1682.151,1.0,0.037339352
94.19147,1013.1295,46.260197,957.5756,1.0,0.08553483
94.25304,1206.7515,29.41943,1150.5273,1.0,0.030853074
1299.8527,264.01123,1312.7023,316.35608,1.0,0.14566065
1679.791,433.0441,1676.4106,517.96735,1.0,0.035598725
975.85077,915.3129,932.9964,937.0257,1.0,0.09184574
1666.5614,389.98758,1666.9327,473.93097,1.0,0.01709118
1299.4789,1443.4005,1209.3768,1491.3237,1.0,0.07851779
1679.4067,1322.3268,1598.4622,1403.7738,1.0,0.07288007
350.10513,1608.5594,249.3109,1573.093,1.0,0.038802598
366.6358,1874.2805,242.62186,1839.2577,1.0,0.027366424
1679.4067,1322.3268,1598.4622,1403.7738,1.0,0.07288007
1299.2098,1586.1942,1196.8021,1633.5245,1.0,0.07672748
766.52936,610.33295,751.1226,615.00073,1.0,0.016566744
1105.0342,1929.0519,973.45074,1958.1897,1.0,0.031031141
766.52936,610.33295,751.1226,615.00073,1.0,0.016566744
975.33765,316.4749,984.7568,340.4079,1.0,0.046701677
766.63416,476.84024,762.92584,481.9669,1.0,0.07161325
778.0354,72.12859,809.52936,79.839195,1.0,0.021434706
1299.2098,1586.1942,1196.8021,1633.5245,1.0,0.07672748
1299.0195,1719.411,1184.9429,1766.2223,1.0,0.04029615
1666.9442,1911.2087,1534.846,1989.4089,1.0,0.09862858
1298.7438,349.8755,1304.0929,401.79706,1.0,0.13417724
1105.469,299.11148,1115.9602,334.41788,1.0,0.093519
975.07947,1814.8527,853.9738,1833.0597,1.0,0.076723814
95.632965,401.11322,101.04348,348.08585,1.0,0.01927902
975.07947,1814.8527,853.9738,1833.0597,1.0,0.076723814
1298.7438,349.8755,1304.0929,401.79706,1.0,0.13417724
767.28986,1756.8837,652.01227,1757.2694,1.0,0.049230672
767.28986,1756.8837,652.01227,1757.2694,1.0,0.049230672
365.47546,1776.2329,250.0063,1741.4696,1.0,0.036424264
365.47546,1776.2329,250.0063,1741.4696,1.0,0.036424264
1893.8223,404.6534,1892.012,508.32294,1.0,0.061168805
974.61237,505.00247,967.6382,528.1727,1.0,0.04026734
767.365,1710.7855,656.3092,1711.2344,1.0,0.26812905
974.4316,1409.1846,888.582,1428.9125,1.0,0.045106467
974.36,1998.1179,837.3784,2015.6309,1.0,0.15492663
767.3906,62.814957,799.71124,69.58012,1.0,0.055683255
351.31824,698.7278,329.8884,666.80365,1.0,0.10547202
974.237,1496.3065,880.8201,1515.7094,1.0,0.019817637
1893.7657,1784.8225,1771.743,1883.2428,1.0,0.027820518
1893.7657,1784.8225,1771.743,1883.2428,1.0,0.027820518
767.3906,62.814957,799.7203,69.62029,1.0,0.016064355
974.237,1496.3065,880.8201,1515.7094,1.0,0.019817637
1287.7384,185.50029,1307.3578,237.21017,1.0,0.033182424
1893.7657,1784.8225,1771.743,1883.2428,1.0,0.027820518
1678.9615,1161.6912,1612.1343,1243.7316,1.0,0.101728596
1678.9615,1161.6912,1612.1343,1243.7316,1.0,0.101728596
97.2219,981.4732,52.0259,926.3934,1.0,0.0064039123
351.57837,1287.8795,278.68362,1253.758,1.0,0.05032482
351.57837,1287.8795,278.68362,1253.758,1.0,0.05032482
364.8809,230.99762,384.11078,202.07845,1.0,0.036667477
364.7998,647.40137,347.7449,616.92004,1.0,0.039761078
364.7998,647.40137,347.7449,616.92004,1.0,0.039761078
1106.2772,1172.7202,1040.6971,1204.7653,1.0,0.14829473
97.84012,871.52966,62.29378,816.9001,1.0,0.06744654
973.4361,1245.9536,901.9228,1266.1365,1.0,0.113081396
1106.2839,956.8485,1059.414,989.74304,1.0,0.062410798
97.983315,1116.4951,41.03836,1060.9108,1.0,0.05557174
97.983315,1116.4951,41.03836,1060.9108,1.0,0.05557174
1668.0536,1790.3707,1546.3998,1869.0818,1.0,0.036997173
351.78555,1733.062,240.13295,1697.2667,1.0,0.04001582
973.257,1876.5526,846.71497,1894.3704,1.0,0.044108618
98.124054,907.9733,59.346863,853.1491,1.0,0.09906885
973.257,1876.5526,846.71497,1894.3704,1.0,0.044108618
1668.1938,1645.7175,1559.1528,1724.9705,1.0,0.058421835
767.888,828.2538,733.4924,832.1752,1.0,0.030548325
1678.7577,1806.7634,1555.7399,1886.3407,1.0,0.12635976
352.04276,902.73456,312.86765,870.1022,1.0,0.13583454
777.34216,842.0495,741.72394,846.67377,1.0,0.09896982
1298.1931,170.37578,1319.1611,222.9972,1.0,0.06445805
1107.1217,1234.7292,1036.1403,1266.6265,1.0,0.14548369
1107.2764,1081.328,1049.5758,1113.8801,1.0,0.04047234
1107.3422,1675.5476,997.8942,1705.7268,1.0,0.15528478
1891.6597,410.35947,1889.4799,513.8546,1.0,0.06470014
99.27875,596.89075,87.62659,543.4445,1.0,0.028777866
1668.9211,554.9284,1655.3363,638.2304,1.0,0.466323
1107.5192,1488.65,1014.2288,1519.6553,1.0,0.06143233
971.69165,1305.6791,894.8778,1325.5706,1.0,0.03899855
352.48465,116.986046,381.7243,87.3985,1.0,0.070230365
1288.8864,703.837,1263.3832,753.64935,1.0,0.032276925
363.72412,360.93005,371.6429,331.43988,1.0,0.040643744
1297.2168,182.65297,1317.0715,235.18263,1.0,0.015551993
1297.0199,1881.5479,1168.8423,1927.6006,1.0,0.026928889
363.486,1746.2322,250.6464,1711.3838,1.0,0.063293085
100.23886,1035.251,50.38133,980.1607,1.0,0.072082974
100.23886,1035.251,50.38133,980.1607,1.0,0.072082974
100.30543,1166.5371,39.02049,1110.9752,1.0,0.06361256
100.30543,1166.5371,39.02049,1110.9752,1.0,0.06361256
352.86844,1815.5714,234.03394,1779.5558,1.0,0.046536103
352.86844,1815.5714,234.03394,1779.5558,1.0,0.046536103
363.12314,557.33704,353.9089,527.0388,1.0,0.023150615
1669.3411,142.31544,1691.5162,227.52081,1.0,0.22492082
971.32825,737.9256,944.0654,759.96643,1.0,0.031724427
1108.0295,1180.4951,1041.7864,1212.6848,1.0,0.15539968
100.86286,827.6981,69.00637,773.48303,1.0,0.063293315
1890.7595,755.16644,1858.5996,857.0259,1.0,0.26941508
352.94894,536.3757,345.43463,505.10986,1.0,0.21700214
769.5778,460.78094,767.22833,466.3101,1.0,0.03734883
1108.5781,986.8373,1059.1788,1019.89465,1.0,0.10927272
769.6014,685.25024,747.6894,689.8771,1.0,0.027153032
1890.41,161.85495,1909.9373,266.06674,1.0,0.1535645
362.63013,1890.1147,237.18845,1854.6917,1.0,0.048961762
769.7969,1912.9984,640.8496,1912.9731,1.0,0.017534096
769.7969,1912.9984,640.8496,1912.9731,1.0,0.017534096
1669.5974,1037.7133,1613.5807,1119.4773,1.0,0.06288612
770.032,1795.9884,651.31305,1796.4043,1.0,0.04557655
770.032,1795.9884,651.31305,1796.4043,1.0,0.04557655
1108.7382,853.02185,1070.8452,886.5852,1.0,0.04785717
102.03374,1075.1917,48.68952,1020.1718,1.0,0.033515375
770.032,1795.9884,651.31305,1796.4043,1.0,0.04557655
770.032,1795.9884,651.31305,1796.4043,1.0,0.04557655
1295.8572,1144.7059,1231.9004,1193.3802,1.0,0.09115841
1295.8572,1144.7059,1231.9004,1193.3802,1.0,0.09115841
362.19604,920.0145,321.3909,888.25507,1.0,0.038096305
1295.8572,1144.7059,1231.9004,1193.3802,1.0,0.09115841
1295.4332,252.15761,1309.2736,304.22263,1.0,0.063178316
353.6418,1655.0924,248.83188,1619.7896,1.0,0.06697802
770.5369,92.47581,800.4103,99.45772,1.0,0.14556889
770.5639,75.417206,801.8217,82.40737,1.0,0.07330153
970.2996,1520.9366,874.73615,1539.8726,1.0,0.038704183
770.5639,75.417206,801.8217,82.40737,1.0,0.07330153
102.613525,775.83856,75.42847,721.98175,1.0,0.10746856
1670.3785,199.15948,1687.3855,284.135,1.0,0.026949976
1677.9352,279.49655,1687.9374,364.85352,1.0,0.02726969
771.0821,1560.5269,672.96875,1561.892,1.0,0.13490847
1889.2037,1280.2983,1811.1575,1380.2523,1.0,0.010375977
775.87115,984.459,727.8834,988.488,1.0,0.05191911
1677.267,457.25983,1671.7792,541.88824,1.0,0.028773723
103.54103,1259.3972,34.11365,1203.781,1.0,0.027411088
103.54103,1259.3972,34.11365,1203.781,1.0,0.027411088
1294.0632,1088.7585,1234.9729,1137.45,1.0,0.12794186
1290.2085,819.6127,1254.5814,869.0646,1.0,0.055639695
1109.4854,1596.0428,1006.86633,1626.7502,1.0,0.09530731
969.60834,855.1829,932.13727,876.57513,1.0,0.05009064
969.60834,855.1829,932.13727,876.57513,1.0,0.05009064
1671.2991,1798.3885,1548.7343,1877.5426,1.0,0.2425009
104.20231,1302.5963,31.071596,1246.863,1.0,0.08286189
354.81165,752.54974,328.60834,720.73615,1.0,0.053536784
969.3985,1757.3954,853.2792,1775.346,1.0,0.032669093
354.81165,752.54974,328.60834,720.73615,1.0,0.053536784
969.3985,1757.3954,853.2792,1775.346,1.0,0.032669093
354.92102,1785.1575,238.74869,1749.4279,1.0,0.06544267
771.81793,478.7201,767.922,484.2603,1.0,0.09482892
104.37265,803.53064,74.69108,749.7177,1.0,0.040530883
1671.4049,1382.235,1585.2435,1462.7031,1.0,0.1321748
1110.3556,1472.6584,1018.4564,1503.9348,1.0,0.08285115
1110.3827,303.16852,1120.4023,338.93317,1.0,0.06265253
1676.9995,1604.6188,1571.5675,1684.8882,1.0,0.089888275
1671.4049,1382.235,1585.2435,1462.7031,1.0,0.1321748
1887.9669,414.37137,1885.6282,517.45844,1.0,0.24808703
968.6745,1062.0858,913.16345,1082.4415,1.0,0.20676348
1887.8986,876.4403,1845.1158,977.81445,1.0,0.068977855
1676.8611,1168.5833,1609.2587,1250.4492,1.0,0.09325869
1887.4727,843.4356,1847.5,944.8247,1.0,0.08264196
968.566,1889.7838,840.90173,1907.1406,1.0,0.04597775
1676.8611,1168.5833,1609.2587,1250.4492,1.0,0.09325869
1887.2595,377.53018,1888.05,480.7839,1.0,0.1586668
1676.8611,1168.5833,1609.2587,1250.4492,1.0,0.09325869
104.85863,625.4841,90.67089,572.4228,1.0,0.0066508763
1887.2595,377.53018,1888.05,480.7839,1.0,0.1586668
1887.2006,1077.8605,1826.7838,1178.394,1.0,0.02616864
360.50473,1378.09,279.74188,1344.355,1.0,0.08828572
1293.9883,1114.2244,1232.6876,1162.9348,1.0,0.015602095
355.33508,120.54224,384.27112,91.15889,1.0,0.10310681
1886.9498,1657.7644,1776.0378,1756.0492,1.0,0.053589422
771.95435,1948.8378,639.8951,1948.8761,1.0,0.011411616
1676.8611,1168.5833,1609.2587,1250.4492,1.0,0.09325869
771.95435,1948.8378,639.8951,1948.8761,1.0,0.011411616
1886.8948,727.37506,1857.0316,829.21954,1.0,0.020132352
1110.7217,1133.6039,1048.3854,1166.3339,1.0,0.06737231
775.25604,608.9436,760.01373,614.39514,1.0,0.0653674
105.34504,1533.3708,12.018338,1476.9033,1.0,0.009448014
105.34504,1533.3708,12.018338,1476.9033,1.0,0.009448014
105.44081,1472.873,17.374744,1416.5851,1.0,0.05253577
355.63812,284.8846,370.21555,254.9189,1.0,0.06800779
1110.7323,1031.0267,1057.4508,1064.0684,1.0,0.08754544
1293.4442,583.4599,1278.4197,634.11255,1.0,0.046107043
1293.4442,583.4599,1278.4197,634.11255,1.0,0.046107043
355.7389,1044.7471,304.0618,1011.872,1.0,0.08227469
355.7389,1044.7471,304.0618,1011.872,1.0,0.08227469
1293.3403,203.1002,1311.4637,255.1,1.0,0.12931383
1290.8475,243.24557,1304.289,294.68796,1.0,1.2076714
1672.3418,1933.5952,1538.1798,2012.1633,1.0,0.008039051
1672.5447,1091.632,1611.7207,1173.4391,1.0,0.039106153
106.14785,1242.8485,38.18756,1187.5981,1.0,0.06778976
106.30952,1001.04694,59.360027,946.67944,1.0,0.01768195
1676.3599,610.42096,1657.4838,694.3522,1.0,0.031414136
106.43097,797.3519,77.306526,743.8046,1.0,0.0641362
106.43097,797.3519,77.306526,743.8046,1.0,0.0641362
355.9539,870.9435,319.4019,838.7916,1.0,0.039421055
772.4279,1450.5074,683.7752,1452.4463,1.0,0.04246398
1676.3405,1252.086,1601.5393,1333.532,1.0,0.0711671
1886.0947,440.45154,1881.3309,543.31506,1.0,0.08435695
360.01947,292.32724,373.91132,262.75943,1.0,0.022644002
775.05756,772.3397,745.51,777.0831,1.0,0.045715496
106.84343,932.49493,65.877815,878.419,1.0,0.017925961
106.85327,456.88052,107.323616,404.60284,1.0,0.03716678
775.05756,772.3397,745.51,777.0831,1.0,0.045715496
360.01947,292.32724,373.91132,262.75943,1.0,0.022644002
107.00287,1113.3912,50.3067,1058.6149,1.0,0.052060317
775.0348,1495.594,682.4551,1497.5885,1.0,0.040287826
1111.3358,1359.4215,1029.3793,1391.3223,1.0,0.050541386
359.96924,1954.3059,229.05412,1918.3636,1.0,0.08518426
359.96924,1954.3059,229.05412,1918.3636,1.0,0.08518426
772.5421,1321.2003,695.1041,1323.6173,1.0,0.093258046
967.5731,1705.2072,856.02716,1723.2083,1.0,0.038707264
772.6991,41.5216,806.9049,48.897667,1.0,0.04671774
1676.1577,582.03564,1659.7808,666.09204,1.0,0.01184145
356.47372,1397.971,273.9941,1363.8859,1.0,0.011471525
356.47372,1397.971,273.9941,1363.8859,1.0,0.011471525
356.47372,1397.971,273.9941,1363.8859,1.0,0.011471525
1676.1545,340.89392,1680.8224,425.84204,1.0,0.041530926
772.8909,659.5347,753.25476,664.5231,1.0,0.07888425
1676.0906,323.37787,1682.2269,408.3222,1.0,0.085918255
107.571915,198.37823,130.59125,147.14249,1.0,0.033591524
1676.0631,431.67426,1672.9811,516.3633,1.0,0.2131051
772.8909,659.5347,753.25476,664.5231,1.0,0.07888425
772.93463,911.01465,731.3439,915.0281,1.0,0.06998785
774.8915,84.14815,805.39124,91.51964,1.0,0.06635229
774.8915,84.14815,805.39124,91.51964,1.0,0.06635229
1291.1921,435.15616,1289.1165,486.2005,1.0,0.045858417
1292.783,130.0874,1317.2913,182.44763,1.0,0.046127662
359.5472,258.00024,376.43222,228.45348,1.0,0.08124737
773.0925,1467.4419,682.99426,1469.4135,1.0,0.019866826
108.1688,685.925,88.72366,632.8893,1.0,0.04201871
1292.3875,377.11533,1295.3696,428.42505,1.0,0.086122625
1111.7809,1701.3976,999.97815,1731.9684,1.0,0.03073561
1291.3481,1253.7644,1217.9023,1301.7058,1.0,0.025128702
1675.4333,977.14795,1624.6191,1059.5804,1.0,0.050362844
1884.8514,1829.0736,1758.8821,1926.6083,1.0,0.11064514
1111.7809,1701.3976,999.97815,1731.9684,1.0,0.03073561
1291.3481,1253.7644,1217.9023,1301.7058,1.0,0.025128702
359.05075,462.018,358.13647,431.69226,1.0,0.038177796
1111.7809,1701.3976,999.97815,1731.9684,1.0,0.03073561
359.05075,462.018,358.13647,431.69226,1.0,0.038177796
773.62683,1902.6327,645.64136,1902.9514,1.0,0.07800333
108.84554,747.93976,83.89247,694.7515,1.0,0.07157771
108.84835,913.4286,69.59015,859.52014,1.0,0.10732091
966.4795,1397.3556,881.68146,1416.4521,1.0,0.05248601
1112.1204,146.66568,1135.8912,183.18199,1.0,0.07250311
1291.882,1072.2114,1234.1924,1120.8508,1.0,0.06864477
1675.1366,263.1728,1686.4062,348.30298,1.0,0.14529437
774.3658,1009.90405,724.13464,1013.71014,1.0,0.023677943
109.016045,1044.3197,58.40293,989.9528,1.0,0.12334121
109.016045,1044.3197,58.40293,989.9528,1.0,0.12334121
773.89496,917.77045,731.81396,921.904,1.0,0.13311937
1112.2429,1110.2191,1051.8986,1143.2158,1.0,0.1267258
1884.6292,1795.6227,1761.7169,1893.1854,1.0,0.053862754
1112.4503,619.8439,1094.8707,654.58246,1.0,0.056446433
1884.465,384.07397,1884.522,487.0102,1.0,0.027688324
1884.465,384.07397,1884.522,487.0102,1.0,0.027688324
774.0502,272.83954,788.13104,279.4277,1.0,0.08726894
1674.0995,1799.926,1551.6307,1879.0963,1.0,0.08570501
774.20996,915.9386,732.1887,920.059,1.0,0.05924486
774.20996,915.9386,732.1887,920.059,1.0,0.05924486
358.1438,1391.8749,276.19363,1357.8579,1.0,0.11197445
357.95496,1403.1875,275.03122,1369.2064,1.0,0.022151642
357.94415,1508.9406,265.7913,1474.5624,1.0,0.010638736
357.9364,163.99596,382.97327,134.72316,1.0,0.03538318
357.9364,163.99596,382.97327,134.72316,1.0,0.03538318
110.09061,1508.2751,18.89431,1452.3077,1.0,0.042229403
2043.8611,1595.6459,1937.8011,1707.8737,1.0,0.0685355
1883.6108,898.779,1838.7963,999.66986,1.0,0.047046505
1112.8329,106.588,1140.0216,143.32956,1.0,0.020888524
110.361465,741.58624,86.00577,688.5624,1.0,0.022058045
965.53595,586.1244,951.5472,608.18634,1.0,0.061915074
2041.681,1153.537,1974.1042,1267.2307,1.0,0.039497435
2041.583,1860.9261,1912.3651,1971.9624,1.0,0.022098772
1883.1887,1060.7621,1824.339,1160.9781,1.0,0.07337959
2040.7955,1799.5325,1916.9384,1910.7188,1.0,0.030234281
110.821815,1006.3744,63.46305,952.3519,1.0,0.061718527
1113.3506,1157.6426,1048.964,1190.4327,1.0,0.030572461
2040.5944,718.07,2010.9803,833.31415,1.0,0.052323185
111.02351,546.0642,103.77741,493.77188,1.0,0.08394123
111.12436,809.0519,80.91214,755.84564,1.0,0.011068251
1113.4346,522.41724,1104.4517,557.55756,1.0,0.11251738
2037.1879,1872.8826,1906.8239,1983.5518,1.0,0.119275436
1882.7485,1698.0344,1768.1796,1795.9065,1.0,0.14565602
2036.4602,1215.1979,1963.5629,1328.2014,1.0,0.05845218
2036.4602,1215.1979,1963.5629,1328.2014,1.0,0.05845218
964.9857,474.3912,960.72186,496.8132,1.0,0.064071365
1882.7252,1032.9396,1826.2517,1133.2389,1.0,0.037669126
1882.6589,1550.5914,1781.0872,1648.9583,1.0,0.016406994
1113.9353,548.6141,1102.6222,583.7346,1.0,0.05870697
964.7055,130.41411,990.40216,154.18167,1.0,0.015852295
2035.9667,679.2114,2009.7554,794.2476,1.0,0.013790164
964.7055,130.41411,990.40216,154.18167,1.0,0.015852295
2035.6746,790.45953,1999.8009,904.981,1.0,0.082508154
964.6197,871.54443,925.73956,892.443,1.0,0.046156462
2035.6476,1037.1616,1978.3309,1150.815,1.0,0.104462594
112.093864,1317.6959,37.533283,1262.6237,1.0,0.010263694
112.093864,1317.6959,37.533283,1262.6237,1.0,0.010263694
1114.0668,1131.6656,1051.9878,1164.6422,1.0,0.07237699
2034.4475,583.0699,2016.6584,698.2958,1.0,0.06873721
1114.0668,1131.6656,1051.9878,1164.6422,1.0,0.07237699
1114.1523,969.89667,1066.1315,1003.3756,1.0,0.11647998
2034.0035,831.07056,1994.5872,945.29755,1.0,0.07264068
112.372116,1153.4861,52.11414,1099.0979,1.0,0.034576274
112.372116,1153.4861,52.11414,1099.0979,1.0,0.034576274
2033.9329,1607.9958,1926.8038,1719.3367,1.0,0.03939109
112.42081,405.5568,117.40274,353.9557,1.0,0.049437948
2033.796,1369.3931,1947.5128,1481.5571,1.0,0.10496095
2033.303,1859.1716,1904.2811,1969.448,1.0,0.052109156
2032.8806,1235.3075,1958.1667,1347.9352,1.0,0.042632435
2032.8806,1235.3075,1958.1667,1347.9352,1.0,0.042632435
2031.8888,411.92883,2028.927,527.5712,1.0,0.07507078
112.71119,610.4391,99.811554,558.0426,1.0,0.07531998
2031.8083,927.95264,1983.9302,1041.6356,1.0,0.04793184
1882.1417,460.56232,1875.5559,562.97906,1.0,0.047446422
2031.6881,1227.5349,1957.6709,1340.0737,1.0,0.044778347
112.950775,301.83185,126.98209,250.76657,1.0,0.07811858
1882.1417,460.56232,1875.5559,562.97906,1.0,0.047446422
1114.7692,1871.1893,988.18854,1901.3716,1.0,0.042551268
1114.7747,1504.859,1019.99536,1536.4569,1.0,0.100567564
964.06067,757.57184,935.1351,778.8004,1.0,0.10230433
963.9142,773.60284,933.58075,794.8503,1.0,0.03890243
2029.5068,1586.4458,1924.3002,1697.4603,1.0,0.06496217
113.44576,1591.0238,15.133867,1535.072,1.0,0.07691766
113.44576,1591.0238,15.133867,1535.072,1.0,0.07691766
2028.747,483.09174,2019.7153,598.2156,1.0,0.07960962
1115.5289,1382.5237,1031.5482,1414.6381,1.0,0.04753616
1881.7734,1908.3853,1748.9984,2005.2976,1.0,0.012601063
2027.7878,821.7211,1989.1493,935.41907,1.0,0.08906993
2027.4249,265.55582,2037.2336,381.42883,1.0,0.051476207
114.03669,208.58972,136.1445,157.79454,1.0,0.11759872
2026.8478,561.58154,2010.9546,676.2148,1.0,0.07368703
2026.8478,561.58154,2010.9546,676.2148,1.0,0.07368703
2026.8478,561.58154,2010.9546,676.2148,1.0,0.07368703
1115.7516,190.44423,1135.6749,227.09692,1.0,0.064799674
2026.223,1839.5942,1898.9352,1949.279,1.0,0.095468424
2025.7466,859.6093,1983.8553,973.06384,1.0,0.018814377
1881.3383,291.84607,1889.4746,394.8365,1.0,0.047163878
1881.3383,291.84607,1889.4746,394.8365,1.0,0.047163878
2025.4475,254.96594,2036.273,370.71768,1.0,0.038137756
114.56069,813.1024,84.04633,760.1207,1.0,0.08441277
1116.2574,129.08417,1141.4824,166.0458,1.0,0.013042338
1116.2574,129.08417,1141.4824,166.0458,1.0,0.013042338
2024.564,1625.5052,1915.8531,1735.9839,1.0,0.064478666
962.9088,1410.9862,876.92175,1429.5554,1.0,0.17523685
2023.869,1217.4902,1950.7743,1329.4302,1.0,0.0042039
2023.5953,806.5116,1986.3334,919.9871,1.0,0.010759513
114.91618,894.8323,77.16738,841.6229,1.0,0.041546296
1880.7739,1168.3206,1812.4813,1267.9719,1.0,0.029665347
2022.9904,1056.0863,1963.9639,1168.5204,1.0,0.039902244
2022.5228,594.7401,2003.7228,708.8519,1.0,0.07757453
115.32281,370.4488,123.319595,319.25735,1.0,0.01038735
115.32281,370.4488,123.319595,319.25735,1.0,0.01038735
962.4954,1039.3383,909.0292,1059.4031,1.0,0.07534797
2022.4352,1731.0342,1904.5614,1840.9158,1.0,0.037194807
2022.3422,383.65927,2021.8722,498.59125,1.0,0.07126456
2022.3422,383.65927,2021.8722,498.59125,1.0,0.07126456
2022.271,1488.4332,1925.5209,1599.154,1.0,0.06661114
115.46689,940.673,73.70628,887.2685,1.0,0.08627013
2022.1134,1129.0457,1956.8506,1241.1487,1.0,0.11618247
2022.1134,1129.0457,1956.8506,1241.1487,1.0,0.11618247
1116.9447,964.6343,1069.284,998.503,1.0,0.058472827
2019.8083,209.01628,2034.632,324.41174,1.0,0.025202716
2018.9495,417.30914,2015.6498,531.8634,1.0,0.034117125
2018.9495,417.30914,2015.6498,531.8634,1.0,0.034117125
2018.4915,1060.81,1959.104,1172.8248,1.0,0.057110384
2017.7926,967.6776,1966.5278,1080.0227,1.0,0.03453231
962.1738,275.96008,975.2009,298.9283,1.0,0.026960498
962.1738,275.96008,975.2009,298.9283,1.0,0.026960498
2017.2266,1359.3302,1931.7969,1470.1387,1.0,0.009034028
1879.8623,1528.2976,1780.4025,1626.482,1.0,0.17476445
2017.2266,1359.3302,1931.7969,1470.1387,1.0,0.009034028
2017.2177,1812.6522,1892.2997,1921.706,1.0,0.043455146
1879.8623,1528.2976,1780.4025,1626.482,1.0,0.17476445
2016.9288,133.73555,2038.2988,249.20264,1.0,0.022416033
116.11379,1164.3995,54.88566,1110.2769,1.0,0.024484323
116.13012,404.46893,121.17654,353.1646,1.0,0.06699871
116.13012,404.46893,121.17654,353.1646,1.0,0.06699871
116.217476,1609.0594,16.292477,1553.1921,1.0,0.06232469
2016.0967,431.5102,2011.5797,545.69775,1.0,0.07586334
2015.6411,386.8622,2015.1306,501.36533,1.0,0.19970602
2015.1869,1635.4803,1905.7997,1745.0863,1.0,0.10431471
2014.5868,725.7744,1984.43,838.7612,1.0,0.04634916
1879.4427,912.96277,1833.4901,1013.4777,1.0,0.05001443
2014.5868,725.7744,1984.43,838.7612,1.0,0.04634916
2013.2439,939.46606,1964.4064,1051.4961,1.0,0.041450016
116.644035,788.8891,88.23807,736.1883,1.0,0.08556096
116.644035,788.8891,88.23807,736.1883,1.0,0.08556096
116.653046,908.73834,77.67534,855.55615,1.0,0.08573387
116.653046,908.73834,77.67534,855.55615,1.0,0.08573387
1879.3949,237.04004,1892.351,340.09576,1.0,0.051243957
116.69899,642.44434,100.95106,590.3179,1.0,0.04296937
2012.1077,1470.4213,1916.9927,1580.3405,1.0,0.03701308
2011.8444,527.2695,1999.0732,640.7874,1.0,0.11943195
1879.2872,581.79895,1862.1995,683.54865,1.0,0.051082306
2011.5869,72.254616,2038.4341,187.45721,1.0,0.08219856
2011.5869,72.254616,2038.4341,187.45721,1.0,0.08219856
2011.5869,72.254616,2038.4341,187.45721,1.0,0.08219856
2011.5782,1483.5325,1915.268,1593.3925,1.0,0.077385455
117.10082,436.30417,119.43063,385.12955,1.0,0.13127603
2011.5613,1299.0483,1931.4371,1409.5978,1.0,0.030372947
1879.2096,272.336,1889.0233,375.26038,1.0,0.019535922
2011.5613,1299.0483,1931.4371,1409.5978,1.0,0.030372947
117.16952,746.57434,92.39307,694.08167,1.0,0.04466045
1117.5128,1694.3245,1006.4412,1725.4192,1.0,0.13527164
1117.5128,1694.3245,1006.4412,1725.4192,1.0,0.13527164
2011.3187,1406.4148,1921.7482,1516.4923,1.0,0.075105
2010.461,1074.8972,1949.8654,1186.1284,1.0,0.081101924
961.6387,638.28577,942.82184,659.7336,1.0,0.2715688
961.6387,638.28577,942.82184,659.7336,1.0,0.2715688
2010.447,690.81384,1983.3636,803.571,1.0,0.057113513
2010.447,690.81384,1983.3636,803.571,1.0,0.057113513
117.5917,1030.0513,68.10127,976.53656,1.0,0.02429829
1117.8292,171.9086,1139.4135,208.78078,1.0,0.12642862
117.74712,757.5451,92.12824,705.0168,1.0,0.15866168
2010.2025,371.4311,2010.874,485.43063,1.0,0.043921232
2009.7119,1834.5979,1882.9171,1942.9075,1.0,0.05288914
1878.1035,442.81174,1873.1537,544.9868,1.0,0.07094861
2009.7119,1834.5979,1882.9171,1942.9075,1.0,0.05288914
2009.3723,1844.9915,1881.6329,1953.273,1.0,0.011704118
2008.9607,1396.3826,1920.3447,1506.3335,1.0,0.012791198
118.21956,1710.8838,9.369356,1654.8248,1.0,0.0300508
1877.7726,262.78793,1888.3845,365.58124,1.0,0.072642095
2008.7301,1063.7758,1949.1318,1174.9454,1.0,0.051149208
1877.7299,1383.3682,1790.9694,1481.8892,1.0,0.23820275
961.4743,432.5508,960.82196,454.84293,1.0,0.039754555
961.4743,432.5508,960.82196,454.84293,1.0,0.039754555
961.47217,1681.5707,851.9677,1699.1262,1.0,0.02188738
118.68465,477.49213,117.31135,426.23563,1.0,0.046609797
118.68465,477.49213,117.31135,426.23563,1.0,0.046609797
2007.5314,133.61147,2028.965,248.21686,1.0,0.031326205
1877.5627,1299.3776,1797.9152,1398.2107,1.0,0.047476564
1877.5627,1299.3776,1797.9152,1398.2107,1.0,0.047476564
2007.1646,521.74915,1994.8474,634.92786,1.0,0.090167336
2005.7471,85.570244,2031.3577,200.26459,1.0,0.03572612
2004.9895,1389.8403,1916.9956,1499.4207,1.0,0.07297906
119.216354,1546.8948,24.891706,1491.5597,1.0,0.23065087
960.87115,452.77008,958.562,474.93323,1.0,0.09621829
2004.4869,432.63516,1999.8824,545.8296,1.0,0.04029601
960.87115,452.77008,958.562,474.93323,1.0,0.09621829
119.34399,1433.5588,34.69612,1378.6218,1.0,0.067442134
1118.4545,931.29224,1073.8048,965.35486,1.0,0.07397413
119.38623,1293.4111,46.88458,1239.1683,1.0,0.1040784
1876.8223,463.0184,1870.0315,564.9788,1.0,0.03370738
960.75775,213.5654,979.2303,236.64355,1.0,0.031214966
960.75775,213.5654,979.2303,236.64355,1.0,0.031214966
960.7101,862.9746,922.65753,883.57477,1.0,0.099744596
119.57724,398.0917,125.16513,347.17715,1.0,0.01922868
2003.2301,1866.1537,1873.6838,1973.8379,1.0,0.015394901
2003.0151,648.55566,1979.8126,760.8261,1.0,0.22559816
2002.7122,999.0369,1948.7092,1110.0414,1.0,0.08632408
2001.4105,1328.3441,1918.6818,1437.8899,1.0,0.06073964
2000.8633,1192.5425,1930.0388,1302.5282,1.0,0.04081897
2000.7585,1880.3083,1870.0626,1987.625,1.0,0.11348968
2000.728,1792.9542,1877.4724,1900.6989,1.0,0.09699437
2000.675,1820.1228,1875.1122,1927.766,1.0,0.04136905
960.25336,482.76822,955.26764,504.76398,1.0,0.043618843
960.25336,482.76822,955.26764,504.76398,1.0,0.043618843
120.077614,131.42657,148.92117,81.46622,1.0,0.10879974
2000.5625,405.38278,1998.4004,518.3802,1.0,0.062299047
2000.4208,995.4129,1946.782,1106.1289,1.0,0.023660867
2000.1213,726.5816,1969.9691,838.36145,1.0,0.07914309
120.15101,592.7755,108.786606,541.1451,1.0,0.043901596
120.17827,1471.1206,32.2803,1416.1451,1.0,0.06325857
2000.1083,1546.0544,1898.432,1654.6742,1.0,0.03777677
960.25336,482.76822,955.26764,504.76398,1.0,0.043618843
960.0112,388.5741,963.18964,410.88846,1.0,0.058874357
1999.8469,953.93066,1949.8129,1064.769,1.0,0.0078096385
960.0112,388.5741,963.18964,410.88846,1.0,0.058874357
1999.8469,953.93066,1949.8129,1064.769,1.0,0.0078096385
1876.2664,1158.205,1808.8698,1257.562,1.0,0.068001494
1999.8469,953.93066,1949.8129,1064.769,1.0,0.0078096385
120.52739,1321.0057,45.618225,1266.5837,1.0,0.0854466
1999.7036,1840.8475,1872.488,1948.3044,1.0,0.11450722
1999.5226,419.42017,1995.9696,533.0123,1.0,0.74906313
1999.4663,420.09326,1995.9696,533.0123,1.0,0.075709015
1999.3105,649.49634,1975.8181,761.4756,1.0,0.02236495
959.8165,1075.7366,903.1324,1095.2998,1.0,0.17414597
1119.1102,214.38936,1136.9418,251.29376,1.0,0.05599935
1876.0631,1566.4471,1773.124,1664.1399,1.0,0.033698924
120.91247,497.77573,117.77926,446.6043,1.0,0.011440796
1876.0077,918.9573,1829.6655,1019.1402,1.0,0.16932578
1998.5198,1636.7572,1889.0697,1744.8807,1.0,0.08836963
959.6279,1266.2551,886.3624,1285.2528,1.0,0.027892198
1875.6079,1240.4501,1801.105,1339.3767,1.0,0.026857965
1998.025,480.08704,1989.3253,592.5477,1.0,0.03886176
1998.025,480.08704,1989.3253,592.5477,1.0,0.03886176
1997.793,100.78457,2022.1107,214.6562,1.0,0.04414935
1996.85,1831.1406,1870.37,1938.3778,1.0,0.011254989
959.4437,252.96642,974.48566,275.74612,1.0,0.059621576
1875.3348,1136.0188,1809.9691,1235.2726,1.0,0.077174895
1995.0818,1352.9625,1910.2085,1461.8726,1.0,0.082778886
121.5888,1181.0549,58.942608,1127.352,1.0,0.036667187
121.5888,1181.0549,58.942608,1127.352,1.0,0.036667187
1994.4183,227.18507,2007.7677,340.3145,1.0,0.021210069
959.01117,637.002,940.388,657.9726,1.0,0.405756
1994.2035,723.4558,1964.4482,834.5791,1.0,0.19835773
1993.4266,56.66932,2021.6271,170.27234,1.0,0.09727059
1993.3577,501.34647,1982.7886,613.34,1.0,0.01182571
1992.7372,1564.0642,1889.5748,1671.9458,1.0,0.02874879
1992.218,385.30774,1991.7751,497.58725,1.0,0.06469738
1992.0819,317.54407,1997.5894,430.40027,1.0,0.26956683
1992.0156,1125.6625,1927.041,1235.1384,1.0,0.03402172
1874.2122,1821.3376,1749.082,1917.9392,1.0,0.023057075
122.25676,674.4072,103.73625,622.6408,1.0,0.0328985
122.25676,674.4072,103.73625,622.6408,1.0,0.0328985
1874.2122,1821.3376,1749.082,1917.9392,1.0,0.023057075
1121.0746,1002.3319,1070.1871,1036.356,1.0,0.050377045
1874.0276,435.57654,1869.6478,537.5322,1.0,0.10383149
1874.0217,1020.618,1818.6433,1120.2113,1.0,0.034976926
1992.0156,1125.6625,1927.041,1235.1384,1.0,0.03402172
1991.9431,713.1118,1962.9624,824.1555,1.0,0.042793654
1991.9431,713.1118,1962.9624,824.1555,1.0,0.042793654
1874.0217,1020.618,1818.6433,1120.2113,1.0,0.034976926
958.41284,584.6366,944.55414,606.0456,1.0,0.07811207
958.41284,584.6366,944.55414,606.0456,1.0,0.07811207
1121.3899,1547.019,1023.0269,1579.0397,1.0,0.01698489
1121.4348,1776.7163,1003.10535,1807.8511,1.0,0.07230554
122.88482,925.0065,82.53784,872.37305,1.0,0.020578966
122.91092,1388.536,42.133274,1334.0958,1.0,0.047258478
1991.526,1363.2849,1905.8561,1471.8313,1.0,0.017503368
1991.2108,1575.5594,1887.0393,1683.3805,1.0,0.0940054
122.92602,1240.2164,55.134514,1186.3514,1.0,0.06080956
1991.0067,528.5745,1978.0673,640.24945,1.0,0.02356463
1991.0067,528.5745,1978.0673,640.24945,1.0,0.02356463
123.102264,347.94016,133.12529,297.55228,1.0,0.10124012
958.12866,805.5514,925.0328,826.16327,1.0,0.039273694
1989.9867,1452.7867,1896.5283,1560.8735,1.0,0.013211257
1989.9867,1452.7867,1896.5283,1560.8735,1.0,0.013211257
1989.7314,698.02466,1962.0071,808.99567,1.0,0.048921764
1988.8925,379.05322,1989.0378,491.0938,1.0,0.048447933
1988.8925,379.05322,1989.0378,491.0938,1.0,0.048447933
1988.1029,419.70123,1984.6962,531.5526,1.0,0.018484686
1987.4884,32.848156,2017.7986,146.08807,1.0,0.037123226
123.649185,1481.5015,34.816875,1426.7606,1.0,0.06976885
1986.8644,916.9779,1940.0516,1026.8339,1.0,0.05202258
1986.849,361.5472,1988.5167,473.4825,1.0,0.03694261
1986.1687,93.71381,2011.159,206.63681,1.0,0.0051467377
1872.9454,525.4147,1860.7758,626.7895,1.0,0.05119638
1986.1687,93.71381,2011.159,206.63681,1.0,0.0051467377
1872.8829,330.27155,1877.7262,432.413,1.0,0.037223052
1986.0294,303.51685,1992.744,415.62042,1.0,0.0136928735
1985.8679,1471.1604,1890.8251,1578.8578,1.0,0.041018896
1872.8829,330.27155,1877.7262,432.413,1.0,0.037223052
1872.8829,330.27155,1877.7262,432.413,1.0,0.037223052
1985.8221,1759.4012,1865.6683,1865.9766,1.0,0.030441556
1122.7191,1238.6045,1051.2145,1271.8933,1.0,0.026618326
1985.8217,1630.1858,1876.9115,1737.1715,1.0,0.06432909
956.84625,1238.9934,885.90765,1257.8282,1.0,0.03891153
1122.7864,68.17509,1153.346,105.93697,1.0,0.055777784
124.45668,1188.5087,61.1626,1134.948,1.0,0.07711396
1122.8939,988.8608,1073.15,1023.0697,1.0,0.072310485
1984.7493,1049.413,1926.5216,1158.5209,1.0,0.08922772
1984.4866,1813.1849,1859.6517,1919.3425,1.0,0.08365059
1984.0621,1527.4031,1884.1085,1634.5925,1.0,0.09791135
1984.0621,1527.4031,1884.1085,1634.5925,1.0,0.09791135
1983.93,1481.5701,1888.0002,1589.0073,1.0,0.0301931
956.42804,1143.7592,894.1403,1162.6768,1.0,0.41365138
1983.4468,1533.3937,1883.0007,1640.5969,1.0,0.027032442
1983.4468,1533.3937,1883.0007,1640.5969,1.0,0.027032442
1983.3673,1274.8563,1905.3999,1382.971,1.0,0.078704216
1981.8591,158.47589,2001.1501,270.65506,1.0,0.14617792
1980.6818,1317.1462,1899.1306,1424.8724,1.0,0.09179371
1980.2562,290.02432,1988.191,401.67758,1.0,0.02993314
1980.206,1242.3202,1905.1765,1350.3506,1.0,0.061668828
1980.206,1242.3202,1905.1765,1350.3506,1.0,0.061668828
1979.6276,330.59036,1983.9862,442.05826,1.0,0.019795066
956.2941,853.0851,918.9798,873.37366,1.0,0.045194257
1871.9622,484.70264,1863.4164,586.12036,1.0,0.12256207
1978.9053,1805.292,1854.5482,1911.12,1.0,0.210385
956.28925,1158.0212,892.5408,1177.0613,1.0,0.12521017
1978.137,829.15424,1939.1273,938.53326,1.0,0.08019585
1871.8691,121.7598,1894.8013,224.64702,1.0,0.06017479
125.55584,1422.9976,41.747498,1368.7087,1.0,0.028489897
125.55584,1422.9976,41.747498,1368.7087,1.0,0.028489897
125.55584,1422.9976,41.747498,1368.7087,1.0,0.028489897
1978.137,829.15424,1939.1273,938.53326,1.0,0.08019585
1977.7329,370.91772,1978.605,482.03937,1.0,0.01603219
1977.7329,370.91772,1978.605,482.03937,1.0,0.01603219
1977.3607,185.92334,1994.338,297.7345,1.0,0.014015013
1977.0958,419.2652,1973.7081,530.0897,1.0,0.084099
1123.7006,1247.8529,1051.4452,1281.1827,1.0,0.06867103
1976.0804,1839.3495,1849.0015,1944.7676,1.0,0.033516027
1123.7446,853.4436,1085.8015,888.2945,1.0,0.019907663
1973.6163,693.0918,1946.4664,802.6433,1.0,0.04748633
1123.9003,477.9355,1118.6902,514.1993,1.0,0.049102016
1123.9003,477.9355,1118.6902,514.1993,1.0,0.049102016
1973.472,176.80206,1991.2805,288.33508,1.0,0.030141868
1972.354,578.47327,1955.1266,688.3488,1.0,0.024651328
955.47064,1526.1039,859.6903,1543.8234,1.0,0.16264312
1971.7588,1310.5555,1890.7455,1417.4722,1.0,0.12388862
955.47064,1526.1039,859.6903,1543.8234,1.0,0.16264312
1971.3179,1495.6194,1874.2922,1601.9584,1.0,0.11557274
1971.3179,1495.6194,1874.2922,1601.9584,1.0,0.11557274
1871.6057,1334.9985,1788.8481,1433.1324,1.0,0.08451154
1971.2979,1737.6227,1853.1039,1843.0048,1.0,0.032280155
1970.4957,1591.7368,1864.9352,1697.5709,1.0,0.059068915
1970.4957,1591.7368,1864.9352,1697.5709,1.0,0.059068915
1125.3302,1770.7847,1007.418,1802.3158,1.0,0.020443771
1125.3302,1770.7847,1007.418,1802.3158,1.0,0.020443771
1969.3289,338.11227,1973.0974,448.55685,1.0,0.085078895
1969.3031,21.638533,2000.6279,133.42621,1.0,0.05874837
1968.1005,1857.9725,1839.3821,1962.4894,1.0,0.12262915
1871.2462,1322.7861,1789.4958,1420.971,1.0,0.07808694
1968.0583,751.1201,1935.7759,859.99365,1.0,0.05567825
127.82565,1765.8433,14.109986,1710.3805,1.0,0.076370284
1125.772,381.84616,1128.8888,418.66058,1.0,0.04752935
1125.772,381.84616,1128.8888,418.66058,1.0,0.04752935
954.4517,1838.3384,831.37396,1854.7157,1.0,0.057014056
1967.4614,1768.4065,1846.5482,1873.3256,1.0,0.019927768
1967.4614,1768.4065,1846.5482,1873.3256,1.0,0.019927768
1966.532,781.99493,1931.6138,890.61896,1.0,0.027960764
128.41302,834.24207,95.98453,782.3833,1.0,0.072775945
128.43074,415.27643,132.42734,365.08832,1.0,0.04596276
954.18286,154.34018,977.8513,177.14001,1.0,0.05682822
1964.771,1701.6526,1849.6711,1806.5955,1.0,0.03418056
1964.4514,1898.3029,1832.2811,2002.4143,1.0,0.064667895
1870.012,444.50647,1864.9087,545.9359,1.0,0.05161958
1870.012,444.50647,1864.9087,545.9359,1.0,0.05161958
1963.4987,549.9033,1948.8463,659.012,1.0,0.1094849
954.06757,683.58594,931.55316,704.3246,1.0,0.027213262
1963.4803,6.45561,1996.2333,117.777466,1.0,0.07868658
128.57639,1440.6025,43.15126,1386.5045,1.0,0.09877135
954.031,1072.7328,897.7119,1091.9431,1.0,0.09288229
1963.4542,140.24461,1984.4543,250.97095,1.0,0.050186805
953.86743,149.91449,977.71,172.65022,1.0,0.1815576
953.8453,1007.53516,903.1017,1026.9788,1.0,0.039074562
1963.3193,1742.5964,1844.6647,1847.1852,1.0,0.07649797
1963.1855,1761.735,1842.9413,1866.3092,1.0,0.051799398
1963.1855,1761.735,1842.9413,1866.3092,1.0,0.051799398
1963.0662,1651.9773,1852.3259,1756.9392,1.0,0.024129506
1869.5782,275.2968,1879.1703,377.34464,1.0,0.032910176
1962.954,1931.171,1827.8573,2035.0697,1.0,0.036418915
1962.918,1878.1593,1832.4595,1982.2169,1.0,0.054746866
1961.8138,316.13397,1967.5063,426.10672,1.0,0.01769009
1961.655,1306.5665,1881.0396,1412.6819,1.0,0.05971472
1126.1202,777.4722,1094.8342,812.8083,1.0,0.050695825
129.53702,1545.4166,35.062965,1490.9468,1.0,0.056973208
1961.0438,65.09886,1988.5905,176.02762,1.0,0.09096705
129.71068,1135.2059,71.027054,1082.29,1.0,0.08390908
1868.9814,989.06177,1816.4474,1088.295,1.0,0.09465229
1126.127,969.6213,1078.0884,1004.15546,1.0,0.107550666
1960.3115,350.22684,1963.01,459.82544,1.0,0.10521222
129.91843,316.48477,142.5173,266.62912,1.0,0.1576791
129.91843,316.48477,142.5173,266.62912,1.0,0.1576791
1959.8763,113.27367,1983.2645,223.83089,1.0,0.0036294113
129.92969,454.35098,130.57016,404.08777,1.0,0.038445357
129.92969,454.35098,130.57016,404.08777,1.0,0.038445357
953.3723,496.42792,947.3104,517.8183,1.0,0.11326921
953.37067,1488.136,860.4757,1505.6057,1.0,0.31800506
1958.893,1563.6923,1855.8685,1668.6329,1.0,0.01590572
1126.4021,604.30865,1110.2169,640.2952,1.0,0.08098553
1868.6294,183.59645,1886.2761,285.89316,1.0,0.058650594
1868.6294,183.59645,1886.2761,285.89316,1.0,0.058650594
1868.548,1558.6536,1766.3652,1655.7677,1.0,0.055097543
1958.503,735.8946,1927.688,843.9276,1.0,0.06745765
1958.503,735.8946,1927.688,843.9276,1.0,0.06745765
1958.503,735.8946,1927.688,843.9276,1.0,0.06745765
130.3577,623.4307,116.31074,572.5368,1.0,0.08859137
130.3577,623.4307,116.31074,572.5368,1.0,0.08859137
130.40796,743.1213,105.87652,691.83215,1.0,0.013126107
1958.3337,222.15424,1972.2847,331.71744,1.0,0.45097965
1958.3337,222.15424,1972.2847,331.71744,1.0,0.45097965
1958.2983,1885.1945,1827.232,1988.9093,1.0,0.04463786
1958.2983,1885.1945,1827.232,1988.9093,1.0,0.04463786
1957.9321,101.49276,1982.3575,211.93507,1.0,0.006547852
952.859,873.0251,913.87976,892.9057,1.0,0.026953224
1957.5586,701.53064,1929.6868,809.5629,1.0,0.087890625
1957.0162,910.55164,1911.0181,1017.73645,1.0,0.12842494
952.7317,1417.7144,866.303,1435.4744,1.0,0.07025165
1955.7389,1785.9315,1833.3447,1889.703,1.0,0.065983154
1954.4874,1373.6981,1868.4133,1478.9026,1.0,0.38015103
1954.4314,326.9324,1959.3007,436.16595,1.0,0.08984699
1127.0424,1940.7614,994.33563,1971.7416,1.0,0.041572962
1953.287,416.52686,1950.2223,525.2997,1.0,0.07702472
1952.5483,1071.1382,1892.5146,1177.3779,1.0,0.049413756
1952.2109,1285.4768,1873.4415,1390.8806,1.0,0.036823377
1952.2109,1285.4768,1873.4415,1390.8806,1.0,0.036823377
1867.7184,771.7097,1834.0402,871.70435,1.0,0.04266829
1867.7184,771.7097,1834.0402,871.70435,1.0,0.04266829
1127.6156,574.9029,1113.9822,611.09955,1.0,0.08347369
131.33488,469.6851,130.51768,419.47812,1.0,0.11031295
131.33488,469.6851,130.51768,419.47812,1.0,0.11031295
951.9882,1482.4644,859.8767,1499.9064,1.0,0.065275095
131.41084,1415.2972,48.369873,1361.5085,1.0,0.09668981
131.41084,1415.2972,48.369873,1361.5085,1.0,0.09668981
131.41084,1415.2972,48.369873,1361.5085,1.0,0.09668981
1951.9269,688.5878,1925.2128,796.2791,1.0,0.015101731
1127.6268,1977.5146,991.73816,2008.4346,1.0,0.036112238
951.7859,1898.8297,823.38654,1914.7834,1.0,0.048578043
951.7859,1898.8297,823.38654,1914.7834,1.0,0.048578043
1951.1534,567.60974,1935.0203,675.67896,1.0,0.04229666
1950.8837,1149.6761,1883.917,1255.5217,1.0,0.063010044
1950.0513,623.9035,1928.9629,731.6652,1.0,0.010753279
1127.7292,42.088886,1160.5472,80.392494,1.0,0.058003273
1950.0513,623.9035,1928.9629,731.6652,1.0,0.010753279
1127.7292,42.088886,1160.5472,80.392494,1.0,0.058003273
1127.817,65.79113,1158.4857,104.02,1.0,0.026037004
1949.531,392.44855,1948.6221,501.01053,1.0,0.03520115
1948.9417,1117.5753,1884.8673,1223.4095,1.0,0.05443761
1127.9503,915.4758,1084.6195,950.4618,1.0,0.033984307
1866.745,1752.4523,1747.7163,1848.6196,1.0,0.09932991
1948.3827,310.46106,1954.5851,419.07684,1.0,0.19788899
1127.9503,915.4758,1084.6195,950.4618,1.0,0.033984307
1948.1394,1780.0894,1826.4147,1883.2958,1.0,0.11433454
951.0911,146.85133,975.4276,169.31038,1.0,0.06293027
1947.7235,596.45154,1929.0741,704.0604,1.0,0.06016073
1946.8888,940.41736,1898.2454,1046.6605,1.0,0.03892876
1128.3632,1080.0286,1070.7122,1114.3861,1.0,0.07561426
1128.693,49.106873,1160.849,87.44449,1.0,0.027220247
1946.5894,987.2742,1893.8534,1093.302,1.0,0.049102016
1945.7489,1281.4869,1867.4539,1386.4221,1.0,0.09364981
1945.5499,150.3462,1965.7728,259.4631,1.0,0.054995757
1128.9036,552.94446,1117.1108,589.36536,1.0,0.04910217
1128.9518,1852.76,1003.90106,1884.2029,1.0,0.078851186
1945.3481,319.59283,1950.8232,428.0713,1.0,0.033282142
1944.5695,1272.4178,1866.9941,1377.2074,1.0,0.026315143
133.16168,185.5413,157.24782,136.5847,1.0,0.05545777
1943.9373,443.53378,1938.6794,551.4219,1.0,0.08068654
1943.8309,903.1984,1898.4736,1009.32385,1.0,0.0495672
1943.459,1684.3298,1829.9644,1787.446,1.0,0.04060907
950.46466,1436.7094,862.37634,1454.2089,1.0,0.055728707
133.46829,1332.2627,57.528683,1278.9694,1.0,0.05001459
133.65869,427.82327,136.61191,378.02097,1.0,0.02938016
950.46466,1436.7094,862.37634,1454.2089,1.0,0.055728707
1943.459,1684.3298,1829.9644,1787.446,1.0,0.04060907
1943.2871,1393.863,1855.1985,1498.0809,1.0,0.07357874
1943.2871,1393.863,1855.1985,1498.0809,1.0,0.07357874
1942.785,1389.4568,1855.1244,1493.5787,1.0,0.14518246
1942.2189,469.5422,1934.6033,577.1985,1.0,0.02335223
950.25543,1791.3698,831.28046,1807.5061,1.0,0.06647185
1941.6364,1422.3173,1851.0443,1526.2874,1.0,0.04432951
1938.4502,417.28528,1935.4229,524.8101,1.0,0.01169982
1938.4502,417.28528,1935.4229,524.8101,1.0,0.01169982
1129.5536,764.28107,1099.3806,800.018,1.0,0.026995208
1129.5615,999.8864,1078.8427,1034.6614,1.0,0.04551373
134.50232,833.00275,102.16761,781.73,1.0,0.05845522
950.01013,1082.6499,892.73694,1101.494,1.0,0.02231217
1130.0154,52.316437,1161.8741,90.6905,1.0,0.09140067
1937.059,693.88696,1909.9763,800.2125,1.0,0.058189653
1130.1171,342.0098,1136.8002,379.3196,1.0,0.095027015
1936.9191,1281.3788,1858.6975,1385.419,1.0,0.13195033
1936.403,461.74173,1929.5077,568.8894,1.0,0.041189868
1130.3535,155.10211,1153.3313,193.17624,1.0,0.08288251
1865.0286,755.2089,1832.8284,855.0723,1.0,0.012223043
1936.2904,1231.6292,1862.3337,1335.8787,1.0,0.035278533
949.2726,1211.8826,880.84894,1230.1478,1.0,0.09785603
1864.5657,1827.8005,1738.9341,1923.5167,1.0,0.04907925
135.40399,1264.1571,65.47307,1211.3245,1.0,0.043173328
135.40399,1264.1571,65.47307,1211.3245,1.0,0.043173328
1935.1837,604.30145,1915.9473,710.7392,1.0,0.12746695
1864.4772,1795.816,1741.5966,1891.6636,1.0,0.010903277
949.14667,344.29935,956.2626,365.86673,1.0,0.0280162
1934.404,1584.4271,1829.6702,1687.1841,1.0,0.014422906
1934.0824,1671.0416,1821.8727,1773.3878,1.0,0.081007056
135.6053,826.436,103.79076,775.2649,1.0,0.024536503
1934.0824,1671.0416,1821.8727,1773.3878,1.0,0.081007056
1933.4264,1871.486,1803.7057,1973.1074,1.0,0.062948644
1933.0176,1764.5955,1812.5742,1866.5376,1.0,0.014033839
948.86896,1656.5831,841.65924,1673.1737,1.0,0.06448837
948.86896,1656.5831,841.65924,1673.1737,1.0,0.06448837
1932.1973,134.2824,1953.893,242.34302,1.0,0.03289048
1931.775,317.2302,1937.5183,424.53903,1.0,0.03507086
948.18616,950.67206,902.4686,969.78326,1.0,0.09239562
948.18616,950.67206,902.4686,969.78326,1.0,0.09239562
136.35403,246.79198,155.11638,197.88298,1.0,0.07738335
1864.0537,1466.5361,1769.9128,1563.5618,1.0,0.060235236
947.81274,1805.2203,827.57806,1821.12,1.0,0.019845814
947.81274,1805.2203,827.57806,1821.12,1.0,0.019845814
1930.703,215.96706,1945.2212,323.61557,1.0,0.038291376
1930.3754,177.21573,1948.2937,284.94476,1.0,0.020082723
1131.2765,1894.8441,1002.5064,1926.4122,1.0,0.03866258
1863.9467,316.85214,1869.9976,418.2525,1.0,0.046688754
1131.3461,124.54987,1156.935,162.86203,1.0,0.030067114
947.7568,1739.6672,833.27075,1755.7832,1.0,0.04938393
1929.97,709.8621,1901.4365,815.48804,1.0,0.07074277
1929.7761,785.8309,1894.6898,891.1918,1.0,0.031902477
1929.6436,803.2083,1893.0735,908.464,1.0,0.07254572
1131.5522,567.87524,1118.4384,604.5164,1.0,0.03425394
1929.6243,888.2745,1885.5844,993.2423,1.0,0.007146328
1863.3729,588.4684,1845.7266,688.7021,1.0,0.10869777
1928.5446,680.4974,1902.6147,786.09766,1.0,0.07118751
1928.5446,680.4974,1902.6147,786.09766,1.0,0.07118751
1928.0203,1890.135,1796.7157,1991.1473,1.0,0.049560245
1927.7297,79.22101,1954.2183,187.1226,1.0,0.015862213
137.37778,973.0459,92.85432,921.48444,1.0,0.086635105
137.37778,973.0459,92.85432,921.48444,1.0,0.086635105
1927.7297,79.22101,1954.2183,187.1226,1.0,0.015862213
1131.9569,839.5755,1095.1387,875.18384,1.0,0.06447523
1927.3662,1122.9875,1862.8027,1226.9324,1.0,0.09532151
1046.7538,1762.2606,929.80505,1786.6107,1.0,0.36419398
1131.9569,839.5755,1095.1387,875.18384,1.0,0.06447523
1047.3029,1166.3063,982.3445,1193.3123,1.0,0.04415268
1047.3029,1166.3063,982.3445,1193.3123,1.0,0.04415268
1045.7716,465.973,1041.9192,495.57697,1.0,0.05831283
137.73746,1532.6177,44.415997,1478.9042,1.0,0.08683942
1045.5717,1801.096,925.38306,1825.5369,1.0,0.04726817
1045.5717,1801.096,925.38306,1825.5369,1.0,0.04726817
1045.5637,1150.0988,982.09436,1177.0375,1.0,0.029457478
1862.5186,152.5457,1882.8362,254.37976,1.0,0.093900986
1045.4836,590.2535,1030.768,619.27094,1.0,0.03602088
1045.4208,138.68082,1070.152,169.49225,1.0,0.08999231
1132.1636,596.1779,1116.5807,632.6778,1.0,0.08994892
1045.0836,666.3229,1023.7559,695.0443,1.0,0.006165759
1045.0819,1178.0874,979.1088,1204.8154,1.0,0.0642839
1044.9791,71.59397,1075.4991,102.56134,1.0,0.02128518
1861.7852,1734.0232,1744.359,1829.7069,1.0,0.17455167
1044.9218,1139.6587,982.3228,1166.4805,1.0,0.09090961
1047.8833,1512.7953,952.8592,1538.5288,1.0,0.09394284
1047.8833,1512.7953,952.8592,1538.5288,1.0,0.09394284
1044.1307,970.5709,996.3274,998.0161,1.0,0.057789464
1043.8982,103.36879,1071.6189,134.11334,1.0,0.027406365
1043.8982,103.36879,1071.6189,134.11334,1.0,0.027406365
1048.7997,1639.0508,942.7148,1664.3687,1.0,0.049976762
1861.307,459.49716,1854.9335,560.073,1.0,0.085111834
1043.5835,1295.6681,967.45703,1321.8464,1.0,0.054786727
1049.2115,122.07478,1075.1599,153.21884,1.0,0.139928
1042.8483,1154.9518,978.99457,1181.6064,1.0,0.05848493
1042.5289,1718.2578,929.5482,1742.7249,1.0,0.04106759
138.75203,1302.7806,65.53309,1250.006,1.0,0.16018164
138.7965,545.81573,131.5031,495.98706,1.0,0.08982838
138.7965,545.81573,131.5031,495.98706,1.0,0.08982838
1042.3857,545.4691,1031.5784,574.3982,1.0,0.029834393
1049.7217,1135.7026,987.6484,1163.0077,1.0,0.18875198
1042.0023,1124.0603,980.74506,1150.8097,1.0,0.054639112
1049.9241,1744.6288,934.6392,1769.6481,1.0,0.05212363
1050.1019,779.66425,1018.8526,808.35706,1.0,0.045045435
139.07333,1386.6808,58.41809,1333.6738,1.0,0.0307745
139.07333,1386.6808,58.41809,1333.6738,1.0,0.0307745
139.14189,1566.2981,42.88013,1512.5829,1.0,0.08429733
1132.657,71.039246,1162.8784,109.544785,1.0,0.11894216
1050.379,1148.2552,987.0664,1175.5541,1.0,0.069409184
139.18056,1471.6145,51.106464,1418.2053,1.0,0.117030695
1050.6133,874.1066,1011.2111,902.50836,1.0,0.06162532
1132.6683,1792.8274,1012.81445,1824.8278,1.0,0.07358291
139.2002,1911.4513,12.850176,1856.4766,1.0,0.0549463
945.4654,1144.3207,883.09467,1162.6464,1.0,0.2614279
1040.9752,1888.9635,913.07544,1912.6752,1.0,0.02470831
1132.8295,1361.1495,1050.6481,1394.8645,1.0,0.044449184
1051.3539,1143.7924,988.2378,1171.4193,1.0,0.22516693
1860.3789,488.45416,1851.4888,588.8382,1.0,0.08731646
139.47867,1205.4606,74.57355,1153.1677,1.0,0.05021528
945.3883,166.41199,968.00964,188.34073,1.0,0.011605841
1132.8295,1361.1495,1050.6481,1394.8645,1.0,0.044449184
1860.2749,1565.5631,1757.4916,1661.9199,1.0,0.023788996
1051.6676,1514.1968,956.5725,1540.2156,1.0,0.16739894
139.81766,1160.5336,78.85037,1108.4545,1.0,0.027257528
1040.2499,625.8548,1022.4617,654.2342,1.0,0.08006012
945.25854,85.024925,975.08057,107.168076,1.0,0.14524327
1040.242,231.90797,1056.8069,261.85718,1.0,0.017945271
1040.242,231.90797,1056.8069,261.85718,1.0,0.017945271
1051.8939,32.749256,1085.8087,64.49512,1.0,0.054151505
1040.0995,1239.3988,968.8773,1265.4742,1.0,0.051532906
1051.9658,346.659,1058.5122,377.21307,1.0,0.04449961
1052.4282,1680.6589,942.6398,1706.0864,1.0,0.08323228
140.16849,1540.572,46.062843,1487.1031,1.0,0.022263912
140.16849,1540.572,46.062843,1487.1031,1.0,0.022263912
140.22229,883.95245,103.41805,832.9674,1.0,0.05484379
140.31052,1055.7528,88.51697,1004.0705,1.0,0.079352245
140.31052,1055.7528,88.51697,1004.0705,1.0,0.079352245
1039.2513,1208.0503,970.70465,1234.1482,1.0,0.0635161
1052.9244,1360.9401,970.99316,1387.6807,1.0,0.040330525
1038.7404,1574.3751,938.3627,1599.0437,1.0,0.08683353
944.943,190.06442,965.4674,211.78331,1.0,0.09844653
944.8761,852.6584,907.77295,871.92566,1.0,0.08831705
944.8761,852.6584,907.77295,871.92566,1.0,0.08831705
1038.0066,1544.4916,940.1284,1569.2107,1.0,0.06132852
140.67433,1685.8569,33.968506,1631.8517,1.0,0.050363235
944.5971,909.5808,902.49097,928.61475,1.0,0.04476936
1053.4438,1508.4891,958.742,1534.6886,1.0,0.0793844
1053.6024,1324.4685,974.9024,1351.4248,1.0,0.026039131
1053.6024,1324.4685,974.9024,1351.4248,1.0,0.026039131
1858.9084,1288.3756,1780.2742,1385.5942,1.0,0.07111714
1053.692,1384.8994,969.68964,1411.6292,1.0,0.016662486
1036.9502,627.7212,1019.0551,655.8706,1.0,0.043418955
1054.2551,72.460365,1084.6923,104.2933,1.0,0.06472656
1054.2551,72.460365,1084.6923,104.2933,1.0,0.06472656
1054.2676,546.9023,1043.3317,576.8573,1.0,0.03438555
1036.6305,100.62344,1064.7556,130.78514,1.0,0.12150634
1036.6305,100.62344,1064.7556,130.78514,1.0,0.12150634
1054.2676,546.9023,1043.3317,576.8573,1.0,0.03438555
1036.1232,1386.9554,952.0768,1412.1447,1.0,0.05950887
1036.1232,1386.9554,952.0768,1412.1447,1.0,0.05950887
1133.553,125.90276,1159.0854,164.50389,1.0,0.14628671
1133.6876,1395.5095,1048.5547,1429.1967,1.0,0.088941105
141.41753,1129.267,83.17698,1077.4188,1.0,0.05358887
1133.6876,1395.5095,1048.5547,1429.1967,1.0,0.088941105
1036.0459,1490.084,942.9389,1514.917,1.0,0.032185443
141.54196,1669.9491,36.21655,1616.1768,1.0,0.07919687
1035.7942,1029.3912,982.88184,1055.8911,1.0,0.044592313
1035.4435,837.79913,999.2342,865.02094,1.0,0.032528702
944.03174,1617.7391,840.14465,1633.934,1.0,0.1060172
1133.8723,879.25574,1093.7233,914.9728,1.0,0.099858455
1055.5201,1418.7742,968.57697,1445.5295,1.0,0.019422323
1055.5201,1418.7742,968.57697,1445.5295,1.0,0.019422323
1056.0546,501.41217,1049.0891,531.615,1.0,0.11288185
1858.2551,417.143,1855.5881,517.6871,1.0,0.041036148
943.72455,680.31067,921.5725,700.2035,1.0,0.05475095
943.72455,680.31067,921.5725,700.2035,1.0,0.05475095
1034.81,1515.3568,939.6264,1539.9843,1.0,0.10972161
943.69446,1710.0648,831.81213,1725.9501,1.0,0.045298327
1858.1829,762.37787,1825.3907,861.52704,1.0,0.078384444
142.2879,942.9861,100.303734,891.9493,1.0,0.036166087
1033.863,1014.48,982.1996,1040.8702,1.0,0.046036046
1033.8422,1315.2275,956.0251,1340.441,1.0,0.06973509
1033.8422,1315.2275,956.0251,1340.441,1.0,0.06973509
1858.1829,762.37787,1825.3907,861.52704,1.0,0.078384444
1033.432,1183.809,967.0252,1209.5361,1.0,0.023554904
1033.3323,1176.9005,967.53,1202.7554,1.0,0.096589096
1033.3323,1176.9005,967.53,1202.7554,1.0,0.096589096
1033.2681,1135.6215,971.0251,1161.4769,1.0,0.07816183
943.3641,1778.3013,825.41315,1793.9417,1.0,0.092334576
1134.4526,966.395,1086.5962,1001.67365,1.0,0.100559935
142.50122,335.78998,153.46225,287.10516,1.0,0.04975689
142.50122,335.78998,153.46225,287.10516,1.0,0.04975689
1033.1515,112.65914,1060.1707,142.363,1.0,0.10261816
1033.1515,112.65914,1060.1707,142.363,1.0,0.10261816
142.6329,346.57257,152.65372,297.8286,1.0,0.059969433
1032.9121,1129.1821,971.3331,1155.0907,1.0,0.046743724
1058.0392,584.2199,1043.8292,614.4027,1.0,0.02058659
1058.5217,255.94989,1072.8818,287.4539,1.0,0.05063553
1032.4049,801.6779,999.347,828.7693,1.0,0.026601037
1858.0391,1844.6497,1730.9806,1939.7537,1.0,0.06438281
942.96216,1602.3966,840.6049,1618.6343,1.0,0.17145036
942.96216,1602.3966,840.6049,1618.6343,1.0,0.17145036
1031.8739,531.6608,1022.3738,559.7395,1.0,0.04487645
1059.4626,1126.3773,997.9468,1154.5746,1.0,0.046626706
1031.1862,1725.2642,917.2701,1748.7823,1.0,0.346655
143.20062,627.98694,128.76921,578.0559,1.0,0.23608045
1031.1862,1725.2642,917.2701,1748.7823,1.0,0.346655
1061.5913,1007.19324,1010.4885,1036.0438,1.0,0.017823206
1857.4728,1516.2991,1759.006,1612.5453,1.0,0.06198384
1061.8881,451.99957,1059.2007,482.982,1.0,0.037226453
1061.8881,451.99957,1059.2007,482.982,1.0,0.037226453
143.57925,81.34339,176.68436,33.668957,1.0,0.05978591
143.58218,788.0875,115.07602,737.71277,1.0,0.06742739
1062.0338,1018.10175,1009.9621,1046.9545,1.0,0.020947866
1062.3539,1191.6511,995.2238,1219.8965,1.0,0.053531174
1135.4668,2000.4377,997.56757,2031.9133,1.0,0.07315447
1030.0446,5.4966016,1066.3523,35.401585,1.0,0.028911617
942.0512,1667.3168,833.8657,1683.2188,1.0,0.036134925
942.0512,1667.3168,833.8657,1683.2188,1.0,0.036134925
1062.6355,1637.0674,956.6364,1663.6061,1.0,0.024239872
1062.6355,1637.0674,956.6364,1663.6061,1.0,0.024239872
1062.8258,1245.9264,990.92975,1273.9413,1.0,0.055667542
1135.8542,1601.7299,1032.7051,1634.7987,1.0,0.05420939
1062.8289,1118.7025,1001.9868,1147.2203,1.0,0.03767704
1062.907,113.324036,1089.7292,145.70477,1.0,0.024327395
1135.8622,1567.4354,1035.692,1600.7743,1.0,0.13626568
1029.0166,595.72784,1013.92426,623.3455,1.0,0.03351936
941.2889,343.51556,948.4701,364.36542,1.0,0.061425943
1063.0796,1063.281,1007.08673,1092.0428,1.0,0.023008311
1855.9275,1540.0999,1755.3754,1636.146,1.0,0.03173828
1063.0796,1063.281,1007.08673,1092.0428,1.0,0.023008311
1136.1067,1890.2244,1007.86865,1922.1642,1.0,0.12609409
145.36263,916.31146,105.72147,865.5982,1.0,0.0907129
145.36263,916.31146,105.72147,865.5982,1.0,0.0907129
1063.462,1726.7588,949.66565,1752.9938,1.0,0.06443243
1855.9275,1540.0999,1755.3754,1636.146,1.0,0.03173828
1063.661,1040.5126,1009.6047,1069.379,1.0,0.06959263
145.43011,897.7047,107.42814,847.1095,1.0,0.07842123
940.97504,840.1122,904.90796,859.0999,1.0,0.015015765
1028.2059,2007.6052,890.08746,2029.6932,1.0,0.08033759
1064.7402,1023.0903,1012.32544,1052.0667,1.0,0.1360427
1064.9152,1035.1262,1011.3791,1064.147,1.0,0.033861753
1064.9634,361.68988,1070.0723,393.29626,1.0,0.037089907
1027.3821,1646.9902,920.6576,1670.3846,1.0,0.058710396
940.5571,1316.0023,863.0542,1333.1029,1.0,0.06922603
145.77603,1136.3992,86.882126,1085.0162,1.0,0.06088147
145.77603,1136.3992,86.882126,1085.0162,1.0,0.06088147
1065.1018,1163.9532,1000.23505,1192.5951,1.0,0.10912002
1065.1676,990.4671,1015.62634,1019.6987,1.0,0.117742024
1065.2638,41.228607,1098.321,74.04847,1.0,0.04697846
1026.9976,1035.3824,973.5602,1061.093,1.0,0.036792252
1026.9408,1806.803,906.3518,1829.4247,1.0,0.19766743
1854.9465,1131.3196,1790.0042,1228.8578,1.0,0.004175447
1854.9465,1131.3196,1790.0042,1228.8578,1.0,0.004175447
1026.8895,1146.3881,963.8258,1171.6931,1.0,0.03952704
1026.801,1954.8331,893.26373,1977.0013,1.0,0.06682625
1137.4657,910.90845,1094.4622,946.7048,1.0,0.051427543
1026.1677,97.02225,1054.6434,126.45058,1.0,0.21794535
939.8447,858.141,902.1797,876.94806,1.0,0.024050407
1025.5432,1423.827,938.3458,1447.9861,1.0,0.08206403
1025.5098,155.17134,1048.7513,184.11873,1.0,0.054931853
939.82446,14.863972,975.67175,36.887108,1.0,0.008635909
1025.4669,1130.3292,963.8661,1155.6349,1.0,0.11057617
1025.0433,888.71716,984.51013,914.7699,1.0,0.1321958
1854.0809,450.2932,1848.5343,550.29517,1.0,0.06540896
1024.8496,1700.2456,913.9008,1723.2516,1.0,0.41810408
1024.8268,1942.4307,892.3527,1964.4841,1.0,0.051879883
939.4135,1556.3894,840.9178,1572.5062,1.0,0.015171258
1138.0082,986.0014,1088.4478,1021.6087,1.0,0.014156999
1138.0082,986.0014,1088.4478,1021.6087,1.0,0.014156999
939.22296,1078.7593,882.3156,1096.6447,1.0,0.056209236
1023.87744,840.9447,987.4174,867.0971,1.0,0.062316176
1023.87744,840.9447,987.4174,867.0971,1.0,0.062316176
1023.81445,14.565397,1059.2863,43.8864,1.0,0.08853783
1853.3116,1161.6969,1785.703,1258.9386,1.0,0.049972698
1853.3069,161.7232,1872.9977,262.78793,1.0,0.12082525
147.34108,379.0352,154.46283,330.56964,1.0,0.04211059
1069.0214,274.8152,1081.8079,307.0455,1.0,0.11281437
1023.23883,397.07913,1025.444,424.9157,1.0,0.01695031
147.45988,1928.5715,19.506786,1874.2635,1.0,0.025634341
1853.3069,161.7232,1872.9977,262.78793,1.0,0.12082525
1022.82526,1615.3708,918.9159,1638.4622,1.0,0.09882012
938.5215,250.41026,953.8572,271.39758,1.0,0.0365786
1022.81384,607.9645,1006.5481,635.0841,1.0,0.1539189
938.5207,168.85553,961.0925,190.19107,1.0,0.14023942
1022.7731,1538.9805,925.56146,1562.3702,1.0,0.11638329
1069.5269,1167.0524,1004.44135,1196.0148,1.0,0.022715986
1069.7932,1986.3765,933.3194,2012.2173,1.0,0.016428437
938.29596,1932.2513,806.98846,1946.8744,1.0,0.05406778
1021.9712,1653.5491,914.7126,1676.4768,1.0,0.03880631
1021.9712,1653.5491,914.7126,1676.4768,1.0,0.03880631
1138.9844,952.09875,1092.4019,987.8967,1.0,0.028223926
1021.34155,946.4364,975.6928,971.98486,1.0,0.043363705
1070.1416,999.5697,1019.65125,1029.1838,1.0,0.034606718
1852.334,783.5683,1817.6288,882.06506,1.0,0.1633553
1021.0577,88.77765,1050.1107,117.60073,1.0,0.04431447
1020.92377,1191.8981,953.9954,1216.4558,1.0,0.133539
937.533,1942.1643,805.4374,1956.6678,1.0,0.023569372
1070.5667,726.0474,1043.8998,756.7709,1.0,0.033707768
1070.827,1173.4222,1005.2119,1202.4463,1.0,0.019745603
1070.827,1173.4222,1005.2119,1202.4463,1.0,0.019745603
1852.1659,1893.547,1720.8651,1987.9224,1.0,0.0652228
148.27927,663.7429,130.58282,614.2673,1.0,0.050559264
937.533,1942.1643,805.4374,1956.6678,1.0,0.023569372
1071.188,165.84053,1093.3749,198.71875,1.0,0.028219508
1139.2911,343.92957,1145.7217,382.0589,1.0,0.041057203
1020.2666,1892.4244,892.1525,1914.2897,1.0,0.03652759
1071.9557,1047.8392,1017.25464,1077.3151,1.0,0.14219353
1019.89813,1140.3047,957.34326,1165.041,1.0,0.012631771
1019.5954,229.62254,1036.4808,257.77606,1.0,0.060014237
148.57779,1056.8794,96.64675,1005.94006,1.0,0.052234918
148.57779,1056.8794,96.64675,1005.94006,1.0,0.052234918
1072.6926,1021.5465,1020.3177,1051.3676,1.0,0.044937298
1019.0629,1045.9175,964.76624,1070.8961,1.0,0.040548895
1018.87823,65.49445,1050.0052,94.22372,1.0,0.0073267017
1073.6274,530.96295,1063.9446,562.6449,1.0,0.06260065
937.14984,1045.3314,883.2021,1063.1925,1.0,0.017178984
1018.3582,1059.9465,962.85,1084.8827,1.0,0.045849714
1139.3951,976.06165,1090.6611,1011.7669,1.0,0.07933349
149.2037,711.9768,127.27475,662.33496,1.0,0.11711062
149.32695,70.77004,183.29018,23.655298,1.0,0.04246906
149.41275,920.0263,109.417465,869.66986,1.0,0.06735378
936.71857,617.1691,920.07056,636.64136,1.0,0.013797726
936.71857,617.1691,920.07056,636.64136,1.0,0.013797726
149.60397,954.33856,106.578125,903.9656,1.0,0.042541865
149.66838,1590.8948,51.231426,1538.007,1.0,0.08826556
149.66838,1590.8948,51.231426,1538.007,1.0,0.08826556
149.81091,580.69836,139.3249,531.724,1.0,0.02447816
1017.57117,1435.6718,929.3561,1459.0635,1.0,0.065031864
149.9477,1843.9086,29.413671,1790.1003,1.0,0.044756997
1074.7115,1961.0424,940.4962,1987.3807,1.0,0.08316223
150.04501,703.0341,128.92007,653.67487,1.0,0.06152381
150.04501,703.0341,128.92007,653.67487,1.0,0.06152381
150.10164,1446.3513,64.19077,1394.0918,1.0,0.015338736
1075.1484,1665.2644,966.64325,1692.8219,1.0,0.012259561
1075.1484,1665.2644,966.64325,1692.8219,1.0,0.012259561
1016.6918,148.9251,1040.6166,177.13602,1.0,0.05453542
1016.24646,1161.5522,951.8861,1185.8784,1.0,0.02316644
1075.9968,1278.9734,1001.15643,1308.081,1.0,0.01843191
1075.9968,1278.9734,1001.15643,1308.081,1.0,0.01843191
1076.1141,980.74524,1027.7606,1011.485,1.0,0.7102687
1850.0613,410.13947,1847.9857,509.98975,1.0,0.013447729
1850.0613,410.13947,1847.9857,509.98975,1.0,0.013447729
936.04095,1002.1461,885.8629,1020.0892,1.0,0.0071681887
1015.50183,974.3783,967.43774,999.33716,1.0,0.017671337
1015.50183,974.3783,967.43774,999.33716,1.0,0.017671337
936.04095,1002.1461,885.8629,1020.0892,1.0,0.0071681887
1015.4318,82.98794,1045.125,111.36005,1.0,0.07101928
1849.9293,1374.8262,1763.8435,1470.9357,1.0,0.08945256
151.06348,1457.2013,64.16177,1404.9874,1.0,0.044760726
1076.4097,734.593,1049.0565,765.76526,1.0,0.053402796
1141.1865,88.14541,1169.9565,127.458275,1.0,0.07587381
1014.92236,1182.2959,948.78955,1206.3864,1.0,0.06923951
1014.92236,1182.2959,948.78955,1206.3864,1.0,0.06923951
1141.1865,88.14541,1169.9565,127.458275,1.0,0.07587381
1076.5885,782.43646,1045.059,813.4281,1.0,0.056775723
1141.2179,109.8944,1168.1061,149.06578,1.0,0.10273225
1076.5885,782.43646,1045.059,813.4281,1.0,0.056775723
1014.71204,1683.4479,904.87305,1705.6774,1.0,0.03196337
1014.5886,1146.7797,951.56946,1171.1868,1.0,0.18062879
151.66875,1131.91,93.192184,1080.9619,1.0,0.049705446
151.66875,1131.91,93.192184,1080.9619,1.0,0.049705446
1849.3306,298.01663,1857.0526,398.2329,1.0,0.01499904
935.39374,1858.332,810.55164,1872.944,1.0,0.042418864
1014.2995,934.70905,969.62756,959.7116,1.0,0.069598116
935.37683,1533.222,838.84753,1549.0234,1.0,0.08878801
1076.9185,1520.5275,981.05273,1548.7467,1.0,0.047372404
935.3385,86.20145,965.0285,107.549126,1.0,0.047615506
152.16016,611.53925,139.11392,562.63367,1.0,0.11357422
935.1003,372.0339,939.8839,392.25916,1.0,0.05903387
935.1003,372.0339,939.8839,392.25916,1.0,0.05903387
1848.4279,990.9759,1795.6995,1088.4698,1.0,0.047002777
1076.9225,1933.0228,945.0725,1959.6855,1.0,0.018948935
1848.4276,1521.086,1749.4082,1616.4954,1.0,0.15640503
1076.976,288.85416,1088.4407,321.7554,1.0,0.04535717
1076.976,288.85416,1088.4407,321.7554,1.0,0.04535717
1076.976,288.85416,1088.4407,321.7554,1.0,0.04535717
1077.3846,130.31598,1102.6044,163.88962,1.0,0.04321233
1077.3846,130.31598,1102.6044,163.88962,1.0,0.04321233
1013.4474,546.1101,1002.6781,572.5013,1.0,0.05062523
152.63379,1543.1953,58.28753,1490.7874,1.0,0.02053722
1013.2685,86.375275,1042.48,114.4419,1.0,0.15595062
1077.9117,538.07635,1067.7197,570.11926,1.0,0.092589445
934.71326,497.79446,928.49634,517.5322,1.0,0.012260929
1142.7981,318.99817,1151.4033,357.56113,1.0,0.03666533
152.90599,900.8198,114.5664,850.9292,1.0,0.047774155
152.91183,1266.2755,82.67188,1215.0327,1.0,0.07276775
1078.1757,896.59015,1036.6364,927.32184,1.0,0.013492083
1078.2349,1880.3328,950.97675,1907.3151,1.0,0.015804334
1078.3567,1362.21,996.27545,1391.1871,1.0,0.026895389
1078.3567,1362.21,996.27545,1391.1871,1.0,0.026895389
1142.9344,1459.5602,1052.1292,1493.6913,1.0,0.11049204
1078.3567,1362.21,996.27545,1391.1871,1.0,0.026895389
1143.288,1936.7335,1010.91174,1969.1232,1.0,0.080915034
1078.3699,967.0582,1030.686,997.51514,1.0,0.030578125
1847.7968,1622.0001,1740.1459,1717.0125,1.0,0.047581904
1078.3699,967.0582,1030.686,997.51514,1.0,0.030578125
1012.68866,1024.9882,960.23584,1049.4834,1.0,0.04562818
1143.3275,967.5724,1095.428,1003.6836,1.0,0.068657495
1847.5371,384.56647,1847.727,484.276,1.0,0.03302359
1012.572,1537.3671,915.44653,1559.9244,1.0,0.021308877
1078.9049,1119.9099,1017.9324,1149.8339,1.0,0.031495325
1143.3275,967.5724,1095.428,1003.6836,1.0,0.068657495
1012.26404,1109.7075,952.45593,1133.8098,1.0,0.08728164
1079.1582,1233.2361,1008.2738,1262.7035,1.0,0.07325704
1012.0512,842.493,975.633,867.76855,1.0,0.1721075
1079.3796,1126.745,1017.81995,1156.653,1.0,0.06341291
153.99464,2025.5304,17.556402,1971.4381,1.0,0.039098397
1011.8259,1798.0515,891.97485,1819.5176,1.0,0.056436762
1846.7971,549.25586,1832.687,648.27295,1.0,0.074477926
1846.7778,1765.5049,1726.6433,1859.9652,1.0,0.06451471
154.23593,839.4634,121.185165,789.85004,1.0,0.04333222
1011.8259,1798.0515,891.97485,1819.5176,1.0,0.056436762
1079.5768,1540.2334,981.92676,1568.615,1.0,0.03376767
1079.5768,1540.2334,981.92676,1568.615,1.0,0.03376767
1011.54407,15.257389,1047.0845,43.53584,1.0,0.0025970554
1143.9257,1138.9652,1080.9745,1174.2678,1.0,0.24551763
1079.8022,1940.2832,947.34796,1967.1008,1.0,0.0967773
1079.8297,1010.98584,1028.4221,1041.3696,1.0,0.11217225
154.67268,1107.2148,98.297226,1056.6831,1.0,0.024543468
1080.042,1643.2026,973.46265,1671.2394,1.0,0.031985275
1011.2118,1914.0127,881.28955,1935.016,1.0,0.033060327
154.71451,731.29156,131.09479,682.147,1.0,0.027370254
1011.0834,193.97202,1031.0524,221.47958,1.0,0.0532996
1011.0834,193.97202,1031.0524,221.47958,1.0,0.0532996
1846.0972,1667.3545,1734.4336,1762.0963,1.0,0.040444348
1080.085,1191.0966,1012.8518,1220.9059,1.0,0.04312608
933.10095,1434.4878,845.27155,1450.4907,1.0,0.04806351
1010.6934,1171.7416,945.62555,1195.4086,1.0,0.22940244
1845.9819,331.44193,1850.7432,431.22726,1.0,0.05041371
1010.4959,1599.2572,908.0598,1621.3785,1.0,0.08441848
1080.195,989.04767,1030.6023,1019.5744,1.0,0.031990808
1010.3234,1618.6686,906.141,1640.7324,1.0,0.020908616
1845.8894,633.1558,1824.2236,731.59064,1.0,0.27764317
1010.2058,671.0149,988.5439,696.662,1.0,0.05897051
1010.2058,671.0149,988.5439,696.662,1.0,0.05897051
1080.4669,253.73082,1095.0265,287.03003,1.0,0.1044291
1080.4789,1073.3636,1023.6625,1102.7827,1.0,0.85287404
1009.98444,871.4907,970.9033,896.37573,1.0,0.0028135816
1009.881,1142.862,947.13855,1166.681,1.0,0.029081507
1080.8562,177.14006,1102.0464,210.8147,1.0,0.038334236
1009.7242,596.87665,994.59546,622.7919,1.0,0.016241545
1081.057,9.078222,1116.9814,43.410576,1.0,0.11393721
1009.54407,563.94196,997.3262,589.95154,1.0,0.055518847
1009.54407,563.94196,997.3262,589.95154,1.0,0.055518847
1081.3696,1188.8381,1014.62555,1218.1172,1.0,0.67610437
1009.4383,1322.4786,931.121,1345.5388,1.0,0.091126226
1081.7921,1576.9325,981.04364,1605.4086,1.0,0.08838188
156.14552,943.0807,114.13191,893.29504,1.0,0.058252186
156.14552,943.0807,114.13191,893.29504,1.0,0.058252186
156.16194,689.8476,136.23518,640.923,1.0,0.1130162
1082.01,1944.345,949.1551,1971.3704,1.0,0.05650369
1008.9923,1649.6458,902.0663,1671.4469,1.0,0.04867193
1008.9923,1649.6458,902.0663,1671.4469,1.0,0.04867193
1082.1367,902.0837,1040.1423,933.1213,1.0,0.033275302
931.4676,1849.5406,807.4806,1863.8231,1.0,0.053406563
156.50648,473.85458,155.38408,425.8796,1.0,0.05364047
156.56357,996.34045,109.891556,946.33105,1.0,0.05757894
156.59279,316.84183,169.0642,269.4092,1.0,0.06440311
156.59279,316.84183,169.0642,269.4092,1.0,0.06440311
931.3384,1622.3698,827.19305,1637.5295,1.0,0.07932525
1082.1367,902.0837,1040.1423,933.1213,1.0,0.033275302
1082.221,1462.6782,991.3535,1491.575,1.0,0.038255557
1008.12634,1865.2653,882.4129,1886.2137,1.0,0.02884071
1082.5505,1112.1759,1022.24744,1142.4493,1.0,0.03649984
1082.5505,1112.1759,1022.24744,1142.4493,1.0,0.03649984
1007.70844,1521.524,912.1162,1543.6838,1.0,0.14325424
1082.8462,1578.6703,981.83606,1607.1332,1.0,0.08542942
1844.6691,61.17219,1872.9608,161.88492,1.0,0.077080116
1083.058,1950.6394,949.81006,1977.6737,1.0,0.19954893
1083.4706,1096.4111,1024.49,1126.8583,1.0,0.021960786
1083.9127,1949.3539,950.31287,1976.5359,1.0,0.30117816
1083.9393,267.73642,1097.2247,301.33746,1.0,0.038228784
1006.4899,1730.2034,892.5785,1751.4792,1.0,0.039148238
1467.8883,1321.0907,1387.9325,1384.1278,1.0,0.06985846
1844.036,632.4979,1822.5984,730.8615,1.0,0.12588783
1467.8883,1321.0907,1387.9325,1384.1278,1.0,0.06985846
1843.7623,470.4006,1836.5061,569.465,1.0,0.04190587
1146.0314,423.89398,1145.4558,462.24954,1.0,0.09245585
157.65372,1043.4298,106.81198,993.3373,1.0,0.044658408
596.3344,2013.7848,459.30264,1998.1552,1.0,0.12172507
1468.0659,538.52765,1456.2883,604.5736,1.0,0.04082353
1468.0659,538.52765,1456.2883,604.5736,1.0,0.04082353
1843.7163,479.34244,1835.6859,578.37463,1.0,0.04469478
1468.1229,347.92157,1473.256,414.56564,1.0,0.3628242
1468.1229,347.92157,1473.256,414.56564,1.0,0.3628242
1843.7039,1482.6013,1748.2023,1577.8418,1.0,0.019604735
596.4115,1190.4783,531.1051,1178.0924,1.0,0.013678549
596.468,767.771,568.2284,756.85065,1.0,0.2778194
1146.4148,1183.6475,1079.6497,1219.1222,1.0,0.12148327
596.5229,1126.8043,536.76355,1114.6394,1.0,0.044708118
1468.3867,438.8546,1465.2526,505.34335,1.0,0.01785161
1468.494,408.54642,1467.8907,475.13037,1.0,0.13049294
596.5229,1126.8043,536.76355,1114.6394,1.0,0.044708118
158.1575,298.46088,172.24092,251.28668,1.0,0.02186585
158.1575,298.46088,172.24092,251.28668,1.0,0.02186585
595.12036,718.06177,571.0612,707.34094,1.0,0.07673093
1146.6317,41.568256,1179.3466,81.48016,1.0,0.046558566
930.0749,834.0566,894.561,852.0882,1.0,0.033122078
929.9944,1158.206,866.1781,1174.9735,1.0,0.07752006
1467.36,253.89703,1480.3962,320.95892,1.0,0.047705643
929.78174,1600.504,827.5434,1615.6449,1.0,0.07534834
1468.5323,1666.982,1358.3197,1728.7975,1.0,0.057896987
1467.36,253.89703,1480.3962,320.95892,1.0,0.047705643
1467.233,527.89996,1456.2997,593.97766,1.0,0.06803162
158.56462,1081.6941,104.39198,1031.6046,1.0,0.032318305
1147.496,295.9512,1158.1538,334.9985,1.0,0.09958493
1843.0941,1778.919,1721.8568,1872.9685,1.0,0.09951029
1147.5123,22.605583,1181.8824,62.704086,1.0,0.013747424
1467.1069,1567.0712,1365.7234,1629.1089,1.0,0.07290337
1468.984,134.75488,1492.292,202.39568,1.0,0.09427869
1842.726,985.9716,1790.5492,1082.9905,1.0,0.04985044
1842.726,985.9716,1790.5492,1082.9905,1.0,0.04985044
929.256,1553.9445,831.0608,1569.1934,1.0,0.056568265
159.02177,999.8948,112.1029,950.17737,1.0,0.12391454
929.15424,1901.0911,800.66394,1915.0042,1.0,0.020076763
929.0271,818.75116,894.8798,836.77136,1.0,0.029405076
929.0271,818.75116,894.8798,836.77136,1.0,0.029405076
929.0155,1794.2734,809.8684,1808.6135,1.0,0.054065574
929.0155,1794.2734,809.8684,1808.6135,1.0,0.054065574
159.14497,960.27997,115.53499,910.62836,1.0,0.05427159
159.27193,500.77713,155.79332,452.89328,1.0,0.064890966
159.27193,500.77713,155.79332,452.89328,1.0,0.064890966
1469.0358,917.25916,1424.2004,981.9541,1.0,0.033741843
1467.1069,1567.0712,1365.7234,1629.1089,1.0,0.07290337
594.5563,1071.1001,539.58606,1058.9911,1.0,0.08051803
928.9683,1029.3016,876.5661,1046.3574,1.0,0.20931111
1467.0885,1570.051,1365.4199,1632.089,1.0,0.04485897
1147.9474,71.37298,1178.1046,111.30003,1.0,0.03901959
1147.9474,71.37298,1178.1046,111.30003,1.0,0.03901959
159.85782,302.01196,173.55235,255.02815,1.0,0.10992581
1842.371,276.92764,1852.1036,376.57404,1.0,0.16727585
1842.3015,315.34814,1848.4828,414.85162,1.0,0.05978225
597.12933,1516.1405,503.45447,1502.5312,1.0,0.06305038
1467.0885,1570.051,1365.4199,1632.089,1.0,0.04485897
1842.3015,315.34814,1848.4828,414.85162,1.0,0.05978225
1466.9382,1724.3792,1351.7734,1785.768,1.0,0.0797718
1466.9382,1724.3792,1351.7734,1785.768,1.0,0.0797718
597.28326,1667.3088,490.37796,1653.158,1.0,0.05435091
1842.3015,315.34814,1848.4828,414.85162,1.0,0.05978225
593.90234,1956.9609,461.8015,1941.485,1.0,0.03161674
1148.0743,237.52983,1163.4894,276.32986,1.0,0.5834534
593.8635,602.2398,579.8716,591.87427,1.0,0.038046647
1466.9171,1322.9531,1386.8195,1385.9658,1.0,0.0703571
1470.0829,1142.2385,1405.6787,1206.1881,1.0,0.02397338
1470.1217,733.6527,1441.3013,799.12604,1.0,0.04180886
1470.1217,733.6527,1441.3013,799.12604,1.0,0.04180886
1470.4272,374.31473,1472.942,441.19693,1.0,0.030249124
597.469,339.36642,606.3389,330.3159,1.0,0.009341769
160.85349,1248.7494,92.14661,1198.1672,1.0,0.03421142
1148.3223,217.36578,1165.7437,256.73105,1.0,0.0695513
1466.8622,758.1473,1435.951,823.27704,1.0,0.028940963
1466.8622,758.1473,1435.951,823.27704,1.0,0.028940963
592.82117,1972.4308,459.4082,1956.7655,1.0,0.032226462
161.07733,851.4465,127.025894,802.4452,1.0,0.055145875
161.07733,851.4465,127.025894,802.4452,1.0,0.055145875
1470.7328,1084.7937,1411.4185,1149.1316,1.0,0.1514989
597.7369,1038.3602,545.71686,1026.6307,1.0,0.061755423
592.63666,742.2792,566.4457,731.2776,1.0,0.038775343
592.594,618.91364,577.1752,608.35706,1.0,0.06410612
592.594,618.91364,577.1752,608.35706,1.0,0.06410612
597.81586,1034.3354,546.16016,1022.63055,1.0,0.06854332
927.6307,777.7685,897.06836,795.8114,1.0,0.041728456
592.42084,640.63324,575.12604,629.9965,1.0,0.07518327
592.37506,1646.0232,487.38702,1631.5513,1.0,0.01604148
592.37506,1646.0232,487.38702,1631.5513,1.0,0.01604148
927.0428,995.90295,877.50555,1013.0436,1.0,0.08212205
161.90677,583.9291,151.12163,535.92035,1.0,0.07512111
161.95601,1924.9537,34.29254,1871.897,1.0,0.024723383
161.95601,1924.9537,34.29254,1871.897,1.0,0.024723383
161.95601,1924.9537,34.29254,1871.897,1.0,0.024723383
1841.2996,536.0709,1828.266,634.6416,1.0,0.05270219
926.9063,1936.0181,795.3538,1949.5994,1.0,0.017205961
592.314,1748.9407,478.39587,1734.0211,1.0,0.07995247
592.314,1748.9407,478.39587,1734.0211,1.0,0.07995247
598.14514,974.451,551.6553,963.0299,1.0,0.022419851
598.3389,1257.8085,527.20374,1245.3926,1.0,0.06480982
926.8108,298.7252,938.16626,318.35895,1.0,0.27017334
1149.3679,29.548635,1183.2802,69.79285,1.0,0.14158374
591.55853,422.27255,593.29285,412.36298,1.0,0.07867373
591.35114,1224.8295,523.16766,1211.862,1.0,0.100754626
591.3223,1386.7335,508.91663,1373.1683,1.0,0.013753511
598.50525,1591.3207,498.30063,1577.5701,1.0,0.058113676
926.5492,69.27727,957.67175,89.90339,1.0,0.053371795
926.5492,69.27727,957.67175,89.90339,1.0,0.053371795
162.88205,583.649,152.09831,535.79596,1.0,0.016190898
598.50525,1591.3207,498.30063,1577.5701,1.0,0.058113676
1465.3505,356.16266,1469.3807,422.60376,1.0,0.11870321
598.859,1467.9631,509.35376,1454.7465,1.0,0.0050722566
598.859,1467.9631,509.35376,1454.7465,1.0,0.0050722566
598.893,875.9732,561.0096,864.99097,1.0,0.03181829
590.111,1111.4963,531.68866,1098.821,1.0,0.059201743
1840.4904,627.8493,1819.5793,725.9686,1.0,0.121769466
590.111,1111.4963,531.68866,1098.821,1.0,0.059201743
1473.3342,232.8436,1488.0878,300.5163,1.0,0.07174849
1464.8027,1542.4966,1365.5177,1604.4553,1.0,0.016336
589.56396,1589.6422,489.49405,1575.1287,1.0,0.025636582
1149.7797,1887.1362,1021.71027,1920.3285,1.0,0.062395874
589.49445,1569.9684,491.08505,1555.4901,1.0,0.08024571
163.48093,99.02218,194.9969,53.051273,1.0,0.05251593
1464.3754,1313.6252,1385.0548,1376.3331,1.0,0.10191124
1840.0221,744.232,1808.9011,841.943,1.0,0.025404487
1840.0221,744.232,1808.9011,841.943,1.0,0.025404487
163.65266,1769.5089,49.57481,1717.1824,1.0,0.05861794
925.8052,175.5206,947.73004,195.6701,1.0,0.055352245
599.5713,344.6722,608.0318,335.7625,1.0,0.0699455
589.11926,1119.8838,530.02545,1107.14,1.0,0.032860786
925.68,365.11182,931.0625,384.49326,1.0,0.08505299
599.7594,1850.8169,476.89963,1836.2068,1.0,0.020831505
1839.3845,465.0294,1832.5553,563.7328,1.0,0.025992736
599.8028,1692.6946,490.7073,1678.7129,1.0,0.0076069003
1464.1079,1932.1893,1330.879,1992.5883,1.0,0.039335065
599.88837,1773.1006,483.80923,1758.7892,1.0,0.031990808
599.88837,1773.1006,483.80923,1758.7892,1.0,0.031990808
599.88837,1773.1006,483.80923,1758.7892,1.0,0.031990808
599.88837,1773.1006,483.80923,1758.7892,1.0,0.031990808
1475.391,507.09998,1466.2883,573.95044,1.0,0.018178334
1150.0852,1630.4161,1044.3645,1664.6013,1.0,0.04350655
1150.0852,1630.4161,1044.3645,1664.6013,1.0,0.04350655
1150.1055,53.84825,1181.76,94.033035,1.0,0.026194932
1475.391,507.09998,1466.2883,573.95044,1.0,0.018178334
600.1236,1075.2501,544.88116,1063.6233,1.0,0.03937638
1839.0566,215.73203,1854.0024,315.46442,1.0,0.09551306
1475.5762,271.65543,1487.024,339.43155,1.0,0.03383132
1839.0566,215.73203,1854.0024,315.46442,1.0,0.09551306
1475.5762,271.65543,1487.024,339.43155,1.0,0.03383132
588.2601,1869.5708,463.84415,1853.8887,1.0,0.04915998
1839.0193,1136.9119,1773.7432,1233.0366,1.0,0.09075014
1463.297,254.29782,1476.9895,321.23227,1.0,0.7298064
1476.1427,1564.1718,1374.8921,1627.051,1.0,0.026611608
588.1134,251.60152,604.683,242.06976,1.0,0.018610375
1838.9902,884.40826,1795.6478,981.4804,1.0,0.024957633
1150.8048,9.815425,1186.3787,50.188656,1.0,0.11052077
1150.8048,9.815425,1186.3787,50.188656,1.0,0.11052077
1463.297,254.29782,1476.9895,321.23227,1.0,0.7298064
164.9046,878.6078,128.44666,829.72675,1.0,0.090949774
587.9909,1118.7415,528.81726,1105.5923,1.0,0.35042354
1838.6342,103.91351,1863.3086,203.94545,1.0,0.008241555
1476.6027,403.83167,1476.5228,471.19983,1.0,0.036723502
1838.6342,103.91351,1863.3086,203.94545,1.0,0.008241555
165.08052,1367.235,86.063225,1316.5945,1.0,0.053625636
165.08052,1367.235,86.063225,1316.5945,1.0,0.053625636
1476.6027,403.83167,1476.5228,471.19983,1.0,0.036723502
165.28418,247.45396,183.90552,201.09352,1.0,0.09763672
924.6403,743.2425,897.0542,761.1613,1.0,0.020206232
1477.0402,367.27408,1480.1619,434.74445,1.0,0.052988086
924.5959,1234.5344,854.2279,1250.5717,1.0,0.037860744
924.5391,1496.1229,831.43774,1511.1799,1.0,0.09290515
1477.1409,641.6519,1456.3053,708.0828,1.0,0.047170542
1838.3562,135.24783,1860.292,235.12325,1.0,0.010471933
1838.3562,135.24783,1860.292,235.12325,1.0,0.010471933
1838.3562,135.24783,1860.292,235.12325,1.0,0.010471933
165.68457,1064.317,113.04644,1014.86957,1.0,0.03710846
924.2762,1815.5828,803.23425,1829.3717,1.0,0.036032718
586.35925,1240.5309,516.7363,1227.0562,1.0,0.036887713
1151.5188,1258.4103,1078.1437,1294.0309,1.0,0.13423528
1151.5188,1258.4103,1078.1437,1294.0309,1.0,0.13423528
601.088,1699.8319,491.4098,1685.8772,1.0,0.065199405
1477.4797,144.54932,1500.0598,212.95645,1.0,0.08132579
924.15137,1767.3414,807.3391,1781.2727,1.0,0.068378694
1477.7198,1923.7053,1345.0531,1985.2949,1.0,0.117347926
1477.7198,1923.7053,1345.0531,1985.2949,1.0,0.117347926
601.33386,595.6674,587.8608,585.93835,1.0,0.05059255
166.35464,68.55164,200.4917,22.96456,1.0,0.025150929
1478.3019,298.18195,1487.3838,366.05032,1.0,0.029356895
601.75616,272.98828,616.4259,264.5375,1.0,0.048180096
585.3029,1605.5797,483.89655,1590.6355,1.0,0.04403847
585.3029,1605.5797,483.89655,1590.6355,1.0,0.04403847
1478.4548,1085.0585,1419.029,1149.9004,1.0,0.079574116
585.13116,887.622,546.2529,875.3979,1.0,0.023480693
585.13116,887.622,546.2529,875.3979,1.0,0.023480693
601.75616,272.98828,616.4259,264.5375,1.0,0.048180096
1461.8986,1279.6266,1385.557,1342.3531,1.0,0.029159222
1152.1112,1855.8065,1026.6437,1889.4719,1.0,0.1490662
1152.1516,999.4581,1101.3456,1036.1832,1.0,0.073371165
584.8452,23.480024,621.289,14.537946,1.0,0.0047187745
584.828,545.9209,575.78235,534.97516,1.0,0.04353694
923.4453,960.5542,876.9284,977.5467,1.0,0.013923108
584.828,545.9209,575.78235,534.97516,1.0,0.04353694
584.828,545.9209,575.78235,534.97516,1.0,0.04353694
1461.8015,682.567,1437.4912,747.55566,1.0,0.02264725
584.5554,2034.2252,445.77448,2017.5436,1.0,0.067801304
1836.8302,1854.18,1709.0308,1947.3469,1.0,0.08567301
1478.9824,1734.3965,1362.9668,1796.875,1.0,0.055180643
1461.8015,682.567,1437.4912,747.55566,1.0,0.02264725
923.1729,1745.8401,808.2222,1759.7971,1.0,0.036706496
1478.9894,1125.3386,1415.9886,1190.1525,1.0,0.020781014
923.15466,365.40796,928.4721,384.6122,1.0,0.058486618
167.34274,1769.9883,53.19821,1718.0146,1.0,0.0371951
167.34274,1769.9883,53.19821,1718.0146,1.0,0.0371951
1152.5664,1003.66406,1101.3313,1040.4116,1.0,0.11318262
167.40182,463.37122,167.13962,416.3601,1.0,0.04327976
1152.5941,223.5512,1169.4491,263.32065,1.0,0.013249691
1836.4758,468.99176,1829.3978,567.34,1.0,0.12287638
584.15753,1790.4369,466.6252,1774.6537,1.0,0.062629834
584.08276,440.3159,584.22424,429.6684,1.0,0.058964454
922.89795,1686.4684,813.19446,1700.7473,1.0,0.11145046
602.6017,115.232086,631.00024,107.4588,1.0,0.03555083
1152.9905,1169.6304,1087.4209,1205.8478,1.0,0.038105495
583.89166,703.26013,561.1163,691.65717,1.0,0.020904073
922.476,214.07054,940.7548,234.0492,1.0,0.34886718
167.90424,925.0237,127.3806,876.2517,1.0,0.0651647
583.89166,703.26013,561.1163,691.65717,1.0,0.020904073
583.75464,1029.1624,532.6867,1016.27545,1.0,0.13359949
1153.519,790.8927,1120.9619,828.5742,1.0,0.048559632
922.2497,590.257,908.04706,608.5364,1.0,0.044108193
168.19681,1591.5924,69.59136,1540.3715,1.0,0.031315055
602.72925,1667.546,495.94366,1653.8511,1.0,0.13740239
602.7731,1523.8441,508.48062,1510.6887,1.0,0.11611552
1460.6794,264.08716,1472.8345,330.5578,1.0,0.013268691
1460.5143,167.814,1481.0944,234.72939,1.0,0.09530108
168.40887,1235.7639,100.77058,1185.8685,1.0,0.049884014
1460.4679,1071.609,1402.2288,1135.0111,1.0,0.0150958095
583.1605,1394.0771,500.17422,1379.7386,1.0,0.039669517
1835.2211,297.56262,1843.0525,396.571,1.0,0.03244959
1835.2211,297.56262,1843.0525,396.571,1.0,0.03244959
1835.2211,297.56262,1843.0525,396.571,1.0,0.03244959
921.97833,685.9705,899.3825,703.86957,1.0,0.031517137
1460.4001,1429.5449,1370.9905,1491.5775,1.0,0.0245592
1460.3976,345.92053,1465.5012,412.10913,1.0,0.10099576
1460.2969,670.43823,1437.0543,735.31116,1.0,0.037767746
582.92773,200.00049,604.03217,190.17719,1.0,0.05642188
1153.6196,1132.1464,1091.3087,1168.6299,1.0,0.07695359
1153.6257,17.330269,1188.4684,57.98536,1.0,0.02322854
1460.2969,670.43823,1437.0543,735.31116,1.0,0.037767746
1460.1323,336.69565,1466.0231,402.8587,1.0,0.07260224
603.92896,1758.8673,489.0838,1744.9257,1.0,0.06809112
604.0891,1632.6853,500.21097,1619.2621,1.0,0.03749546
1834.58,1044.9452,1777.3092,1141.0265,1.0,0.065077335
604.2577,58.0763,637.6609,50.659695,1.0,0.0581371
581.971,1989.0598,447.15103,1972.367,1.0,0.040272474
921.66736,1738.0839,807.35974,1751.9839,1.0,0.037020124
169.66658,818.0609,138.39134,769.90424,1.0,0.051289566
1481.3317,1388.521,1395.405,1452.4855,1.0,0.0365437
1481.3317,1388.521,1395.405,1452.4855,1.0,0.0365437
1459.6846,523.0636,1449.3322,588.44745,1.0,0.074041255
1834.206,730.7649,1804.2877,827.9809,1.0,0.052710775
1481.6885,211.18819,1498.389,279.67383,1.0,0.035973288
1153.8292,832.0443,1117.6403,869.60815,1.0,0.010089279
1833.6842,1242.7637,1759.106,1338.0079,1.0,0.021118164
1833.6842,1242.7637,1759.106,1338.0079,1.0,0.021118164
581.71185,884.34454,543.04803,871.74567,1.0,0.14516127
1459.665,314.34424,1467.4564,380.55112,1.0,0.024184175
170.35065,1287.8057,98.324905,1237.8451,1.0,0.16555588
1459.2689,1611.1082,1354.0887,1672.3158,1.0,0.07396635
1459.2689,1611.1082,1354.0887,1672.3158,1.0,0.07396635
581.1491,976.13196,534.6109,963.2111,1.0,0.04472628
581.0202,1199.589,514.98254,1185.8334,1.0,0.008669571
1482.4208,1600.036,1378.0574,1663.2892,1.0,0.03838233
580.74854,778.517,551.4375,766.33,1.0,0.035842348
1154.1385,1159.6416,1089.3539,1196.0038,1.0,0.04379331
1154.1787,444.22284,1151.8323,483.24576,1.0,0.07116827
580.42914,1197.2292,514.64355,1183.3573,1.0,0.09469897
1833.1958,1142.0779,1767.3755,1237.6803,1.0,0.025629243
1833.1542,10.194574,1866.0726,110.17087,1.0,0.09267426
170.92828,94.382324,202.75674,49.116955,1.0,0.024257867
1154.5049,735.15784,1126.782,773.13025,1.0,0.037511803
1154.5049,735.15784,1126.782,773.13025,1.0,0.037511803
920.97516,1036.1752,868.102,1052.6545,1.0,0.22149356
920.97516,1036.1752,868.102,1052.6545,1.0,0.22149356
920.8347,501.61884,914.31805,520.11456,1.0,0.03164783
1832.6556,1899.3895,1700.9154,1992.0093,1.0,0.07984304
171.24261,1643.5394,68.089096,1592.3229,1.0,0.06820211
171.28307,1374.7145,91.68209,1324.575,1.0,0.14602745
1832.6556,1899.3895,1700.9154,1992.0093,1.0,0.07984304
579.84296,1554.2812,482.81415,1539.0286,1.0,0.09338471
579.84296,1554.2812,482.81415,1539.0286,1.0,0.09338471
1457.7634,79.5752,1485.9418,146.51408,1.0,0.059934318
171.67352,255.23344,189.5762,209.42764,1.0,0.085322954
1832.2522,1519.415,1733.5609,1613.4758,1.0,0.029042732
920.31647,1864.7205,795.01666,1877.9945,1.0,0.018553482
1457.7634,79.5752,1485.9418,146.51408,1.0,0.059934318
920.31647,1864.7205,795.01666,1877.9945,1.0,0.018553482
606.34314,306.57605,618.0425,298.3834,1.0,0.050021466
1831.768,109.297676,1856.0667,208.56631,1.0,0.16045015
1457.5144,217.99695,1473.6711,284.3836,1.0,0.01897251
1155.0911,391.73743,1157.2773,431.0415,1.0,0.055453386
1457.5144,217.99695,1473.6711,284.3836,1.0,0.01897251
1831.5013,1212.7549,1759.5966,1307.9247,1.0,0.047204606
1831.5013,1212.7549,1759.5966,1307.9247,1.0,0.047204606
606.59863,1251.16,535.9639,1239.4089,1.0,0.035890542
1483.9658,1378.0913,1399.0042,1442.3341,1.0,0.07861555
1457.0275,136.11829,1480.3134,202.78654,1.0,0.033152614
1484.1544,143.09373,1506.7288,212.07138,1.0,0.027444556
1484.1544,143.09373,1506.7288,212.07138,1.0,0.027444556
1155.158,208.43568,1173.3519,248.47678,1.0,0.042302035
919.5793,1627.2787,814.98395,1641.4032,1.0,0.013018815
1484.2854,881.7788,1442.5801,947.9061,1.0,0.09515739
919.5793,1627.2787,814.98395,1641.4032,1.0,0.013018815
1457.0275,136.11829,1480.3134,202.78654,1.0,0.033152614
1484.3472,268.5139,1496.0364,337.00858,1.0,0.03632797
1831.2324,1753.7656,1712.1768,1846.8486,1.0,0.049417373
606.88257,1514.9292,513.2728,1502.1775,1.0,0.05934692
172.92595,451.68024,173.61295,405.203,1.0,0.010854739
919.3179,1324.5767,841.1367,1339.8352,1.0,0.04192151
919.3179,1324.5767,841.1367,1339.8352,1.0,0.04192151
1456.8895,1067.6954,1399.0175,1130.8313,1.0,0.045836713
919.16864,1705.7977,807.6785,1719.596,1.0,0.042070936
606.93054,1895.9214,480.0367,1881.801,1.0,0.066436
1484.8497,1748.5281,1367.5299,1811.4426,1.0,0.022773558
173.2457,567.4798,163.90244,520.5662,1.0,0.06332865
919.0916,1866.3191,793.62317,1879.4731,1.0,0.039683554
919.0916,1866.3191,793.62317,1879.4731,1.0,0.039683554
607.371,254.43605,623.67505,246.5097,1.0,0.10063456
1485.1669,227.4327,1500.3673,296.1369,1.0,0.06659705
1485.1669,227.4327,1500.3673,296.1369,1.0,0.06659705
173.39438,783.32263,145.21947,735.57495,1.0,0.06705286
577.7206,1293.1608,503.56912,1278.7457,1.0,0.040758245
1485.2328,129.16632,1509.1077,198.1775,1.0,0.13715142
918.9466,2003.9153,781.4943,2016.5353,1.0,0.03237442
918.9466,2003.9153,781.4943,2016.5353,1.0,0.03237442
607.5928,1204.997,541.0218,1193.523,1.0,0.04859123
918.8298,363.55032,924.39624,382.4355,1.0,0.03034534
1485.4199,1729.0133,1369.8105,1792.0453,1.0,0.033372335
1830.8856,192.3427,1847.8875,291.34216,1.0,0.022197358
1485.4199,1729.0133,1369.8105,1792.0453,1.0,0.033372335
607.6956,1481.6942,516.9811,1469.1343,1.0,0.06507756
607.6956,1481.6942,516.9811,1469.1343,1.0,0.06507756
1485.9126,406.61462,1485.5652,474.7073,1.0,0.05032762
607.88745,1682.1704,499.7393,1668.9838,1.0,0.079562694
576.7364,430.22308,577.772,418.99335,1.0,0.03639555
1156.8773,524.12396,1147.5248,563.1257,1.0,0.014082598
608.1211,522.39984,601.069,513.5863,1.0,0.07250311
576.64606,86.285484,607.69366,76.360275,1.0,0.053189542
1830.2484,1624.494,1722.4242,1717.994,1.0,0.013172852
576.64606,86.285484,607.69366,76.360275,1.0,0.053189542
1156.9025,933.37463,1111.9006,970.8476,1.0,0.034218904
917.99,1054.8011,863.3102,1070.9169,1.0,0.061394088
1830.1301,132.34596,1852.4181,231.47235,1.0,0.085779294
576.5777,1436.7958,489.85596,1421.7311,1.0,0.03478388
1829.9976,79.17327,1856.9099,178.55336,1.0,0.057410248
1829.9976,79.17327,1856.9099,178.55336,1.0,0.057410248
917.8471,1749.4122,802.6244,1762.8696,1.0,0.06231486
917.8439,1975.4866,782.89514,1988.1875,1.0,0.045661192
1486.73,429.60568,1484.3329,497.66797,1.0,0.059614267
1157.1329,364.49692,1161.688,404.04086,1.0,0.09726132
576.3471,668.876,556.5516,656.69867,1.0,0.048503444
576.3471,668.876,556.5516,656.69867,1.0,0.048503444
1486.7957,991.58594,1435.4081,1057.5907,1.0,0.03260397
917.54297,633.5609,899.5488,651.3142,1.0,0.018304951
1454.8291,444.21216,1451.4044,509.4607,1.0,0.112883925
1487.2668,1362.2916,1403.5334,1426.892,1.0,0.0643769
1487.307,115.56937,1512.3314,184.92474,1.0,0.03804464
1157.396,959.2731,1110.1146,996.7195,1.0,0.046766832
1487.3193,444.3668,1483.7896,512.3972,1.0,0.16276972
175.80376,345.54672,185.85631,299.67862,1.0,0.12942667
608.92523,1599.8297,507.9577,1586.945,1.0,0.07876433
608.92523,1599.8297,507.9577,1586.945,1.0,0.07876433
609.0242,1544.4832,512.7884,1531.8463,1.0,0.032168306
609.0242,1544.4832,512.7884,1531.8463,1.0,0.032168306
1157.8898,719.198,1131.4797,757.5879,1.0,0.052751467
175.99937,1832.5752,56.35066,1781.0851,1.0,0.039156727
176.00002,1804.4795,58.80263,1753.112,1.0,0.029184038
1157.8898,719.198,1131.4797,757.5879,1.0,0.052751467
1487.7074,1841.9686,1362.2395,1904.7792,1.0,0.022986848
609.13873,493.62134,604.5278,484.98502,1.0,0.026761254
1829.1649,1827.6791,1703.6116,1920.308,1.0,0.025374774
1454.1685,445.95682,1449.6375,511.3889,1.0,0.87571293
1157.9602,194.9766,1177.3574,235.33017,1.0,0.077283226
1157.9805,882.2897,1117.4241,919.9985,1.0,0.044702575
1158.0004,1121.3552,1096.661,1158.1416,1.0,0.09439327
1454.1638,115.063484,1479.3224,181.53494,1.0,0.006662694
1158.0004,1121.3552,1096.661,1158.1416,1.0,0.09439327
574.9269,2023.13,437.1601,2005.6729,1.0,0.052462913
1158.091,1841.442,1033.9935,1875.5398,1.0,0.08229567
1828.7878,1882.6481,1698.537,1974.9834,1.0,0.09863417
176.70804,311.36044,189.65431,265.74802,1.0,0.036333546
1828.7878,1882.6481,1698.537,1974.9834,1.0,0.09863417
574.9269,2023.13,437.1601,2005.6729,1.0,0.052462913
1488.0342,1167.1693,1421.3763,1232.551,1.0,0.0459583
1454.1638,115.063484,1479.3224,181.53494,1.0,0.006662694
1828.612,1227.4718,1755.3838,1322.3556,1.0,0.0090899365
177.30525,1478.9237,88.43083,1428.8982,1.0,0.036217418
1828.3424,1671.9698,1716.4335,1765.03,1.0,0.11684144
1454.1621,278.96805,1465.0149,344.77133,1.0,0.05466655
574.5032,1139.021,513.86945,1124.8389,1.0,0.14242321
177.4664,1742.0635,65.72573,1691.0082,1.0,0.08420782
177.4664,1742.0635,65.72573,1691.0082,1.0,0.08420782
1828.0814,1149.911,1761.6685,1245.0288,1.0,0.04648251
609.6454,1142.2739,548.4676,1131.2274,1.0,0.024621993
177.74684,181.36703,201.9333,136.29613,1.0,0.070218705
177.74684,181.36703,201.9333,136.29613,1.0,0.070218705
574.2813,1971.2555,441.06723,1954.0413,1.0,0.081763566
916.00854,1248.955,844.5049,1264.1302,1.0,0.14358842
1158.3967,1935.3304,1026.0355,1969.0781,1.0,0.026104216
609.94104,649.97253,591.47034,640.7997,1.0,0.22359034
1453.6543,344.61267,1458.7927,410.1476,1.0,0.029207475
1827.3271,592.98285,1809.4581,690.08875,1.0,0.089885056
1489.3435,1483.997,1395.1665,1548.3481,1.0,0.11067631
178.40482,1742.0616,66.64157,1691.1425,1.0,0.031230146
915.44147,1742.8911,800.9409,1756.1473,1.0,0.18226743
573.3851,1117.5712,514.6079,1103.3676,1.0,0.13450941
1158.6552,287.75452,1169.903,327.76608,1.0,0.056597274
573.3851,1117.5712,514.6079,1103.3676,1.0,0.13450941
1489.5092,389.40848,1490.609,457.8637,1.0,0.06081853
611.1581,1686.9034,502.53436,1673.9386,1.0,0.012405949
1159.3741,1921.4583,1028.6775,1955.5845,1.0,0.508947
178.80208,1380.1216,98.61207,1330.5764,1.0,0.07816029
178.80208,1380.1216,98.61207,1330.5764,1.0,0.07816029
573.3395,529.3195,565.7764,517.42755,1.0,0.04060398
573.3395,529.3195,565.7764,517.42755,1.0,0.04060398
178.82965,915.1837,139.13782,867.38776,1.0,0.08325338
611.1581,1686.9034,502.53436,1673.9386,1.0,0.012405949
1489.9575,1331.8196,1408.9243,1396.7606,1.0,0.027666638
611.5281,738.6497,585.5335,729.24054,1.0,0.0743664
572.63025,116.28905,601.00684,105.849335,1.0,0.08732303
611.5281,738.6497,585.5335,729.24054,1.0,0.0743664
611.5281,738.6497,585.5335,729.24054,1.0,0.0743664
572.5725,1066.463,518.5965,1052.2827,1.0,0.47646224
611.5326,534.4173,603.47644,525.8363,1.0,0.13072507
611.53595,401.1217,614.97986,393.04297,1.0,0.030624324
611.5525,1456.9205,522.9574,1444.8132,1.0,0.041801907
612.4982,643.00903,594.88007,634.0737,1.0,0.059606977
612.7042,521.5467,605.6031,513.2347,1.0,0.10049886
1490.5881,90.22801,1517.7855,159.9165,1.0,0.060241964
1825.8098,259.32333,1837.0254,357.58453,1.0,0.074344136
1159.9587,938.63513,1114.4203,976.16754,1.0,0.1739684
571.9387,1418.9872,486.8134,1403.6517,1.0,0.039413508
612.7042,521.5467,605.6031,513.2347,1.0,0.10049886
1490.5881,90.22801,1517.7855,159.9165,1.0,0.060241964
1450.6299,152.4832,1472.5721,218.50229,1.0,0.0334699
571.4467,1769.6174,455.78116,1752.7986,1.0,0.07040416
1490.5881,90.22801,1517.7855,159.9165,1.0,0.060241964
571.167,242.44638,588.5964,231.43478,1.0,0.048684195
571.1509,1216.8651,503.68317,1202.153,1.0,0.05720023
571.1509,1216.8651,503.68317,1202.153,1.0,0.05720023
613.3757,1286.0297,539.6026,1274.7319,1.0,0.084241696
571.0025,1159.0249,508.58994,1144.4796,1.0,0.096381605
1824.9655,439.66742,1820.0057,536.97186,1.0,0.48791063
1824.8859,33.930515,1855.7684,133.02608,1.0,0.064356245
1824.8859,33.930515,1855.7684,133.02608,1.0,0.064356245
570.9407,500.12106,565.9327,488.13037,1.0,0.041988384
1450.0468,1230.257,1378.0142,1292.1349,1.0,0.0107512
1491.5554,382.04184,1493.2555,450.73126,1.0,0.056456637
1449.9901,1476.4336,1356.5035,1537.3391,1.0,0.029842384
1824.5054,387.8871,1824.452,485.59818,1.0,0.024486283
180.33011,1042.9614,129.45671,994.8653,1.0,0.022424757
613.9936,623.72955,598.0526,615.03424,1.0,0.039259795
1491.8907,241.54665,1505.9486,310.78616,1.0,0.08115473
614.0012,767.7053,585.4806,758.4896,1.0,0.015879115
913.5359,1843.8729,790.04126,1856.6146,1.0,0.051692598
180.75885,951.2262,137.87296,903.4145,1.0,0.12402886
913.5359,1843.8729,790.04126,1856.6146,1.0,0.051692598
180.8339,1487.0132,91.30192,1437.3057,1.0,0.040325124
180.8928,1408.0957,98.19144,1358.6375,1.0,0.044157904
1824.3927,1864.624,1695.6956,1956.568,1.0,0.14914225
1824.3727,547.14124,1810.4541,644.15894,1.0,0.08258199
570.29816,568.93744,559.2695,556.65436,1.0,0.007934805
570.04504,990.19366,522.17065,976.2331,1.0,0.13450521
569.738,1210.678,502.79813,1195.7877,1.0,0.11932906
181.41074,1766.3582,67.50093,1715.633,1.0,0.012132553
1449.7974,369.75027,1452.6432,434.89163,1.0,0.13186799
1823.6635,92.337456,1849.3241,191.15164,1.0,0.085041896
1823.5488,987.6668,1771.2952,1083.042,1.0,0.0521356
1823.5488,987.6668,1771.2952,1083.042,1.0,0.0521356
1823.4806,853.094,1782.9009,948.9304,1.0,0.022951247
1449.5958,861.2062,1409.7712,924.3966,1.0,0.058966562
181.79251,96.47104,213.42903,52.115067,1.0,0.01954623
614.6586,274.58917,629.0997,267.2553,1.0,0.037999924
1492.825,1787.8005,1372.1099,1851.2738,1.0,0.06365016
912.9986,557.1706,901.6909,574.7899,1.0,0.013070647
569.02,1187.6926,504.10922,1172.8998,1.0,0.06582774
1493.6895,1759.8634,1375.3159,1823.4988,1.0,0.039462708
1448.38,1935.8367,1314.8904,1994.8562,1.0,0.033556905
615.93,1292.2059,541.71906,1281.0278,1.0,0.12537014
1448.38,1935.8367,1314.8904,1994.8562,1.0,0.033556905
567.88257,1020.17804,517.4956,1006.0256,1.0,0.06614116
1161.8978,942.0461,1116.699,980.2291,1.0,0.68878543
567.7348,877.81335,529.79944,864.08154,1.0,0.051357012
567.7113,1610.4359,465.92224,1593.9463,1.0,0.02066741
1448.38,1935.8367,1314.8904,1994.8562,1.0,0.033556905
1162.0752,1004.32275,1110.7775,1041.9054,1.0,0.08325625
567.7,400.8054,571.353,388.94077,1.0,0.026538223
567.66766,1948.1709,436.46643,1930.406,1.0,0.03377958
1448.38,1935.8367,1314.8904,1994.8562,1.0,0.033556905
616.0116,785.0374,585.98114,775.90894,1.0,0.016213883
616.0116,785.0374,585.98114,775.90894,1.0,0.016213883
616.0116,785.0374,585.98114,775.90894,1.0,0.016213883
1448.0425,322.46756,1455.204,387.5814,1.0,0.07043426
616.04193,364.05576,622.6915,356.4389,1.0,0.1003781
1822.0189,1767.246,1701.8875,1859.5787,1.0,0.13479006
1447.8651,1521.0927,1350.5271,1581.6884,1.0,0.029132893
616.63855,528.1404,608.87756,520.0365,1.0,0.10483177
1821.7439,664.04224,1797.6808,760.43304,1.0,0.04272169
1494.464,217.51323,1510.3497,287.43515,1.0,0.3730488
1821.7439,664.04224,1797.6808,760.43304,1.0,0.04272169
183.63713,1094.9779,128.27364,1046.9691,1.0,0.054878823
1447.3063,1350.316,1364.8441,1411.4694,1.0,0.029861603
1162.6854,942.35156,1116.699,980.2291,1.0,0.1581035
1494.7681,53.588215,1525.0385,123.75086,1.0,0.12663433
1447.3063,1350.316,1364.8441,1411.4694,1.0,0.029861603
616.9643,678.97284,596.20184,670.31445,1.0,0.048246738
911.58716,1986.1653,775.71594,1998.2062,1.0,0.032810584
566.5479,419.9753,568.4284,407.9957,1.0,0.102128185
1821.0371,962.35596,1770.9937,1057.5808,1.0,0.041467987
566.4316,420.03732,568.4284,407.9957,1.0,0.04284134
1495.1653,1653.1809,1386.1521,1717.374,1.0,0.04127728
1820.7546,1386.1344,1733.7084,1479.7306,1.0,0.028297415
616.9643,678.97284,596.20184,670.31445,1.0,0.048246738
1820.5497,1506.1831,1723.0905,1599.2782,1.0,0.030648401
1447.2388,313.35382,1455.1731,378.44446,1.0,0.04366383
1447.2388,313.35382,1455.1731,378.44446,1.0,0.04366383
565.9474,373.5895,571.9836,361.6503,1.0,0.03670015
1495.6323,163.2143,1516.3711,233.01021,1.0,0.13028798
565.8237,362.2575,572.88556,350.3299,1.0,0.0795216
1495.6323,163.2143,1516.3711,233.01021,1.0,0.13028798
911.28534,387.34628,914.8502,405.45364,1.0,0.07494931
617.32404,949.63513,573.0103,939.9399,1.0,0.10276053
1495.8462,1702.5602,1382.554,1766.6183,1.0,0.069157764
911.28534,387.34628,914.8502,405.45364,1.0,0.07494931
1446.867,1018.4563,1393.3123,1080.8085,1.0,0.052552227
617.61475,461.5394,615.79877,453.67465,1.0,0.121286504
184.68124,1323.6069,109.373146,1274.8176,1.0,0.04345159
617.7029,1396.7192,534.4159,1385.4701,1.0,0.092166565
910.8249,1642.0048,804.96405,1655.272,1.0,0.04562822
910.6659,33.39404,945.0594,52.84099,1.0,0.056461945
910.5457,1257.7465,838.1995,1272.4653,1.0,0.036678016
185.10286,1524.378,92.30087,1474.8765,1.0,0.042424675
1819.9214,504.8625,1809.7278,601.7418,1.0,0.015204616
1496.377,309.83453,1504.3988,379.20526,1.0,0.045318767
564.1017,1547.7689,467.8014,1531.1908,1.0,0.038438305
1446.867,1018.4563,1393.3123,1080.8085,1.0,0.052552227
563.95984,345.8339,572.4329,333.83456,1.0,0.042757075
1496.5369,1227.8328,1424.5387,1293.754,1.0,0.018722976
1164.3472,39.722523,1197.322,80.903534,1.0,0.35666266
618.0936,1368.2222,537.1284,1357.0533,1.0,0.08512426
618.0969,817.1643,585.2398,808.0643,1.0,0.038560744
1164.4387,50.98913,1196.3032,92.4786,1.0,0.027269067
185.62898,1967.5459,54.199272,1916.3973,1.0,0.043490205
185.69978,1575.3501,88.473175,1525.7295,1.0,0.062293805
563.22687,757.0619,535.8389,743.44257,1.0,0.018344898
618.10767,824.0445,584.7075,814.9017,1.0,0.07660386
563.0095,1228.2083,494.51846,1212.7079,1.0,0.0768699
563.0095,1228.2083,494.51846,1212.7079,1.0,0.0768699
1819.3533,143.05493,1840.7412,241.19913,1.0,0.08140382
1819.3046,1932.0028,1684.7869,2023.3354,1.0,0.08996648
909.49493,709.0622,884.9537,725.81555,1.0,0.006775177
909.49493,709.0622,884.9537,725.81555,1.0,0.006775177
618.10767,824.0445,584.7075,814.9017,1.0,0.07660386
562.9126,1654.4143,457.2705,1637.3553,1.0,0.028097676
186.80865,1837.846,66.64109,1787.3552,1.0,0.044134118
562.9126,1654.4143,457.2705,1637.3553,1.0,0.028097676
1818.9574,1140.1067,1753.4146,1234.4742,1.0,0.026172057
909.0965,63.13713,940.96497,82.310715,1.0,0.11090033
1497.168,623.033,1477.946,691.20825,1.0,0.13076724
1818.9574,1140.1067,1753.4146,1234.4742,1.0,0.026172057
1497.3429,408.73532,1496.7281,477.76974,1.0,0.09042584
1165.584,150.06165,1188.8253,191.20915,1.0,0.058272917
1165.584,150.06165,1188.8253,191.20915,1.0,0.058272917
562.3466,1585.2262,462.47543,1568.4812,1.0,0.30565554
1818.3348,942.8898,1769.973,1037.8978,1.0,0.06167934
908.70184,824.76855,874.08014,840.9539,1.0,0.05194149
562.3466,1585.2262,462.47543,1568.4812,1.0,0.30565554
1497.4327,658.9008,1475.0974,727.0507,1.0,0.07616016
908.6199,961.40375,861.9294,977.2481,1.0,0.20938848
1166.0626,942.4875,1120.4852,980.6656,1.0,0.2862637
1497.4327,658.9008,1475.0974,727.0507,1.0,0.07616016
562.16034,1379.48,480.4965,1363.4022,1.0,0.014820864
562.0243,430.4102,563.0945,417.88922,1.0,0.044044424
561.9908,1555.9891,465.03964,1539.1743,1.0,0.09622178
618.469,1023.2108,567.71436,1013.3314,1.0,0.087807894
188.08669,909.83026,148.87352,862.92255,1.0,0.08129203
561.9046,216.51382,581.6009,204.74577,1.0,0.09572989
561.9046,216.51382,581.6009,204.74577,1.0,0.09572989
1497.4963,1253.5199,1423.3264,1319.4303,1.0,0.06140622
1497.4963,1253.5199,1423.3264,1319.4303,1.0,0.06140622
618.469,1023.2108,567.71436,1013.3314,1.0,0.087807894
618.47284,334.938,627.5965,327.68988,1.0,0.07435801
561.7404,1175.8048,497.82065,1160.422,1.0,0.05059461
1446.4095,1421.6831,1357.6874,1482.5063,1.0,0.030824868
1446.4095,1421.6831,1357.6874,1482.5063,1.0,0.030824868
188.46686,1774.065,73.80337,1723.9155,1.0,0.046117906
618.65155,1295.4563,544.1227,1284.5897,1.0,0.035428002
561.6235,1099.6936,504.36,1084.633,1.0,0.002325952
561.6235,1099.6936,504.36,1084.633,1.0,0.002325952
561.56915,1445.8811,474.1371,1429.4813,1.0,0.019146005
561.56915,1445.8811,474.1371,1429.4813,1.0,0.019146005
1446.093,1321.4148,1366.1787,1382.5328,1.0,0.07615906
1445.6842,666.0394,1422.8625,729.62006,1.0,0.062424615
1497.8015,1327.0857,1417.1945,1392.7985,1.0,0.05636054
1167.3591,73.867645,1197.2684,115.539085,1.0,0.07723601
907.43616,2012.4551,769.3391,2024.0786,1.0,0.03691068
907.4224,911.51465,865.23456,927.3114,1.0,0.010913693
189.00479,1689.4357,81.833855,1639.6573,1.0,0.07260224
189.00479,1689.4357,81.833855,1639.6573,1.0,0.07260224
1444.4303,567.52814,1430.1615,631.44244,1.0,0.029380426
560.9321,586.2002,548.3163,573.0106,1.0,0.11305966
189.21286,452.61838,189.83751,407.5318,1.0,0.08009087
1167.669,1568.3966,1067.2596,1604.364,1.0,0.014114305
560.7555,1824.9785,440.31924,1807.0465,1.0,0.051646274
1167.9089,1210.8915,1098.641,1248.1918,1.0,0.05953428
1168.0818,567.7474,1154.8898,607.5787,1.0,0.018193392
560.7247,666.02594,541.2977,652.5446,1.0,0.03547172
1168.2776,1459.3613,1077.3911,1495.7794,1.0,0.042009927
560.6314,1337.7332,482.6226,1321.6736,1.0,0.009557412
1817.0723,408.1834,1815.2218,505.2143,1.0,0.089034334
620.149,904.7218,579.5795,895.4789,1.0,0.0821703
560.4926,1083.4485,504.6473,1068.3347,1.0,0.018626826
560.4926,1083.4485,504.6473,1068.3347,1.0,0.018626826
1816.9268,210.89574,1832.4021,308.13443,1.0,0.49417353
620.149,904.7218,579.5795,895.4789,1.0,0.0821703
1499.3278,127.626686,1525.2051,199.51222,1.0,2.5005424
906.39545,1144.1865,843.89075,1159.0079,1.0,0.052921
620.2336,1164.78,557.0992,1154.578,1.0,0.023620527
1443.935,337.79,1449.6921,402.7957,1.0,0.2680681
190.19667,1535.4565,96.34413,1486.3246,1.0,0.04963585
1499.9022,1130.7175,1436.3705,1197.2415,1.0,0.07582562
1169.1678,1669.1384,1059.9869,1704.8584,1.0,0.023926092
1499.9161,1811.251,1377.1101,1875.239,1.0,0.04872135
1499.9161,1811.251,1377.1101,1875.239,1.0,0.04872135
905.5388,1130.4934,844.28955,1145.3048,1.0,0.014290702
1169.2344,1848.1597,1044.4543,1883.1705,1.0,0.047712162
190.51027,894.26196,152.57373,847.5198,1.0,0.12086221
1816.3645,421.84488,1813.384,518.7267,1.0,0.022451067
620.5961,1865.6405,496.39563,1852.8083,1.0,0.0426847
190.77234,1498.5321,100.19277,1449.5847,1.0,0.058877133
1500.0754,204.03378,1517.4055,274.01108,1.0,0.19251464
905.40845,1990.5957,769.16675,2002.0929,1.0,0.029492047
620.6196,382.16577,625.6792,374.94608,1.0,0.034537286
905.40845,1990.5957,769.16675,2002.0929,1.0,0.029492047
620.6196,382.16577,625.6792,374.94608,1.0,0.034537286
559.52655,678.99554,539.07025,665.296,1.0,0.14411601
191.06827,1901.5363,65.29532,1851.1038,1.0,0.044586528
191.06827,1901.5363,65.29532,1851.1038,1.0,0.044586528
1443.7574,1106.7925,1382.5482,1168.6191,1.0,0.040747356
905.15375,336.43573,913.1266,354.22232,1.0,0.019777298
1443.7012,1701.1903,1330.7036,1760.7211,1.0,0.044922043
1500.3861,190.88014,1518.7743,261.00446,1.0,0.09490389
1500.3861,190.88014,1518.7743,261.00446,1.0,0.09490389
558.63416,288.47595,572.0429,276.0084,1.0,0.23911083
558.63416,288.47595,572.0429,276.0084,1.0,0.23911083
621.6598,213.88368,641.4225,207.39597,1.0,0.059278715
191.30408,754.23047,165.64287,708.20264,1.0,0.08297544
621.6598,213.88368,641.4225,207.39597,1.0,0.059278715
1500.8553,1178.5916,1433.1135,1245.0734,1.0,0.03474375
621.71136,1118.2439,562.5699,1108.207,1.0,0.14848974
1442.8641,221.66385,1458.677,286.72922,1.0,0.09956329
621.8437,163.81488,645.91315,157.52654,1.0,0.03997593
1442.8641,221.66385,1458.677,286.72922,1.0,0.09956329
904.6888,1091.7054,846.8137,1106.5896,1.0,0.012914814
1442.6735,294.04208,1452.639,358.8169,1.0,0.36362973
904.61993,883.9835,864.82947,899.6086,1.0,0.039075326
1169.943,958.13983,1122.6564,996.70123,1.0,0.07858911
1814.898,1270.3331,1737.9595,1363.787,1.0,0.07676126
904.4481,774.4305,874.2138,790.5023,1.0,0.021311149
1442.6735,294.04208,1452.639,358.8169,1.0,0.36362973
191.77888,1423.4587,107.70323,1374.953,1.0,0.019275205
621.95337,882.9299,583.3839,873.92206,1.0,0.043787185
621.95337,882.9299,583.3839,873.92206,1.0,0.043787185
903.9112,200.54936,923.75635,218.71248,1.0,0.054450065
1501.3019,338.81226,1506.6288,408.52057,1.0,0.15286306
1814.898,1270.3331,1737.9595,1363.787,1.0,0.07676126
1170.571,554.7154,1158.5425,594.80286,1.0,0.052741297
557.2197,576.258,545.62695,562.73016,1.0,0.08348204
1170.7573,1179.6691,1104.2794,1216.6399,1.0,0.7590747
1170.7573,1179.6691,1104.2794,1216.6399,1.0,0.7590747
903.50946,868.20276,865.1504,883.7996,1.0,0.036126625
192.66998,554.4968,184.36385,509.36212,1.0,0.035400406
192.66998,554.4968,184.36385,509.36212,1.0,0.035400406
903.4862,188.82521,924.40436,206.96266,1.0,0.11410225
622.2212,1325.2834,545.1049,1314.6,1.0,0.06091064
1441.9438,754.43463,1411.4608,817.34875,1.0,0.07588651
1501.5017,315.63568,1508.967,385.37173,1.0,0.10915274
1501.5356,231.71298,1516.3357,301.9088,1.0,0.034616474
1171.1986,1838.0944,1047.3141,1873.2759,1.0,0.09426081
193.24057,1608.2383,93.01796,1559.1316,1.0,0.040256336
622.67755,55.993362,656.31824,49.989418,1.0,0.29279098
1501.963,781.3777,1468.9163,849.4669,1.0,0.05397841
556.5496,1123.6384,497.21976,1108.0675,1.0,0.021119244
556.5496,1123.6384,497.21976,1108.0675,1.0,0.021119244
556.5496,1123.6384,497.21976,1108.0675,1.0,0.021119244
556.43713,295.63156,569.3372,283.24304,1.0,0.08927706
556.2589,495.8198,551.6589,482.61984,1.0,0.030260699
193.49753,119.288025,223.1279,75.84173,1.0,0.055290576
556.20654,1301.5735,481.35278,1285.2252,1.0,0.05215889
622.8672,1385.7224,540.4284,1374.8978,1.0,0.021152006
622.8672,1385.7224,540.4284,1374.8978,1.0,0.021152006
1502.4078,684.1659,1477.7008,752.63007,1.0,0.09655995
1813.6866,1382.1676,1727.0325,1475.125,1.0,0.034609895
1813.6866,1382.1676,1727.0325,1475.125,1.0,0.034609895
623.15283,1493.237,531.3419,1482.004,1.0,0.042370226
555.5196,76.68844,587.47174,64.97441,1.0,0.034194075
623.35895,518.50745,616.4418,511.05334,1.0,0.07496005
902.61804,30.403427,937.28754,49.206448,1.0,0.08080063
1813.459,1514.7568,1715.283,1607.2455,1.0,0.033199985
623.409,141.74759,649.42175,135.69559,1.0,0.030477818
194.15858,881.88226,157.27039,835.57654,1.0,0.049774732
902.47943,1346.2715,822.4568,1359.9963,1.0,0.030632839
623.409,141.74759,649.42175,135.69559,1.0,0.030477818
623.46405,532.0844,615.4731,524.52155,1.0,0.0647331
194.32355,564.2456,185.12375,519.2123,1.0,0.0028135816
1813.3223,1787.1669,1691.2979,1878.3887,1.0,0.2127876
623.46405,532.0844,615.4731,524.52155,1.0,0.0647331
1440.9434,1970.6228,1304.5062,2028.8507,1.0,0.08577687
1440.9297,997.1174,1389.3551,1058.9208,1.0,0.18941462
194.41571,1405.9745,111.91957,1357.653,1.0,0.112285316
624.10205,689.2257,602.3285,681.1503,1.0,0.05401863
901.90497,1488.0737,809.5731,1501.1726,1.0,0.07775419
624.10205,689.2257,602.3285,681.1503,1.0,0.05401863
1171.6599,992.44666,1121.4355,1030.9972,1.0,0.035021417
1171.6599,992.44666,1121.4355,1030.9972,1.0,0.035021417
1503.079,1627.3269,1396.2258,1692.2549,1.0,0.06293586
1503.079,1627.3269,1396.2258,1692.2549,1.0,0.06293586
554.3956,1315.2742,478.38437,1298.769,1.0,0.012962214
1503.4839,1348.9242,1420.9633,1414.9526,1.0,0.07106338
1503.4839,1348.9242,1420.9633,1414.9526,1.0,0.07106338
554.12573,1704.9049,444.16385,1686.8671,1.0,0.02977141
1172.6917,1963.5942,1037.781,1998.4855,1.0,0.03607214
900.7909,1685.6619,791.1112,1698.1729,1.0,0.2456192
195.14915,699.5773,174.1548,654.0632,1.0,0.037543472
553.9759,290.08105,567.30035,277.36398,1.0,0.07280407
1172.8768,416.25153,1172.8657,457.0603,1.0,0.013254927
1440.5657,304.11966,1449.3988,368.66855,1.0,0.10391998
624.61945,1444.6228,537.0662,1433.7201,1.0,0.024593532
624.61945,1444.6228,537.0662,1433.7201,1.0,0.024593532
1172.8768,416.25153,1172.8657,457.0603,1.0,0.013254927
624.61945,1444.6228,537.0662,1433.7201,1.0,0.024593532
1811.9349,1882.4915,1681.6781,1973.4391,1.0,0.017730476
900.3739,339.26956,908.15265,356.59155,1.0,0.06580185
1440.5057,343.6011,1445.8191,407.9682,1.0,0.05549922
900.2224,1200.8041,832.8728,1214.8585,1.0,0.01860171
900.2224,1200.8041,832.8728,1214.8585,1.0,0.01860171
195.592,498.31946,192.17749,453.6574,1.0,0.042657092
1504.0171,284.8154,1514.2092,354.95038,1.0,0.046197213
624.9539,108.07798,653.9549,102.25222,1.0,0.09919786
195.63757,1655.4557,91.320366,1606.4082,1.0,0.02581089
1173.2018,1662.2118,1064.6691,1698.33,1.0,0.0845735
624.9539,108.07798,653.9549,102.25222,1.0,0.09919786
1173.3226,117.95288,1199.3145,159.8995,1.0,0.046812396
1173.3226,117.95288,1199.3145,159.8995,1.0,0.046812396
1440.4087,268.15506,1452.2838,332.84912,1.0,0.008241555
900.0723,877.49457,860.92664,892.7462,1.0,0.05051208
900.0723,877.49457,860.92664,892.7462,1.0,0.05051208
553.3693,1220.7009,485.49646,1204.445,1.0,0.0973121
1173.4121,90.65448,1201.7407,132.69853,1.0,0.06293648
1440.3556,480.17096,1433.6688,544.0167,1.0,0.08558306
1811.1807,1611.2416,1704.5477,1703.1537,1.0,0.033592634
1504.311,1504.7966,1408.1874,1570.3848,1.0,0.042780027
1811.1807,1611.2416,1704.5477,1703.1537,1.0,0.033592634
1504.5662,1108.6085,1443.0203,1175.6696,1.0,0.08641647
1504.5662,1108.6085,1443.0203,1175.6696,1.0,0.08641647
196.30092,377.6804,203.34827,333.5219,1.0,0.011095857
1811.1431,1376.3442,1725.0325,1469.1637,1.0,0.033255145
1811.0981,277.05258,1820.8058,374.01608,1.0,0.02730121
1440.2521,170.50345,1460.7565,235.24632,1.0,0.33609217
552.8697,370.76138,559.1399,357.69962,1.0,0.034642827
899.71155,503.9948,893.09607,520.646,1.0,0.027334552
899.71155,503.9948,893.09607,520.646,1.0,0.027334552
899.59283,1740.6782,785.1823,1752.6217,1.0,0.01497552
625.1723,716.15826,601.10077,708.08044,1.0,0.01792481
1810.6085,1705.3741,1695.3168,1796.5747,1.0,0.5691571
1810.6085,1705.3741,1695.3168,1796.5747,1.0,0.5691571
1504.846,1605.0032,1400.0022,1670.1906,1.0,0.06150115
552.47833,1040.3936,500.43622,1024.7823,1.0,0.025313057
552.47833,1040.3936,500.43622,1024.7823,1.0,0.025313057
552.47833,1040.3936,500.43622,1024.7823,1.0,0.025313057
196.61784,1730.1392,85.82421,1680.8689,1.0,0.026414093
552.45917,650.2183,534.40735,636.0676,1.0,0.0037311406
1504.846,1605.0032,1400.0022,1670.1906,1.0,0.06150115
1504.8859,403.0591,1504.681,472.8481,1.0,0.0704793
1504.8859,403.0591,1504.681,472.8481,1.0,0.0704793
1439.9078,331.1787,1446.1322,395.40137,1.0,0.24375966
196.75343,453.30804,197.29329,408.96088,1.0,0.09334878
899.0084,243.49666,915.0561,261.07816,1.0,0.036937617
625.5264,1996.2328,489.93076,1983.3278,1.0,0.048285097
899.0084,243.49666,915.0561,261.07816,1.0,0.036937617
898.71136,747.9526,870.8352,763.588,1.0,0.026482506
1175.4071,582.6778,1160.9647,623.0368,1.0,0.1042987
1439.461,1001.1406,1387.4182,1062.9572,1.0,0.031070672
1439.461,1001.1406,1387.4182,1062.9572,1.0,0.031070672
1505.5345,263.90332,1517.5355,334.2013,1.0,0.091694474
898.41266,1029.0059,845.9718,1043.5585,1.0,0.059112415
1175.4071,582.6778,1160.9647,623.0368,1.0,0.1042987
551.0103,1130.2052,491.0917,1114.0807,1.0,0.04503891
1506.0304,1059.4816,1448.7394,1126.8633,1.0,0.0642236
1506.0304,1059.4816,1448.7394,1126.8633,1.0,0.0642236
1809.3943,1751.9907,1690.7928,1843.0447,1.0,0.30307472
1438.915,762.2107,1407.8412,824.9034,1.0,0.11308654
197.33846,1855.1316,75.6261,1805.4658,1.0,0.01761027
197.34671,1612.0261,96.84704,1563.2697,1.0,0.028919527
197.34671,1612.0261,96.84704,1563.2697,1.0,0.028919527
1175.8298,334.29663,1182.9938,375.5863,1.0,0.11015831
1809.3075,1902.3751,1677.3041,1992.952,1.0,0.06354812
1809.3075,1902.3751,1677.3041,1992.952,1.0,0.06354812
197.54341,1243.0728,129.1511,1195.7188,1.0,0.026493916
1809.3075,1902.3751,1677.3041,1992.952,1.0,0.06354812
1506.4089,1630.9602,1399.3287,1696.2286,1.0,0.08012816
1506.4276,428.53726,1504.0083,498.43634,1.0,0.08194415
626.10876,894.7858,586.4918,886.07806,1.0,0.058290906
1506.4276,428.53726,1504.0083,498.43634,1.0,0.08194415
898.23883,1139.6478,836.3127,1153.712,1.0,0.11733853
1176.0404,1210.8706,1106.8158,1249.1311,1.0,0.20301071
197.8331,1321.8942,122.55673,1274.327,1.0,0.05432129
550.38165,1136.797,489.95004,1120.6151,1.0,0.021566084
197.91153,196.01286,220.80147,152.66673,1.0,0.027488042
1808.9674,1271.2692,1732.014,1364.2473,1.0,0.025118025
550.0119,171.63701,573.7134,159.02168,1.0,0.08329478
549.76776,1845.8506,427.60248,1826.9017,1.0,0.08535623
198.30836,1280.6049,126.58102,1233.2455,1.0,0.09611821
1808.6571,1250.9417,1733.5029,1343.9819,1.0,0.037173767
549.48315,1984.5563,415.18375,1965.0798,1.0,0.038058553
897.46,1619.31,793.7046,1631.5446,1.0,0.07214521
897.46,1619.31,793.7046,1631.5446,1.0,0.07214521
549.48315,1984.5563,415.18375,1965.0798,1.0,0.038058553
549.2697,1261.9498,477.98648,1245.1298,1.0,0.099553004
1437.7155,448.84106,1433.8804,512.596,1.0,0.040158164
897.3352,2004.5951,759.87305,2015.3108,1.0,0.06914063
198.55965,1597.4855,99.38961,1548.8638,1.0,0.09927063
198.65846,1982.0002,65.86497,1931.9409,1.0,0.016928544
1437.6755,187.30688,1456.4585,251.9661,1.0,0.17714106
897.0619,358.73102,903.0515,375.7042,1.0,0.056054503
1437.3834,1414.1423,1349.4379,1474.1946,1.0,0.058465946
548.85284,912.01025,508.02286,896.5151,1.0,0.04560862
896.754,57.052685,929.14764,75.1209,1.0,0.07661299
896.754,57.052685,929.14764,75.1209,1.0,0.07661299
199.25351,1537.8818,105.19411,1489.6132,1.0,0.04252807
1437.3834,1414.1423,1349.4379,1474.1946,1.0,0.058465946
1808.0028,1010.57965,1753.852,1104.5914,1.0,0.13445617
199.31169,142.20918,226.88167,99.25571,1.0,0.03944133
199.33395,112.02609,229.52768,69.09117,1.0,0.059048872
1437.2262,94.232956,1464.2643,159.29489,1.0,0.019212367
548.62964,1283.997,475.3859,1267.091,1.0,0.034734312
1177.0712,739.5066,1148.8561,779.43787,1.0,0.020670293
627.8515,1469.45,538.1381,1458.6985,1.0,0.06386719
627.8515,1469.45,538.1381,1458.6985,1.0,0.06386719
1507.5471,1480.3977,1413.1912,1546.2208,1.0,0.33329
1436.9567,211.38017,1453.899,276.01813,1.0,0.11660431
896.1161,17.731115,931.9646,35.87246,1.0,0.10945682
1177.947,1028.5839,1124.6829,1067.2596,1.0,0.29116315
548.02856,2006.8801,411.81165,1987.1549,1.0,0.06679372
1178.6058,955.78357,1131.5889,995.0269,1.0,0.05377748
895.69507,1215.2163,827.0526,1228.9313,1.0,0.105239
895.69507,1215.2163,827.0526,1228.9313,1.0,0.105239
895.6071,1057.3593,840.6572,1071.5771,1.0,0.10691611
895.6071,1057.3593,840.6572,1071.5771,1.0,0.10691611
628.3667,1076.8461,572.8038,1067.6685,1.0,0.044570375
1807.0201,1206.372,1735.7225,1299.4082,1.0,0.042616703
1508.2094,215.49428,1524.3997,286.27524,1.0,0.026771344
1178.6542,1994.0913,1041.1133,2029.3618,1.0,0.04980768
895.3986,1009.00183,844.8013,1023.2686,1.0,0.1141244
895.3986,1009.00183,844.8013,1023.2686,1.0,0.1141244
1806.9426,329.9482,1811.968,425.46048,1.0,0.89694893
1508.8367,1765.6594,1389.9172,1830.5851,1.0,0.037912022
1806.9186,503.59604,1796.9127,599.24585,1.0,0.10314055
1806.9186,503.59604,1796.9127,599.24585,1.0,0.10314055
1178.6542,1994.0913,1041.1133,2029.3618,1.0,0.04980768
1508.8367,1765.6594,1389.9172,1830.5851,1.0,0.037912022
628.73395,1092.1613,571.8605,1082.9563,1.0,0.027028307
628.73395,1092.1613,571.8605,1082.9563,1.0,0.027028307
1509.0004,1307.776,1430.0009,1374.4712,1.0,0.023893373
546.50226,449.40994,546.02356,435.48093,1.0,0.056651976
1509.1671,165.08176,1530.2251,236.02751,1.0,0.48815143
546.3722,2020.0757,409.07068,2000.1788,1.0,0.11928569
1509.3834,363.8603,1512.585,434.13947,1.0,0.08977125
200.83263,732.1066,176.93852,687.0047,1.0,0.042392094
200.83263,732.1066,176.93852,687.0047,1.0,0.042392094
629.04376,422.88644,630.50287,416.34262,1.0,0.064161025
895.1478,69.46493,926.3093,87.42566,1.0,0.10233635
895.1478,69.46493,926.3093,87.42566,1.0,0.10233635
546.16046,413.116,548.86774,399.27246,1.0,0.08692849
545.67505,551.4738,536.26685,537.0539,1.0,0.05868809
1179.6816,130.8874,1204.5348,173.363,1.0,0.035847157
545.28546,1178.9952,481.27866,1162.1552,1.0,0.11855549
201.0817,1243.4744,132.69937,1196.3734,1.0,0.081718214
201.12077,1712.6742,91.85401,1663.8241,1.0,0.062002055
1806.2103,1136.2816,1741.0695,1229.5245,1.0,0.05611226
1510.2042,153.7829,1531.6981,225.03406,1.0,0.08421676
629.2417,856.28253,592.93207,848.0202,1.0,0.023654725
545.0837,189.65533,567.2308,176.609,1.0,0.03240789
1510.2653,706.06323,1483.807,775.13354,1.0,0.11693267
1510.2653,706.06323,1483.807,775.13354,1.0,0.11693267
201.32483,1258.3723,131.55748,1211.2693,1.0,0.06040478
201.3962,429.8959,203.88327,385.98788,1.0,0.002746582
201.3962,429.8959,203.88327,385.98788,1.0,0.002746582
1806.1548,247.16167,1818.4349,343.773,1.0,0.04905055
1806.1548,247.16167,1818.4349,343.773,1.0,0.04905055
1510.5431,1732.3142,1394.5831,1797.5027,1.0,0.0698303
1435.2208,1794.9397,1314.0829,1853.3673,1.0,0.043688554
201.51071,90.642784,233.57162,47.987377,1.0,0.051137604
201.51071,90.642784,233.57162,47.987377,1.0,0.051137604
544.3385,1764.2233,429.1899,1745.1519,1.0,0.04135937
201.7098,2010.1571,66.56565,1960.2323,1.0,0.105755754
201.7098,2010.1571,66.56565,1960.2323,1.0,0.105755754
201.89978,1293.5696,129.00003,1246.2937,1.0,0.16780202
1180.5009,1088.9642,1121.978,1126.135,1.0,1.7573462
630.3413,1506.9445,537.2829,1496.2924,1.0,0.052255504
630.34436,1611.5942,528.23413,1600.5671,1.0,0.030054407
630.48627,1788.8573,512.9442,1777.0789,1.0,0.109515935
893.7353,1811.4902,773.21326,1822.6057,1.0,0.07492734
1805.341,141.4479,1826.826,238.43527,1.0,0.036833543
1181.0161,1819.8478,1058.717,1855.9924,1.0,0.09442358
1511.0236,1277.0135,1434.7219,1344.03,1.0,0.027916763
1181.2546,217.60143,1198.524,259.7817,1.0,0.12240928
1181.3011,1411.504,1094.4858,1449.2661,1.0,0.019196503
1181.3486,1423.2341,1093.5126,1460.8896,1.0,0.069489
1511.1613,1508.0508,1414.6925,1574.2097,1.0,0.014076777
1511.1843,161.14076,1532.1832,232.32173,1.0,0.11760871
1511.2401,1114.798,1449.0194,1182.427,1.0,0.034635715
892.91754,754.1982,864.5509,769.30554,1.0,0.04970919
630.59283,1698.8545,520.86755,1687.4956,1.0,0.036955062
1434.8174,837.79315,1397.6901,899.92694,1.0,0.6379095
543.6202,1094.1716,486.94867,1077.566,1.0,0.04075578
892.55524,1723.0065,779.8246,1734.4309,1.0,0.11663331
892.2292,191.26099,912.9526,208.46405,1.0,0.0689799
1511.8496,1537.5779,1412.8298,1603.6227,1.0,0.052809063
203.11726,551.76263,194.99644,507.58398,1.0,0.04631329
1182.1255,379.87137,1185.2694,421.5247,1.0,0.111609995
1182.1255,379.87137,1185.2694,421.5247,1.0,0.111609995
1804.7374,996.9289,1751.7075,1090.538,1.0,0.06813415
543.4477,1305.8942,468.30063,1288.4612,1.0,0.018278884
891.7822,879.5329,852.4848,894.1079,1.0,0.038689982
1182.6036,1023.51404,1129.5743,1062.8558,1.0,0.04526982
630.8221,1069.4443,575.9545,1060.4824,1.0,0.053744357
630.87177,562.8651,620.13464,555.85284,1.0,0.031685714
630.87177,562.8651,620.13464,555.85284,1.0,0.031685714
1512.8335,1107.4005,1451.2599,1175.2162,1.0,0.020265143
1512.9011,835.40784,1475.0397,904.23596,1.0,0.031282943
1804.2712,1339.9141,1721.3649,1432.1936,1.0,0.05558222
203.45436,645.12744,187.19461,600.53394,1.0,0.052545916
203.45436,645.12744,187.19461,600.53394,1.0,0.052545916
1804.2712,1339.9141,1721.3649,1432.1936,1.0,0.05558222
1183.1556,1223.1311,1112.8209,1261.7498,1.0,0.0556654
1433.3956,839.9391,1395.4005,901.8806,1.0,0.06342763
1183.5884,1072.035,1126.4634,1111.2637,1.0,0.096635446
542.1067,1007.4813,492.94104,991.0346,1.0,0.04058908
1514.359,713.98425,1487.1611,783.3641,1.0,0.09792938
542.09357,372.98126,548.2487,358.95358,1.0,0.032662533
542.09357,372.98126,548.2487,358.95358,1.0,0.032662533
890.9138,799.64246,858.52075,814.4372,1.0,0.031602126
542.09357,372.98126,548.2487,358.95358,1.0,0.032662533
890.9138,799.64246,858.52075,814.4372,1.0,0.031602126
542.03937,985.8143,494.7684,969.38635,1.0,0.09603398
1433.0892,1328.9348,1352.5667,1388.9237,1.0,0.048529666
541.94867,846.81757,506.85828,830.9819,1.0,0.062207073
1183.7904,313.38425,1192.8911,355.7502,1.0,0.28712747
1183.9181,989.05884,1133.9122,1028.5697,1.0,0.08989722
1183.9181,989.05884,1133.9122,1028.5697,1.0,0.08989722
890.70416,925.73553,847.4144,939.9613,1.0,0.08620014
1432.9554,346.3366,1438.0187,410.07593,1.0,0.021214282
1514.5531,138.93335,1537.5308,210.58458,1.0,0.13012885
1432.4324,1736.5455,1316.3986,1794.888,1.0,0.08572474
1432.4324,1736.5455,1316.3986,1794.888,1.0,0.08572474
1183.9216,555.1907,1171.7604,596.38513,1.0,0.05692722
205.12321,1576.956,107.83355,1528.6812,1.0,0.3914522
1183.9216,555.1907,1171.7604,596.38513,1.0,0.05692722
541.85297,1390.2849,459.36017,1372.3981,1.0,0.020734375
1432.4324,1736.5455,1316.3986,1794.888,1.0,0.08572474
205.45064,560.1394,196.5145,516.07495,1.0,0.057081416
205.45064,560.1394,196.5145,516.07495,1.0,0.057081416
1432.3898,435.28613,1429.8376,498.63306,1.0,0.11752842
1432.1327,1622.0922,1326.0325,1680.9302,1.0,0.0152934175
1514.8912,1919.4276,1382.5066,1984.34,1.0,0.051221408
541.29913,2026.879,403.33725,2006.522,1.0,0.032402154
890.0375,1563.4696,791.1027,1575.2375,1.0,0.031818524
541.29913,2026.879,403.33725,2006.522,1.0,0.032402154
1514.9222,266.37823,1526.7057,337.59268,1.0,0.047808815
1184.974,182.21721,1205.4247,224.99768,1.0,0.12287321
205.66919,1560.0725,109.70673,1512.2184,1.0,0.07259791
205.66919,1560.0725,109.70673,1512.2184,1.0,0.07259791
1802.6788,546.9094,1788.9225,642.0639,1.0,0.07459255
205.78227,534.6107,199.17284,490.64346,1.0,0.06618725
1431.6473,120.87591,1456.4244,185.34431,1.0,0.047471553
1802.6788,546.9094,1788.9225,642.0639,1.0,0.07459255
205.98145,521.19196,200.57326,477.31744,1.0,0.083455846
889.5209,482.35477,884.83984,498.1663,1.0,0.061951436
1674.4297,235.08716,1688.304,320.26572,1.0,0.043091178
633.6697,1199.0487,567.493,1189.9095,1.0,0.026371496
1515.8934,1116.5488,1453.6117,1184.6099,1.0,0.081738725
540.5412,875.0762,502.93906,859.01447,1.0,0.02047875
540.5412,875.0762,502.93906,859.01447,1.0,0.02047875
889.40533,760.08905,860.4945,774.8261,1.0,0.064575195
889.40533,760.08905,860.4945,774.8261,1.0,0.064575195
633.77045,294.1217,646.5154,288.46945,1.0,0.08883742
540.46277,1429.8042,454.51486,1411.6407,1.0,0.006434217
540.46277,1429.8042,454.51486,1411.6407,1.0,0.006434217
540.46277,1429.8042,454.51486,1411.6407,1.0,0.006434217
206.46487,1412.8123,123.25195,1365.6105,1.0,0.012501151
206.47559,1449.1764,120.00612,1401.9775,1.0,0.17412691
1516.1621,229.12596,1531.1696,300.4644,1.0,0.11235755
1516.2407,674.31665,1492.3678,744.067,1.0,0.053304803
540.1934,368.6521,546.70886,354.46188,1.0,0.04917295
889.0425,852.79987,852.0519,867.20026,1.0,0.016867362
889.0425,852.79987,852.0519,867.20026,1.0,0.016867362
1431.2705,658.45886,1409.2323,720.8367,1.0,0.08544268
889.0425,852.79987,852.0519,867.20026,1.0,0.016867362
1431.1498,799.4338,1396.7936,861.29065,1.0,0.046645116
1186.3317,953.77356,1139.4081,993.6911,1.0,0.025972018
1186.3317,953.77356,1139.4081,993.6911,1.0,0.025972018
1431.1498,799.4338,1396.7936,861.29065,1.0,0.046645116
539.75464,465.2184,537.88794,450.62292,1.0,0.047232073
1801.776,1287.0454,1723.5352,1379.2955,1.0,0.09465417
539.75464,465.2184,537.88794,450.62292,1.0,0.047232073
539.7285,1626.7438,436.64365,1607.7595,1.0,0.031582035
1430.785,1723.6683,1315.8662,1781.9208,1.0,0.07489986
1517.2987,111.75392,1542.5209,183.70134,1.0,0.048627708
634.8212,1954.1229,502.8563,1942.1508,1.0,0.06070283
1430.785,1723.6683,1315.8662,1781.9208,1.0,0.07489986
888.71094,209.27498,907.81116,226.0795,1.0,0.032625563
888.71094,209.27498,907.81116,226.0795,1.0,0.032625563
1430.5662,710.85986,1403.9144,772.9839,1.0,0.041078113
1429.9797,1632.2078,1323.0406,1690.9155,1.0,0.11725087
207.59128,344.32245,217.51918,301.27106,1.0,0.013614303
1429.9763,1755.3876,1312.2489,1813.4707,1.0,0.047073103
888.4412,330.28052,896.9897,346.55862,1.0,0.075220205
207.77422,1496.9897,117.27741,1449.5593,1.0,0.049599327
207.77422,1496.9897,117.27741,1449.5593,1.0,0.049599327
1518.1586,335.8622,1523.9229,407.02298,1.0,0.10860947
1186.905,1199.5804,1118.5883,1238.5319,1.0,0.1109014
1429.7352,927.71387,1384.1683,988.92017,1.0,0.05124631
1186.905,1199.5804,1118.5883,1238.5319,1.0,0.1109014
635.85376,47.733204,669.9927,43.080578,1.0,0.0665126
888.1538,1629.1161,783.509,1640.4974,1.0,0.0048090126
888.1538,1629.1161,783.509,1640.4974,1.0,0.0048090126
888.0258,1101.1715,829.37897,1114.3727,1.0,0.18290786
208.08965,992.54803,161.50876,947.0373,1.0,0.04730664
1800.9125,67.10216,1828.9235,163.96587,1.0,0.019452179
538.0888,1880.3369,412.89877,1860.2296,1.0,0.033594184
1187.2698,336.22296,1194.218,378.48856,1.0,0.12052711
1187.2698,336.22296,1194.218,378.48856,1.0,0.12052711
635.9652,1524.9559,541.30457,1514.7189,1.0,0.06496825
1800.9125,67.10216,1828.9235,163.96587,1.0,0.019452179
1519.0293,155.98637,1540.3259,227.95462,1.0,0.04831867
887.5873,95.42751,916.6462,112.54199,1.0,0.067039
887.5384,1941.8219,755.62885,1951.9431,1.0,0.023725096
537.9335,1842.7394,416.00427,1822.7506,1.0,0.03811742
537.7832,396.70612,541.91486,382.2341,1.0,0.035190832
1519.2404,89.55114,1546.4166,161.7722,1.0,0.04985463
1187.9835,1252.373,1115.03,1291.2775,1.0,0.046765838
886.98035,1431.4392,799.5832,1443.4764,1.0,0.016494969
636.20264,700.03876,613.5083,692.9633,1.0,0.042201784
636.20264,700.03876,613.5083,692.9633,1.0,0.042201784
209.14201,933.0035,167.73572,887.8453,1.0,0.018735705
886.6292,361.48105,892.5483,377.5319,1.0,0.08245522
1429.0044,208.69157,1445.9456,272.8409,1.0,0.26771104
1428.6116,1526.2743,1330.8668,1585.1251,1.0,0.030626757
636.7312,761.5293,608.6473,754.39667,1.0,0.093704075
886.6292,361.48105,892.5483,377.5319,1.0,0.08245522
209.62263,1420.2404,125.761894,1373.274,1.0,0.008936389
637.0447,1466.143,547.60974,1456.3187,1.0,0.07625331
637.0447,1466.143,547.60974,1456.3187,1.0,0.07625331
886.4852,1665.3396,778.7152,1676.4047,1.0,0.046498895
886.4852,1665.3396,778.7152,1676.4047,1.0,0.046498895
536.1537,831.54254,502.3353,815.22217,1.0,0.06672616
1428.0497,238.16658,1442.5795,301.8947,1.0,0.005782014
886.25256,290.1816,898.3335,306.42578,1.0,0.075000666
886.24194,419.49316,887.0199,435.3433,1.0,0.02930177
1798.9908,1695.1687,1685.1335,1785.6476,1.0,0.04201099
1798.9733,49.149162,1828.5194,145.88516,1.0,0.063175105
1798.9733,49.149162,1828.5194,145.88516,1.0,0.063175105
1428.0497,238.16658,1442.5795,301.8947,1.0,0.005782014
637.3965,1728.5077,525.2686,1717.4911,1.0,0.28322962
637.3965,1728.5077,525.2686,1717.4911,1.0,0.28322962
885.9167,1825.6561,764.1433,1836.0651,1.0,0.034377262
210.52957,686.5336,190.58939,642.4413,1.0,0.02415915
1427.9633,351.61826,1432.6644,414.89014,1.0,0.0648289
210.78683,1599.0614,111.4216,1551.5317,1.0,0.08481313
637.5153,1140.2986,576.50446,1131.6549,1.0,0.09080803
885.9167,1825.6561,764.1433,1836.0651,1.0,0.034377262
1521.4155,1560.2837,1420.353,1627.1234,1.0,0.0051400154
1521.474,1716.7415,1406.7614,1782.9312,1.0,0.062931955
1427.4524,177.40341,1447.3105,240.92024,1.0,0.39728552
1798.564,1787.893,1676.6501,1877.9791,1.0,0.055734824
211.05869,1044.1146,159.98395,998.6351,1.0,0.07915881
638.2367,82.32472,669.3521,77.79769,1.0,0.016971122
638.263,717.8448,614.0679,710.9164,1.0,0.07821864
1798.2814,1858.5886,1670.1356,1948.4138,1.0,0.037173968
1427.2206,845.3401,1388.944,906.7667,1.0,0.13434952
638.4084,1677.0294,530.4988,1666.3647,1.0,0.10794254
638.84186,747.7904,611.9596,740.7694,1.0,0.031477693
534.8366,647.01117,517.1007,631.3292,1.0,0.031696294
1426.7555,1646.3348,1318.6146,1704.5485,1.0,0.074412845
211.80762,2010.7133,76.48548,1961.7057,1.0,0.011304127
211.89062,810.7387,181.12378,766.26965,1.0,0.034757365
534.4153,1262.4451,463.0835,1244.3668,1.0,0.031111903
534.4153,1262.4451,463.0835,1244.3668,1.0,0.031111903
639.42725,1857.6116,515.71387,1846.3887,1.0,0.11579521
885.2327,1865.3864,760.00586,1875.5295,1.0,0.088873975
534.1651,96.10366,564.5011,82.416374,1.0,0.059778057
1426.1716,1023.10016,1372.2885,1083.6011,1.0,0.08243724
212.29817,331.79068,223.30664,289.1355,1.0,0.074197344
212.29817,331.79068,223.30664,289.1355,1.0,0.074197344
885.0108,1079.5015,828.3637,1092.6544,1.0,0.099361636
885.0108,1079.5015,828.3637,1092.6544,1.0,0.099361636
1797.6504,548.8495,1783.6317,643.51685,1.0,0.11527641
1523.3641,514.46216,1513.4583,585.4224,1.0,0.030727306
533.0722,216.42595,552.95526,202.21397,1.0,0.06045948
640.13574,1015.1858,590.00635,1007.2822,1.0,0.06668004
1797.4728,1625.8439,1689.6105,1716.4792,1.0,0.04326183
1425.6649,1218.6439,1354.7397,1278.4519,1.0,0.015450456
532.70886,732.35016,507.57666,716.1745,1.0,0.0064852545
884.21295,804.30756,851.5159,818.38696,1.0,0.11215726
640.3988,1906.945,512.4454,1895.6791,1.0,0.0350514
212.90742,1908.9529,86.45583,1860.4272,1.0,0.015923627
1191.0021,1344.4064,1110.0297,1383.2493,1.0,0.024745071
1797.0374,1847.2356,1669.9149,1937.0314,1.0,0.026617486
1524.2051,971.0577,1474.454,1040.3865,1.0,0.03763113
532.544,392.46774,537.0486,377.5185,1.0,0.050315555
1524.2051,971.0577,1474.454,1040.3865,1.0,0.03763113
1191.3049,1576.5513,1090.1206,1614.5726,1.0,0.037494667
532.26196,1719.0513,421.16183,1699.0658,1.0,0.032623846
532.26196,1719.0513,421.16183,1699.0658,1.0,0.032623846
1425.4354,238.67299,1439.9929,302.04117,1.0,0.1499266
640.9349,1055.4216,587.22,1047.4111,1.0,0.03408938
640.9469,980.72296,593.82,972.9699,1.0,0.09104391
1524.6503,370.14474,1527.3613,441.83948,1.0,0.06913417
1191.4186,124.77243,1216.7216,168.32712,1.0,0.015747543
1524.6503,370.14474,1527.3613,441.83948,1.0,0.06913417
1425.4354,238.67299,1439.9929,302.04117,1.0,0.1499266
213.58844,1944.668,84.02765,1896.064,1.0,0.02150197
1524.8064,409.3532,1524.1187,480.80005,1.0,0.09954301
1796.1104,1438.348,1704.6895,1529.4835,1.0,0.122613296
1524.8142,929.9197,1478.6283,999.4277,1.0,0.06163729
1425.2612,1519.1754,1328.203,1577.7957,1.0,0.05058559
213.70888,769.7211,186.52989,725.56506,1.0,0.030212715
213.70888,769.7211,186.52989,725.56506,1.0,0.030212715
213.70888,769.7211,186.52989,725.56506,1.0,0.030212715
1796.0476,692.5445,1769.6128,786.5844,1.0,0.05447414
1796.0145,1303.1326,1716.3448,1394.8646,1.0,0.028147731
1524.8142,929.9197,1478.6283,999.4277,1.0,0.06163729
1524.8235,569.30554,1510.1274,640.1863,1.0,0.027596058
1524.8916,1695.0881,1412.0326,1761.6027,1.0,0.12202422
1524.8916,1695.0881,1412.0326,1761.6027,1.0,0.12202422
531.602,1148.2821,470.312,1130.3987,1.0,0.09548078
883.2962,1864.8544,758.1556,1874.9146,1.0,0.03401893
531.602,1148.2821,470.312,1130.3987,1.0,0.09548078
883.1849,438.97433,882.30615,454.3688,1.0,0.08958932
883.1849,438.97433,882.30615,454.3688,1.0,0.08958932
214.24713,1840.3198,93.78846,1792.1421,1.0,0.040030234
214.24713,1840.3198,93.78846,1792.1421,1.0,0.040030234
214.24713,1840.3198,93.78846,1792.1421,1.0,0.040030234
1525.0638,1099.5596,1464.117,1168.4395,1.0,0.043681733
641.10144,637.23175,623.89685,630.96796,1.0,0.120784394
883.10486,1303.9911,806.84924,1316.1732,1.0,0.035468988
641.1704,1632.0527,537.09564,1621.9071,1.0,0.112030774
641.1704,1632.0527,537.09564,1621.9071,1.0,0.112030774
1795.2908,1120.8341,1731.5085,1213.1799,1.0,0.039815325
1795.2908,1120.8341,1731.5085,1213.1799,1.0,0.039815325
883.10486,1303.9911,806.84924,1316.1732,1.0,0.035468988
531.2172,1493.5573,439.76016,1474.3096,1.0,0.043515723
214.96468,258.92502,232.31334,216.81651,1.0,0.038374882
882.88153,1960.7825,749.32135,1970.4193,1.0,0.03828345
531.1302,100.024155,561.1454,86.08501,1.0,0.043459572
530.88464,1428.8789,445.0298,1409.8586,1.0,0.035653308
530.88464,1428.8789,445.0298,1409.8586,1.0,0.035653308
1525.7156,217.85477,1541.6581,290.1786,1.0,0.015884656
1192.5358,739.62604,1164.3622,780.9224,1.0,0.107331894
530.53937,301.3634,543.0114,286.57883,1.0,0.06580865
530.4823,799.1949,499.57755,782.47473,1.0,0.10294489
642.14594,1666.7615,535.1447,1656.5232,1.0,0.04081372
529.903,39.559856,565.2172,25.75271,1.0,0.061444435
529.90247,459.70346,528.5578,444.36914,1.0,0.056590617
1192.8032,1078.8558,1134.9796,1118.8435,1.0,0.050094806
1525.8064,168.95477,1546.0024,241.42616,1.0,0.046348
1424.0916,407.78485,1423.8527,470.56192,1.0,0.033835504
1424.0916,407.78485,1423.8527,470.56192,1.0,0.033835504
642.30023,733.7368,616.6221,727.1032,1.0,0.004470591
881.5034,1486.6725,789.31805,1498.0371,1.0,0.026931724
529.81525,1669.5027,422.99216,1649.4617,1.0,0.04626039
216.12816,425.26114,218.98405,382.56012,1.0,0.09942732
529.81525,1669.5027,422.99216,1649.4617,1.0,0.04626039
529.6575,1559.0891,432.54138,1539.4982,1.0,0.06331994
216.42223,122.03311,245.61916,80.568855,1.0,0.07466132
216.42223,122.03311,245.61916,80.568855,1.0,0.07466132
216.42223,122.03311,245.61916,80.568855,1.0,0.07466132
1792.7627,517.4315,1781.5494,611.8546,1.0,0.037311405
1792.7231,1403.9344,1704.2904,1494.9828,1.0,0.044483367
1792.6935,1825.2628,1667.588,1914.7152,1.0,0.081826456
529.6308,1942.2277,399.05487,1921.1545,1.0,0.020402936
1526.1028,1179.6638,1458.1534,1248.3165,1.0,0.064859785
1424.0916,407.78485,1423.8527,470.56192,1.0,0.033835504
881.24615,250.16672,896.72955,266.16602,1.0,0.085537374
1526.3794,223.46245,1541.831,295.79526,1.0,0.031392783
529.2257,209.2027,549.6934,194.74826,1.0,0.03969203
642.5015,269.68723,657.352,264.79767,1.0,0.08901494
1526.454,135.45016,1549.453,208.02986,1.0,0.16162977
1424.0405,1256.5994,1349.8927,1316.0933,1.0,0.072708525
642.9399,933.43066,599.85583,926.1097,1.0,0.018195644
1193.3295,1312.9678,1115.1306,1352.0814,1.0,0.09133356
1423.9199,1597.4268,1320.0236,1655.5438,1.0,0.08863431
642.9566,1139.1271,581.9524,1130.9468,1.0,0.060327843
1526.7959,1607.0894,1421.7104,1674.195,1.0,0.076095246
1423.9199,1597.4268,1320.0236,1655.5438,1.0,0.08863431
1526.8641,95.183395,1553.4128,168.10513,1.0,0.0723985
1526.9005,246.37392,1540.3612,318.60934,1.0,0.085898526
528.34985,1147.6976,466.97906,1129.5338,1.0,0.056225415
1193.5352,1540.676,1095.4323,1579.0125,1.0,0.0026124187
1193.537,1130.7107,1131.2174,1170.5616,1.0,0.06908985
1526.9009,422.45273,1524.9209,494.0609,1.0,0.08061148
528.21814,1388.6665,445.926,1369.627,1.0,0.041538537
528.21814,1388.6665,445.926,1369.627,1.0,0.041538537
1791.876,1419.3169,1702.0667,1510.2141,1.0,0.052137744
1791.876,1419.3169,1702.0667,1510.2141,1.0,0.052137744
880.7188,1255.4446,808.7111,1267.5773,1.0,0.050890766
1527.2238,293.82056,1536.5619,365.97534,1.0,0.03955535
217.66348,1620.9335,116.28768,1573.8766,1.0,0.037182897
217.74954,1019.57904,168.81438,974.8308,1.0,0.043044243
527.9216,1384.5177,445.95078,1365.4191,1.0,0.02280431
527.84546,1046.2444,475.44708,1028.4246,1.0,0.07947589
1527.3441,1627.8352,1420.4208,1694.8828,1.0,0.06825575
1527.5638,231.2388,1542.3887,303.58316,1.0,0.11425756
643.6275,1445.9852,555.8634,1436.7496,1.0,0.010792183
1791.5686,123.63064,1814.7329,219.45424,1.0,0.04686709
1423.4178,1430.5343,1334.0062,1489.3677,1.0,0.053983517
644.0105,1455.8993,555.3777,1446.6355,1.0,0.032437876
880.3582,524.9263,871.9752,539.8178,1.0,0.016581466
1528.1759,124.12827,1552.3047,196.99187,1.0,0.052539926
879.91675,1398.88,795.3002,1410.3304,1.0,0.115362465
218.29865,923.3597,177.67393,879.03644,1.0,0.039717197
1422.8958,1503.2869,1327.2163,1561.7253,1.0,0.047626354
1422.8704,448.98413,1419.0729,511.43732,1.0,0.039405473
879.264,1690.8279,769.33246,1701.0819,1.0,0.13599099
527.1254,1409.1548,443.014,1389.9696,1.0,0.058489546
527.1254,1409.1548,443.014,1389.9696,1.0,0.058489546
1422.8704,448.98413,1419.0729,511.43732,1.0,0.039405473
644.29144,281.90762,658.0474,277.11838,1.0,0.0748131
218.48262,1556.8446,122.72137,1510.0869,1.0,0.06522877
1790.6967,1878.1577,1660.9347,1967.2334,1.0,0.034443084
1194.3088,1053.2408,1138.5896,1093.6602,1.0,0.18706816
644.57153,876.57227,606.4686,869.58624,1.0,0.02900326
644.57153,876.57227,606.4686,869.58624,1.0,0.02900326
526.4263,80.10051,558.1728,65.70927,1.0,0.14515238
1422.3994,942.10504,1375.5978,1002.62024,1.0,0.047315
644.70264,724.5998,619.8111,718.1842,1.0,0.025460148
644.7538,585.456,632.0647,579.5578,1.0,0.0818585
878.58496,1576.4534,778.5663,1587.177,1.0,0.028501261
878.58496,1576.4534,778.5663,1587.177,1.0,0.028501261
219.09885,1722.3519,108.92696,1675.0819,1.0,0.05611835
644.8118,1766.0239,529.1656,1755.6478,1.0,0.03294361
1422.3594,1169.7412,1355.671,1229.388,1.0,0.06508306
526.1363,1034.6189,474.7285,1016.6869,1.0,0.05518611
526.1363,1034.6189,474.7285,1016.6869,1.0,0.05518611
219.36568,533.7332,212.75038,490.9625,1.0,0.039995942
1529.439,1877.8462,1400.7372,1944.1091,1.0,0.09301798
645.01337,437.22925,645.1702,431.9444,1.0,0.01495299
219.58223,1549.016,124.4823,1502.4169,1.0,0.029273128
1529.4838,971.52924,1479.7583,1041.3357,1.0,0.054232474
525.89276,1582.3536,426.66376,1562.3604,1.0,0.039758034
525.89276,1582.3536,426.66376,1562.3604,1.0,0.039758034
1195.3057,71.225975,1225.3181,115.28992,1.0,0.052868444
1195.3414,325.96637,1203.2513,369.08615,1.0,0.14857407
1195.6097,1243.7157,1123.3674,1283.3396,1.0,0.029269395
645.31964,417.8584,647.16925,412.73087,1.0,0.042208977
877.9808,387.15506,881.7184,402.35803,1.0,0.10399121
220.06891,701.23694,198.84929,657.9305,1.0,0.015588666
220.0786,852.74304,185.6868,808.8097,1.0,0.06655223
877.9262,322.78928,887.1833,338.2588,1.0,0.011855794
1789.4298,1569.9381,1686.5402,1660.0376,1.0,0.06925476
1195.9882,1675.1671,1086.1383,1713.1632,1.0,0.04740118
1195.9882,1675.1671,1086.1383,1713.1632,1.0,0.04740118
1789.4205,923.88226,1742.815,1016.44415,1.0,0.05824302
220.43094,964.84296,176.1997,920.5059,1.0,0.058291994
1789.4205,923.88226,1742.815,1016.44415,1.0,0.05824302
1789.4205,923.88226,1742.815,1016.44415,1.0,0.05824302
1195.9882,1675.1671,1086.1383,1713.1632,1.0,0.04740118
645.4256,1575.518,546.40955,1566.0472,1.0,0.101232454
1422.2311,724.7151,1394.3936,786.0282,1.0,0.064463325
220.94344,727.6022,197.39313,684.2605,1.0,0.01597982
877.67444,802.10236,845.22,815.57983,1.0,0.15972313
524.73413,477.05295,521.91156,461.10092,1.0,0.057541683
1421.8384,267.01602,1433.8665,329.95862,1.0,0.1402223
1421.7008,694.1533,1396.5406,755.5298,1.0,0.07470137
524.22485,716.8221,500.5294,699.9161,1.0,0.070712015
524.22485,716.8221,500.5294,699.9161,1.0,0.070712015
221.13647,153.64565,247.61649,112.485214,1.0,0.027220756
221.16835,1785.4917,105.42154,1738.1667,1.0,0.018369962
1789.0533,1217.6047,1716.9155,1309.0791,1.0,0.07165351
1530.4619,503.7925,1521.4127,575.44324,1.0,0.036679845
1789.0533,1217.6047,1716.9155,1309.0791,1.0,0.07165351
221.41106,1304.5319,147.57614,1258.8572,1.0,0.18563744
646.32513,1935.7664,515.91925,1924.9039,1.0,0.04727436
877.56104,1191.1099,811.18036,1203.224,1.0,0.053223215
523.83453,1930.6743,394.30496,1909.1198,1.0,0.042346437
523.83453,1930.6743,394.30496,1909.1198,1.0,0.042346437
523.83453,1930.6743,394.30496,1909.1198,1.0,0.042346437
1789.0063,1704.8813,1674.3308,1794.5077,1.0,0.014750822
221.5961,1112.8556,164.56125,1068.0895,1.0,0.08339118
221.5961,1112.8556,164.56125,1068.0895,1.0,0.08339118
1530.8625,1720.8827,1415.8066,1787.9105,1.0,0.042302076
1196.2299,179.76488,1216.7821,223.47441,1.0,0.06687733
1530.8625,1720.8827,1415.8066,1787.9105,1.0,0.042302076
1788.8744,1914.3579,1655.9065,2003.1251,1.0,0.048981845
1421.3049,1498.818,1326.0245,1557.1677,1.0,0.038952675
1421.0404,1127.0574,1358.1139,1186.7455,1.0,0.052943204
877.08954,1038.4707,823.9553,1051.1002,1.0,0.040171705
1420.798,1334.3763,1339.7883,1393.2909,1.0,0.028949458
222.13675,630.5096,206.91022,587.6193,1.0,0.15114248
222.28094,1064.0597,169.35036,1019.54443,1.0,0.06756181
1788.0405,1356.2526,1703.7059,1447.1053,1.0,0.045193885
222.36389,1054.9296,170.2091,1010.5013,1.0,0.08980777
1531.9055,1180.6772,1464.0059,1249.8425,1.0,0.11768243
648.26465,1796.4027,529.944,1786.2316,1.0,0.0142535055
1419.2982,383.59674,1421.2139,445.98007,1.0,0.045096844
648.40625,1849.2067,525.4797,1838.8422,1.0,0.019986102
1418.9592,237.09825,1433.6316,300.04025,1.0,0.016955942
1532.59,472.49536,1526.3899,544.45447,1.0,0.09295829
1418.8785,1693.0587,1306.7516,1750.4038,1.0,0.12422566
1532.59,472.49536,1526.3899,544.45447,1.0,0.09295829
1787.2539,547.40216,1773.3905,641.14636,1.0,0.13992214
222.95422,1675.4738,116.80898,1628.6542,1.0,0.05403249
1787.2539,547.40216,1773.3905,641.14636,1.0,0.13992214
876.55493,981.86414,828.48175,994.8151,1.0,0.16334084
223.08861,1685.5632,116.09458,1638.7361,1.0,0.053688273
1418.866,1950.2455,1284.1515,2006.6609,1.0,0.060008083
520.8836,1458.6268,432.51407,1438.6926,1.0,0.046006996
520.7929,758.57074,493.26556,741.0436,1.0,0.25717717
520.7929,758.57074,493.26556,741.0436,1.0,0.25717717
1418.6533,1125.6854,1355.7726,1185.2135,1.0,0.09264115
1533.3746,354.47995,1537.3677,426.91824,1.0,0.032576825
1197.4169,1623.8904,1091.9938,1662.1158,1.0,0.14496593
1533.4734,429.19968,1530.9783,501.43753,1.0,0.051026266
1787.0096,1742.5212,1669.035,1831.8165,1.0,0.023567475
875.8181,762.0253,846.7906,775.5976,1.0,0.037781995
1418.603,1600.3317,1314.4392,1658.0338,1.0,0.025805676
223.95029,570.0884,214.12357,527.5484,1.0,0.066796504
223.96198,493.1954,220.83884,451.02203,1.0,0.008779096
1197.8368,1733.809,1082.8387,1771.7949,1.0,0.048886225
520.4841,588.6637,507.9232,571.9691,1.0,0.0074695162
520.4365,2000.0729,384.87442,1977.9885,1.0,0.019129459
520.4365,2000.0729,384.87442,1977.9885,1.0,0.019129459
875.5685,300.29813,886.8156,315.6125,1.0,0.044458486
520.42535,1602.6406,419.5153,1582.022,1.0,0.06297468
875.5273,565.4168,863.70514,579.7391,1.0,0.06984292
520.42535,1602.6406,419.5153,1582.022,1.0,0.06297468
520.0593,2015.6198,383.0786,1993.409,1.0,0.06561481
224.29294,1661.6797,119.369995,1615.0306,1.0,0.062826246
520.04486,267.87115,535.4305,252.34074,1.0,0.015777322
1418.1998,1525.5345,1320.612,1583.5364,1.0,0.05449438
874.89325,923.196,831.8365,936.0923,1.0,0.024622675
1198.3857,961.01294,1150.7548,1001.93414,1.0,0.055868343
874.8034,342.09778,882.4088,357.20416,1.0,0.03307548
1786.2756,835.3441,1747.3789,928.0001,1.0,0.030198095
649.6779,898.9307,609.6227,892.2501,1.0,0.07479656
1198.3857,961.01294,1150.7548,1001.93414,1.0,0.055868343
1786.1475,892.5549,1742.2247,984.9254,1.0,0.09942237
224.76408,1151.6373,164.29259,1106.9836,1.0,0.052341484
224.76408,1151.6373,164.29259,1106.9836,1.0,0.052341484
1418.148,451.67285,1414.311,513.3359,1.0,0.44547126
874.5984,1207.6282,806.74023,1219.4032,1.0,0.033256993
1785.7485,889.70276,1742.1031,982.0465,1.0,0.09028371
650.0004,1433.7358,563.3078,1425.1086,1.0,0.019409563
1198.7153,921.07074,1154.6344,962.18005,1.0,0.05317224
650.0004,1433.7358,563.3078,1425.1086,1.0,0.019409563
1198.7153,921.07074,1154.6344,962.18005,1.0,0.05317224
1418.118,1389.1002,1332.3414,1447.4481,1.0,0.14418902
1785.648,1905.2911,1653.5934,1993.808,1.0,0.0872947
1418.053,54.037178,1448.5038,117.60471,1.0,0.16327028
1198.7153,921.07074,1154.6344,962.18005,1.0,0.05317224
1785.6205,1803.2462,1662.4236,1892.1735,1.0,0.04421996
1785.6183,1302.1498,1706.0109,1392.9426,1.0,0.070410766
650.33673,702.9659,627.3499,697.0961,1.0,0.06353364
518.292,1362.0497,438.36566,1342.2032,1.0,0.03882816
518.292,1362.0497,438.36566,1342.2032,1.0,0.03882816
225.89677,1892.1678,100.831566,1844.7648,1.0,0.06940614
518.292,1362.0497,438.36566,1342.2032,1.0,0.03882816
1535.1743,126.91289,1559.0249,200.38512,1.0,0.039947417
1535.3027,331.69595,1541.2566,404.3296,1.0,0.09295028
1535.3391,675.10864,1511.3873,746.4634,1.0,0.06789417
1785.0908,1274.8938,1707.9191,1365.8307,1.0,0.033794962
518.1759,1297.597,443.83563,1277.9916,1.0,0.008482844
651.15594,27.910538,686.98663,24.729359,1.0,0.021763207
651.15594,27.910538,686.98663,24.729359,1.0,0.021763207
1535.3391,675.10864,1511.3873,746.4634,1.0,0.06789417
651.15594,27.910538,686.98663,24.729359,1.0,0.021763207
1784.6954,1119.7115,1721.191,1211.288,1.0,0.19323623
1784.6633,1748.449,1666.3794,1837.4808,1.0,0.17842625
518.0514,549.0553,508.9897,532.30286,1.0,0.044067774
518.0514,549.0553,508.9897,532.30286,1.0,0.044067774
518.01025,360.81158,525.42267,344.58948,1.0,0.20617099
226.66043,1399.4822,144.41986,1354.0814,1.0,0.12507729
518.01025,360.81158,525.42267,344.58948,1.0,0.20617099
1535.5923,848.06274,1496.5552,918.8381,1.0,0.010437725
517.8333,1690.0918,409.25668,1669.0028,1.0,0.04102784
517.8333,1690.0918,409.25668,1669.0028,1.0,0.04102784
226.9696,183.39229,250.91502,142.62115,1.0,0.07984649
1535.5923,848.06274,1496.5552,918.8381,1.0,0.010437725
1416.5853,986.10443,1365.9727,1046.0049,1.0,0.012406812
1415.9265,1934.9646,1282.6506,1991.16,1.0,0.04355174
651.7501,1977.352,517.67035,1966.8009,1.0,0.01974749
1784.328,551.0145,1770.0577,644.4871,1.0,0.21434963
1199.8567,260.54675,1213.3334,304.2883,1.0,0.036060415
651.7959,1943.6106,520.63684,1933.175,1.0,0.024591412
651.80176,680.5329,630.72797,674.8965,1.0,0.032298904
651.80176,680.5329,630.72797,674.8965,1.0,0.032298904
873.60364,1586.8455,772.6841,1597.0665,1.0,0.058682818
873.47534,1118.4788,813.4344,1130.5039,1.0,0.051181138
1536.7723,260.44577,1549.1478,333.53537,1.0,0.20601423
1783.8484,989.63837,1731.4949,1081.4838,1.0,0.050421394
873.47534,1118.4788,813.4344,1130.5039,1.0,0.051181138
516.6245,1993.2018,381.6487,1970.7936,1.0,0.02944755
1200.5548,281.1968,1212.1776,324.93317,1.0,0.021388121
1536.8153,734.65936,1507.6895,805.993,1.0,0.03367371
652.3173,1836.6625,530.4922,1826.6603,1.0,0.04549441
516.56,1613.5493,414.6795,1592.5629,1.0,0.045020822
872.96484,1067.0723,817.7344,1079.8735,1.0,0.7071811
652.3173,1836.6625,530.4922,1826.6603,1.0,0.04549441
1536.9226,1559.6458,1435.9186,1627.8134,1.0,0.0625878
872.83453,1352.4093,792.4291,1363.4813,1.0,0.07349606
1536.9226,1559.6458,1435.9186,1627.8134,1.0,0.0625878
1415.3566,1578.5929,1313.1246,1636.1145,1.0,0.018427767
228.51761,1106.0153,171.95294,1061.915,1.0,0.024170615
228.51761,1106.0153,171.95294,1061.915,1.0,0.024170615
872.6355,963.0783,826.08624,975.62714,1.0,0.021561312
228.91281,1860.9851,106.59276,1814.0125,1.0,0.033141248
228.91281,1860.9851,106.59276,1814.0125,1.0,0.033141248
872.6355,963.0783,826.08624,975.62714,1.0,0.021561312
1200.8351,372.69833,1204.4346,416.1744,1.0,0.08898449
652.88257,1231.3527,583.83075,1223.7708,1.0,0.040259015
652.9236,1028.7495,601.55896,1021.85626,1.0,0.087266274
1783.1084,886.5548,1739.8243,978.75275,1.0,0.05167959
515.58374,1289.7656,441.89392,1269.9025,1.0,0.077889755
653.4436,1812.8677,533.6524,1803.0286,1.0,0.07292095
515.208,807.41907,483.5896,789.36444,1.0,0.063006766
653.59015,736.05835,627.6671,730.374,1.0,0.025025977
515.0323,1990.9316,380.1886,1968.2433,1.0,0.19580731
653.5985,738.83746,627.3824,733.31085,1.0,0.15297806
653.5985,738.83746,627.3824,733.31085,1.0,0.15297806
653.6525,966.99384,607.5869,960.43726,1.0,0.030302588
1782.6785,1168.1171,1714.838,1259.1725,1.0,0.056980167
1782.6785,1168.1171,1714.838,1259.1725,1.0,0.056980167
1201.243,358.5441,1206.1885,402.011,1.0,0.06167659
872.166,1866.3997,746.9953,1875.4824,1.0,0.09611254
514.8262,1679.9031,407.1586,1658.5153,1.0,0.04528611
514.8237,786.9964,485.02335,769.0015,1.0,0.056024622
514.8237,786.9964,485.02335,769.0015,1.0,0.056024622
872.024,452.31992,870.01776,466.73126,1.0,0.048848424
1782.5398,1172.523,1714.3323,1263.5713,1.0,0.054393113
229.89954,1277.1781,158.46812,1232.6311,1.0,0.10538819
229.90094,967.3237,185.43596,923.7992,1.0,0.058018904
229.90094,967.3237,185.43596,923.7992,1.0,0.058018904
229.90181,1243.413,161.2823,1198.7952,1.0,0.13761136
872.024,452.31992,870.01776,466.73126,1.0,0.048848424
230.05168,1613.799,129.30215,1567.8469,1.0,0.06969309
1201.4331,488.79245,1195.0482,531.80084,1.0,0.0712876
1201.4331,488.79245,1195.0482,531.80084,1.0,0.0712876
1413.8547,1152.2883,1348.7639,1211.2855,1.0,0.020954179
1413.8547,1152.2883,1348.7639,1211.2855,1.0,0.020954179
514.59784,1132.2191,454.65457,1112.8832,1.0,0.060626686
871.88043,1065.1416,816.58215,1077.2357,1.0,0.13432644
871.88043,1065.1416,816.58215,1077.2357,1.0,0.13432644
514.551,1109.6061,456.59976,1090.3865,1.0,0.020973371
514.493,1485.4629,423.85187,1464.6017,1.0,0.23566405
1538.0957,340.74164,1543.2777,413.63104,1.0,0.046861418
654.2039,1581.747,554.61255,1572.8624,1.0,0.07058327
654.29443,1085.2655,597.99554,1078.3215,1.0,0.060649417
654.29443,1085.2655,597.99554,1078.3215,1.0,0.060649417
654.29443,1085.2655,597.99554,1078.3215,1.0,0.060649417
1538.2551,364.62402,1541.3658,437.45856,1.0,0.032910813
1538.3405,518.90894,1528.0571,591.1804,1.0,0.0769175
1781.9934,1801.7932,1657.5056,1891.9022,1.0,2.0282607
514.02924,620.4932,498.73688,603.0981,1.0,0.0263404
1413.4862,1850.1401,1287.5448,1906.4685,1.0,0.03217149
1781.9934,1801.7932,1657.5056,1891.9022,1.0,2.0282607
513.8874,2005.0565,377.9226,1982.2867,1.0,0.107988834
1781.638,403.70615,1780.4431,497.6195,1.0,0.050984498
1781.5983,424.92825,1778.4885,518.76575,1.0,0.0151575
231.01413,1272.3984,160.00797,1227.8112,1.0,0.075767815
231.24371,1075.5873,177.37424,1031.7941,1.0,0.046777345
1539.0465,1829.8362,1414.4597,1897.1353,1.0,0.060252056
1780.9916,1141.3497,1715.5063,1232.4016,1.0,0.04784549
1412.7805,1510.1843,1316.6288,1567.7041,1.0,0.1327932
1780.7532,1081.8458,1720.5925,1173.1278,1.0,0.18586498
655.47833,467.4636,652.9913,462.95212,1.0,0.048623573
1202.1266,712.6193,1176.1855,754.8041,1.0,0.057534788
655.47833,467.4636,652.9913,462.95212,1.0,0.048623573
655.47833,467.4636,652.9913,462.95212,1.0,0.048623573
1539.3683,1551.5033,1439.0521,1619.9822,1.0,0.06012505
1539.4749,1255.5074,1464.902,1325.0544,1.0,0.028461237
655.7282,1727.533,543.35956,1718.2815,1.0,0.02920773
513.0114,1671.8005,406.06714,1650.264,1.0,0.06414404
232.00354,748.33044,206.6844,705.8498,1.0,0.07215001
1539.4749,1255.5074,1464.902,1325.0544,1.0,0.028461237
232.06964,171.24991,256.97388,130.98561,1.0,0.017481385
1539.5513,229.40718,1554.6865,302.99548,1.0,0.28728193
512.7285,1151.4966,451.16696,1131.9519,1.0,0.040202715
232.3231,1633.9587,129.81874,1588.1298,1.0,0.07810984
512.7285,1151.4966,451.16696,1131.9519,1.0,0.040202715
1539.9902,1196.4576,1470.5616,1266.2496,1.0,0.05235735
512.3516,1350.1858,433.45944,1329.8195,1.0,0.06183813
512.3516,1350.1858,433.45944,1329.8195,1.0,0.06183813
232.45352,1838.3726,112.09922,1791.801,1.0,0.03757645
232.45352,1838.3726,112.09922,1791.801,1.0,0.03757645
1412.1772,691.4123,1387.2587,751.9668,1.0,0.0710981
1539.998,419.47134,1538.2405,492.23035,1.0,0.071332216
232.55156,95.48697,264.09042,55.539818,1.0,0.039303202
232.55156,95.48697,264.09042,55.539818,1.0,0.039303202
232.58998,869.03735,196.7212,826.13086,1.0,0.061559156
232.67744,1661.0831,127.795456,1615.2003,1.0,0.059534032
1203.0007,1619.4342,1097.9893,1658.3513,1.0,0.054847077
232.81123,842.5707,199.23178,799.79297,1.0,0.045028858
232.87593,1959.6177,101.928314,1912.6035,1.0,0.032821488
1203.0007,1619.4342,1097.9893,1658.3513,1.0,0.054847077
511.8985,459.29578,510.65268,442.32825,1.0,0.01737962
1779.6786,614.87506,1760.0042,707.7953,1.0,0.041544277
233.08495,1262.3793,162.90787,1218.068,1.0,0.013772086
233.08495,1262.3793,162.90787,1218.068,1.0,0.013772086
233.09102,312.28387,245.8307,271.5925,1.0,0.124364875
1540.4242,1401.6595,1453.1598,1470.7487,1.0,0.04181937
1540.4242,1401.6595,1453.1598,1470.7487,1.0,0.04181937
1779.5521,1746.1432,1661.2994,1834.721,1.0,0.054987766
511.65433,1216.9432,444.39062,1197.0388,1.0,0.05209322
511.65433,1216.9432,444.39062,1197.0388,1.0,0.05209322
511.65433,1216.9432,444.39062,1197.0388,1.0,0.05209322
870.0654,39.897446,903.9874,55.725372,1.0,0.030219365
1540.4242,1401.6595,1453.1598,1470.7487,1.0,0.04181937
511.56958,1044.8868,459.23163,1025.6534,1.0,0.047827423
233.47006,383.63943,239.82765,342.6384,1.0,0.07638156
233.47006,383.63943,239.82765,342.6384,1.0,0.07638156
511.56958,1044.8868,459.23163,1025.6534,1.0,0.047827423
1779.31,1271.7207,1702.4489,1362.124,1.0,0.029973669
511.46976,884.04926,473.2302,865.4017,1.0,0.05317812
1411.787,1611.0449,1306.7648,1668.098,1.0,0.05735824
1411.787,1611.0449,1306.7648,1668.098,1.0,0.05735824
1203.5966,1260.8044,1129.8625,1301.0208,1.0,0.06485335
511.11743,1709.4541,400.88885,1687.6118,1.0,0.06311038
1411.0574,1511.7166,1314.8232,1568.9907,1.0,0.21575291
510.97855,1553.8679,414.24323,1532.5771,1.0,0.12168004
657.74835,1251.8557,586.75354,1244.4915,1.0,0.14820708
869.51544,580.36487,856.3664,594.1183,1.0,0.02220019
657.74835,1251.8557,586.75354,1244.4915,1.0,0.14820708
1410.4626,1031.1652,1355.9545,1090.2676,1.0,0.08170809
1410.091,1621.1053,1304.1415,1677.9885,1.0,0.027225785
1410.0571,247.72475,1423.9149,309.85748,1.0,0.09442904
510.44586,507.0855,505.02875,489.81415,1.0,0.007358787
1778.8661,1517.6943,1680.7758,1607.6217,1.0,0.54056686
1204.3341,974.9513,1155.5988,1016.3135,1.0,0.12224104
1409.3679,236.211,1424.186,298.37064,1.0,0.06742581
1409.0779,340.50827,1414.6538,402.16852,1.0,0.10896607
1408.9569,757.6835,1378.3042,817.7445,1.0,0.040673647
1778.4385,1105.6534,1716.0184,1196.6051,1.0,0.021109695
1542.042,1176.5219,1474.422,1246.6099,1.0,0.06957151
1408.8289,1646.4706,1300.6754,1703.2042,1.0,0.036503922
867.8,1453.9939,778.5117,1464.2188,1.0,0.056360275
509.54892,336.97565,519.01636,320.2549,1.0,0.06167965
867.8,1453.9939,778.5117,1464.2188,1.0,0.056360275
235.098,1396.9548,153.21632,1352.2262,1.0,0.09238256
509.54227,590.56805,496.9757,572.8722,1.0,0.12904805
235.12347,511.93536,230.32916,470.6245,1.0,0.032401018
235.12347,511.93536,230.32916,470.6245,1.0,0.032401018
235.15648,63.345078,269.43686,23.78332,1.0,0.024564303
867.8,1453.9939,778.5117,1464.2188,1.0,0.056360275
235.24167,940.5219,193.1609,897.66003,1.0,0.076247945
659.33344,1132.7703,598.85114,1126.0278,1.0,0.08145551
509.1581,953.8696,464.77008,934.8015,1.0,0.03600279
659.4269,174.90848,682.37286,171.91078,1.0,0.026950395
659.7144,758.0179,631.82733,752.8399,1.0,0.043980096
1204.6329,304.9866,1214.1736,348.95865,1.0,0.037879188
659.8973,1713.4038,548.83856,1704.5444,1.0,0.07236669
509.0085,166.33606,533.35187,150.38553,1.0,0.15344922
1777.8552,1319.727,1696.8326,1409.8214,1.0,0.046185993
235.66385,1464.6261,147.84465,1419.9269,1.0,0.15769744
235.66385,1464.6261,147.84465,1419.9269,1.0,0.15769744
509.0085,166.33606,533.35187,150.38553,1.0,0.15344922
1777.3373,1835.9161,1651.329,1923.9762,1.0,0.05841444
1407.816,51.95868,1438.6272,114.67542,1.0,0.044393916
867.5023,1706.0541,756.3808,1715.3263,1.0,0.15369017
1777.3373,1835.9161,1651.329,1923.9762,1.0,0.05841444
1204.7705,171.88675,1225.9332,216.42981,1.0,0.019203445
1542.5466,1245.712,1468.895,1315.4686,1.0,0.14055388
660.13635,370.2787,666.1292,366.56094,1.0,0.06067187
1407.7972,728.482,1379.7373,788.5508,1.0,0.07664742
1407.7972,728.482,1379.7373,788.5508,1.0,0.07664742
1407.4628,224.15002,1423.1729,286.13126,1.0,0.11835836
1205.1603,1224.1031,1134.6107,1264.7836,1.0,0.124707
1542.8123,522.8327,1532.0781,595.4265,1.0,0.060753744
1777.1774,1069.0796,1717.9877,1160.093,1.0,0.03241145
1542.8123,522.8327,1532.0781,595.4265,1.0,0.060753744
236.1181,1419.7073,152.26164,1375.0134,1.0,0.07516699
508.03964,1671.5797,401.45364,1650.581,1.0,0.9596506
507.99576,1605.8402,406.88934,1584.1904,1.0,0.06576159
1542.8727,1956.1023,1407.3872,2023.2676,1.0,0.15632327
507.89374,1030.8784,456.86316,1011.39355,1.0,0.029842837
507.89374,1030.8784,456.86316,1011.39355,1.0,0.029842837
1407.3845,228.64883,1422.8474,290.56677,1.0,0.057442255
1407.3845,228.64883,1422.8474,290.56677,1.0,0.057442255
507.6745,1475.7725,417.83105,1454.5076,1.0,0.07370248
1776.9894,1298.2887,1697.8684,1388.3989,1.0,0.074601844
660.6947,734.10754,634.92865,729.02893,1.0,0.046738744
1407.2797,1402.8228,1320.5146,1460.2834,1.0,0.13790219
660.9465,633.6235,643.98895,628.9487,1.0,0.07706323
866.2067,1704.7043,755.168,1713.755,1.0,0.1754491
1407.1716,429.65054,1405.1426,490.8282,1.0,0.053055044
1205.9935,156.3021,1228.6791,200.88242,1.0,0.20964321
1543.742,370.59506,1546.2753,443.8311,1.0,0.07798557
506.95963,1392.9972,424.4761,1372.0131,1.0,0.14102362
237.08522,779.7202,208.96295,737.6253,1.0,0.03604157
237.08522,779.7202,208.96295,737.6253,1.0,0.03604157
1407.1191,955.68567,1359.2094,1014.79755,1.0,0.069623
1406.9302,739.52496,1377.8567,799.4958,1.0,0.020327639
1543.8541,284.3111,1553.9954,357.96222,1.0,0.07556153
865.9233,858.8053,828.5812,871.11316,1.0,0.109584235
506.74728,1174.3038,443.2238,1154.1473,1.0,0.044959024
1776.4805,468.50043,1769.6525,561.601,1.0,0.13209638
1776.4805,468.50043,1769.6525,561.601,1.0,0.13209638
661.3539,608.08563,646.5656,603.512,1.0,0.07793709
237.2969,791.44037,208.17618,749.2695,1.0,0.044979226
237.4028,1121.8331,179.43407,1078.3992,1.0,0.035046674
237.46649,1464.6152,149.56116,1419.8512,1.0,0.09655021
865.77545,983.04785,817.54456,995.0131,1.0,0.074885756
1206.2078,352.03122,1211.6803,395.7865,1.0,0.211695
1406.9302,739.52496,1377.8567,799.4958,1.0,0.020327639
506.2095,1667.2367,399.68597,1645.1707,1.0,0.019534897
506.00287,2028.8218,367.99695,2005.3337,1.0,0.051712386
661.662,1184.0819,596.6767,1177.372,1.0,0.05059737
661.81415,765.72534,633.31586,760.5813,1.0,0.09603553
1544.4868,1688.8888,1432.1749,1757.2705,1.0,0.046625745
661.874,1591.2623,561.32385,1583.0891,1.0,0.066250004
505.62427,1802.434,387.34326,1779.7609,1.0,0.061750114
1775.6049,1794.764,1653.2167,1882.7949,1.0,0.10160306
1206.5305,1168.4967,1140.7592,1209.3335,1.0,0.077152014
1775.5734,1926.1943,1641.76,2013.6902,1.0,0.14527172
1456.4114,835.701,1418.698,899.6398,1.0,0.055378266
238.03998,1966.0481,106.53097,1919.3857,1.0,0.108923614
1775.5734,1926.1943,1641.76,2013.6902,1.0,0.14527172
1206.798,505.26294,1199.145,548.56006,1.0,0.2903407
505.24158,1525.351,411.12878,1503.7257,1.0,0.04659059
1406.4456,1484.6088,1312.4863,1541.6757,1.0,0.076950885
1775.4294,718.71173,1746.751,810.8637,1.0,0.029266851
1775.4294,718.71173,1746.751,810.8637,1.0,0.029266851
662.1501,1951.3698,530.2746,1941.8179,1.0,0.014008333
505.11694,1650.6437,400.0497,1628.5544,1.0,0.009313413
865.3797,1018.48004,814.0845,1030.1475,1.0,0.0722781
1775.4274,1654.4696,1665.2217,1743.088,1.0,0.027153444
505.11075,800.741,474.15274,781.87946,1.0,0.036774177
505.11075,800.741,474.15274,781.87946,1.0,0.036774177
865.2449,1354.0402,784.68274,1364.4246,1.0,0.0563078
865.2449,1354.0402,784.68274,1364.4246,1.0,0.0563078
1207.0421,991.6567,1156.7927,1033.3337,1.0,0.08978411
1207.0648,1454.1119,1116.4602,1493.9292,1.0,0.029468289
1207.0648,1454.1119,1116.4602,1493.9292,1.0,0.029468289
1406.1143,1894.011,1276.3954,1949.4778,1.0,0.055838995
238.79039,2017.6068,102.800705,1970.8768,1.0,0.06151767
1545.3087,1069.4946,1486.9163,1140.3143,1.0,0.03531568
662.5415,397.82666,666.1187,394.24002,1.0,0.051828813
504.82965,1063.0518,451.01035,1043.1162,1.0,0.07418993
1207.2891,489.08652,1200.7566,532.65,1.0,0.040282834
504.82965,1063.0518,451.01035,1043.1162,1.0,0.07418993
1207.2891,489.08652,1200.7566,532.65,1.0,0.040282834
239.0635,1421.846,154.9509,1377.6122,1.0,0.16369732
239.0635,1421.846,154.9509,1377.6122,1.0,0.16369732
504.7414,685.32056,483.83176,666.8491,1.0,0.03813971
1207.385,1956.8405,1072.9745,1994.787,1.0,0.020638548
504.7246,1419.4977,419.8531,1398.2031,1.0,0.07593721
662.7925,147.95085,688.128,145.29408,1.0,0.0494649
1405.441,1916.0204,1273.8623,1971.3083,1.0,0.09978552
239.4049,1776.035,124.453926,1730.3192,1.0,0.031968094
864.0208,1753.3623,748.6317,1762.138,1.0,0.03435797
504.47803,1560.1033,406.97473,1538.7786,1.0,0.57223296
504.3569,1926.803,375.23767,1903.6161,1.0,0.015965594
1405.1998,568.60004,1390.9689,629.0799,1.0,0.047007214
1405.1998,568.60004,1390.9689,629.0799,1.0,0.047007214
1208.3497,550.61237,1196.5254,593.8817,1.0,0.13435584
1208.3497,550.61237,1196.5254,593.8817,1.0,0.13435584
1545.563,490.65,1537.6659,563.6453,1.0,0.033666905
504.1025,1560.6467,406.97473,1538.7786,1.0,0.099473305
1774.0742,1773.4781,1653.4596,1861.4893,1.0,0.041033786
504.1025,1560.6467,406.97473,1538.7786,1.0,0.099473305
1774.0742,1773.4781,1653.4596,1861.4893,1.0,0.041033786
1545.5824,1845.1007,1419.5895,1912.9285,1.0,0.040199887
663.52625,1481.6271,572.6152,1473.9856,1.0,0.028527979
503.9377,1270.2461,432.04184,1249.4485,1.0,0.06327156
1404.9161,358.97266,1408.9923,420.13873,1.0,0.09230046
503.66992,200.03194,524.98193,183.27971,1.0,0.08731505
503.66202,1255.663,432.97552,1234.9799,1.0,0.055423282
1208.7938,330.34592,1216.1788,374.57703,1.0,0.070745885
503.66202,1255.663,432.97552,1234.9799,1.0,0.055423282
1209.0591,102.95005,1236.2158,148.0675,1.0,0.04565691
863.2888,517.5903,855.6096,530.977,1.0,0.06153219
1545.7992,59.857616,1575.4508,134.55759,1.0,0.03999829
1209.0591,102.95005,1236.2158,148.0675,1.0,0.04565691
663.9242,1349.2675,584.56494,1342.155,1.0,0.048234962
663.9242,1349.2675,584.56494,1342.155,1.0,0.048234962
1545.988,122.54884,1570.1871,197.0018,1.0,0.04309225
1546.0066,231.42256,1560.7346,305.4429,1.0,0.064102635
1773.1403,1839.2002,1646.7776,1926.8706,1.0,0.060948424
1546.5964,1559.6421,1445.514,1628.6659,1.0,0.020052254
863.0161,1187.3091,796.97845,1198.1498,1.0,0.036043055
503.16357,822.6321,470.25443,803.5101,1.0,0.028156282
1546.7717,943.55676,1499.4036,1014.9536,1.0,0.034424316
503.0082,1282.6721,430.06952,1261.8002,1.0,0.0486564
1772.9119,1192.1968,1702.994,1282.3522,1.0,0.016416075
1404.4845,220.07812,1420.62,281.8555,1.0,0.065375604
1547.078,295.9734,1556.1124,369.82883,1.0,0.032349337
241.08842,1596.0553,141.81497,1551.1517,1.0,0.035490263
862.92053,635.86084,844.93304,648.798,1.0,0.029300181
1209.2461,1784.2412,1089.8187,1822.994,1.0,0.04752362
1404.1257,1411.0206,1316.5653,1468.1654,1.0,0.05809431
1404.1257,1411.0206,1316.5653,1468.1654,1.0,0.05809431
862.7697,5.2984138,899.78546,20.638876,1.0,0.04259407
665.0043,719.5944,640.4942,714.96954,1.0,0.028676977
862.7051,365.56964,868.29675,379.52856,1.0,0.023482122
502.54163,1852.1991,379.85956,1829.1144,1.0,0.061127562
502.54163,1852.1991,379.85956,1829.1144,1.0,0.061127562
1404.1245,1180.9393,1336.5604,1238.9607,1.0,0.04241904
665.23956,825.02,631.43634,819.976,1.0,0.10581118
1547.5634,958.30664,1498.8237,1029.6227,1.0,0.1054265
1404.1245,1180.9393,1336.5604,1238.9607,1.0,0.04241904
862.2547,1005.90894,812.06805,1017.40784,1.0,0.045483027
862.2404,590.8579,848.22626,603.91705,1.0,0.047733396
862.2404,590.8579,848.22626,603.91705,1.0,0.047733396
862.2404,590.8579,848.22626,603.91705,1.0,0.047733396
241.97638,1877.8998,118.1449,1831.9828,1.0,0.054685175
241.97638,1877.8998,118.1449,1831.9828,1.0,0.054685175
241.97638,1877.8998,118.1449,1831.9828,1.0,0.054685175
242.0801,651.51215,225.08664,610.327,1.0,0.020267555
862.0873,500.15875,855.983,513.52826,1.0,0.06278382
1404.0664,361.99185,1407.8937,423.09784,1.0,0.06619274
1209.9657,335.28564,1217.0543,379.4384,1.0,0.28241238
861.8192,1088.9315,804.4841,1099.899,1.0,0.2216171
242.3,1582.9379,144.16411,1538.1951,1.0,0.03192238
1772.145,1200.9586,1701.4302,1290.9788,1.0,0.04482441
1772.1401,962.2589,1722.247,1053.1912,1.0,0.035653308
1772.1401,962.2589,1722.247,1053.1912,1.0,0.035653308
502.0298,1157.9763,439.94052,1137.4999,1.0,0.025779461
1210.0426,1192.5374,1142.3027,1233.5613,1.0,0.11241834
502.0298,1157.9763,439.94052,1137.4999,1.0,0.025779461
501.98935,380.2088,507.7435,362.6842,1.0,0.082299896
501.7378,1994.6857,366.72818,1970.9943,1.0,0.029287018
242.38007,714.225,219.95744,672.85876,1.0,0.057370353
665.6851,274.51382,679.9711,271.61633,1.0,0.054404214
242.4572,1237.2478,174.44257,1193.8245,1.0,0.03228783
242.4572,1237.2478,174.44257,1193.8245,1.0,0.03228783
242.46646,228.79657,262.36288,189.26103,1.0,0.04773292
242.5869,933.84784,201.39453,891.4386,1.0,0.43803567
665.8045,1396.0784,582.27246,1388.9683,1.0,0.04208032
242.8624,933.6999,201.39453,891.4386,1.0,0.12538211
243.0371,771.0879,215.65709,729.4966,1.0,0.034048077
243.03752,1614.3092,142.0808,1569.4949,1.0,0.06326491
1211.2057,1605.3595,1107.395,1644.9828,1.0,0.009965005
1211.2057,1605.3595,1107.395,1644.9828,1.0,0.009965005
243.17656,1722.4916,132.83446,1677.285,1.0,0.026075557
243.20526,630.7398,228.07083,589.70557,1.0,0.044636745
243.20526,630.7398,228.07083,589.70557,1.0,0.044636745
1211.4596,191.98116,1230.8363,236.99254,1.0,0.020947866
665.82935,729.7166,640.4954,725.09076,1.0,0.097524956
1548.9348,1706.9965,1435.0175,1775.6089,1.0,0.07476306
1403.4104,435.39,1400.9197,496.30075,1.0,0.107254885
1403.4104,435.39,1400.9197,496.30075,1.0,0.107254885
1549.2307,1684.6372,1437.2327,1753.4574,1.0,0.029360384
1403.3402,889.48444,1361.1848,948.5622,1.0,0.026372273
860.4754,1129.2012,799.47144,1140.0593,1.0,0.037353516
860.4754,1129.2012,799.47144,1140.0593,1.0,0.037353516
860.40643,1047.4452,806.59235,1058.5146,1.0,0.11561446
1403.3402,889.48444,1361.1848,948.5622,1.0,0.026372273
1211.9324,1092.6848,1152.8309,1134.3773,1.0,0.05236247
1771.51,694.57416,1744.8416,786.34393,1.0,0.19604573
1403.3269,285.41577,1413.8434,346.81433,1.0,0.012464666
1549.8118,1594.7747,1445.6113,1664.0336,1.0,0.08068266
666.6348,368.93997,672.6352,365.80026,1.0,0.030791072
1549.9738,177.28497,1569.2949,251.91501,1.0,0.06227722
244.16403,1912.0448,117.33696,1866.1592,1.0,0.07286482
1549.9738,177.28497,1569.2949,251.91501,1.0,0.06227722
500.24948,1656.6045,394.65875,1634.0,1.0,0.08121367
500.24948,1656.6045,394.65875,1634.0,1.0,0.08121367
666.6348,368.93997,672.6352,365.80026,1.0,0.030791072
1770.7501,1208.3582,1699.4323,1298.2721,1.0,0.016314093
500.02698,505.52515,494.87567,487.37216,1.0,0.092113174
500.02698,505.52515,494.87567,487.37216,1.0,0.092113174
1550.4481,373.49347,1552.7765,447.296,1.0,0.103556015
1550.4924,148.5577,1572.3417,223.34843,1.0,0.05003566
244.70992,1376.6924,164.5693,1332.9786,1.0,0.0608298
244.70992,1376.6924,164.5693,1332.9786,1.0,0.0608298
1770.5284,617.70337,1750.6897,709.82825,1.0,0.020366088
1770.3444,1241.1274,1696.1421,1330.893,1.0,0.020741899
1770.3423,88.27767,1796.66,182.38899,1.0,0.038258526
1402.9633,1958.9215,1267.6256,2013.8844,1.0,0.038603954
666.9145,1812.8121,547.0699,1804.1566,1.0,0.06682109
499.65836,1465.4943,410.79202,1443.5988,1.0,0.060665905
859.4592,58.031086,891.8082,72.928154,1.0,0.054337736
1402.9633,1958.9215,1267.6256,2013.8844,1.0,0.038603954
667.1044,92.95702,697.3181,90.968025,1.0,0.14179447
667.1044,92.95702,697.3181,90.968025,1.0,0.14179447
1402.9633,1958.9215,1267.6256,2013.8844,1.0,0.038603954
1769.5316,1221.8849,1696.997,1311.6196,1.0,0.031960282
859.1918,1500.6069,765.8744,1509.9396,1.0,0.02603255
1213.0863,1011.06055,1161.0834,1053.0829,1.0,0.03743262
1552.1752,1176.9451,1484.4503,1247.8823,1.0,0.05786931
1402.4187,935.84576,1356.2699,994.6029,1.0,0.09348285
1213.2885,162.30324,1235.2794,207.62096,1.0,0.03625952
498.7779,311.4351,510.45908,293.86432,1.0,0.034386054
1213.3304,313.58798,1222.1309,358.3168,1.0,0.029060058
1552.1812,1716.6508,1437.3849,1785.5599,1.0,0.018387696
1402.4187,935.84576,1356.2699,994.6029,1.0,0.09348285
1214.0905,498.37546,1206.7864,542.47314,1.0,0.032533113
1214.0905,498.37546,1206.7864,542.47314,1.0,0.032533113
498.59732,1448.5735,411.29868,1426.5881,1.0,0.16806962
1402.405,1632.6493,1295.5253,1688.7719,1.0,0.07663858
1401.7975,158.05217,1423.3813,219.78954,1.0,0.029561501
245.79797,759.0323,219.3605,717.82367,1.0,0.104699224
1768.8434,1464.4965,1675.2194,1553.1956,1.0,0.074908316
245.92891,1449.5875,159.38179,1405.6565,1.0,0.027706886
1552.749,296.49335,1561.7465,370.91626,1.0,0.0509712
245.99199,207.06982,267.83215,167.93236,1.0,0.10917499
858.3926,1659.0801,751.2537,1667.7784,1.0,0.021414295
1552.749,296.49335,1561.7465,370.91626,1.0,0.0509712
1401.383,1474.1699,1308.2461,1530.9177,1.0,0.05886802
1552.8549,235.87086,1567.1349,310.43378,1.0,0.06298823
497.6057,999.485,449.21872,979.1395,1.0,0.13522527
497.56274,330.62698,507.6269,312.8122,1.0,0.11299852
1552.8549,235.87086,1567.1349,310.43378,1.0,0.06298823
1400.9926,1235.3159,1328.7213,1292.8779,1.0,0.019721063
246.20341,1702.4144,137.73956,1657.4885,1.0,0.1529869
669.3558,741.4353,642.9133,737.1615,1.0,0.032591
669.3558,741.4353,642.9133,737.1615,1.0,0.032591
246.25778,1898.6722,120.58666,1853.0881,1.0,0.026457284
1400.8961,1189.1677,1332.6185,1246.9392,1.0,0.03314743
497.26926,1866.022,373.44836,1842.3705,1.0,0.06926472
1400.724,108.71,1426.6005,170.58525,1.0,0.049033117
246.51587,795.3401,216.96425,753.98755,1.0,0.018715918
246.51587,795.3401,216.96425,753.98755,1.0,0.018715918
246.55785,1293.3376,173.59781,1250.0626,1.0,0.027837183
1553.3724,350.24857,1557.8444,424.2924,1.0,0.26534867
496.70462,1983.5419,362.6348,1959.4579,1.0,0.022677826
1553.4517,350.1655,1557.8444,424.2924,1.0,0.15093681
857.7622,1396.5221,773.5476,1406.1335,1.0,0.045835126
1400.2749,577.97986,1385.3217,637.95746,1.0,0.05163246
1400.2749,577.97986,1385.3217,637.95746,1.0,0.05163246
1215.2476,1794.5605,1095.009,1833.7875,1.0,0.08140122
1215.2476,1794.5605,1095.009,1833.7875,1.0,0.08140122
1400.2749,577.97986,1385.3217,637.95746,1.0,0.05163246
1767.9604,1374.0131,1682.2247,1463.0336,1.0,0.029968945
669.9232,233.58109,687.8076,231.29356,1.0,0.08056491
496.2493,1904.9497,369.11618,1881.118,1.0,0.06381896
496.12756,1385.4333,414.2358,1363.529,1.0,0.05580617
496.12756,1385.4333,414.2358,1363.529,1.0,0.05580617
1767.8093,1513.9242,1669.8601,1602.3992,1.0,0.016946683
1553.874,1505.8672,1457.4131,1575.7047,1.0,0.044760372
1767.8093,1513.9242,1669.8601,1602.3992,1.0,0.016946683
1767.8093,1513.9242,1669.8601,1602.3992,1.0,0.016946683
1767.8093,1513.9242,1669.8601,1602.3992,1.0,0.016946683
1767.4708,1870.0349,1638.5323,1957.0807,1.0,0.07983996
1554.2361,980.1894,1503.5571,1052.0078,1.0,0.10512182
1215.506,1438.2866,1126.2882,1478.9713,1.0,0.060078688
1400.0988,818.8623,1364.1575,877.9192,1.0,0.046926986
495.73575,1700.2115,386.45816,1677.0967,1.0,0.07776293
1554.326,720.7024,1526.2959,793.5808,1.0,0.032992255
1400.0988,818.8623,1364.1575,877.9192,1.0,0.046926986
1215.562,1825.8295,1092.5925,1864.9496,1.0,0.08587514
495.49576,1676.9309,388.1921,1653.8982,1.0,0.02150907
1554.5834,1646.723,1445.9536,1716.1093,1.0,0.08890817
1216.0953,967.77374,1168.0049,1010.17883,1.0,0.18249251
670.2444,1125.8251,610.28577,1120.1294,1.0,0.007301805
248.10428,786.1084,219.332,744.8871,1.0,0.04593012
1554.5834,1646.723,1445.9536,1716.1093,1.0,0.08890817
1554.5834,1646.723,1445.9536,1716.1093,1.0,0.08890817
1554.6388,106.66384,1580.0903,181.88196,1.0,0.074278995
248.37935,1983.1232,115.35526,1937.3899,1.0,0.04358562
1216.155,42.63178,1248.5074,88.78921,1.0,0.14948723
1216.5543,1583.8328,1114.6674,1623.9634,1.0,0.079805605
495.18582,1738.8533,382.47665,1715.4161,1.0,0.15601926
856.3701,451.3543,854.50256,464.3992,1.0,0.05323767
248.56271,249.9693,266.56754,210.87221,1.0,0.02171797
248.61188,153.68736,275.0125,114.881584,1.0,0.06957847
1766.8314,1554.2416,1665.3453,1642.5176,1.0,0.031884663
856.36383,236.18192,873.26196,250.02605,1.0,0.07458529
856.36383,236.18192,873.26196,250.02605,1.0,0.07458529
1766.6523,1890.4641,1635.9048,1977.3704,1.0,0.054970417
1766.6523,1890.4641,1635.9048,1977.3704,1.0,0.054970417
494.78125,180.00397,517.9268,162.56848,1.0,0.050838776
1766.5111,1016.7096,1712.007,1106.925,1.0,0.12299564
494.78125,180.00397,517.9268,162.56848,1.0,0.050838776
1766.2377,246.53671,1778.7512,339.69864,1.0,0.015020106
855.87286,1723.0682,743.57196,1731.3022,1.0,0.41195077
249.11638,855.91205,214.33926,814.4788,1.0,0.081573695
855.87286,1723.0682,743.57196,1731.3022,1.0,0.41195077
1399.8025,225.7404,1415.5757,287.0127,1.0,0.071948305
1766.109,62.366688,1794.6713,156.22757,1.0,0.0056718583
1399.6603,259.59445,1412.4343,320.75027,1.0,0.022678504
855.71893,796.8965,823.67224,808.6376,1.0,0.058194295
671.45917,1138.9567,610.3654,1133.3411,1.0,0.02142334
855.71893,796.8965,823.67224,808.6376,1.0,0.058194295
494.03278,738.60187,468.62045,718.9498,1.0,0.14339557
1555.9755,299.1774,1564.5671,373.81628,1.0,0.13262902
1556.444,1055.4539,1499.1118,1127.2323,1.0,0.14468716
493.2285,439.4296,493.81525,420.8604,1.0,0.07527209
671.7611,1718.4572,560.27655,1710.5715,1.0,0.14428578
249.80054,1143.0204,189.94086,1100.5883,1.0,0.032500762
1217.2622,747.53143,1188.2947,790.88135,1.0,0.12161469
249.90521,301.72684,263.3539,262.51776,1.0,0.029571518
1398.5051,589.8729,1382.4498,649.6086,1.0,0.09477117
493.0455,290.75406,506.56213,272.7645,1.0,0.03502728
1217.2622,747.53143,1188.2947,790.88135,1.0,0.12161469
493.0455,290.75406,506.56213,272.7645,1.0,0.03502728
493.0455,290.75406,506.56213,272.7645,1.0,0.03502728
493.0455,290.75406,506.56213,272.7645,1.0,0.03502728
672.24274,2009.2914,535.3594,2000.3491,1.0,0.09920046
1398.084,723.5038,1370.4958,782.7523,1.0,0.07460933
492.9359,1045.1719,440.68958,1024.287,1.0,0.047183935
250.25664,1207.8203,184.80211,1165.2091,1.0,0.04669838
1557.3755,1190.773,1488.4365,1262.1216,1.0,0.059405115
1398.084,723.5038,1370.4958,782.7523,1.0,0.07460933
250.52304,1032.4523,200.3353,990.53064,1.0,0.03034603
1764.5586,286.2893,1773.528,379.14816,1.0,0.08641592
1398.0157,1139.4312,1334.0901,1197.0797,1.0,0.041835938
1764.5586,286.2893,1773.528,379.14816,1.0,0.08641592
1764.5409,1492.4569,1668.5396,1580.731,1.0,0.07107774
1398.0157,1139.4312,1334.0901,1197.0797,1.0,0.041835938
1397.4812,296.11002,1407.0203,356.8976,1.0,0.08252726
854.38074,1878.2196,728.18195,1885.7129,1.0,0.030293366
492.59674,1454.4503,404.67456,1431.946,1.0,0.07967546
492.59674,1454.4503,404.67456,1431.946,1.0,0.07967546
492.53708,797.5145,461.93036,777.5626,1.0,0.059868366
251.35081,1406.9941,168.57158,1363.5763,1.0,0.17049603
251.37242,1748.5884,138.7881,1703.9415,1.0,0.09448523
1397.4812,296.11002,1407.0203,356.8976,1.0,0.08252726
1397.3746,1184.428,1329.5867,1241.765,1.0,0.12851244
672.70013,919.43494,630.79047,914.6895,1.0,0.08382107
1219.1863,1147.4067,1155.3265,1189.3835,1.0,0.11254009
1557.8553,1389.4958,1471.5782,1460.1714,1.0,0.035195436
853.64624,1280.844,779.5073,1290.4875,1.0,0.063957185
1219.4791,171.21913,1240.587,217.22284,1.0,0.19944364
492.3704,1302.7007,417.65286,1280.8097,1.0,0.03526027
1558.2108,599.2138,1540.7957,672.9042,1.0,0.023840928
251.89468,1192.5266,187.69626,1150.0981,1.0,0.032574482
1219.4797,1936.3923,1086.871,1975.4484,1.0,0.088029966
1219.4797,1936.3923,1086.871,1975.4484,1.0,0.088029966
1558.615,324.59915,1565.0381,399.41385,1.0,0.08100454
1558.8948,780.49274,1525.7163,853.5405,1.0,0.063794
673.1663,313.05917,683.9914,310.74033,1.0,0.054214373
673.21484,535.191,664.7407,531.95306,1.0,0.054639965
1559.4398,310.20868,1567.172,385.09427,1.0,0.030487595
673.36633,1522.0059,578.86053,1515.056,1.0,0.025958316
853.262,128.89284,879.56226,142.9027,1.0,0.07507786
1396.098,1507.5215,1300.1582,1563.5905,1.0,0.065130435
252.34323,943.55237,209.87221,902.1144,1.0,0.018712433
1396.0605,704.07587,1370.1481,763.19073,1.0,0.07290554
1396.0605,704.07587,1370.1481,763.19073,1.0,0.07290554
252.58638,1822.7838,133.54582,1778.0094,1.0,0.0733453
1395.6372,1631.7733,1288.7997,1687.3029,1.0,0.08118144
1395.6372,1631.7733,1288.7997,1687.3029,1.0,0.08118144
1763.2676,807.15137,1726.8722,897.95105,1.0,0.059423298
673.89636,575.2019,661.91284,571.90936,1.0,0.016336
490.66614,231.3925,509.44077,213.46323,1.0,0.08975462
490.63098,1344.7479,412.326,1322.5704,1.0,0.044813275
490.63098,1344.7479,412.326,1322.5704,1.0,0.044813275
674.0095,508.43106,667.86456,505.42032,1.0,0.013161676
1763.062,442.35736,1758.6267,534.49725,1.0,0.10894972
490.23285,1223.241,422.45087,1201.4417,1.0,0.053842425
490.04837,2005.7012,354.12454,1980.9116,1.0,0.054019053
1394.9493,567.24365,1380.9403,626.827,1.0,0.022329276
1394.9493,567.24365,1380.9403,626.827,1.0,0.022329276
1560.4587,1237.119,1487.452,1308.5582,1.0,0.047301892
1762.7927,929.5954,1715.787,1019.8162,1.0,0.05655229
253.09784,1054.0118,201.02258,1012.3915,1.0,0.15750764
253.09784,1054.0118,201.02258,1012.3915,1.0,0.15750764
1220.5911,1743.6409,1104.6876,1783.5378,1.0,0.028588962
675.569,376.48984,680.8978,373.9979,1.0,0.11641542
489.63364,698.7475,467.63635,678.9093,1.0,0.05541425
675.7128,1083.8607,619.43066,1078.8632,1.0,0.06672022
1561.0978,261.85233,1573.1693,337.08035,1.0,0.114705004
1762.6809,1296.1699,1683.7256,1385.0221,1.0,0.020659115
1394.5223,300.6998,1403.7678,361.43048,1.0,0.16209675
1762.6809,1296.1699,1683.7256,1385.0221,1.0,0.020659115
489.5172,1584.0371,390.26578,1560.8563,1.0,0.05071342
489.5172,1584.0371,390.26578,1560.8563,1.0,0.05071342
1221.0961,491.98102,1214.2953,536.6802,1.0,0.031848483
1221.1089,1953.6476,1086.9307,1992.8136,1.0,0.020613985
1221.1089,1953.6476,1086.9307,1992.8136,1.0,0.020613985
1561.1531,1052.2695,1504.2936,1124.4457,1.0,0.09457424
1221.2661,336.57642,1228.0911,381.86584,1.0,0.09910328
1221.2661,336.57642,1228.0911,381.86584,1.0,0.09910328
675.8152,1383.9437,593.3073,1377.772,1.0,0.040624708
675.9245,1024.6738,624.8118,1019.86255,1.0,0.04589848
1221.6118,1191.5726,1153.9176,1233.6345,1.0,0.10113826
254.1682,997.7103,206.96109,956.23145,1.0,0.0122156115
1221.6865,1639.4993,1114.8944,1679.867,1.0,0.055791475
1561.3989,106.68685,1586.9421,182.60454,1.0,0.08835405
1761.6577,1427.2935,1671.2963,1515.5387,1.0,0.043783613
1761.5299,431.86554,1757.8882,523.8678,1.0,0.061942507
1394.2185,1233.2842,1322.1594,1290.2617,1.0,0.025361558
488.20444,1885.8317,362.72726,1861.2992,1.0,0.08622079
255.09744,135.08258,283.08463,96.96533,1.0,0.017774709
255.09744,135.08258,283.08463,96.96533,1.0,0.017774709
255.09744,135.08258,283.08463,96.96533,1.0,0.017774709
676.86115,768.6517,648.03265,764.8099,1.0,0.0886135
850.7488,214.59204,869.67816,228.14935,1.0,0.1577834
255.18019,1813.7964,136.87622,1769.3407,1.0,0.041533515
255.30571,1433.9556,170.08313,1390.9166,1.0,0.0128594935
676.86115,768.6517,648.03265,764.8099,1.0,0.0886135
1761.2267,1799.6354,1638.3137,1886.4082,1.0,0.1002343
1562.2467,1588.9021,1458.5873,1659.1082,1.0,0.096327014
255.55289,1160.6155,194.17447,1118.632,1.0,0.033401623
676.9749,851.0634,640.9341,846.98773,1.0,0.019107904
1393.2661,1042.4128,1337.8701,1100.0388,1.0,0.04143869
850.16394,1468.0298,759.6436,1476.6526,1.0,0.0868065
850.16394,1468.0298,759.6436,1476.6526,1.0,0.0868065
1760.677,1755.4819,1641.689,1842.4159,1.0,0.018023465
677.731,1839.1575,555.6085,1831.3989,1.0,0.030385701
677.731,1839.1575,555.6085,1831.3989,1.0,0.030385701
1760.4255,215.14223,1775.6702,307.9577,1.0,0.036145918
1562.985,366.82162,1565.77,441.82666,1.0,0.01648969
487.64005,1269.0254,415.86234,1246.8083,1.0,0.07656067
1222.7917,277.6571,1234.6685,323.33575,1.0,0.018063545
255.9004,399.86813,260.80222,360.84378,1.0,0.018123047
487.64005,1269.0254,415.86234,1246.8083,1.0,0.07656067
678.1169,1884.4086,552.0815,1876.4844,1.0,0.07037965
256.11377,955.3511,212.58322,914.2278,1.0,0.017331755
256.11377,955.3511,212.58322,914.2278,1.0,0.017331755
1760.1848,498.5546,1750.6846,590.2936,1.0,0.08533379
1760.1145,1730.7452,1643.322,1817.7026,1.0,0.048329055
487.22134,1911.017,359.53073,1886.3646,1.0,0.021729287
487.22134,1911.017,359.53073,1886.3646,1.0,0.021729287
256.39322,1074.8318,202.49547,1033.238,1.0,0.04503185
849.58325,1053.148,795.3159,1063.3083,1.0,0.06478487
849.4938,512.33636,842.3924,524.555,1.0,0.07996129
849.4938,512.33636,842.3924,524.555,1.0,0.07996129
1223.2346,932.64624,1178.1008,975.89795,1.0,0.087555245
487.0216,505.63153,481.99197,486.267,1.0,0.1842272
487.0216,505.63153,481.99197,486.267,1.0,0.1842272
1392.5715,289.5998,1402.779,350.00052,1.0,0.05259369
486.8735,1568.2745,389.085,1544.8993,1.0,0.034112975
256.85312,1544.5459,161.9767,1501.225,1.0,0.0074528055
256.87836,884.51587,219.58905,843.7143,1.0,0.059127796
256.87836,884.51587,219.58905,843.7143,1.0,0.059127796
1564.7056,1435.7236,1474.2457,1506.7664,1.0,0.10375294
1564.7056,1435.7236,1474.2457,1506.7664,1.0,0.10375294
256.9551,150.8424,283.56583,112.81465,1.0,0.030371308
486.7955,1554.7345,390.08908,1531.4198,1.0,0.06975386
849.1435,1205.7732,781.532,1215.3284,1.0,0.042693906
678.50244,871.00385,640.74603,866.9753,1.0,0.03264628
1224.0741,585.6818,1209.1074,630.2676,1.0,0.050754283
848.82245,1079.4122,792.263,1089.4299,1.0,0.042264763
1759.4431,1834.8411,1633.5813,1921.4485,1.0,0.07335573
486.5668,785.3581,456.9192,764.92505,1.0,0.07319869
1224.2676,966.0743,1176.1648,1009.26953,1.0,0.03597457
257.5454,1622.1194,155.91624,1578.5668,1.0,0.009025583
848.57007,655.9117,828.90344,667.5231,1.0,0.029125283
486.5668,785.3581,456.9192,764.92505,1.0,0.07319869
1392.5477,952.03107,1345.0428,1009.9055,1.0,0.06927221
1224.6627,358.3125,1229.4197,403.94333,1.0,0.10921917
1392.1237,982.57574,1341.9529,1040.3657,1.0,0.04834123
1565.3385,1456.8353,1473.1763,1527.8953,1.0,0.046178896
258.02103,929.9496,216.77873,889.04425,1.0,0.07718021
258.02103,929.9496,216.77873,889.04425,1.0,0.07718021
258.02438,1648.5941,154.11006,1604.9293,1.0,0.06550788
1565.4004,739.63574,1535.6564,813.43854,1.0,0.043935988
485.98047,631.453,469.83487,611.5795,1.0,0.019158162
848.2284,1177.4551,783.1232,1187.0966,1.0,0.029963972
485.76724,97.30265,516.17017,79.40082,1.0,0.047759462
1565.5217,489.99652,1557.5619,564.698,1.0,0.057690494
1224.7029,972.94556,1176.0411,1016.08905,1.0,0.10459545
1391.5278,477.09164,1385.4481,536.7625,1.0,0.08247503
1565.6354,470.6483,1559.328,545.4924,1.0,0.049943656
1565.6788,532.6206,1553.9984,607.15576,1.0,0.07617676
679.8505,1003.53986,630.58813,999.134,1.0,0.071321875
679.99036,659.93866,660.4969,656.81226,1.0,0.12251217
1566.1008,1283.7772,1488.9703,1355.5724,1.0,0.008704735
1566.1177,698.8188,1540.0164,772.83545,1.0,0.044625882
1758.8816,1055.5553,1700.917,1144.9514,1.0,0.061364345
1758.8402,914.2843,1713.1713,1004.2586,1.0,0.019810775
258.45486,1946.1705,128.58444,1901.3931,1.0,0.076002866
258.56073,1696.7863,150.4753,1653.1237,1.0,0.103598155
680.3646,1700.8236,570.30707,1693.8176,1.0,0.049072303
484.58502,182.05731,507.54312,163.70631,1.0,0.08600857
1390.9819,170.34796,1411.5823,231.10307,1.0,0.021345295
1224.8926,574.66705,1210.8341,619.3987,1.0,0.03507929
258.82626,1936.8052,129.76913,1892.14,1.0,0.03270119
1224.8926,574.66705,1210.8341,619.3987,1.0,0.03507929
680.46124,1564.1624,582.27454,1557.7145,1.0,0.022489116
1224.9017,1053.6365,1169.1842,1096.4933,1.0,0.08721887
680.46124,1564.1624,582.27454,1557.7145,1.0,0.022489116
1224.9055,1309.3387,1146.843,1351.2784,1.0,0.013516221
1390.7789,1321.08,1311.1493,1377.3823,1.0,0.10339363
847.18005,37.287315,881.5765,50.727436,1.0,0.45720804
1390.7789,1321.08,1311.1493,1377.3823,1.0,0.10339363
1390.6115,1903.7443,1260.1616,1957.8445,1.0,0.05500727
1390.6063,1792.736,1269.9502,1847.3405,1.0,0.1704046
680.7024,1121.662,621.1872,1116.8295,1.0,0.13364832
1225.2227,449.76917,1222.1979,494.99146,1.0,0.12123325
1566.6697,1046.3439,1510.1603,1119.0159,1.0,0.09940759
259.35422,445.47894,260.24683,406.70572,1.0,0.14121161
1758.2911,1825.6207,1633.3113,1911.9058,1.0,0.21721438
1758.2911,1825.6207,1633.3113,1911.9058,1.0,0.21721438
1566.8182,408.9036,1566.044,484.048,1.0,0.11174244
1566.8182,408.9036,1566.044,484.048,1.0,0.11174244
1566.9199,1705.8231,1453.0428,1775.9995,1.0,0.084780626
259.42484,1510.0261,167.6639,1467.0564,1.0,0.114550255
259.47028,593.90405,247.49687,554.40027,1.0,0.06656692
846.85956,1151.6737,784.0184,1161.1733,1.0,0.11014781
483.39404,1583.2408,384.3238,1559.5083,1.0,0.041184768
259.67712,1138.2755,200.20213,1096.7397,1.0,0.013934483
1758.1315,85.05495,1784.7872,178.13045,1.0,0.040393665
1390.1184,247.75858,1404.0435,308.16687,1.0,0.09036989
1390.0848,1392.8175,1304.1515,1448.8263,1.0,0.036358517
1567.2139,1246.9413,1493.3109,1318.9357,1.0,0.035213213
846.6799,434.5622,846.35724,446.82504,1.0,0.07626115
1567.2139,1246.9413,1493.3109,1318.9357,1.0,0.035213213
1390.0848,1392.8175,1304.1515,1448.8263,1.0,0.036358517
259.943,1055.7758,207.69528,1014.62476,1.0,0.05140549
259.943,1055.7758,207.69528,1014.62476,1.0,0.05140549
846.4865,1565.1334,747.5837,1573.1005,1.0,0.031809155
846.4865,1565.1334,747.5837,1573.1005,1.0,0.031809155
1757.6046,1097.8134,1695.9834,1186.9763,1.0,0.03572742
1390.0848,1392.8175,1304.1515,1448.8263,1.0,0.036358517
681.5194,1721.4902,569.6025,1714.46,1.0,0.05532708
1226.2788,240.12495,1241.38,286.13715,1.0,0.13071778
681.5213,846.6647,645.87555,843.0159,1.0,0.019767288
681.5213,846.6647,645.87555,843.0159,1.0,0.019767288
681.6773,1448.6141,593.5976,1442.6803,1.0,0.050796982
681.6773,1448.6141,593.5976,1442.6803,1.0,0.050796982
260.2664,1376.9591,179.99237,1334.5818,1.0,0.0067228083
846.05853,774.874,816.05865,785.6478,1.0,0.1967323
1389.8606,802.25867,1355.4415,860.4681,1.0,0.08678512
260.33554,1490.495,170.20442,1447.6305,1.0,0.074771404
681.81445,606.53296,667.0916,603.8077,1.0,0.023668187
1389.6522,1923.5637,1257.4545,1977.5251,1.0,0.02361548
1389.6522,1923.5637,1257.4545,1977.5251,1.0,0.02361548
481.80154,427.8945,483.4323,408.3978,1.0,0.053280275
845.9211,1918.2806,716.2388,1924.8657,1.0,0.020462712
845.9211,1918.2806,716.2388,1924.8657,1.0,0.020462712
1568.7184,1040.1736,1512.804,1113.0962,1.0,0.020763798
682.77826,470.58612,679.8952,468.46686,1.0,0.01685568
1568.9728,263.36954,1580.7876,339.26642,1.0,0.03035387
1569.0695,94.94844,1595.6445,171.59857,1.0,0.12960795
1226.6918,1210.0142,1157.2896,1252.468,1.0,0.03259186
845.6426,1015.78217,794.5778,1025.4893,1.0,0.3093979
682.77826,470.58612,679.8952,468.46686,1.0,0.01685568
481.0521,1117.7544,422.73996,1095.6937,1.0,0.23491485
1756.6735,52.947647,1786.1223,145.98625,1.0,0.050220273
261.151,1657.9896,156.29941,1614.552,1.0,0.099753186
481.0521,1117.7544,422.73996,1095.6937,1.0,0.23491485
683.3858,226.3999,701.7626,225.25233,1.0,0.02641118
683.5781,653.918,664.746,651.132,1.0,0.067353755
1756.5652,1375.8885,1670.804,1463.8696,1.0,0.13201287
1756.5519,1587.9839,1652.2524,1675.2477,1.0,0.07579849
1569.6614,690.19183,1544.3281,764.5193,1.0,0.0794602
1569.8048,829.9191,1532.1475,903.704,1.0,0.088096544
480.31195,1836.0802,359.21066,1811.1263,1.0,0.032283213
1570.4852,113.8038,1595.4866,190.46307,1.0,0.1806242
845.2109,1767.9767,728.6475,1775.125,1.0,0.04052592
480.11298,1857.0634,357.15927,1831.9934,1.0,0.026191408
480.11298,1857.0634,357.15927,1831.9934,1.0,0.026191408
480.11298,1857.0634,357.15927,1831.9934,1.0,0.026191408
1570.5603,379.1015,1572.283,454.81406,1.0,0.09675033
1756.2695,430.2543,1752.873,521.8149,1.0,0.081841476
261.92038,1033.6305,211.57884,992.6818,1.0,0.030268673
261.92038,1033.6305,211.57884,992.6818,1.0,0.030268673
262.02518,921.5959,221.41162,881.0621,1.0,0.04328276
1756.1221,1154.1113,1689.4788,1242.9443,1.0,0.093542024
1756.1221,1154.1113,1689.4788,1242.9443,1.0,0.093542024
1756.1221,1154.1113,1689.4788,1242.9443,1.0,0.093542024
480.00162,1555.1196,383.38824,1531.1942,1.0,0.03691826
1570.5704,1879.267,1441.5333,1949.1669,1.0,0.013536051
262.1553,1229.3899,194.7502,1187.7461,1.0,0.02291637
1570.6178,437.0506,1567.3168,512.3804,1.0,0.08676136
1227.3727,327.2807,1234.8086,373.23956,1.0,0.104234256
1570.8807,1661.0889,1461.0988,1731.675,1.0,0.3083827
479.4736,347.59293,488.11984,328.31677,1.0,0.092556834
684.9191,2026.9896,546.4313,2019.1008,1.0,0.07846759
685.1284,1672.2056,577.4253,1665.5952,1.0,0.1557259
685.13153,2038.6892,545.66034,2030.7704,1.0,0.11213959
1385.5187,352.3174,1390.1627,411.90955,1.0,0.09680234
1385.438,254.87291,1398.6387,314.7984,1.0,0.04542165
685.5736,446.26727,684.6283,444.45038,1.0,0.1683113
685.83856,1516.0394,591.8547,1510.1821,1.0,0.055275347
685.84534,1101.3328,627.9581,1097.0825,1.0,0.015327604
685.89905,449.8514,684.85376,448.13513,1.0,0.06473126
685.89905,449.8514,684.85376,448.13513,1.0,0.06473126
685.89905,449.8514,684.85376,448.13513,1.0,0.06473126
1385.1323,1758.7854,1267.3564,1812.872,1.0,0.13607396
1385.1283,1737.6693,1269.2189,1791.9661,1.0,0.0900222
1385.111,1247.3251,1311.9131,1303.4271,1.0,0.08120236
1755.557,1141.5057,1690.0989,1230.2928,1.0,0.053923722
1384.9159,1836.2065,1260.3201,1890.0919,1.0,0.012394195
1227.7832,225.7319,1244.1914,272.0228,1.0,0.049597252
1384.9075,1009.5753,1332.5123,1066.5405,1.0,0.1626829
478.04443,930.3316,435.94156,908.56116,1.0,0.107674755
686.5275,113.17786,714.7711,112.74665,1.0,0.012555696
477.998,1018.03357,428.1614,995.9854,1.0,0.015332828
1572.062,981.8663,1521.254,1055.2969,1.0,0.03866759
1755.4047,727.71783,1726.0294,818.109,1.0,0.014210185
263.02765,1524.5741,169.9334,1481.8706,1.0,0.06243964
1572.062,981.8663,1521.254,1055.2969,1.0,0.03866759
1755.4047,727.71783,1726.0294,818.109,1.0,0.014210185
1384.3923,1219.3639,1313.5753,1275.45,1.0,0.109037764
477.6926,1145.5806,416.7914,1122.9274,1.0,0.11251705
1228.2134,1786.6096,1108.5868,1827.0244,1.0,0.04180601
1228.2134,1786.6096,1108.5868,1827.0244,1.0,0.04180601
1383.9617,1093.6086,1324.0591,1150.2247,1.0,0.046137087
687.8731,1976.7362,553.71075,1969.3129,1.0,0.03626988
1383.417,789.4192,1350.0776,847.13007,1.0,0.03590201
687.96155,1318.2096,611.19257,1313.3042,1.0,0.03231176
687.9665,243.4476,704.8743,242.64435,1.0,0.027819853
687.9665,243.4476,704.8743,242.64435,1.0,0.027819853
1229.0436,1481.177,1135.9988,1522.709,1.0,0.12718865
1754.7917,1507.8689,1657.3169,1595.2467,1.0,0.0976712
476.65176,842.80255,442.13602,821.2202,1.0,0.10108139
1383.2198,1006.9223,1330.8293,1063.771,1.0,0.10216228
1573.2021,1930.9836,1439.688,2000.927,1.0,0.048830565
1229.4541,343.78754,1235.5002,389.79047,1.0,0.037867237
264.21777,567.6844,254.51056,528.6954,1.0,0.065100364
476.47275,386.89633,481.6797,367.05603,1.0,0.07546712
264.37558,1429.2402,179.54256,1386.9792,1.0,0.045980908
1573.8447,58.96967,1603.544,136.11917,1.0,0.11126091
688.64624,58.674545,721.6788,58.645275,1.0,0.047195174
688.6824,1903.1445,560.7746,1896.1864,1.0,0.16060975
1573.9303,1099.3889,1512.8531,1172.5137,1.0,0.047321733
842.8214,1996.9624,706.3598,2002.9832,1.0,0.073939376
476.09253,998.8763,427.9214,976.7377,1.0,0.023169978
1574.1353,294.2164,1583.3026,370.4295,1.0,0.08949132
475.98645,1968.5583,343.34195,1942.6914,1.0,0.042329464
689.33136,1766.7772,573.46625,1760.2787,1.0,0.039435513
1381.9196,1714.3889,1267.9908,1768.4506,1.0,0.044779845
1381.8907,1441.1366,1291.774,1496.2618,1.0,0.026448725
1381.8907,1441.1366,1291.774,1496.2618,1.0,0.026448725
475.3734,786.44183,445.73096,765.0437,1.0,0.017550262
1381.8907,1441.1366,1291.774,1496.2618,1.0,0.026448725
1229.9064,1098.2174,1170.3134,1141.4634,1.0,0.09957564
1574.6266,1132.91,1510.6676,1205.9517,1.0,0.08176069
689.9044,1671.9198,582.25793,1665.847,1.0,0.028984245
689.9044,1671.9198,582.25793,1665.847,1.0,0.028984245
1381.7095,636.724,1361.729,694.88806,1.0,0.053643793
842.1572,1032.1755,789.87225,1041.9313,1.0,0.19269371
1575.1127,578.8474,1559.4066,653.93024,1.0,0.17267513
1753.5044,1194.7042,1683.4543,1283.1597,1.0,0.028435048
690.3772,1689.1259,581.0969,1683.1145,1.0,0.17036127
1753.5044,1194.7042,1683.4543,1283.1597,1.0,0.028435048
474.456,1631.5161,371.2982,1606.8802,1.0,0.13143998
841.8789,2003.6101,704.7785,2009.5581,1.0,0.022636145
841.8789,2003.6101,704.7785,2009.5581,1.0,0.022636145
474.456,1631.5161,371.2982,1606.8802,1.0,0.13143998
1380.2152,1523.6279,1282.8964,1578.3005,1.0,0.0064881262
1379.7983,1829.7073,1255.9751,1883.0757,1.0,0.20511086
1379.7347,392.74213,1381.0483,451.63507,1.0,0.08474575
1576.2804,32.318817,1608.1412,109.706116,1.0,0.06568018
1576.2804,32.318817,1608.1412,109.706116,1.0,0.06568018
1576.4146,220.45221,1592.1857,297.2465,1.0,0.27094993
1576.4342,395.68573,1576.6722,471.77118,1.0,0.018956918
1753.1981,512.90497,1742.6053,603.9057,1.0,0.06679209
691.161,1661.6785,584.4428,1655.7229,1.0,0.0512313
841.2939,1487.8938,749.1019,1495.763,1.0,0.043865554
1576.7521,656.9238,1554.286,731.99786,1.0,0.073724
1576.7521,656.9238,1554.286,731.99786,1.0,0.073724
1576.7521,656.9238,1554.286,731.99786,1.0,0.073724
473.19638,1218.7784,405.88815,1195.5387,1.0,0.021323644
841.1607,565.24884,829.48035,576.47,1.0,0.13419256
1231.1885,1662.0651,1122.4176,1703.1724,1.0,0.07321695
1231.1885,1662.0651,1122.4176,1703.1724,1.0,0.07321695
691.8112,363.89508,698.2132,362.93805,1.0,0.0541289
691.9694,1078.9773,636.0488,1075.3328,1.0,0.040513
1231.1885,1662.0651,1122.4176,1703.1724,1.0,0.07321695
691.9694,1078.9773,636.0488,1075.3328,1.0,0.040513
1577.7491,1439.0376,1487.108,1511.2172,1.0,0.0708052
267.04758,788.87897,238.03104,749.29565,1.0,0.048551854
1378.2461,1182.503,1310.6625,1238.2737,1.0,0.029104235
1231.5765,1942.6561,1098.3657,1982.7888,1.0,0.07013298
1578.0372,177.12242,1597.2579,254.13185,1.0,0.06374993
1578.0372,177.12242,1597.2579,254.13185,1.0,0.06374993
1231.7445,1800.0378,1110.872,1840.7075,1.0,0.024414368
267.38306,1466.1886,179.29817,1424.0947,1.0,0.0041678846
267.38306,1466.1886,179.29817,1424.0947,1.0,0.0041678846
1378.2461,1182.503,1310.6625,1238.2737,1.0,0.029104235
1751.9316,237.17276,1765.2764,329.0769,1.0,0.07192296
1378.109,921.24854,1333.3152,978.03033,1.0,0.022705406
1751.9316,237.17276,1765.2764,329.0769,1.0,0.07192296
471.8839,1054.3217,418.94922,1031.5593,1.0,0.063410334
1578.2152,1603.8198,1473.1626,1675.4248,1.0,0.024977924
1578.2152,1603.8198,1473.1626,1675.4248,1.0,0.024977924
1231.9886,172.27597,1253.007,219.1448,1.0,0.02774013
471.68073,277.65665,486.47556,257.85034,1.0,0.078481086
1231.9886,172.27597,1253.007,219.1448,1.0,0.02774013
840.0336,941.60767,795.4759,951.4268,1.0,0.01830251
1232.0293,516.97485,1223.0349,562.53503,1.0,0.04227318
1751.8312,1212.0315,1680.3054,1300.263,1.0,0.05846913
1751.795,239.37483,1764.9875,331.28888,1.0,0.031327166
1751.5923,1419.9336,1661.9348,1507.2789,1.0,0.100021705
1751.5923,1419.9336,1661.9348,1507.2789,1.0,0.100021705
1751.5675,1082.1594,1691.3292,1170.9048,1.0,0.035724916
1578.9048,250.35286,1591.8387,327.182,1.0,0.04254121
471.16998,1728.345,359.4324,1702.9596,1.0,0.058762062
471.16998,1728.345,359.4324,1702.9596,1.0,0.058762062
1578.966,1406.3068,1491.093,1478.647,1.0,0.10289079
1579.0581,65.472435,1608.3025,143.02376,1.0,0.23974717
839.6459,910.8323,797.7442,920.5997,1.0,0.13072792
839.30927,974.5806,791.885,984.1125,1.0,0.087959856
839.2979,998.1521,789.7609,1007.63983,1.0,0.079552576
1579.1115,1464.0568,1486.2244,1536.2177,1.0,0.07391556
1579.148,1655.2931,1469.6057,1726.796,1.0,0.017145991
1750.732,620.63763,1730.5991,710.93945,1.0,0.14039834
1376.9115,1964.2697,1241.2148,2016.9675,1.0,0.02303865
1579.3074,861.42786,1538.9662,935.98047,1.0,0.028287144
693.1779,217.80005,712.27673,217.49922,1.0,0.063662596
693.2652,350.68564,700.8052,349.94168,1.0,0.024233032
268.82266,1444.5629,182.6282,1402.6569,1.0,0.01906213
268.84488,470.65204,267.47568,432.51245,1.0,0.0627031
693.2652,350.68564,700.8052,349.94168,1.0,0.024233032
1232.5903,216.55971,1249.4769,263.2897,1.0,0.27313715
1750.2893,927.1298,1703.5958,1016.2714,1.0,0.07582463
268.9649,850.5929,234.58467,810.938,1.0,0.06857943
1376.587,359.32178,1380.7173,418.13663,1.0,0.043847717
269.09625,1852.2451,147.396,1808.7463,1.0,0.08934254
1376.4963,257.6035,1389.6349,316.70953,1.0,0.12413202
1579.7216,228.92142,1594.4976,305.90222,1.0,0.020556098
693.52704,1328.5079,615.949,1324.134,1.0,0.14140402
1579.7264,515.1038,1569.469,590.95245,1.0,0.08765473
1233.2035,908.2851,1190.103,952.4622,1.0,0.042472225
693.52704,1328.5079,615.949,1324.134,1.0,0.14140402
469.93967,1248.5354,400.06238,1224.8584,1.0,0.061713886
1233.2783,1811.5833,1111.4032,1852.3549,1.0,0.011978451
1580.291,1710.9402,1465.9501,1782.3514,1.0,0.07225779
1233.3005,233.61812,1248.9286,280.42343,1.0,0.046680205
1580.5347,1539.2341,1481.1183,1611.2966,1.0,0.033005293
469.2989,191.71172,491.53494,172.02548,1.0,0.03764045
469.2989,191.71172,491.53494,172.02548,1.0,0.03764045
694.33417,1368.4349,613.26337,1363.7059,1.0,0.244867
1749.7228,1316.4053,1669.0205,1403.9756,1.0,0.10109994
837.8069,1401.7921,753.13324,1409.6056,1.0,0.058150202
468.86005,1688.4027,360.56403,1663.0189,1.0,0.07757578
694.3578,681.1653,673.12854,679.239,1.0,0.06716433
837.8069,1401.7921,753.13324,1409.6056,1.0,0.058150202
1580.8397,197.08487,1598.3385,274.2597,1.0,0.042491034
1375.5829,591.9391,1359.451,649.7939,1.0,0.047909603
468.2085,1119.7052,409.50244,1096.385,1.0,0.07050547
468.20847,845.2566,433.47803,823.0151,1.0,0.009352779
1375.3094,1621.4272,1269.3899,1675.3612,1.0,0.10790422
1374.947,1920.3442,1243.0953,1972.9664,1.0,0.08734453
1581.6691,1228.1869,1509.3965,1301.522,1.0,0.072788514
270.59506,638.467,254.65039,599.7293,1.0,0.07014366
1374.947,1920.3442,1243.0953,1972.9664,1.0,0.08734453
1374.6582,260.0393,1387.5109,319.04904,1.0,0.030590734
695.8266,990.0334,647.59503,987.06323,1.0,0.03015217
695.92944,1873.8044,570.7077,1867.5841,1.0,0.08088473
270.83377,614.29376,256.98782,575.6965,1.0,0.041835416
695.9696,850.9203,659.9176,848.45544,1.0,0.07323247
1749.2922,471.1241,1742.2257,561.80835,1.0,0.17507301
696.039,1939.9502,565.054,1933.349,1.0,0.06398313
271.03186,703.31537,249.4798,664.42224,1.0,0.059736334
1748.7618,1575.2461,1645.5586,1661.8362,1.0,0.024513043
696.1248,1960.4117,563.40405,1953.7556,1.0,0.0826891
837.3697,1544.2382,740.1767,1551.6654,1.0,0.19929092
271.3545,1515.4202,178.91464,1473.4305,1.0,0.07056776
271.3545,1515.4202,178.91464,1473.4305,1.0,0.07056776
466.63547,1900.336,339.91028,1873.8873,1.0,0.07816138
1373.6105,1753.9519,1256.2823,1807.1367,1.0,0.058510404
1372.9384,245.9564,1386.9559,304.82614,1.0,0.051611353
837.2286,162.4967,860.6069,174.99252,1.0,0.03305664
1372.8856,475.59146,1366.935,533.5542,1.0,0.059741292
1233.7114,697.9043,1208.9343,742.90735,1.0,0.049726237
836.9813,1039.4371,783.9955,1048.5508,1.0,0.0914424
836.9529,1326.8483,758.9593,1334.9143,1.0,0.11418778
836.9529,1326.8483,758.9593,1334.9143,1.0,0.11418778
1583.1952,1586.8447,1479.6013,1658.8688,1.0,0.10040578
697.3103,1639.3247,592.5516,1634.0182,1.0,0.05545745
466.06198,1813.6536,346.92056,1787.5688,1.0,0.026073445
697.6175,256.9511,713.343,256.89447,1.0,0.07966522
1372.0333,369.60287,1375.3257,427.92456,1.0,0.030416474
697.8636,855.9181,661.29755,853.6518,1.0,0.033359442
697.8636,855.9181,661.29755,853.6518,1.0,0.033359442
1584.023,599.5653,1566.4369,675.48553,1.0,0.039231554
1584.023,599.5653,1566.4369,675.48553,1.0,0.039231554
1584.0325,127.93444,1607.5819,205.72304,1.0,0.041430466
1584.1294,239.29637,1598.2449,316.43683,1.0,0.33952475
836.6625,264.95126,851.156,277.0039,1.0,0.06142376
272.6501,745.8511,247.36276,706.96173,1.0,0.036712747
1234.2412,975.69763,1185.2585,1019.7056,1.0,0.042144675
1234.289,1284.8047,1158.3169,1327.6351,1.0,0.037123226
1748.1259,900.4211,1703.7454,989.5302,1.0,0.028825141
272.84122,111.65602,302.8081,75.11318,1.0,0.07672271
1748.1259,900.4211,1703.7454,989.5302,1.0,0.028825141
272.89194,980.1468,227.16965,940.34814,1.0,0.037285887
698.583,1333.1771,620.46484,1329.1716,1.0,0.015267209
698.583,1333.1771,620.46484,1329.1716,1.0,0.015267209
464.5985,920.3758,423.3984,897.49426,1.0,0.080654256
464.5985,920.3758,423.3984,897.49426,1.0,0.080654256
1370.6963,325.01025,1377.8231,383.27338,1.0,0.15010738
1234.3638,1529.6144,1137.0778,1571.5562,1.0,0.006879396
1585.369,152.45554,1606.8369,230.08932,1.0,0.15330702
464.1162,1789.2198,347.1043,1763.0157,1.0,0.03400235
836.0602,1430.2202,749.02954,1437.8578,1.0,0.09019344
1370.5917,1053.4492,1315.1992,1109.0552,1.0,0.91764885
1585.5122,1188.5565,1516.5808,1262.4083,1.0,0.030332692
1585.5342,1151.6075,1519.8685,1225.5674,1.0,0.029347694
273.5841,1347.2522,195.83138,1306.1508,1.0,0.0111511685
1370.4102,1664.6194,1260.8369,1717.843,1.0,0.05842936
463.94772,1343.8131,385.81836,1319.303,1.0,0.038607087
463.94772,1343.8131,385.81836,1319.303,1.0,0.038607087
835.5545,1507.5457,741.74994,1514.7587,1.0,0.06899989
273.87503,838.33325,240.49426,799.1771,1.0,0.0148918275
1370.4102,1664.6194,1260.8369,1717.843,1.0,0.05842936
1235.4255,938.98413,1189.6887,983.2017,1.0,0.10256645
463.76468,1983.0057,329.90207,1956.0109,1.0,0.047755748
274.01978,868.0772,238.0055,828.7825,1.0,0.060960595
274.02097,715.58765,251.36185,676.8713,1.0,0.061669715
274.03964,830.80316,240.36461,790.9422,1.0,1.2114233
1370.3462,378.3487,1372.9147,436.43552,1.0,0.09261357
1370.3462,378.3487,1372.9147,436.43552,1.0,0.09261357
463.42883,1888.4816,337.68753,1861.8293,1.0,0.11078559
1586.0994,917.9623,1540.7849,992.8867,1.0,0.007594157
1370.1877,1127.2125,1307.4132,1182.4545,1.0,0.07549326
1370.1342,1364.5413,1286.822,1418.8713,1.0,0.12979984
1370.1342,1364.5413,1286.822,1418.8713,1.0,0.12979984
1746.906,1383.9464,1660.412,1471.1085,1.0,0.052640054
699.1364,909.9621,657.9104,907.5871,1.0,0.032800816
1586.8405,384.6308,1587.9779,461.57706,1.0,0.07271426
1235.7621,193.04163,1254.9979,240.12347,1.0,0.07766209
1586.8405,384.6308,1587.9779,461.57706,1.0,0.07271426
462.62152,1776.6614,346.7826,1750.3616,1.0,0.06025456
834.9434,1483.959,743.17645,1491.223,1.0,0.044848714
462.4984,1827.9211,342.12872,1801.4052,1.0,0.049400948
462.4984,1827.9211,342.12872,1801.4052,1.0,0.049400948
834.845,1463.6073,744.84344,1470.9143,1.0,0.06462398
834.845,1463.6073,744.84344,1470.9143,1.0,0.06462398
1235.8641,1733.6865,1120.8177,1774.9392,1.0,0.054757755
1369.3217,86.67923,1397.3033,145.8967,1.0,0.037549276
699.7332,497.59836,694.459,496.8354,1.0,0.049381636
1587.3597,885.8883,1544.8265,961.0282,1.0,0.013987575
1587.3597,885.8883,1544.8265,961.0282,1.0,0.013987575
1369.0592,1504.8307,1273.3772,1558.6174,1.0,0.040148515
699.82733,428.4762,700.584,427.93948,1.0,0.089142464
1587.6305,1330.3131,1506.4194,1403.8015,1.0,0.055102546
1587.6305,1330.3131,1506.4194,1403.8015,1.0,0.055102546
1369.0592,1504.8307,1273.3772,1558.6174,1.0,0.040148515
699.92773,392.90433,703.7662,392.5975,1.0,0.027312465
699.9556,1186.5253,634.5588,1183.1761,1.0,0.04380628
1236.5674,963.91406,1188.586,1008.162,1.0,0.03828442
275.23483,326.0819,286.41913,288.95932,1.0,0.08294417
275.23483,326.0819,286.41913,288.95932,1.0,0.08294417
1745.9116,304.8869,1753.4314,396.03452,1.0,0.03921859
834.16473,1168.4506,769.9263,1176.8792,1.0,0.053424418
699.98395,1267.739,627.627,1264.0696,1.0,0.08334294
699.98395,1267.739,627.627,1264.0696,1.0,0.08334294
1368.8798,423.35593,1367.5538,481.21484,1.0,0.062649496
1368.8319,1644.131,1261.2822,1697.27,1.0,0.24910773
461.42853,1507.2043,369.02628,1481.8314,1.0,0.031341955
834.06335,490.41904,828.9001,501.43314,1.0,0.035044387
1745.605,1622.451,1638.3735,1708.5653,1.0,0.10131402
461.1658,2005.5559,325.25082,1978.2526,1.0,0.09406117
1588.7325,563.57837,1574.2771,640.0464,1.0,0.03342944
1368.2274,290.02985,1378.4425,348.28638,1.0,0.06899824
1588.8364,272.30356,1599.7662,349.86996,1.0,0.05204166
460.97324,1407.5693,377.23187,1382.5574,1.0,0.030718228
460.8918,1450.8025,373.44824,1425.5922,1.0,0.051229153
460.78964,857.67303,425.0537,834.71405,1.0,0.059012
1588.9438,378.65753,1590.5767,455.83472,1.0,0.05888992
1368.2274,290.02985,1378.4425,348.28638,1.0,0.06899824
275.67126,1430.6392,190.6659,1389.3868,1.0,0.0172009
1236.9452,1604.8457,1133.062,1646.7211,1.0,0.02448263
1589.0204,445.53955,1584.8823,522.5252,1.0,0.023241496
1368.1399,558.2131,1355.0822,615.45166,1.0,0.097659394
701.101,1679.3531,592.86127,1674.1946,1.0,0.08931886
1237.2878,318.42294,1245.8472,364.8871,1.0,0.4522061
275.94058,1729.5525,164.84605,1687.1508,1.0,0.053001612
701.1259,958.44293,655.685,956.06573,1.0,0.043586623
832.99146,417.27957,834.18964,428.46255,1.0,0.01765974
460.04907,564.5154,449.84274,542.6117,1.0,0.03826885
276.1317,831.695,243.61203,792.80066,1.0,0.29957652
832.5691,1780.3634,714.8984,1786.2979,1.0,0.061876796
459.90805,1492.1703,368.85025,1466.7294,1.0,0.033577327
1590.0939,413.4838,1588.8226,490.70868,1.0,0.103478305
1744.9697,351.96454,1748.4113,442.8238,1.0,0.07323548
1744.9697,351.96454,1748.4113,442.8238,1.0,0.07323548
276.36722,157.56688,302.2909,121.227325,1.0,0.012236036
1744.9697,351.96454,1748.4113,442.8238,1.0,0.07323548
1590.2117,1198.3573,1520.4575,1272.5237,1.0,0.05136245
459.72842,1430.3738,374.00497,1405.1736,1.0,0.028577378
832.0699,1370.8091,750.19244,1378.2311,1.0,0.07266045
1367.603,1575.8018,1265.8136,1629.0648,1.0,0.11767882
831.9125,828.1883,797.26764,837.6253,1.0,0.096212566
1590.7761,1454.9541,1498.6267,1528.1824,1.0,0.058315635
1591.0073,266.93146,1602.3491,344.77783,1.0,0.06221708
1591.0195,984.54364,1539.9307,1059.7123,1.0,0.08972376
702.4391,757.9735,674.4533,756.41174,1.0,0.08170374
1366.7686,376.1682,1369.4686,434.03183,1.0,0.033674594
1744.3508,776.6752,1710.7736,865.80066,1.0,0.13053656
276.96664,1494.6516,186.3339,1453.3245,1.0,0.05381768
831.63995,1042.779,777.85504,1051.5415,1.0,0.46137434
1591.3053,1836.6316,1465.8884,1908.5382,1.0,0.028073253
1366.7673,232.33812,1382.0037,290.69778,1.0,0.064102836
702.7682,1574.2454,603.654,1569.6266,1.0,0.07158622
1744.0323,449.72348,1738.9927,540.1481,1.0,0.08507942
1366.2916,445.96707,1363.0098,503.49747,1.0,0.07263278
702.9584,1121.8647,643.2534,1118.9955,1.0,0.052005105
458.48965,786.11847,429.034,763.19995,1.0,0.10586428
458.48965,786.11847,429.034,763.19995,1.0,0.10586428
277.5277,667.5577,258.977,629.4188,1.0,0.048800014
1366.1995,343.3997,1371.797,401.32303,1.0,0.020122357
1366.1995,343.3997,1371.797,401.32303,1.0,0.020122357
1591.9349,281.58163,1602.0662,359.4099,1.0,0.026031923
1743.6113,143.01802,1765.5354,234.72087,1.0,0.32141116
830.9518,13.844633,867.3632,26.360987,1.0,0.06758198
830.9416,1037.2756,778.07495,1045.8999,1.0,0.033682395
1591.9987,15.494551,1625.5046,93.42944,1.0,0.9552339
703.4594,987.57404,655.4117,985.24347,1.0,0.06288126
703.4594,987.57404,655.4117,985.24347,1.0,0.06288126
457.7032,601.4325,444.2885,579.1805,1.0,0.04103565
1743.5144,712.8562,1715.8822,802.5853,1.0,0.51407665
277.88187,963.0806,233.62889,923.83606,1.0,0.03310439
1743.3011,1323.4346,1662.162,1410.4274,1.0,0.14820965
278.03845,1007.59265,229.8996,968.2237,1.0,0.05795031
830.6166,1243.4763,759.8159,1251.3854,1.0,0.07256064
1743.1038,1605.051,1637.2705,1691.0359,1.0,0.031146115
703.71375,820.28,670.22235,818.53125,1.0,0.1432998
1592.724,588.1017,1576.1621,664.82214,1.0,0.049173318
1593.06,1085.6295,1533.0917,1160.4977,1.0,0.023471173
1593.06,1085.6295,1533.0917,1160.4977,1.0,0.023471173
1239.6427,1251.923,1166.6897,1295.3665,1.0,0.1571849
704.01874,549.46936,694.185,548.84564,1.0,0.07087047
457.0578,767.38446,429.20517,744.42206,1.0,0.0733341
457.0578,767.38446,429.20517,744.42206,1.0,0.0733341
704.01874,549.46936,694.185,548.84564,1.0,0.07087047
278.66733,1706.1132,169.78096,1664.1075,1.0,0.15343456
278.66733,1706.1132,169.78096,1664.1075,1.0,0.15343456
704.0783,1691.1367,594.74646,1686.2041,1.0,0.0438382
456.91736,1930.3665,327.6698,1903.0197,1.0,0.014053602
1239.8347,149.05031,1262.7513,196.63306,1.0,0.12784027
278.8282,1473.2073,190.06104,1432.0626,1.0,0.032466356
278.8282,1473.2073,190.06104,1432.0626,1.0,0.032466356
456.88712,1472.9136,367.45407,1447.3219,1.0,0.044119257
829.681,605.2833,814.5805,615.48456,1.0,0.09219631
829.30865,1438.3973,741.5474,1445.361,1.0,0.043784846
278.93124,941.2039,236.56105,902.08887,1.0,0.021366496
278.93124,941.2039,236.56105,902.08887,1.0,0.021366496
278.93124,941.2039,236.56105,902.08887,1.0,0.021366496
1240.0278,1543.001,1141.5984,1585.2936,1.0,0.10220172
1240.0278,1543.001,1141.5984,1585.2936,1.0,0.10220172
1240.3282,1410.5432,1153.3503,1453.4539,1.0,0.040900115
279.20355,1180.222,216.02498,1140.2328,1.0,0.028951295
1593.7872,295.2396,1602.6832,373.18997,1.0,0.029276412
1364.9468,1123.8203,1302.5287,1178.678,1.0,0.007055833
1364.6398,98.28443,1391.6246,156.99117,1.0,0.0405533
1593.9924,1544.3456,1494.1747,1617.572,1.0,0.12670922
704.58624,1873.1041,579.41626,1867.5652,1.0,0.043304004
279.58603,1974.0616,147.24332,1931.0679,1.0,0.058742747
1364.0597,374.0841,1366.969,431.62473,1.0,0.100060806
1594.0369,1918.9169,1461.6566,1990.589,1.0,0.24878831
1364.0597,374.0841,1366.969,431.62473,1.0,0.100060806
1363.7213,325.99222,1370.9031,383.86877,1.0,0.105030864
1594.3995,1634.2117,1486.5831,1707.1047,1.0,0.046461828
1594.3995,1634.2117,1486.5831,1707.1047,1.0,0.046461828
717.5152,1988.0806,582.32355,1983.1996,1.0,0.09596359
828.06287,1809.0144,707.9972,1814.5259,1.0,0.057149377
828.06287,1809.0144,707.9972,1814.5259,1.0,0.057149377
828.014,1660.0494,720.92145,1666.0658,1.0,0.023698388
280.36975,361.4914,288.54987,324.67963,1.0,0.059461668
280.45166,743.1164,255.382,704.81635,1.0,0.10270269
455.31573,1588.2186,355.85565,1562.0139,1.0,0.032980353
705.09766,1525.3196,610.2018,1521.1035,1.0,0.043083947
705.09766,1525.3196,610.2018,1521.1035,1.0,0.043083947
827.7049,1744.5045,713.12933,1750.117,1.0,0.121422656
705.1954,643.1548,687.23535,642.28687,1.0,0.08338644
455.2345,745.8137,429.24454,722.80286,1.0,0.036014363
1241.4227,1222.8577,1170.8202,1266.513,1.0,0.06853028
1241.4227,1222.8577,1170.8202,1266.513,1.0,0.06853028
455.2345,745.8137,429.24454,722.80286,1.0,0.036014363
455.2345,745.8137,429.24454,722.80286,1.0,0.036014363
1741.5419,89.33152,1767.8468,180.92514,1.0,0.029103087
455.2345,745.8137,429.24454,722.80286,1.0,0.036014363
1241.4478,839.1579,1204.37,884.27435,1.0,0.09246655
1241.5432,1838.4578,1117.388,1879.8295,1.0,0.083365
1595.1046,400.13068,1594.8685,477.80814,1.0,0.012332878
705.3362,1668.834,597.92694,1664.1404,1.0,0.00643277
1363.0768,1612.0146,1258.0778,1664.7485,1.0,0.11476667
281.0265,407.17126,285.1857,370.24832,1.0,0.043986324
1363.0768,1612.0146,1258.0778,1664.7485,1.0,0.11476667
454.96982,448.95508,454.90036,427.0867,1.0,0.07180923
454.96982,448.95508,454.90036,427.0867,1.0,0.07180923
705.6633,1783.0212,588.19666,1778.006,1.0,0.13486819
454.65903,1177.6274,391.01462,1152.9792,1.0,0.029813472
1740.9055,1315.6227,1660.2764,1402.5099,1.0,0.06168719
1740.9055,1315.6227,1660.2764,1402.5099,1.0,0.06168719
1740.8765,541.0624,1727.8536,630.8645,1.0,0.058234226
454.39096,1082.3063,399.06308,1057.9683,1.0,0.010753279
827.4705,1422.7925,741.11945,1429.6183,1.0,0.099762164
454.39096,1082.3063,399.06308,1057.9683,1.0,0.010753279
454.2714,499.31262,449.72272,477.21112,1.0,0.036224376
1595.5531,696.5824,1569.5099,773.0359,1.0,0.13602765
1595.5907,185.29117,1614.1968,263.7559,1.0,0.12929893
281.35138,901.77405,242.44987,863.00604,1.0,0.056404345
1362.7478,269.10272,1374.8274,326.99686,1.0,0.030371124
1595.8037,1152.0841,1530.0636,1226.9225,1.0,0.044927847
1596.0435,1711.3876,1481.5698,1784.0436,1.0,0.119242705
1596.0758,737.13544,1566.5565,813.60956,1.0,0.08024997
1242.1345,57.140526,1273.2008,105.336266,1.0,0.058165606
826.7511,307.45523,837.6026,318.52597,1.0,0.07464602
826.7511,307.45523,837.6026,318.52597,1.0,0.07464602
1740.0859,599.3812,1721.972,688.9549,1.0,0.033182476
706.39465,90.14892,736.5519,91.50628,1.0,0.046541788
826.6142,739.6847,799.7459,749.05585,1.0,0.04359295
826.6142,739.6847,799.7459,749.05585,1.0,0.04359295
706.69037,1384.739,623.9694,1381.1475,1.0,0.111540556
1596.154,1803.9265,1473.542,1876.2969,1.0,0.06658642
1596.1832,239.7362,1609.9471,318.06546,1.0,0.053737704
706.69037,1384.739,623.9694,1381.1475,1.0,0.111540556
1362.0485,1776.418,1242.8422,1828.519,1.0,0.08627746
281.9439,820.4805,250.03023,782.08215,1.0,0.05739671
281.9439,820.4805,250.03023,782.08215,1.0,0.05739671
282.0101,1787.8113,165.86842,1745.7758,1.0,0.031904757
1361.9648,196.07219,1380.4652,254.17735,1.0,0.059644215
452.8374,140.13014,479.81653,119.128845,1.0,0.22583601
1596.7119,249.22887,1609.6774,327.62393,1.0,0.043484326
1242.874,1792.2935,1122.663,1834.0002,1.0,0.027130384
282.21677,828.2976,249.67963,789.90894,1.0,0.013373003
282.21677,828.2976,249.67963,789.90894,1.0,0.013373003
1739.4231,1492.86,1643.4498,1578.9423,1.0,0.04021286
1242.9908,918.4061,1198.9447,963.4098,1.0,0.015083095
1361.9648,196.07219,1380.4652,254.17735,1.0,0.059644215
1361.771,1182.5447,1294.2701,1236.8711,1.0,0.045807444
1243.2142,1004.42755,1191.6791,1049.0975,1.0,0.042168535
826.1624,1563.9083,727.4282,1570.1521,1.0,0.014385276
1243.2142,1004.42755,1191.6791,1049.0975,1.0,0.042168535
707.0728,1799.1466,588.44824,1794.0122,1.0,0.17730865
707.0728,1799.1466,588.44824,1794.0122,1.0,0.17730865
826.0131,40.579884,860.07916,52.58587,1.0,0.02761414
1596.9503,429.0802,1594.1416,506.79422,1.0,0.056518685
707.0728,1799.1466,588.44824,1794.0122,1.0,0.17730865
707.0728,1799.1466,588.44824,1794.0122,1.0,0.17730865
282.63293,177.16257,306.87302,141.24278,1.0,0.06684712
1243.2391,597.6905,1227.2042,643.9099,1.0,0.07861214
825.8575,20.871971,861.69165,32.903103,1.0,0.08840825
452.08344,528.0625,445.07162,505.6108,1.0,0.024583552
451.41833,87.46742,482.8795,66.56146,1.0,0.12510039
1360.8359,491.44577,1353.5754,548.3234,1.0,0.045694303
283.08923,2030.9784,145.74962,1988.0636,1.0,0.04683129
707.95886,1669.451,600.48737,1664.9761,1.0,0.005418052
1360.8359,491.44577,1353.5754,548.3234,1.0,0.045694303
283.12695,726.25507,259.4842,688.3108,1.0,0.036121726
1360.8107,1656.3918,1252.0453,1708.8228,1.0,0.07320648
1598.1909,418.99658,1596.3146,496.84628,1.0,0.024893966
1738.4447,1918.4302,1605.3765,2002.8093,1.0,0.03244959
1598.1909,418.99658,1596.3146,496.84628,1.0,0.024893966
1598.271,295.44846,1607.5928,373.8128,1.0,0.43415192
450.19052,1945.6111,319.62692,1917.5953,1.0,0.026141293
1598.6025,1007.4571,1545.416,1083.1428,1.0,0.022866609
1738.1708,76.4496,1765.5531,167.8083,1.0,0.06315399
449.85547,1126.1285,390.73883,1101.3087,1.0,0.0842045
1360.3138,220.0533,1376.6498,277.90775,1.0,0.05285997
283.93442,492.98175,280.6112,456.03348,1.0,0.0054406943
449.84076,1335.2662,372.5383,1309.519,1.0,0.08232448
449.6322,1190.8394,384.83078,1165.6405,1.0,0.039137814
708.6659,1973.4133,574.7353,1967.8124,1.0,0.052409265
1599.0294,1439.3834,1508.2449,1513.3999,1.0,0.05722377
708.8576,1429.9248,622.23145,1426.4498,1.0,0.023747304
1359.405,1113.2275,1297.9729,1167.6034,1.0,0.06404702
1359.405,1113.2275,1297.9729,1167.6034,1.0,0.06404702
825.35895,1788.8237,707.03864,1794.091,1.0,0.03847617
1359.405,1113.2275,1297.9729,1167.6034,1.0,0.06404702
709.0947,1983.4602,574.23773,1977.8823,1.0,0.012481801
825.35895,1788.8237,707.03864,1794.091,1.0,0.03847617
448.52765,825.95123,415.6175,802.01746,1.0,0.08702359
284.5727,1121.1562,226.51639,1081.8655,1.0,0.022416444
825.3302,595.2739,811.0092,605.1007,1.0,0.025475288
825.2104,1644.35,719.4288,1650.1553,1.0,0.059340015
825.2104,1644.35,719.4288,1650.1553,1.0,0.059340015
825.2104,1644.35,719.4288,1650.1553,1.0,0.059340015
709.35785,1248.2123,638.5983,1245.3986,1.0,0.0663966
1359.0576,365.49106,1362.8147,422.69556,1.0,0.07101016
1359.0576,365.49106,1362.8147,422.69556,1.0,0.07101016
447.82413,46.977623,482.77103,26.029545,1.0,0.034490347
1737.26,1399.9922,1649.4276,1486.2247,1.0,0.08147203
1737.0969,1840.8484,1610.8768,1925.4639,1.0,0.11968893
447.78528,1193.8608,382.83188,1168.4711,1.0,0.09721493
447.78528,1193.8608,382.83188,1168.4711,1.0,0.09721493
447.63882,951.8967,403.71173,927.42334,1.0,0.047007147
285.34653,289.1339,299.73416,253.06392,1.0,0.04942001
447.63882,951.8967,403.71173,927.42334,1.0,0.047007147
1244.2797,1882.7064,1116.2065,1924.2083,1.0,0.05254769
709.8602,1332.3597,631.77026,1329.3335,1.0,0.01447563
1244.2797,1882.7064,1116.2065,1924.2083,1.0,0.05254769
1358.4495,998.5499,1307.0499,1053.272,1.0,0.09503705
447.2837,813.09375,415.46344,789.1206,1.0,0.04842951
1736.5017,1856.3171,1608.8851,1940.6854,1.0,0.109322466
1736.5017,1856.3171,1608.8851,1940.6854,1.0,0.109322466
447.19272,1879.0876,322.43637,1851.0657,1.0,0.024193512
1358.1842,232.6344,1373.5034,290.28232,1.0,0.046549793
1736.254,1324.8268,1654.7656,1410.6761,1.0,0.6256749
710.8954,2034.3384,571.68195,2028.7328,1.0,0.07623301
446.7502,1072.8494,392.3209,1047.8691,1.0,0.057208046
286.0932,156.63849,311.84903,121.08866,1.0,0.23271446
1244.5894,1132.8513,1181.8281,1177.1255,1.0,0.06626653
824.6378,1233.7449,754.7368,1241.0623,1.0,0.05850292
824.6378,1233.7449,754.7368,1241.0623,1.0,0.05850292
1244.8999,1855.6504,1119.2545,1897.232,1.0,0.10827884
1245.1206,786.28687,1212.529,831.966,1.0,0.05064741
1357.496,203.94962,1375.3143,261.66913,1.0,0.03996479
446.68222,1109.6359,388.9298,1084.5394,1.0,0.063794
1601.5966,915.3582,1556.4884,991.6282,1.0,0.04695238
711.0959,379.98648,716.00183,380.68045,1.0,0.016772678
1601.5966,915.3582,1556.4884,991.6282,1.0,0.04695238
1601.6821,285.1653,1611.4741,363.89615,1.0,0.047770686
446.44565,84.867676,478.10052,63.61221,1.0,0.036680974
824.2068,140.67667,849.62177,152.07335,1.0,0.12193762
1357.3746,1888.8745,1228.335,1940.143,1.0,0.040014677
1357.2572,162.10277,1378.7002,219.93852,1.0,0.023772096
287.13986,1563.8547,190.52237,1523.0972,1.0,0.05525219
1245.4315,1831.7463,1121.7822,1873.493,1.0,0.01870267
446.21863,199.06473,467.9233,177.36853,1.0,0.033249754
1245.4315,1831.7463,1121.7822,1873.493,1.0,0.01870267
1357.2572,162.10277,1378.7002,219.93852,1.0,0.023772096
1245.472,980.81506,1195.979,1025.7778,1.0,0.033818543
287.60208,131.78947,315.671,96.3497,1.0,0.19473384
287.60208,131.78947,315.671,96.3497,1.0,0.19473384
824.0163,1988.171,688.28125,1992.5618,1.0,0.054768126
824.0163,1988.171,688.28125,1992.5618,1.0,0.054768126
446.09076,277.51566,460.93842,255.50429,1.0,0.017290868
711.50464,63.815575,744.00146,65.66091,1.0,0.11093774
711.55554,349.94928,719.0676,350.7965,1.0,0.014465461
1602.3383,223.77301,1617.4424,302.70337,1.0,0.050661836
1602.6116,424.04083,1600.3638,502.26004,1.0,0.091014124
445.81873,847.1623,410.9879,822.9588,1.0,0.022802167
445.81873,847.1623,410.9879,822.9588,1.0,0.022802167
445.81873,847.1623,410.9879,822.9588,1.0,0.022802167
287.94537,1504.8152,196.43233,1464.3535,1.0,0.018475117
287.94537,1504.8152,196.43233,1464.3535,1.0,0.018475117
1356.2631,1617.1677,1250.9398,1669.3975,1.0,0.06347703
1356.2631,1617.1677,1250.9398,1669.3975,1.0,0.06347703
1356.1271,148.7651,1378.7406,206.85634,1.0,0.2865498
1246.134,1619.7543,1140.9227,1662.3811,1.0,0.01896495
823.61536,1826.1382,702.08673,1831.1625,1.0,0.04611415
1356.1271,148.7651,1378.7406,206.85634,1.0,0.2865498
445.42084,1170.6145,382.4524,1145.1216,1.0,0.049024418
823.5167,886.655,783.84216,895.3125,1.0,0.081708774
445.2036,1324.86,368.7069,1298.8313,1.0,0.06284755
1734.6827,685.6549,1709.035,774.4042,1.0,0.009971732
1734.6827,685.6549,1709.035,774.4042,1.0,0.009971732
1734.6151,322.32324,1740.6553,412.43512,1.0,0.024487214
1734.6151,322.32324,1740.6553,412.43512,1.0,0.024487214
1734.6151,322.32324,1740.6553,412.43512,1.0,0.024487214
445.2036,1324.86,368.7069,1298.8313,1.0,0.06284755
1246.134,1619.7543,1140.9227,1662.3811,1.0,0.01896495
1602.8958,1591.099,1498.8723,1664.9272,1.0,0.03005633
1602.8958,1591.099,1498.8723,1664.9272,1.0,0.03005633
712.10425,73.35255,743.7033,75.27697,1.0,0.041628577
1734.1141,1588.5662,1629.8514,1673.7958,1.0,0.08011952
1733.9708,340.32095,1738.5632,430.32684,1.0,0.13184865
1733.9229,1514.0939,1636.0249,1599.667,1.0,0.06800971
1603.182,436.13495,1599.8551,514.30774,1.0,0.096928746
444.66687,1886.5093,319.2421,1858.2231,1.0,0.05134058
1733.5739,965.46313,1683.5425,1053.0688,1.0,0.0143571505
823.1619,391.54407,826.8358,401.99054,1.0,0.21244882
1355.3545,1882.8629,1226.882,1934.0463,1.0,0.08054874
289.44104,1028.3906,239.45105,989.89307,1.0,0.025026144
712.5841,1054.5824,658.7533,1052.7926,1.0,0.09520835
822.4957,1351.4357,742.3074,1358.1785,1.0,0.024034603
1355.324,1531.3181,1257.4786,1583.8271,1.0,0.06536999
713.031,1426.6704,626.65704,1423.4591,1.0,0.11115414
713.08954,628.65283,696.23553,628.57996,1.0,0.06994312
713.08954,628.65283,696.23553,628.57996,1.0,0.06994312
1732.6873,572.6813,1716.8868,661.65314,1.0,0.04228023
822.1335,974.1886,774.9068,982.3079,1.0,0.08825042
1354.9612,395.97513,1356.018,452.70605,1.0,0.032450862
442.61218,1915.1735,314.7671,1886.6245,1.0,0.040578052
1604.5587,1324.6465,1523.7505,1399.5933,1.0,0.046176314
1604.7168,167.03342,1624.7706,246.4021,1.0,0.033256266
442.14914,977.0553,396.01276,952.0431,1.0,0.019047786
1604.7168,167.03342,1624.7706,246.4021,1.0,0.033256266
1604.7352,956.9659,1556.0015,1033.4047,1.0,0.07109419
713.5314,1918.332,584.4153,1913.411,1.0,0.07423905
1732.2876,1605.8474,1626.4452,1690.8273,1.0,0.066548474
713.5314,1918.332,584.4153,1913.411,1.0,0.07423905
441.54572,923.7861,400.1282,898.87476,1.0,0.07971362
441.54572,923.7861,400.1282,898.87476,1.0,0.07971362
441.5175,689.72235,420.481,665.7413,1.0,0.0398859
1247.1212,1831.2041,1123.5831,1873.1118,1.0,0.08791114
441.50604,214.5998,461.7785,192.44016,1.0,0.063568115
1247.1993,1167.488,1181.3959,1211.7855,1.0,0.13975851
1354.0568,383.80164,1356.1854,440.4862,1.0,0.047551293
1247.3524,395.23672,1248.9402,442.61362,1.0,0.062612906
290.98538,993.7426,243.90434,955.498,1.0,0.083094954
1353.8063,227.32521,1369.6569,284.6061,1.0,0.09802068
1605.3346,212.49089,1621.5118,291.84082,1.0,0.109169364
1605.3851,1064.8033,1547.1958,1140.8339,1.0,0.013886537
291.09485,1526.6305,197.64908,1486.3269,1.0,0.042355407
1731.7437,1316.1106,1651.1759,1402.2251,1.0,0.016562471
1731.7437,1316.1106,1651.1759,1402.2251,1.0,0.016562471
1605.9646,361.59808,1609.054,440.2801,1.0,0.08837373
1606.0089,215.67853,1621.8535,295.00375,1.0,0.03406724
1606.3041,1089.0447,1546.0272,1165.0604,1.0,0.036085356
1730.8325,1708.037,1616.0907,1792.5337,1.0,0.034445465
1730.8325,1708.037,1616.0907,1792.5337,1.0,0.034445465
1606.4773,70.39013,1634.9409,150.32054,1.0,0.010999248
1606.4841,1755.5841,1488.1295,1828.979,1.0,0.12565756
1730.7982,1936.5486,1596.1544,2020.1864,1.0,0.019822806
292.18845,1251.6444,222.61603,1212.4504,1.0,0.118503615
1730.7982,1936.5486,1596.1544,2020.1864,1.0,0.019822806
714.37555,1129.2388,653.999,1127.3496,1.0,0.05214846
292.41302,1184.166,228.8225,1145.3074,1.0,0.017897518
292.41302,1184.166,228.8225,1145.3074,1.0,0.017897518
1248.1133,54.979057,1279.5128,103.761925,1.0,0.22364463
1248.1133,54.979057,1279.5128,103.761925,1.0,0.22364463
714.39984,613.98016,698.91956,614.0786,1.0,0.031063776
714.39984,613.98016,698.91956,614.0786,1.0,0.031063776
1248.2014,1016.36115,1195.5781,1061.349,1.0,0.11035224
1248.2014,1016.36115,1195.5781,1061.349,1.0,0.11035224
714.39984,613.98016,698.91956,614.0786,1.0,0.031063776
1248.2827,1148.6504,1184.0856,1193.2008,1.0,0.07515983
439.91638,1946.559,309.33365,1917.6505,1.0,0.032108206
439.91638,1946.559,309.33365,1917.6505,1.0,0.032108206
714.4192,2016.5499,576.68,2011.3335,1.0,0.019598654
439.90405,1963.7721,307.82333,1934.8058,1.0,0.02971204
1248.5687,256.72418,1262.1666,304.79358,1.0,0.049349114
439.90405,1963.7721,307.82333,1934.8058,1.0,0.02971204
439.90405,1963.7721,307.82333,1934.8058,1.0,0.02971204
439.7499,1570.1139,341.9406,1542.5698,1.0,0.07420964
439.7499,1570.1139,341.9406,1542.5698,1.0,0.07420964
439.7499,1570.1139,341.9406,1542.5698,1.0,0.07420964
293.0763,1515.7971,200.45177,1475.7949,1.0,0.12693025
1352.9617,265.95337,1365.1886,323.33243,1.0,0.33843923
293.13095,1414.7404,209.45851,1375.0131,1.0,0.07395264
820.3779,234.40254,837.49963,245.15286,1.0,0.05874467
1352.6274,615.22876,1334.5665,670.9531,1.0,0.012850039
293.24265,305.74152,306.22226,270.32755,1.0,0.027101895
293.28134,1374.0732,213.2829,1334.5686,1.0,0.15690139
439.42834,1899.6917,312.98166,1870.7897,1.0,0.16677727
1352.5337,221.51212,1368.8304,278.69293,1.0,0.045636434
1729.8138,1304.0339,1650.1986,1390.0182,1.0,0.09869217
439.07205,180.16008,462.36383,157.88641,1.0,0.06421783
439.07205,180.16008,462.36383,157.88641,1.0,0.06421783
715.1551,1682.8021,606.2875,1679.1237,1.0,0.29590702
1607.5417,231.76839,1621.893,311.19205,1.0,0.055867843
1607.7433,427.29968,1605.1403,505.94864,1.0,0.04518931
438.5087,1838.9172,317.232,1810.8939,1.0,0.58115435
1607.7433,427.29968,1605.1403,505.94864,1.0,0.04518931
1607.8578,368.73755,1610.1595,447.557,1.0,0.18466006
1352.2867,184.07832,1371.8462,241.3801,1.0,0.04512678
715.45905,649.2887,696.8665,649.37604,1.0,0.024479968
438.15775,1333.7054,361.01038,1306.9845,1.0,0.041845597
293.84607,1620.8429,192.22748,1580.4493,1.0,0.047558736
1608.1853,93.90016,1634.6823,173.81448,1.0,0.10570803
1608.1853,93.90016,1634.6823,173.81448,1.0,0.10570803
1248.8508,1064.7322,1191.9331,1109.6143,1.0,0.12429623
1352.1912,1573.7982,1250.6622,1625.8256,1.0,0.06358469
715.6059,1447.3916,627.48425,1444.4248,1.0,0.03070772
715.6059,1447.3916,627.48425,1444.4248,1.0,0.03070772
294.0625,1881.307,169.78574,1839.8704,1.0,0.12270714
294.11465,1341.3356,216.80968,1302.0315,1.0,0.010992949
1729.2952,1593.043,1624.625,1677.8285,1.0,0.05828228
1608.6627,1691.314,1495.9192,1765.1185,1.0,0.15563965
716.09344,341.02945,724.4407,342.55875,1.0,0.24968229
294.2734,1277.637,222.50879,1238.5908,1.0,0.014418546
1351.9523,215.11423,1368.8074,272.45016,1.0,0.14958642
1728.8262,1566.4923,1626.3981,1651.4128,1.0,0.04865157
437.26022,1177.192,373.77945,1151.4543,1.0,0.45910805
437.15198,170.81232,461.31366,148.4306,1.0,0.011746305
437.15198,170.81232,461.31366,148.4306,1.0,0.011746305
1609.4214,739.04535,1579.63,816.72473,1.0,0.05085093
1351.526,261.02023,1364.359,317.95425,1.0,0.04354593
1609.4214,739.04535,1579.63,816.72473,1.0,0.05085093
294.73077,1877.9976,170.64577,1836.7474,1.0,0.03187745
1728.6753,183.54965,1746.8364,273.63818,1.0,0.056822263
1609.446,523.7447,1598.4152,602.2585,1.0,0.060907215
1351.263,305.09256,1360.2976,361.8291,1.0,0.06899089
1351.1509,1809.8129,1229.008,1860.8467,1.0,0.022429403
1728.4956,1675.9358,1616.5969,1760.3563,1.0,0.038161766
294.87756,1463.5985,207.00516,1423.8131,1.0,0.13047975
435.86014,61.282288,469.57144,39.20277,1.0,0.014229312
1609.7827,1944.2125,1475.0123,2017.2958,1.0,0.0849996
1350.9452,18.631805,1384.8995,76.416595,1.0,0.06413687
1249.5137,759.9595,1219.3431,806.1388,1.0,0.09971134
1350.8289,1704.8314,1237.8522,1756.1942,1.0,0.066656426
717.4683,1480.3076,626.48615,1477.3286,1.0,0.071294
1249.6663,1964.8937,1114.3696,2006.5277,1.0,0.020417878
1610.5072,455.66824,1605.3976,534.4406,1.0,0.038176257
1610.5072,455.66824,1605.3976,534.4406,1.0,0.038176257
434.6858,1757.6384,320.60562,1728.9958,1.0,0.04575541
819.4407,60.061447,851.98627,71.15434,1.0,0.32776526
434.6858,1757.6384,320.60562,1728.9958,1.0,0.04575541
434.6858,1757.6384,320.60562,1728.9958,1.0,0.04575541
1249.8441,1138.15,1186.5814,1182.948,1.0,0.036464714
434.0024,1352.3192,355.20084,1325.154,1.0,0.023412134
434.0024,1352.3192,355.20084,1325.154,1.0,0.023412134
1350.0668,1163.4178,1284.3298,1216.7568,1.0,0.11058149
295.9513,1593.6024,196.6471,1553.4923,1.0,0.018147057
295.9513,1593.6024,196.6471,1553.4923,1.0,0.018147057
818.93353,1594.3608,717.5184,1599.8347,1.0,0.061917692
1250.0789,139.18068,1273.8722,187.8432,1.0,0.07445494
296.01035,1299.6168,222.284,1260.6018,1.0,0.068209685
296.01035,1299.6168,222.284,1260.6018,1.0,0.068209685
1250.172,706.786,1224.5637,753.1736,1.0,0.06671109
1250.1824,1931.9307,1117.7683,1973.7168,1.0,0.002444456
433.55157,1299.806,359.41174,1272.8236,1.0,0.075805664
296.26117,1330.0646,219.97055,1290.9904,1.0,0.04131625
1727.1653,513.22833,1716.5955,601.95844,1.0,0.02980941
1611.2855,1549.8627,1510.807,1624.5664,1.0,0.015202043
718.13306,1507.0747,624.80945,1504.0967,1.0,0.040827226
1250.6681,989.2591,1200.382,1034.6779,1.0,0.027270902
296.57498,894.15155,258.255,856.75665,1.0,0.0262418
432.93262,465.88205,431.46066,441.98325,1.0,0.0699438
1348.7596,1219.6775,1278.1018,1272.7343,1.0,0.0648553
818.3162,123.76874,845.1302,134.88724,1.0,0.09144159
296.76443,1966.6349,164.93729,1925.1451,1.0,0.05010254
296.76443,1966.6349,164.93729,1925.1451,1.0,0.05010254
818.28143,1028.114,766.2986,1035.6823,1.0,0.022601476
1251.1559,1594.5659,1148.2501,1637.6836,1.0,0.117157295
432.44455,454.3035,431.98383,430.41077,1.0,0.067904904
432.44455,454.3035,431.98383,430.41077,1.0,0.067904904
432.43942,130.911,460.12662,108.24484,1.0,0.041514106
432.4384,1750.6617,318.9462,1721.8203,1.0,0.048420396
1348.5919,1231.6147,1276.8677,1284.604,1.0,0.04907773
718.70465,814.4287,685.6991,814.0792,1.0,0.06728644
1726.4851,1780.5685,1605.4281,1864.4358,1.0,0.021630915
1251.2787,1202.1934,1182.5153,1246.7804,1.0,0.09118685
817.6192,1996.0676,681.2616,1999.9073,1.0,0.003393906
297.5033,918.9596,256.99976,881.56104,1.0,0.008123239
297.5033,918.9596,256.99976,881.56104,1.0,0.008123239
1348.3364,358.0152,1353.0505,414.2104,1.0,0.35490462
1726.3046,712.86066,1698.3112,800.83594,1.0,0.055251114
1613.5695,375.1416,1615.4792,454.50958,1.0,0.02933387
1613.5695,375.1416,1615.4792,454.50958,1.0,0.02933387
1613.6743,1068.6675,1555.0687,1145.3488,1.0,0.08321382
1613.6803,924.00665,1567.6644,1001.31,1.0,0.062626354
1251.5366,1905.9647,1121.3911,1947.9484,1.0,0.023428597
719.4417,733.4256,693.59894,733.4316,1.0,0.12849814
431.30066,543.9395,423.0302,519.57275,1.0,0.08704431
719.4417,733.4256,693.59894,733.4316,1.0,0.12849814
1251.8782,220.82852,1268.5656,269.19724,1.0,0.07969271
1251.9637,1321.8141,1172.7672,1366.0826,1.0,0.051792923
1251.9637,1321.8141,1172.7672,1366.0826,1.0,0.051792923
1614.288,327.7473,1620.2795,407.33524,1.0,0.041853566
1347.104,1580.1895,1245.0236,1631.76,1.0,0.048484046
1614.5472,422.6528,1612.196,501.96216,1.0,0.09341829
1725.813,1837.8353,1599.819,1921.4298,1.0,0.031599473
720.4599,1267.8823,647.9753,1265.9751,1.0,0.06589177
720.4599,1267.8823,647.9753,1265.9751,1.0,0.06589177
720.658,1929.9728,590.34717,1925.579,1.0,0.08795334
816.88043,1206.4124,749.3851,1213.1145,1.0,0.089234084
1725.6108,1338.1467,1643.1212,1423.6669,1.0,0.04121297
1725.6108,1338.1467,1643.1212,1423.6669,1.0,0.04121297
1725.5178,1079.1105,1665.6058,1165.5265,1.0,0.04620857
1725.5178,1079.1105,1665.6058,1165.5265,1.0,0.04620857
1346.3132,723.8913,1318.8514,778.652,1.0,0.0328465
721.089,1093.1561,663.81635,1092.0392,1.0,0.03229129
721.2147,377.63483,726.27423,379.20172,1.0,0.03143127
1725.1884,476.38403,1717.746,565.05237,1.0,0.09581517
1615.7937,1783.9395,1494.8939,1858.0736,1.0,0.0810203
299.47855,1613.6592,198.44826,1573.7762,1.0,0.036077745
299.47855,1613.6592,198.44826,1573.7762,1.0,0.036077745
428.93292,1562.7361,331.78403,1534.291,1.0,0.069077805
428.88757,1450.1359,341.54236,1422.1655,1.0,0.046163574
1253.0604,436.52206,1251.0061,484.12463,1.0,0.13107873
721.65686,1475.5665,631.0126,1472.9983,1.0,0.030299515
721.65686,1475.5665,631.0126,1472.9983,1.0,0.030299515
1616.0336,159.02258,1636.8671,239.2927,1.0,0.1928341
1253.0604,436.52206,1251.0061,484.12463,1.0,0.13107873
721.65686,1475.5665,631.0126,1472.9983,1.0,0.030299515
1725.1069,1584.6677,1621.1887,1669.1432,1.0,0.046607845
1724.9296,1691.5543,1611.4556,1775.6238,1.0,0.20134813
1724.9296,1691.5543,1611.4556,1775.6238,1.0,0.20134813
428.46887,1182.1139,364.5346,1155.0972,1.0,0.03944053
721.71643,1249.031,650.8208,1247.3286,1.0,0.029769393
721.71643,1249.031,650.8208,1247.3286,1.0,0.029769393
1345.6007,1260.4618,1271.3949,1313.1399,1.0,0.055173755
1345.3845,1985.6304,1207.9457,2035.5305,1.0,0.028834445
1344.6814,39.91853,1376.8367,97.04198,1.0,0.10350349
815.8752,1855.1288,691.84656,1859.3416,1.0,0.043468345
1253.5468,305.72427,1263.1072,354.4432,1.0,0.5190789
428.09286,1233.5004,359.56702,1206.2762,1.0,0.11137871
1254.0793,1924.234,1122.3801,1966.368,1.0,0.06470072
428.09286,1233.5004,359.56702,1206.2762,1.0,0.11137871
1254.1471,1737.4374,1138.7034,1780.2964,1.0,0.038724773
1724.5676,373.3904,1726.2988,462.43256,1.0,0.11879069
1616.3357,1195.1632,1546.6434,1271.5486,1.0,0.1512499
427.86337,1434.144,341.98434,1406.1318,1.0,0.03271507
427.86337,1434.144,341.98434,1406.1318,1.0,0.03271507
427.86337,1434.144,341.98434,1406.1318,1.0,0.03271507
1616.4993,1213.5007,1545.4054,1289.8885,1.0,0.117119454
815.26294,1186.6279,749.39886,1193.3854,1.0,0.07265891
427.66925,537.6052,419.8924,512.96674,1.0,0.045875512
427.66925,537.6052,419.8924,512.96674,1.0,0.045875512
1254.6652,966.19446,1206.3447,1012.08124,1.0,0.06643194
1344.5413,1905.3368,1214.0969,1955.4595,1.0,0.017490594
1616.5261,538.1552,1604.249,617.1656,1.0,0.058479995
1344.3147,1373.2151,1260.3055,1425.3026,1.0,0.0759655
1616.5261,538.1552,1604.249,617.1656,1.0,0.058479995
722.87146,1924.6428,593.09607,1920.4655,1.0,0.0332112
300.97458,1236.0923,232.87668,1197.724,1.0,0.09502264
1616.5261,538.1552,1604.249,617.1656,1.0,0.058479995
722.97565,755.4805,695.0799,755.71735,1.0,0.079554826
814.5781,1605.4545,712.2977,1610.4998,1.0,0.029981187
814.5781,1605.4545,712.2977,1610.4998,1.0,0.029981187
722.97565,755.4805,695.0799,755.71735,1.0,0.079554826
1344.0098,1337.3223,1263.1085,1389.4799,1.0,0.08443402
1344.0098,1337.3223,1263.1085,1389.4799,1.0,0.08443402
1255.3903,134.3824,1279.543,183.49239,1.0,0.08323
1343.8785,1115.296,1282.2731,1168.2992,1.0,0.05717284
1723.7993,1240.7814,1649.794,1326.4531,1.0,0.03341807
1723.6648,315.056,1730.4479,404.3628,1.0,0.12986098
301.78598,1366.1743,222.32227,1327.4187,1.0,0.05050776
301.78598,1366.1743,222.32227,1327.4187,1.0,0.05050776
1723.4694,1657.1598,1613.2272,1741.2205,1.0,0.03440066
1723.4694,1657.1598,1613.2272,1741.2205,1.0,0.03440066
301.973,828.053,269.32068,791.40875,1.0,0.054481912
723.8487,341.46677,732.0587,343.397,1.0,0.035592288
1343.7007,211.85605,1360.9332,268.39145,1.0,0.104888596
426.38217,1532.8345,331.82794,1504.3285,1.0,0.05735282
1617.497,195.32892,1635.0968,275.63354,1.0,0.11919722
1255.745,1177.0668,1189.2043,1222.1382,1.0,0.12838762
1617.5964,233.54538,1631.8066,313.7103,1.0,0.10641731
426.02548,231.18663,444.87753,207.46425,1.0,0.17912547
1722.8448,671.99554,1698.3512,759.679,1.0,0.12845892
1722.8229,1794.1942,1600.3641,1878.221,1.0,0.5789516
813.56116,694.4104,790.68555,702.779,1.0,0.07598953
813.45795,1754.5739,698.21075,1758.9662,1.0,0.050087556
1617.8392,294.43646,1626.7698,374.47803,1.0,0.034821413
302.6673,995.56396,255.4385,958.375,1.0,0.051147096
302.6673,995.56396,255.4385,958.375,1.0,0.051147096
1343.3257,1598.4626,1239.6528,1649.5854,1.0,0.06087687
724.6515,688.56433,702.6764,689.25494,1.0,0.07873547
724.8521,879.0425,686.1911,879.02216,1.0,0.028933303
1343.0905,466.43167,1338.1078,521.92035,1.0,0.06695342
1721.7828,727.7329,1692.591,815.1607,1.0,0.079361856
1343.0535,537.6941,1331.8405,592.8375,1.0,0.059134595
725.0089,1518.2518,630.54004,1515.9097,1.0,0.12604952
1618.8232,427.26315,1616.2366,506.9326,1.0,0.09629948
425.17728,507.60587,420.03873,482.94055,1.0,0.03238197
425.17728,507.60587,420.03873,482.94055,1.0,0.03238197
725.0286,205.06593,745.1736,207.61124,1.0,0.070647
303.04498,1409.9855,219.74072,1371.1399,1.0,0.071758665
725.0286,205.06593,745.1736,207.61124,1.0,0.070647
424.9693,1908.4093,297.74127,1878.332,1.0,0.03105634
1257.3624,243.76205,1272.0055,292.47452,1.0,0.13208623
424.9693,1908.4093,297.74127,1878.332,1.0,0.03105634
1257.3624,243.76205,1272.0055,292.47452,1.0,0.13208623
1619.0074,156.28685,1639.8862,237.0806,1.0,0.12075734
1619.211,1631.3762,1511.6476,1706.4258,1.0,0.07575306
1619.211,1631.3762,1511.6476,1706.4258,1.0,0.07575306
303.8076,2038.5825,165.68503,1997.4817,1.0,0.012046212
303.8076,2038.5825,165.68503,1997.4817,1.0,0.012046212
1257.4663,1177.8427,1191.0098,1223.3297,1.0,0.3294716
424.3679,559.4882,414.7403,534.4973,1.0,0.03926131
1619.6387,345.22552,1624.7401,425.42944,1.0,0.65827394
424.21,1752.1165,310.72202,1722.5504,1.0,0.12344479
424.10757,1284.0043,351.255,1256.1388,1.0,0.13012695
424.10757,1284.0043,351.255,1256.1388,1.0,0.13012695
725.7432,73.90837,757.4605,77.06033,1.0,0.20077193
1342.1476,1801.9734,1220.7347,1852.2401,1.0,0.03990859
812.78925,1663.3556,705.4575,1668.0394,1.0,0.012819707
304.08304,1488.5309,213.90926,1449.5441,1.0,0.0032908437
304.12772,377.30728,310.89453,342.4993,1.0,0.105016805
1619.9504,345.38974,1624.7401,425.42944,1.0,0.33710018
726.46436,1809.0387,606.74133,1805.631,1.0,0.01951293
1720.3219,65.75729,1748.7924,155.5673,1.0,0.059877392
1720.3174,1742.7543,1602.7725,1825.7861,1.0,0.4812388
304.3694,1798.8254,187.12852,1758.675,1.0,0.026418852
812.71454,1711.2001,701.18616,1715.6621,1.0,0.039192792
1257.8525,47.951263,1289.6476,97.6387,1.0,0.07570304
1720.225,1891.2184,1589.5325,1974.1283,1.0,0.03581344
1620.2137,1595.8849,1515.7443,1671.133,1.0,0.094776414
423.1689,652.93835,405.38025,627.494,1.0,0.020676533
1258.2156,1877.447,1130.4349,1920.2454,1.0,0.13299571
423.13455,1776.7819,307.41116,1747.0164,1.0,0.06483083
304.76782,1513.8285,212.3826,1474.795,1.0,0.013975851
304.76782,1513.8285,212.3826,1474.795,1.0,0.013975851
812.41064,1266.9432,739.6355,1273.0416,1.0,0.06655172
1620.2137,1595.8849,1515.7443,1671.133,1.0,0.094776414
1720.0778,1528.0919,1621.1063,1612.366,1.0,0.036383096
1720.0349,1813.5864,1596.182,1896.635,1.0,0.14316605
1719.9927,1711.7972,1605.0663,1795.3356,1.0,0.09740454
812.41064,1266.9432,739.6355,1273.0416,1.0,0.06655172
812.4003,1773.6058,695.45667,1777.7095,1.0,0.13012868
1719.7286,1574.6414,1616.7441,1658.7235,1.0,0.07985349
1719.7286,1574.6414,1616.7441,1658.7235,1.0,0.07985349
423.03046,165.99178,447.72134,142.34157,1.0,0.08108851
423.01675,1948.5989,292.29733,1918.2096,1.0,0.020015089
1719.7286,1574.6414,1616.7441,1658.7235,1.0,0.07985349
1258.5343,232.3248,1274.2397,281.2914,1.0,0.02762918
1620.2725,1654.4407,1510.6879,1729.5063,1.0,0.06388057
1620.7227,870.5274,1579.4415,948.635,1.0,0.039896876
1341.1221,1219.735,1270.3984,1272.0895,1.0,0.075394206
1258.5707,1274.6035,1183.4349,1319.6243,1.0,0.022799715
1258.5707,1274.6035,1183.4349,1319.6243,1.0,0.022799715
811.6145,766.78375,782.42053,774.7643,1.0,0.016273625
1341.1221,1219.735,1270.3984,1272.0895,1.0,0.075394206
811.33203,1226.5824,742.0917,1232.8284,1.0,0.039115537
727.0543,1197.1239,660.71423,1196.1022,1.0,0.044351187
1621.2773,551.8337,1607.775,631.1301,1.0,0.09477227
1621.3038,1573.8165,1518.7317,1649.258,1.0,0.06928799
305.7723,1908.5544,178.97989,1868.051,1.0,0.06824255
1719.4567,605.2515,1700.5667,692.99036,1.0,0.31570274
1719.389,176.65,1738.2347,266.03784,1.0,0.07068725
1719.389,176.65,1738.2347,266.03784,1.0,0.07068725
1621.3038,1573.8165,1518.7317,1649.258,1.0,0.06928799
1621.3993,1110.4587,1559.2039,1187.6718,1.0,0.064864375
1340.8987,764.7253,1309.89,818.84143,1.0,0.030273683
306.13617,993.08954,259.17728,956.10266,1.0,0.077589996
306.13617,993.08954,259.17728,956.10266,1.0,0.077589996
1340.8987,764.7253,1309.89,818.84143,1.0,0.030273683
306.1678,1396.5577,224.0444,1358.0988,1.0,0.040459864
306.20554,870.9339,269.89597,834.4254,1.0,0.07296513
306.20554,870.9339,269.89597,834.4254,1.0,0.07296513
1621.6163,788.66956,1587.3586,867.26166,1.0,0.1082512
727.66345,541.63245,718.45374,543.16064,1.0,0.046589658
727.8366,1260.6875,655.8334,1259.4735,1.0,0.0825377
306.5227,306.25897,319.3499,271.99808,1.0,0.03593692
306.5227,306.25897,319.3499,271.99808,1.0,0.03593692
421.34558,455.87793,420.86212,431.08182,1.0,0.13810913
1259.2958,1139.0325,1195.9011,1184.633,1.0,0.04927439
1340.1088,1569.7087,1238.962,1620.7051,1.0,0.042536907
1622.0282,317.4486,1628.9409,397.77118,1.0,0.036307454
1622.0282,317.4486,1628.9409,397.77118,1.0,0.036307454
421.06808,1506.9567,329.01932,1478.2322,1.0,0.21952821
1259.2958,1139.0325,1195.9011,1184.633,1.0,0.04927439
421.06808,1506.9567,329.01932,1478.2322,1.0,0.21952821
1622.3745,280.74374,1632.4515,361.2272,1.0,0.024730086
1338.5297,902.22076,1295.5121,955.5541,1.0,0.07194502
420.54126,102.76928,450.71234,78.942894,1.0,0.26523823
1622.7284,75.24482,1650.7424,156.52328,1.0,0.050466888
1338.5297,902.22076,1295.5121,955.5541,1.0,0.07194502
729.1016,263.9441,744.0682,266.6461,1.0,0.03024044
1718.612,1186.7163,1649.3868,1272.1804,1.0,0.028744902
1718.612,1186.7163,1649.3868,1272.1804,1.0,0.028744902
1623.0046,426.89847,1620.3727,506.9028,1.0,0.03111165
1623.0826,753.92926,1591.9438,832.6991,1.0,0.02698313
1338.1715,1763.6608,1220.1414,1813.7434,1.0,0.056855418
420.08548,124.890526,448.33096,101.239174,1.0,0.035077106
1623.4315,1376.9442,1538.0061,1453.3883,1.0,0.043719582
810.6998,672.8048,789.82074,681.01544,1.0,0.14016694
810.56244,10.409938,847.28436,21.154354,1.0,0.038828053
419.72336,1341.9531,341.87057,1313.5603,1.0,0.047703113
1337.9928,1139.76,1274.298,1192.1705,1.0,0.04540392
810.4733,1881.9049,684.1294,1885.5587,1.0,0.0393074
1259.4799,148.07994,1282.5294,197.42172,1.0,0.051482603
1718.2576,1249.3884,1643.5812,1334.5466,1.0,0.039569616
1623.8507,1552.2908,1523.1193,1628.0029,1.0,0.088260464
1259.4799,148.07994,1282.5294,197.42172,1.0,0.051482603
1337.9928,1139.76,1274.298,1192.1705,1.0,0.04540392
810.2729,100.02082,839.5728,110.22078,1.0,0.4381804
307.59705,1059.3197,254.8239,1022.2077,1.0,0.06710605
307.59705,1059.3197,254.8239,1022.2077,1.0,0.06710605
1259.5632,448.1693,1256.4762,496.39642,1.0,0.05204142
1624.3286,1437.4249,1533.7369,1513.6174,1.0,0.17163971
419.04962,110.27773,448.5814,86.531334,1.0,0.032073453
810.04584,127.88732,836.632,138.16873,1.0,0.095484994
730.1763,1371.2634,648.5619,1369.8002,1.0,0.074556984
1717.5912,472.73846,1710.579,560.78564,1.0,0.029637707
730.22595,183.18169,752.27734,186.30083,1.0,0.07581107
1717.549,1063.9397,1658.9602,1149.7637,1.0,0.044203106
418.5468,1150.7368,357.4177,1122.9331,1.0,0.08896209
308.1187,267.70114,324.3423,233.65854,1.0,0.056017574
308.1187,267.70114,324.3423,233.65854,1.0,0.056017574
308.1187,267.70114,324.3423,233.65854,1.0,0.056017574
418.5468,1150.7368,357.4177,1122.9331,1.0,0.08896209
1337.7888,323.8859,1345.1299,379.38364,1.0,0.07335126
1717.2781,1720.814,1601.5502,1804.0806,1.0,0.07364412
1260.1342,816.13605,1224.9077,863.03394,1.0,0.020082328
1337.6343,70.453835,1367.1301,126.91499,1.0,0.03118777
1337.6343,70.453835,1367.1301,126.91499,1.0,0.03118777
809.4897,1365.1713,728.0849,1370.6638,1.0,0.07431516
809.0502,594.57745,794.94763,603.0828,1.0,0.109320164
809.0502,594.57745,794.94763,603.0828,1.0,0.109320164
730.97784,342.77338,739.0417,345.3444,1.0,0.010778928
730.97784,342.77338,739.0417,345.3444,1.0,0.010778928
1716.9656,305.94922,1724.587,394.6553,1.0,0.112186864
1716.9656,305.94922,1724.587,394.6553,1.0,0.112186864
1337.4099,148.10553,1360.151,204.25641,1.0,0.031850502
309.1675,1023.4218,259.54318,986.5901,1.0,0.06709496
1337.2904,1507.324,1241.5345,1558.2903,1.0,0.031350926
1337.0653,432.28442,1335.0626,487.34137,1.0,0.042307984
309.26956,1272.6791,237.99681,1234.9841,1.0,0.10691879
808.3366,1718.867,696.2349,1722.9352,1.0,0.06655276
1337.0653,432.28442,1335.0626,487.34137,1.0,0.042307984
417.15604,399.4554,421.441,374.46246,1.0,0.033361968
417.15604,399.4554,421.441,374.46246,1.0,0.033361968
731.5387,800.6764,699.66943,801.5138,1.0,0.055234626
309.36215,1040.5476,258.24643,1003.7297,1.0,0.031547323
309.36215,1040.5476,258.24643,1003.7297,1.0,0.031547323
731.5387,800.6764,699.66943,801.5138,1.0,0.055234626
807.7243,103.858826,836.35706,114.06719,1.0,0.047954448
1625.8479,1262.8833,1550.3506,1339.9613,1.0,0.0374899
731.8635,1321.2478,654.62317,1320.1896,1.0,0.021630915
1625.8904,1057.0768,1568.232,1134.9717,1.0,0.06975472
416.50137,1101.8527,359.6313,1074.0995,1.0,0.047225684
1625.8904,1057.0768,1568.232,1134.9717,1.0,0.06975472
732.09186,1205.0558,665.0556,1204.4688,1.0,0.059367474
416.30795,1209.5623,350.04202,1181.4375,1.0,0.025428468
416.3053,1500.299,324.75244,1471.1198,1.0,0.09936141
732.09186,1205.0558,665.0556,1204.4688,1.0,0.059367474
1261.668,982.94183,1211.937,1029.2719,1.0,0.07117882
1716.0734,1284.7991,1638.1777,1369.549,1.0,0.14960787
732.09186,1205.0558,665.0556,1204.4688,1.0,0.059367474
309.93964,955.88293,266.20044,919.3971,1.0,0.049672317
309.9506,1735.8607,198.18704,1696.4076,1.0,0.041125298
1626.1725,868.33014,1585.2363,946.88947,1.0,0.21652979
1626.1725,868.33014,1585.2363,946.88947,1.0,0.21652979
732.1722,2001.0074,595.69073,1997.3795,1.0,0.016195377
732.17426,354.75208,739.2051,357.42703,1.0,0.037986528
1626.1725,868.33014,1585.2363,946.88947,1.0,0.21652979
732.3341,203.1576,752.5563,206.2847,1.0,0.104236506
310.3248,1856.6503,188.09494,1816.7941,1.0,0.05128872
732.3341,203.1576,752.5563,206.2847,1.0,0.104236506
1336.2417,461.06387,1331.6453,515.9643,1.0,0.049958237
415.54636,660.0162,397.1136,633.9232,1.0,0.05284799
1626.8907,260.4085,1638.8423,341.1707,1.0,0.24730283
1336.2133,225.07428,1352.232,280.85526,1.0,0.0016286211
415.1036,1314.8198,339.74173,1286.123,1.0,0.104532056
415.1036,1314.8198,339.74173,1286.123,1.0,0.104532056
732.88837,1855.0486,609.074,1851.9927,1.0,0.08352224
310.83795,1102.4105,254.31973,1065.3772,1.0,0.11012908
414.91736,920.57404,373.85043,893.4143,1.0,0.025843326
1715.5585,1879.3568,1585.9868,1961.8624,1.0,0.052907307
1715.5063,1257.7375,1640.0408,1342.661,1.0,0.04153208
1715.4187,420.183,1713.0518,508.2197,1.0,0.07999399
1715.4187,420.183,1713.0518,508.2197,1.0,0.07999399
414.89777,1879.3656,290.27072,1848.6069,1.0,0.062263638
1262.7771,1126.669,1200.5164,1172.6006,1.0,0.026290499
1262.7771,1126.669,1200.5164,1172.6006,1.0,0.026290499
311.25476,339.3789,321.24527,305.37994,1.0,0.036230948
311.25476,339.3789,321.24527,305.37994,1.0,0.036230948
1335.0143,338.35147,1341.1779,393.50616,1.0,0.090111464
1335.0143,338.35147,1341.1779,393.50616,1.0,0.090111464
1335.0143,338.35147,1341.1779,393.50616,1.0,0.090111464
1263.1077,1914.8922,1132.1244,1957.8547,1.0,0.01523191
1627.7047,356.3743,1631.0985,437.03467,1.0,0.07609609
1714.2161,889.76373,1670.8904,975.92957,1.0,0.03897471
311.64267,1140.2269,251.82649,1103.0999,1.0,0.12986124
311.64267,1140.2269,251.82649,1103.0999,1.0,0.12986124
311.64267,1140.2269,251.82649,1103.0999,1.0,0.12986124
1627.9574,1647.6749,1518.7759,1723.5393,1.0,0.12441504
733.84094,491.03824,728.9882,493.29694,1.0,0.018847736
413.41544,898.66693,374.22513,871.4321,1.0,0.027117886
1263.3871,1388.9073,1178.2732,1433.9005,1.0,0.027203063
733.84094,491.03824,728.9882,493.29694,1.0,0.018847736
734.0302,1740.888,620.22705,1738.4011,1.0,0.014582804
413.1484,319.84137,424.4624,294.76492,1.0,0.061761584
413.1484,319.84137,424.4624,294.76492,1.0,0.061761584
312.0108,1960.6261,180.63155,1920.5422,1.0,0.032424726
312.08713,1313.8625,237.1619,1276.2031,1.0,0.06502757
734.0302,1740.888,620.22705,1738.4011,1.0,0.014582804
1628.5729,1038.9414,1572.5756,1117.0754,1.0,0.04169322
312.24344,1216.1912,245.7354,1178.9176,1.0,0.055442773
312.24344,1216.1912,245.7354,1178.9176,1.0,0.055442773
1628.5729,1038.9414,1572.5756,1117.0754,1.0,0.04169322
1628.7743,443.60742,1624.6686,524.0517,1.0,0.035572816
1713.4437,1640.4371,1604.653,1723.6924,1.0,0.023311276
734.19,1790.164,616.1369,1787.4963,1.0,0.04907925
1263.3871,1388.9073,1178.2732,1433.9005,1.0,0.027203063
1263.3871,1388.9073,1178.2732,1433.9005,1.0,0.027203063
312.4374,128.85208,340.66672,95.66167,1.0,0.129421
1713.2257,1352.6633,1629.5632,1436.8862,1.0,0.12805879
1334.3606,211.31024,1351.5762,266.97726,1.0,0.010191226
1333.4769,645.9698,1312.757,699.8861,1.0,0.06945286
412.0734,1356.5343,332.99228,1327.4641,1.0,0.0029907227
1712.9932,954.7642,1663.9777,1040.6254,1.0,0.020111617
1629.1835,1336.127,1547.2036,1413.3577,1.0,0.15317377
411.869,1019.66876,362.1484,991.8159,1.0,0.04678758
805.2379,1554.1788,707.46967,1558.5891,1.0,0.046595257
805.1907,861.96313,767.79236,869.0121,1.0,0.07532683
411.7027,820.63257,379.37372,793.548,1.0,0.046027683
411.7027,820.63257,379.37372,793.548,1.0,0.046027683
1333.1595,677.5089,1309.7789,731.3015,1.0,0.021509416
1333.091,574.1471,1318.729,628.2852,1.0,0.051369995
1333.091,574.1471,1318.729,628.2852,1.0,0.051369995
1332.9602,1349.1732,1251.0323,1400.3046,1.0,0.08797485
1332.9214,1262.1888,1258.5859,1313.5471,1.0,0.18926252
1263.7413,1016.84625,1211.085,1063.2609,1.0,0.06696155
1263.7413,1016.84625,1211.085,1063.2609,1.0,0.06696155
804.83624,335.35217,813.2823,344.36703,1.0,0.03644392
410.90585,1962.2139,279.0244,1930.7134,1.0,0.030580562
804.83624,335.35217,813.2823,344.36703,1.0,0.03644392
804.83624,335.35217,813.2823,344.36703,1.0,0.03644392
1712.2225,197.77664,1729.1599,286.3969,1.0,0.04525897
1264.0651,1100.7284,1204.0767,1146.89,1.0,0.036945987
410.64444,439.75592,411.46924,413.94168,1.0,0.10818
804.7312,1396.008,720.7358,1400.9913,1.0,0.025398253
410.63892,68.477425,443.79248,44.144062,1.0,0.05302761
804.7312,1396.008,720.7358,1400.9913,1.0,0.025398253
804.7312,1396.008,720.7358,1400.9913,1.0,0.025398253
1264.3267,139.27107,1288.057,189.11559,1.0,0.040112153
1630.5197,356.50797,1633.9679,437.6491,1.0,0.21141836
1630.5197,356.50797,1633.9679,437.6491,1.0,0.21141836
1630.7915,866.7094,1589.7687,945.6957,1.0,0.025752569
1332.3113,1652.9283,1223.9092,1702.9164,1.0,0.02066741
314.10892,359.98004,322.31067,326.14734,1.0,0.054240048
1264.6481,1110.0183,1203.7079,1156.2346,1.0,0.11111865
314.54697,1758.66,200.83647,1719.5562,1.0,0.044194136
1711.5382,712.14136,1683.7965,798.8127,1.0,0.123460405
1332.2584,248.0048,1346.329,303.31345,1.0,0.052536204
736.2759,72.55136,767.9754,76.58965,1.0,0.11002173
736.2759,72.55136,767.9754,76.58965,1.0,0.11002173
1264.763,1507.9181,1169.3931,1552.5464,1.0,0.15280381
804.43304,1642.4657,698.9422,1646.4596,1.0,0.04431976
804.43304,1642.4657,698.9422,1646.4596,1.0,0.04431976
1711.2651,346.29486,1715.3594,434.24878,1.0,0.08569228
314.89865,1516.1423,222.21454,1478.0092,1.0,0.06645454
1711.2651,346.29486,1715.3594,434.24878,1.0,0.08569228
1711.2379,1347.9624,1628.1951,1432.1378,1.0,0.23240523
1332.1595,1435.7544,1242.5652,1486.6515,1.0,0.13533613
804.20514,434.7323,803.98267,443.3789,1.0,0.03340281
1631.6644,206.36435,1648.2085,287.90598,1.0,0.06225784
736.4464,1455.8533,647.4689,1454.6439,1.0,0.033435903
1332.0469,304.26874,1341.3175,359.3015,1.0,0.16105962
1332.0469,304.26874,1341.3175,359.3015,1.0,0.16105962
1265.2671,131.55331,1289.6917,181.4848,1.0,0.02525846
1331.7506,345.64807,1337.2832,400.5604,1.0,0.020180866
315.31982,272.03674,331.1494,238.55577,1.0,0.10668851
1331.6937,1062.3658,1274.8145,1114.5144,1.0,0.07846339
1331.376,1832.4888,1207.3595,1881.6758,1.0,0.0685631
408.60724,1770.1511,293.52786,1739.1853,1.0,0.03976459
408.60724,1770.1511,293.52786,1739.1853,1.0,0.03976459
408.56512,238.41724,426.9323,213.26364,1.0,0.037214734
1710.2815,609.0767,1691.3859,695.9764,1.0,0.030808972
1331.2133,237.77504,1346.1794,293.0462,1.0,0.043049313
408.3108,885.6888,370.25836,858.06683,1.0,0.029821968
1331.2133,237.77504,1346.1794,293.0462,1.0,0.043049313
1710.0466,553.0467,1696.1062,640.0652,1.0,0.10618363
408.18,1331.444,331.36118,1302.3063,1.0,0.18560123
803.3459,728.93524,777.5199,736.2935,1.0,0.07440596
1331.0519,1304.9387,1253.0231,1356.0983,1.0,0.0783563
1331.0519,1304.9387,1253.0231,1356.0983,1.0,0.0783563
803.1785,32.610058,838.0969,42.679623,1.0,0.09829223
316.0781,722.38165,292.64282,687.3367,1.0,0.022643056
1330.7823,467.38068,1325.7148,521.76245,1.0,0.011814521
407.86584,158.65631,433.25897,133.7329,1.0,0.069575205
1709.8434,259.2186,1721.4893,347.34912,1.0,0.08666864
407.86584,158.65631,433.25897,133.7329,1.0,0.069575205
1709.6924,1559.5758,1607.9777,1642.9716,1.0,0.14357758
737.5502,1615.0607,634.72644,1613.2882,1.0,0.08923832
407.64328,533.31555,400.3307,506.9507,1.0,0.04107888
1330.6722,160.35304,1352.2203,216.23314,1.0,0.36236563
407.5019,952.34344,363.66034,924.3191,1.0,0.094064094
316.42184,1531.7659,222.4395,1493.6738,1.0,0.018911008
1266.2545,1044.7096,1211.1199,1091.3217,1.0,0.051688813
1266.2732,146.28668,1289.4915,196.2665,1.0,0.06687618
1330.6722,160.35304,1352.2203,216.23314,1.0,0.36236563
1330.4845,1094.022,1270.7406,1146.0343,1.0,0.063628145
1632.891,496.023,1624.2278,576.56604,1.0,0.08791447
1632.9568,1371.6074,1548.0017,1448.8025,1.0,0.118002094
1329.4744,423.99234,1328.3086,478.4047,1.0,0.12897827
1329.4744,423.99234,1328.3086,478.4047,1.0,0.12897827
1633.3027,1462.5403,1540.3284,1539.4805,1.0,0.02542171
317.03748,264.81668,333.3903,231.62552,1.0,0.08053915
317.03748,264.81668,333.3903,231.62552,1.0,0.08053915
406.2833,1542.06,311.08466,1511.8119,1.0,0.04236773
1709.269,1925.9218,1575.6101,2007.6819,1.0,0.064010024
406.0736,1262.3268,335.07535,1233.046,1.0,0.16046397
802.16626,87.41348,832.2108,97.133705,1.0,0.037963506
1634.5983,1641.8104,1526.0242,1718.1766,1.0,0.03420148
740.1757,429.56577,740.6441,432.58896,1.0,0.030288754
1708.7803,220.47217,1723.8136,308.69238,1.0,0.057464276
405.5137,928.08923,363.82608,900.03644,1.0,0.047719
1326.7928,1419.9086,1238.7302,1470.2548,1.0,0.06831762
1326.713,1108.9879,1265.731,1160.5061,1.0,0.06971508
1634.8258,382.07465,1636.0396,463.23727,1.0,0.04759631
404.97815,1949.8854,274.18222,1917.8613,1.0,0.083553985
404.8837,872.08453,368.10812,844.21155,1.0,0.056141894
1326.4404,101.379776,1353.3875,156.93086,1.0,0.18860114
1708.3013,726.0724,1679.35,812.2711,1.0,0.15195823
1708.3013,726.0724,1679.35,812.2711,1.0,0.15195823
404.6104,1350.2875,326.09854,1320.546,1.0,0.04516586
1326.2684,1571.2588,1225.0149,1621.0352,1.0,0.022462264
741.2399,1476.8234,650.4927,1475.839,1.0,0.15996903
404.46085,858.4432,368.85443,830.56354,1.0,0.051788654
1707.9811,218.71779,1723.168,306.89777,1.0,0.038544126
1707.8739,1849.3251,1580.9395,1931.3025,1.0,0.027662598
741.2399,1476.8234,650.4927,1475.839,1.0,0.15996903
1266.876,1039.2709,1212.3403,1085.9419,1.0,0.14752762
1325.8398,369.07135,1329.4966,423.37567,1.0,0.15069759
404.30875,1176.9552,341.06384,1148.0167,1.0,0.19711635
1635.7384,176.9495,1654.8444,258.98233,1.0,0.048017252
1267.2404,1002.06616,1215.7969,1048.9033,1.0,0.026286248
1325.8398,369.07135,1329.4966,423.37567,1.0,0.15069759
1635.8513,642.42615,1614.5524,722.68536,1.0,0.20282923
1325.7834,409.5989,1325.802,463.74377,1.0,0.04857993
741.9537,1038.2733,689.32806,1039.1389,1.0,0.040204566
1267.7385,1760.0005,1150.2244,1803.9464,1.0,0.029295094
741.9537,1038.2733,689.32806,1039.1389,1.0,0.040204566
1706.902,961.85974,1657.3357,1047.079,1.0,0.07605989
319.01578,349.47556,328.0631,316.13818,1.0,0.011237474
741.9537,1038.2733,689.32806,1039.1389,1.0,0.040204566
741.9537,1038.2733,689.32806,1039.1389,1.0,0.040204566
319.0512,513.92804,313.78732,479.95197,1.0,0.022787232
1706.711,1584.0071,1602.8004,1666.8468,1.0,0.10019764
402.96335,1469.1019,314.092,1438.8478,1.0,0.04191778
402.77658,910.8405,362.5598,882.6305,1.0,0.03169059
742.17,1206.3275,674.9824,1206.5562,1.0,0.06968282
319.19894,1577.4413,221.23016,1539.4059,1.0,0.031528484
319.19894,1577.4413,221.23016,1539.4059,1.0,0.031528484
1706.3455,1527.2777,1607.5087,1610.3018,1.0,0.076047555
402.56528,1331.2694,325.72546,1301.4172,1.0,0.049560696
1325.0873,286.52127,1335.7897,341.09387,1.0,0.004469445
402.4247,473.09372,400.403,446.51733,1.0,0.035296295
402.4247,473.09372,400.403,446.51733,1.0,0.035296295
1637.126,1302.8074,1558.0845,1380.7014,1.0,0.018892525
742.3711,1762.3436,626.65155,1760.3921,1.0,0.12552665
402.2803,898.2514,363.16635,870.02954,1.0,0.044616364
319.9653,1760.1136,206.10233,1721.3696,1.0,0.11701047
742.4306,837.63885,707.30237,839.36743,1.0,0.036399886
402.20306,1316.6893,326.666,1286.8646,1.0,0.055253506
1324.6774,225.16225,1340.6487,279.90668,1.0,0.08845648
320.09323,484.76147,317.4017,450.94955,1.0,0.07071533
1705.9689,408.7767,1704.6256,496.12573,1.0,0.07012401
320.18066,174.599,344.47845,141.96759,1.0,0.05166488
1324.6774,225.16225,1340.6487,279.90668,1.0,0.08845648
742.7205,53.58493,775.9363,58.172226,1.0,0.11860408
320.32877,1261.2865,249.92632,1224.5409,1.0,0.048728615
320.32877,1261.2865,249.92632,1224.5409,1.0,0.048728615
320.43652,1335.0562,243.56183,1298.0438,1.0,0.04090667
320.43652,1335.0562,243.56183,1298.0438,1.0,0.04090667
401.33145,727.24084,377.178,699.6186,1.0,0.03869606
401.1632,132.99545,428.81265,107.58521,1.0,0.06552375
401.1002,1116.7026,342.9716,1087.6307,1.0,0.042417854
1268.3835,1634.5413,1161.821,1678.973,1.0,0.07261491
1268.3835,1634.5413,1161.821,1678.973,1.0,0.07261491
1705.4265,184.19984,1723.6691,272.23593,1.0,0.10245097
743.03656,1700.48,632.85706,1698.9232,1.0,0.13678637
1268.3835,1634.5413,1161.821,1678.973,1.0,0.07261491
1705.4265,184.19984,1723.6691,272.23593,1.0,0.10245097
743.0958,1773.9846,626.42303,1772.1119,1.0,0.080456674
1639.1923,211.17757,1655.2909,293.3867,1.0,0.036743976
1323.5813,290.01273,1334.0247,344.41132,1.0,0.04903506
1268.6824,259.36508,1281.9736,309.08728,1.0,0.041237548
1704.9547,1308.5421,1625.1406,1392.2965,1.0,0.04005097
1704.9547,1308.5421,1625.1406,1392.2965,1.0,0.04005097
1323.4954,1643.3345,1216.0198,1692.5778,1.0,0.07379047
1323.39,1398.613,1237.2269,1448.827,1.0,0.053357434
399.66397,786.0281,370.415,758.0069,1.0,0.0715174
399.66397,786.0281,370.415,758.0069,1.0,0.0715174
1268.9255,460.59042,1264.5696,509.58948,1.0,0.10583887
1704.6552,1595.6532,1599.7904,1678.3325,1.0,0.027677678
1704.6552,1595.6532,1599.7904,1678.3325,1.0,0.027677678
1269.0522,995.9467,1218.1552,1042.9015,1.0,0.04062228
1269.1266,1003.2447,1217.5554,1050.1849,1.0,0.03857499
1269.299,1455.8506,1178.3447,1501.072,1.0,0.05973343
1269.299,1455.8506,1178.3447,1501.072,1.0,0.05973343
799.5558,671.39215,778.71075,678.6472,1.0,0.053561263
399.40112,1056.5668,346.52637,1027.4945,1.0,0.040653273
399.40112,1056.5668,346.52637,1027.4945,1.0,0.040653273
1640.1724,84.86275,1667.2312,167.62517,1.0,0.048297785
399.25488,1874.8948,275.04697,1842.7317,1.0,0.0032111686
323.0671,2013.3784,187.0753,1974.0315,1.0,0.020315638
323.0671,2013.3784,187.0753,1974.0315,1.0,0.020315638
399.12164,602.1819,385.8812,574.8384,1.0,0.04482574
323.11404,1102.8511,266.48242,1066.8086,1.0,0.18433651
1323.0337,335.92297,1329.4404,390.02985,1.0,0.10205436
398.79663,95.65658,429.7018,70.23752,1.0,0.041350204
1322.1301,463.5569,1317.4321,517.1528,1.0,0.05085119
1321.9812,251.89716,1335.7285,306.39523,1.0,0.06241184
1703.971,1888.629,1573.6254,1970.11,1.0,0.031247377
1641.0386,1107.9196,1578.9637,1186.9099,1.0,0.012023151
1321.9812,251.89716,1335.7285,306.39523,1.0,0.06241184
1641.0692,1651.4026,1531.6636,1728.3457,1.0,0.05307308
1641.0692,1651.4026,1531.6636,1728.3457,1.0,0.05307308
1703.6108,1186.8755,1634.4714,1270.9738,1.0,0.07873772
1703.6108,1186.8755,1634.4714,1270.9738,1.0,0.07873772
745.3774,336.57477,753.8213,340.48294,1.0,0.11540213
1641.0817,1660.3737,1530.8995,1737.2655,1.0,0.054048344
1321.75,192.66052,1340.7194,247.35667,1.0,0.089034796
1321.6489,243.01219,1336.2262,297.4241,1.0,0.07315175
1321.5884,1478.3167,1228.4329,1528.0597,1.0,0.0076046963
1270.1537,1726.314,1155.6237,1770.5697,1.0,0.06785638
1320.7037,1109.5483,1259.6992,1160.5696,1.0,0.04106283
396.91934,1490.5581,306.24475,1459.6272,1.0,0.0401545
1641.5078,774.88495,1608.4987,855.11487,1.0,0.084265746
323.75967,280.4845,338.76193,247.75209,1.0,0.071741655
323.75967,280.4845,338.76193,247.75209,1.0,0.071741655
1270.5735,149.7802,1293.459,200.08551,1.0,0.06767005
798.51196,416.1611,799.9481,424.29114,1.0,0.06391791
1702.907,944.2554,1654.8569,1029.2504,1.0,0.010359448
323.95068,198.38129,346.1353,165.9916,1.0,0.047760352
798.50397,1046.9686,744.93036,1052.7356,1.0,0.021230761
396.8642,1242.9413,327.77945,1212.971,1.0,0.035874605
396.8642,1242.9413,327.77945,1212.971,1.0,0.035874605
1271.2114,20.300423,1305.3213,71.158394,1.0,0.035515506
746.1837,1872.8296,620.8761,1870.8947,1.0,0.04454697
797.9999,717.1472,773.28033,724.12146,1.0,0.10371502
324.32803,1321.6482,248.5967,1285.1165,1.0,0.059968915
797.96857,69.98029,829.05774,78.48842,1.0,1.0714487
1702.5828,717.47687,1674.3842,803.26526,1.0,0.104531914
797.96857,69.98029,829.05774,78.48842,1.0,1.0714487
324.4428,1456.4834,237.04765,1419.4054,1.0,0.061443992
1271.3734,1078.0337,1213.3596,1124.8009,1.0,0.13056538
797.8976,702.1156,774.40936,709.1459,1.0,0.027259288
324.47778,1373.8118,244.31046,1337.0416,1.0,0.083313346
324.47778,1373.8118,244.31046,1337.0416,1.0,0.083313346
396.46387,1162.4762,334.40173,1132.8163,1.0,0.054052833
797.7824,1462.5132,708.0233,1466.6376,1.0,0.030074233
324.6834,1700.5765,215.96962,1662.5497,1.0,0.035260025
797.72406,1904.3204,669.4527,1906.7739,1.0,0.017333124
1702.0452,1369.7435,1616.9514,1452.991,1.0,0.07502956
797.72406,1904.3204,669.4527,1906.7739,1.0,0.017333124
395.93137,1257.6407,325.6394,1227.4899,1.0,0.11690398
746.55676,634.85944,729.1789,637.7279,1.0,0.08514848
1642.1647,1008.3297,1588.7388,1087.7755,1.0,0.023868727
797.72406,1904.3204,669.4527,1906.7739,1.0,0.017333124
1642.3268,466.30707,1636.131,547.79724,1.0,0.05650633
395.1526,1455.3053,307.57623,1424.3651,1.0,0.04977734
1319.6777,1621.241,1214.1039,1670.2145,1.0,0.05922373
1319.6777,1621.241,1214.1039,1670.2145,1.0,0.05922373
1642.685,1391.5394,1555.9214,1469.5504,1.0,0.062894054
1642.699,1413.2262,1553.9929,1491.2465,1.0,0.05021068
1271.4395,54.05614,1302.5883,104.731544,1.0,0.11144265
394.49536,200.14967,416.30844,173.92857,1.0,0.043229863
394.39816,458.568,393.48712,431.39212,1.0,0.1640872
394.39816,458.568,393.48712,431.39212,1.0,0.1640872
1642.9822,360.3862,1646.0502,442.35422,1.0,0.034585614
394.27505,716.6693,371.05313,688.49286,1.0,0.022928838
797.3398,1523.3157,702.25525,1527.1764,1.0,0.0134343915
325.36285,1922.7919,197.30864,1884.0117,1.0,0.04657031
325.36285,1922.7919,197.30864,1884.0117,1.0,0.04657031
394.27505,716.6693,371.05313,688.49286,1.0,0.022928838
394.27505,716.6693,371.05313,688.49286,1.0,0.022928838
325.47495,649.4339,308.4304,615.50275,1.0,0.07628157
797.1909,384.83563,801.38556,392.9848,1.0,0.065508015
394.27505,716.6693,371.05313,688.49286,1.0,0.022928838
1319.1393,194.57608,1337.8567,249.03757,1.0,0.059352305
1643.0215,1395.9646,1555.8375,1474.0422,1.0,0.020216554
325.604,341.626,335.38763,308.86337,1.0,0.07969521
1643.0215,1395.9646,1555.8375,1474.0422,1.0,0.020216554
1643.151,403.5625,1642.419,485.37622,1.0,0.046146948
325.66132,896.4949,287.0434,861.6149,1.0,0.046407044
325.66132,896.4949,287.0434,861.6149,1.0,0.046407044
325.66132,896.4949,287.0434,861.6149,1.0,0.046407044
1643.151,403.5625,1642.419,485.37622,1.0,0.046146948
1643.5221,626.069,1623.4327,707.08966,1.0,0.01953926
1643.5221,626.069,1623.4327,707.08966,1.0,0.01953926
796.9154,783.57477,766.3601,790.1438,1.0,0.096420966
325.6887,1722.7173,215.04865,1684.6938,1.0,0.039311487
325.69315,628.48694,310.46277,594.6027,1.0,0.08613222
747.1906,158.59023,771.26013,163.29097,1.0,0.01590408
1700.9897,292.35904,1709.823,379.646,1.0,0.07293423
1700.9897,292.35904,1709.823,379.646,1.0,0.07293423
1272.0958,1027.1902,1218.2942,1074.2252,1.0,0.18671739
889.42554,179.88623,911.095,196.89706,1.0,0.0123350015
889.42554,179.88623,911.095,196.89706,1.0,0.0123350015
560.1059,1420.8258,474.85815,1404.4543,1.0,0.04160934
1352.9688,1060.1553,1296.1542,1114.1222,1.0,0.095952705
248.51973,937.73315,206.64572,895.986,1.0,0.08235396
147.00249,2021.5126,11.010605,1966.7849,1.0,0.042189237
1148.3693,972.40643,1100.1184,1008.9011,1.0,0.16535713
1825.8967,1900.0996,1694.1184,1992.1488,1.0,0.06484427
33.729668,721.94324,11.450426,662.26227,1.0,0.07186016
33.729668,721.94324,11.450426,662.26227,1.0,0.07186016
1571.8877,1404.62,1484.1659,1476.4231,1.0,0.048474364
963.4612,993.5939,913.87695,1013.88324,1.0,0.087899104
1005.8969,75.90207,1036.1178,103.495964,1.0,0.06630429
492.88504,1195.8439,427.49738,1174.4553,1.0,0.027898893
1084.2632,960.4368,1037.1685,991.4566,1.0,0.019319916
584.11273,867.3744,547.0238,855.1524,1.0,0.013001491
1420.0645,851.3805,1381.1829,912.03955,1.0,0.045456074
408.56458,2026.6656,271.07916,1994.7601,1.0,0.02542583
638.7253,736.5923,612.8586,729.6088,1.0,0.049862284
921.7566,1405.8428,836.43176,1420.9169,1.0,0.090487726
408.56458,2026.6656,271.07916,1994.7601,1.0,0.02542583
921.7566,1405.8428,836.43176,1420.9169,1.0,0.090487726
584.11273,867.3744,547.0238,855.1524,1.0,0.013001491
1095.6102,167.63243,1117.5911,202.63823,1.0,0.04601825
1903.9336,155.53871,1923.9108,260.97714,1.0,0.10378511
537.8499,1711.327,427.3995,1691.9025,1.0,0.044077527
647.8556,1920.0682,518.8152,1909.3853,1.0,0.053308714
195.96707,455.8731,196.20049,411.45123,1.0,0.05662933
1993.5453,1700.2333,1878.4838,1807.6864,1.0,0.0107338615
661.87274,1726.5942,549.61847,1717.8336,1.0,0.06021532
661.87274,1726.5942,549.61847,1717.8336,1.0,0.06021532
1197.8923,1649.0829,1090.327,1687.35,1.0,0.0380877
923.78925,190.33058,944.45526,210.19958,1.0,0.10952931
353.9491,764.6211,326.7536,732.70105,1.0,0.08134137
160.10918,979.825,114.13669,930.063,1.0,0.70516205
353.9491,764.6211,326.7536,732.70105,1.0,0.08134137
185.15895,1632.8698,82.95568,1582.9553,1.0,0.09688946
884.83856,83.12292,914.9539,100.02803,1.0,0.074913345
1257.547,1923.4885,1125.8425,1965.8649,1.0,0.083964944
97.70989,891.8766,60.375683,837.1099,1.0,0.08282526
268.98962,281.4294,284.0515,243.90361,1.0,0.13049155
19.046467,539.58185,12.633424,479.4591,1.0,0.098828316
19.046467,539.58185,12.633424,479.4591,1.0,0.098828316
97.70989,891.8766,60.375683,837.1099,1.0,0.08282526
1439.0887,1765.699,1320.3944,1824.4218,1.0,0.1670954
1439.0887,1765.699,1320.3944,1824.4218,1.0,0.1670954
1757.1415,854.84326,1716.6565,944.9024,1.0,0.01707905
1757.1415,854.84326,1716.6565,944.9024,1.0,0.01707905
516.7686,1858.993,393.57916,1837.1154,1.0,0.081744514
1350.502,1257.2784,1276.5465,1310.3544,1.0,0.047714505
798.79913,97.19216,828.01544,106.689735,1.0,0.07063011
550.3073,1341.8514,472.03085,1324.8988,1.0,0.049917355
958.06415,968.8575,910.78296,988.7962,1.0,0.10101265
411.53235,311.78857,423.50388,286.66757,1.0,0.022295969
539.32965,1138.7197,478.73215,1121.596,1.0,0.03245349
958.06415,968.8575,910.78296,988.7962,1.0,0.10101265
205.83777,360.69223,214.357,317.4785,1.0,0.045838755
694.0973,698.30725,671.3447,696.2382,1.0,0.08893478
205.83777,360.69223,214.357,317.4785,1.0,0.045838755
1057.4757,1019.049,1005.3228,1047.6685,1.0,0.15829888
1743.8324,1801.1873,1621.1819,1886.6077,1.0,0.27334824
678.5587,1420.9697,592.8506,1414.8389,1.0,0.041137878
1212.2657,117.2061,1238.3397,162.53194,1.0,0.19250876
311.77686,878.5053,274.76715,842.487,1.0,0.03500627
1022.5864,850.30634,985.34766,876.33704,1.0,0.054586384
1976.3727,1845.9917,1848.6014,1951.3413,1.0,0.09852466
572.2761,38.370117,607.46014,28.224346,1.0,0.05586077
147.00249,2021.5126,11.010605,1966.7849,1.0,0.042189237
1160.0465,985.38513,1110.4791,1022.91223,1.0,0.010463391
1160.0465,985.38513,1110.4791,1022.91223,1.0,0.010463391
313.22495,727.49084,289.26038,692.1322,1.0,0.11003961
187.91566,1059.3074,135.44427,1011.68304,1.0,0.21196048
1014.7717,1997.4017,877.6034,2018.4054,1.0,0.06061894
1447.0503,913.37317,1402.6418,976.17645,1.0,0.02331575
725.26086,1226.1754,656.347,1224.8589,1.0,0.038972035
1859.9757,1486.8129,1764.0127,1583.4337,1.0,0.021665676
1859.9757,1486.8129,1764.0127,1583.4337,1.0,0.021665676
191.92368,776.54724,164.18933,730.4668,1.0,0.052527703
725.26086,1226.1754,656.347,1224.8589,1.0,0.038972035
1908.9124,1840.4451,1781.9281,1939.9487,1.0,0.055115387
1268.7015,249.54147,1282.7279,299.3771,1.0,0.12125525
1972.6053,363.85162,1974.0918,474.56387,1.0,0.015744822
1896.1691,1190.0089,1826.0482,1290.8662,1.0,0.10561904
1874.0856,1614.832,1767.0605,1712.0994,1.0,0.1643721
2027.2577,396.83594,2025.835,512.16846,1.0,0.15980925
1608.172,1074.5211,1549.1741,1150.7565,1.0,0.054430768
2027.2577,396.83594,2025.835,512.16846,1.0,0.15980925
774.9269,1989.777,639.32086,1989.8909,1.0,0.053433936
1452.906,129.16359,1476.8695,195.44075,1.0,0.04800191
1537.7998,58.0559,1567.615,132.03932,1.0,0.007264017
1351.5144,1892.8632,1222.1426,1943.6283,1.0,0.025310978
1703.9908,1598.5348,1598.681,1681.4774,1.0,0.40349835
1453.3397,655.0613,1431.4312,719.3425,1.0,0.07040505
334.4044,1529.778,240.46614,1493.2323,1.0,0.073439345
1901.5258,558.1472,1886.3539,661.8976,1.0,0.033337545
930.9849,925.99927,887.492,943.7107,1.0,0.09033172
1424.8046,467.18396,1419.3647,529.65137,1.0,0.113654494
1965.8698,1630.9012,1856.9734,1736.1407,1.0,0.068846464
1949.6984,301.2347,1956.7784,410.172,1.0,0.03995385
1359.3728,381.3827,1361.7107,438.534,1.0,0.060235493
1087.7596,1145.3595,1024.5443,1176.0736,1.0,0.0952006
1424.8046,467.18396,1419.3647,529.65137,1.0,0.113654494
1996.4075,859.5152,1954.6057,970.4141,1.0,0.014144363
1996.4075,859.5152,1954.6057,970.4141,1.0,0.014144363
283.96075,1511.6105,191.88567,1470.7378,1.0,0.05614226
283.96075,1511.6105,191.88567,1470.7378,1.0,0.05614226
1638.3456,1849.3344,1511.6053,1925.2174,1.0,0.06631845
485.4321,550.14185,476.3847,530.58417,1.0,0.057735417
384.02582,1702.2963,274.96298,1669.4337,1.0,0.054298654
1313.5656,1606.5635,1209.362,1655.0707,1.0,0.105051555
1992.694,136.8474,2013.9742,250.14964,1.0,0.0760434
679.9408,691.51984,657.80725,688.3255,1.0,0.0041179513
159.37311,345.5416,169.35551,298.28638,1.0,0.016845074
1026.6517,1335.3054,947.0963,1359.8274,1.0,0.053879112
117.12811,850.7472,83.213745,797.82355,1.0,0.08270014
1096.2476,1098.312,1037.0323,1129.8485,1.0,0.039584864
1120.0858,294.11127,1130.8813,330.8219,1.0,0.041828558
289.70163,1712.8068,180.00078,1671.7195,1.0,0.03743357
437.18195,900.2275,397.8129,875.0952,1.0,0.03728294
765.39734,1281.9309,691.4835,1283.8967,1.0,0.0426365
765.39734,1281.9309,691.4835,1283.8967,1.0,0.0426365
570.8747,1777.6525,454.54196,1760.8156,1.0,0.052766472
1569.1725,1197.4943,1499.6085,1269.8103,1.0,0.087259784
1569.1725,1197.4943,1499.6085,1269.8103,1.0,0.087259784
972.5835,176.43146,994.27484,200.6746,1.0,0.057371303
1254.418,1635.2295,1147.8304,1678.4231,1.0,0.09191757
240.08995,1652.5327,135.85794,1607.3578,1.0,0.015111594
1254.418,1635.2295,1147.8304,1678.4231,1.0,0.09191757
1354.4519,1465.1704,1262.2837,1517.8535,1.0,0.048809353
1254.4453,331.4632,1261.5101,379.5977,1.0,0.11377739
499.27994,322.55634,510.01343,304.98804,1.0,0.04238004
240.08995,1652.5327,135.85794,1607.3578,1.0,0.015111594
702.9913,1701.9985,592.7032,1696.9395,1.0,0.030177364
240.08995,1652.5327,135.85794,1607.3578,1.0,0.015111594
1433.448,1521.8209,1336.1031,1581.1267,1.0,0.02900294
1354.4519,1465.1704,1262.2837,1517.8535,1.0,0.048809353
1292.649,1612.7318,1187.9083,1659.3827,1.0,0.05412053
98.898476,868.5857,63.595814,813.96564,1.0,0.124928094
1488.621,1122.5171,1425.7914,1188.084,1.0,0.095338166
542.69055,865.57153,505.91852,849.7819,1.0,0.031153964
1500.9418,726.18317,1472.5676,794.4962,1.0,0.12368779
1500.9418,726.18317,1472.5676,794.4962,1.0,0.12368779
1998.9631,1874.2379,1868.7739,1981.5227,1.0,0.05162088
542.69055,865.57153,505.91852,849.7819,1.0,0.031153964
1392.3136,294.7194,1402.2665,355.09314,1.0,0.21984662
378.54007,172.6649,402.74387,145.21274,1.0,0.044610668
832.0868,1558.241,733.8816,1565.004,1.0,0.051346928
637.7543,673.5194,617.484,666.5389,1.0,0.22575405
1549.6464,1546.9181,1449.7006,1616.2499,1.0,0.057496153
723.2003,1619.7384,620.02936,1616.7684,1.0,0.034071397
842.81525,1606.3231,740.3234,1613.717,1.0,0.12701897
842.81525,1606.3231,740.3234,1613.717,1.0,0.12701897
472.71222,648.5733,455.0563,627.4422,1.0,0.0638841
505.06332,257.1717,521.5013,240.36041,1.0,0.06143385
65.92566,860.1798,31.436153,802.8177,1.0,0.016343217
594.36163,1077.5784,538.8843,1065.4309,1.0,0.031931598
1233.7914,1367.7236,1150.6161,1410.21,1.0,0.018950408
892.5986,1749.3522,777.50256,1760.6184,1.0,0.06812365
1297.9108,1434.095,1208.6963,1481.9443,1.0,0.010532766
386.32,540.8021,378.44998,512.56354,1.0,0.03131056
852.80493,964.5527,806.2884,975.3882,1.0,0.07521912
1202.1672,1956.0803,1067.5492,1993.2518,1.0,0.43862942
1460.1276,1438.63,1369.857,1500.5786,1.0,0.05083668
579.59955,407.1379,582.64246,396.20316,1.0,0.079229556
1338.1151,356.42004,1342.816,411.93634,1.0,0.15446731
1541.0525,1344.7788,1458.8032,1414.1846,1.0,0.10600343
401.94125,1101.3605,345.1065,1072.3458,1.0,0.04768467
401.94125,1101.3605,345.1065,1072.3458,1.0,0.04768467
1664.107,1399.3522,1576.4702,1479.225,1.0,0.06463159
1205.5304,962.3391,1157.8193,1003.76935,1.0,0.1567126
1205.5304,962.3391,1157.8193,1003.76935,1.0,0.1567126
943.111,712.9843,918.0905,732.60425,1.0,0.04304883
1263.7213,1548.6414,1164.694,1593.0677,1.0,0.03482621
